name,website,praesidia,category,lat,lon,city
1200 - talets rum,http://www.jannakreuter.com/,1,art_gallery,"59,325121","18,071992",Stockholm
2BK arkitekter,http://www.2bka.se/,,architectural_designer,"59,3174458","18,0631584",Stockholm
300kg konst,https://www.300kg.se/,,arts_and_crafts,"59,3346469","17,9424681",Stockholm
5emman,https://Ingen webbplats,1,community_services_non_profits,"59,29755","18,01771",Stockholm
A Typo Gallery,https://www.instagram.com/atypogallery/,,art_gallery,"59,3413255","18,0316649",Stockholm
A6sound,http://a6sound.se/,,music_production,"59,31015","18,08098",Stockholm
ABBA The Museum,https://www.abbathemuseum.com/en,,art_museum,"59,324918","18,0969661",Stockholm
ABBA The Museum Stockholm,https://abbathemuseum.com/,,museum,"59,316473","18,098838",Stockholm
Above Gallery,http://www.abovegallery.se/,,art_gallery,"59,3414311","18,0415254",Stockholm
Abstrakt Konst,http://www.abstraktkonst.com/,,art_gallery,"59,3365359","18,0308525",Stockholm
Accelerator,http://www.acceleratorsu.art/,,art_gallery,"59,3659902","18,0561006",Stockholm
Actors Studio Stockholm,http://www.actorsstudiostockholm.com/,,theatre,"59,3246469","18,0713471",Stockholm
Aderton Antikvariat,http://www.aderton.se,,bookstore,"59,3421686","18,0514473",Stockholm
Afrika Jazz Club,https://www.facebook.com/AfrikaJazzClub/,,jazz_and_blues,"59,3414558","18,059657",Stockholm
AG arkitekter,http://www.agarkitekter.se/,,architectural_designer,"59,3376478","18,0127796",Stockholm
Ahlgren Edblom Olsson Wiklander Arkitekter,http://www.aeow.se/,,architectural_designer,"59,316186","18,081187",Stockholm
Ahlqvist & Almqvist Arkitekter,http://www.ahlqvist-almqvist.se/,,architectural_designer,"59,31933","18,0698",Stockholm
Ahrbom Arkitektkontor,http://www.aop.se/,,architectural_designer,"59,322375","18,0740587",Stockholm
AIX Arkitekter,http://www.aix.se/,,architectural_designer,"59,3457997","18,037908",Stockholm
AJ Studio & Gallery,http://www.ajstudioandgallery.com/,,art_gallery,"59,3458449","18,0644268",Stockholm
Aktivitetshuset Tuben,https://Ingen webbplats,,community_services_non_profits,"59,2432039","18,0936191",Stockholm
Albert France-Lanord Architects,http://www.af-la.com/,,architectural_designer,"59,3433184","18,0619504",Stockholm
Alexander Bitar History,http://www.AlexanderBitarHistory.com/,,art_gallery,"59,3326395","18,0778063",Stockholm
Alhanko Academy of Ballet,https://alhankoballet.se/,,dance_school,"59,3384958","18,0831053",Stockholm
ALIS - Administration av Litterära rättigheter I Sverige,http://alis.org/,,community_services_non_profits,"59,3384862","18,0564976",Stockholm
All Things Live Sweden,https://allthingslive.se/,,theatrical_productions,"59,3437356","18,0697759",Stockholm
AllArtNow,http://www.allartnow.com/,,art_gallery,"59,3539224","18,0960898",Stockholm
Alma Arkitekter,http://www.almaarkitekter.se/,,architectural_designer,"59,320014","18,0550629",Stockholm
AloCubano Dance School,http://www.alocubano.se/,,dance_school,"59,34168","18,04929",Stockholm
Altersten Art Connection,http://www.alterstenart.com/,,art_gallery,"59,3074","18,07846",Stockholm
Alviks Kulturhus,http://www.alvikskulturhus.se/,,community_center,"59,3331675","17,978708",Stockholm
Alvikstorpet,https://alvikstorpet.se/,,arts_and_crafts,"59,332505","17,9769487",Stockholm
Andetag,http://andetag.museum/,,art_museum,"59,3355683","18,0641842",Stockholm
Andra Jazz,http://Andrajazz.se/,,music_and_dvd_store,"59,3440537","18,0358737",Stockholm
Andreas Martin-Löf Arkitekter,https://www.amlstudios.com/,,architectural_designer,"59,3269121","18,0416013",Stockholm
Andréhn-Schiptjenko,http://www.andrehn-schiptjenko.com/,,art_gallery,"59,3370256","18,0817068",Stockholm
Anna Bohman Gallery,https://www.annabohmangallery.com/,,art_gallery,"59,3429568","18,0686366",Stockholm
Anna Lindh Biblioteket,http://www.annalindhbiblioteket.se,,library,"59,3490972","18,069425",Stockholm
Anna Lindhagens museum,http://wp.stigbergetsborgarrum.se/,,museum,"59,31722","18,08708",Stockholm
Anna Schröder Kisel Keramik,http://www.kiselkeramik.se/,,arts_and_crafts,"59,3151703","18,0552101",Stockholm
Annexet,https://www.stockholmlive.com/vara-arenor/annexet,,music_venue,"59,2939797","18,0815209",Stockholm
Antikvariat August,http://www.antikvariataugust.se,,bookstore,"59,3384968","18,056637",Stockholm
Antikvariat GodBok,http://www.bokborsen.se/?storeid=4127,,bookstore,"59,2589366","18,0949298",Stockholm
Antikvariat Hundörat,http://www.hundorat.se/,,bookstore,"59,3153052","18,0759446",Stockholm
Antikvariat Morris,http://www.antikvariatmorris.com/,,bookstore,"59,3283829","18,0472435",Stockholm
Antikvariat Strix,https://Ingen webbplats,,bookstore,"59,3317266","18,0445881",Stockholm
Antikvariat Verklighetsflykt,https://Ingen webbplats,,bookstore,"59,3151935","18,0841443",Stockholm
Antonucci smycken,https://www.instagram.com/antonuccismycken/,,arts_and_crafts,"59,3176449","18,0575601",Stockholm
Apotekarsocieteten,https://apotekarsocieteten.museum/museisamlingar-och-bibliotek/,,museum,"59,336817","18,05545",Stockholm
Appell Arkitektkontor,http://www.appellarkitektkontor.se/,,architectural_designer,"59,316837","18,070932",Stockholm
APU Network,http://www.apunetwork.net/,,community_services_non_profits,"59,3270381","18,0427104",Stockholm
Arameiska-Syrianska Föreningen i Norsborg,http://www.sauf.nu/,,community_services_non_profits,"59,33233","18,06293",Stockholm
Arbetarnas Bildningsforbund,http://www.abf.se,,community_services_non_profits,"59,336032","18,061195",Stockholm
Archus,http://www.archus.se/,,architectural_designer,"59,331088","18,0658",Stockholm
Arcobaleno Musikskola-Music School,http://www.arcobaleno.se/,,community_services_non_profits,"59,3379501","18,0953546",Stockholm
Arenagruppen,http://www.arenagruppen.se/,,community_services_non_profits,"59,3365715","18,057921",Stockholm
Arenaslöjd,https://scenkonstportalen.riksteatern.se/produktion/14083,,circus,"59,31579","18,06742",Stockholm
Argo Arkitekter,http://www.argoarkitekter.se/,,architectural_designer,"59,318025","18,0702996",Stockholm
Ariels Skugga,https://magictheatrecompany.com/,,theatre,"59,32475","18,06931",Stockholm
ArkDes,http://www.arkdes.se/,,museum,"59,3258423","18,0848214",Stockholm
"Arkitekt Mats Åstedt, sar/msa",https://www.houzz.se/experter/arkitekter/mats-aastedt-arkitekt-sar-msa-pfvwse-pf~312468870,,architectural_designer,"59,293508","18,108361",Stockholm
Arkitekterna Krook & Tjäder,http://www.krook.tjader.se,,architectural_designer,"59,3488526","18,046124",Stockholm
Arkitekturfabriken,http://arkitekturfabriken.eu/,,architectural_designer,"59,3386248","18,0372692",Stockholm
Arkitekturmuseet,http://www.arkdes.se,,art_museum,"59,3258778","18,0845462",Stockholm
ARKIVIST Group,https://www.arkivist.se/,,architect,"59,31550689","18,0751187",Stockholm
Arkivist Group AB,http://www.arkivist.se/,,architectural_designer,"59,2978998","18,0756756",Stockholm
Armémuseum,http://www.armemuseum.se,,museum,"59,3341744","18,0800029",Stockholm
Armémuseum,https://armemuseum.se/,,museum,"59,334722","18,080278",Stockholm
Arranging Things,http://arrangingthings.se/,,arts_and_crafts,"59,3174073","18,0512269",Stockholm
Art & Form,http://www.artoform.se/,,art_gallery,"59,3389587","18,0787201",Stockholm
ART 3K,https://art3k.se/,,art_gallery,"59,32348","18,06926",Stockholm
Art Of Tibet,http://www.artoftibet.com/,,arts_and_crafts,"59,33258","18,06683",Stockholm
Art On Glass - Peter Ahlén,http://www.artonglass.se/,,architectural_designer,"59,33524","18,02747",Stockholm
Arts & Hearts,http://www.artsandhearts.se/,,community_services_non_profits,"59,3469462","18,0380779",Stockholm
Artsight Galleri Stockholm,https://galleriartsight.se/,,art_gallery,"59,3193756","18,0657346",Stockholm
Artten Gallery Stockholm,https://artten.se/,,art_gallery,"59,3332639","18,0804783",Stockholm
Arwidssonstiftelsen,http://arwidssonstiftelsen.se/,,community_services_non_profits,"59,33688","18,07481",Stockholm
Ascape,http://www.ascape.se/,,architectural_designer,"59,3184061","18,0635302",Stockholm
Askhagen Arkitektkontor,https://www.askhagen.se/,,architectural_designer,"59,3253888","18,0719522",Stockholm
Aspuddens Bibliotek,http://biblioteket.stockholm.se/bibliotek/aspuddens-bibliotek,,library,"59,3055213","18,0015274",Stockholm
Assitej Sverige,http://www.assitej.se/,,community_services_non_profits,"59,3290356","18,0500854",Stockholm
Astha,https://www.instagram.com/asthasatelje,,art_gallery,"59,2835298","18,083533",Stockholm
Astrid Lindgrens hem,https://www.astridlindgrenshem.se/,,museum,"59,3412","18,0466",Stockholm
AT-studio.se,http://At-studio.se/,,architectural_designer,"59,293758","17,9647299",Stockholm
Atelier för Per Söderberg arkitektstudio & No Early Birds möbelkollektion,http://www.noearlybirds.se/,,architectural_designer,"59,3415821","18,078853",Stockholm
Ateljé & Galleri Bollhustäppan,https://www.instagram.com/galleri_bollhustappan/,,art_gallery,"59,3254454","18,0723168",Stockholm
Ateljé 89,https://atelje89.se/,,art_gallery,"59,3378282","18,06718",Stockholm
Ateljé Avant,https://ateljeavant.se/,,art_gallery,"59,3306229","17,9477227",Stockholm
Ateljé Blå Kråkan,https://www.facebook.com/krakfotkeramik,,art_gallery,"59,36597","17,84756",Stockholm
Atelje Catellani AB,http://www.ateljecatellani.se/,,art_restoration,"59,3413437","18,0510803",Stockholm
Ateljé KB75,https://www.kb75.se/,,art_gallery,"59,3084771","18,0895186",Stockholm
Atelje Zedendahl,https://www.instagram.com/zedendahl/,,art_gallery,"59,3253885","18,073382",Stockholm
Ateljeforeningen Arsta Gamla Skola,https://www.ateljehusen.se/husen/ateljeforeningen-arsta-gamla-skola,,art_gallery,"59,3022543","18,0271528",Stockholm
Ateljégruppen Sofiamålarna,http://www.sofiamalarna.se/,,community_services_non_profits,"59,3085167","18,0929838",Stockholm
"Ateljén Själagårdsgatan 21, Gamla Stan",https://www.instagram.com/hagstromberghgamlastan/,,art_gallery,"59,3237532","18,073067",Stockholm
Atlant Arkitekter,https://www.atlantarkitekter.se/,,architect,"59,2725221","18,0569409",Stockholm
Atlantis Metronome,http://www.atlantisstudios.se/,,music_production,"59,3422591","18,033313",Stockholm
Avicii Experience,http://www.aviciiexperience.com/,,museum,"59,3329773","18,064248",Stockholm
Bacchi Syre,https://www.bacchisyre.se/,,community_center,"59,3223661","18,0731244",Stockholm
Backhans & Ed Arkitekter,https://www.backhansed.se/,,architectural_designer,"59,3155377","18,0750992",Stockholm
Bagarmossens Folkets Hus,http://www.bagisfh.se/,,community_center,"59,2768502","18,1330663",Stockholm
Bahá'í-förlaget,http://www.bahaiforlaget.se/,,bookstore,"59,378116","17,899847",Stockholm
Bajenkonst,http://www.bajenkonst.se/,,arts_and_entertainment,"59,312148","18,074092",Stockholm
Balett Fitness - Barre á terre,http://www.flamencocenter.se/,,dance_school,"59,33567","18,05177",Stockholm
Balettakademien,http://www.balettakademien.se/stockholm,,dance_school,"59,3431223","18,0638089",Stockholm
Balettcentrum Stockholm,http://balettcentrum.se/,,dance_school,"59,345034","18,0556132",Stockholm
Ballroom,http://www.berns.se,,dance_club,"59,3328431","18,0734239",Stockholm
Banan-Kompaniet,http://www.banan-kompaniet.se,,cultural_center,"59,3415323","18,1189888",Stockholm
Barnbolaget,http://barnbolaget.net/,,bookstore,"59,36232","17,8736",Stockholm
Barnens bokbuss,https://biblioteket.stockholm.se/bibliotek/barnens-bokbuss,,library,"59,34271","18,0531",Stockholm
Barnens Underjordiska Scen,http://www.underjordiska.com/,,theatre,"59,3123802","18,0747494",Stockholm
BAS Bandhagen,https://Ingen webbplats,,music_venue,"59,2701303","18,0487078",Stockholm
BASE23 - Stockholm Dance Academy,http://base23.se/,,dance_school,"59,3383847","18,0830527",Stockholm
BAU,http://www.bau.se/,,architectural_designer,"59,3456279","18,0373638",Stockholm
Belatchew,http://www.belatchew.com/,,architectural_designer,"59,3125624","18,0995812",Stockholm
Belenius,http://www.belenius.com/,,art_gallery,"59,3331906","18,0966047",Stockholm
BellevueFarm,http://www.bellevuefarm.se/,,community_services_non_profits,"59,3539786","18,0479971",Stockholm
Bellmanhuset,http://www.bellmanhuset.se/,,museum,"59,3187382","18,071697",Stockholm
Bellmanmuséet,http://www.storahenriksvik.se/bellmanmuseet,,museum,"59,3219492","18,0257129",Stockholm
Bengaliska moskén - Islamiska Kulturföreningen - বাংলাদেশ কেন্দ্রীয় মসজিদ,https://Ingen webbplats,,community_services_non_profits,"59,3141594","18,07831",Stockholm
Berg Gallery,http://www.berggallery.se/,,art_gallery,"59,3457824","18,0378805",Stockholm
Bergagalleriet,https://bergagalleriet.wordpress.com/,,art_gallery,"59,2984164","18,0153962",Stockholm
BergerBerger,http://www.bergerberger.se/,,art_museum,"59,309482","18,049616",Stockholm
Bergkrantz Arkitekter,http://www.bergkrantz.se/,,architectural_designer,"59,323761","18,073024",Stockholm
Berglund Arkitekter,http://berglundarkitekter.se/,,architect,"59,33604875","18,05648375",Stockholm
Bergmans Sthlm,http://www.bergmanssthlm.se/,,dance_club,"59,3338424","18,0763928",Stockholm
Bergrummet,https://www.varldskulturmuseerna.se/utstallningar/bergrummet,,history_museum,"59,326477","18,08116",Stockholm
Bernadottebiblioteket,https://www.kungligaslotten.se/english/articles-movies-360/the-royal-palace/2018-04-13-the-bernadotte-library.html,,library,"59,3276389","18,0726944",Stockholm
Berättarministeriet,https://www.linkedin.com/company/berättarministeriet/,,community_services_non_profits,"59,3413552","18,0543291",Stockholm
Berättarnas Torg,http://www.berattarnastorg.se/,,arts_and_entertainment,"59,32464","18,0713",Stockholm
Best before collective,https://bestbeforecollective.se/,,art_gallery,"59,3163067","18,034016",Stockholm
Bibblerian,https://biblioteket.stockholm.se/bibliotek/hasselby-gards-bibliotek,,library,"59,3676506","17,8438455",Stockholm
Biblioteket Sophiahemmet Högskola,https://www.shh.se/sv/bibliotek/hem/,,library,"59,3462154","18,07726",Stockholm
"Biblioteket, Fältöversten",https://biblioteket.stockholm.se/bibliotek/ostermalms-bibliotek,,library,"59,3402495","18,0913833",Stockholm
Bifrostorden Logen 8 Manheim,http://www.bifrostorden.se/,,community_services_non_profits,"59,331384","18,062671",Stockholm
Bildupphovsrätt i Sverige,http://www.bildupphovsratt.se/,,community_services_non_profits,"59,31616","18,0438377",Stockholm
Bio Aspen,http://bioaspen.se/,,cinema,"59,3058739","18,0066389",Stockholm
Bio Fågel Blå 1926,http://www.biofagelbla.se/,,cinema,"59,3377778","18,0861111",Stockholm
Bio Kaskad,http://www.biokaskad.se/,,cinema,"59,3475935","17,8830467",Stockholm
Bio Kontrast Årsta,http://arstafolketshus.org/?page_id=25,,cinema,"59,29763","18,05277",Stockholm
Bio Rio,http://biorio.se/,,cinema,"59,3152923","18,030562",Stockholm
Bio Rågsved,https://Ingen webbplats,,cinema,"59,2571987","18,0381602",Stockholm
Bio Skandia,https://bioskandia.se/,,cinema,"59,3355467","18,0598504",Stockholm
Bio Victor,https://Ingen webbplats,,cinema,"59,340073","18,103217",Stockholm
Biocafé Tellus,http://www.tellusbio.nu,,cinema,"59,3019435","18,0076555",Stockholm
Biograf Reflexen,http://www.reflexen.nu/,,cinema,"59,2840354","18,1138842",Stockholm
Biograf Sture,http://www.biosture.se,,cinema,"59,339062","18,0676301",Stockholm
Biografcentralen,http://www.biografcentralen.se/,,cinema,"59,3088894","18,0912345",Stockholm
Björkhagens Bibliotek,https://biblioteket.stockholm.se/bibliotek/bjorkhagens-bibliotek,,library,"59,290688","18,1163527",Stockholm
Björkholmen Gallery,http://www.bjorkholmengallery.com/,,art_gallery,"59,3288926","18,0639076",Stockholm
Blank Arkitekter,http://www.blankark.se/,,architectural_designer,"59,3451679","18,0556675",Stockholm
Blockmakarens hus,https://stadsmuseet.stockholm/historiska-rum/blockmakarens-hus-1917/,,museum,"59,3168541","18,0840114",Stockholm
Blomsterdalens Hyresgästförening,https://Ingen webbplats,,community_services_non_profits,"59,3075","18,02636",Stockholm
Blomsterfonden,http://www.blomsterfonden.se/,,community_services_non_profits,"59,3076368","18,0720082",Stockholm
Blue House Jazz Orchestra,http://www.konserthuset.se/,,theatre,"59,33493","18,06348",Stockholm
Blueheart Project,https://blueheart.center/,,community_services_non_profits,"59,25501","18,02537",Stockholm
Bluesjammet,https://www.facebook.com/bluesjammet/,,jazz_and_blues,"59,32531","18,06782",Stockholm
Blås & knåda,http://www.blasknada.com/,,art_gallery,"59,3196079","18,067461",Stockholm
Bokbok - barnbokhandel,http://www.bokbok.se/,,bookstore,"59,3130977","18,0771508",Stockholm
Bokförlaget Redaktionen,http://www.redaktionen.se/,,bookstore,"59,34434","18,044548",Stockholm
Bokförlaget Skosnöret,http://www.bokforlagetskosnoret.com/,,bookstore,"59,349688","18,056948",Stockholm
Bokhandeln INFo,http://kafe44.org/,,bookstore,"59,3159727","18,0828161",Stockholm
Bokhandeln Studio,https://Ingen webbplats,,bookstore,"59,3377712","18,0886711",Stockholm
Boklunden Karlavägen,http://www.boklunden.eu,,bookstore,"59,33992","18,07977",Stockholm
Bokslukaren,http://www.bokslukaren.com,,bookstore,"59,3185499","18,0619783",Stockholm
Bokspindeln,http://www.bokspindeln.se,,bookstore,"59,341246","18,043578",Stockholm
Bonniers Konsthall,http://www.bonnierskonsthall.se/,,art_museum,"59,3371968","18,0425551",Stockholm
Books4you,https://books4you.se/,,bookstore,"59,2785","17,89735",Stockholm
Boulevardteatern,https://boulevardteatern.se/,,theatre,"59,3123768","18,0798291",Stockholm
Brainpool,https://www.brainpoolsweden.com/,,community_services_non_profits,"59,346922","18,038094",Stockholm
Brazouka Stockholm,http://www.brazouka.com/,,dance_school,"59,3408585","18,0486698",Stockholm
Brilliant Minds Stockholm,http://brilliantminds.co/,,community_services_non_profits,"59,34002","18,06648",Stockholm
Bromma KFUM,https://linktr.ee/brommakfum,,community_services_non_profits,"59,3344161","17,9782791",Stockholm
Brommaplans Bibliotek,http://biblioteket.stockholm.se/bibliotek/brommaplans-bibliotek,,library,"59,3388245","17,9402969",Stockholm
Bromstens fritidsgård,http://www.stadsmissionen.se/Socialverksamhet/Barnochunga/Bromstens-fritidsgard/,,community_services_non_profits,"59,379724","17,915571",Stockholm
Brunnberg & Forshed Arkitektkontor AB,http://www.brunnbergoforshed.se/,,architectural_designer,"59,3340116","18,098063",Stockholm
Brut Natur - Curated Cabins,http://www.brutnatur.se/,,architectural_designer,"59,31409","18,08009",Stockholm
Bryggarsalen,https://www.brygghuset.se/,,music_venue,"59,3451712","18,04926889",Stockholm
BSK Arkitekter,http://www.bsk.se/,,architectural_designer,"59,315495","18,0751115",Stockholm
Butong Concrete Innovation,http://www.butong.eu/,,architectural_designer,"59,3448143","17,9574171",Stockholm
Bygdegårdarnas Riksförbund,http://www.bygdegardarna.se/,,community_services_non_profits,"59,335806","18,0234679",Stockholm
Byggfenomen,http://byggfenomen.se/,,architectural_designer,"59,3189216","18,0354448",Stockholm
Bysis Bok & Papper,http://www.bysisbok.se/,,bookstore,"59,3182498","18,0554385",Stockholm
Båthall 2,http://www.sjohistoriska.se/sv/Besok/Besok-oss/Galarvarvet/Bathall2,,history_museum,"59,3263259","18,0950202",Stockholm
Bååtska Rummet,https://Ingen webbplats,,museum,"59,324178","18,067621",Stockholm
Börje Gellborn Records,http://www.gellbornrecords.com,,music_and_dvd_store,"59,3461424","18,0531918",Stockholm
Café Opera,https://www.cafeopera.se,,dance_club,"59,3301362","18,0711999",Stockholm
Calle Flygare Teaterskola,http://www.calleflygare.se/,,theatre,"59,335923","18,0531658",Stockholm
Candyland,http://www.candyland.se/,,art_gallery,"59,3104955","18,0832637",Stockholm
CAP Gallery,http://capgallery.se/,,art_gallery,"59,3158731","18,0823689",Stockholm
Capitol Stockholm,http://www.capitolbio.se/,,cinema,"59,3403538","18,0373306",Stockholm
Capoeira Guanabara STHLM,https://capoeiraguanabara.se/,,dance_school,"59,3288423","18,0143543",Stockholm
Capoeiraklubb Senzala IF,https://www.capoeirastockholm.se/,,community_services_non_profits,"59,3128545","18,0796156",Stockholm
Caporales San Simón - Estocolmo,http://www.sansimonsthlm.com/,,community_services_non_profits,"59,31544","18,08668",Stockholm
Carl Eldhs Ateljémuseum,http://www.eldhsatelje.se/,,art_museum,"59,3529016","18,0516099",Stockholm
Carlson Arkitekter,http://www.carlsonark.com/,,architectural_designer,"59,334573","18,0856542",Stockholm
Carlstedt Arkitekter AB,http://www.carlstedtark.se/,,architectural_designer,"59,3208258","18,0539353",Stockholm
CARP ART,http://carp.se/,,arts_and_entertainment,"59,3044434","18,1020101",Stockholm
Castor Konsthantverk,http://castorhantverk.com/,,arts_and_crafts,"59,3245316","18,0740122",Stockholm
ccap,http://www.ccap.se/,,arts_and_entertainment,"59,3492257","18,0626517",Stockholm
Cecilia Haupt Konstbyrå,http://www.ceciliahaupt.com/hauptbyran,,art_gallery,"59,31123","18,05386",Stockholm
Cecilia Hillström Gallery,http://chgallery.se/,,art_gallery,"59,3457857","18,037905",Stockholm
Cecis Hantverk,http://www.cecishantverk.se/,,dance_club,"59,3009543","18,0023195",Stockholm
Cedervall Shapes,http://cedervallshop.wpengine.com/?fbclid=IwAR1leCqfALRvm0-9Vn2qxYbtBe_AAKnHaDVn0qksYmBmxHEZiIg8mDX9ZKE,,architectural_designer,"59,3144212","18,0533789",Stockholm
Centralantikvariatet,http://www.centralantikvariatet.se/,,bookstore,"59,3228589","18,0735265",Stockholm
Centrum för dramatik,http://www.centrumfordramatik.se/,,community_services_non_profits,"59,3386431","18,0566272",Stockholm
CFF – Centrum för fotografi,http://www.centrumforfotografi.se/,,art_gallery,"59,3091469","18,0801492",Stockholm
Cfhill,http://www.cfhill.com/,,art_gallery,"59,3308503","18,0698501",Stockholm
Charlie’s Art Prints,http://charliesartprints.com/,,arts_and_crafts,"59,3278081","18,0355685",Stockholm
Charlotte Du Rietz Rare Books,http://www.durietzbooks.com/,,bookstore,"59,3410492","18,08424",Stockholm
Chicago swing dance studio,http://www.chicago75.se/,,dance_school,"59,3173955","18,0517201",Stockholm
China Cultural Center in Stockholm,http://www.cccstockholm.org/,,cultural_center,"59,331238","18,070463",Stockholm
China Teatern,http://www.chinateatern.se/,,theatre,"59,3324522","18,0735073",Stockholm
Christian Halleröd,https://Ingen webbplats,,art_gallery,"59,3163587","18,0668629",Stockholm
Cineast,http://www.cineastentertainment.com/,,cinema,"59,342701","18,065288",Stockholm
Cinema Stadshagen,https://Ingen webbplats,,cinema,"59,33809","18,014271",Stockholm
Cinemateket,http://cinemateket.se/,,cinema,"59,340093","18,10318",Stockholm
Cino4,http://www.tekniskamuseet.se/Cino4,,cinema,"59,332369","18,118916",Stockholm
Cirkelteatern,https://www.facebook.com/cirkelteatern,,theatre,"59,31601","18,00957",Stockholm
Cirkus Normal,https://cirkusnormal.nu/,,circus,"59,3308472","18,0347738",Stockholm
Cirkuscentrum,http://www.manegen.org/,,community_services_non_profits,"59,31626","18,04359",Stockholm
Claesson Koivisto Rune Architects,http://claessonkoivistorune.se/,,architectural_designer,"59,3104217","18,0784105",Stockholm
Claire Parsons Co,http://www.claireparsons.com/,,arts_and_entertainment,"59,32832","18,05009",Stockholm
ClaySpace Stockholm,https://www.clayspacestockholm.com/,,arts_and_entertainment,"59,3345328","18,0012368",Stockholm
"Club Berns, Stockholm",https://Ingen webbplats,,dance_club,"59,3323965","18,0740216",Stockholm
Club Hot-Cha,http://www.chicago75.se/,,jazz_and_blues,"59,31744","18,052",Stockholm
Club KINO,http://www.clubkino.se/,,dance_club,"59,3396155","18,062914",Stockholm
Club Noize,https://Ingen webbplats,,community_services_non_profits,"59,29921","18,01766",Stockholm
Club Soul,http://www.clubsoul.net/,,dance_club,"59,33329","18,055864",Stockholm
Club Tiger Stockholm,https://Ingen webbplats,,dance_club,"59,332375","18,05023",Stockholm
Codesign Sweden,http://www.codesign.se,,architectural_designer,"59,33834","18,06122",Stockholm
Comics Heaven,http://www.comicsheaven.se/,,bookstore,"59,32434","18,0691263",Stockholm
Cornelia Sojdelius Gallery,http://www.corneliasojdeliusgallery.com/,,art_gallery,"59,3386582","18,0763142",Stockholm
Cosmonova,http://www.nrm.se,,cinema,"59,3686846","18,0544913",Stockholm
Craft and stuff studio,https://www.instagram.com/craftandstuffstudio/,,arts_and_crafts,"59,314059","17,9913578",Stockholm
Crazy Nights - Rock Club,http://www.harrybjames.se/,,dance_club,"59,333045","18,06772",Stockholm
Crazy people with a smile,https://Ingen webbplats,,community_services_non_profits,"59,2651228","18,0284453",Stockholm
Creative Call: Atlanta x Stockholm,http://creativecall.org/,,community_services_non_profits,"59,397847","17,89697",Stockholm
Creative Studio Aslan,https://instagram.com/creativestudioaslan,,art_gallery,"59,3592691","18,0899374",Stockholm
CuratorLab at Konstfack University,http://curatorlab.se/,,art_school,"59,2995736","17,9928803",Stockholm
Cyklopen,http://www.cyklopen.se/,,arts_and_entertainment,"59,259175","18,040922",Stockholm
DAC digital art center,http://www.digitalartcenter.se/,,art_gallery,"59,396368","17,948932",Stockholm
Dance Factory Farsta,http://www.dancefactory.se/,,dance_school,"59,2420707","18,0905066",Stockholm
Dance Republic,https://www.facebook.com/DanceRepublicSweden,,dance_school,"59,33704","18,05956",Stockholm
Dance Scottish - RSCDS Stockholm branch,https://rscds-stockholm.se/,,dance_school,"59,35561","18,09932",Stockholm
Daniel Fagerberg Arkitekter,https://strombro.se/,,architectural_designer,"59,316758","18,06783",Stockholm
Dans Practica Föreningen,https://Ingen webbplats,,community_services_non_profits,"59,32464","18,0713",Stockholm
Danscentrum Stockholm,http://www.danscentrumstockholm.se/,,dance_school,"59,3364853","18,0565851",Stockholm
Danscentrum Stockholm,http://www.danscentrum.se,,dance_school,"59,336529","18,081355",Stockholm
Dansens Hus,http://www.dansenshus.se/,,theatre,"59,33573","18,08798",Stockholm
Danshuset,https://www.danshuset.se,,dance_school,"59,3390164","17,9404912",Stockholm
Danshuset Enskede,https://www.danshuset.se,,dance_school,"59,2891687","18,0540919",Stockholm
Danshuset Stockholm AB,http://danshuset.se/,,dance_school,"59,3329485","18,0293865",Stockholm
Dansklotet,http://www.dansenshus.se/,,dance_school,"59,3367227","18,0560463",Stockholm
Dansklubben Nyckeln,https://www.dknyckeln.se/,,dance_school,"59,33322","17,97904",Stockholm
Danzarín,http://www.danzarin.dance/,,dance_club,"59,3416484","18,0494137",Stockholm
Dap Stockholm,http://www.dapstockholm.se,,architectural_designer,"59,338753","18,068023",Stockholm
Darkroom Konsthall,https://darkroom.one/utstallningar/utstallningar_2025/,,art_gallery,"59,3819273","17,7957579",Stockholm
Debaser,https://www.debaserpontonen.se/,,dance_club,"59,31449765","18,03228872",Stockholm
Deckarbokhandeln i Gamla Stan,http://www.deckarbokhandel.se/,,bookstore,"59,32535","18,06938",Stockholm
Demokratipiloterna Dynamo Stockholm,http://www.demokratipiloterna.se/,,community_services_non_profits,"59,3118467","18,0810821",Stockholm
Department,http://www.departmentfestival.com/,,arts_and_entertainment,"59,2931971","18,07796",Stockholm
Designstudio Sandra Praun,http://sandrapraun.se/,,graphic_designer,"59,3325005","18,0157204",Stockholm
Detail Group,http://www.detailgroup.se/,,architectural_designer,"59,31038","18,0670778",Stockholm
Detroit Stockholm,https://detroitstockholm.info/,,art_gallery,"59,3471411","18,0590942",Stockholm
"DIK - facket för kultur,  kommunikation och kreativ sektor",http://www.dik.se,,community_services_non_profits,"59,3132495","18,0809734",Stockholm
Dina&mina böcker,http://www.dinaochmina.se/,,bookstore,"59,319906","18,06173",Stockholm
Dinelljohansson,http://www.dinelljohansson.se/,,architectural_designer,"59,3367632","18,0613662",Stockholm
Dockteatern Tittut,https://dockteaterntittut.se/,,theatre,"59,3184616","18,0476492",Stockholm
Doos Architects,http://www.doos.se/,,architectural_designer,"59,3294902","18,0460715",Stockholm
Dramalabbet,http://www.dramalabbet.com/,,theatre,"59,25897","18,09545",Stockholm
Dramaten Lilla scenen,http://www.dramaten.se,,theatre,"59,333724","18,077766",Stockholm
Drejeri guldfasanen,http://drejeri.com/,,arts_and_entertainment,"59,3318944","18,0173581",Stockholm
Drottning Silvias Konsertsal,https://drottningsilviaskonsertsal.se/,,music_venue,"59,345921","18,0484213",Stockholm
DubbelSpexet,http://www.dubbelspexet.com/,,community_services_non_profits,"59,3474","18,07287",Stockholm
DUKiS,https://www.sdur.se/,,community_services_non_profits,"59,3348601","18,0560879",Stockholm
Durango Recording,http://www.durangorecording.com/,,music_production,"59,30151","18,09035",Stockholm
Dyktankhuset,https://www.sdhf.se/sdhf/,,museum,"59,3270636","18,0932574",Stockholm
Ed. art,http://www.ed-art.se/,,art_gallery,"59,3152567","18,0612639",Stockholm
Edition Björlund AB,http://www.bjorlund.com/,,media_agency,"59,3381805","18,0930195",Stockholm
Eesti Kultuuri Koondis,http://www.kultuurikoondis.se/,,community_services_non_profits,"59,336361","18,05398",Stockholm
EGO Nattklubb,https://www.egonattklubb.com/,,dance_club,"59,3185772","18,0591228",Stockholm
Ekonomiska museet,http://www.ekonomiskamuseet.se/,,museum,"59,334678","18,0909301",Stockholm
Elektronmusikstudion EMS Stockholm,http://www.elektronmusikstudion.se,,music_production,"59,3209077","18,0538197",Stockholm
ElinderSten,http://www.elindersten.se/,,architectural_designer,"59,3352353","18,0643748",Stockholm
Emanuelskonst,http://emanuelskonst.se/,,arts_and_entertainment,"59,312019","18,0737056",Stockholm
Empire Music Production,http://www.empiremusic.se/,,music_production,"59,31667","18,04309",Stockholm
En Annan Bokhandel: Kärlek till böcker,http://www.enannan.se,,bookstore,"59,27472","17,9079",Stockholm
Enflo Arkitekter ab,http://www.enflo.se/,,architectural_designer,"59,336073","18,025404",Stockholm
Enskede Bibliotek,http://biblioteket.stockholm.se/bibliotek/enskede-bibliotek,,library,"59,2855707","18,0940247",Stockholm
Enskedespelet,http://www.enskedespelet.se/,,arts_and_entertainment,"59,2823293","18,0848268",Stockholm
Equator Stockholm,http://www.equator.se/,,architectural_designer,"59,335253","18,0642045",Stockholm
Equmenia Hässelby,https://equmeniahasselby.se/,,community_services_non_profits,"59,3775805","17,8210107",Stockholm
Eric Ericson International Choral Centre,https://www.ericsonchoralcentre.se/,,music_venue,"59,326376","18,082492",Stockholm
Erik Nordenhake,http://www.eriknordenhake.com/,,art_gallery,"59,3443834","18,0736897",Stockholm
Ersta museum,https://www.erstadiakoni.se/verksamheter/bo-och-motas/museum/om-ersta-museum/,,museum,"59,3168393","18,0898647",Stockholm
Esencial AB,http://www.esencial.se/,,architectural_designer,"59,3178611","18,0687137",Stockholm
Etage1,http://www.etage1.se/,,fashion,"59,3139816","18,0569701",Stockholm
ETC Libris,http://libris.etc.se/,,bookstore,"59,31611","18,0659199",Stockholm
Etnografiska Museet,https://www.etnografiskamuseet.se/,,museum,"59,3325227","18,120268",Stockholm
Ettelva Arkitekter /,http://www.ettelva.se/,,architectural_designer,"59,3149429","18,0551756",Stockholm
Evenew Arena,https://www.evenewarena.com/,,music_venue,"59,3608976","18,064638",Stockholm
Evgenia.se  Art Studio,http://www.evgenia.se/,,dance_club,"59,339313","18,0502279",Stockholm
Exit Games,https://Ingen webbplats,,arcade,"59,308703","18,0792675",Stockholm
Exit Games Stockholm,https://www.exitgames.se/,,arts_and_entertainment,"59,3238126","18,0737905",Stockholm
F12 Terrassen,https://f12sthlm.se/,,dance_club,"59,3285643","18,0641943",Stockholm
Fackförbundet Scen & Film,http://www.scenochfilm.se/,,community_services_non_profits,"59,3283675","18,0500867",Stockholm
Fade,http://www.fade.se/,,music_and_dvd_store,"59,3121411","18,0791568",Stockholm
"Fagel Bla, Stockholm",https://biofagelbla.se/,,theatre,"59,337812","18,086231",Stockholm
Fanfaren film i Farsta,http://fanfaren.wordpress.com/,,cinema,"59,242534","18,089647",Stockholm
Farhang.nu,http://www.farhang.nu/,,community_services_non_profits,"59,3224837","18,0654273",Stockholm
Farigh Ghaderi Art Studio,http://www.fgartstudio.com/,,art_school,"59,25367","18,07836",Stockholm
Farmor Studio,http://www.farmorstudio.se/,,music_production,"59,3462236","18,0391314",Stockholm
Farsta Bibliotek,https://biblioteket.stockholm.se/bibliotek/farsta-bibliotek,,library,"59,2425438","18,0900096",Stockholm
Farsta Bokhandels,https://Ingen webbplats,,bookstore,"59,242172","18,093995",Stockholm
Farsta Hembygdsförening,https://Ingen webbplats,,community_services_non_profits,"59,243366","18,096419",Stockholm
Fasching,http://www.fasching.se/,,jazz_and_blues,"59,333426","18,0557404",Stockholm
Ferdosi,http://www.ferdosi.com/,,bookstore,"59,338723","18,056458",Stockholm
FFAR Forum för arkitektur,http://www.ffar.se/,,architectural_designer,"59,3088186","18,0813641",Stockholm
Fiberspace,http://fiberspace.se/,,art_gallery,"59,3112068","18,0805174",Stockholm
Filadelfia Convention Center,http://www.filadelfiaconventioncenter.se/,,music_venue,"59,339556","18,0343475",Stockholm
Film & TV-avdelningen,https://linktr.ee/filmochtvavdelningen,,community_services_non_profits,"59,32829","18,05059",Stockholm
Filmcentrum,https://Ingen webbplats,,cinema,"59,32445","18,06888",Stockholm
FilmCentrum Riks,https://www.filmcentrum.com/,,community_services_non_profits,"59,32559","18,0747738",Stockholm
Filmform,http://www.filmform.com/,,community_services_non_profits,"59,3369516","18,0258008",Stockholm
Filmhuset,http://www.filmarkivet.se/,,cinema,"59,3399476","18,1030583",Stockholm
Filminstitutets bibliotek,http://www.filminstitutet.se/biblioteket,,library,"59,339971","18,10371",Stockholm
Finlandsinstitutets bibliotek / Suomen Tukholman-instituutin kirjasto,https://finlandsinstitutet.se/biblioteket/,,library,"59,3380922","18,0683041",Stockholm
Finngrundet och andra museumfartyg,https://www.sjohistoriska.se/besok/fartygspir,,museum,"59,3286","18,08985",Stockholm
Fiolskola,http://fiolskola.se/,,arts_and_entertainment,"59,3480395","18,0660281",Stockholm
FKC-Alvik,http://www.fkcalvik.se/,,cultural_center,"59,33322","17,97904",Stockholm
Flamenco Center,http://www.flamencocenter.se/,,dance_school,"59,335595","18,051907",Stockholm
Flamenco Center Stockholm,http://www.flamencocenter.se/,,dance_school,"59,3478627","18,0637888",Stockholm
Focus Film,http://www.focusfilm.se/,,arts_and_entertainment,"59,340321","18,0390658",Stockholm
FOCUS Stockholm,https://focus-after-hours.confetti.events/,,dance_club,"59,33165","18,05348",Stockholm
FOLK i Skärholmen,http://www.folkiskarholmen.se/,,community_services_non_profits,"59,2759657","17,9042885",Stockholm
Folkdansgillet Kedjan,http://www.fdgkedjan.se/,,community_services_non_profits,"59,2819","18,12022",Stockholm
Folkdansringen Stockholm,http://www.folkdansringen-stockholm.se/,,community_services_non_profits,"59,3196983","17,9899006",Stockholm
Folkets Bio,http://www.folketsbio.se/,,community_services_non_profits,"59,3157123","18,0316562",Stockholm
Folkets Hus Konferens Center,https://Ingen webbplats,,community_center,"59,3361525","18,0561984",Stockholm
Folkets Hus och Parker,http://www.folketshusochparker.se/,,community_services_non_profits,"59,3174169","18,0633732",Stockholm
Folkets Hus Rinkeby,http://www.rinkebyfolketshus.com,,community_center,"59,388749","17,926923",Stockholm
Folkhögskolorna,http://www.sverigesfolkhogskolor.se/,,community_services_non_profits,"59,3130349","18,0675745",Stockholm
Folkkulturcentrum,http://www.folkkulturcentrum.se,,community_services_non_profits,"59,3556331","18,099414",Stockholm
Folkoperan,http://www.folkoperan.se,,opera_and_ballet,"59,3184635","18,0582933",Stockholm
Folkrörelsernas Konstfrämjande,http://www.konstframjandet.se/,,community_services_non_profits,"59,3174438","18,0633815",Stockholm
Formmuseets Vänner,http://www.formmuseum.se/,,community_services_non_profits,"59,315809","18,061552",Stockholm
Forslunds Arkitekter,http://f-a.se/,,architectural_designer,"59,3297868","18,0402812",Stockholm
Fotografiska Stockholm,https://stockholm.fotografiska.com/,,art_museum,"59,31799","18,08465",Stockholm
Fotografiska Stockholm,https://stockholm.fotografiska.com/,,museum,"59,3177861","18,0847222",Stockholm
Fotoklubben Stockholmsbild,https://www.stockholmsbild.se/,,community_services_non_profits,"59,3406293","18,0552727",Stockholm
Fox in a Box Stockholm,http://www.foxinabox.se/,,arts_and_entertainment,"59,3341478","18,0649216",Stockholm
Framtidsmuseet,https://framtidsmuseet.com/,,museum,"59,3354001","18,0336285",Stockholm
Free Flow Sthlm,https://www.noden.org/membership,,dance_club,"59,34297","18,11638",Stockholm
Fritidsgården Duvnäsgatan,http://www.stockholm.se/,,community_services_non_profits,"59,3136222","18,0944421",Stockholm
Fruängens bibliotek,http://biblioteket.stockholm.se/bibliotek/fruangens-bibliotek,,library,"59,28563","17,96559",Stockholm
Fryshuset Skapa Min Värld Sthlm,http://skapaminvarld.fryshuset.se/,,community_services_non_profits,"59,2791346","17,9059422",Stockholm
Fräulein Frauke Presents - Burlesque clubN,https://www.nalen.com/konsert/2025/fraulein-frauke-presents-under-the-sea/,,dance_club,"59,337117","18,067744",Stockholm
Future Threads Project,http://futurethreadsproject.com/,,community_services_non_profits,"59,337084","18,077313",Stockholm
Fylkingen,http://www.fylkingen.se/,,music_venue,"59,2954941","17,9405569",Stockholm
Fållan,http://fallan.nu/,,music_venue,"59,29294","18,0777927",Stockholm
Färgfabriken,http://www.fargfabriken.se/,,art_gallery,"59,3150503","18,0196934",Stockholm
Föreningen Jamaicansk Kultur,https://instagram.com/jamaicanskakulturforeningen?igshid=YmMyMTA2M2Y%3D,,community_services_non_profits,"59,3828902","17,8967742",Stockholm
Föreningen Skandiaorgeln,https://www.skandiaorgeln.com/,,arts_and_entertainment,"59,3501621","18,0681248",Stockholm
Författarcentrum Öst,https://forfattarcentrum.se/,,community_services_non_profits,"59,3360844","18,059371",Stockholm
Författares Bokmaskin,http://www.bokmaskinen.se/,,arts_and_entertainment,"59,3298798","18,0298595",Stockholm
Författarnas Gästhem - The International Writers' House,http://www.writershouse.se/,,community_services_non_profits,"59,33656","18,05949",Stockholm
Förnuftig Arkitektur AB,http://fornuftig.nu/,,architectural_designer,"59,3276009","18,0120345",Stockholm
Gabrielas Balett & Dansskola,https://gabrielasbalett.se/,,dance_school,"59,3625867","17,8709373",Stockholm
Gala Art Center,http://www.galaartcenter.org/,,art_gallery,"59,34786","18,05952",Stockholm
Galerie Alex Wiberg,http://www.wiberg.com/,,art_gallery,"59,3375184","18,0812089",Stockholm
Galerie Bel'Art - Stockholm,http://www.belart.se/,,art_gallery,"59,3331678","18,0966182",Stockholm
Galerie Forsblom,http://www.galerieforsblom.com,,art_gallery,"59,3444026","18,0654748",Stockholm
Galerie Storm,http://www.galeriestorm.com/,,art_gallery,"59,3409162","18,0673246",Stockholm
Galleri Abante,http://abantegallery.se/,,art_gallery,"59,3192361","18,0646402",Stockholm
Galleri Andersson Sandstrom,https://www.gsa.se,,art_gallery,"59,345872","18,0379968",Stockholm
Galleri Anigo,http://www.anigo.se/,,arts_and_entertainment,"59,3197035","18,0676427",Stockholm
Galleri B:fors,http://bfors.se.sitebuilder.loopia.com/,,art_gallery,"59,3381747","18,0885867",Stockholm
Galleri Bellman,http://www.galleribellman.se/,,art_gallery,"59,3194969","18,0651848",Stockholm
Galleri ClaesMoser,https://www.konstantik.se/handlare/galleri-claes-moser/,,art_gallery,"59,33816","18,08873",Stockholm
Galleri Darling,http://www.galleridarling.se/,,art_gallery,"59,3128918","18,0807392",Stockholm
Galleri Diva,http://www.galleri-diva.se/,,art_gallery,"59,32395","18,0737955",Stockholm
Galleri Duerr,https://galleriduerr.com/,,art_gallery,"59,345868","18,0379883",Stockholm
Galleri Ekvall + Törnblom,http://www.ekvalltornblom.se/,,art_gallery,"59,3194981","18,0658287",Stockholm
Galleri Enkehuset,https://enkehuset.com/,,art_gallery,"59,3459964","18,0468968",Stockholm
Galleri Eva Solin,http://www.evasolin.com/,,art_gallery,"59,3406798","18,0588693",Stockholm
Galleri Fagerstedt,http://www.gallerifagerstedt.se/,,art_gallery,"59,3446289","18,0408119",Stockholm
Galleri Flach,https://www.galleriflach.com/,,art_gallery,"59,346305","18,038717",Stockholm
Galleri GG66,http://www.a6sound.se/,,art_gallery,"59,31019","18,0808962",Stockholm
Galleri Glas,http://www.galleriglas.se/,,art_gallery,"59,3368615","18,0796596",Stockholm
Galleri Greger,http://www.gregerart.se,,art_gallery,"59,319288","18,06437",Stockholm
Galleri Grip,http://www.gallerigrip.se/,,art_gallery,"59,3325028","18,0390146",Stockholm
Galleri Hammar,http://gallerihammar.se/,,art_gallery,"59,3406544","18,0308204",Stockholm
Galleri Hantverket,http://www.gallerihantverket.se/,,art_gallery,"59,3130564","18,0740564",Stockholm
Galleri Hedenius,https://www.gallerihedenius.com/,,art_gallery,"59,3402328","18,0763386",Stockholm
Galleri Helle Knudsen,http://www.gallerihelle.com/,,art_gallery,"59,3289127","18,0443848",Stockholm
Galleri Hera,http://www.gallerihera.se/,,art_gallery,"59,3194162","18,0658057",Stockholm
Galleri Industrigatan12,http://industrigatan12.se/,,arts_and_entertainment,"59,33722","18,0294",Stockholm
Galleri K Jacobsson,https://sv.gkjson.com/,,art_gallery,"59,2757566","18,1251912",Stockholm
Galleri Kaktus,https://www.gallerikaktus.com/,,art_gallery,"59,3444001","18,0564884",Stockholm
Galleri Killgissa,https://gallerikillgissa.se/,,art_gallery,"59,3191886","18,0633226",Stockholm
Galleri Knall,http://www.knall.com,,art_gallery,"59,3196066","18,0673228",Stockholm
Galleri Korn,http://www.gallerikorn.se/,,art_gallery,"59,315133","18,0330961",Stockholm
Galleri Lorentzon,http://www.gallerilorentzon.com/,,art_gallery,"59,3294563","18,0401946",Stockholm
Galleri Magnus Karlsson,http://www.gallerimagnuskarlsson.com/,,art_gallery,"59,3289177","18,0646433",Stockholm
Galleri Mats Bergman Stockholm,https://www.gallerimatsbergman.se/,,art_gallery,"59,3474054","18,046338",Stockholm
Galleri Mejan,http://Www.kkh.se/,,art_gallery,"59,3253669","18,0839347",Stockholm
Galleri môme atelier,https://www.instagram.com/gallerimomeatelier/,,arts_and_entertainment,"59,3017258","17,989311",Stockholm
Galleri Nef,https://www.gallerinef.com/,,art_gallery,"59,275678","18,13279",Stockholm
Galleri Nos,https://www.instagram.com/galleri_nos/,,art_gallery,"59,2717057","18,0798434",Stockholm
Galleri Riddaren,http://galleririddaren.se/,,art_gallery,"59,3248485","18,0739037",Stockholm
Galleri s:t Erik AB,http://www.galleristerik.se/,,art_gallery,"59,340054","18,0366946",Stockholm
Galleri Stockholm,http://www.galleristockholm.se,,art_gallery,"59,342839","18,067518",Stockholm
Galleri Svea,http://www.gallerisvea.com/,,art_gallery,"59,3251345","18,0730708",Stockholm
Galleri Toll,https://www.galleritoll.com/,,art_gallery,"59,3547178","18,0981328",Stockholm
Galleri TU,https://www.facebook.com/galleritu/,,art_gallery,"59,32775","17,98097",Stockholm
Galleri Zest,http://www.gallerizest.se/,,art_gallery,"59,3347081","18,0857422",Stockholm
galleri86stockholm,https://galleri-86-stockholm.webnode.se/,,art_gallery,"59,3122424","18,0807913",Stockholm
Gallery Lienhart,http://www.gallerylienhart.se/,,art_gallery,"59,3236153","18,0734884",Stockholm
Gallery Steinsland Berliner,http://www.steinslandberliner.com,,art_gallery,"59,3139568","18,0880663",Stockholm
Gamla stans bokhandel,http://www.gamlastansbokhandel.se/,,bookstore,"59,3251","18,0679937",Stockholm
Gasometer Stockholm,https://www.gasometer.se/,,music_venue,"59,3585804","18,0954604",Stockholm
Gatun Arkitekter,http://www.gatun.se/,,architectural_designer,"59,3136711","18,0759506",Stockholm
Gatuslang,http://gatuslang.se/,,radio_station,"59,30535","17,99187",Stockholm
Gelser Creative,http://www.gelser.se,,arts_and_entertainment,"59,253365","18,103986",Stockholm
Generalstabens litografiska anstalt,https://Ingen webbplats,,community_services_non_profits,"59,3340278","18,0636389",Stockholm
Generator,http://generatorsverige.se/,,community_services_non_profits,"59,31162","18,08259",Stockholm
Geranium,http://www.geraniumab.se/,,bookstore,"59,3187511","18,0633418",Stockholm
Gig Studio,http://www.gigstudio.com/,,music_production,"59,3122111","18,0775292",Stockholm
GIH biblioteket,http://www.gih.se/bibliotek,,library,"59,3469732","18,080605",Stockholm
Gimme-shelter,https://gimme-shelter.se/,,architectural_designer,"59,3363769","18,0791944",Stockholm
Glenn Millers,https://www.glennmillercafe.se/,,jazz_and_blues,"59,3364962","18,0665802",Stockholm
Goethe-Institut Schweden,http://www.goethe.de/schweden,,community_services_non_profits,"59,3329137","18,0587504",Stockholm
Golden Hits,http://www.goldenhits.se/,,dance_club,"59,3358233","18,0668463",Stockholm
Goodbye Kansas Studios,http://goodbyekansasstudios.com/,,Startup,"59,3038589","18,0872955",Stockholm
Gordons Project,http://www.gordons.se,,architectural_designer,"59,300955","18,093987",Stockholm
Graffitisthlm,http://www.graffitisthlm.se,,art_gallery,"59,29272","18,07629",Stockholm
Grafikergruppen VGG,http://www.vgg.se/,,community_services_non_profits,"59,30878","18,06828",Stockholm
Grafikskolan,https://www.grafikskolan.se/,,art_school,"59,2848607","17,9287313",Stockholm
Grafiska Sällskapet,http://www.grafiskasallskapet.se/,,art_gallery,"59,3198533","18,0697526",Stockholm
Grafiska Sällskapets grafikverkstad,http://grafiskasallskapet.se/om-grafiska-sallskapet/gs-grafikverkstad/,,community_services_non_profits,"59,318195","18,075184",Stockholm
Granit Arkitekter,http://freckeus.se/,,architectural_designer,"59,33212","18,08013",Stockholm
Grekiska Föreningen Södra Stockho,https://Ingen webbplats,,community_services_non_profits,"59,276864","17,905497",Stockholm
Grekiskariksforbundet,http://grekiskariksforbundet.com/,,community_services_non_profits,"59,3180837","18,0659118",Stockholm
Gröna Lund - Stockholm Salsa Dance,http://www.stockholmsalsadance.com/,,arts_and_entertainment,"59,3238026","18,0977692",Stockholm
Gröndals bibliotek,http://biblioteket.stockholm.se/bibliotek/grondals-bibliotek,,library,"59,3161857","18,0119152",Stockholm
Gröndals Stadsodling,https://Ingen webbplats,,community_services_non_profits,"59,3158664","18,0151659",Stockholm
GSA Gallery,http://www.gsa.se/,,art_gallery,"59,345898","18,037896",Stockholm
Gubbangen Art Center,https://gubbangenartcenter.se/,,art_gallery,"59,264719","18,0753817",Stockholm
Gubbängens bibliotek,http://biblioteket.stockholm.se/bibliotek/gubbangens-bibliotek,,library,"59,262368","18,082926",Stockholm
Gustav III:s antikmuseum,https://www.kungligaslotten.se/vara-besoksmal/kungliga-slottet/gustav-iiis-antikmuseum.html,,museum,"59,3276159","18,0720638",Stockholm
Gycklarkompaniet Bastardus SaNs,http://gycklare.se,,circus,"59,315461","18,07239",Stockholm
H arkitektur,https://harkitektur.se/,,architectural_designer,"59,308347","18,091638",Stockholm
Hagsätra bibliotek,https://biblioteket.stockholm.se/bibliotek/hagsatra-bibliotek,,library,"59,2620756","18,0148248",Stockholm
Hagsätra Collective,https://Ingen webbplats,,community_services_non_profits,"59,2655938","18,0096278",Stockholm
HALLEN i Farsta,https://www.hallenifarsta.se,,dance_school,"59,2414124","18,1079629",Stockholm
Halléns Antikvariat,http://www.antikvariat.net,,bookstore,"59,3400404","18,0620782",Stockholm
Hallwyllska Museet,http://hallwylskamuseet.se,,museum,"59,3319808","18,0654354",Stockholm
Handarbetets Vänner,http://www.handarbetetsvanner.se/,,art_gallery,"59,3236133","18,0999252",Stockholm
Handelshögskolans Bibliotek,https://www.hhs.se/sv/bibliotek/,,library,"59,342535","18,056411",Stockholm
Handkraftverket,https://www.facebook.com/p/Handkraftverket-100039450199100/?locale=sv_SE,,arts_and_entertainment,"59,3125311","18,0989027",Stockholm
Hangmen AB,http://www.hangmen.se/,,fashion,"59,3055923","17,9835511",Stockholm
Hantverkarna,https://www.hantverkarna.se/,,community_services_non_profits,"59,3339615","18,0565891",Stockholm
Hantverksladan Riddersvik,https://hantverksladanriddersvik.se/,,arts_and_crafts,"59,3819273","17,7957579",Stockholm
Hantverkstan 10,https://hantverkstan10.com/,,arts_and_crafts,"59,3287177","18,0458664",Stockholm
Harpskola,http://www.harpskola.se/,,music_school,"59,3480179","18,066041",Stockholm
Hasselby hembygdsmuseum,https://www.hembygd.se/hasselby,,museum,"59,3769656","17,813813",Stockholm
Hatt Konsthandel & Antikvariat,http://www.svenskateckningar.se/,,bookstore,"59,3054384","18,0002312",Stockholm
Havheld of Stockholm,http://www.havheld.se/,,community_services_non_profits,"59,32935","18,08981",Stockholm
Heaven Up Here,http://www.heavenuphere.se/,,music_venue,"59,29917","17,9962",Stockholm
Hedengrens Bokhandel,http://www.hedengrens.se,,bookstore,"59,3362203","18,0756597",Stockholm
Hedenius Editions,http://www.hedenius.se/,,art_gallery,"59,3426699","18,0689892",Stockholm
Helmuth Mantel,https://Ingen webbplats,,arts_and_entertainment,"59,29646","18,08919",Stockholm
Help to Help,https://www.helptohelp.se/,,community_services_non_profits,"59,3414076","18,0645798",Stockholm
Helter Skelter Studio,http://www.helterskelter.se/,,music_production,"59,3381146","18,0106228",Stockholm
Hemslöjd,https://www.hemslojd.se/prenumerera,,print_media,"59,313148","18,0761329",Stockholm
Herman Bergman Konstgjuteri,https://www.bergmanskonstgjuteri.se/,,arts_and_entertainment,"59,277865","18,0937039",Stockholm
HEY STHLM - Arkadspel i Stockholm,http://heysthlm.se/,,arcade,"59,3425713","18,0525592",Stockholm
Historiska museet,http://www.historiska.se/,,history_museum,"59,3347791","18,0908575",Stockholm
Hjorten Skulpturpark,https://www.instagram.com/h.jorten/,,art_gallery,"59,354499","18,095601",Stockholm
Hjortensjö Art & Design,https://www.hjortensjoart.com/,,art_gallery,"59,336725","18,088192",Stockholm
Hjorthagen Dans,http://folkkulturcentrum.se/,,dance_school,"59,35561","18,09932",Stockholm
Hobbybokhandeln Stockholm,http://www.hobbybokhandeln.se/,,bookstore,"59,3316397","18,0462198",Stockholm
Hoi bokhandel,http://shop.hoi.se/,,bookstore,"59,32366","18,0744",Stockholm
Hornstulls Bibliotek,http://biblioteket.stockholm.se/bibliotek/hornstulls-bibliotek,,library,"59,3160276","18,035152",Stockholm
Hornstulls bokhandel,http://www.hornstullsbokhandel.se/,,bookstore,"59,3155423","18,0310405",Stockholm
Hosoi,https://www.hosoistockholm.com/,,music_venue,"59,29234687","18,07877277",Stockholm
House of Oldies,https://houseofoldies.se/,,music_and_dvd_store,"59,3435644","18,035634",Stockholm
House of Q,http://www.houseofq.se/,,community_center,"59,347315","18,110706",Stockholm
HOW Arkitekter,http://www.howarkitekter.se/,,architectural_designer,"59,325231","18,0677608",Stockholm
HUD SPACE,http://www.hud-space.com/,,art_gallery,"59,3123193","18,0700301",Stockholm
Hundörat Rare Books,https://Ingen webbplats,,bookstore,"59,318156","18,077214",Stockholm
Husby bibliotek,http://biblioteket.stockholm.se/bibliotek/husby-bibliotek,,library,"59,4090758","17,9266889",Stockholm
Husby Konsthall,http://www.husbygard.nu/,,art_gallery,"59,406824","17,919901",Stockholm
Husby Kulturhuset Stadsteatern,http://kulturhusetstadsteatern.se/husby,,theatre,"59,4097","17,9255973",Stockholm
Husby Kulturskolan,https://Ingen webbplats,,community_center,"59,4087688","17,9271228",Stockholm
Husby-gård,http://www.husbygard.nu,,arts_and_entertainment,"59,40719","17,9197712",Stockholm
Husverket,http://www.husverket.se/,,architectural_designer,"59,2429389","18,0933351",Stockholm
HV Skola,http://www.hvskola.se,,arts_and_entertainment,"59,323671","18,099731",Stockholm
HYDE Stockholm,http://www.hydestockholm.se/,,dance_club,"59,334621","18,0693107",Stockholm
Håkans Dansskola,http://www.hakansdansskola.se/,,dance_school,"59,2971086","17,9831171",Stockholm
Hägerstens Hembygdsförening,http://www.hembygd.se/hagersten,,community_services_non_profits,"59,27948","18,00789",Stockholm
Hägerstensåsens Medborgarhus,https://www.medborgarhuset.se/,,community_services_non_profits,"59,2971866","17,9835158",Stockholm
Hässelby Villastads bibliotek,https://biblioteket.stockholm.se/bibliotek/hasselby-villastads-bibliotek,,library,"59,3796042","17,8175872",Stockholm
Hässelby Villastads Folkets Hus u.p.a,http://hesselbyfh.se/,,community_services_non_profits,"59,3792504","17,8037739",Stockholm
Högalids Oratoriekör,https://www.svenskakyrkan.se/hogalid/hogalids-oratoriekor,,choir,"59,31708","18,03736",Stockholm
Höglandsbiografen,http://www.wifilm.se/hogland.html,,cinema,"59,3238654","17,9404976",Stockholm
Hökarängens Antikvariat och Skivbörs,https://hokarangensantikvariat.com/,,bookstore,"59,2565838","18,0802142",Stockholm
Hökis Visrum,http://www.hokisvisrum.se/,,music_venue,"59,2564298","18,0813361",Stockholm
Hönan och ägget Bagarmossen,https://bagisodlarna.webnode.se/,,community_services_non_profits,"59,27831","18,1355499",Stockholm
Hör & Scen,http://www.demokratipiloterna.se/,,cultural_center,"59,3118817","18,0813965",Stockholm
ID:I Galleri,http://www.idigalleri.org/,,art_gallery,"59,3158566","18,0812808",Stockholm
"IDance Studios - Salsa, Bachata och Kizomba i Stockholm",http://www.idance.se/,,dance_school,"59,347254","18,0670575",Stockholm
Ideell kulturallians,http://ideellkultur.se/,,community_services_non_profits,"59,3174165","18,0634023",Stockholm
Immersive Reality Studios Stockholm,https://immersivestockholm.com/,,cultural_center,"59,3114083","18,0748709",Stockholm
Improvisationsstudion,http://www.improvisationsteater.se/,,theatre,"59,3123951","18,0801297",Stockholm
IMRSV Music,http://www.immersivemusicgroup.com/,,music_production,"59,295976","18,0905903",Stockholm
Index - The Swedish Contemporary Art Foundation,http://www.indexfoundation.se/,,art_gallery,"59,3305515","18,0510726",Stockholm
Influence Film Club,http://www.influencefilmclub.com/,,community_services_non_profits,"59,34357","18,08327",Stockholm
Ingrid Studios,http://www.ingridstudios.com/,,music_production,"59,31838","18,05576",Stockholm
Interbok,http://www.interbok.se/,,bookstore,"59,3292245","18,0418269",Stockholm
Intercult,https://www.intercult.se/,,theatre,"59,3167605","18,0815267",Stockholm
Interior Design & Architecture.TF Project & Concept AB.,http://www.tonyfernandez.se/,,architectural_designer,"59,2769303","18,0148668",Stockholm
International Theater Stockholm,http://internationaltheater.se/,,theatre,"59,31343","18,08207",Stockholm
Intiman,https://www.intiman.se/forestallningar/,,theatre,"59,3421317","18,0483343",Stockholm
Intresseföreningen Varvseken,http://www.varvseken.se,,community_center,"59,314934","17,988014",Stockholm
Inuti Galleri,http://www.inuti.se/info/inuti-galleri,,art_gallery,"59,3285075","18,0174116",Stockholm
Iraqi Cultural Center-Sweden المركز الثقافي العراقي في السويد,http://www.youtube.com/Iraqiccenter,,cultural_center,"59,318948","18,077056",Stockholm
Issues Gallery,http://issues.gallery/,,art_gallery,"59,3304235","18,0634384",Stockholm
"Istituto Italiano di Cultura di Stoccolma ""C.M. Lerici""",https://iicstoccolma.esteri.it/iic_stoccolma/it/istituto/come_contattarci/,,cultural_center,"59,3353144","18,1073769",Stockholm
Jakobsbergs Gård,http://www.jakobsbergsgarden.se/,,community_services_non_profits,"59,2990099","17,9380266",Stockholm
Joliark,https://joliark.se/,,architectural_designer,"59,3137906","18,0812103",Stockholm
Jordens Arkitekter,http://www.jordens.se/,,architectural_designer,"59,3433954","18,1157775",Stockholm
Judisk Kultur i Sverige,http://www.judiskkultur.se/,,community_services_non_profits,"59,32896","18,06395",Stockholm
Judiska Museet,http://www.judiskamuseet.se/,,museum,"59,3238614","18,0729739",Stockholm
Judiska Teatern,http://www.judiskateatern.se/,,theatre,"59,3302746","18,1332932",Stockholm
Junibacken,http://www.junibacken.se/,,museum,"59,3296164","18,0898909",Stockholm
Jure Bokhandel,http://www.jure.se/ie/,,bookstore,"59,3399878","18,0854906",Stockholm
JUSTE Gallery,http://www.justegallery.com,,art_gallery,"59,3194324","18,0395396",Stockholm
Justin Theatre Production,https://justintp.com/,,theatre,"59,34621","18,06507",Stockholm
K. A. Almgren sidenväveri & museum,http://www.kasiden.se,,museum,"59,317343","18,0705999",Stockholm
Kafe 44,https://kafe44.org/,,community_center,"59,31603979","18,08292314",Stockholm
Kaija’s Musiksalong,https://www.facebook.com/kaijasalong/,,music_venue,"59,3334723","18,0906527",Stockholm
Kammaren,http://www.kammaren.com/,,music_venue,"59,341491","18,039315",Stockholm
Kammaroperakompaniet,http://www.kammaroperakompaniet.se/,,opera_and_ballet,"59,27305","17,97514",Stockholm
Kammerton ideell förening,http://Kammerton.org/,,community_services_non_profits,"59,2512667","18,0774807",Stockholm
Kamratposten,http://www.kpwebben.se/,,print_media,"59,3270235","18,015368",Stockholm
Kanozi Arkitekter,https://www.kanozi.se/,,architectural_designer,"59,32318","18,0721",Stockholm
Kaolin,http://www.kaolin.se/,,arts_and_crafts,"59,3191167","18,0634134",Stockholm
Kapsylen,http://kapsylen.se/,,cultural_center,"59,3159612","18,0828114",Stockholm
Karamba Dance Studio,https://www.karambadancestudio.se/,,dance_school,"59,3467024","18,0815741",Stockholm
Karlsson & Wickman,http://www.karlssonandwickman.com/,,art_gallery,"59,337985","18,081885",Stockholm
"Karuna, Sverige",https://www.karuna.org/,,community_services_non_profits,"59,31698","18,04836",Stockholm
Kask Arkitekter,http://www.kask.se/,,architectural_designer,"59,3430825","18,07054",Stockholm
Kaskaderna,https://www.facebook.com/Kaskaderna/,,theatre,"59,3478415","17,8836041",Stockholm
Kastanjegården,https://Ingen webbplats,,arts_and_entertainment,"59,2593153","18,0952345",Stockholm
Katolsk Bokhandel,http://www.katolskbokhandel.com/,,bookstore,"59,3318039","18,0723447",Stockholm
Keloke Dance Studio,http://www.kelokedancestudio.com/,,dance_school,"59,3388614","18,0549017",Stockholm
Kfum Gården,http://www.kfum-garden.nu,,community_center,"59,4008244","17,938172",Stockholm
Khimaira,https://Ingen webbplats,,music_venue,"59,3113732","18,0818828",Stockholm
Kilen,https://kulturhusetstadsteatern.se/kilen,,theatre,"59,3323257","18,0640689",Stockholm
Kimono Bonanza,https://kimonobonanza.se/,,fashion,"59,2892248","18,1128395",Stockholm
Kinaslott,https://Ingen webbplats,,community_services_non_profits,"59,3900343","17,793562",Stockholm
Kindahls Dansskola,http://Kindahlsdansskola.se/,,dance_school,"59,3717099","17,8600919",Stockholm
King Magazine,http://www.kingmagazine.se/,,print_media,"59,33637","18,09492",Stockholm
Kingside,http://www.kingside.se,,media_agency,"59,338018","18,014372",Stockholm
Kista bibliotek,https://biblioteket.stockholm.se/bibliotek/kista-bibliotek,,library,"59,4020012","17,9456328",Stockholm
Kista Hembygdsgård,http://www.vaddohembygdsforening.se/,,museum,"59,38955","17,93336",Stockholm
Kjellander Sjöberg Arkitektkontor,http://kjellandersjoberg.se/,,architectural_designer,"59,3141677","18,0568386",Stockholm
Klackenbergs Böcker & Papper i Vällingby,http://www.bockeropapper.se/,,bookstore,"59,3622091","17,8741489",Stockholm
Klara Soppteater,https://kulturhusetstadsteatern.se/stadsteatern/soppteatern,,theatre,"59,331762","18,064033",Stockholm
"Klarateatern, Kulturhuset Stockholm",https://kulturhusetstadsteatern.se/klarascenen,,theatre,"59,3318294","18,0645795",Stockholm
KlarkZenit,http://www.klarkzenit.se/,,architectural_designer,"59,3283611","18,0468216",Stockholm
Klubb BLÅ,http://www.klubbbla.se/,,dance_club,"59,3354914","18,0331488",Stockholm
Klubb Mariama,https://www.instagram.com/klubb_mariama/,,arts_and_entertainment,"59,3424252","18,0501723",Stockholm
Klustret Ekskäret,http://www.klustretekskaret.se/,,community_services_non_profits,"59,3421094","18,048164",Stockholm
KMS Not&Bok,https://kmhstudent.com/notobok/,,bookstore,"59,34398","18,081069",Stockholm
Knö Kultur,https://www.knokultur.com/,,cultural_center,"59,30837","18,09167",Stockholm
Koch Arkitektkontor,http://www.kocharkitekt.se/,,architect,"59,337632","18,0834281",Stockholm
Kockum Luttinger Söderström arkitetkontor,http://www.kls-ark.se/,,architectural_designer,"59,32378","18,07263",Stockholm
Kod Arkitekter,http://www.kodarkitekter.se/,,architectural_designer,"59,33336","18,08179",Stockholm
Kolingen,https://www.engelen.se/,,dance_club,"59,3224611","18,0722218",Stockholm
Kompetenscentrum för kultur och hälsa,https://www.regionstockholm.se/kompetenscentrum/,,community_services_non_profits,"59,31361","18,06941",Stockholm
Konserthuset,http://www.konserthuset.se,,music_venue,"59,33501","18,0627138",Stockholm
Konst & Auktionskompaniet Hufvudstaden,https://www.auktionsverket.com/,,art_gallery,"59,335723","18,029842",Stockholm
Konst & Teknik,https://www.konst-teknik.se/,,arts_and_entertainment,"59,306861","18,078566",Stockholm
Konstakademien,http://www.konstakademien.se,,art_gallery,"59,3287589","18,0643814",Stockholm
Konstdax gatugalleri,https://www.instagram.com/konstdax_gatugalleri/,,art_gallery,"59,257489","18,0818187",Stockholm
Konstfack,http://www.konstfack.se/,,art_school,"59,3194737","18,0690614",Stockholm
Konstfrämjandet Stockholm,https://stockholm.konstframjandet.se,,community_services_non_profits,"59,2971407","17,9831971",Stockholm
Konsthall C,http://www.konsthallc.se/,,art_gallery,"59,2538756","18,078086",Stockholm
Konsthantverkarna,https://konsthantverkarna.se/,,art_gallery,"59,307833","17,971687",Stockholm
Konsthantverkarna,https://konsthantverkarna.se/,,art_gallery,"59,3203071","18,0701231",Stockholm
Konsthantverkscentrum,http://www.konsthantverkscentrum.se/,,arts_and_crafts,"59,3200167","18,0649286",Stockholm
Konsthissen,https://www.facebook.com/konsthissen/,,art_gallery,"59,34589","18,03789",Stockholm
Konstig Books,https://konstigbooks.com/,,bookstore,"59,3131835","18,0763762",Stockholm
Konstnärernas Riksorganisation,http://www.kro.se/,,art_gallery,"59,3161482","18,0436306",Stockholm
Konstnärshuset,http://www.konstnarshuset.org/,,art_gallery,"59,33365","18,07442",Stockholm
Konstnärshuset Smålandsgatan,https://konstnarshuset.org/,,arts_and_entertainment,"59,3153171","18,0631476",Stockholm
Konstnärsnämnden,https://www.konstnarsnamnden.se/stipendier-och-bidrag/stipendie/residens-stockholm-iaspis/,,community_services_non_profits,"59,3148577","18,0541303",Stockholm
Konstochfolk,http://www.konstochfolk.se/,,art_gallery,"59,3193452","18,0654004",Stockholm
Konstrunda Midsommarkransen,http://www.kransenrunt.se/,,community_services_non_profits,"59,3020009","18,00818",Stockholm
Konstskolan Basis,https://basis.se/,,art_school,"59,3157767","18,0929561",Stockholm
Konstskolan Idun Lovén,http://www.idunloven.se,,art_school,"59,296195","18,03114",Stockholm
Konstskolan Linnea,http://www.konstskolanlinnea.se/,,art_school,"59,2667695","18,1235137",Stockholm
Konstsällskapet Våga Se,http://www.konstsallskapetvagase.com/,,art_gallery,"59,3289843","18,0444076",Stockholm
Konträr,http://www.kontrar.se/,,theatre,"59,314858","18,0764952",Stockholm
Kontur Arkitektkontor,http://www.kontur.se,,architectural_designer,"59,322629","18,0727684",Stockholm
Koreanskt Kulturcenter,https://sweden.korean-culture.org/en,,cultural_center,"59,3311933","18,0463324",Stockholm
Korvfabriken,https://www.instagram.com/korvfabriken2.0/,,cultural_center,"59,292031","18,078842",Stockholm
Kosmosklubben,http://www.kosmosklubben.se/,,community_services_non_profits,"59,28137","18,08099",Stockholm
Kpop Nonstop,https://www.kpopnonstop.com/,,dance_club,"59,3012087","18,0878108",Stockholm
Krigsarkivet,https://riksarkivet.se/,,library,"59,341768","18,098235",Stockholm
"Krinolinen, Fruängen.",https://Ingen webbplats,,community_center,"59,2862574","17,9735048",Stockholm
Kristall,http://www.kristallstockholm.se,,dance_club,"59,3346789","18,0595985",Stockholm
Kronbergs atelje,https://www.skansen.se/se-och-gora/friluftsmuseum/hus-och-gardar/kronbergs-atelje/,,art_museum,"59,326692","18,108311",Stockholm
Kråkberget,http://www.krakberget.se/,,cultural_center,"59,3129792","18,0890585",Stockholm
KTH Biblioteket,http://www.kth.se/biblioteket,,library,"59,3479802","18,0729691",Stockholm
KTH Library,https://www.kth.se/biblioteket,,library,"59,4042746","17,9464449",Stockholm
Kultur,https://Ingen webbplats,,cultural_center,"59,312449","18,077345",Stockholm
Kultur och medborgarhuset Trappan,http://www.trappan.org/,,community_center,"59,36593","17,88419",Stockholm
Kulturdoula Stockholm,https://kulturdoula.se/,,community_services_non_profits,"59,3887","17,92707",Stockholm
Kulturfyren Gamla Stan,http://www.kulturfyren.se/,,cultural_center,"59,3246907","18,0712627",Stockholm
Kulturhuset Fanfaren,https://biblioteket.stockholm.se/bibliotek/farsta-bibliotek,,library,"59,2425067","18,0897771",Stockholm
Kulturhuset Kulturbiblioteket,https://kulturhusetstadsteatern.se/Bibliotek/Kulturbiblioteket/,,library,"59,331974","18,064684",Stockholm
Kulturhuset Stadsteatern,http://kulturhusetstadsteatern.se/,,cultural_center,"59,3321063","18,0647906",Stockholm
Kulturhuset Stadsteatern Skärholmen,http://kulturhusetstadsteatern.se/skarholmen,,theatre,"59,2761697","17,9047103",Stockholm
Kulturkvarter Snösätra,https://snosatra.com/,,art_gallery,"59,250557","18,040179",Stockholm
Kulturscenen på NK,http://nk.se/,,cultural_center,"59,3327057","18,0690267",Stockholm
Kulturskolan,http://kulturskolan.stockholm.se,,music_school,"59,334886","18,02579",Stockholm
Kulturskolan Globen,http://kulturskolan.stockholm.se/,,theatre,"59,2943527","18,0690515",Stockholm
Kulturskolan Kista,https://Ingen webbplats,,cultural_center,"59,408669","17,9271439",Stockholm
Kulturskolan Stockholm,http://www.stockholm.se/kulturskolan,,music_school,"59,3068592","18,1082029",Stockholm
Kulturskolan Södermalm,https://www.kulturskolan.stockholm.se,,music_school,"59,3146592","18,0726921",Stockholm
Kulturskolan Vällingby,https://Ingen webbplats,,cultural_center,"59,3625391","17,8750055",Stockholm
Kummelholmen,http://www.kummelholmen.se/,,art_gallery,"59,27368","17,8863388",Stockholm
Kung Carls Jazzklubb,https://www.kungcarl.se/kung-carls-jazzklubb,,jazz_and_blues,"59,3364376","18,0713385",Stockholm
Kungliga biblioteket,http://www.kb.se/,,library,"59,3382181","18,0721559",Stockholm
Kungliga Dramatiska Teatern,http://www.dramaten.se,,theatre,"59,3333258","18,0771187",Stockholm
Kungliga Filharmonikerna,http://www.konserthuset.se/,,theatre,"59,33493","18,06348",Stockholm
Kungliga Operan,https://www.operan.se/,,opera_and_ballet,"59,3298906","18,0703372",Stockholm
Kungsholmens Bibliotek,https://biblioteket.stockholm.se/bibliotek/kungsholmens-bibliotek-internationella-biblioteket,,library,"59,3328477","18,0312281",Stockholm
Kungsholmens Bokhandel,https://Ingen webbplats,,bookstore,"59,334396","18,032754",Stockholm
Kurdish Exile Museum,http://www.kurdishmuseum.org/,,museum,"59,34129","18,0462",Stockholm
Kurdiska Biblioteket,http://www.kurdlib.org/,,library,"59,333345","17,978671",Stockholm
KVAH Kammarmusikens Vänner i Allhelgonakyrkan,https://www.kammarmusikens-vanner.se/,,music_venue,"59,3097938","18,0707233",Stockholm
Kvarteret,https://slakthusen.se/venue/kvarteret/,,dance_club,"59,2924791","18,0800662",Stockholm
Kühlers Dansskola,https://kuhlers.se/,,dance_school,"59,3388328","18,0550246",Stockholm
Kämpingebacken 13,https://stadsmuseet.stockholm/historiska-rum/visning-av-tensta-1969/,,museum,"59,3938889","17,9083333",Stockholm
Landskapslaget,http://www.landskapslaget.se/,,landscaping,"59,3122857","18,0582677",Stockholm
Larrys Corner,http://www.larryscorner.se,,bookstore,"59,3092466","18,0673274",Stockholm
Larsen Warner,http://www.larsenwarner.com/,,art_gallery,"59,3393255","18,0757134",Stockholm
LAVA,https://kulturhusetstadsteatern.se/Bibliotek/Lava,,library,"59,3319609","18,0645596",Stockholm
Layali Orientaliska Dansakademi,https://layali.se/,,dance_school,"59,3433784","18,0441402",Stockholm
Leksaksmuseum,https://toymuseum.se/,,museum,"59,326555","18,081372",Stockholm
LEVA Studios,http://www.levastudios.se/,,music_production,"59,3701906","17,8966543",Stockholm
Liljevalchs konsthall,http://www.liljevalchs.se/,,art_gallery,"59,3256533","18,0959406",Stockholm
Liljewalchs,https://liljevalchs.se/,,arts_and_entertainment,"59,325552","18,0961986",Stockholm
Lilla Bokerian,http://www.lillabokerian.se/,,bookstore,"59,3400321","18,0611613",Stockholm
Lindberg Stenberg Arkitekter,http://www.lindbergstenberg.se,,architectural_designer,"59,3202602","18,0679576",Stockholm
Lindberg-on-Sea Art Gallery,http://www.lindbergonsea.com/,,art_gallery,"59,3427963","18,0317224",Stockholm
Linjelek,http://www.linjelek.se/,,arts_and_entertainment,"59,2700996","18,0935192",Stockholm
Link Arkitektur,http://www.linkarkitektur.se,,architectural_designer,"59,306004","18,096645",Stockholm
Liten och Klok,https://Ingen webbplats,,cinema,"59,295244","18,058789",Stockholm
Livrustkammaren,http://www.livrustkammaren.se/,,history_museum,"59,326768","18,073065",Stockholm
Ljusrum Lindahl Löfgren,http://www.ljusrum.se,,architectural_designer,"59,3076583","18,0678525",Stockholm
LLP Arkitektkontor AB,http://www.llp.se/,,architectural_designer,"59,31795","18,07678",Stockholm
Lomar Arkitekter,http://www.lomar.se/,,architectural_designer,"59,3328377","18,0407766",Stockholm
Loyal,https://www.loyalgallery.com/about,,art_gallery,"59,3466532","18,0666054",Stockholm
Luma bibliotek,https://biblioteket.stockholm.se/en/bibliotek/luma-bibliotek,,library,"59,3059712","18,0969828",Stockholm
LumenArkitekter,http://www.lumenarkitekter.se/,,architectural_designer,"59,33568","18,05044",Stockholm
Lumphe Litografiska,http://lumphe-lito.se/,,art_gallery,"59,3210603","18,0241924",Stockholm
Lundgren Guldhammer Arkitekter,https://www.lundgrenguldhammer.com/,,architectural_designer,"59,3193218","18,0606941",Stockholm
LundLund,http://www.lundlund.com/,,arts_and_entertainment,"59,3364392","18,0764484",Stockholm
Lutande Dörren,https://www.instagram.com/lutandedorren/,,arcade,"59,3020672","18,0147719",Stockholm
Långholmens Fängelse,https://langholmen.com/upplev/fangelsemuseum/,,museum,"59,3211564","18,0251302",Stockholm
M/S Borgila,http://Www.Borgila.com/,,dance_club,"59,3213159","18,0555302",Stockholm
Mad Dance Palace,http://www.maddancepalace.com/,,dance_school,"59,3310178","18,0473145",Stockholm
Magasin 7 Frihamnen,https://Ingen webbplats,,arts_and_entertainment,"59,3401127","18,1253506",Stockholm
Magma Art Gallery Stockholm,https://magmaartglass.com/magma-art-gallery/,,arts_and_entertainment,"59,3416922","18,0580562",Stockholm
MamaAfrica Mamaafricaclub,https://www.facebook.com/mamaafricaclub/,,dance_club,"59,29562","18,08067",Stockholm
MangKulturelit Centrum,https://mkcentrum.se/,,museum,"59,335872","18,055219",Stockholm
Marcus Malmborg,http://www.marcusmalmborg.com/,,fashion,"59,33212","18,08013",Stockholm
Marge Arkitekter,http://www.marge.se/,,architectural_designer,"59,3287819","18,0433761",Stockholm
Margen Wigow Arkitektkontor,http://www.margenwigow.se/,,architectural_designer,"59,3178201","18,0765438",Stockholm
MarGie Bookshop,http://www.margie.se,,bookstore,"59,346072","18,060562",Stockholm
Maria Ungdomsklubb,https://www.fryshuset.se/verksamhet/mariaungdomsklubb/,,community_services_non_profits,"59,3150044","18,0537245",Stockholm
Marikas Dans & Modestudio,http://www.marikas.se/,,dance_school,"59,3459413","18,0566276",Stockholm
Marionetteatern,http://kulturhusetstadsteatern.se/Marionetteatern/,,theatre,"59,3322732","18,0645464",Stockholm
Market Art Fair,https://marketartfair.com/,,art_gallery,"59,3255775","18,0962832",Stockholm
Marxarkitektur.se,http://www.marxarkitektur.se/,,architectural_designer,"59,2586861","18,0928736",Stockholm
Maxim Stockholm,https://www.maximstockholm.se/,,cultural_center,"59,3369","18,08888",Stockholm
Maximteatern,https://www.maximstockholm.se/,,theatre,"59,3369444","18,0888889",Stockholm
MDEMC,http://www.mdemc.se/,,arts_and_entertainment,"59,3200434","18,0672984",Stockholm
Medelhavsmuseet,https://www.medelhavsmuseet.se/,,history_museum,"59,3293609","18,0674932",Stockholm
Medis 5,http://www.medis5.org/,,community_services_non_profits,"59,31459","18,0723",Stockholm
Mekaniska verkstaden,https://www.skansen.se/se-och-gora/friluftsmuseum/hus-och-gardar/mekaniska-verkstaden/,,museum,"59,3257149","18,0996904",Stockholm
MER Arkitekter,http://www.mer.se/,,architectural_designer,"59,3206683","18,0518356",Stockholm
Metod Arkitekter,https://www.metodarkitekter.se/,,architect,"59,3297674","18,04151806",Stockholm
Metropolis Arkitekter,http://metark.se/,,architectural_designer,"59,3423298","18,0902494",Stockholm
Midsommargården,http://www.midsommargarden.se/,,cultural_center,"59,2988926","17,9965818",Stockholm
Militärmusiksamfundet / Swedish military music society,http://militarmusik.se/,,community_services_non_profits,"59,3296204","17,9471798",Stockholm
Miljöverkstan Flaten,http://www.miljoverkstan.se/,,community_services_non_profits,"59,2663512","18,1295796",Stockholm
Millimeter Arkitekter AB,http://www.millimeter.se/,,architectural_designer,"59,315016","18,0551983",Stockholm
Mimteatern,https://pantomimteatern.se/,,theatre,"59,3404606","18,0373327",Stockholm
Mina books,http://minabooks.com/,,bookstore,"59,3853836","17,9187298",Stockholm
Mind the Music,http://kmh.se/,,music_venue,"59,3459581","18,0799185",Stockholm
Minibok Vällingby,https://Ingen webbplats,,bookstore,"59,362848","17,872841",Stockholm
Miniteatern,http://www.miniteatern.se/,,theatre,"59,3402835","18,0399814",Stockholm
Mint,http://www.m-i-n-t.se/,,museum,"59,3388577","18,0601944",Stockholm
Miss Unicorn,https://www.facebook.com/p/Miss-Unicorn-100042730215721/?locale=sv_SE,,arts_and_entertainment,"59,3465256","18,042354",Stockholm
Mittiprickteatern,http://www.mittiprickteatern.se,,theatre,"59,3404734","18,0373431",Stockholm
Moderna Dansteatern,http://www.mdtsthlm.se/,,theatre,"59,32729","18,083443",Stockholm
Moderna Museet,http://www.modernamuseet.se/,,art_museum,"59,3260497","18,0846836",Stockholm
Moderna Museet,https://www.modernamuseet.se/,,museum,"59,3263589","18,083823",Stockholm
Modernista,https://issuu.com/modernistabooks/,,bookstore,"59,3173194","18,0678425",Stockholm
Molotov Studios,https://www.facebook.com/molotovstudios/?locale=sv_SE,,arts_and_entertainment,"59,3464944","18,1015688",Stockholm
Momangen,https://www.instagram.com/gallerimomangen/,,art_gallery,"59,3141466","18,0782685",Stockholm
Moment,http://www.moment.org.se/,,theatre,"59,2625646","18,084062",Stockholm
Monkey Beach,https://Ingen webbplats,,music_and_dvd_store,"59,3090375","18,0737806",Stockholm
Moretti Sweden,http://www.moretti.se/,,arts_and_entertainment,"59,33593","18,08433",Stockholm
Morota Staaf Arkitekter,http://www.morotastaaf.se/,,architectural_designer,"59,3249804","18,0686581",Stockholm
Morrissey Books,http://instagram.com/morrisseybooks,,bookstore,"59,258242","18,073699",Stockholm
Mosaikteatern,http://www.mosaikteatern.se/,,theatre,"59,29895","17,99089",Stockholm
Mossutställningar,http://www.mossutstallningar.com/svt,,arts_and_entertainment,"59,348417","18,111277",Stockholm
Movieton,https://Ingen webbplats,,cinema,"59,245405","18,091126",Stockholm
Munnen,https://munnen.ooo/,,community_center,"59,280543","18,131588",Stockholm
Murman Arkitekter,http://www.murman.se/,,architectural_designer,"59,31942","18,0704212",Stockholm
Museum Kvarnvikens Kvarn och Såg,http://www.kvarnvikensmuseum.se/,,museum,"59,3485869","17,8693256",Stockholm
Museum of Artificial Intelligence,https://aimuseum.se/,,science_museum,"59,3119356","18,0821877",Stockholm
Museum Tre Kronor,https://www.kungligaslotten.se/vara-besoksmal/kungliga-slottet/museum-tre-kronor.html,,museum,"59,3273554","18,0711338",Stockholm
Musik i Engelbrekt,https://www.svenskakyrkan.se/engelbrekt/musikiengelbrekt,,music_venue,"59,34429","18,06766",Stockholm
Musik i Oscars,http://www.svenskakyrkan.se/oscarsforsamling,,music_venue,"59,3334421","18,0930314",Stockholm
Musik- och teaterbiblioteket,http://musikochteaterbiblioteket.se/,,library,"59,34025","18,11398",Stockholm
Musikakademien,http://www.musikakademien.se/,,music_school,"59,3169133","18,0745514",Stockholm
Musikaliska,https://linktr.ee/musikaliskakvarteret,,music_venue,"59,3312287","18,0762562",Stockholm
Musikcentrum Öst,https://www.flowcode.com/page/musikcentrumost,,community_services_non_profits,"59,3161467","18,0436372",Stockholm
Musikerförbundet,https://www.musikerforbundet.se/,,community_services_non_profits,"59,3355173","18,0304166",Stockholm
MusikMACKen,http://www.musikmacken.org/,,music_venue,"59,3172417","18,0061893",Stockholm
Musikplats Stockholm,https://www.sverigesradio.se,,music_venue,"59,3344647","18,1019097",Stockholm
Musikstil Academy - Den moderna musikskolan,http://www.musikstil.se/,,music_school,"59,33961","17,95147",Stockholm
Musikverket,http://musikverket.se/,,library,"59,3404558","18,1141204",Stockholm
MYO Make Your Own,http://www.makeyourown.se/,,fashion,"59,31749","18,05243",Stockholm
MYST Stockholm,http://www.myststockholm.nu/,,dance_club,"59,334623","18,0693129",Stockholm
Mystique,http://mystique.nu/,,theatre,"59,3177134","18,0551604",Stockholm
Måla och Skåla,https://malaochskala.se/,,arts_and_entertainment,"59,3330811","18,0296451",Stockholm
Målarkurser med Susanna Salifou Nygren,http://www.malarkurser.se/,,art_school,"59,309785","18,049203",Stockholm
Månadens Bok,http://www.manadensbok.se/,,bookstore,"59,33834","18,06122",Stockholm
Mälarhöjdens Dansskola,http://www.malarhojdensdansskola.se/,,dance_school,"59,3044808","17,9581289",Stockholm
Mälarhöjdens Friluftsteater,http://mälarhöjdensfriluftsteater.se,,theatre,"59,3019623","17,9391797",Stockholm
Mälarsalens danskurser,http://www.malarsalen.se/,,dance_school,"59,320701","18,0555867",Stockholm
Mötesplatsen Stora Sköndal,https://www.framtidensstoraskondal.se/motesplatsen/,,community_center,"59,25262","18,12668",Stockholm
Nada Studio,http://www.nada.se/,,music_production,"59,3061","18,03496",Stockholm
National Archives of Sweden,http://riksarkivet.se/,,library,"59,3268637","18,0225064",Stockholm
National Library of Sweden,http://www.kb.se/,,library,"59,3380868","18,0719584",Stockholm
Nationalgalleriet,http://nationalgalleriet.just.nu,,art_gallery,"59,324647","18,070727",Stockholm
Nationalmuseum,https://www.nationalmuseum.se/besök-museet/öppettider,,art_museum,"59,3284626","18,0778061",Stockholm
Nationalmuseum,http://www.nationalmuseum.se,,museum,"59,33752","18,04792",Stockholm
Naturhistoriska Riksmuseet,http://www.nrm.se/,,history_museum,"59,3683952","18,0560941",Stockholm
NEUstockholm,,,dance_club,"59,3322765","18,073882",Stockholm
Nivis Pluma,http://Www.nivispluma.it/,,architectural_designer,"59,3234442","18,0748806",Stockholm
NKF - Nordic Art Association - Sweden,http://www.nkf.se/,,art_gallery,"59,3116","18,0841",Stockholm
Nobel Prize Museum,https://www.nobelprizemuseum.se/,,museum,"59,3252513","18,0708504",Stockholm
Noden,http://www.noden.org/,,community_services_non_profits,"59,3429644","18,1164711",Stockholm
NonStop Entertainment,http://www.nonstopentertainment.com/,,arts_and_entertainment,"59,3376153","18,0394824",Stockholm
Nordic Art,http://www.nordicart.se/,,art_gallery,"59,3411613","18,0355614",Stockholm
Nordiska museet,http://www.nordiskamuseet.se,,museum,"59,334338","18,098588",Stockholm
Nostalgipalatset,http://www.nostalgipalatset.com/,,music_and_dvd_store,"59,343949","18,038915",Stockholm
Nuda,http://nudapaper.com/,,print_media,"59,3478944","18,0583297",Stockholm
Ny finsk film,https://finlandsinstitutet.se/category/program/film/,,cinema,"59,338067","18,068423",Stockholm
Nya Elbaseriet,http://www.elbaseriet.se/,,cultural_center,"59,3150773","18,0658716",Stockholm
Nya Rondo,http://www.cyklopen.se/hitta-till-oss,,cinema,"59,2597173","18,0402811",Stockholm
Nya Rågsveds Folkets Hus,http://www.nyaragsvedsfolketshus.se/,,community_services_non_profits,"59,2569977","18,0275121",Stockholm
Nyréns Arkitektkontor,http://www.nyrens.se/,,architectural_designer,"59,3128183","18,0677431",Stockholm
Nytorps Gärde,http://www.stockholm.se/-/Serviceenhetsdetaljer/?enhet=b43f81bf6e324b498040e06ab3c55982,,attractions_and_activities,"59,2889201","18,111419",Stockholm
Näslund Arkitektur,http://www.naslundarkitektur.se/,,architectural_designer,"59,342266","18,0911144",Stockholm
Nöjespråmen Stockholm,http://web.comhem.se/billeyshamrock/pramen.html,,community_services_non_profits,"59,3213163","18,0575275",Stockholm
O2A-oxygen architects,https://www.o2a.se/arkitekt-tjanster,,architectural_designer,"59,3405289","18,0794662",Stockholm
Oak Island Gallery,http://oakislandgallery.com/,,art_gallery,"59,3417168","18,0356939",Stockholm
Oberoende Filmares Förbund,http://www.off.se/,,community_services_non_profits,"59,27882","18,00451",Stockholm
Oda Studios,http://www.odastudios.com/,,music_production,"59,3356518","18,0544209",Stockholm
Ojorojo Keramik,https://www.facebook.com/ojorojokeramik,,art_school,"59,343533","18,0881463",Stockholm
Olympiateatern,http://www.olympiateatern.se/,,theatre,"59,3419197","18,0477916",Stockholm
Omega Records Stockholm,http://www.omegarecords.se/,,music_and_dvd_store,"59,3414445","18,049615",Stockholm
Onsdags Livs,https://Ingen webbplats,,music_and_dvd_store,"59,258743","18,090636",Stockholm
Ordfront magasin,http://ordfrontmagasin.se/,,print_media,"59,34256","18,03247",Stockholm
Orientalia Bok- & Biblioteksservice,http://www.orientalia.se,,bookstore,"59,346703","18,062964",Stockholm
Orientaliska Studier,http://www.orientaliskastudier.se/,,mass_media,"59,35804","18,05284",Stockholm
Original Global Art,http://www.originalglobalart.store/,,art_gallery,"59,3241344","18,0737885",Stockholm
ORIGO arkitekter,http://www.origoark.se/,,architectural_designer,"59,3283787","18,0468278",Stockholm
Orionteatern,http://orionteatern.se/,,theatre,"59,3082323","18,0901405",Stockholm
Oscarsteatern,http://www.oscarsteatern.se/,,theatre,"59,3334637","18,0559403",Stockholm
Osqstämman,https://osqstamman.com/,,choir,"59,346609","18,07347",Stockholm
Osynliga Teatern,http://www.osynligateatern.com/,,theatre,"59,31633","18,05417",Stockholm
OWC Arkitekter AB,http://www.owc.se/,,architectural_designer,"59,332565","18,08717",Stockholm
P-Tzz-Dah,https://www.facebook.com/groups/ptzzdah/?locale=sv_SE,,dance_club,"59,30397","18,07247",Stockholm
Pachanga,http://www.pachanga.se/,,dance_club,"59,3354914","18,0331488",Stockholm
Packrummet - Slakthuset,https://Ingen webbplats,,dance_club,"59,29161","18,078707",Stockholm
PAJU Arkitektur,http://www.paju.se/,,architectural_designer,"59,3240351","18,0708017",Stockholm
Panipirotiska Sällskapet Stockholm,http://www.panipirotiska.se/,,community_services_non_profits,"59,34838","18,04803",Stockholm
Papercut,https://papercutshop.se/,,bookstore,"59,3172212","18,0547066",Stockholm
Papstudio,http://www.papstudio.se/,,arts_and_entertainment,"59,34715","18,0453",Stockholm
Paradox Museum,https://www.paradoxmuseumstockholm.com/,,museum,"59,3343728","18,063252",Stockholm
PARAPLY.ateljen,https://www.facebook.com/paraply.ateljen/,,arts_and_entertainment,"59,2936542","17,9667813",Stockholm
Park Bio Live Älvsjö Örby Östberga Liseberg,http://Parkfolketshus.nu/,,cinema,"59,28323","18,02719",Stockholm
Park Folkets Hus,http://www.parkfolketshus.nu,,community_center,"59,2832602","18,0271495",Stockholm
Parkteatern,https://kulturhusetstadsteatern.se/parkteatern,,theatre,"59,3269","18,095337",Stockholm
Part Bukowska,http://www.partbukowska.com/,,architectural_designer,"59,3295384","18,0469493",Stockholm
pasergelstorg,https://upplev.stockholm/platser/sergels-torg/,,cultural_center,"59,33232","18,06516",Stockholm
Patricia,http://www.patriciastockholm.se/,,dance_club,"59,3212737","18,0525384",Stockholm
Pattern Stockholm,http://patternstockholm.com/,,dance_club,"59,3171897","18,0480193",Stockholm
Pavilion Living,http://www.pavilionliving.se/,,architectural_designer,"59,335153","18,08684",Stockholm
Peas by peas,https://peasbypeas.com/,,cultural_center,"59,3838546","17,8873461",Stockholm
peermusic Sweden,https://peermusic.com/,,arts_and_entertainment,"59,3309798","18,0293767",Stockholm
Pelago arkitektur,http://www.pelagoark.se/,,architectural_designer,"59,3348359","18,0817535",Stockholm
Pernbys Målarskola,https://www.pernbys.se/,,art_school,"59,3379437","18,0676531",Stockholm
Pero Älskar Musik,https://www.pero.se/pero-alskar-musik/,,music_venue,"59,31137","18,07505",Stockholm
Pershagen Gallery,https://rebeckapershagen.wixsite.com/pershagengallery,,art_gallery,"59,3368175","18,0295671",Stockholm
Pet Sounds Records,http://www.petsounds.se/,,music_and_dvd_store,"59,3121013","18,0780194",Stockholm
petragipp arkitektur,http://www.gipparkitektur.se/,,architectural_designer,"59,3135185","18,0792809",Stockholm
PG Art Club,http://www.pgkonst.se/,,art_gallery,"59,32749","18,03705",Stockholm
Piastowie - Polska Folkdansgruppen i Stockholm,http://www.piastowie.se/,,community_services_non_profits,"59,331288","18,026235",Stockholm
Pietsch Arkitekter,http://www.pietscharkitekter.se/,,architectural_designer,"59,3179201","18,0719493",Stockholm
Platform Stockholm,http://platformstockholm.com/,,art_gallery,"59,3141612","18,0196627",Stockholm
PLATINA,http://www.platina.se/,,art_gallery,"59,3405553","18,0634088",Stockholm
Playhouse Teater,http://www.playhouseteater.se/,,theatre,"59,3359368","18,0592904",Stockholm
𝓟𝓸𝓵𝓲𝓼𝓴𝓸̈𝓻𝓮𝓷 𝓢𝓽𝓸𝓬𝓴𝓱𝓸𝓵𝓶,http://www.poliskoren.se/,,choir,"59,33134","18,03733",Stockholm
Polismuseet,http://www.polismuseet.se/,,museum,"59,3330383","18,1185489",Stockholm
Pops Extended,https://Ingen webbplats,,music_school,"59,3435522","18,0831313",Stockholm
Postmuseum,http://www.postmuseum.se/,,art_museum,"59,3240465","18,0679506",Stockholm
Presens,http://www.presensimpro.se/,,theatre,"59,3026727","18,0108956",Stockholm
Press Stop,http://www.press-stop.se,,bookstore,"59,3163423","18,0721544",Stockholm
Programmakeriet,https://Ingen webbplats,,arts_and_entertainment,"59,3146","18,09362",Stockholm
Proklama,http://www.proklama.se/,,bookstore,"59,3440186","18,0527486",Stockholm
Public Service Gallery,https://public-service.com/,,art_gallery,"59,3358015","18,0801176",Stockholm
Pug Förlag,http://pugforlag.se/,,bookstore,"59,305669","18,000311",Stockholm
Pulpo Live & Agentur,http://www.pulpo.se/,,arts_and_entertainment,"59,322","18,07357",Stockholm
Punkt127 - Biblioteket,https://biblioteket.stockholm.se/bibliotek/bredangs-bibliotek,,library,"59,2942599","17,9335821",Stockholm
Pygméteatern,http://www.pygmeteatern.se/,,theatre,"59,342317","18,0500577",Stockholm
Påfågeln - Scenkonst för barn och unga,http://www.mittiprickteatern.se/,,theatre,"59,3405143","18,0373374",Stockholm
Queer Tango,https://tangoqueerer.se/,,dance_club,"59,3430388","18,0322646",Stockholm
Queer The Space,https://www.fryshuset.se/verksamhet/queer-the-space-3,,community_services_non_profits,"59,3010304","18,0887956",Stockholm
Qulturnämnden,http://www.medieteknik.com/namnder/qulturnamnden,,community_services_non_profits,"59,34805","18,071642",Stockholm
QvinnoQraft Stockholm,https://www.equalsthlm.se/equal-qvinnoqraft/,,community_services_non_profits,"59,30904","18,06747",Stockholm
RALF,http://galleriralf.se/,,art_gallery,"59,318654","18,059452",Stockholm
Reading edge,http://www.readingedge.se/,,library,"59,32731","18,08371",Stockholm
Record Hunter,http://www.recordhunter.se/,,music_and_dvd_store,"59,3385524","18,0359971",Stockholm
Redmount Studios,http://redmount.studio/,,music_production,"59,3434162","18,0380727",Stockholm
Reflex Arkitekter,https://reflexark.se/,,architectural_designer,"59,3162724","18,0825256",Stockholm
Regionbibliotek Stockholm,http://regionbiblioteket.se/,,library,"59,31361","18,06941",Stockholm
Reimersholms Krukmakeri,http://www.reimersholmskrukmakeri.se,,arts_and_entertainment,"59,3177078","18,0199323",Stockholm
Replokalen,http://www.replokalen.nu/,,music_production,"59,30011","18,02184",Stockholm
Rex Arkitektbyrå AB,https://www.rexark.se/,,architectural_designer,"59,3378246","18,0743634",Stockholm
Riddle Room,https://Ingen webbplats,,arts_and_entertainment,"59,34264","18,03544",Stockholm
Riksdagsbiblioteket,http://www.riksdagen.se/riksdagsbiblioteket,,library,"59,3257281","18,0686057",Stockholm
Riksidrottsmuseum,http://www.riksidrottsmuseum.se/,,museum,"59,3332301","18,117775",Stockholm
Riksmixningsverket/RMV Studio,http://www.rmvstudio.com/,,music_production,"59,3244008","18,0875395",Stockholm
Riksteaterföreningen söder om Söder,https://www.riksteatern.se/soderomsoder,,theatre,"59,2974433","18,0528179",Stockholm
Rinkeby bibliotek,http://biblioteket.stockholm.se/bibliotek/rinkeby-bibliotek,,library,"59,3887489","17,9269323",Stockholm
Rinkeby Folkets Hus,http://www.rinkebyfolketshus.se/,,community_services_non_profits,"59,3887323","17,9269633",Stockholm
Ripellino Arkitekter,http://www.ripellino.se/,,architectural_designer,"59,3161826","18,0831144",Stockholm
Ritmo Caleño Salsa Dance School,http://www.ritmocaleno.se/,,dance_school,"59,3388277","18,0550283",Stockholm
RKEE,https://Ingen webbplats,,architectural_designer,"59,34079","18,08402",Stockholm
Rockskolan Stockholm,http://www.rockskolan.com/,,music_school,"59,3376499","18,0644964",Stockholm
Rose,http://www.roseclub.se,,dance_club,"59,3330472","18,0751195",Stockholm
Rosenbad Antique Books,http://www.rosenbadantiquebooks.com,,bookstore,"59,3574451","18,1061358",Stockholm
Rosendal Garden Party,https://rosendal.com/,,music_venue,"59,3248636","18,1185477",Stockholm
Rosendals Slott,https://www.kungligaslotten.se/english/royal-palaces-and-sites/rosendal-palace.html,,history_museum,"59,3289415","18,1173708",Stockholm
Roxy Recordings,https://www.instagram.com/roxyrecordings/,,record_label,"59,3317034","18,0262267",Stockholm
Royal chapel,https://Ingen webbplats,,cultural_center,"59,32506","18,0706156",Stockholm
Rubadub Stockholm,http://www.rubadub.se/,,music_production,"59,3156845","18,0823207",Stockholm
RUM - Riksförbundet Unga Musikanter,http://www.rum.se/,,community_services_non_profits,"59,3292362","17,9853429",Stockholm
Rum För Barn,http://kulturhusetstadsteatern.se/Bibliotek/Rum-for-Barn,,library,"59,332092","18,0645048",Stockholm
Rummet för Uttryckande Konst/ Expressive Arts,http://www.rummet.org/,,community_services_non_profits,"59,3092945","18,0970038",Stockholm
Rumänska kulturinstitutet,http://www.rkis.se/,,arts_and_entertainment,"59,324797","18,0754577",Stockholm
Rundquist arkitekter,http://rundquist.se/,,architect,"59,31629239","18,08315059",Stockholm
Rundquist arkitekter,https://rundquist.se/,,architectural_designer,"59,30151","18,09035",Stockholm
Runstensparken,https://www.runstensparken.se/,,history_museum,"59,2531902","18,1155648",Stockholm
runtrunt,http://www.runtrunt.se/,,music_and_dvd_store,"59,3409321","18,0427307",Stockholm
Rutger Fuchsgatan 9,http://www.rutgerfuchsgatan9.se/,,arts_and_entertainment,"59,3070581","18,0785295",Stockholm
Rutströms bokhandel,https://rutstromsbokhandel.se/,,bookstore,"59,3122412","18,0776017",Stockholm
"Ryk, Fransson och Petza arkitektkontor",http://www.rfparkitekter.se/,,architectural_designer,"59,3314446","18,0478856",Stockholm
Rågsveds aktivitetshus,https://ung.stockholm/hitta-fritidsgard-och-ungdomsgard/fritidsgard-och-ungdomsgard/ragsveds-aktivitetshus-fritidsgard,,cultural_center,"59,2567141","18,0272882",Stockholm
Rönnells Antikvariat,http://www.ronnells.se/,,bookstore,"59,3385622","18,0688968",Stockholm
S-XL Architects,http://www.sxlarchitects.com/,,architectural_designer,"59,3124767","18,0963248",Stockholm
S.P.G,http://www.spgallery.se/,,art_gallery,"59,3455614","18,0375733",Stockholm
S/S Frithiof,http://www.angbatar.se/,,history_museum,"59,3313069","18,0837321",Stockholm
Sack Silvasti Arkitekter,http://www.sacksilvasti.se/,,architectural_designer,"59,3438534","18,0707081",Stockholm
SAK Sveriges Allmänna Konstförening,http://www.konstforeningen.se/,,community_services_non_profits,"59,327671","18,082793",Stockholm
Sambashow_BarBrasil,http://sambashow.se/,,arts_and_entertainment,"59,32471","18,07306",Stockholm
SAND Dansskola,https://sand.dance/,,dance_school,"59,3054029","17,998844",Stockholm
sandellsandberg Arkitekter,http://www.sandellsandberg.se/,,architectural_designer,"59,3457299","18,0568322",Stockholm
SARA Distribution,http://www.saradistribution.com/,,bookstore,"59,34129","18,0462",Stockholm
Saskia Neuman Gallery,http://www.saskianeumangallery.com/,,art_gallery,"59,3376254","18,0787026",Stockholm
Scalateatern,http://www.scalateatern.se/,,theatre,"59,336229","18,0535609",Stockholm
Scapeous arkitekter,http://www.scapeous.se/,,architectural_designer,"59,3145088","18,0566542",Stockholm
Scenen Pipersgatan 4,https://scenenpipersgatan4.se/,,theatre,"59,3291673","18,045103",Stockholm
Scenkonst Z,http://www.scenkonstz.se/,,community_services_non_profits,"59,301342","18,091285",Stockholm
Scenkonstmuseet,http://www.scenkonstmuseet.se/,,art_museum,"59,3332558","18,0777846",Stockholm
Scenkonstmuseet,http://scenkonstmuseet.se/,,museum,"59,3337114","18,0782572",Stockholm
Scensverige,http://www.scensverige.se/,,community_services_non_profits,"59,3282149","18,0500358",Stockholm
Scharc Group,http://www.scharc.com,,architectural_designer,"59,2980195","17,9916223",Stockholm
Schnaza Bananza,https://Ingen webbplats,,community_services_non_profits,"59,33861","18,06724",Stockholm
Science Fiction Bokhandeln,http://www.sfbok.se/,,bookstore,"59,3240236","18,0705992",Stockholm
Scoutmuseet,https://arkivochmuseum.scout.se/,,history_museum,"59,3049714","17,9825809",Stockholm
SELAM,https://linktr.ee/selamsweden,,cultural_center,"59,3171974","18,0800712",Stockholm
Selva Studio Sthlm,http://www.selvastudio.se/,,art_gallery,"59,27825","18,1396507",Stockholm
Sensus Musik Stockholm,https://www.sensus.se/samarbeta/musik/,,community_services_non_profits,"59,3375365","18,0589387",Stockholm
Serieboden,http://www.myntboden.se/,,comic_books_store,"59,3249688","18,0690836",Stockholm
Seriegalleriet,http://www.seriegalleriet.se/,,art_gallery,"59,3181028","18,0670114",Stockholm
Serier & Sånt,http://www.seriersant.se/,,bookstore,"59,3459821","18,045108",Stockholm
Serieslussen,https://Ingen webbplats,,bookstore,"59,3180163","18,0657423",Stockholm
Serieteket,http://www.serieteket.se/,,library,"59,3323256","18,0652911",Stockholm
ShoSho Charity,https://Ingen webbplats,,community_center,"59,3298","18,0615",Stockholm
Sibirienlito,http://www.sibirienlito.se/,,arts_and_entertainment,"59,3378856","18,0359976",Stockholm
Sidetrack,http://www.sidetrack.nu/,,community_center,"59,316822","18,063145",Stockholm
Signori Studios,http://www.signoristudios.com/,,arts_and_entertainment,"59,3448086","18,0385886",Stockholm
Simply Better AB,http://www.simplybetter.se/,,theatre,"59,338792","18,0349336",Stockholm
Sjöhistoriska,http://www.sjohistoriska.se/,,history_museum,"59,3321506","18,1124317",Stockholm
Sk0Tm,https://www.sk0tm.se/,,radio_station,"59,3323251","18,1184298",Stockholm
Skandinaviska Musikskolan,http://skandinaviskamusikskolan.se/,,music_school,"59,3538745","18,0966817",Stockholm
Skansen,http://www.skansen.se/,,history_museum,"59,3263233","18,1058555",Stockholm
Skansen,http://www.skansen.se/,,museum,"59,3269051","18,1054783",Stockholm
Skarpnacks Bibliotek,https://biblioteket.stockholm.se/bibliotek/skarpnacks-bibliotek,,library,"59,267809","18,1287841",Stockholm
Skarpnäcks Kulturhus,https://skarpnackskulturhus.stockholm/,,cultural_center,"59,267818","18,128967",Stockholm
Skattkammaren,https://www.kungligaslotten.se/vara-besoksmal/kungliga-slottet/skattkammaren.html,,museum,"59,326312","18,0723508",Stockholm
Skeppar Karls Salong,https://skepparkarlssalong.mailchimpsites.com/,,music_venue,"59,3457099","18,0688969",Stockholm
SKHLM Konsthall,http://folkiskarholmen.se/,,art_gallery,"59,2744147","17,9079436",Stockholm
Skiers Left,http://skiersleft.com/,,community_services_non_profits,"59,31424","18,08674",Stockholm
Skiv & bokhandel,https://Ingen webbplats,,bookstore,"59,3440118","18,0527412",Stockholm
Skivhögen,http://www.skivhogen.com/,,music_and_dvd_store,"59,3167688","18,0735371",Stockholm
Skondalsgarden,http://www.skondalsgarden.se/wp/,,community_services_non_profits,"59,2560578","18,1142735",Stockholm
Skudge,https://skudge.bandcamp.com/,,arts_and_entertainment,"59,336195","18,100041",Stockholm
Skyddsrummet fest & eventlokal,http://www.skyddsrummet.se/,,dance_club,"59,3208901","18,0556285",Stockholm
Skärholmen Centrum,https://biblioteket.stockholm.se/bibliotek/skarholmens-bibliotek,,library,"59,2761353","17,9059448",Stockholm
Sköndals Bibliotek,http://biblioteket.stockholm.se/bibliotek/skondals-bibliotek,,library,"59,2555472","18,1144883",Stockholm
Slakthuset,https://slakthusen.se/,,dance_club,"59,2917012","18,0794748",Stockholm
Slaktkyrkan,http://www.slakthusen.se/,,music_venue,"59,2925638","18,0801886",Stockholm
Slipvillan,http://www.slipvillan.org/,,arts_and_entertainment,"59,3212209","18,0377396",Stockholm
Slottsarkivet,https://riksarkivet.se/,,library,"59,3261747","18,0711858",Stockholm
Smedjan - Studieförbundet Bildas Rephus På Söder,https://www.bilda.nu/lokaler/smedjan-replokal-stockholm,,music_venue,"59,3205422","18,05227",Stockholm
Smedjan Blackeberg,http://www.smedjanblackeberg.com/,,arts_and_crafts,"59,3453702","17,8869024",Stockholm
SMISK,http://medieinstitutet.se/,,mass_media,"59,3454688","18,0593124",Stockholm
Små musiker,https://Ingen webbplats,,music_school,"59,2678545","18,1294155",Stockholm
Snidare Arkitekter AB,http://www.snidare.se/,,architectural_designer,"59,315487","18,0751156",Stockholm
Snotty Live in Stockholm,https://www.facebook.com/snottylive/?locale=sv_SE,,music_venue,"59,3212","18,05856",Stockholm
Snowflake Music,http://www.snowflakemusic.se/,,arts_and_entertainment,"59,346051","18,0607073",Stockholm
Snus and Tandsticks Museum,http://www.snusochtandsticksmuseum.se/,,art_museum,"59,32490095","18,10077494",Stockholm
Snus- och Tändsticksmuseum,https://www.snusochtandsticksmuseum.se/,,museum,"59,3248155","18,1009389",Stockholm
Sober Interior Design & Homestyling,https://Ingen webbplats,,architectural_designer,"59,349371","18,0572007",Stockholm
Soho House Stockholm,https://www.sohohouse.com/houses/soho-house-stockholm,,social_club,"59,33676378","18,07766941",Stockholm
Solidaritetshuset,http://www.solidaritetshuset.se/,,community_services_non_profits,"59,3093033","18,0968914",Stockholm
Sollidenscenen,https://www.skansen.se/se-och-gora/sollidenscenen,,music_venue,"59,3255811","18,1018845",Stockholm
Somos Tango Stockholm,https://somostango.se/,,dance_school,"59,3130754","18,0125566",Stockholm
Soonfamous Galleri,https://www.soonfamous.nu/,,art_gallery,"59,33102","18,06556",Stockholm
Sound Pollution Distribution,http://www.soundpollutiondistribution.se/,,record_label,"59,31952","18,07397",Stockholm
Spectrum Arkitekter,https://www.spectrumarkitekter.se/,,arts_and_entertainment,"59,3139361","18,0862389",Stockholm
Sprallen,https://m.facebook.com/sprallendansbana/,,arts_and_entertainment,"59,30378","18,0722105",Stockholm
Spritmuseum,http://www.spritmuseum.se/,,history_museum,"59,3270854","18,0931007",Stockholm
Spritmuseum,http://spritmuseum.se/,,museum,"59,3480953","18,0391182",Stockholm
Spånga Bibliotek,https://biblioteket.stockholm.se/bibliotek/spanga-bibliotek,,library,"59,3825956","17,8979422",Stockholm
Spånga Folkan,https://spangafolkan.se/,,arts_and_entertainment,"59,373071","17,8994659",Stockholm
Spårvägsmuseet,http://www.sparvagsmuseet.se/,,museum,"59,3551047","18,100154",Stockholm
Stadsbiblioteket Stockholm,http://biblioteket.stockholm.se/,,library,"59,343404","18,054655",Stockholm
Stadsgårdsterminalen,https://www.stadsgardsterminalen.com/,,cultural_center,"59,3191682","18,0781501",Stockholm
Stadsmuseet i Stockholm,https://stadsmuseet.stockholm/,,history_museum,"59,3197222","18,0705556",Stockholm
Stallet - Världens Musik,http://www.stallet.st/,,music_venue,"59,3308634","18,0762172",Stockholm
Stamuli AB,http://www.stamuli.com/,,architectural_designer,"59,3090604","18,067205",Stockholm
Stance Gallery,https://www.stancegallery.com/,,art_gallery,"59,3348482","18,0848286",Stockholm
STAR DJ  Musik & DJ Skola,http://WWW.STARDJ.SE/,,music_production,"59,3381196","18,010629",Stockholm
Starlight,https://stockholmstarlight.se/wp/,,dance_club,"59,301912","18,092923",Stockholm
Stb Vuxenskolans Intern Kulturcentrum i Sthlm,https://Ingen webbplats,,cultural_center,"59,285187","17,972854",Stockholm
Stense,http://www.stense.se/,,art_gallery,"59,3412389","18,070176",Stockholm
STHLM DanceCrew,http://www.sthlmdancecrew.se/,,dance_school,"59,3442478","17,9692593",Stockholm
Sthlm Mass Choir,http://www.sthlmmasschoir.se/,,choir,"59,3327276","18,0281319",Stockholm
Sthlms Barndansskola,http://www.barndansskola.se/,,dance_school,"59,3141655","18,0828788",Stockholm
Stickelbärsvägen 7 Museilägenhet Stadsmuseet,https://stadsmuseet.stockholm/historiska-rum/barnrikehuset-1937/,,museum,"59,3502778","18,0633333",Stockholm
Stiftelsen Musikkulturens Främjande,http://www.nydahlcoll.se/,,museum,"59,3326066","18,0861607",Stockholm
Stockholm Chamber Music,http://www.stockholmchambermusic.se/,,music_venue,"59,3259106","18,0656219",Stockholm
Stockholm Danceconnection,http://www.danceconnection.se/,,dance_school,"59,3457692","18,0548941",Stockholm
Stockholm Fotoantikvariat,http://www.fotoantikvariat.se,,bookstore,"59,3176672","18,057703",Stockholm
Stockholm International Film Festival,https://www.stockholmfilmfestival.se/,,cinema,"59,3335594","18,0586004",Stockholm
Stockholm konst,http://www.stockholmkonst.se/,,art_gallery,"59,3277044","18,051198",Stockholm
Stockholm LineDancers Studio,http://www.linedancers.com/,,dance_school,"59,3439122","18,05739",Stockholm
Stockholm Makerspace,https://www.makerspace.se/,,community_services_non_profits,"59,3506209","18,0677208",Stockholm
Stockholm Music Center AB,http://www.stockholmmusiccenter.se/,,music_venue,"59,3725774","17,855773",Stockholm
Stockholm Royel Palace,https://www.kungahuset.se/english/royal-palaces-and-residences,,history_museum,"59,3266667","18,0716667",Stockholm
Stockholm Salsa Dance,http://www.stockholmsalsadance.com/,,dance_school,"59,3370695","18,0595275",Stockholm
Stockholm Sangeet,http://www.stockholmsangeet.se/,,community_services_non_profits,"59,28471","18,00843",Stockholm
Stockholm Tango,http://www.stockholmtango.com/,,dance_club,"59,3184607","18,0634525",Stockholm
Stockholm University Library,https://www.su.se/stockholm-university-library/,,library,"59,3322747","18,0631255",Stockholm
Stockholm Werkstätte AB,http://www.stockholmwerkstatte.se/,,architectural_designer,"59,3419155","18,059457",Stockholm
Stockholm Writers Festival,http://stockholmwritersfestival.com/,,community_services_non_profits,"59,33806","18,0681",Stockholm
Stockholms Barndansskola,https://www.barndansskola.se,,dance_school,"59,3158026","18,0097207",Stockholm
Stockholms Enskilda Bokhandel,https://Ingen webbplats,,bookstore,"59,3327053","18,0694745",Stockholm
Stockholms friluftsteater,https://www.friluftsteaterstockholm.se/,,theatrical_productions,"59,23933","18,0831",Stockholm
Stockholms Gitarrakademi,http://www.stockholmsgitarrakademi.se/,,music_school,"59,3360106","18,0841903",Stockholm
Stockholms Glasbruk,http://stockholmsglasbruk.com/,,arts_and_entertainment,"59,3253446","18,1001664",Stockholm
Stockholms Improvisationsteater,http://www.impro.se/,,theatre,"59,3418324","18,041429",Stockholm
Stockholms läns hembygdsförbund,http://www.hembygd.se/stockholm,,community_services_non_profits,"59,33783","18,0427",Stockholm
Stockholms Läns Hemslöjdsfören,http://www.hemslojden.org/stockholm,,community_services_non_profits,"59,3477996","18,048067",Stockholm
Stockholms läns hemslöjdsförening,http://hemslojden.org/stockholm/,,community_services_non_profits,"59,3318099","18,0171729",Stockholm
Stockholms manskör,http://stockholmsmanskor.se/,,choir,"59,328575","18,050265",Stockholm
Stockholms Science Fiction-antikvariat,http://sfantikvariatet.se/,,bookstore,"59,3069204","18,0782075",Stockholm
Stockholms Serie & Skivhandel,http://stockholmsserieoskivhandel.se/,,music_and_dvd_store,"59,3429613","18,0566896",Stockholm
Stockholms Skivbörs,http://www.nostalgipalatset.com/,,music_and_dvd_store,"59,3414845","18,0495814",Stockholm
Stockholms Snickarmastarfor,http://www.snickarmastarna.se,,landscaping,"59,325264","18,074678",Stockholm
Stockholms stadsarkiv,https://stadsarkivet.stockholm/,,museum,"59,33","18,0494444",Stockholm
Stockholms Stadsbibliotek,http://www.ssb.stockholm.se,,library,"59,3434059","18,0550403",Stockholm
Stockholms stadsmuseum,https://stadsmuseet.stockholm/,,museum,"59,3186931","18,0802346",Stockholm
Stockholms Stadsteater,http://www.stadsteatern.stockholm.se,,theatre,"59,331811","18,064209",Stockholm
Stockholms Ånglokssällskap,https://anglok.com/,,museum,"59,29862","18,015866",Stockholm
Stora Essingens Bibliotek,https://biblioteket.stockholm.se/bibliotek/stora-essingens-bibliotek,,library,"59,3206116","17,9860795",Stockholm
Stora Musikhuset (Skarpnäck),https://www.storamusikhuset.se/,,recording_and_rehearsal_studio,"59,26510254","18,12558708",Stockholm
Stora Musikhuset (Årsta),https://www.storamusikhuset.se/,,recording_and_rehearsal_studio,"59,29644097","18,03179645",Stockholm
Stora Scenen Kungsträdgården,http://www.kungstradgarden.se/web/Evenemang.aspx,,music_venue,"59,3313253","18,0715843",Stockholm
Story,http://www.story.se,,media_agency,"59,3143507","18,0799798",Stockholm
Storyside,http://www.storyside.se,,cinema,"59,3390472","18,0677556",Stockholm
Strata Arkitektur,http://www.outerspacearkitekter.se/,,architectural_designer,"59,3175054","18,0342944",Stockholm
Strategisk Arkitektur,http://www.strategiskarkitektur.se,,architectural_designer,"59,3304983","18,0646812",Stockholm
Strindbergs Intima Teater,http://www.strindbergsintimateater.se/,,theatre,"59,335523","18,0536613",Stockholm
Strindbergsmuseet,http://www.strindbergsmuseet.se/,,museum,"59,338406","18,05617",Stockholm
Strombro Building Workshop,http://www.strombro.se/,,architectural_designer,"59,31812","18,06699",Stockholm
"Stuck & Sten, Stocklassa",http://www.stucksten.se/,,commissioned_artist,"59,31093981","17,98880478",Stockholm
Stuckatörens våning museilägenhet Stadsmuseet,https://stadsmuseet.stockholm/historiska-rum/stuckatorens-vaning-1884/,,museum,"59,3373339","18,0684945",Stockholm
Studiefrämjandet,http://www.studieframjandet.se/,,community_services_non_profits,"59,3283919","17,983725",Stockholm
Studiefrämjandet Musik Stockholm,http://www.studieframjandet.se/studios,,community_services_non_profits,"59,3449444","18,0490615",Stockholm
Studieförbunden,http://www.studieforbunden.se/,,community_services_non_profits,"59,336746","18,0503479",Stockholm
Studieförbundet Bilda Öst,http://www.bilda.nu/,,community_services_non_profits,"59,3162646","18,0561345",Stockholm
Studio 44,https://studio44-stockholm.com/,,art_gallery,"59,3159381","18,082819",Stockholm
Studio 8a - event och kulturplats,http://www.flamencocenter.se/,,dance_school,"59,33567","18,05177",Stockholm
Studio ABC - ateljéhuset i Vällingby,http://studioabc.se/,,community_services_non_profits,"59,3593601","17,8740626",Stockholm
Studio Alster,http://www.studioalster.com/,,arts_and_crafts,"59,336209","18,0321059",Stockholm
Studio Barnhus,http://www.studiobarnhus.se/,,record_label,"59,33652","18,0578",Stockholm
Studio Blue,http://www.studioblue.se/,,music_production,"59,2778612","18,0936936",Stockholm
Studio Buller,http://www.studiobuller.com/,,music_production,"59,3057356","17,9852482",Stockholm
Studio Gröndahl,http://studiogrondahl.se/,,music_production,"59,3161187","18,009611",Stockholm
Studio Kransen,http://studiokransen.se/,,arts_and_crafts,"59,3006692","18,0097709",Stockholm
Studio Odette Stockholm,http://www.studio-odette.com/,,dance_school,"59,3472298","18,0671843",Stockholm
Studio Perra,https://studioperra.se/,,venue_and_event_space,"59,31508883","18,05422937",Stockholm
Studio Persia,http://www.studiopersia.com/,,architectural_designer,"59,3324137","18,0959687",Stockholm
Studio Rymden,https://Ingen webbplats,,music_production,"59,35427","18,10032",Stockholm
Studio Salsa,http://www.dansasalsa.se/,,dance_school,"59,340754","18,0488455",Stockholm
Studio Skutan,https://www.instagram.com/k18.studio/,,arts_and_entertainment,"59,3139","18,07725",Stockholm
Studio SN7,https://storanygatan7.se/,,cultural_center,"59,3250827","18,06785",Stockholm
Studio Stockholm Arkitektur,http://www.studiostockholm.se/,,architectural_designer,"59,3168101","18,0708588",Stockholm
Studio Touch,https://studiotouch.se/,,dance_school,"59,3430519","18,0321994",Stockholm
Studio44,https://studio44-stockholm.com/,,art_gallery,"59,3159311","18,0823696",Stockholm
Studio8 Stockholm,http://www.flamencocenter.se/,,dance_school,"59,34791","18,06381",Stockholm
Sturecompagniet,http://sturecompagniet.se/,,dance_club,"59,3364587","18,0733228",Stockholm
SUITE Arkitekter,https://suite-arkitekter.com/,,architectural_designer,"59,34251","18,05889",Stockholm
Suomalainen kirjakauppa Ruotsissa - Finska bokhandeln i Sverige,https://Ingen webbplats,,bookstore,"59,340564","18,034836",Stockholm
Sven-Harrys konstmuseum,http://www.sven-harrys.se,,art_museum,"59,3395121","18,0439153",Stockholm
Svensk biblioteksförening,https://www.biblioteksforeningen.se/,,community_services_non_profits,"59,3354145","18,0653606",Stockholm
Svensk Bokkonst,http://www.svenskbokkonst.se/,,community_services_non_profits,"59,3375524","18,0715913",Stockholm
Svensk Jazz,http://www.svenskjazz.se/,,community_services_non_profits,"59,3356462","18,0305156",Stockholm
Svensk-Tibetanska Skol-och Kulturföreningen,http://tibet-school.org/,,community_services_non_profits,"59,2822482","18,0496102",Stockholm
Svenska Akademiens Nobelbibliotek,http://www.nobelbiblioteket.se/,,library,"59,3253787","18,070869",Stockholm
Svenska Akademiens Nobelbibliotek,https://www.svenskaakademien.se/svenska-akademien/svenska-akademiens-nobelbibliotek,,library,"59,3253611","18,0711111",Stockholm
Svenska Antikvariatföreningen,http://www.svaf.se/,,community_services_non_profits,"59,33751","18,06974",Stockholm
Svenska barnboksinstitutet,http://www.sbi.kb.se,,community_services_non_profits,"59,3432522","18,0530174",Stockholm
Svenska Filminstitutet,http://www.sfi.se,,cinema,"59,3400659","18,1030755",Stockholm
Svenska Folkdansringen,https://folkdansringen.se/,,community_services_non_profits,"59,3196988","17,9898871",Stockholm
Svenska Fotografers Förbund,http://www.sfoto.se/,,community_services_non_profits,"59,3328213","18,0801609",Stockholm
Svenska Förläggareföreningen,http://www.forlaggare.se/,,community_services_non_profits,"59,3404422","18,053498",Stockholm
Svenska Gospelverkstaden,http://www.gospelverkstaden.se/,,community_services_non_profits,"59,3247052","18,0712663",Stockholm
Svenska Tecknare,http://www.svenskatecknare.se/,,community_services_non_profits,"59,32878","18,04009",Stockholm
Svenskt Militärhistoriskt Biblioteks Förlag,http://www.smb.nu,,library,"59,3482492","18,0705886",Stockholm
Sveriges hembygdsförbund,http://www.hembygd.se/,,community_services_non_profits,"59,337738","18,0426271",Stockholm
Sveriges Körförbund,http://www.sverigeskorforbund.se/,,community_services_non_profits,"59,31539","18,07101",Stockholm
Sveriges museum om Förintelsen,https://museumforintelsen.se/,,history_museum,"59,3371335","18,042693",Stockholm
Sveriges VVS & El Museum,http://sverigesvvsmuseum.se/,,museum,"59,3571315","17,9579969",Stockholm
Sverok - Spelkulturförbundet,http://www.sverok.se/,,community_services_non_profits,"59,3288456","17,9844627",Stockholm
Sverok Stockholm-Gotland,https://linktr.ee/SverokStockholmGotland,,community_services_non_profits,"59,3353193","18,0000416",Stockholm
Sweco,http://www.sweco.se,,architectural_designer,"59,3278212","18,017916",Stockholm
Swedish History Museum,http://www.historiska.se/,,museum,"59,334757","18,09087",Stockholm
Swedish Museum of Natural History,http://www.nrm.se,,history_museum,"59,3689717","18,0538789",Stockholm
Swedish Music Hall of Fame,http://swedishmusichalloffame.com,,music_venue,"59,325","18,0963889",Stockholm
Swedish Royal Palace,https://www.kungligaslotten.se/vara-besoksmal/kungliga-slottet.html,,arts_and_entertainment,"59,3262879","18,0704607",Stockholm
Swedish Swing Society,http://www.swedishswing.se/,,community_services_non_profits,"59,3416674","18,0464004",Stockholm
Swedish Theatre,https://Ingen webbplats,,theatre,"59,33","18,0772",Stockholm
Sweetlife Pole & Wellness,http://www.sweetlifepole.se/,,dance_school,"59,33746","18,02997",Stockholm
SWMS arkitektur,http://www.swms.se/,,architectural_designer,"59,34397","18,0485599",Stockholm
Symf,http://www.symf.se/,,community_services_non_profits,"59,3353474","18,0305937",Stockholm
Syntax Error Stockholm,https://syntax-error.se/,,dance_club,"59,3187259","18,0608951",Stockholm
Synth After Work,https://www.facebook.com/synthafterwork/,,music_venue,"59,3233576","18,0707544",Stockholm
Särimners Kultingar (SK),https://disk.su.se/sk/,,community_services_non_profits,"59,405219","17,945015",Stockholm
Söderbokhandeln Hansson & Bruce,http://www.soderbokhandeln.se/,,bookstore,"59,3160543","18,0725407",Stockholm
Södergården hemgård,http://www.sodergarden.org/,,community_services_non_profits,"59,316049","18,0724578",Stockholm
SödermalmMedia Bokförlag,http://www.sodermalmskyrkan.se/,,bookstore,"59,309375","18,076191",Stockholm
Södermalms Bokbinderi,http://www.sodermalmsbokbinderi.se/,,arts_and_crafts,"59,315944","18,0723455",Stockholm
Södra Kulturkontoret,https://sodrakulturkontoret.se/,,community_services_non_profits,"59,3092954","18,0969131",Stockholm
Södra Teatern,https://sodrateatern.com/,,theatre,"59,3183212","18,0744291",Stockholm
Sömnad,http://www.sv.se/stockholm,,community_services_non_profits,"59,314868","18,074538",Stockholm
Söndagsteater i Husby,http://mittiprickteatern.se/sondagsteater,,theatre,"59,40865","17,9272199",Stockholm
Söndagsteater i Rinkeby,http://www.mittiprickteatern.se/forestallningar/sondagsteater-i-rinkeby,,theatre,"59,3891566","17,9247952",Stockholm
Tage Granit,http://www.tagegranit.se/,,theatre,"59,3369713","18,0481205",Stockholm
Taket,https://Ingen webbplats,,dance_club,"59,3319282","18,0643995",Stockholm
Talk To,http://www.talkto-official.se/,,architectural_designer,"59,3411829","18,0747823",Stockholm
Tallkrogens loppis o antikvariat,https://Ingen webbplats,,bookstore,"59,2716","18,0846",Stockholm
Tango Academy Stockholm,http://tangoacademy.se/,,dance_school,"59,33335","18,01626",Stockholm
Tango Norte,http://www.tangonorte.com/,,community_services_non_profits,"59,3252437","18,0679809",Stockholm
Tattoo Kontrast & ART Gallery,https://kontrastinkgallery.com/,,art_gallery,"59,3073927","18,0783134",Stockholm
Teater & Dramaskolan,http://www.teaterochdramaskolan.com/,,theatre,"59,3097252","18,0800408",Stockholm
Teater Barbara,http://www.barbara.nu/,,theatre,"59,3293854","18,0452804",Stockholm
Teater Brunnsgatan Fyra,http://www.brunnsgatanfyra.se/,,theatre,"59,3367472","18,0698848",Stockholm
Teater De Vill,https://teaterdevill.se/,,theatre,"59,3291035","18,0450864",Stockholm
Teater Dur & Moll,http://www.durochmoll.se,,theatre,"59,3173685","18,084006",Stockholm
Teater Galeasen,http://www.galeasen.se/,,theatre,"59,3273656","18,0837312",Stockholm
Teater Giljotin,http://www.teatergiljotin.se/,,theatre,"59,3404399","18,0382785",Stockholm
Teater Kung och Drottning,http://www.kungochdrottning.se/,,theatre,"59,2932997","17,9188857",Stockholm
Teater Pernilla Vettskrämd,https://Ingen webbplats,,theatre,"59,273779","17,983564",Stockholm
Teater Reflex,http://www.teaterreflex.se/,,theatre,"59,284","18,114066",Stockholm
Teater Satori,http://www.teaterverket.se/,,theatre,"59,343842","18,0560478",Stockholm
Teater Tre,http://www.teatertre.se/,,theatre,"59,317711","18,05516",Stockholm
Teater Tribunalen,http://www.tribunalen.com,,theatre,"59,3177209","18,0526959",Stockholm
Teateralliansen,http://www.teateralliansen.se/,,theatre,"59,3161502","18,0438307",Stockholm
Teatercentrum,http://www.teatercentrum.se/,,theatre,"59,31613","18,0426686",Stockholm
Teatermakarna Lundén,http://www.teatermakarna.se/,,theatre,"59,31541","18,0843",Stockholm
Teaterscentralen,http://www.teaterscentralen.se/,,theatre,"59,3293523","18,0011613",Stockholm
Teaterstudio Lederman,http://www.teaterlederman.com/,,theatre,"59,3416312","18,039617",Stockholm
Teaterverket,http://scenfredag.se/,,theatre,"59,3416077","18,0479504",Stockholm
Teaterverket,http://www.teaterverket.se/,,theatre,"59,3357154","18,0594665",Stockholm
Teckna och måla,http://www.sv.se/stockholm,,community_services_non_profits,"59,314755","18,074802",Stockholm
Tegelscenen,http://www.tegelscenen.se/,,theatre,"59,2589757","18,0952421",Stockholm
Tegen2,https://www.instagram.com/tegen.2/,,art_gallery,"59,3107428","18,0798981",Stockholm
Tekniska museet,http://www.tekniskamuseet.se/,,museum,"59,332456","18,118798",Stockholm
Telefonfabriken,http://www.telefonfabriken.com/,,theatre,"59,2989241","17,9910012",Stockholm
Telefonplan Studios,https://Ingen webbplats,,cultural_center,"59,3001589","17,9942239",Stockholm
Telefonplans bibliotek,http://biblioteket.stockholm.se/bibliotek/telefonplans-bibliotek,,library,"59,298881","17,9964331",Stockholm
Tensta Bibliotek,http://biblioteket.stockholm.se/bibliotek/tensta-bibliotek,,library,"59,39551","17,897879",Stockholm
Tensta CommunityCenter,https://Ingen webbplats,,community_center,"59,39319","17,90615",Stockholm
Tensta Joyful Noise,https://youtube.com/@tenstajoyfulnoise?si=ZUbpRHa_YXbW53I7,,choir,"59,39291","17,90252",Stockholm
Tensta konsthall,https://tenstakonsthall.se/,,art_gallery,"59,3937128","17,9033414",Stockholm
Tham & Videgård Arkitekter,http://www.tvark.se/,,architectural_designer,"59,3107007","18,0766522",Stockholm
The Cave,https://thecavesthlm.se/,,dance_club,"59,3401406","18,0619603",Stockholm
The English Bookshop,http://www.bookshop.se,,bookstore,"59,323878","18,068626",Stockholm
The English Bookshop Stockholm,http://www.bookshop.se/,,bookstore,"59,3133208","18,0804733",Stockholm
The EntertainMen,http://www.entertainmen.se/,,choir,"59,27688","18,1328",Stockholm
The Filth Archive,http://www.filtharchive.com/,,music_and_dvd_store,"59,3158394","18,0596313",Stockholm
The International Ballet School,http://www.internationalballet.se/,,dance_school,"59,3157896","18,0316914",Stockholm
The Lux AW Club,https://www.theluxaw.club/,,dance_club,"59,32989","18,07718",Stockholm
The Rabbit Hole,https://www.rabbitholeproduktion.se/om-oss,,dance_club,"59,3364762","18,0733298",Stockholm
The Royal Armoury,http://livrustkammaren.se/en,,history_museum,"59,326559","18,073008",Stockholm
The Viking Museum,http://www.thevikingmuseum.com/,,museum,"59,3265677","18,0947433",Stockholm
The Wall,https://www.stureplansgruppen.se/nightlife/the-wall/,,dance_club,"59,3364836","18,0734677",Stockholm
Thielska Galleriet,http://www.thielskagalleriet.se/,,art_museum,"59,322355","18,148635",Stockholm
Thomas Eriksson Arkitektur & Design,http://tea.se/,,architectural_designer,"59,3456121","18,0373445",Stockholm
Tillsammans,http://www.tillsammans.com/,,architectural_designer,"59,3304036","18,0299506",Stockholm
TioTretton,http://kulturhusetstadsteatern.se/tiotretton,,library,"59,3326318","18,0646055",Stockholm
Tjalans,http://tjalans.se/,,dance_club,"59,3367741","18,0748067",Stockholm
Tolkiensällskapet Forodrim,http://www.forodrim.org/,,arts_and_entertainment,"59,332951","18,043066",Stockholm
Total Arkitektur och Urbanism Tau,http://totalarkitektur.se/,,architectural_designer,"59,3264447","18,0215308",Stockholm
Tradition Arkitekter,http://www.traditionarkitekter.se/,,architectural_designer,"59,3423235","18,0686802",Stockholm
"Transit Kulturinkubator - tid, råd och rum för konstnärliga verksamheter",http://www.transitsthlm.se/,,community_services_non_profits,"59,2998085","17,9945393",Stockholm
Tranströmerbiblioteket,https://biblioteket.stockholm.se/bibliotek/medborgarhusets-bibliotek,,library,"59,314573","18,0718",Stockholm
Tranströmerbiblioteket Medborgarplatsen,https://biblioteket.stockholm.se/bibliotek/transtromerbiblioteket,,library,"59,3146821","18,0729835",Stockholm
Traxton Recording,http://www.traxtonrecording.com/,,media_agency,"59,32076","18,066124",Stockholm
Trädgård på Spåret,https://Ingen webbplats,,urban_farm,"59,30663","18,05907",Stockholm
Trädgården,http://www.tradgarden.com/,,dance_club,"59,3044877","18,0780565",Stockholm
Tundell Salmson audio,http://www.tundellsalmsonaudio.se/,,arts_and_entertainment,"59,29144","18,1179",Stockholm
Turteatern,http://www.turteatern.se,,theatre,"59,2843988","18,1134492",Stockholm
Tussilago Arkitekter,http://www.tussilagoarkitekter.se/,,architectural_designer,"59,292802","17,990819",Stockholm
Tåp Studio,https://tapstudio.se/,,dance_school,"59,3404633","18,0798983",Stockholm
U.D. Urban Design AB,http://www.urbandesign.se/,,architectural_designer,"59,3088978","18,0912134",Stockholm
Under Bron,http://underbron.com/,,dance_club,"59,3043055","18,0788013",Stockholm
Ung Teaterscen,http://www.ungteaterscen.se/,,theatre,"59,31739","18,06343",Stockholm
Unga Klara,http://www.ungaklara.se/,,theatre,"59,332395","18,065933",Stockholm
Ungdomens Hus - Skärholmen,http://www.skarholmen.fryshuset.se/,,community_services_non_profits,"59,27509","17,90598",Stockholm
UNGiKÖR: Sveriges barn- och ungdomskörer,https://www.ungikor.se/,,community_services_non_profits,"59,316349","18,043745",Stockholm
Unidos do Samba,http://www.unidosdosamba.com/,,community_services_non_profits,"59,3388","18,05998",Stockholm
Unna Design,http://unna.se/,,architectural_designer,"59,3003513","18,0287226",Stockholm
Urban Artists Sthlm,https://urbanartists.se/,,arts_and_entertainment,"59,3070582","18,0808794",Stockholm
Urban Minds,http://www.urbanminds.se/,,architectural_designer,"59,3156505","18,0757282",Stockholm
Urkraft,http://www.urkraft.nu/,,dance_school,"59,3457123","18,055023",Stockholm
UusiTeatteri,http://www.uusiteatteri.se/,,theatre,"59,3418411","18,0478513",Stockholm
Vadstena-Akademien,http://www.vadstena-akademien.org/,,theatre,"59,3438086","18,0511498",Stockholm
Vantörs Konstförening,https://www.vantorskonstforening.se/,,art_gallery,"59,2629466","18,0432283",Stockholm
Vardag arkitekter,http://www.vardag.se/,,architectural_designer,"59,3110568","18,0564869",Stockholm
Varg Arkitekter,http://www.vargarkitekter.se/,,architectural_designer,"59,3163199","18,0833128",Stockholm
Vasa Museeum (Vasamuseet),http://www.vasamuseet.se/InEnglish/about.aspx/,,history_museum,"59,32837","18,09156",Stockholm
Vasamuseet,https://www.vasamuseet.se/,,art_museum,"59,3280233","18,0913964",Stockholm
Vasastans Körakademi,http://www.vasastanskorakademi.com/,,music_school,"59,3385","18,0397399",Stockholm
Vasaträffen Fritidscenter,https://senior.stockholm/hitta-traffpunkt-och-motesplats-for-seniorer/traffpunkt-och-motesplats/vasatraffen,,arts_and_entertainment,"59,3420036","18,0518099",Stockholm
Vattumannen,https://www.vattumannen.se/?utm_source=facebook,,bookstore,"59,3331652","18,0418236",Stockholm
Verket,http://verket.org/,,art_gallery,"59,30444","18,07876",Stockholm
Victoria Hall,https://Ingen webbplats,,auditorium,"59,2777336","18,0143359",Stockholm
Vida Arkitektkontor,http://www.vidastockholm.com/,,architectural_designer,"59,3388464","18,0575853",Stockholm
Virtuoso Musikskola,https://Ingen webbplats,,music_school,"59,3415267","18,0330933",Stockholm
Vitterhetsakademiens Bibliotek,http://www.vitterhetsakad.se,,library,"59,3338104","18,0907931",Stockholm
Vocal Colors,https://kulturfyren.se/musik/vocal-colors/,,choir,"59,3247114","18,0712384",Stockholm
Vocal Devotion,http://www.vocaldevotion.com/,,music_school,"59,3418932","18,0288455",Stockholm
Vocalcoach-Stockholm Cecilia R Ray,https://www.vocalcoach.se/,,music_school,"59,3457168","18,0689057",Stockholm
Vocalux Röststudio,http://www.vocalux.se/,,music_school,"59,3326013","18,0401164",Stockholm
Voice Centre,https://www.voicecentre.se/,,music_school,"59,3456657","18,0453374",Stockholm
Vrak – Museum of Wrecks,https://www.vrak.se/,,museum,"59,3263245","18,0950993",Stockholm
VREX Stockholm,http://www.VREX.se/,,arcade,"59,3516585","17,9669809",Stockholm
Vår Teater Högdalen,https://Ingen webbplats,,theatre,"59,2633219","18,0389291",Stockholm
Våra Gårdar,http://www.varagardar.se/,,cinema,"59,3224525","17,9860222",Stockholm
Vällingby bibliotek,https://biblioteket.stockholm.se/bibliotek/vallingby-bibliotek,,library,"59,3624444","17,8705027",Stockholm
Vällingby Folkets hus,https://fhvallingby.com/,,community_services_non_profits,"59,36232","17,871352",Stockholm
Vällingby Kulturhuset Stadsteatern,http://kulturhusetstadsteatern.se/Vallingby/,,theatre,"59,3628243","17,8712263",Stockholm
Världsbiblioteket,http://www.solidaritetshuset.se/,,library,"59,30941","18,0968",Stockholm
Västerbokhandeln AB,http://allbok.se/,,bookstore,"59,284622","17,968031",Stockholm
Västerortsaktivitetscenter,https://Ingen webbplats,,community_services_non_profits,"59,34273","17,87455",Stockholm
Västertorps Marknad,https://www.facebook.com/vastertorpcentrum/?locale=sv_SE,,arts_and_entertainment,"59,294175","17,9701056",Stockholm
Waldemarson Berglund Arkitekter,http://www.waldemarson.se/,,architectural_designer,"59,333548","18,082816",Stockholm
Wanna Dance,http://wannadance.se/,,dance_school,"59,291423","18,0820359",Stockholm
Wasa Museet,https://www.vasamuseet.se/,,museum,"59,3367222","18,0556944",Stockholm
Watz Studio Stockholm,http://www.watzstudio.se/,,art_gallery,"59,34703","18,11122",Stockholm
West End Stockholm,http://www.westendstockholm.se/,,theatre,"59,3670782","17,8434491",Stockholm
Wester + Elsner Arkitekter,http://www.wester-elsner.se/,,architectural_designer,"59,3299896","18,0772632",Stockholm
Wetterling Gallery,http://www.wetterlinggallery.com/,,art_gallery,"59,33148","18,0699966",Stockholm
White Arkitekter,http://www.white.se,,architectural_designer,"59,3045311","18,0803569",Stockholm
Wi landskap,http://www.wilandskap.se/,,landscaping,"59,3291458","18,0968834",Stockholm
WIFT Sverige,http://www.wift.se/,,community_services_non_profits,"59,3346778","18,0602789",Stockholm
Wild Boys Studio,https://Ingen webbplats,,music_venue,"59,2955115","18,0292958",Stockholm
WILLAS contemporary,http://willas.com/,,art_gallery,"59,3319119","18,0693453",Stockholm
"Wilund Arkitekter och Antikvarier,",http://www.wa2.se/,,architect,"59,3414403","18,0826195",Stockholm
Winroth Arkitekter AB,http://www.winrotharkitekter.se/,,architectural_designer,"59,3156822","18,0310068",Stockholm
Wip:sthlm,http://www.wipsthlm.se/,,arts_and_entertainment,"59,291429","18,0092288",Stockholm
Witte Sundell,https://www.wittesundell.se/,,architectural_designer,"59,3155348","18,0355288",Stockholm
Wollbeck Produktion,https://Ingen webbplats,,theatre,"59,347932","18,103235",Stockholm
Young Art,http://www.youngart.se/,,art_gallery,"59,3446545","18,0648547",Stockholm
Yxfeldt Arkitekter,http://framark.se/,,architectural_designer,"59,3350991","18,086856",Stockholm
ZebraDans,http://www.zebradans.se/,,theatre,"59,3102086","18,0860223",Stockholm
Zigzag Animation,http://www.zigzag.se/,,arts_and_entertainment,"59,3107099","18,0795291",Stockholm
ZIN Arkitektur,http://www.zinark.se/,,architectural_designer,"59,3283857","18,0467777",Stockholm
Zinken Art AB,https://www.zinkenart.se/,,art_gallery,"59,3175095","18,0527829",Stockholm
Zita Folkets Bio,http://www.zita.se/,,drive_in_theater,"59,338532","18,0682463",Stockholm
Zitas filmpedagoger,http://zita.se/skola,,community_services_non_profits,"59,33857","18,06821",Stockholm
ZOEN ab,https://www.zoen.se/,,architectural_designer,"59,2560238","18,0821149",Stockholm
𝕫𝕠𝕦𝕜 𝕚𝕟 𝕤𝕥𝕠𝕔𝕜𝕙𝕠𝕝𝕞,https://zouksocstockholm.se/,,dance_school,"59,324622","18,07135",Stockholm
Zouk KTH,http://www.zoukkth.se/,,dance_school,"59,35197","18,06905",Stockholm
Åkermyntans Spelbutik,https://Ingen webbplats,,bookstore,"59,380087","17,817115",Stockholm
Åmells,http://www.amells.com/,,art_gallery,"59,33473","18,0743336",Stockholm
Årsta Folkets Hus,http://www.arstafolketshus.org/,,cinema,"59,2973611","18,0528267",Stockholm
Årstabo,https://biblioteket.stockholm.se/bibliotek/arsta-bibliotek,,library,"59,2970903","18,0514164",Stockholm
ÅWL Arkitekter,http://www.awlark.se/,,architectural_designer,"59,3145457","18,0814215",Stockholm
Älvsjö Bibliotek,https://biblioteket.stockholm.se/bibliotek/alvsjo-bibliotek,,library,"59,278242","18,007691",Stockholm
Ängkvist Musik Produktion,https://Ingen webbplats,,theatre,"59,2534207","18,1039401",Stockholm
Äppelvikens Bokhandel,http://www.appelvikensbokhandel.se/Appelvikens_hemsida/Valkommen.html,,bookstore,"59,3292002","17,9740259",Stockholm
Ö2,http://o2scenkonst.se/,,theatre,"59,311433","18,0750199",Stockholm
Örby Bibliotek,https://biblioteket.stockholm.se/bibliotek/orby-bibliotek,,library,"59,2751927","18,0276203",Stockholm
Östasiatiska museet,http://www.ostasiatiska.se/,,art_museum,"59,3263098","18,0830801",Stockholm
Östberga Kulturhus,https://ostbergakulturhus.stockholm.se/,,community_services_non_profits,"59,2889548","18,0334176",Stockholm
Östermalms bibliotek,https://biblioteket.stockholm.se/bibliotek/ostermalms-bibliotek,,library,"59,3402365","18,0915949",Stockholm
Östermalms Dansstudio,https://en.ostermalmsdansstudio.com/,,dance_school,"59,3536054","18,0895132",Stockholm
Ιδρυμα Ελληνική Πολιτιστική Στέγη Stiftelsen Grekiska Kulturhuset,http://www.grekiskakulturhuset.se/,,cultural_center,"59,3483688","18,0479266",Stockholm