source_file,row,name,city,category,website,lat_field,lon_field,pair_example,delete,reason
startup-stockholm-2025-10-13_17-23.xlsx - export.csv,3,2BK arkitekter,Stockholm,architectural_designer,http://www.2bka.se/,,,,,praesidia != 1
startup-stockholm-2025-10-13_17-23.xlsx - export.csv,4,300kg konst,Stockholm,arts_and_crafts,https://www.300kg.se/,,,,,praesidia != 1
startup-stockholm-2025-10-13_17-23.xlsx - export.csv,6,A Typo Gallery,Stockholm,art_gallery,https://www.instagram.com/atypogallery/,,,,,praesidia != 1
startup-stockholm-2025-10-13_17-23.xlsx - export.csv,7,A6sound,Stockholm,music_production,http://a6sound.se/,,,,,praesidia != 1
startup-stockholm-2025-10-13_17-23.xlsx - export.csv,8,ABBA The Museum,Stockholm,art_museum,https://www.abbathemuseum.com/en,,,,,praesidia != 1
startup-stockholm-2025-10-13_17-23.xlsx - export.csv,9,ABBA The Museum Stockholm,Stockholm,museum,https://abbathemuseum.com/,,,,,praesidia != 1
startup-stockholm-2025-10-13_17-23.xlsx - export.csv,10,Above Gallery,Stockholm,art_gallery,http://www.abovegallery.se/,,,,,praesidia != 1
startup-stockholm-2025-10-13_17-23.xlsx - export.csv,11,Abstrakt Konst,Stockholm,art_gallery,http://www.abstraktkonst.com/,,,,,praesidia != 1
startup-stockholm-2025-10-13_17-23.xlsx - export.csv,12,Accelerator,Stockholm,art_gallery,http://www.acceleratorsu.art/,,,,,praesidia != 1
startup-stockholm-2025-10-13_17-23.xlsx - export.csv,13,Actors Studio Stockholm,Stockholm,theatre,http://www.actorsstudiostockholm.com/,,,,,praesidia != 1
startup-stockholm-2025-10-13_17-23.xlsx - export.csv,14,Aderton Antikvariat,Stockholm,bookstore,http://www.aderton.se,,,,,praesidia != 1
startup-stockholm-2025-10-13_17-23.xlsx - export.csv,15,Afrika Jazz Club,Stockholm,jazz_and_blues,https://www.facebook.com/AfrikaJazzClub/,,,,,praesidia != 1
startup-stockholm-2025-10-13_17-23.xlsx - export.csv,16,AG arkitekter,Stockholm,architectural_designer,http://www.agarkitekter.se/,,,,,praesidia != 1
startup-stockholm-2025-10-13_17-23.xlsx - export.csv,17,Ahlgren Edblom Olsson Wiklander Arkitekter,Stockholm,architectural_designer,http://www.aeow.se/,,,,,praesidia != 1
startup-stockholm-2025-10-13_17-23.xlsx - export.csv,18,Ahlqvist & Almqvist Arkitekter,Stockholm,architectural_designer,http://www.ahlqvist-almqvist.se/,,,,,praesidia != 1
startup-stockholm-2025-10-13_17-23.xlsx - export.csv,19,Ahrbom Arkitektkontor,Stockholm,architectural_designer,http://www.aop.se/,,,,,praesidia != 1
startup-stockholm-2025-10-13_17-23.xlsx - export.csv,20,AIX Arkitekter,Stockholm,architectural_designer,http://www.aix.se/,,,,,praesidia != 1
startup-stockholm-2025-10-13_17-23.xlsx - export.csv,21,AJ Studio & Gallery,Stockholm,art_gallery,http://www.ajstudioandgallery.com/,,,,,praesidia != 1
startup-stockholm-2025-10-13_17-23.xlsx - export.csv,22,Aktivitetshuset Tuben,Stockholm,community_services_non_profits,https://Ingen webbplats,,,,,praesidia != 1
startup-stockholm-2025-10-13_17-23.xlsx - export.csv,23,Albert France-Lanord Architects,Stockholm,architectural_designer,http://www.af-la.com/,,,,,praesidia != 1
startup-stockholm-2025-10-13_17-23.xlsx - export.csv,24,Alexander Bitar History,Stockholm,art_gallery,http://www.AlexanderBitarHistory.com/,,,,,praesidia != 1
startup-stockholm-2025-10-13_17-23.xlsx - export.csv,25,Alhanko Academy of Ballet,Stockholm,dance_school,https://alhankoballet.se/,,,,,praesidia != 1
startup-stockholm-2025-10-13_17-23.xlsx - export.csv,26,ALIS - Administration av Litterära rättigheter I Sverige,Stockholm,community_services_non_profits,http://alis.org/,,,,,praesidia != 1
startup-stockholm-2025-10-13_17-23.xlsx - export.csv,27,All Things Live Sweden,Stockholm,theatrical_productions,https://allthingslive.se/,,,,,praesidia != 1
startup-stockholm-2025-10-13_17-23.xlsx - export.csv,28,AllArtNow,Stockholm,art_gallery,http://www.allartnow.com/,,,,,praesidia != 1
startup-stockholm-2025-10-13_17-23.xlsx - export.csv,29,Alma Arkitekter,Stockholm,architectural_designer,http://www.almaarkitekter.se/,,,,,praesidia != 1
startup-stockholm-2025-10-13_17-23.xlsx - export.csv,30,AloCubano Dance School,Stockholm,dance_school,http://www.alocubano.se/,,,,,praesidia != 1
startup-stockholm-2025-10-13_17-23.xlsx - export.csv,31,Altersten Art Connection,Stockholm,art_gallery,http://www.alterstenart.com/,,,,,praesidia != 1
startup-stockholm-2025-10-13_17-23.xlsx - export.csv,32,Alviks Kulturhus,Stockholm,community_center,http://www.alvikskulturhus.se/,,,,,praesidia != 1
startup-stockholm-2025-10-13_17-23.xlsx - export.csv,33,Alvikstorpet,Stockholm,arts_and_crafts,https://alvikstorpet.se/,,,,,praesidia != 1
startup-stockholm-2025-10-13_17-23.xlsx - export.csv,34,Andetag,Stockholm,art_museum,http://andetag.museum/,,,,,praesidia != 1
startup-stockholm-2025-10-13_17-23.xlsx - export.csv,35,Andra Jazz,Stockholm,music_and_dvd_store,http://Andrajazz.se/,,,,,praesidia != 1
startup-stockholm-2025-10-13_17-23.xlsx - export.csv,36,Andreas Martin-Löf Arkitekter,Stockholm,architectural_designer,https://www.amlstudios.com/,,,,,praesidia != 1
startup-stockholm-2025-10-13_17-23.xlsx - export.csv,37,Andréhn-Schiptjenko,Stockholm,art_gallery,http://www.andrehn-schiptjenko.com/,,,,,praesidia != 1
startup-stockholm-2025-10-13_17-23.xlsx - export.csv,38,Anna Bohman Gallery,Stockholm,art_gallery,https://www.annabohmangallery.com/,,,,,praesidia != 1
startup-stockholm-2025-10-13_17-23.xlsx - export.csv,39,Anna Lindh Biblioteket,Stockholm,library,http://www.annalindhbiblioteket.se,,,,,praesidia != 1
startup-stockholm-2025-10-13_17-23.xlsx - export.csv,40,Anna Lindhagens museum,Stockholm,museum,http://wp.stigbergetsborgarrum.se/,,,,,praesidia != 1
startup-stockholm-2025-10-13_17-23.xlsx - export.csv,41,Anna Schröder Kisel Keramik,Stockholm,arts_and_crafts,http://www.kiselkeramik.se/,,,,,praesidia != 1
startup-stockholm-2025-10-13_17-23.xlsx - export.csv,42,Annexet,Stockholm,music_venue,https://www.stockholmlive.com/vara-arenor/annexet,,,,,praesidia != 1
startup-stockholm-2025-10-13_17-23.xlsx - export.csv,43,Antikvariat August,Stockholm,bookstore,http://www.antikvariataugust.se,,,,,praesidia != 1
startup-stockholm-2025-10-13_17-23.xlsx - export.csv,44,Antikvariat GodBok,Stockholm,bookstore,http://www.bokborsen.se/?storeid=4127,,,,,praesidia != 1
startup-stockholm-2025-10-13_17-23.xlsx - export.csv,45,Antikvariat Hundörat,Stockholm,bookstore,http://www.hundorat.se/,,,,,praesidia != 1
startup-stockholm-2025-10-13_17-23.xlsx - export.csv,46,Antikvariat Morris,Stockholm,bookstore,http://www.antikvariatmorris.com/,,,,,praesidia != 1
startup-stockholm-2025-10-13_17-23.xlsx - export.csv,47,Antikvariat Strix,Stockholm,bookstore,https://Ingen webbplats,,,,,praesidia != 1
startup-stockholm-2025-10-13_17-23.xlsx - export.csv,48,Antikvariat Verklighetsflykt,Stockholm,bookstore,https://Ingen webbplats,,,,,praesidia != 1
startup-stockholm-2025-10-13_17-23.xlsx - export.csv,49,Antonucci smycken,Stockholm,arts_and_crafts,https://www.instagram.com/antonuccismycken/,,,,,praesidia != 1
startup-stockholm-2025-10-13_17-23.xlsx - export.csv,50,Apotekarsocieteten,Stockholm,museum,https://apotekarsocieteten.museum/museisamlingar-och-bibliotek/,,,,,praesidia != 1
startup-stockholm-2025-10-13_17-23.xlsx - export.csv,51,Appell Arkitektkontor,Stockholm,architectural_designer,http://www.appellarkitektkontor.se/,,,,,praesidia != 1
startup-stockholm-2025-10-13_17-23.xlsx - export.csv,52,APU Network,Stockholm,community_services_non_profits,http://www.apunetwork.net/,,,,,praesidia != 1
startup-stockholm-2025-10-13_17-23.xlsx - export.csv,53,Arameiska-Syrianska Föreningen i Norsborg,Stockholm,community_services_non_profits,http://www.sauf.nu/,,,,,praesidia != 1
startup-stockholm-2025-10-13_17-23.xlsx - export.csv,54,Arbetarnas Bildningsforbund,Stockholm,community_services_non_profits,http://www.abf.se,,,,,praesidia != 1
startup-stockholm-2025-10-13_17-23.xlsx - export.csv,55,Archus,Stockholm,architectural_designer,http://www.archus.se/,,,,,praesidia != 1
startup-stockholm-2025-10-13_17-23.xlsx - export.csv,56,Arcobaleno Musikskola-Music School,Stockholm,community_services_non_profits,http://www.arcobaleno.se/,,,,,praesidia != 1
startup-stockholm-2025-10-13_17-23.xlsx - export.csv,57,Arenagruppen,Stockholm,community_services_non_profits,http://www.arenagruppen.se/,,,,,praesidia != 1
startup-stockholm-2025-10-13_17-23.xlsx - export.csv,58,Arenaslöjd,Stockholm,circus,https://scenkonstportalen.riksteatern.se/produktion/14083,,,,,praesidia != 1
startup-stockholm-2025-10-13_17-23.xlsx - export.csv,59,Argo Arkitekter,Stockholm,architectural_designer,http://www.argoarkitekter.se/,,,,,praesidia != 1
startup-stockholm-2025-10-13_17-23.xlsx - export.csv,60,Ariels Skugga,Stockholm,theatre,https://magictheatrecompany.com/,,,,,praesidia != 1
startup-stockholm-2025-10-13_17-23.xlsx - export.csv,61,ArkDes,Stockholm,museum,http://www.arkdes.se/,,,,,praesidia != 1
startup-stockholm-2025-10-13_17-23.xlsx - export.csv,62,"Arkitekt Mats Åstedt, sar/msa",Stockholm,architectural_designer,https://www.houzz.se/experter/arkitekter/mats-aastedt-arkitekt-sar-msa-pfvwse-pf~312468870,,,,,praesidia != 1
startup-stockholm-2025-10-13_17-23.xlsx - export.csv,63,Arkitekterna Krook & Tjäder,Stockholm,architectural_designer,http://www.krook.tjader.se,,,,,praesidia != 1
startup-stockholm-2025-10-13_17-23.xlsx - export.csv,64,Arkitekturfabriken,Stockholm,architectural_designer,http://arkitekturfabriken.eu/,,,,,praesidia != 1
startup-stockholm-2025-10-13_17-23.xlsx - export.csv,65,Arkitekturmuseet,Stockholm,art_museum,http://www.arkdes.se,,,,,praesidia != 1
startup-stockholm-2025-10-13_17-23.xlsx - export.csv,66,ARKIVIST Group,Stockholm,architect,https://www.arkivist.se/,,,,,praesidia != 1
startup-stockholm-2025-10-13_17-23.xlsx - export.csv,67,Arkivist Group AB,Stockholm,architectural_designer,http://www.arkivist.se/,,,,,praesidia != 1
startup-stockholm-2025-10-13_17-23.xlsx - export.csv,68,Armémuseum,Stockholm,museum,http://www.armemuseum.se,,,,,praesidia != 1
startup-stockholm-2025-10-13_17-23.xlsx - export.csv,69,Armémuseum,Stockholm,museum,https://armemuseum.se/,,,,,praesidia != 1
startup-stockholm-2025-10-13_17-23.xlsx - export.csv,70,Arranging Things,Stockholm,arts_and_crafts,http://arrangingthings.se/,,,,,praesidia != 1
startup-stockholm-2025-10-13_17-23.xlsx - export.csv,71,Art & Form,Stockholm,art_gallery,http://www.artoform.se/,,,,,praesidia != 1
startup-stockholm-2025-10-13_17-23.xlsx - export.csv,72,ART 3K,Stockholm,art_gallery,https://art3k.se/,,,,,praesidia != 1
startup-stockholm-2025-10-13_17-23.xlsx - export.csv,73,Art Of Tibet,Stockholm,arts_and_crafts,http://www.artoftibet.com/,,,,,praesidia != 1
startup-stockholm-2025-10-13_17-23.xlsx - export.csv,74,Art On Glass - Peter Ahlén,Stockholm,architectural_designer,http://www.artonglass.se/,,,,,praesidia != 1
startup-stockholm-2025-10-13_17-23.xlsx - export.csv,75,Arts & Hearts,Stockholm,community_services_non_profits,http://www.artsandhearts.se/,,,,,praesidia != 1
startup-stockholm-2025-10-13_17-23.xlsx - export.csv,76,Artsight Galleri Stockholm,Stockholm,art_gallery,https://galleriartsight.se/,,,,,praesidia != 1
startup-stockholm-2025-10-13_17-23.xlsx - export.csv,77,Artten Gallery Stockholm,Stockholm,art_gallery,https://artten.se/,,,,,praesidia != 1
startup-stockholm-2025-10-13_17-23.xlsx - export.csv,78,Arwidssonstiftelsen,Stockholm,community_services_non_profits,http://arwidssonstiftelsen.se/,,,,,praesidia != 1
startup-stockholm-2025-10-13_17-23.xlsx - export.csv,79,Ascape,Stockholm,architectural_designer,http://www.ascape.se/,,,,,praesidia != 1
startup-stockholm-2025-10-13_17-23.xlsx - export.csv,80,Askhagen Arkitektkontor,Stockholm,architectural_designer,https://www.askhagen.se/,,,,,praesidia != 1
startup-stockholm-2025-10-13_17-23.xlsx - export.csv,81,Aspuddens Bibliotek,Stockholm,library,http://biblioteket.stockholm.se/bibliotek/aspuddens-bibliotek,,,,,praesidia != 1
startup-stockholm-2025-10-13_17-23.xlsx - export.csv,82,Assitej Sverige,Stockholm,community_services_non_profits,http://www.assitej.se/,,,,,praesidia != 1
startup-stockholm-2025-10-13_17-23.xlsx - export.csv,83,Astha,Stockholm,art_gallery,https://www.instagram.com/asthasatelje,,,,,praesidia != 1
startup-stockholm-2025-10-13_17-23.xlsx - export.csv,84,Astrid Lindgrens hem,Stockholm,museum,https://www.astridlindgrenshem.se/,,,,,praesidia != 1
startup-stockholm-2025-10-13_17-23.xlsx - export.csv,85,AT-studio.se,Stockholm,architectural_designer,http://At-studio.se/,,,,,praesidia != 1
startup-stockholm-2025-10-13_17-23.xlsx - export.csv,86,Atelier för Per Söderberg arkitektstudio & No Early Birds möbelkollektion,Stockholm,architectural_designer,http://www.noearlybirds.se/,,,,,praesidia != 1
startup-stockholm-2025-10-13_17-23.xlsx - export.csv,87,Ateljé & Galleri Bollhustäppan,Stockholm,art_gallery,https://www.instagram.com/galleri_bollhustappan/,,,,,praesidia != 1
startup-stockholm-2025-10-13_17-23.xlsx - export.csv,88,Ateljé 89,Stockholm,art_gallery,https://atelje89.se/,,,,,praesidia != 1
startup-stockholm-2025-10-13_17-23.xlsx - export.csv,89,Ateljé Avant,Stockholm,art_gallery,https://ateljeavant.se/,,,,,praesidia != 1
startup-stockholm-2025-10-13_17-23.xlsx - export.csv,90,Ateljé Blå Kråkan,Stockholm,art_gallery,https://www.facebook.com/krakfotkeramik,,,,,praesidia != 1
startup-stockholm-2025-10-13_17-23.xlsx - export.csv,91,Atelje Catellani AB,Stockholm,art_restoration,http://www.ateljecatellani.se/,,,,,praesidia != 1
startup-stockholm-2025-10-13_17-23.xlsx - export.csv,92,Ateljé KB75,Stockholm,art_gallery,https://www.kb75.se/,,,,,praesidia != 1
startup-stockholm-2025-10-13_17-23.xlsx - export.csv,93,Atelje Zedendahl,Stockholm,art_gallery,https://www.instagram.com/zedendahl/,,,,,praesidia != 1
startup-stockholm-2025-10-13_17-23.xlsx - export.csv,94,Ateljeforeningen Arsta Gamla Skola,Stockholm,art_gallery,https://www.ateljehusen.se/husen/ateljeforeningen-arsta-gamla-skola,,,,,praesidia != 1
startup-stockholm-2025-10-13_17-23.xlsx - export.csv,95,Ateljégruppen Sofiamålarna,Stockholm,community_services_non_profits,http://www.sofiamalarna.se/,,,,,praesidia != 1
startup-stockholm-2025-10-13_17-23.xlsx - export.csv,96,"Ateljén Själagårdsgatan 21, Gamla Stan",Stockholm,art_gallery,https://www.instagram.com/hagstromberghgamlastan/,,,,,praesidia != 1
startup-stockholm-2025-10-13_17-23.xlsx - export.csv,97,Atlant Arkitekter,Stockholm,architect,https://www.atlantarkitekter.se/,,,,,praesidia != 1
startup-stockholm-2025-10-13_17-23.xlsx - export.csv,98,Atlantis Metronome,Stockholm,music_production,http://www.atlantisstudios.se/,,,,,praesidia != 1
startup-stockholm-2025-10-13_17-23.xlsx - export.csv,99,Avicii Experience,Stockholm,museum,http://www.aviciiexperience.com/,,,,,praesidia != 1
startup-stockholm-2025-10-13_17-23.xlsx - export.csv,100,Bacchi Syre,Stockholm,community_center,https://www.bacchisyre.se/,,,,,praesidia != 1
startup-stockholm-2025-10-13_17-23.xlsx - export.csv,101,Backhans & Ed Arkitekter,Stockholm,architectural_designer,https://www.backhansed.se/,,,,,praesidia != 1
startup-stockholm-2025-10-13_17-23.xlsx - export.csv,102,Bagarmossens Folkets Hus,Stockholm,community_center,http://www.bagisfh.se/,,,,,praesidia != 1
startup-stockholm-2025-10-13_17-23.xlsx - export.csv,103,Bahá'í-förlaget,Stockholm,bookstore,http://www.bahaiforlaget.se/,,,,,praesidia != 1
startup-stockholm-2025-10-13_17-23.xlsx - export.csv,104,Bajenkonst,Stockholm,arts_and_entertainment,http://www.bajenkonst.se/,,,,,praesidia != 1
startup-stockholm-2025-10-13_17-23.xlsx - export.csv,105,Balett Fitness - Barre á terre,Stockholm,dance_school,http://www.flamencocenter.se/,,,,,praesidia != 1
startup-stockholm-2025-10-13_17-23.xlsx - export.csv,106,Balettakademien,Stockholm,dance_school,http://www.balettakademien.se/stockholm,,,,,praesidia != 1
startup-stockholm-2025-10-13_17-23.xlsx - export.csv,107,Balettcentrum Stockholm,Stockholm,dance_school,http://balettcentrum.se/,,,,,praesidia != 1
startup-stockholm-2025-10-13_17-23.xlsx - export.csv,108,Ballroom,Stockholm,dance_club,http://www.berns.se,,,,,praesidia != 1
startup-stockholm-2025-10-13_17-23.xlsx - export.csv,109,Banan-Kompaniet,Stockholm,cultural_center,http://www.banan-kompaniet.se,,,,,praesidia != 1
startup-stockholm-2025-10-13_17-23.xlsx - export.csv,110,Barnbolaget,Stockholm,bookstore,http://barnbolaget.net/,,,,,praesidia != 1
startup-stockholm-2025-10-13_17-23.xlsx - export.csv,111,Barnens bokbuss,Stockholm,library,https://biblioteket.stockholm.se/bibliotek/barnens-bokbuss,,,,,praesidia != 1
startup-stockholm-2025-10-13_17-23.xlsx - export.csv,112,Barnens Underjordiska Scen,Stockholm,theatre,http://www.underjordiska.com/,,,,,praesidia != 1
startup-stockholm-2025-10-13_17-23.xlsx - export.csv,113,BAS Bandhagen,Stockholm,music_venue,https://Ingen webbplats,,,,,praesidia != 1
startup-stockholm-2025-10-13_17-23.xlsx - export.csv,114,BASE23 - Stockholm Dance Academy,Stockholm,dance_school,http://base23.se/,,,,,praesidia != 1
startup-stockholm-2025-10-13_17-23.xlsx - export.csv,115,BAU,Stockholm,architectural_designer,http://www.bau.se/,,,,,praesidia != 1
startup-stockholm-2025-10-13_17-23.xlsx - export.csv,116,Belatchew,Stockholm,architectural_designer,http://www.belatchew.com/,,,,,praesidia != 1
startup-stockholm-2025-10-13_17-23.xlsx - export.csv,117,Belenius,Stockholm,art_gallery,http://www.belenius.com/,,,,,praesidia != 1
startup-stockholm-2025-10-13_17-23.xlsx - export.csv,118,BellevueFarm,Stockholm,community_services_non_profits,http://www.bellevuefarm.se/,,,,,praesidia != 1
startup-stockholm-2025-10-13_17-23.xlsx - export.csv,119,Bellmanhuset,Stockholm,museum,http://www.bellmanhuset.se/,,,,,praesidia != 1
startup-stockholm-2025-10-13_17-23.xlsx - export.csv,120,Bellmanmuséet,Stockholm,museum,http://www.storahenriksvik.se/bellmanmuseet,,,,,praesidia != 1
startup-stockholm-2025-10-13_17-23.xlsx - export.csv,121,Bengaliska moskén - Islamiska Kulturföreningen - বাংলাদেশ কেন্দ্রীয় মসজিদ,Stockholm,community_services_non_profits,https://Ingen webbplats,,,,,praesidia != 1
startup-stockholm-2025-10-13_17-23.xlsx - export.csv,122,Berg Gallery,Stockholm,art_gallery,http://www.berggallery.se/,,,,,praesidia != 1
startup-stockholm-2025-10-13_17-23.xlsx - export.csv,123,Bergagalleriet,Stockholm,art_gallery,https://bergagalleriet.wordpress.com/,,,,,praesidia != 1
startup-stockholm-2025-10-13_17-23.xlsx - export.csv,124,BergerBerger,Stockholm,art_museum,http://www.bergerberger.se/,,,,,praesidia != 1
startup-stockholm-2025-10-13_17-23.xlsx - export.csv,125,Bergkrantz Arkitekter,Stockholm,architectural_designer,http://www.bergkrantz.se/,,,,,praesidia != 1
startup-stockholm-2025-10-13_17-23.xlsx - export.csv,126,Berglund Arkitekter,Stockholm,architect,http://berglundarkitekter.se/,,,,,praesidia != 1
startup-stockholm-2025-10-13_17-23.xlsx - export.csv,127,Bergmans Sthlm,Stockholm,dance_club,http://www.bergmanssthlm.se/,,,,,praesidia != 1
startup-stockholm-2025-10-13_17-23.xlsx - export.csv,128,Bergrummet,Stockholm,history_museum,https://www.varldskulturmuseerna.se/utstallningar/bergrummet,,,,,praesidia != 1
startup-stockholm-2025-10-13_17-23.xlsx - export.csv,129,Bernadottebiblioteket,Stockholm,library,https://www.kungligaslotten.se/english/articles-movies-360/the-royal-palace/2018-04-13-the-bernadotte-library.html,,,,,praesidia != 1
startup-stockholm-2025-10-13_17-23.xlsx - export.csv,130,Berättarministeriet,Stockholm,community_services_non_profits,https://www.linkedin.com/company/berättarministeriet/,,,,,praesidia != 1
startup-stockholm-2025-10-13_17-23.xlsx - export.csv,131,Berättarnas Torg,Stockholm,arts_and_entertainment,http://www.berattarnastorg.se/,,,,,praesidia != 1
startup-stockholm-2025-10-13_17-23.xlsx - export.csv,132,Best before collective,Stockholm,art_gallery,https://bestbeforecollective.se/,,,,,praesidia != 1
startup-stockholm-2025-10-13_17-23.xlsx - export.csv,133,Bibblerian,Stockholm,library,https://biblioteket.stockholm.se/bibliotek/hasselby-gards-bibliotek,,,,,praesidia != 1
startup-stockholm-2025-10-13_17-23.xlsx - export.csv,134,Biblioteket Sophiahemmet Högskola,Stockholm,library,https://www.shh.se/sv/bibliotek/hem/,,,,,praesidia != 1
startup-stockholm-2025-10-13_17-23.xlsx - export.csv,135,"Biblioteket, Fältöversten",Stockholm,library,https://biblioteket.stockholm.se/bibliotek/ostermalms-bibliotek,,,,,praesidia != 1
startup-stockholm-2025-10-13_17-23.xlsx - export.csv,136,Bifrostorden Logen 8 Manheim,Stockholm,community_services_non_profits,http://www.bifrostorden.se/,,,,,praesidia != 1
startup-stockholm-2025-10-13_17-23.xlsx - export.csv,137,Bildupphovsrätt i Sverige,Stockholm,community_services_non_profits,http://www.bildupphovsratt.se/,,,,,praesidia != 1
startup-stockholm-2025-10-13_17-23.xlsx - export.csv,138,Bio Aspen,Stockholm,cinema,http://bioaspen.se/,,,,,praesidia != 1
startup-stockholm-2025-10-13_17-23.xlsx - export.csv,139,Bio Fågel Blå 1926,Stockholm,cinema,http://www.biofagelbla.se/,,,,,praesidia != 1
startup-stockholm-2025-10-13_17-23.xlsx - export.csv,140,Bio Kaskad,Stockholm,cinema,http://www.biokaskad.se/,,,,,praesidia != 1
startup-stockholm-2025-10-13_17-23.xlsx - export.csv,141,Bio Kontrast Årsta,Stockholm,cinema,http://arstafolketshus.org/?page_id=25,,,,,praesidia != 1
startup-stockholm-2025-10-13_17-23.xlsx - export.csv,142,Bio Rio,Stockholm,cinema,http://biorio.se/,,,,,praesidia != 1
startup-stockholm-2025-10-13_17-23.xlsx - export.csv,143,Bio Rågsved,Stockholm,cinema,https://Ingen webbplats,,,,,praesidia != 1
startup-stockholm-2025-10-13_17-23.xlsx - export.csv,144,Bio Skandia,Stockholm,cinema,https://bioskandia.se/,,,,,praesidia != 1
startup-stockholm-2025-10-13_17-23.xlsx - export.csv,145,Bio Victor,Stockholm,cinema,https://Ingen webbplats,,,,,praesidia != 1
startup-stockholm-2025-10-13_17-23.xlsx - export.csv,146,Biocafé Tellus,Stockholm,cinema,http://www.tellusbio.nu,,,,,praesidia != 1
startup-stockholm-2025-10-13_17-23.xlsx - export.csv,147,Biograf Reflexen,Stockholm,cinema,http://www.reflexen.nu/,,,,,praesidia != 1
startup-stockholm-2025-10-13_17-23.xlsx - export.csv,148,Biograf Sture,Stockholm,cinema,http://www.biosture.se,,,,,praesidia != 1
startup-stockholm-2025-10-13_17-23.xlsx - export.csv,149,Biografcentralen,Stockholm,cinema,http://www.biografcentralen.se/,,,,,praesidia != 1
startup-stockholm-2025-10-13_17-23.xlsx - export.csv,150,Björkhagens Bibliotek,Stockholm,library,https://biblioteket.stockholm.se/bibliotek/bjorkhagens-bibliotek,,,,,praesidia != 1
startup-stockholm-2025-10-13_17-23.xlsx - export.csv,151,Björkholmen Gallery,Stockholm,art_gallery,http://www.bjorkholmengallery.com/,,,,,praesidia != 1
startup-stockholm-2025-10-13_17-23.xlsx - export.csv,152,Blank Arkitekter,Stockholm,architectural_designer,http://www.blankark.se/,,,,,praesidia != 1
startup-stockholm-2025-10-13_17-23.xlsx - export.csv,153,Blockmakarens hus,Stockholm,museum,https://stadsmuseet.stockholm/historiska-rum/blockmakarens-hus-1917/,,,,,praesidia != 1
startup-stockholm-2025-10-13_17-23.xlsx - export.csv,154,Blomsterdalens Hyresgästförening,Stockholm,community_services_non_profits,https://Ingen webbplats,,,,,praesidia != 1
startup-stockholm-2025-10-13_17-23.xlsx - export.csv,155,Blomsterfonden,Stockholm,community_services_non_profits,http://www.blomsterfonden.se/,,,,,praesidia != 1
startup-stockholm-2025-10-13_17-23.xlsx - export.csv,156,Blue House Jazz Orchestra,Stockholm,theatre,http://www.konserthuset.se/,,,,,praesidia != 1
startup-stockholm-2025-10-13_17-23.xlsx - export.csv,157,Blueheart Project,Stockholm,community_services_non_profits,https://blueheart.center/,,,,,praesidia != 1
startup-stockholm-2025-10-13_17-23.xlsx - export.csv,158,Bluesjammet,Stockholm,jazz_and_blues,https://www.facebook.com/bluesjammet/,,,,,praesidia != 1
startup-stockholm-2025-10-13_17-23.xlsx - export.csv,159,Blås & knåda,Stockholm,art_gallery,http://www.blasknada.com/,,,,,praesidia != 1
startup-stockholm-2025-10-13_17-23.xlsx - export.csv,160,Bokbok - barnbokhandel,Stockholm,bookstore,http://www.bokbok.se/,,,,,praesidia != 1
startup-stockholm-2025-10-13_17-23.xlsx - export.csv,161,Bokförlaget Redaktionen,Stockholm,bookstore,http://www.redaktionen.se/,,,,,praesidia != 1
startup-stockholm-2025-10-13_17-23.xlsx - export.csv,162,Bokförlaget Skosnöret,Stockholm,bookstore,http://www.bokforlagetskosnoret.com/,,,,,praesidia != 1
startup-stockholm-2025-10-13_17-23.xlsx - export.csv,163,Bokhandeln INFo,Stockholm,bookstore,http://kafe44.org/,,,,,praesidia != 1
startup-stockholm-2025-10-13_17-23.xlsx - export.csv,164,Bokhandeln Studio,Stockholm,bookstore,https://Ingen webbplats,,,,,praesidia != 1
startup-stockholm-2025-10-13_17-23.xlsx - export.csv,165,Boklunden Karlavägen,Stockholm,bookstore,http://www.boklunden.eu,,,,,praesidia != 1
startup-stockholm-2025-10-13_17-23.xlsx - export.csv,166,Bokslukaren,Stockholm,bookstore,http://www.bokslukaren.com,,,,,praesidia != 1
startup-stockholm-2025-10-13_17-23.xlsx - export.csv,167,Bokspindeln,Stockholm,bookstore,http://www.bokspindeln.se,,,,,praesidia != 1
startup-stockholm-2025-10-13_17-23.xlsx - export.csv,168,Bonniers Konsthall,Stockholm,art_museum,http://www.bonnierskonsthall.se/,,,,,praesidia != 1
startup-stockholm-2025-10-13_17-23.xlsx - export.csv,169,Books4you,Stockholm,bookstore,https://books4you.se/,,,,,praesidia != 1
startup-stockholm-2025-10-13_17-23.xlsx - export.csv,170,Boulevardteatern,Stockholm,theatre,https://boulevardteatern.se/,,,,,praesidia != 1
startup-stockholm-2025-10-13_17-23.xlsx - export.csv,171,Brainpool,Stockholm,community_services_non_profits,https://www.brainpoolsweden.com/,,,,,praesidia != 1
startup-stockholm-2025-10-13_17-23.xlsx - export.csv,172,Brazouka Stockholm,Stockholm,dance_school,http://www.brazouka.com/,,,,,praesidia != 1
startup-stockholm-2025-10-13_17-23.xlsx - export.csv,173,Brilliant Minds Stockholm,Stockholm,community_services_non_profits,http://brilliantminds.co/,,,,,praesidia != 1
startup-stockholm-2025-10-13_17-23.xlsx - export.csv,174,Bromma KFUM,Stockholm,community_services_non_profits,https://linktr.ee/brommakfum,,,,,praesidia != 1
startup-stockholm-2025-10-13_17-23.xlsx - export.csv,175,Brommaplans Bibliotek,Stockholm,library,http://biblioteket.stockholm.se/bibliotek/brommaplans-bibliotek,,,,,praesidia != 1
startup-stockholm-2025-10-13_17-23.xlsx - export.csv,176,Bromstens fritidsgård,Stockholm,community_services_non_profits,http://www.stadsmissionen.se/Socialverksamhet/Barnochunga/Bromstens-fritidsgard/,,,,,praesidia != 1
startup-stockholm-2025-10-13_17-23.xlsx - export.csv,177,Brunnberg & Forshed Arkitektkontor AB,Stockholm,architectural_designer,http://www.brunnbergoforshed.se/,,,,,praesidia != 1
startup-stockholm-2025-10-13_17-23.xlsx - export.csv,178,Brut Natur - Curated Cabins,Stockholm,architectural_designer,http://www.brutnatur.se/,,,,,praesidia != 1
startup-stockholm-2025-10-13_17-23.xlsx - export.csv,179,Bryggarsalen,Stockholm,music_venue,https://www.brygghuset.se/,,,,,praesidia != 1
startup-stockholm-2025-10-13_17-23.xlsx - export.csv,180,BSK Arkitekter,Stockholm,architectural_designer,http://www.bsk.se/,,,,,praesidia != 1
startup-stockholm-2025-10-13_17-23.xlsx - export.csv,181,Butong Concrete Innovation,Stockholm,architectural_designer,http://www.butong.eu/,,,,,praesidia != 1
startup-stockholm-2025-10-13_17-23.xlsx - export.csv,182,Bygdegårdarnas Riksförbund,Stockholm,community_services_non_profits,http://www.bygdegardarna.se/,,,,,praesidia != 1
startup-stockholm-2025-10-13_17-23.xlsx - export.csv,183,Byggfenomen,Stockholm,architectural_designer,http://byggfenomen.se/,,,,,praesidia != 1
startup-stockholm-2025-10-13_17-23.xlsx - export.csv,184,Bysis Bok & Papper,Stockholm,bookstore,http://www.bysisbok.se/,,,,,praesidia != 1
startup-stockholm-2025-10-13_17-23.xlsx - export.csv,185,Båthall 2,Stockholm,history_museum,http://www.sjohistoriska.se/sv/Besok/Besok-oss/Galarvarvet/Bathall2,,,,,praesidia != 1
startup-stockholm-2025-10-13_17-23.xlsx - export.csv,186,Bååtska Rummet,Stockholm,museum,https://Ingen webbplats,,,,,praesidia != 1
startup-stockholm-2025-10-13_17-23.xlsx - export.csv,187,Börje Gellborn Records,Stockholm,music_and_dvd_store,http://www.gellbornrecords.com,,,,,praesidia != 1
startup-stockholm-2025-10-13_17-23.xlsx - export.csv,188,Café Opera,Stockholm,dance_club,https://www.cafeopera.se,,,,,praesidia != 1
startup-stockholm-2025-10-13_17-23.xlsx - export.csv,189,Calle Flygare Teaterskola,Stockholm,theatre,http://www.calleflygare.se/,,,,,praesidia != 1
startup-stockholm-2025-10-13_17-23.xlsx - export.csv,190,Candyland,Stockholm,art_gallery,http://www.candyland.se/,,,,,praesidia != 1
startup-stockholm-2025-10-13_17-23.xlsx - export.csv,191,CAP Gallery,Stockholm,art_gallery,http://capgallery.se/,,,,,praesidia != 1
startup-stockholm-2025-10-13_17-23.xlsx - export.csv,192,Capitol Stockholm,Stockholm,cinema,http://www.capitolbio.se/,,,,,praesidia != 1
startup-stockholm-2025-10-13_17-23.xlsx - export.csv,193,Capoeira Guanabara STHLM,Stockholm,dance_school,https://capoeiraguanabara.se/,,,,,praesidia != 1
startup-stockholm-2025-10-13_17-23.xlsx - export.csv,194,Capoeiraklubb Senzala IF,Stockholm,community_services_non_profits,https://www.capoeirastockholm.se/,,,,,praesidia != 1
startup-stockholm-2025-10-13_17-23.xlsx - export.csv,195,Caporales San Simón - Estocolmo,Stockholm,community_services_non_profits,http://www.sansimonsthlm.com/,,,,,praesidia != 1
startup-stockholm-2025-10-13_17-23.xlsx - export.csv,196,Carl Eldhs Ateljémuseum,Stockholm,art_museum,http://www.eldhsatelje.se/,,,,,praesidia != 1
startup-stockholm-2025-10-13_17-23.xlsx - export.csv,197,Carlson Arkitekter,Stockholm,architectural_designer,http://www.carlsonark.com/,,,,,praesidia != 1
startup-stockholm-2025-10-13_17-23.xlsx - export.csv,198,Carlstedt Arkitekter AB,Stockholm,architectural_designer,http://www.carlstedtark.se/,,,,,praesidia != 1
startup-stockholm-2025-10-13_17-23.xlsx - export.csv,199,CARP ART,Stockholm,arts_and_entertainment,http://carp.se/,,,,,praesidia != 1
startup-stockholm-2025-10-13_17-23.xlsx - export.csv,200,Castor Konsthantverk,Stockholm,arts_and_crafts,http://castorhantverk.com/,,,,,praesidia != 1
startup-stockholm-2025-10-13_17-23.xlsx - export.csv,201,ccap,Stockholm,arts_and_entertainment,http://www.ccap.se/,,,,,praesidia != 1
startup-stockholm-2025-10-13_17-23.xlsx - export.csv,202,Cecilia Haupt Konstbyrå,Stockholm,art_gallery,http://www.ceciliahaupt.com/hauptbyran,,,,,praesidia != 1
startup-stockholm-2025-10-13_17-23.xlsx - export.csv,203,Cecilia Hillström Gallery,Stockholm,art_gallery,http://chgallery.se/,,,,,praesidia != 1
startup-stockholm-2025-10-13_17-23.xlsx - export.csv,204,Cecis Hantverk,Stockholm,dance_club,http://www.cecishantverk.se/,,,,,praesidia != 1
startup-stockholm-2025-10-13_17-23.xlsx - export.csv,205,Cedervall Shapes,Stockholm,architectural_designer,http://cedervallshop.wpengine.com/?fbclid=IwAR1leCqfALRvm0-9Vn2qxYbtBe_AAKnHaDVn0qksYmBmxHEZiIg8mDX9ZKE,,,,,praesidia != 1
startup-stockholm-2025-10-13_17-23.xlsx - export.csv,206,Centralantikvariatet,Stockholm,bookstore,http://www.centralantikvariatet.se/,,,,,praesidia != 1
startup-stockholm-2025-10-13_17-23.xlsx - export.csv,207,Centrum för dramatik,Stockholm,community_services_non_profits,http://www.centrumfordramatik.se/,,,,,praesidia != 1
startup-stockholm-2025-10-13_17-23.xlsx - export.csv,208,CFF – Centrum för fotografi,Stockholm,art_gallery,http://www.centrumforfotografi.se/,,,,,praesidia != 1
startup-stockholm-2025-10-13_17-23.xlsx - export.csv,209,Cfhill,Stockholm,art_gallery,http://www.cfhill.com/,,,,,praesidia != 1
startup-stockholm-2025-10-13_17-23.xlsx - export.csv,210,Charlie’s Art Prints,Stockholm,arts_and_crafts,http://charliesartprints.com/,,,,,praesidia != 1
startup-stockholm-2025-10-13_17-23.xlsx - export.csv,211,Charlotte Du Rietz Rare Books,Stockholm,bookstore,http://www.durietzbooks.com/,,,,,praesidia != 1
startup-stockholm-2025-10-13_17-23.xlsx - export.csv,212,Chicago swing dance studio,Stockholm,dance_school,http://www.chicago75.se/,,,,,praesidia != 1
startup-stockholm-2025-10-13_17-23.xlsx - export.csv,213,China Cultural Center in Stockholm,Stockholm,cultural_center,http://www.cccstockholm.org/,,,,,praesidia != 1
startup-stockholm-2025-10-13_17-23.xlsx - export.csv,214,China Teatern,Stockholm,theatre,http://www.chinateatern.se/,,,,,praesidia != 1
startup-stockholm-2025-10-13_17-23.xlsx - export.csv,215,Christian Halleröd,Stockholm,art_gallery,https://Ingen webbplats,,,,,praesidia != 1
startup-stockholm-2025-10-13_17-23.xlsx - export.csv,216,Cineast,Stockholm,cinema,http://www.cineastentertainment.com/,,,,,praesidia != 1
startup-stockholm-2025-10-13_17-23.xlsx - export.csv,217,Cinema Stadshagen,Stockholm,cinema,https://Ingen webbplats,,,,,praesidia != 1
startup-stockholm-2025-10-13_17-23.xlsx - export.csv,218,Cinemateket,Stockholm,cinema,http://cinemateket.se/,,,,,praesidia != 1
startup-stockholm-2025-10-13_17-23.xlsx - export.csv,219,Cino4,Stockholm,cinema,http://www.tekniskamuseet.se/Cino4,,,,,praesidia != 1
startup-stockholm-2025-10-13_17-23.xlsx - export.csv,220,Cirkelteatern,Stockholm,theatre,https://www.facebook.com/cirkelteatern,,,,,praesidia != 1
startup-stockholm-2025-10-13_17-23.xlsx - export.csv,221,Cirkus Normal,Stockholm,circus,https://cirkusnormal.nu/,,,,,praesidia != 1
startup-stockholm-2025-10-13_17-23.xlsx - export.csv,222,Cirkuscentrum,Stockholm,community_services_non_profits,http://www.manegen.org/,,,,,praesidia != 1
startup-stockholm-2025-10-13_17-23.xlsx - export.csv,223,Claesson Koivisto Rune Architects,Stockholm,architectural_designer,http://claessonkoivistorune.se/,,,,,praesidia != 1
startup-stockholm-2025-10-13_17-23.xlsx - export.csv,224,Claire Parsons Co,Stockholm,arts_and_entertainment,http://www.claireparsons.com/,,,,,praesidia != 1
startup-stockholm-2025-10-13_17-23.xlsx - export.csv,225,ClaySpace Stockholm,Stockholm,arts_and_entertainment,https://www.clayspacestockholm.com/,,,,,praesidia != 1
startup-stockholm-2025-10-13_17-23.xlsx - export.csv,226,"Club Berns, Stockholm",Stockholm,dance_club,https://Ingen webbplats,,,,,praesidia != 1
startup-stockholm-2025-10-13_17-23.xlsx - export.csv,227,Club Hot-Cha,Stockholm,jazz_and_blues,http://www.chicago75.se/,,,,,praesidia != 1
startup-stockholm-2025-10-13_17-23.xlsx - export.csv,228,Club KINO,Stockholm,dance_club,http://www.clubkino.se/,,,,,praesidia != 1
startup-stockholm-2025-10-13_17-23.xlsx - export.csv,229,Club Noize,Stockholm,community_services_non_profits,https://Ingen webbplats,,,,,praesidia != 1
startup-stockholm-2025-10-13_17-23.xlsx - export.csv,230,Club Soul,Stockholm,dance_club,http://www.clubsoul.net/,,,,,praesidia != 1
startup-stockholm-2025-10-13_17-23.xlsx - export.csv,231,Club Tiger Stockholm,Stockholm,dance_club,https://Ingen webbplats,,,,,praesidia != 1
startup-stockholm-2025-10-13_17-23.xlsx - export.csv,232,Codesign Sweden,Stockholm,architectural_designer,http://www.codesign.se,,,,,praesidia != 1
startup-stockholm-2025-10-13_17-23.xlsx - export.csv,233,Comics Heaven,Stockholm,bookstore,http://www.comicsheaven.se/,,,,,praesidia != 1
startup-stockholm-2025-10-13_17-23.xlsx - export.csv,234,Cornelia Sojdelius Gallery,Stockholm,art_gallery,http://www.corneliasojdeliusgallery.com/,,,,,praesidia != 1
startup-stockholm-2025-10-13_17-23.xlsx - export.csv,235,Cosmonova,Stockholm,cinema,http://www.nrm.se,,,,,praesidia != 1
startup-stockholm-2025-10-13_17-23.xlsx - export.csv,236,Craft and stuff studio,Stockholm,arts_and_crafts,https://www.instagram.com/craftandstuffstudio/,,,,,praesidia != 1
startup-stockholm-2025-10-13_17-23.xlsx - export.csv,237,Crazy Nights - Rock Club,Stockholm,dance_club,http://www.harrybjames.se/,,,,,praesidia != 1
startup-stockholm-2025-10-13_17-23.xlsx - export.csv,238,Crazy people with a smile,Stockholm,community_services_non_profits,https://Ingen webbplats,,,,,praesidia != 1
startup-stockholm-2025-10-13_17-23.xlsx - export.csv,239,Creative Call: Atlanta x Stockholm,Stockholm,community_services_non_profits,http://creativecall.org/,,,,,praesidia != 1
startup-stockholm-2025-10-13_17-23.xlsx - export.csv,240,Creative Studio Aslan,Stockholm,art_gallery,https://instagram.com/creativestudioaslan,,,,,praesidia != 1
startup-stockholm-2025-10-13_17-23.xlsx - export.csv,241,CuratorLab at Konstfack University,Stockholm,art_school,http://curatorlab.se/,,,,,praesidia != 1
startup-stockholm-2025-10-13_17-23.xlsx - export.csv,242,Cyklopen,Stockholm,arts_and_entertainment,http://www.cyklopen.se/,,,,,praesidia != 1
startup-stockholm-2025-10-13_17-23.xlsx - export.csv,243,DAC digital art center,Stockholm,art_gallery,http://www.digitalartcenter.se/,,,,,praesidia != 1
startup-stockholm-2025-10-13_17-23.xlsx - export.csv,244,Dance Factory Farsta,Stockholm,dance_school,http://www.dancefactory.se/,,,,,praesidia != 1
startup-stockholm-2025-10-13_17-23.xlsx - export.csv,245,Dance Republic,Stockholm,dance_school,https://www.facebook.com/DanceRepublicSweden,,,,,praesidia != 1
startup-stockholm-2025-10-13_17-23.xlsx - export.csv,246,Dance Scottish - RSCDS Stockholm branch,Stockholm,dance_school,https://rscds-stockholm.se/,,,,,praesidia != 1
startup-stockholm-2025-10-13_17-23.xlsx - export.csv,247,Daniel Fagerberg Arkitekter,Stockholm,architectural_designer,https://strombro.se/,,,,,praesidia != 1
startup-stockholm-2025-10-13_17-23.xlsx - export.csv,248,Dans Practica Föreningen,Stockholm,community_services_non_profits,https://Ingen webbplats,,,,,praesidia != 1
startup-stockholm-2025-10-13_17-23.xlsx - export.csv,249,Danscentrum Stockholm,Stockholm,dance_school,http://www.danscentrumstockholm.se/,,,,,praesidia != 1
startup-stockholm-2025-10-13_17-23.xlsx - export.csv,250,Danscentrum Stockholm,Stockholm,dance_school,http://www.danscentrum.se,,,,,praesidia != 1
startup-stockholm-2025-10-13_17-23.xlsx - export.csv,251,Dansens Hus,Stockholm,theatre,http://www.dansenshus.se/,,,,,praesidia != 1
startup-stockholm-2025-10-13_17-23.xlsx - export.csv,252,Danshuset,Stockholm,dance_school,https://www.danshuset.se,,,,,praesidia != 1
startup-stockholm-2025-10-13_17-23.xlsx - export.csv,253,Danshuset Enskede,Stockholm,dance_school,https://www.danshuset.se,,,,,praesidia != 1
startup-stockholm-2025-10-13_17-23.xlsx - export.csv,254,Danshuset Stockholm AB,Stockholm,dance_school,http://danshuset.se/,,,,,praesidia != 1
startup-stockholm-2025-10-13_17-23.xlsx - export.csv,255,Dansklotet,Stockholm,dance_school,http://www.dansenshus.se/,,,,,praesidia != 1
startup-stockholm-2025-10-13_17-23.xlsx - export.csv,256,Dansklubben Nyckeln,Stockholm,dance_school,https://www.dknyckeln.se/,,,,,praesidia != 1
startup-stockholm-2025-10-13_17-23.xlsx - export.csv,257,Danzarín,Stockholm,dance_club,http://www.danzarin.dance/,,,,,praesidia != 1
startup-stockholm-2025-10-13_17-23.xlsx - export.csv,258,Dap Stockholm,Stockholm,architectural_designer,http://www.dapstockholm.se,,,,,praesidia != 1
startup-stockholm-2025-10-13_17-23.xlsx - export.csv,259,Darkroom Konsthall,Stockholm,art_gallery,https://darkroom.one/utstallningar/utstallningar_2025/,,,,,praesidia != 1
startup-stockholm-2025-10-13_17-23.xlsx - export.csv,260,Debaser,Stockholm,dance_club,https://www.debaserpontonen.se/,,,,,praesidia != 1
startup-stockholm-2025-10-13_17-23.xlsx - export.csv,261,Deckarbokhandeln i Gamla Stan,Stockholm,bookstore,http://www.deckarbokhandel.se/,,,,,praesidia != 1
startup-stockholm-2025-10-13_17-23.xlsx - export.csv,262,Demokratipiloterna Dynamo Stockholm,Stockholm,community_services_non_profits,http://www.demokratipiloterna.se/,,,,,praesidia != 1
startup-stockholm-2025-10-13_17-23.xlsx - export.csv,263,Department,Stockholm,arts_and_entertainment,http://www.departmentfestival.com/,,,,,praesidia != 1
startup-stockholm-2025-10-13_17-23.xlsx - export.csv,264,Designstudio Sandra Praun,Stockholm,graphic_designer,http://sandrapraun.se/,,,,,praesidia != 1
startup-stockholm-2025-10-13_17-23.xlsx - export.csv,265,Detail Group,Stockholm,architectural_designer,http://www.detailgroup.se/,,,,,praesidia != 1
startup-stockholm-2025-10-13_17-23.xlsx - export.csv,266,Detroit Stockholm,Stockholm,art_gallery,https://detroitstockholm.info/,,,,,praesidia != 1
startup-stockholm-2025-10-13_17-23.xlsx - export.csv,267,"DIK - facket för kultur,  kommunikation och kreativ sektor",Stockholm,community_services_non_profits,http://www.dik.se,,,,,praesidia != 1
startup-stockholm-2025-10-13_17-23.xlsx - export.csv,268,Dina&mina böcker,Stockholm,bookstore,http://www.dinaochmina.se/,,,,,praesidia != 1
startup-stockholm-2025-10-13_17-23.xlsx - export.csv,269,Dinelljohansson,Stockholm,architectural_designer,http://www.dinelljohansson.se/,,,,,praesidia != 1
startup-stockholm-2025-10-13_17-23.xlsx - export.csv,270,Dockteatern Tittut,Stockholm,theatre,https://dockteaterntittut.se/,,,,,praesidia != 1
startup-stockholm-2025-10-13_17-23.xlsx - export.csv,271,Doos Architects,Stockholm,architectural_designer,http://www.doos.se/,,,,,praesidia != 1
startup-stockholm-2025-10-13_17-23.xlsx - export.csv,272,Dramalabbet,Stockholm,theatre,http://www.dramalabbet.com/,,,,,praesidia != 1
startup-stockholm-2025-10-13_17-23.xlsx - export.csv,273,Dramaten Lilla scenen,Stockholm,theatre,http://www.dramaten.se,,,,,praesidia != 1
startup-stockholm-2025-10-13_17-23.xlsx - export.csv,274,Drejeri guldfasanen,Stockholm,arts_and_entertainment,http://drejeri.com/,,,,,praesidia != 1
startup-stockholm-2025-10-13_17-23.xlsx - export.csv,275,Drottning Silvias Konsertsal,Stockholm,music_venue,https://drottningsilviaskonsertsal.se/,,,,,praesidia != 1
startup-stockholm-2025-10-13_17-23.xlsx - export.csv,276,DubbelSpexet,Stockholm,community_services_non_profits,http://www.dubbelspexet.com/,,,,,praesidia != 1
startup-stockholm-2025-10-13_17-23.xlsx - export.csv,277,DUKiS,Stockholm,community_services_non_profits,https://www.sdur.se/,,,,,praesidia != 1
startup-stockholm-2025-10-13_17-23.xlsx - export.csv,278,Durango Recording,Stockholm,music_production,http://www.durangorecording.com/,,,,,praesidia != 1
startup-stockholm-2025-10-13_17-23.xlsx - export.csv,279,Dyktankhuset,Stockholm,museum,https://www.sdhf.se/sdhf/,,,,,praesidia != 1
startup-stockholm-2025-10-13_17-23.xlsx - export.csv,280,Ed. art,Stockholm,art_gallery,http://www.ed-art.se/,,,,,praesidia != 1
startup-stockholm-2025-10-13_17-23.xlsx - export.csv,281,Edition Björlund AB,Stockholm,media_agency,http://www.bjorlund.com/,,,,,praesidia != 1
startup-stockholm-2025-10-13_17-23.xlsx - export.csv,282,Eesti Kultuuri Koondis,Stockholm,community_services_non_profits,http://www.kultuurikoondis.se/,,,,,praesidia != 1
startup-stockholm-2025-10-13_17-23.xlsx - export.csv,283,EGO Nattklubb,Stockholm,dance_club,https://www.egonattklubb.com/,,,,,praesidia != 1
startup-stockholm-2025-10-13_17-23.xlsx - export.csv,284,Ekonomiska museet,Stockholm,museum,http://www.ekonomiskamuseet.se/,,,,,praesidia != 1
startup-stockholm-2025-10-13_17-23.xlsx - export.csv,285,Elektronmusikstudion EMS Stockholm,Stockholm,music_production,http://www.elektronmusikstudion.se,,,,,praesidia != 1
startup-stockholm-2025-10-13_17-23.xlsx - export.csv,286,ElinderSten,Stockholm,architectural_designer,http://www.elindersten.se/,,,,,praesidia != 1
startup-stockholm-2025-10-13_17-23.xlsx - export.csv,287,Emanuelskonst,Stockholm,arts_and_entertainment,http://emanuelskonst.se/,,,,,praesidia != 1
startup-stockholm-2025-10-13_17-23.xlsx - export.csv,288,Empire Music Production,Stockholm,music_production,http://www.empiremusic.se/,,,,,praesidia != 1
startup-stockholm-2025-10-13_17-23.xlsx - export.csv,289,En Annan Bokhandel: Kärlek till böcker,Stockholm,bookstore,http://www.enannan.se,,,,,praesidia != 1
startup-stockholm-2025-10-13_17-23.xlsx - export.csv,290,Enflo Arkitekter ab,Stockholm,architectural_designer,http://www.enflo.se/,,,,,praesidia != 1
startup-stockholm-2025-10-13_17-23.xlsx - export.csv,291,Enskede Bibliotek,Stockholm,library,http://biblioteket.stockholm.se/bibliotek/enskede-bibliotek,,,,,praesidia != 1
startup-stockholm-2025-10-13_17-23.xlsx - export.csv,292,Enskedespelet,Stockholm,arts_and_entertainment,http://www.enskedespelet.se/,,,,,praesidia != 1
startup-stockholm-2025-10-13_17-23.xlsx - export.csv,293,Equator Stockholm,Stockholm,architectural_designer,http://www.equator.se/,,,,,praesidia != 1
startup-stockholm-2025-10-13_17-23.xlsx - export.csv,294,Equmenia Hässelby,Stockholm,community_services_non_profits,https://equmeniahasselby.se/,,,,,praesidia != 1
startup-stockholm-2025-10-13_17-23.xlsx - export.csv,295,Eric Ericson International Choral Centre,Stockholm,music_venue,https://www.ericsonchoralcentre.se/,,,,,praesidia != 1
startup-stockholm-2025-10-13_17-23.xlsx - export.csv,296,Erik Nordenhake,Stockholm,art_gallery,http://www.eriknordenhake.com/,,,,,praesidia != 1
startup-stockholm-2025-10-13_17-23.xlsx - export.csv,297,Ersta museum,Stockholm,museum,https://www.erstadiakoni.se/verksamheter/bo-och-motas/museum/om-ersta-museum/,,,,,praesidia != 1
startup-stockholm-2025-10-13_17-23.xlsx - export.csv,298,Esencial AB,Stockholm,architectural_designer,http://www.esencial.se/,,,,,praesidia != 1
startup-stockholm-2025-10-13_17-23.xlsx - export.csv,299,Etage1,Stockholm,fashion,http://www.etage1.se/,,,,,praesidia != 1
startup-stockholm-2025-10-13_17-23.xlsx - export.csv,300,ETC Libris,Stockholm,bookstore,http://libris.etc.se/,,,,,praesidia != 1
startup-stockholm-2025-10-13_17-23.xlsx - export.csv,301,Etnografiska Museet,Stockholm,museum,https://www.etnografiskamuseet.se/,,,,,praesidia != 1
startup-stockholm-2025-10-13_17-23.xlsx - export.csv,302,Ettelva Arkitekter /,Stockholm,architectural_designer,http://www.ettelva.se/,,,,,praesidia != 1
startup-stockholm-2025-10-13_17-23.xlsx - export.csv,303,Evenew Arena,Stockholm,music_venue,https://www.evenewarena.com/,,,,,praesidia != 1
startup-stockholm-2025-10-13_17-23.xlsx - export.csv,304,Evgenia.se  Art Studio,Stockholm,dance_club,http://www.evgenia.se/,,,,,praesidia != 1
startup-stockholm-2025-10-13_17-23.xlsx - export.csv,305,Exit Games,Stockholm,arcade,https://Ingen webbplats,,,,,praesidia != 1
startup-stockholm-2025-10-13_17-23.xlsx - export.csv,306,Exit Games Stockholm,Stockholm,arts_and_entertainment,https://www.exitgames.se/,,,,,praesidia != 1
startup-stockholm-2025-10-13_17-23.xlsx - export.csv,307,F12 Terrassen,Stockholm,dance_club,https://f12sthlm.se/,,,,,praesidia != 1
startup-stockholm-2025-10-13_17-23.xlsx - export.csv,308,Fackförbundet Scen & Film,Stockholm,community_services_non_profits,http://www.scenochfilm.se/,,,,,praesidia != 1
startup-stockholm-2025-10-13_17-23.xlsx - export.csv,309,Fade,Stockholm,music_and_dvd_store,http://www.fade.se/,,,,,praesidia != 1
startup-stockholm-2025-10-13_17-23.xlsx - export.csv,310,"Fagel Bla, Stockholm",Stockholm,theatre,https://biofagelbla.se/,,,,,praesidia != 1
startup-stockholm-2025-10-13_17-23.xlsx - export.csv,311,Fanfaren film i Farsta,Stockholm,cinema,http://fanfaren.wordpress.com/,,,,,praesidia != 1
startup-stockholm-2025-10-13_17-23.xlsx - export.csv,312,Farhang.nu,Stockholm,community_services_non_profits,http://www.farhang.nu/,,,,,praesidia != 1
startup-stockholm-2025-10-13_17-23.xlsx - export.csv,313,Farigh Ghaderi Art Studio,Stockholm,art_school,http://www.fgartstudio.com/,,,,,praesidia != 1
startup-stockholm-2025-10-13_17-23.xlsx - export.csv,314,Farmor Studio,Stockholm,music_production,http://www.farmorstudio.se/,,,,,praesidia != 1
startup-stockholm-2025-10-13_17-23.xlsx - export.csv,315,Farsta Bibliotek,Stockholm,library,https://biblioteket.stockholm.se/bibliotek/farsta-bibliotek,,,,,praesidia != 1
startup-stockholm-2025-10-13_17-23.xlsx - export.csv,316,Farsta Bokhandels,Stockholm,bookstore,https://Ingen webbplats,,,,,praesidia != 1
startup-stockholm-2025-10-13_17-23.xlsx - export.csv,317,Farsta Hembygdsförening,Stockholm,community_services_non_profits,https://Ingen webbplats,,,,,praesidia != 1
startup-stockholm-2025-10-13_17-23.xlsx - export.csv,318,Fasching,Stockholm,jazz_and_blues,http://www.fasching.se/,,,,,praesidia != 1
startup-stockholm-2025-10-13_17-23.xlsx - export.csv,319,Ferdosi,Stockholm,bookstore,http://www.ferdosi.com/,,,,,praesidia != 1
startup-stockholm-2025-10-13_17-23.xlsx - export.csv,320,FFAR Forum för arkitektur,Stockholm,architectural_designer,http://www.ffar.se/,,,,,praesidia != 1
startup-stockholm-2025-10-13_17-23.xlsx - export.csv,321,Fiberspace,Stockholm,art_gallery,http://fiberspace.se/,,,,,praesidia != 1
startup-stockholm-2025-10-13_17-23.xlsx - export.csv,322,Filadelfia Convention Center,Stockholm,music_venue,http://www.filadelfiaconventioncenter.se/,,,,,praesidia != 1
startup-stockholm-2025-10-13_17-23.xlsx - export.csv,323,Film & TV-avdelningen,Stockholm,community_services_non_profits,https://linktr.ee/filmochtvavdelningen,,,,,praesidia != 1
startup-stockholm-2025-10-13_17-23.xlsx - export.csv,324,Filmcentrum,Stockholm,cinema,https://Ingen webbplats,,,,,praesidia != 1
startup-stockholm-2025-10-13_17-23.xlsx - export.csv,325,FilmCentrum Riks,Stockholm,community_services_non_profits,https://www.filmcentrum.com/,,,,,praesidia != 1
startup-stockholm-2025-10-13_17-23.xlsx - export.csv,326,Filmform,Stockholm,community_services_non_profits,http://www.filmform.com/,,,,,praesidia != 1
startup-stockholm-2025-10-13_17-23.xlsx - export.csv,327,Filmhuset,Stockholm,cinema,http://www.filmarkivet.se/,,,,,praesidia != 1
startup-stockholm-2025-10-13_17-23.xlsx - export.csv,328,Filminstitutets bibliotek,Stockholm,library,http://www.filminstitutet.se/biblioteket,,,,,praesidia != 1
startup-stockholm-2025-10-13_17-23.xlsx - export.csv,329,Finlandsinstitutets bibliotek / Suomen Tukholman-instituutin kirjasto,Stockholm,library,https://finlandsinstitutet.se/biblioteket/,,,,,praesidia != 1
startup-stockholm-2025-10-13_17-23.xlsx - export.csv,330,Finngrundet och andra museumfartyg,Stockholm,museum,https://www.sjohistoriska.se/besok/fartygspir,,,,,praesidia != 1
startup-stockholm-2025-10-13_17-23.xlsx - export.csv,331,Fiolskola,Stockholm,arts_and_entertainment,http://fiolskola.se/,,,,,praesidia != 1
startup-stockholm-2025-10-13_17-23.xlsx - export.csv,332,FKC-Alvik,Stockholm,cultural_center,http://www.fkcalvik.se/,,,,,praesidia != 1
startup-stockholm-2025-10-13_17-23.xlsx - export.csv,333,Flamenco Center,Stockholm,dance_school,http://www.flamencocenter.se/,,,,,praesidia != 1
startup-stockholm-2025-10-13_17-23.xlsx - export.csv,334,Flamenco Center Stockholm,Stockholm,dance_school,http://www.flamencocenter.se/,,,,,praesidia != 1
startup-stockholm-2025-10-13_17-23.xlsx - export.csv,335,Focus Film,Stockholm,arts_and_entertainment,http://www.focusfilm.se/,,,,,praesidia != 1
startup-stockholm-2025-10-13_17-23.xlsx - export.csv,336,FOCUS Stockholm,Stockholm,dance_club,https://focus-after-hours.confetti.events/,,,,,praesidia != 1
startup-stockholm-2025-10-13_17-23.xlsx - export.csv,337,FOLK i Skärholmen,Stockholm,community_services_non_profits,http://www.folkiskarholmen.se/,,,,,praesidia != 1
startup-stockholm-2025-10-13_17-23.xlsx - export.csv,338,Folkdansgillet Kedjan,Stockholm,community_services_non_profits,http://www.fdgkedjan.se/,,,,,praesidia != 1
startup-stockholm-2025-10-13_17-23.xlsx - export.csv,339,Folkdansringen Stockholm,Stockholm,community_services_non_profits,http://www.folkdansringen-stockholm.se/,,,,,praesidia != 1
startup-stockholm-2025-10-13_17-23.xlsx - export.csv,340,Folkets Bio,Stockholm,community_services_non_profits,http://www.folketsbio.se/,,,,,praesidia != 1
startup-stockholm-2025-10-13_17-23.xlsx - export.csv,341,Folkets Hus Konferens Center,Stockholm,community_center,https://Ingen webbplats,,,,,praesidia != 1
startup-stockholm-2025-10-13_17-23.xlsx - export.csv,342,Folkets Hus och Parker,Stockholm,community_services_non_profits,http://www.folketshusochparker.se/,,,,,praesidia != 1
startup-stockholm-2025-10-13_17-23.xlsx - export.csv,343,Folkets Hus Rinkeby,Stockholm,community_center,http://www.rinkebyfolketshus.com,,,,,praesidia != 1
startup-stockholm-2025-10-13_17-23.xlsx - export.csv,344,Folkhögskolorna,Stockholm,community_services_non_profits,http://www.sverigesfolkhogskolor.se/,,,,,praesidia != 1
startup-stockholm-2025-10-13_17-23.xlsx - export.csv,345,Folkkulturcentrum,Stockholm,community_services_non_profits,http://www.folkkulturcentrum.se,,,,,praesidia != 1
startup-stockholm-2025-10-13_17-23.xlsx - export.csv,346,Folkoperan,Stockholm,opera_and_ballet,http://www.folkoperan.se,,,,,praesidia != 1
startup-stockholm-2025-10-13_17-23.xlsx - export.csv,347,Folkrörelsernas Konstfrämjande,Stockholm,community_services_non_profits,http://www.konstframjandet.se/,,,,,praesidia != 1
startup-stockholm-2025-10-13_17-23.xlsx - export.csv,348,Formmuseets Vänner,Stockholm,community_services_non_profits,http://www.formmuseum.se/,,,,,praesidia != 1
startup-stockholm-2025-10-13_17-23.xlsx - export.csv,349,Forslunds Arkitekter,Stockholm,architectural_designer,http://f-a.se/,,,,,praesidia != 1
startup-stockholm-2025-10-13_17-23.xlsx - export.csv,350,Fotografiska Stockholm,Stockholm,art_museum,https://stockholm.fotografiska.com/,,,,,praesidia != 1
startup-stockholm-2025-10-13_17-23.xlsx - export.csv,351,Fotografiska Stockholm,Stockholm,museum,https://stockholm.fotografiska.com/,,,,,praesidia != 1
startup-stockholm-2025-10-13_17-23.xlsx - export.csv,352,Fotoklubben Stockholmsbild,Stockholm,community_services_non_profits,https://www.stockholmsbild.se/,,,,,praesidia != 1
startup-stockholm-2025-10-13_17-23.xlsx - export.csv,353,Fox in a Box Stockholm,Stockholm,arts_and_entertainment,http://www.foxinabox.se/,,,,,praesidia != 1
startup-stockholm-2025-10-13_17-23.xlsx - export.csv,354,Framtidsmuseet,Stockholm,museum,https://framtidsmuseet.com/,,,,,praesidia != 1
startup-stockholm-2025-10-13_17-23.xlsx - export.csv,355,Free Flow Sthlm,Stockholm,dance_club,https://www.noden.org/membership,,,,,praesidia != 1
startup-stockholm-2025-10-13_17-23.xlsx - export.csv,356,Fritidsgården Duvnäsgatan,Stockholm,community_services_non_profits,http://www.stockholm.se/,,,,,praesidia != 1
startup-stockholm-2025-10-13_17-23.xlsx - export.csv,357,Fruängens bibliotek,Stockholm,library,http://biblioteket.stockholm.se/bibliotek/fruangens-bibliotek,,,,,praesidia != 1
startup-stockholm-2025-10-13_17-23.xlsx - export.csv,358,Fryshuset Skapa Min Värld Sthlm,Stockholm,community_services_non_profits,http://skapaminvarld.fryshuset.se/,,,,,praesidia != 1
startup-stockholm-2025-10-13_17-23.xlsx - export.csv,359,Fräulein Frauke Presents - Burlesque clubN,Stockholm,dance_club,https://www.nalen.com/konsert/2025/fraulein-frauke-presents-under-the-sea/,,,,,praesidia != 1
startup-stockholm-2025-10-13_17-23.xlsx - export.csv,360,Future Threads Project,Stockholm,community_services_non_profits,http://futurethreadsproject.com/,,,,,praesidia != 1
startup-stockholm-2025-10-13_17-23.xlsx - export.csv,361,Fylkingen,Stockholm,music_venue,http://www.fylkingen.se/,,,,,praesidia != 1
startup-stockholm-2025-10-13_17-23.xlsx - export.csv,362,Fållan,Stockholm,music_venue,http://fallan.nu/,,,,,praesidia != 1
startup-stockholm-2025-10-13_17-23.xlsx - export.csv,363,Färgfabriken,Stockholm,art_gallery,http://www.fargfabriken.se/,,,,,praesidia != 1
startup-stockholm-2025-10-13_17-23.xlsx - export.csv,364,Föreningen Jamaicansk Kultur,Stockholm,community_services_non_profits,https://instagram.com/jamaicanskakulturforeningen?igshid=YmMyMTA2M2Y%3D,,,,,praesidia != 1
startup-stockholm-2025-10-13_17-23.xlsx - export.csv,365,Föreningen Skandiaorgeln,Stockholm,arts_and_entertainment,https://www.skandiaorgeln.com/,,,,,praesidia != 1
startup-stockholm-2025-10-13_17-23.xlsx - export.csv,366,Författarcentrum Öst,Stockholm,community_services_non_profits,https://forfattarcentrum.se/,,,,,praesidia != 1
startup-stockholm-2025-10-13_17-23.xlsx - export.csv,367,Författares Bokmaskin,Stockholm,arts_and_entertainment,http://www.bokmaskinen.se/,,,,,praesidia != 1
startup-stockholm-2025-10-13_17-23.xlsx - export.csv,368,Författarnas Gästhem - The International Writers' House,Stockholm,community_services_non_profits,http://www.writershouse.se/,,,,,praesidia != 1
startup-stockholm-2025-10-13_17-23.xlsx - export.csv,369,Förnuftig Arkitektur AB,Stockholm,architectural_designer,http://fornuftig.nu/,,,,,praesidia != 1
startup-stockholm-2025-10-13_17-23.xlsx - export.csv,370,Gabrielas Balett & Dansskola,Stockholm,dance_school,https://gabrielasbalett.se/,,,,,praesidia != 1
startup-stockholm-2025-10-13_17-23.xlsx - export.csv,371,Gala Art Center,Stockholm,art_gallery,http://www.galaartcenter.org/,,,,,praesidia != 1
startup-stockholm-2025-10-13_17-23.xlsx - export.csv,372,Galerie Alex Wiberg,Stockholm,art_gallery,http://www.wiberg.com/,,,,,praesidia != 1
startup-stockholm-2025-10-13_17-23.xlsx - export.csv,373,Galerie Bel'Art - Stockholm,Stockholm,art_gallery,http://www.belart.se/,,,,,praesidia != 1
startup-stockholm-2025-10-13_17-23.xlsx - export.csv,374,Galerie Forsblom,Stockholm,art_gallery,http://www.galerieforsblom.com,,,,,praesidia != 1
startup-stockholm-2025-10-13_17-23.xlsx - export.csv,375,Galerie Storm,Stockholm,art_gallery,http://www.galeriestorm.com/,,,,,praesidia != 1
startup-stockholm-2025-10-13_17-23.xlsx - export.csv,376,Galleri Abante,Stockholm,art_gallery,http://abantegallery.se/,,,,,praesidia != 1
startup-stockholm-2025-10-13_17-23.xlsx - export.csv,377,Galleri Andersson Sandstrom,Stockholm,art_gallery,https://www.gsa.se,,,,,praesidia != 1
startup-stockholm-2025-10-13_17-23.xlsx - export.csv,378,Galleri Anigo,Stockholm,arts_and_entertainment,http://www.anigo.se/,,,,,praesidia != 1
startup-stockholm-2025-10-13_17-23.xlsx - export.csv,379,Galleri B:fors,Stockholm,art_gallery,http://bfors.se.sitebuilder.loopia.com/,,,,,praesidia != 1
startup-stockholm-2025-10-13_17-23.xlsx - export.csv,380,Galleri Bellman,Stockholm,art_gallery,http://www.galleribellman.se/,,,,,praesidia != 1
startup-stockholm-2025-10-13_17-23.xlsx - export.csv,381,Galleri ClaesMoser,Stockholm,art_gallery,https://www.konstantik.se/handlare/galleri-claes-moser/,,,,,praesidia != 1
startup-stockholm-2025-10-13_17-23.xlsx - export.csv,382,Galleri Darling,Stockholm,art_gallery,http://www.galleridarling.se/,,,,,praesidia != 1
startup-stockholm-2025-10-13_17-23.xlsx - export.csv,383,Galleri Diva,Stockholm,art_gallery,http://www.galleri-diva.se/,,,,,praesidia != 1
startup-stockholm-2025-10-13_17-23.xlsx - export.csv,384,Galleri Duerr,Stockholm,art_gallery,https://galleriduerr.com/,,,,,praesidia != 1
startup-stockholm-2025-10-13_17-23.xlsx - export.csv,385,Galleri Ekvall + Törnblom,Stockholm,art_gallery,http://www.ekvalltornblom.se/,,,,,praesidia != 1
startup-stockholm-2025-10-13_17-23.xlsx - export.csv,386,Galleri Enkehuset,Stockholm,art_gallery,https://enkehuset.com/,,,,,praesidia != 1
startup-stockholm-2025-10-13_17-23.xlsx - export.csv,387,Galleri Eva Solin,Stockholm,art_gallery,http://www.evasolin.com/,,,,,praesidia != 1
startup-stockholm-2025-10-13_17-23.xlsx - export.csv,388,Galleri Fagerstedt,Stockholm,art_gallery,http://www.gallerifagerstedt.se/,,,,,praesidia != 1
startup-stockholm-2025-10-13_17-23.xlsx - export.csv,389,Galleri Flach,Stockholm,art_gallery,https://www.galleriflach.com/,,,,,praesidia != 1
startup-stockholm-2025-10-13_17-23.xlsx - export.csv,390,Galleri GG66,Stockholm,art_gallery,http://www.a6sound.se/,,,,,praesidia != 1
startup-stockholm-2025-10-13_17-23.xlsx - export.csv,391,Galleri Glas,Stockholm,art_gallery,http://www.galleriglas.se/,,,,,praesidia != 1
startup-stockholm-2025-10-13_17-23.xlsx - export.csv,392,Galleri Greger,Stockholm,art_gallery,http://www.gregerart.se,,,,,praesidia != 1
startup-stockholm-2025-10-13_17-23.xlsx - export.csv,393,Galleri Grip,Stockholm,art_gallery,http://www.gallerigrip.se/,,,,,praesidia != 1
startup-stockholm-2025-10-13_17-23.xlsx - export.csv,394,Galleri Hammar,Stockholm,art_gallery,http://gallerihammar.se/,,,,,praesidia != 1
startup-stockholm-2025-10-13_17-23.xlsx - export.csv,395,Galleri Hantverket,Stockholm,art_gallery,http://www.gallerihantverket.se/,,,,,praesidia != 1
startup-stockholm-2025-10-13_17-23.xlsx - export.csv,396,Galleri Hedenius,Stockholm,art_gallery,https://www.gallerihedenius.com/,,,,,praesidia != 1
startup-stockholm-2025-10-13_17-23.xlsx - export.csv,397,Galleri Helle Knudsen,Stockholm,art_gallery,http://www.gallerihelle.com/,,,,,praesidia != 1
startup-stockholm-2025-10-13_17-23.xlsx - export.csv,398,Galleri Hera,Stockholm,art_gallery,http://www.gallerihera.se/,,,,,praesidia != 1
startup-stockholm-2025-10-13_17-23.xlsx - export.csv,399,Galleri Industrigatan12,Stockholm,arts_and_entertainment,http://industrigatan12.se/,,,,,praesidia != 1
startup-stockholm-2025-10-13_17-23.xlsx - export.csv,400,Galleri K Jacobsson,Stockholm,art_gallery,https://sv.gkjson.com/,,,,,praesidia != 1
startup-stockholm-2025-10-13_17-23.xlsx - export.csv,401,Galleri Kaktus,Stockholm,art_gallery,https://www.gallerikaktus.com/,,,,,praesidia != 1
startup-stockholm-2025-10-13_17-23.xlsx - export.csv,402,Galleri Killgissa,Stockholm,art_gallery,https://gallerikillgissa.se/,,,,,praesidia != 1
startup-stockholm-2025-10-13_17-23.xlsx - export.csv,403,Galleri Knall,Stockholm,art_gallery,http://www.knall.com,,,,,praesidia != 1
startup-stockholm-2025-10-13_17-23.xlsx - export.csv,404,Galleri Korn,Stockholm,art_gallery,http://www.gallerikorn.se/,,,,,praesidia != 1
startup-stockholm-2025-10-13_17-23.xlsx - export.csv,405,Galleri Lorentzon,Stockholm,art_gallery,http://www.gallerilorentzon.com/,,,,,praesidia != 1
startup-stockholm-2025-10-13_17-23.xlsx - export.csv,406,Galleri Magnus Karlsson,Stockholm,art_gallery,http://www.gallerimagnuskarlsson.com/,,,,,praesidia != 1
startup-stockholm-2025-10-13_17-23.xlsx - export.csv,407,Galleri Mats Bergman Stockholm,Stockholm,art_gallery,https://www.gallerimatsbergman.se/,,,,,praesidia != 1
startup-stockholm-2025-10-13_17-23.xlsx - export.csv,408,Galleri Mejan,Stockholm,art_gallery,http://Www.kkh.se/,,,,,praesidia != 1
startup-stockholm-2025-10-13_17-23.xlsx - export.csv,409,Galleri môme atelier,Stockholm,arts_and_entertainment,https://www.instagram.com/gallerimomeatelier/,,,,,praesidia != 1
startup-stockholm-2025-10-13_17-23.xlsx - export.csv,410,Galleri Nef,Stockholm,art_gallery,https://www.gallerinef.com/,,,,,praesidia != 1
startup-stockholm-2025-10-13_17-23.xlsx - export.csv,411,Galleri Nos,Stockholm,art_gallery,https://www.instagram.com/galleri_nos/,,,,,praesidia != 1
startup-stockholm-2025-10-13_17-23.xlsx - export.csv,412,Galleri Riddaren,Stockholm,art_gallery,http://galleririddaren.se/,,,,,praesidia != 1
startup-stockholm-2025-10-13_17-23.xlsx - export.csv,413,Galleri s:t Erik AB,Stockholm,art_gallery,http://www.galleristerik.se/,,,,,praesidia != 1
startup-stockholm-2025-10-13_17-23.xlsx - export.csv,414,Galleri Stockholm,Stockholm,art_gallery,http://www.galleristockholm.se,,,,,praesidia != 1
startup-stockholm-2025-10-13_17-23.xlsx - export.csv,415,Galleri Svea,Stockholm,art_gallery,http://www.gallerisvea.com/,,,,,praesidia != 1
startup-stockholm-2025-10-13_17-23.xlsx - export.csv,416,Galleri Toll,Stockholm,art_gallery,https://www.galleritoll.com/,,,,,praesidia != 1
startup-stockholm-2025-10-13_17-23.xlsx - export.csv,417,Galleri TU,Stockholm,art_gallery,https://www.facebook.com/galleritu/,,,,,praesidia != 1
startup-stockholm-2025-10-13_17-23.xlsx - export.csv,418,Galleri Zest,Stockholm,art_gallery,http://www.gallerizest.se/,,,,,praesidia != 1
startup-stockholm-2025-10-13_17-23.xlsx - export.csv,419,galleri86stockholm,Stockholm,art_gallery,https://galleri-86-stockholm.webnode.se/,,,,,praesidia != 1
startup-stockholm-2025-10-13_17-23.xlsx - export.csv,420,Gallery Lienhart,Stockholm,art_gallery,http://www.gallerylienhart.se/,,,,,praesidia != 1
startup-stockholm-2025-10-13_17-23.xlsx - export.csv,421,Gallery Steinsland Berliner,Stockholm,art_gallery,http://www.steinslandberliner.com,,,,,praesidia != 1
startup-stockholm-2025-10-13_17-23.xlsx - export.csv,422,Gamla stans bokhandel,Stockholm,bookstore,http://www.gamlastansbokhandel.se/,,,,,praesidia != 1
startup-stockholm-2025-10-13_17-23.xlsx - export.csv,423,Gasometer Stockholm,Stockholm,music_venue,https://www.gasometer.se/,,,,,praesidia != 1
startup-stockholm-2025-10-13_17-23.xlsx - export.csv,424,Gatun Arkitekter,Stockholm,architectural_designer,http://www.gatun.se/,,,,,praesidia != 1
startup-stockholm-2025-10-13_17-23.xlsx - export.csv,425,Gatuslang,Stockholm,radio_station,http://gatuslang.se/,,,,,praesidia != 1
startup-stockholm-2025-10-13_17-23.xlsx - export.csv,426,Gelser Creative,Stockholm,arts_and_entertainment,http://www.gelser.se,,,,,praesidia != 1
startup-stockholm-2025-10-13_17-23.xlsx - export.csv,427,Generalstabens litografiska anstalt,Stockholm,community_services_non_profits,https://Ingen webbplats,,,,,praesidia != 1
startup-stockholm-2025-10-13_17-23.xlsx - export.csv,428,Generator,Stockholm,community_services_non_profits,http://generatorsverige.se/,,,,,praesidia != 1
startup-stockholm-2025-10-13_17-23.xlsx - export.csv,429,Geranium,Stockholm,bookstore,http://www.geraniumab.se/,,,,,praesidia != 1
startup-stockholm-2025-10-13_17-23.xlsx - export.csv,430,Gig Studio,Stockholm,music_production,http://www.gigstudio.com/,,,,,praesidia != 1
startup-stockholm-2025-10-13_17-23.xlsx - export.csv,431,GIH biblioteket,Stockholm,library,http://www.gih.se/bibliotek,,,,,praesidia != 1
startup-stockholm-2025-10-13_17-23.xlsx - export.csv,432,Gimme-shelter,Stockholm,architectural_designer,https://gimme-shelter.se/,,,,,praesidia != 1
startup-stockholm-2025-10-13_17-23.xlsx - export.csv,433,Glenn Millers,Stockholm,jazz_and_blues,https://www.glennmillercafe.se/,,,,,praesidia != 1
startup-stockholm-2025-10-13_17-23.xlsx - export.csv,434,Goethe-Institut Schweden,Stockholm,community_services_non_profits,http://www.goethe.de/schweden,,,,,praesidia != 1
startup-stockholm-2025-10-13_17-23.xlsx - export.csv,435,Golden Hits,Stockholm,dance_club,http://www.goldenhits.se/,,,,,praesidia != 1
startup-stockholm-2025-10-13_17-23.xlsx - export.csv,436,Goodbye Kansas Studios,Stockholm,Startup,http://goodbyekansasstudios.com/,,,,,praesidia != 1
startup-stockholm-2025-10-13_17-23.xlsx - export.csv,437,Gordons Project,Stockholm,architectural_designer,http://www.gordons.se,,,,,praesidia != 1
startup-stockholm-2025-10-13_17-23.xlsx - export.csv,438,Graffitisthlm,Stockholm,art_gallery,http://www.graffitisthlm.se,,,,,praesidia != 1
startup-stockholm-2025-10-13_17-23.xlsx - export.csv,439,Grafikergruppen VGG,Stockholm,community_services_non_profits,http://www.vgg.se/,,,,,praesidia != 1
startup-stockholm-2025-10-13_17-23.xlsx - export.csv,440,Grafikskolan,Stockholm,art_school,https://www.grafikskolan.se/,,,,,praesidia != 1
startup-stockholm-2025-10-13_17-23.xlsx - export.csv,441,Grafiska Sällskapet,Stockholm,art_gallery,http://www.grafiskasallskapet.se/,,,,,praesidia != 1
startup-stockholm-2025-10-13_17-23.xlsx - export.csv,442,Grafiska Sällskapets grafikverkstad,Stockholm,community_services_non_profits,http://grafiskasallskapet.se/om-grafiska-sallskapet/gs-grafikverkstad/,,,,,praesidia != 1
startup-stockholm-2025-10-13_17-23.xlsx - export.csv,443,Granit Arkitekter,Stockholm,architectural_designer,http://freckeus.se/,,,,,praesidia != 1
startup-stockholm-2025-10-13_17-23.xlsx - export.csv,444,Grekiska Föreningen Södra Stockho,Stockholm,community_services_non_profits,https://Ingen webbplats,,,,,praesidia != 1
startup-stockholm-2025-10-13_17-23.xlsx - export.csv,445,Grekiskariksforbundet,Stockholm,community_services_non_profits,http://grekiskariksforbundet.com/,,,,,praesidia != 1
startup-stockholm-2025-10-13_17-23.xlsx - export.csv,446,Gröna Lund - Stockholm Salsa Dance,Stockholm,arts_and_entertainment,http://www.stockholmsalsadance.com/,,,,,praesidia != 1
startup-stockholm-2025-10-13_17-23.xlsx - export.csv,447,Gröndals bibliotek,Stockholm,library,http://biblioteket.stockholm.se/bibliotek/grondals-bibliotek,,,,,praesidia != 1
startup-stockholm-2025-10-13_17-23.xlsx - export.csv,448,Gröndals Stadsodling,Stockholm,community_services_non_profits,https://Ingen webbplats,,,,,praesidia != 1
startup-stockholm-2025-10-13_17-23.xlsx - export.csv,449,GSA Gallery,Stockholm,art_gallery,http://www.gsa.se/,,,,,praesidia != 1
startup-stockholm-2025-10-13_17-23.xlsx - export.csv,450,Gubbangen Art Center,Stockholm,art_gallery,https://gubbangenartcenter.se/,,,,,praesidia != 1
startup-stockholm-2025-10-13_17-23.xlsx - export.csv,451,Gubbängens bibliotek,Stockholm,library,http://biblioteket.stockholm.se/bibliotek/gubbangens-bibliotek,,,,,praesidia != 1
startup-stockholm-2025-10-13_17-23.xlsx - export.csv,452,Gustav III:s antikmuseum,Stockholm,museum,https://www.kungligaslotten.se/vara-besoksmal/kungliga-slottet/gustav-iiis-antikmuseum.html,,,,,praesidia != 1
startup-stockholm-2025-10-13_17-23.xlsx - export.csv,453,Gycklarkompaniet Bastardus SaNs,Stockholm,circus,http://gycklare.se,,,,,praesidia != 1
startup-stockholm-2025-10-13_17-23.xlsx - export.csv,454,H arkitektur,Stockholm,architectural_designer,https://harkitektur.se/,,,,,praesidia != 1
startup-stockholm-2025-10-13_17-23.xlsx - export.csv,455,Hagsätra bibliotek,Stockholm,library,https://biblioteket.stockholm.se/bibliotek/hagsatra-bibliotek,,,,,praesidia != 1
startup-stockholm-2025-10-13_17-23.xlsx - export.csv,456,Hagsätra Collective,Stockholm,community_services_non_profits,https://Ingen webbplats,,,,,praesidia != 1
startup-stockholm-2025-10-13_17-23.xlsx - export.csv,457,HALLEN i Farsta,Stockholm,dance_school,https://www.hallenifarsta.se,,,,,praesidia != 1
startup-stockholm-2025-10-13_17-23.xlsx - export.csv,458,Halléns Antikvariat,Stockholm,bookstore,http://www.antikvariat.net,,,,,praesidia != 1
startup-stockholm-2025-10-13_17-23.xlsx - export.csv,459,Hallwyllska Museet,Stockholm,museum,http://hallwylskamuseet.se,,,,,praesidia != 1
startup-stockholm-2025-10-13_17-23.xlsx - export.csv,460,Handarbetets Vänner,Stockholm,art_gallery,http://www.handarbetetsvanner.se/,,,,,praesidia != 1
startup-stockholm-2025-10-13_17-23.xlsx - export.csv,461,Handelshögskolans Bibliotek,Stockholm,library,https://www.hhs.se/sv/bibliotek/,,,,,praesidia != 1
startup-stockholm-2025-10-13_17-23.xlsx - export.csv,462,Handkraftverket,Stockholm,arts_and_entertainment,https://www.facebook.com/p/Handkraftverket-100039450199100/?locale=sv_SE,,,,,praesidia != 1
startup-stockholm-2025-10-13_17-23.xlsx - export.csv,463,Hangmen AB,Stockholm,fashion,http://www.hangmen.se/,,,,,praesidia != 1
startup-stockholm-2025-10-13_17-23.xlsx - export.csv,464,Hantverkarna,Stockholm,community_services_non_profits,https://www.hantverkarna.se/,,,,,praesidia != 1
startup-stockholm-2025-10-13_17-23.xlsx - export.csv,465,Hantverksladan Riddersvik,Stockholm,arts_and_crafts,https://hantverksladanriddersvik.se/,,,,,praesidia != 1
startup-stockholm-2025-10-13_17-23.xlsx - export.csv,466,Hantverkstan 10,Stockholm,arts_and_crafts,https://hantverkstan10.com/,,,,,praesidia != 1
startup-stockholm-2025-10-13_17-23.xlsx - export.csv,467,Harpskola,Stockholm,music_school,http://www.harpskola.se/,,,,,praesidia != 1
startup-stockholm-2025-10-13_17-23.xlsx - export.csv,468,Hasselby hembygdsmuseum,Stockholm,museum,https://www.hembygd.se/hasselby,,,,,praesidia != 1
startup-stockholm-2025-10-13_17-23.xlsx - export.csv,469,Hatt Konsthandel & Antikvariat,Stockholm,bookstore,http://www.svenskateckningar.se/,,,,,praesidia != 1
startup-stockholm-2025-10-13_17-23.xlsx - export.csv,470,Havheld of Stockholm,Stockholm,community_services_non_profits,http://www.havheld.se/,,,,,praesidia != 1
startup-stockholm-2025-10-13_17-23.xlsx - export.csv,471,Heaven Up Here,Stockholm,music_venue,http://www.heavenuphere.se/,,,,,praesidia != 1
startup-stockholm-2025-10-13_17-23.xlsx - export.csv,472,Hedengrens Bokhandel,Stockholm,bookstore,http://www.hedengrens.se,,,,,praesidia != 1
startup-stockholm-2025-10-13_17-23.xlsx - export.csv,473,Hedenius Editions,Stockholm,art_gallery,http://www.hedenius.se/,,,,,praesidia != 1
startup-stockholm-2025-10-13_17-23.xlsx - export.csv,474,Helmuth Mantel,Stockholm,arts_and_entertainment,https://Ingen webbplats,,,,,praesidia != 1
startup-stockholm-2025-10-13_17-23.xlsx - export.csv,475,Help to Help,Stockholm,community_services_non_profits,https://www.helptohelp.se/,,,,,praesidia != 1
startup-stockholm-2025-10-13_17-23.xlsx - export.csv,476,Helter Skelter Studio,Stockholm,music_production,http://www.helterskelter.se/,,,,,praesidia != 1
startup-stockholm-2025-10-13_17-23.xlsx - export.csv,477,Hemslöjd,Stockholm,print_media,https://www.hemslojd.se/prenumerera,,,,,praesidia != 1
startup-stockholm-2025-10-13_17-23.xlsx - export.csv,478,Herman Bergman Konstgjuteri,Stockholm,arts_and_entertainment,https://www.bergmanskonstgjuteri.se/,,,,,praesidia != 1
startup-stockholm-2025-10-13_17-23.xlsx - export.csv,479,HEY STHLM - Arkadspel i Stockholm,Stockholm,arcade,http://heysthlm.se/,,,,,praesidia != 1
startup-stockholm-2025-10-13_17-23.xlsx - export.csv,480,Historiska museet,Stockholm,history_museum,http://www.historiska.se/,,,,,praesidia != 1
startup-stockholm-2025-10-13_17-23.xlsx - export.csv,481,Hjorten Skulpturpark,Stockholm,art_gallery,https://www.instagram.com/h.jorten/,,,,,praesidia != 1
startup-stockholm-2025-10-13_17-23.xlsx - export.csv,482,Hjortensjö Art & Design,Stockholm,art_gallery,https://www.hjortensjoart.com/,,,,,praesidia != 1
startup-stockholm-2025-10-13_17-23.xlsx - export.csv,483,Hjorthagen Dans,Stockholm,dance_school,http://folkkulturcentrum.se/,,,,,praesidia != 1
startup-stockholm-2025-10-13_17-23.xlsx - export.csv,484,Hobbybokhandeln Stockholm,Stockholm,bookstore,http://www.hobbybokhandeln.se/,,,,,praesidia != 1
startup-stockholm-2025-10-13_17-23.xlsx - export.csv,485,Hoi bokhandel,Stockholm,bookstore,http://shop.hoi.se/,,,,,praesidia != 1
startup-stockholm-2025-10-13_17-23.xlsx - export.csv,486,Hornstulls Bibliotek,Stockholm,library,http://biblioteket.stockholm.se/bibliotek/hornstulls-bibliotek,,,,,praesidia != 1
startup-stockholm-2025-10-13_17-23.xlsx - export.csv,487,Hornstulls bokhandel,Stockholm,bookstore,http://www.hornstullsbokhandel.se/,,,,,praesidia != 1
startup-stockholm-2025-10-13_17-23.xlsx - export.csv,488,Hosoi,Stockholm,music_venue,https://www.hosoistockholm.com/,,,,,praesidia != 1
startup-stockholm-2025-10-13_17-23.xlsx - export.csv,489,House of Oldies,Stockholm,music_and_dvd_store,https://houseofoldies.se/,,,,,praesidia != 1
startup-stockholm-2025-10-13_17-23.xlsx - export.csv,490,House of Q,Stockholm,community_center,http://www.houseofq.se/,,,,,praesidia != 1
startup-stockholm-2025-10-13_17-23.xlsx - export.csv,491,HOW Arkitekter,Stockholm,architectural_designer,http://www.howarkitekter.se/,,,,,praesidia != 1
startup-stockholm-2025-10-13_17-23.xlsx - export.csv,492,HUD SPACE,Stockholm,art_gallery,http://www.hud-space.com/,,,,,praesidia != 1
startup-stockholm-2025-10-13_17-23.xlsx - export.csv,493,Hundörat Rare Books,Stockholm,bookstore,https://Ingen webbplats,,,,,praesidia != 1
startup-stockholm-2025-10-13_17-23.xlsx - export.csv,494,Husby bibliotek,Stockholm,library,http://biblioteket.stockholm.se/bibliotek/husby-bibliotek,,,,,praesidia != 1
startup-stockholm-2025-10-13_17-23.xlsx - export.csv,495,Husby Konsthall,Stockholm,art_gallery,http://www.husbygard.nu/,,,,,praesidia != 1
startup-stockholm-2025-10-13_17-23.xlsx - export.csv,496,Husby Kulturhuset Stadsteatern,Stockholm,theatre,http://kulturhusetstadsteatern.se/husby,,,,,praesidia != 1
startup-stockholm-2025-10-13_17-23.xlsx - export.csv,497,Husby Kulturskolan,Stockholm,community_center,https://Ingen webbplats,,,,,praesidia != 1
startup-stockholm-2025-10-13_17-23.xlsx - export.csv,498,Husby-gård,Stockholm,arts_and_entertainment,http://www.husbygard.nu,,,,,praesidia != 1
startup-stockholm-2025-10-13_17-23.xlsx - export.csv,499,Husverket,Stockholm,architectural_designer,http://www.husverket.se/,,,,,praesidia != 1
startup-stockholm-2025-10-13_17-23.xlsx - export.csv,500,HV Skola,Stockholm,arts_and_entertainment,http://www.hvskola.se,,,,,praesidia != 1
startup-stockholm-2025-10-13_17-23.xlsx - export.csv,501,HYDE Stockholm,Stockholm,dance_club,http://www.hydestockholm.se/,,,,,praesidia != 1
startup-stockholm-2025-10-13_17-23.xlsx - export.csv,502,Håkans Dansskola,Stockholm,dance_school,http://www.hakansdansskola.se/,,,,,praesidia != 1
startup-stockholm-2025-10-13_17-23.xlsx - export.csv,503,Hägerstens Hembygdsförening,Stockholm,community_services_non_profits,http://www.hembygd.se/hagersten,,,,,praesidia != 1
startup-stockholm-2025-10-13_17-23.xlsx - export.csv,504,Hägerstensåsens Medborgarhus,Stockholm,community_services_non_profits,https://www.medborgarhuset.se/,,,,,praesidia != 1
startup-stockholm-2025-10-13_17-23.xlsx - export.csv,505,Hässelby Villastads bibliotek,Stockholm,library,https://biblioteket.stockholm.se/bibliotek/hasselby-villastads-bibliotek,,,,,praesidia != 1
startup-stockholm-2025-10-13_17-23.xlsx - export.csv,506,Hässelby Villastads Folkets Hus u.p.a,Stockholm,community_services_non_profits,http://hesselbyfh.se/,,,,,praesidia != 1
startup-stockholm-2025-10-13_17-23.xlsx - export.csv,507,Högalids Oratoriekör,Stockholm,choir,https://www.svenskakyrkan.se/hogalid/hogalids-oratoriekor,,,,,praesidia != 1
startup-stockholm-2025-10-13_17-23.xlsx - export.csv,508,Höglandsbiografen,Stockholm,cinema,http://www.wifilm.se/hogland.html,,,,,praesidia != 1
startup-stockholm-2025-10-13_17-23.xlsx - export.csv,509,Hökarängens Antikvariat och Skivbörs,Stockholm,bookstore,https://hokarangensantikvariat.com/,,,,,praesidia != 1
startup-stockholm-2025-10-13_17-23.xlsx - export.csv,510,Hökis Visrum,Stockholm,music_venue,http://www.hokisvisrum.se/,,,,,praesidia != 1
startup-stockholm-2025-10-13_17-23.xlsx - export.csv,511,Hönan och ägget Bagarmossen,Stockholm,community_services_non_profits,https://bagisodlarna.webnode.se/,,,,,praesidia != 1
startup-stockholm-2025-10-13_17-23.xlsx - export.csv,512,Hör & Scen,Stockholm,cultural_center,http://www.demokratipiloterna.se/,,,,,praesidia != 1
startup-stockholm-2025-10-13_17-23.xlsx - export.csv,513,ID:I Galleri,Stockholm,art_gallery,http://www.idigalleri.org/,,,,,praesidia != 1
startup-stockholm-2025-10-13_17-23.xlsx - export.csv,514,"IDance Studios - Salsa, Bachata och Kizomba i Stockholm",Stockholm,dance_school,http://www.idance.se/,,,,,praesidia != 1
startup-stockholm-2025-10-13_17-23.xlsx - export.csv,515,Ideell kulturallians,Stockholm,community_services_non_profits,http://ideellkultur.se/,,,,,praesidia != 1
startup-stockholm-2025-10-13_17-23.xlsx - export.csv,516,Immersive Reality Studios Stockholm,Stockholm,cultural_center,https://immersivestockholm.com/,,,,,praesidia != 1
startup-stockholm-2025-10-13_17-23.xlsx - export.csv,517,Improvisationsstudion,Stockholm,theatre,http://www.improvisationsteater.se/,,,,,praesidia != 1
startup-stockholm-2025-10-13_17-23.xlsx - export.csv,518,IMRSV Music,Stockholm,music_production,http://www.immersivemusicgroup.com/,,,,,praesidia != 1
startup-stockholm-2025-10-13_17-23.xlsx - export.csv,519,Index - The Swedish Contemporary Art Foundation,Stockholm,art_gallery,http://www.indexfoundation.se/,,,,,praesidia != 1
startup-stockholm-2025-10-13_17-23.xlsx - export.csv,520,Influence Film Club,Stockholm,community_services_non_profits,http://www.influencefilmclub.com/,,,,,praesidia != 1
startup-stockholm-2025-10-13_17-23.xlsx - export.csv,521,Ingrid Studios,Stockholm,music_production,http://www.ingridstudios.com/,,,,,praesidia != 1
startup-stockholm-2025-10-13_17-23.xlsx - export.csv,522,Interbok,Stockholm,bookstore,http://www.interbok.se/,,,,,praesidia != 1
startup-stockholm-2025-10-13_17-23.xlsx - export.csv,523,Intercult,Stockholm,theatre,https://www.intercult.se/,,,,,praesidia != 1
startup-stockholm-2025-10-13_17-23.xlsx - export.csv,524,Interior Design & Architecture.TF Project & Concept AB.,Stockholm,architectural_designer,http://www.tonyfernandez.se/,,,,,praesidia != 1
startup-stockholm-2025-10-13_17-23.xlsx - export.csv,525,International Theater Stockholm,Stockholm,theatre,http://internationaltheater.se/,,,,,praesidia != 1
startup-stockholm-2025-10-13_17-23.xlsx - export.csv,526,Intiman,Stockholm,theatre,https://www.intiman.se/forestallningar/,,,,,praesidia != 1
startup-stockholm-2025-10-13_17-23.xlsx - export.csv,527,Intresseföreningen Varvseken,Stockholm,community_center,http://www.varvseken.se,,,,,praesidia != 1
startup-stockholm-2025-10-13_17-23.xlsx - export.csv,528,Inuti Galleri,Stockholm,art_gallery,http://www.inuti.se/info/inuti-galleri,,,,,praesidia != 1
startup-stockholm-2025-10-13_17-23.xlsx - export.csv,529,Iraqi Cultural Center-Sweden المركز الثقافي العراقي في السويد,Stockholm,cultural_center,http://www.youtube.com/Iraqiccenter,,,,,praesidia != 1
startup-stockholm-2025-10-13_17-23.xlsx - export.csv,530,Issues Gallery,Stockholm,art_gallery,http://issues.gallery/,,,,,praesidia != 1
startup-stockholm-2025-10-13_17-23.xlsx - export.csv,531,"Istituto Italiano di Cultura di Stoccolma ""C.M. Lerici""",Stockholm,cultural_center,https://iicstoccolma.esteri.it/iic_stoccolma/it/istituto/come_contattarci/,,,,,praesidia != 1
startup-stockholm-2025-10-13_17-23.xlsx - export.csv,532,Jakobsbergs Gård,Stockholm,community_services_non_profits,http://www.jakobsbergsgarden.se/,,,,,praesidia != 1
startup-stockholm-2025-10-13_17-23.xlsx - export.csv,533,Joliark,Stockholm,architectural_designer,https://joliark.se/,,,,,praesidia != 1
startup-stockholm-2025-10-13_17-23.xlsx - export.csv,534,Jordens Arkitekter,Stockholm,architectural_designer,http://www.jordens.se/,,,,,praesidia != 1
startup-stockholm-2025-10-13_17-23.xlsx - export.csv,535,Judisk Kultur i Sverige,Stockholm,community_services_non_profits,http://www.judiskkultur.se/,,,,,praesidia != 1
startup-stockholm-2025-10-13_17-23.xlsx - export.csv,536,Judiska Museet,Stockholm,museum,http://www.judiskamuseet.se/,,,,,praesidia != 1
startup-stockholm-2025-10-13_17-23.xlsx - export.csv,537,Judiska Teatern,Stockholm,theatre,http://www.judiskateatern.se/,,,,,praesidia != 1
startup-stockholm-2025-10-13_17-23.xlsx - export.csv,538,Junibacken,Stockholm,museum,http://www.junibacken.se/,,,,,praesidia != 1
startup-stockholm-2025-10-13_17-23.xlsx - export.csv,539,Jure Bokhandel,Stockholm,bookstore,http://www.jure.se/ie/,,,,,praesidia != 1
startup-stockholm-2025-10-13_17-23.xlsx - export.csv,540,JUSTE Gallery,Stockholm,art_gallery,http://www.justegallery.com,,,,,praesidia != 1
startup-stockholm-2025-10-13_17-23.xlsx - export.csv,541,Justin Theatre Production,Stockholm,theatre,https://justintp.com/,,,,,praesidia != 1
startup-stockholm-2025-10-13_17-23.xlsx - export.csv,542,K. A. Almgren sidenväveri & museum,Stockholm,museum,http://www.kasiden.se,,,,,praesidia != 1
startup-stockholm-2025-10-13_17-23.xlsx - export.csv,543,Kafe 44,Stockholm,community_center,https://kafe44.org/,,,,,praesidia != 1
startup-stockholm-2025-10-13_17-23.xlsx - export.csv,544,Kaija’s Musiksalong,Stockholm,music_venue,https://www.facebook.com/kaijasalong/,,,,,praesidia != 1
startup-stockholm-2025-10-13_17-23.xlsx - export.csv,545,Kammaren,Stockholm,music_venue,http://www.kammaren.com/,,,,,praesidia != 1
startup-stockholm-2025-10-13_17-23.xlsx - export.csv,546,Kammaroperakompaniet,Stockholm,opera_and_ballet,http://www.kammaroperakompaniet.se/,,,,,praesidia != 1
startup-stockholm-2025-10-13_17-23.xlsx - export.csv,547,Kammerton ideell förening,Stockholm,community_services_non_profits,http://Kammerton.org/,,,,,praesidia != 1
startup-stockholm-2025-10-13_17-23.xlsx - export.csv,548,Kamratposten,Stockholm,print_media,http://www.kpwebben.se/,,,,,praesidia != 1
startup-stockholm-2025-10-13_17-23.xlsx - export.csv,549,Kanozi Arkitekter,Stockholm,architectural_designer,https://www.kanozi.se/,,,,,praesidia != 1
startup-stockholm-2025-10-13_17-23.xlsx - export.csv,550,Kaolin,Stockholm,arts_and_crafts,http://www.kaolin.se/,,,,,praesidia != 1
startup-stockholm-2025-10-13_17-23.xlsx - export.csv,551,Kapsylen,Stockholm,cultural_center,http://kapsylen.se/,,,,,praesidia != 1
startup-stockholm-2025-10-13_17-23.xlsx - export.csv,552,Karamba Dance Studio,Stockholm,dance_school,https://www.karambadancestudio.se/,,,,,praesidia != 1
startup-stockholm-2025-10-13_17-23.xlsx - export.csv,553,Karlsson & Wickman,Stockholm,art_gallery,http://www.karlssonandwickman.com/,,,,,praesidia != 1
startup-stockholm-2025-10-13_17-23.xlsx - export.csv,554,"Karuna, Sverige",Stockholm,community_services_non_profits,https://www.karuna.org/,,,,,praesidia != 1
startup-stockholm-2025-10-13_17-23.xlsx - export.csv,555,Kask Arkitekter,Stockholm,architectural_designer,http://www.kask.se/,,,,,praesidia != 1
startup-stockholm-2025-10-13_17-23.xlsx - export.csv,556,Kaskaderna,Stockholm,theatre,https://www.facebook.com/Kaskaderna/,,,,,praesidia != 1
startup-stockholm-2025-10-13_17-23.xlsx - export.csv,557,Kastanjegården,Stockholm,arts_and_entertainment,https://Ingen webbplats,,,,,praesidia != 1
startup-stockholm-2025-10-13_17-23.xlsx - export.csv,558,Katolsk Bokhandel,Stockholm,bookstore,http://www.katolskbokhandel.com/,,,,,praesidia != 1
startup-stockholm-2025-10-13_17-23.xlsx - export.csv,559,Keloke Dance Studio,Stockholm,dance_school,http://www.kelokedancestudio.com/,,,,,praesidia != 1
startup-stockholm-2025-10-13_17-23.xlsx - export.csv,560,Kfum Gården,Stockholm,community_center,http://www.kfum-garden.nu,,,,,praesidia != 1
startup-stockholm-2025-10-13_17-23.xlsx - export.csv,561,Khimaira,Stockholm,music_venue,https://Ingen webbplats,,,,,praesidia != 1
startup-stockholm-2025-10-13_17-23.xlsx - export.csv,562,Kilen,Stockholm,theatre,https://kulturhusetstadsteatern.se/kilen,,,,,praesidia != 1
startup-stockholm-2025-10-13_17-23.xlsx - export.csv,563,Kimono Bonanza,Stockholm,fashion,https://kimonobonanza.se/,,,,,praesidia != 1
startup-stockholm-2025-10-13_17-23.xlsx - export.csv,564,Kinaslott,Stockholm,community_services_non_profits,https://Ingen webbplats,,,,,praesidia != 1
startup-stockholm-2025-10-13_17-23.xlsx - export.csv,565,Kindahls Dansskola,Stockholm,dance_school,http://Kindahlsdansskola.se/,,,,,praesidia != 1
startup-stockholm-2025-10-13_17-23.xlsx - export.csv,566,King Magazine,Stockholm,print_media,http://www.kingmagazine.se/,,,,,praesidia != 1
startup-stockholm-2025-10-13_17-23.xlsx - export.csv,567,Kingside,Stockholm,media_agency,http://www.kingside.se,,,,,praesidia != 1
startup-stockholm-2025-10-13_17-23.xlsx - export.csv,568,Kista bibliotek,Stockholm,library,https://biblioteket.stockholm.se/bibliotek/kista-bibliotek,,,,,praesidia != 1
startup-stockholm-2025-10-13_17-23.xlsx - export.csv,569,Kista Hembygdsgård,Stockholm,museum,http://www.vaddohembygdsforening.se/,,,,,praesidia != 1
startup-stockholm-2025-10-13_17-23.xlsx - export.csv,570,Kjellander Sjöberg Arkitektkontor,Stockholm,architectural_designer,http://kjellandersjoberg.se/,,,,,praesidia != 1
startup-stockholm-2025-10-13_17-23.xlsx - export.csv,571,Klackenbergs Böcker & Papper i Vällingby,Stockholm,bookstore,http://www.bockeropapper.se/,,,,,praesidia != 1
startup-stockholm-2025-10-13_17-23.xlsx - export.csv,572,Klara Soppteater,Stockholm,theatre,https://kulturhusetstadsteatern.se/stadsteatern/soppteatern,,,,,praesidia != 1
startup-stockholm-2025-10-13_17-23.xlsx - export.csv,573,"Klarateatern, Kulturhuset Stockholm",Stockholm,theatre,https://kulturhusetstadsteatern.se/klarascenen,,,,,praesidia != 1
startup-stockholm-2025-10-13_17-23.xlsx - export.csv,574,KlarkZenit,Stockholm,architectural_designer,http://www.klarkzenit.se/,,,,,praesidia != 1
startup-stockholm-2025-10-13_17-23.xlsx - export.csv,575,Klubb BLÅ,Stockholm,dance_club,http://www.klubbbla.se/,,,,,praesidia != 1
startup-stockholm-2025-10-13_17-23.xlsx - export.csv,576,Klubb Mariama,Stockholm,arts_and_entertainment,https://www.instagram.com/klubb_mariama/,,,,,praesidia != 1
startup-stockholm-2025-10-13_17-23.xlsx - export.csv,577,Klustret Ekskäret,Stockholm,community_services_non_profits,http://www.klustretekskaret.se/,,,,,praesidia != 1
startup-stockholm-2025-10-13_17-23.xlsx - export.csv,578,KMS Not&Bok,Stockholm,bookstore,https://kmhstudent.com/notobok/,,,,,praesidia != 1
startup-stockholm-2025-10-13_17-23.xlsx - export.csv,579,Knö Kultur,Stockholm,cultural_center,https://www.knokultur.com/,,,,,praesidia != 1
startup-stockholm-2025-10-13_17-23.xlsx - export.csv,580,Koch Arkitektkontor,Stockholm,architect,http://www.kocharkitekt.se/,,,,,praesidia != 1
startup-stockholm-2025-10-13_17-23.xlsx - export.csv,581,Kockum Luttinger Söderström arkitetkontor,Stockholm,architectural_designer,http://www.kls-ark.se/,,,,,praesidia != 1
startup-stockholm-2025-10-13_17-23.xlsx - export.csv,582,Kod Arkitekter,Stockholm,architectural_designer,http://www.kodarkitekter.se/,,,,,praesidia != 1
startup-stockholm-2025-10-13_17-23.xlsx - export.csv,583,Kolingen,Stockholm,dance_club,https://www.engelen.se/,,,,,praesidia != 1
startup-stockholm-2025-10-13_17-23.xlsx - export.csv,584,Kompetenscentrum för kultur och hälsa,Stockholm,community_services_non_profits,https://www.regionstockholm.se/kompetenscentrum/,,,,,praesidia != 1
startup-stockholm-2025-10-13_17-23.xlsx - export.csv,585,Konserthuset,Stockholm,music_venue,http://www.konserthuset.se,,,,,praesidia != 1
startup-stockholm-2025-10-13_17-23.xlsx - export.csv,586,Konst & Auktionskompaniet Hufvudstaden,Stockholm,art_gallery,https://www.auktionsverket.com/,,,,,praesidia != 1
startup-stockholm-2025-10-13_17-23.xlsx - export.csv,587,Konst & Teknik,Stockholm,arts_and_entertainment,https://www.konst-teknik.se/,,,,,praesidia != 1
startup-stockholm-2025-10-13_17-23.xlsx - export.csv,588,Konstakademien,Stockholm,art_gallery,http://www.konstakademien.se,,,,,praesidia != 1
startup-stockholm-2025-10-13_17-23.xlsx - export.csv,589,Konstdax gatugalleri,Stockholm,art_gallery,https://www.instagram.com/konstdax_gatugalleri/,,,,,praesidia != 1
startup-stockholm-2025-10-13_17-23.xlsx - export.csv,590,Konstfack,Stockholm,art_school,http://www.konstfack.se/,,,,,praesidia != 1
startup-stockholm-2025-10-13_17-23.xlsx - export.csv,591,Konstfrämjandet Stockholm,Stockholm,community_services_non_profits,https://stockholm.konstframjandet.se,,,,,praesidia != 1
startup-stockholm-2025-10-13_17-23.xlsx - export.csv,592,Konsthall C,Stockholm,art_gallery,http://www.konsthallc.se/,,,,,praesidia != 1
startup-stockholm-2025-10-13_17-23.xlsx - export.csv,593,Konsthantverkarna,Stockholm,art_gallery,https://konsthantverkarna.se/,,,,,praesidia != 1
startup-stockholm-2025-10-13_17-23.xlsx - export.csv,594,Konsthantverkarna,Stockholm,art_gallery,https://konsthantverkarna.se/,,,,,praesidia != 1
startup-stockholm-2025-10-13_17-23.xlsx - export.csv,595,Konsthantverkscentrum,Stockholm,arts_and_crafts,http://www.konsthantverkscentrum.se/,,,,,praesidia != 1
startup-stockholm-2025-10-13_17-23.xlsx - export.csv,596,Konsthissen,Stockholm,art_gallery,https://www.facebook.com/konsthissen/,,,,,praesidia != 1
startup-stockholm-2025-10-13_17-23.xlsx - export.csv,597,Konstig Books,Stockholm,bookstore,https://konstigbooks.com/,,,,,praesidia != 1
startup-stockholm-2025-10-13_17-23.xlsx - export.csv,598,Konstnärernas Riksorganisation,Stockholm,art_gallery,http://www.kro.se/,,,,,praesidia != 1
startup-stockholm-2025-10-13_17-23.xlsx - export.csv,599,Konstnärshuset,Stockholm,art_gallery,http://www.konstnarshuset.org/,,,,,praesidia != 1
startup-stockholm-2025-10-13_17-23.xlsx - export.csv,600,Konstnärshuset Smålandsgatan,Stockholm,arts_and_entertainment,https://konstnarshuset.org/,,,,,praesidia != 1
startup-stockholm-2025-10-13_17-23.xlsx - export.csv,601,Konstnärsnämnden,Stockholm,community_services_non_profits,https://www.konstnarsnamnden.se/stipendier-och-bidrag/stipendie/residens-stockholm-iaspis/,,,,,praesidia != 1
startup-stockholm-2025-10-13_17-23.xlsx - export.csv,602,Konstochfolk,Stockholm,art_gallery,http://www.konstochfolk.se/,,,,,praesidia != 1
startup-stockholm-2025-10-13_17-23.xlsx - export.csv,603,Konstrunda Midsommarkransen,Stockholm,community_services_non_profits,http://www.kransenrunt.se/,,,,,praesidia != 1
startup-stockholm-2025-10-13_17-23.xlsx - export.csv,604,Konstskolan Basis,Stockholm,art_school,https://basis.se/,,,,,praesidia != 1
startup-stockholm-2025-10-13_17-23.xlsx - export.csv,605,Konstskolan Idun Lovén,Stockholm,art_school,http://www.idunloven.se,,,,,praesidia != 1
startup-stockholm-2025-10-13_17-23.xlsx - export.csv,606,Konstskolan Linnea,Stockholm,art_school,http://www.konstskolanlinnea.se/,,,,,praesidia != 1
startup-stockholm-2025-10-13_17-23.xlsx - export.csv,607,Konstsällskapet Våga Se,Stockholm,art_gallery,http://www.konstsallskapetvagase.com/,,,,,praesidia != 1
startup-stockholm-2025-10-13_17-23.xlsx - export.csv,608,Konträr,Stockholm,theatre,http://www.kontrar.se/,,,,,praesidia != 1
startup-stockholm-2025-10-13_17-23.xlsx - export.csv,609,Kontur Arkitektkontor,Stockholm,architectural_designer,http://www.kontur.se,,,,,praesidia != 1
startup-stockholm-2025-10-13_17-23.xlsx - export.csv,610,Koreanskt Kulturcenter,Stockholm,cultural_center,https://sweden.korean-culture.org/en,,,,,praesidia != 1
startup-stockholm-2025-10-13_17-23.xlsx - export.csv,611,Korvfabriken,Stockholm,cultural_center,https://www.instagram.com/korvfabriken2.0/,,,,,praesidia != 1
startup-stockholm-2025-10-13_17-23.xlsx - export.csv,612,Kosmosklubben,Stockholm,community_services_non_profits,http://www.kosmosklubben.se/,,,,,praesidia != 1
startup-stockholm-2025-10-13_17-23.xlsx - export.csv,613,Kpop Nonstop,Stockholm,dance_club,https://www.kpopnonstop.com/,,,,,praesidia != 1
startup-stockholm-2025-10-13_17-23.xlsx - export.csv,614,Krigsarkivet,Stockholm,library,https://riksarkivet.se/,,,,,praesidia != 1
startup-stockholm-2025-10-13_17-23.xlsx - export.csv,615,"Krinolinen, Fruängen.",Stockholm,community_center,https://Ingen webbplats,,,,,praesidia != 1
startup-stockholm-2025-10-13_17-23.xlsx - export.csv,616,Kristall,Stockholm,dance_club,http://www.kristallstockholm.se,,,,,praesidia != 1
startup-stockholm-2025-10-13_17-23.xlsx - export.csv,617,Kronbergs atelje,Stockholm,art_museum,https://www.skansen.se/se-och-gora/friluftsmuseum/hus-och-gardar/kronbergs-atelje/,,,,,praesidia != 1
startup-stockholm-2025-10-13_17-23.xlsx - export.csv,618,Kråkberget,Stockholm,cultural_center,http://www.krakberget.se/,,,,,praesidia != 1
startup-stockholm-2025-10-13_17-23.xlsx - export.csv,619,KTH Biblioteket,Stockholm,library,http://www.kth.se/biblioteket,,,,,praesidia != 1
startup-stockholm-2025-10-13_17-23.xlsx - export.csv,620,KTH Library,Stockholm,library,https://www.kth.se/biblioteket,,,,,praesidia != 1
startup-stockholm-2025-10-13_17-23.xlsx - export.csv,621,Kultur,Stockholm,cultural_center,https://Ingen webbplats,,,,,praesidia != 1
startup-stockholm-2025-10-13_17-23.xlsx - export.csv,622,Kultur och medborgarhuset Trappan,Stockholm,community_center,http://www.trappan.org/,,,,,praesidia != 1
startup-stockholm-2025-10-13_17-23.xlsx - export.csv,623,Kulturdoula Stockholm,Stockholm,community_services_non_profits,https://kulturdoula.se/,,,,,praesidia != 1
startup-stockholm-2025-10-13_17-23.xlsx - export.csv,624,Kulturfyren Gamla Stan,Stockholm,cultural_center,http://www.kulturfyren.se/,,,,,praesidia != 1
startup-stockholm-2025-10-13_17-23.xlsx - export.csv,625,Kulturhuset Fanfaren,Stockholm,library,https://biblioteket.stockholm.se/bibliotek/farsta-bibliotek,,,,,praesidia != 1
startup-stockholm-2025-10-13_17-23.xlsx - export.csv,626,Kulturhuset Kulturbiblioteket,Stockholm,library,https://kulturhusetstadsteatern.se/Bibliotek/Kulturbiblioteket/,,,,,praesidia != 1
startup-stockholm-2025-10-13_17-23.xlsx - export.csv,627,Kulturhuset Stadsteatern,Stockholm,cultural_center,http://kulturhusetstadsteatern.se/,,,,,praesidia != 1
startup-stockholm-2025-10-13_17-23.xlsx - export.csv,628,Kulturhuset Stadsteatern Skärholmen,Stockholm,theatre,http://kulturhusetstadsteatern.se/skarholmen,,,,,praesidia != 1
startup-stockholm-2025-10-13_17-23.xlsx - export.csv,629,Kulturkvarter Snösätra,Stockholm,art_gallery,https://snosatra.com/,,,,,praesidia != 1
startup-stockholm-2025-10-13_17-23.xlsx - export.csv,630,Kulturscenen på NK,Stockholm,cultural_center,http://nk.se/,,,,,praesidia != 1
startup-stockholm-2025-10-13_17-23.xlsx - export.csv,631,Kulturskolan,Stockholm,music_school,http://kulturskolan.stockholm.se,,,,,praesidia != 1
startup-stockholm-2025-10-13_17-23.xlsx - export.csv,632,Kulturskolan Globen,Stockholm,theatre,http://kulturskolan.stockholm.se/,,,,,praesidia != 1
startup-stockholm-2025-10-13_17-23.xlsx - export.csv,633,Kulturskolan Kista,Stockholm,cultural_center,https://Ingen webbplats,,,,,praesidia != 1
startup-stockholm-2025-10-13_17-23.xlsx - export.csv,634,Kulturskolan Stockholm,Stockholm,music_school,http://www.stockholm.se/kulturskolan,,,,,praesidia != 1
startup-stockholm-2025-10-13_17-23.xlsx - export.csv,635,Kulturskolan Södermalm,Stockholm,music_school,https://www.kulturskolan.stockholm.se,,,,,praesidia != 1
startup-stockholm-2025-10-13_17-23.xlsx - export.csv,636,Kulturskolan Vällingby,Stockholm,cultural_center,https://Ingen webbplats,,,,,praesidia != 1
startup-stockholm-2025-10-13_17-23.xlsx - export.csv,637,Kummelholmen,Stockholm,art_gallery,http://www.kummelholmen.se/,,,,,praesidia != 1
startup-stockholm-2025-10-13_17-23.xlsx - export.csv,638,Kung Carls Jazzklubb,Stockholm,jazz_and_blues,https://www.kungcarl.se/kung-carls-jazzklubb,,,,,praesidia != 1
startup-stockholm-2025-10-13_17-23.xlsx - export.csv,639,Kungliga biblioteket,Stockholm,library,http://www.kb.se/,,,,,praesidia != 1
startup-stockholm-2025-10-13_17-23.xlsx - export.csv,640,Kungliga Dramatiska Teatern,Stockholm,theatre,http://www.dramaten.se,,,,,praesidia != 1
startup-stockholm-2025-10-13_17-23.xlsx - export.csv,641,Kungliga Filharmonikerna,Stockholm,theatre,http://www.konserthuset.se/,,,,,praesidia != 1
startup-stockholm-2025-10-13_17-23.xlsx - export.csv,642,Kungliga Operan,Stockholm,opera_and_ballet,https://www.operan.se/,,,,,praesidia != 1
startup-stockholm-2025-10-13_17-23.xlsx - export.csv,643,Kungsholmens Bibliotek,Stockholm,library,https://biblioteket.stockholm.se/bibliotek/kungsholmens-bibliotek-internationella-biblioteket,,,,,praesidia != 1
startup-stockholm-2025-10-13_17-23.xlsx - export.csv,644,Kungsholmens Bokhandel,Stockholm,bookstore,https://Ingen webbplats,,,,,praesidia != 1
startup-stockholm-2025-10-13_17-23.xlsx - export.csv,645,Kurdish Exile Museum,Stockholm,museum,http://www.kurdishmuseum.org/,,,,,praesidia != 1
startup-stockholm-2025-10-13_17-23.xlsx - export.csv,646,Kurdiska Biblioteket,Stockholm,library,http://www.kurdlib.org/,,,,,praesidia != 1
startup-stockholm-2025-10-13_17-23.xlsx - export.csv,647,KVAH Kammarmusikens Vänner i Allhelgonakyrkan,Stockholm,music_venue,https://www.kammarmusikens-vanner.se/,,,,,praesidia != 1
startup-stockholm-2025-10-13_17-23.xlsx - export.csv,648,Kvarteret,Stockholm,dance_club,https://slakthusen.se/venue/kvarteret/,,,,,praesidia != 1
startup-stockholm-2025-10-13_17-23.xlsx - export.csv,649,Kühlers Dansskola,Stockholm,dance_school,https://kuhlers.se/,,,,,praesidia != 1
startup-stockholm-2025-10-13_17-23.xlsx - export.csv,650,Kämpingebacken 13,Stockholm,museum,https://stadsmuseet.stockholm/historiska-rum/visning-av-tensta-1969/,,,,,praesidia != 1
startup-stockholm-2025-10-13_17-23.xlsx - export.csv,651,Landskapslaget,Stockholm,landscaping,http://www.landskapslaget.se/,,,,,praesidia != 1
startup-stockholm-2025-10-13_17-23.xlsx - export.csv,652,Larrys Corner,Stockholm,bookstore,http://www.larryscorner.se,,,,,praesidia != 1
startup-stockholm-2025-10-13_17-23.xlsx - export.csv,653,Larsen Warner,Stockholm,art_gallery,http://www.larsenwarner.com/,,,,,praesidia != 1
startup-stockholm-2025-10-13_17-23.xlsx - export.csv,654,LAVA,Stockholm,library,https://kulturhusetstadsteatern.se/Bibliotek/Lava,,,,,praesidia != 1
startup-stockholm-2025-10-13_17-23.xlsx - export.csv,655,Layali Orientaliska Dansakademi,Stockholm,dance_school,https://layali.se/,,,,,praesidia != 1
startup-stockholm-2025-10-13_17-23.xlsx - export.csv,656,Leksaksmuseum,Stockholm,museum,https://toymuseum.se/,,,,,praesidia != 1
startup-stockholm-2025-10-13_17-23.xlsx - export.csv,657,LEVA Studios,Stockholm,music_production,http://www.levastudios.se/,,,,,praesidia != 1
startup-stockholm-2025-10-13_17-23.xlsx - export.csv,658,Liljevalchs konsthall,Stockholm,art_gallery,http://www.liljevalchs.se/,,,,,praesidia != 1
startup-stockholm-2025-10-13_17-23.xlsx - export.csv,659,Liljewalchs,Stockholm,arts_and_entertainment,https://liljevalchs.se/,,,,,praesidia != 1
startup-stockholm-2025-10-13_17-23.xlsx - export.csv,660,Lilla Bokerian,Stockholm,bookstore,http://www.lillabokerian.se/,,,,,praesidia != 1
startup-stockholm-2025-10-13_17-23.xlsx - export.csv,661,Lindberg Stenberg Arkitekter,Stockholm,architectural_designer,http://www.lindbergstenberg.se,,,,,praesidia != 1
startup-stockholm-2025-10-13_17-23.xlsx - export.csv,662,Lindberg-on-Sea Art Gallery,Stockholm,art_gallery,http://www.lindbergonsea.com/,,,,,praesidia != 1
startup-stockholm-2025-10-13_17-23.xlsx - export.csv,663,Linjelek,Stockholm,arts_and_entertainment,http://www.linjelek.se/,,,,,praesidia != 1
startup-stockholm-2025-10-13_17-23.xlsx - export.csv,664,Link Arkitektur,Stockholm,architectural_designer,http://www.linkarkitektur.se,,,,,praesidia != 1
startup-stockholm-2025-10-13_17-23.xlsx - export.csv,665,Liten och Klok,Stockholm,cinema,https://Ingen webbplats,,,,,praesidia != 1
startup-stockholm-2025-10-13_17-23.xlsx - export.csv,666,Livrustkammaren,Stockholm,history_museum,http://www.livrustkammaren.se/,,,,,praesidia != 1
startup-stockholm-2025-10-13_17-23.xlsx - export.csv,667,Ljusrum Lindahl Löfgren,Stockholm,architectural_designer,http://www.ljusrum.se,,,,,praesidia != 1
startup-stockholm-2025-10-13_17-23.xlsx - export.csv,668,LLP Arkitektkontor AB,Stockholm,architectural_designer,http://www.llp.se/,,,,,praesidia != 1
startup-stockholm-2025-10-13_17-23.xlsx - export.csv,669,Lomar Arkitekter,Stockholm,architectural_designer,http://www.lomar.se/,,,,,praesidia != 1
startup-stockholm-2025-10-13_17-23.xlsx - export.csv,670,Loyal,Stockholm,art_gallery,https://www.loyalgallery.com/about,,,,,praesidia != 1
startup-stockholm-2025-10-13_17-23.xlsx - export.csv,671,Luma bibliotek,Stockholm,library,https://biblioteket.stockholm.se/en/bibliotek/luma-bibliotek,,,,,praesidia != 1
startup-stockholm-2025-10-13_17-23.xlsx - export.csv,672,LumenArkitekter,Stockholm,architectural_designer,http://www.lumenarkitekter.se/,,,,,praesidia != 1
startup-stockholm-2025-10-13_17-23.xlsx - export.csv,673,Lumphe Litografiska,Stockholm,art_gallery,http://lumphe-lito.se/,,,,,praesidia != 1
startup-stockholm-2025-10-13_17-23.xlsx - export.csv,674,Lundgren Guldhammer Arkitekter,Stockholm,architectural_designer,https://www.lundgrenguldhammer.com/,,,,,praesidia != 1
startup-stockholm-2025-10-13_17-23.xlsx - export.csv,675,LundLund,Stockholm,arts_and_entertainment,http://www.lundlund.com/,,,,,praesidia != 1
startup-stockholm-2025-10-13_17-23.xlsx - export.csv,676,Lutande Dörren,Stockholm,arcade,https://www.instagram.com/lutandedorren/,,,,,praesidia != 1
startup-stockholm-2025-10-13_17-23.xlsx - export.csv,677,Långholmens Fängelse,Stockholm,museum,https://langholmen.com/upplev/fangelsemuseum/,,,,,praesidia != 1
startup-stockholm-2025-10-13_17-23.xlsx - export.csv,678,M/S Borgila,Stockholm,dance_club,http://Www.Borgila.com/,,,,,praesidia != 1
startup-stockholm-2025-10-13_17-23.xlsx - export.csv,679,Mad Dance Palace,Stockholm,dance_school,http://www.maddancepalace.com/,,,,,praesidia != 1
startup-stockholm-2025-10-13_17-23.xlsx - export.csv,680,Magasin 7 Frihamnen,Stockholm,arts_and_entertainment,https://Ingen webbplats,,,,,praesidia != 1
startup-stockholm-2025-10-13_17-23.xlsx - export.csv,681,Magma Art Gallery Stockholm,Stockholm,arts_and_entertainment,https://magmaartglass.com/magma-art-gallery/,,,,,praesidia != 1
startup-stockholm-2025-10-13_17-23.xlsx - export.csv,682,MamaAfrica Mamaafricaclub,Stockholm,dance_club,https://www.facebook.com/mamaafricaclub/,,,,,praesidia != 1
startup-stockholm-2025-10-13_17-23.xlsx - export.csv,683,MangKulturelit Centrum,Stockholm,museum,https://mkcentrum.se/,,,,,praesidia != 1
startup-stockholm-2025-10-13_17-23.xlsx - export.csv,684,Marcus Malmborg,Stockholm,fashion,http://www.marcusmalmborg.com/,,,,,praesidia != 1
startup-stockholm-2025-10-13_17-23.xlsx - export.csv,685,Marge Arkitekter,Stockholm,architectural_designer,http://www.marge.se/,,,,,praesidia != 1
startup-stockholm-2025-10-13_17-23.xlsx - export.csv,686,Margen Wigow Arkitektkontor,Stockholm,architectural_designer,http://www.margenwigow.se/,,,,,praesidia != 1
startup-stockholm-2025-10-13_17-23.xlsx - export.csv,687,MarGie Bookshop,Stockholm,bookstore,http://www.margie.se,,,,,praesidia != 1
startup-stockholm-2025-10-13_17-23.xlsx - export.csv,688,Maria Ungdomsklubb,Stockholm,community_services_non_profits,https://www.fryshuset.se/verksamhet/mariaungdomsklubb/,,,,,praesidia != 1
startup-stockholm-2025-10-13_17-23.xlsx - export.csv,689,Marikas Dans & Modestudio,Stockholm,dance_school,http://www.marikas.se/,,,,,praesidia != 1
startup-stockholm-2025-10-13_17-23.xlsx - export.csv,690,Marionetteatern,Stockholm,theatre,http://kulturhusetstadsteatern.se/Marionetteatern/,,,,,praesidia != 1
startup-stockholm-2025-10-13_17-23.xlsx - export.csv,691,Market Art Fair,Stockholm,art_gallery,https://marketartfair.com/,,,,,praesidia != 1
startup-stockholm-2025-10-13_17-23.xlsx - export.csv,692,Marxarkitektur.se,Stockholm,architectural_designer,http://www.marxarkitektur.se/,,,,,praesidia != 1
startup-stockholm-2025-10-13_17-23.xlsx - export.csv,693,Maxim Stockholm,Stockholm,cultural_center,https://www.maximstockholm.se/,,,,,praesidia != 1
startup-stockholm-2025-10-13_17-23.xlsx - export.csv,694,Maximteatern,Stockholm,theatre,https://www.maximstockholm.se/,,,,,praesidia != 1
startup-stockholm-2025-10-13_17-23.xlsx - export.csv,695,MDEMC,Stockholm,arts_and_entertainment,http://www.mdemc.se/,,,,,praesidia != 1
startup-stockholm-2025-10-13_17-23.xlsx - export.csv,696,Medelhavsmuseet,Stockholm,history_museum,https://www.medelhavsmuseet.se/,,,,,praesidia != 1
startup-stockholm-2025-10-13_17-23.xlsx - export.csv,697,Medis 5,Stockholm,community_services_non_profits,http://www.medis5.org/,,,,,praesidia != 1
startup-stockholm-2025-10-13_17-23.xlsx - export.csv,698,Mekaniska verkstaden,Stockholm,museum,https://www.skansen.se/se-och-gora/friluftsmuseum/hus-och-gardar/mekaniska-verkstaden/,,,,,praesidia != 1
startup-stockholm-2025-10-13_17-23.xlsx - export.csv,699,MER Arkitekter,Stockholm,architectural_designer,http://www.mer.se/,,,,,praesidia != 1
startup-stockholm-2025-10-13_17-23.xlsx - export.csv,700,Metod Arkitekter,Stockholm,architect,https://www.metodarkitekter.se/,,,,,praesidia != 1
startup-stockholm-2025-10-13_17-23.xlsx - export.csv,701,Metropolis Arkitekter,Stockholm,architectural_designer,http://metark.se/,,,,,praesidia != 1
startup-stockholm-2025-10-13_17-23.xlsx - export.csv,702,Midsommargården,Stockholm,cultural_center,http://www.midsommargarden.se/,,,,,praesidia != 1
startup-stockholm-2025-10-13_17-23.xlsx - export.csv,703,Militärmusiksamfundet / Swedish military music society,Stockholm,community_services_non_profits,http://militarmusik.se/,,,,,praesidia != 1
startup-stockholm-2025-10-13_17-23.xlsx - export.csv,704,Miljöverkstan Flaten,Stockholm,community_services_non_profits,http://www.miljoverkstan.se/,,,,,praesidia != 1
startup-stockholm-2025-10-13_17-23.xlsx - export.csv,705,Millimeter Arkitekter AB,Stockholm,architectural_designer,http://www.millimeter.se/,,,,,praesidia != 1
startup-stockholm-2025-10-13_17-23.xlsx - export.csv,706,Mimteatern,Stockholm,theatre,https://pantomimteatern.se/,,,,,praesidia != 1
startup-stockholm-2025-10-13_17-23.xlsx - export.csv,707,Mina books,Stockholm,bookstore,http://minabooks.com/,,,,,praesidia != 1
startup-stockholm-2025-10-13_17-23.xlsx - export.csv,708,Mind the Music,Stockholm,music_venue,http://kmh.se/,,,,,praesidia != 1
startup-stockholm-2025-10-13_17-23.xlsx - export.csv,709,Minibok Vällingby,Stockholm,bookstore,https://Ingen webbplats,,,,,praesidia != 1
startup-stockholm-2025-10-13_17-23.xlsx - export.csv,710,Miniteatern,Stockholm,theatre,http://www.miniteatern.se/,,,,,praesidia != 1
startup-stockholm-2025-10-13_17-23.xlsx - export.csv,711,Mint,Stockholm,museum,http://www.m-i-n-t.se/,,,,,praesidia != 1
startup-stockholm-2025-10-13_17-23.xlsx - export.csv,712,Miss Unicorn,Stockholm,arts_and_entertainment,https://www.facebook.com/p/Miss-Unicorn-100042730215721/?locale=sv_SE,,,,,praesidia != 1
startup-stockholm-2025-10-13_17-23.xlsx - export.csv,713,Mittiprickteatern,Stockholm,theatre,http://www.mittiprickteatern.se,,,,,praesidia != 1
startup-stockholm-2025-10-13_17-23.xlsx - export.csv,714,Moderna Dansteatern,Stockholm,theatre,http://www.mdtsthlm.se/,,,,,praesidia != 1
startup-stockholm-2025-10-13_17-23.xlsx - export.csv,715,Moderna Museet,Stockholm,art_museum,http://www.modernamuseet.se/,,,,,praesidia != 1
startup-stockholm-2025-10-13_17-23.xlsx - export.csv,716,Moderna Museet,Stockholm,museum,https://www.modernamuseet.se/,,,,,praesidia != 1
startup-stockholm-2025-10-13_17-23.xlsx - export.csv,717,Modernista,Stockholm,bookstore,https://issuu.com/modernistabooks/,,,,,praesidia != 1
startup-stockholm-2025-10-13_17-23.xlsx - export.csv,718,Molotov Studios,Stockholm,arts_and_entertainment,https://www.facebook.com/molotovstudios/?locale=sv_SE,,,,,praesidia != 1
startup-stockholm-2025-10-13_17-23.xlsx - export.csv,719,Momangen,Stockholm,art_gallery,https://www.instagram.com/gallerimomangen/,,,,,praesidia != 1
startup-stockholm-2025-10-13_17-23.xlsx - export.csv,720,Moment,Stockholm,theatre,http://www.moment.org.se/,,,,,praesidia != 1
startup-stockholm-2025-10-13_17-23.xlsx - export.csv,721,Monkey Beach,Stockholm,music_and_dvd_store,https://Ingen webbplats,,,,,praesidia != 1
startup-stockholm-2025-10-13_17-23.xlsx - export.csv,722,Moretti Sweden,Stockholm,arts_and_entertainment,http://www.moretti.se/,,,,,praesidia != 1
startup-stockholm-2025-10-13_17-23.xlsx - export.csv,723,Morota Staaf Arkitekter,Stockholm,architectural_designer,http://www.morotastaaf.se/,,,,,praesidia != 1
startup-stockholm-2025-10-13_17-23.xlsx - export.csv,724,Morrissey Books,Stockholm,bookstore,http://instagram.com/morrisseybooks,,,,,praesidia != 1
startup-stockholm-2025-10-13_17-23.xlsx - export.csv,725,Mosaikteatern,Stockholm,theatre,http://www.mosaikteatern.se/,,,,,praesidia != 1
startup-stockholm-2025-10-13_17-23.xlsx - export.csv,726,Mossutställningar,Stockholm,arts_and_entertainment,http://www.mossutstallningar.com/svt,,,,,praesidia != 1
startup-stockholm-2025-10-13_17-23.xlsx - export.csv,727,Movieton,Stockholm,cinema,https://Ingen webbplats,,,,,praesidia != 1
startup-stockholm-2025-10-13_17-23.xlsx - export.csv,728,Munnen,Stockholm,community_center,https://munnen.ooo/,,,,,praesidia != 1
startup-stockholm-2025-10-13_17-23.xlsx - export.csv,729,Murman Arkitekter,Stockholm,architectural_designer,http://www.murman.se/,,,,,praesidia != 1
startup-stockholm-2025-10-13_17-23.xlsx - export.csv,730,Museum Kvarnvikens Kvarn och Såg,Stockholm,museum,http://www.kvarnvikensmuseum.se/,,,,,praesidia != 1
startup-stockholm-2025-10-13_17-23.xlsx - export.csv,731,Museum of Artificial Intelligence,Stockholm,science_museum,https://aimuseum.se/,,,,,praesidia != 1
startup-stockholm-2025-10-13_17-23.xlsx - export.csv,732,Museum Tre Kronor,Stockholm,museum,https://www.kungligaslotten.se/vara-besoksmal/kungliga-slottet/museum-tre-kronor.html,,,,,praesidia != 1
startup-stockholm-2025-10-13_17-23.xlsx - export.csv,733,Musik i Engelbrekt,Stockholm,music_venue,https://www.svenskakyrkan.se/engelbrekt/musikiengelbrekt,,,,,praesidia != 1
startup-stockholm-2025-10-13_17-23.xlsx - export.csv,734,Musik i Oscars,Stockholm,music_venue,http://www.svenskakyrkan.se/oscarsforsamling,,,,,praesidia != 1
startup-stockholm-2025-10-13_17-23.xlsx - export.csv,735,Musik- och teaterbiblioteket,Stockholm,library,http://musikochteaterbiblioteket.se/,,,,,praesidia != 1
startup-stockholm-2025-10-13_17-23.xlsx - export.csv,736,Musikakademien,Stockholm,music_school,http://www.musikakademien.se/,,,,,praesidia != 1
startup-stockholm-2025-10-13_17-23.xlsx - export.csv,737,Musikaliska,Stockholm,music_venue,https://linktr.ee/musikaliskakvarteret,,,,,praesidia != 1
startup-stockholm-2025-10-13_17-23.xlsx - export.csv,738,Musikcentrum Öst,Stockholm,community_services_non_profits,https://www.flowcode.com/page/musikcentrumost,,,,,praesidia != 1
startup-stockholm-2025-10-13_17-23.xlsx - export.csv,739,Musikerförbundet,Stockholm,community_services_non_profits,https://www.musikerforbundet.se/,,,,,praesidia != 1
startup-stockholm-2025-10-13_17-23.xlsx - export.csv,740,MusikMACKen,Stockholm,music_venue,http://www.musikmacken.org/,,,,,praesidia != 1
startup-stockholm-2025-10-13_17-23.xlsx - export.csv,741,Musikplats Stockholm,Stockholm,music_venue,https://www.sverigesradio.se,,,,,praesidia != 1
startup-stockholm-2025-10-13_17-23.xlsx - export.csv,742,Musikstil Academy - Den moderna musikskolan,Stockholm,music_school,http://www.musikstil.se/,,,,,praesidia != 1
startup-stockholm-2025-10-13_17-23.xlsx - export.csv,743,Musikverket,Stockholm,library,http://musikverket.se/,,,,,praesidia != 1
startup-stockholm-2025-10-13_17-23.xlsx - export.csv,744,MYO Make Your Own,Stockholm,fashion,http://www.makeyourown.se/,,,,,praesidia != 1
startup-stockholm-2025-10-13_17-23.xlsx - export.csv,745,MYST Stockholm,Stockholm,dance_club,http://www.myststockholm.nu/,,,,,praesidia != 1
startup-stockholm-2025-10-13_17-23.xlsx - export.csv,746,Mystique,Stockholm,theatre,http://mystique.nu/,,,,,praesidia != 1
startup-stockholm-2025-10-13_17-23.xlsx - export.csv,747,Måla och Skåla,Stockholm,arts_and_entertainment,https://malaochskala.se/,,,,,praesidia != 1
startup-stockholm-2025-10-13_17-23.xlsx - export.csv,748,Målarkurser med Susanna Salifou Nygren,Stockholm,art_school,http://www.malarkurser.se/,,,,,praesidia != 1
startup-stockholm-2025-10-13_17-23.xlsx - export.csv,749,Månadens Bok,Stockholm,bookstore,http://www.manadensbok.se/,,,,,praesidia != 1
startup-stockholm-2025-10-13_17-23.xlsx - export.csv,750,Mälarhöjdens Dansskola,Stockholm,dance_school,http://www.malarhojdensdansskola.se/,,,,,praesidia != 1
startup-stockholm-2025-10-13_17-23.xlsx - export.csv,751,Mälarhöjdens Friluftsteater,Stockholm,theatre,http://mälarhöjdensfriluftsteater.se,,,,,praesidia != 1
startup-stockholm-2025-10-13_17-23.xlsx - export.csv,752,Mälarsalens danskurser,Stockholm,dance_school,http://www.malarsalen.se/,,,,,praesidia != 1
startup-stockholm-2025-10-13_17-23.xlsx - export.csv,753,Mötesplatsen Stora Sköndal,Stockholm,community_center,https://www.framtidensstoraskondal.se/motesplatsen/,,,,,praesidia != 1
startup-stockholm-2025-10-13_17-23.xlsx - export.csv,754,Nada Studio,Stockholm,music_production,http://www.nada.se/,,,,,praesidia != 1
startup-stockholm-2025-10-13_17-23.xlsx - export.csv,755,National Archives of Sweden,Stockholm,library,http://riksarkivet.se/,,,,,praesidia != 1
startup-stockholm-2025-10-13_17-23.xlsx - export.csv,756,National Library of Sweden,Stockholm,library,http://www.kb.se/,,,,,praesidia != 1
startup-stockholm-2025-10-13_17-23.xlsx - export.csv,757,Nationalgalleriet,Stockholm,art_gallery,http://nationalgalleriet.just.nu,,,,,praesidia != 1
startup-stockholm-2025-10-13_17-23.xlsx - export.csv,758,Nationalmuseum,Stockholm,art_museum,https://www.nationalmuseum.se/besök-museet/öppettider,,,,,praesidia != 1
startup-stockholm-2025-10-13_17-23.xlsx - export.csv,759,Nationalmuseum,Stockholm,museum,http://www.nationalmuseum.se,,,,,praesidia != 1
startup-stockholm-2025-10-13_17-23.xlsx - export.csv,760,Naturhistoriska Riksmuseet,Stockholm,history_museum,http://www.nrm.se/,,,,,praesidia != 1
startup-stockholm-2025-10-13_17-23.xlsx - export.csv,761,NEUstockholm,Stockholm,dance_club,,,,,,praesidia != 1
startup-stockholm-2025-10-13_17-23.xlsx - export.csv,762,Nivis Pluma,Stockholm,architectural_designer,http://Www.nivispluma.it/,,,,,praesidia != 1
startup-stockholm-2025-10-13_17-23.xlsx - export.csv,763,NKF - Nordic Art Association - Sweden,Stockholm,art_gallery,http://www.nkf.se/,,,,,praesidia != 1
startup-stockholm-2025-10-13_17-23.xlsx - export.csv,764,Nobel Prize Museum,Stockholm,museum,https://www.nobelprizemuseum.se/,,,,,praesidia != 1
startup-stockholm-2025-10-13_17-23.xlsx - export.csv,765,Noden,Stockholm,community_services_non_profits,http://www.noden.org/,,,,,praesidia != 1
startup-stockholm-2025-10-13_17-23.xlsx - export.csv,766,NonStop Entertainment,Stockholm,arts_and_entertainment,http://www.nonstopentertainment.com/,,,,,praesidia != 1
startup-stockholm-2025-10-13_17-23.xlsx - export.csv,767,Nordic Art,Stockholm,art_gallery,http://www.nordicart.se/,,,,,praesidia != 1
startup-stockholm-2025-10-13_17-23.xlsx - export.csv,768,Nordiska museet,Stockholm,museum,http://www.nordiskamuseet.se,,,,,praesidia != 1
startup-stockholm-2025-10-13_17-23.xlsx - export.csv,769,Nostalgipalatset,Stockholm,music_and_dvd_store,http://www.nostalgipalatset.com/,,,,,praesidia != 1
startup-stockholm-2025-10-13_17-23.xlsx - export.csv,770,Nuda,Stockholm,print_media,http://nudapaper.com/,,,,,praesidia != 1
startup-stockholm-2025-10-13_17-23.xlsx - export.csv,771,Ny finsk film,Stockholm,cinema,https://finlandsinstitutet.se/category/program/film/,,,,,praesidia != 1
startup-stockholm-2025-10-13_17-23.xlsx - export.csv,772,Nya Elbaseriet,Stockholm,cultural_center,http://www.elbaseriet.se/,,,,,praesidia != 1
startup-stockholm-2025-10-13_17-23.xlsx - export.csv,773,Nya Rondo,Stockholm,cinema,http://www.cyklopen.se/hitta-till-oss,,,,,praesidia != 1
startup-stockholm-2025-10-13_17-23.xlsx - export.csv,774,Nya Rågsveds Folkets Hus,Stockholm,community_services_non_profits,http://www.nyaragsvedsfolketshus.se/,,,,,praesidia != 1
startup-stockholm-2025-10-13_17-23.xlsx - export.csv,775,Nyréns Arkitektkontor,Stockholm,architectural_designer,http://www.nyrens.se/,,,,,praesidia != 1
startup-stockholm-2025-10-13_17-23.xlsx - export.csv,776,Nytorps Gärde,Stockholm,attractions_and_activities,http://www.stockholm.se/-/Serviceenhetsdetaljer/?enhet=b43f81bf6e324b498040e06ab3c55982,,,,,praesidia != 1
startup-stockholm-2025-10-13_17-23.xlsx - export.csv,777,Näslund Arkitektur,Stockholm,architectural_designer,http://www.naslundarkitektur.se/,,,,,praesidia != 1
startup-stockholm-2025-10-13_17-23.xlsx - export.csv,778,Nöjespråmen Stockholm,Stockholm,community_services_non_profits,http://web.comhem.se/billeyshamrock/pramen.html,,,,,praesidia != 1
startup-stockholm-2025-10-13_17-23.xlsx - export.csv,779,O2A-oxygen architects,Stockholm,architectural_designer,https://www.o2a.se/arkitekt-tjanster,,,,,praesidia != 1
startup-stockholm-2025-10-13_17-23.xlsx - export.csv,780,Oak Island Gallery,Stockholm,art_gallery,http://oakislandgallery.com/,,,,,praesidia != 1
startup-stockholm-2025-10-13_17-23.xlsx - export.csv,781,Oberoende Filmares Förbund,Stockholm,community_services_non_profits,http://www.off.se/,,,,,praesidia != 1
startup-stockholm-2025-10-13_17-23.xlsx - export.csv,782,Oda Studios,Stockholm,music_production,http://www.odastudios.com/,,,,,praesidia != 1
startup-stockholm-2025-10-13_17-23.xlsx - export.csv,783,Ojorojo Keramik,Stockholm,art_school,https://www.facebook.com/ojorojokeramik,,,,,praesidia != 1
startup-stockholm-2025-10-13_17-23.xlsx - export.csv,784,Olympiateatern,Stockholm,theatre,http://www.olympiateatern.se/,,,,,praesidia != 1
startup-stockholm-2025-10-13_17-23.xlsx - export.csv,785,Omega Records Stockholm,Stockholm,music_and_dvd_store,http://www.omegarecords.se/,,,,,praesidia != 1
startup-stockholm-2025-10-13_17-23.xlsx - export.csv,786,Onsdags Livs,Stockholm,music_and_dvd_store,https://Ingen webbplats,,,,,praesidia != 1
startup-stockholm-2025-10-13_17-23.xlsx - export.csv,787,Ordfront magasin,Stockholm,print_media,http://ordfrontmagasin.se/,,,,,praesidia != 1
startup-stockholm-2025-10-13_17-23.xlsx - export.csv,788,Orientalia Bok- & Biblioteksservice,Stockholm,bookstore,http://www.orientalia.se,,,,,praesidia != 1
startup-stockholm-2025-10-13_17-23.xlsx - export.csv,789,Orientaliska Studier,Stockholm,mass_media,http://www.orientaliskastudier.se/,,,,,praesidia != 1
startup-stockholm-2025-10-13_17-23.xlsx - export.csv,790,Original Global Art,Stockholm,art_gallery,http://www.originalglobalart.store/,,,,,praesidia != 1
startup-stockholm-2025-10-13_17-23.xlsx - export.csv,791,ORIGO arkitekter,Stockholm,architectural_designer,http://www.origoark.se/,,,,,praesidia != 1
startup-stockholm-2025-10-13_17-23.xlsx - export.csv,792,Orionteatern,Stockholm,theatre,http://orionteatern.se/,,,,,praesidia != 1
startup-stockholm-2025-10-13_17-23.xlsx - export.csv,793,Oscarsteatern,Stockholm,theatre,http://www.oscarsteatern.se/,,,,,praesidia != 1
startup-stockholm-2025-10-13_17-23.xlsx - export.csv,794,Osqstämman,Stockholm,choir,https://osqstamman.com/,,,,,praesidia != 1
startup-stockholm-2025-10-13_17-23.xlsx - export.csv,795,Osynliga Teatern,Stockholm,theatre,http://www.osynligateatern.com/,,,,,praesidia != 1
startup-stockholm-2025-10-13_17-23.xlsx - export.csv,796,OWC Arkitekter AB,Stockholm,architectural_designer,http://www.owc.se/,,,,,praesidia != 1
startup-stockholm-2025-10-13_17-23.xlsx - export.csv,797,P-Tzz-Dah,Stockholm,dance_club,https://www.facebook.com/groups/ptzzdah/?locale=sv_SE,,,,,praesidia != 1
startup-stockholm-2025-10-13_17-23.xlsx - export.csv,798,Pachanga,Stockholm,dance_club,http://www.pachanga.se/,,,,,praesidia != 1
startup-stockholm-2025-10-13_17-23.xlsx - export.csv,799,Packrummet - Slakthuset,Stockholm,dance_club,https://Ingen webbplats,,,,,praesidia != 1
startup-stockholm-2025-10-13_17-23.xlsx - export.csv,800,PAJU Arkitektur,Stockholm,architectural_designer,http://www.paju.se/,,,,,praesidia != 1
startup-stockholm-2025-10-13_17-23.xlsx - export.csv,801,Panipirotiska Sällskapet Stockholm,Stockholm,community_services_non_profits,http://www.panipirotiska.se/,,,,,praesidia != 1
startup-stockholm-2025-10-13_17-23.xlsx - export.csv,802,Papercut,Stockholm,bookstore,https://papercutshop.se/,,,,,praesidia != 1
startup-stockholm-2025-10-13_17-23.xlsx - export.csv,803,Papstudio,Stockholm,arts_and_entertainment,http://www.papstudio.se/,,,,,praesidia != 1
startup-stockholm-2025-10-13_17-23.xlsx - export.csv,804,Paradox Museum,Stockholm,museum,https://www.paradoxmuseumstockholm.com/,,,,,praesidia != 1
startup-stockholm-2025-10-13_17-23.xlsx - export.csv,805,PARAPLY.ateljen,Stockholm,arts_and_entertainment,https://www.facebook.com/paraply.ateljen/,,,,,praesidia != 1
startup-stockholm-2025-10-13_17-23.xlsx - export.csv,806,Park Bio Live Älvsjö Örby Östberga Liseberg,Stockholm,cinema,http://Parkfolketshus.nu/,,,,,praesidia != 1
startup-stockholm-2025-10-13_17-23.xlsx - export.csv,807,Park Folkets Hus,Stockholm,community_center,http://www.parkfolketshus.nu,,,,,praesidia != 1
startup-stockholm-2025-10-13_17-23.xlsx - export.csv,808,Parkteatern,Stockholm,theatre,https://kulturhusetstadsteatern.se/parkteatern,,,,,praesidia != 1
startup-stockholm-2025-10-13_17-23.xlsx - export.csv,809,Part Bukowska,Stockholm,architectural_designer,http://www.partbukowska.com/,,,,,praesidia != 1
startup-stockholm-2025-10-13_17-23.xlsx - export.csv,810,pasergelstorg,Stockholm,cultural_center,https://upplev.stockholm/platser/sergels-torg/,,,,,praesidia != 1
startup-stockholm-2025-10-13_17-23.xlsx - export.csv,811,Patricia,Stockholm,dance_club,http://www.patriciastockholm.se/,,,,,praesidia != 1
startup-stockholm-2025-10-13_17-23.xlsx - export.csv,812,Pattern Stockholm,Stockholm,dance_club,http://patternstockholm.com/,,,,,praesidia != 1
startup-stockholm-2025-10-13_17-23.xlsx - export.csv,813,Pavilion Living,Stockholm,architectural_designer,http://www.pavilionliving.se/,,,,,praesidia != 1
startup-stockholm-2025-10-13_17-23.xlsx - export.csv,814,Peas by peas,Stockholm,cultural_center,https://peasbypeas.com/,,,,,praesidia != 1
startup-stockholm-2025-10-13_17-23.xlsx - export.csv,815,peermusic Sweden,Stockholm,arts_and_entertainment,https://peermusic.com/,,,,,praesidia != 1
startup-stockholm-2025-10-13_17-23.xlsx - export.csv,816,Pelago arkitektur,Stockholm,architectural_designer,http://www.pelagoark.se/,,,,,praesidia != 1
startup-stockholm-2025-10-13_17-23.xlsx - export.csv,817,Pernbys Målarskola,Stockholm,art_school,https://www.pernbys.se/,,,,,praesidia != 1
startup-stockholm-2025-10-13_17-23.xlsx - export.csv,818,Pero Älskar Musik,Stockholm,music_venue,https://www.pero.se/pero-alskar-musik/,,,,,praesidia != 1
startup-stockholm-2025-10-13_17-23.xlsx - export.csv,819,Pershagen Gallery,Stockholm,art_gallery,https://rebeckapershagen.wixsite.com/pershagengallery,,,,,praesidia != 1
startup-stockholm-2025-10-13_17-23.xlsx - export.csv,820,Pet Sounds Records,Stockholm,music_and_dvd_store,http://www.petsounds.se/,,,,,praesidia != 1
startup-stockholm-2025-10-13_17-23.xlsx - export.csv,821,petragipp arkitektur,Stockholm,architectural_designer,http://www.gipparkitektur.se/,,,,,praesidia != 1
startup-stockholm-2025-10-13_17-23.xlsx - export.csv,822,PG Art Club,Stockholm,art_gallery,http://www.pgkonst.se/,,,,,praesidia != 1
startup-stockholm-2025-10-13_17-23.xlsx - export.csv,823,Piastowie - Polska Folkdansgruppen i Stockholm,Stockholm,community_services_non_profits,http://www.piastowie.se/,,,,,praesidia != 1
startup-stockholm-2025-10-13_17-23.xlsx - export.csv,824,Pietsch Arkitekter,Stockholm,architectural_designer,http://www.pietscharkitekter.se/,,,,,praesidia != 1
startup-stockholm-2025-10-13_17-23.xlsx - export.csv,825,Platform Stockholm,Stockholm,art_gallery,http://platformstockholm.com/,,,,,praesidia != 1
startup-stockholm-2025-10-13_17-23.xlsx - export.csv,826,PLATINA,Stockholm,art_gallery,http://www.platina.se/,,,,,praesidia != 1
startup-stockholm-2025-10-13_17-23.xlsx - export.csv,827,Playhouse Teater,Stockholm,theatre,http://www.playhouseteater.se/,,,,,praesidia != 1
startup-stockholm-2025-10-13_17-23.xlsx - export.csv,828,𝓟𝓸𝓵𝓲𝓼𝓴𝓸̈𝓻𝓮𝓷 𝓢𝓽𝓸𝓬𝓴𝓱𝓸𝓵𝓶,Stockholm,choir,http://www.poliskoren.se/,,,,,praesidia != 1
startup-stockholm-2025-10-13_17-23.xlsx - export.csv,829,Polismuseet,Stockholm,museum,http://www.polismuseet.se/,,,,,praesidia != 1
startup-stockholm-2025-10-13_17-23.xlsx - export.csv,830,Pops Extended,Stockholm,music_school,https://Ingen webbplats,,,,,praesidia != 1
startup-stockholm-2025-10-13_17-23.xlsx - export.csv,831,Postmuseum,Stockholm,art_museum,http://www.postmuseum.se/,,,,,praesidia != 1
startup-stockholm-2025-10-13_17-23.xlsx - export.csv,832,Presens,Stockholm,theatre,http://www.presensimpro.se/,,,,,praesidia != 1
startup-stockholm-2025-10-13_17-23.xlsx - export.csv,833,Press Stop,Stockholm,bookstore,http://www.press-stop.se,,,,,praesidia != 1
startup-stockholm-2025-10-13_17-23.xlsx - export.csv,834,Programmakeriet,Stockholm,arts_and_entertainment,https://Ingen webbplats,,,,,praesidia != 1
startup-stockholm-2025-10-13_17-23.xlsx - export.csv,835,Proklama,Stockholm,bookstore,http://www.proklama.se/,,,,,praesidia != 1
startup-stockholm-2025-10-13_17-23.xlsx - export.csv,836,Public Service Gallery,Stockholm,art_gallery,https://public-service.com/,,,,,praesidia != 1
startup-stockholm-2025-10-13_17-23.xlsx - export.csv,837,Pug Förlag,Stockholm,bookstore,http://pugforlag.se/,,,,,praesidia != 1
startup-stockholm-2025-10-13_17-23.xlsx - export.csv,838,Pulpo Live & Agentur,Stockholm,arts_and_entertainment,http://www.pulpo.se/,,,,,praesidia != 1
startup-stockholm-2025-10-13_17-23.xlsx - export.csv,839,Punkt127 - Biblioteket,Stockholm,library,https://biblioteket.stockholm.se/bibliotek/bredangs-bibliotek,,,,,praesidia != 1
startup-stockholm-2025-10-13_17-23.xlsx - export.csv,840,Pygméteatern,Stockholm,theatre,http://www.pygmeteatern.se/,,,,,praesidia != 1
startup-stockholm-2025-10-13_17-23.xlsx - export.csv,841,Påfågeln - Scenkonst för barn och unga,Stockholm,theatre,http://www.mittiprickteatern.se/,,,,,praesidia != 1
startup-stockholm-2025-10-13_17-23.xlsx - export.csv,842,Queer Tango,Stockholm,dance_club,https://tangoqueerer.se/,,,,,praesidia != 1
startup-stockholm-2025-10-13_17-23.xlsx - export.csv,843,Queer The Space,Stockholm,community_services_non_profits,https://www.fryshuset.se/verksamhet/queer-the-space-3,,,,,praesidia != 1
startup-stockholm-2025-10-13_17-23.xlsx - export.csv,844,Qulturnämnden,Stockholm,community_services_non_profits,http://www.medieteknik.com/namnder/qulturnamnden,,,,,praesidia != 1
startup-stockholm-2025-10-13_17-23.xlsx - export.csv,845,QvinnoQraft Stockholm,Stockholm,community_services_non_profits,https://www.equalsthlm.se/equal-qvinnoqraft/,,,,,praesidia != 1
startup-stockholm-2025-10-13_17-23.xlsx - export.csv,846,RALF,Stockholm,art_gallery,http://galleriralf.se/,,,,,praesidia != 1
startup-stockholm-2025-10-13_17-23.xlsx - export.csv,847,Reading edge,Stockholm,library,http://www.readingedge.se/,,,,,praesidia != 1
startup-stockholm-2025-10-13_17-23.xlsx - export.csv,848,Record Hunter,Stockholm,music_and_dvd_store,http://www.recordhunter.se/,,,,,praesidia != 1
startup-stockholm-2025-10-13_17-23.xlsx - export.csv,849,Redmount Studios,Stockholm,music_production,http://redmount.studio/,,,,,praesidia != 1
startup-stockholm-2025-10-13_17-23.xlsx - export.csv,850,Reflex Arkitekter,Stockholm,architectural_designer,https://reflexark.se/,,,,,praesidia != 1
startup-stockholm-2025-10-13_17-23.xlsx - export.csv,851,Regionbibliotek Stockholm,Stockholm,library,http://regionbiblioteket.se/,,,,,praesidia != 1
startup-stockholm-2025-10-13_17-23.xlsx - export.csv,852,Reimersholms Krukmakeri,Stockholm,arts_and_entertainment,http://www.reimersholmskrukmakeri.se,,,,,praesidia != 1
startup-stockholm-2025-10-13_17-23.xlsx - export.csv,853,Replokalen,Stockholm,music_production,http://www.replokalen.nu/,,,,,praesidia != 1
startup-stockholm-2025-10-13_17-23.xlsx - export.csv,854,Rex Arkitektbyrå AB,Stockholm,architectural_designer,https://www.rexark.se/,,,,,praesidia != 1
startup-stockholm-2025-10-13_17-23.xlsx - export.csv,855,Riddle Room,Stockholm,arts_and_entertainment,https://Ingen webbplats,,,,,praesidia != 1
startup-stockholm-2025-10-13_17-23.xlsx - export.csv,856,Riksdagsbiblioteket,Stockholm,library,http://www.riksdagen.se/riksdagsbiblioteket,,,,,praesidia != 1
startup-stockholm-2025-10-13_17-23.xlsx - export.csv,857,Riksidrottsmuseum,Stockholm,museum,http://www.riksidrottsmuseum.se/,,,,,praesidia != 1
startup-stockholm-2025-10-13_17-23.xlsx - export.csv,858,Riksmixningsverket/RMV Studio,Stockholm,music_production,http://www.rmvstudio.com/,,,,,praesidia != 1
startup-stockholm-2025-10-13_17-23.xlsx - export.csv,859,Riksteaterföreningen söder om Söder,Stockholm,theatre,https://www.riksteatern.se/soderomsoder,,,,,praesidia != 1
startup-stockholm-2025-10-13_17-23.xlsx - export.csv,860,Rinkeby bibliotek,Stockholm,library,http://biblioteket.stockholm.se/bibliotek/rinkeby-bibliotek,,,,,praesidia != 1
startup-stockholm-2025-10-13_17-23.xlsx - export.csv,861,Rinkeby Folkets Hus,Stockholm,community_services_non_profits,http://www.rinkebyfolketshus.se/,,,,,praesidia != 1
startup-stockholm-2025-10-13_17-23.xlsx - export.csv,862,Ripellino Arkitekter,Stockholm,architectural_designer,http://www.ripellino.se/,,,,,praesidia != 1
startup-stockholm-2025-10-13_17-23.xlsx - export.csv,863,Ritmo Caleño Salsa Dance School,Stockholm,dance_school,http://www.ritmocaleno.se/,,,,,praesidia != 1
startup-stockholm-2025-10-13_17-23.xlsx - export.csv,864,RKEE,Stockholm,architectural_designer,https://Ingen webbplats,,,,,praesidia != 1
startup-stockholm-2025-10-13_17-23.xlsx - export.csv,865,Rockskolan Stockholm,Stockholm,music_school,http://www.rockskolan.com/,,,,,praesidia != 1
startup-stockholm-2025-10-13_17-23.xlsx - export.csv,866,Rose,Stockholm,dance_club,http://www.roseclub.se,,,,,praesidia != 1
startup-stockholm-2025-10-13_17-23.xlsx - export.csv,867,Rosenbad Antique Books,Stockholm,bookstore,http://www.rosenbadantiquebooks.com,,,,,praesidia != 1
startup-stockholm-2025-10-13_17-23.xlsx - export.csv,868,Rosendal Garden Party,Stockholm,music_venue,https://rosendal.com/,,,,,praesidia != 1
startup-stockholm-2025-10-13_17-23.xlsx - export.csv,869,Rosendals Slott,Stockholm,history_museum,https://www.kungligaslotten.se/english/royal-palaces-and-sites/rosendal-palace.html,,,,,praesidia != 1
startup-stockholm-2025-10-13_17-23.xlsx - export.csv,870,Roxy Recordings,Stockholm,record_label,https://www.instagram.com/roxyrecordings/,,,,,praesidia != 1
startup-stockholm-2025-10-13_17-23.xlsx - export.csv,871,Royal chapel,Stockholm,cultural_center,https://Ingen webbplats,,,,,praesidia != 1
startup-stockholm-2025-10-13_17-23.xlsx - export.csv,872,Rubadub Stockholm,Stockholm,music_production,http://www.rubadub.se/,,,,,praesidia != 1
startup-stockholm-2025-10-13_17-23.xlsx - export.csv,873,RUM - Riksförbundet Unga Musikanter,Stockholm,community_services_non_profits,http://www.rum.se/,,,,,praesidia != 1
startup-stockholm-2025-10-13_17-23.xlsx - export.csv,874,Rum För Barn,Stockholm,library,http://kulturhusetstadsteatern.se/Bibliotek/Rum-for-Barn,,,,,praesidia != 1
startup-stockholm-2025-10-13_17-23.xlsx - export.csv,875,Rummet för Uttryckande Konst/ Expressive Arts,Stockholm,community_services_non_profits,http://www.rummet.org/,,,,,praesidia != 1
startup-stockholm-2025-10-13_17-23.xlsx - export.csv,876,Rumänska kulturinstitutet,Stockholm,arts_and_entertainment,http://www.rkis.se/,,,,,praesidia != 1
startup-stockholm-2025-10-13_17-23.xlsx - export.csv,877,Rundquist arkitekter,Stockholm,architect,http://rundquist.se/,,,,,praesidia != 1
startup-stockholm-2025-10-13_17-23.xlsx - export.csv,878,Rundquist arkitekter,Stockholm,architectural_designer,https://rundquist.se/,,,,,praesidia != 1
startup-stockholm-2025-10-13_17-23.xlsx - export.csv,879,Runstensparken,Stockholm,history_museum,https://www.runstensparken.se/,,,,,praesidia != 1
startup-stockholm-2025-10-13_17-23.xlsx - export.csv,880,runtrunt,Stockholm,music_and_dvd_store,http://www.runtrunt.se/,,,,,praesidia != 1
startup-stockholm-2025-10-13_17-23.xlsx - export.csv,881,Rutger Fuchsgatan 9,Stockholm,arts_and_entertainment,http://www.rutgerfuchsgatan9.se/,,,,,praesidia != 1
startup-stockholm-2025-10-13_17-23.xlsx - export.csv,882,Rutströms bokhandel,Stockholm,bookstore,https://rutstromsbokhandel.se/,,,,,praesidia != 1
startup-stockholm-2025-10-13_17-23.xlsx - export.csv,883,"Ryk, Fransson och Petza arkitektkontor",Stockholm,architectural_designer,http://www.rfparkitekter.se/,,,,,praesidia != 1
startup-stockholm-2025-10-13_17-23.xlsx - export.csv,884,Rågsveds aktivitetshus,Stockholm,cultural_center,https://ung.stockholm/hitta-fritidsgard-och-ungdomsgard/fritidsgard-och-ungdomsgard/ragsveds-aktivitetshus-fritidsgard,,,,,praesidia != 1
startup-stockholm-2025-10-13_17-23.xlsx - export.csv,885,Rönnells Antikvariat,Stockholm,bookstore,http://www.ronnells.se/,,,,,praesidia != 1
startup-stockholm-2025-10-13_17-23.xlsx - export.csv,886,S-XL Architects,Stockholm,architectural_designer,http://www.sxlarchitects.com/,,,,,praesidia != 1
startup-stockholm-2025-10-13_17-23.xlsx - export.csv,887,S.P.G,Stockholm,art_gallery,http://www.spgallery.se/,,,,,praesidia != 1
startup-stockholm-2025-10-13_17-23.xlsx - export.csv,888,S/S Frithiof,Stockholm,history_museum,http://www.angbatar.se/,,,,,praesidia != 1
startup-stockholm-2025-10-13_17-23.xlsx - export.csv,889,Sack Silvasti Arkitekter,Stockholm,architectural_designer,http://www.sacksilvasti.se/,,,,,praesidia != 1
startup-stockholm-2025-10-13_17-23.xlsx - export.csv,890,SAK Sveriges Allmänna Konstförening,Stockholm,community_services_non_profits,http://www.konstforeningen.se/,,,,,praesidia != 1
startup-stockholm-2025-10-13_17-23.xlsx - export.csv,891,Sambashow_BarBrasil,Stockholm,arts_and_entertainment,http://sambashow.se/,,,,,praesidia != 1
startup-stockholm-2025-10-13_17-23.xlsx - export.csv,892,SAND Dansskola,Stockholm,dance_school,https://sand.dance/,,,,,praesidia != 1
startup-stockholm-2025-10-13_17-23.xlsx - export.csv,893,sandellsandberg Arkitekter,Stockholm,architectural_designer,http://www.sandellsandberg.se/,,,,,praesidia != 1
startup-stockholm-2025-10-13_17-23.xlsx - export.csv,894,SARA Distribution,Stockholm,bookstore,http://www.saradistribution.com/,,,,,praesidia != 1
startup-stockholm-2025-10-13_17-23.xlsx - export.csv,895,Saskia Neuman Gallery,Stockholm,art_gallery,http://www.saskianeumangallery.com/,,,,,praesidia != 1
startup-stockholm-2025-10-13_17-23.xlsx - export.csv,896,Scalateatern,Stockholm,theatre,http://www.scalateatern.se/,,,,,praesidia != 1
startup-stockholm-2025-10-13_17-23.xlsx - export.csv,897,Scapeous arkitekter,Stockholm,architectural_designer,http://www.scapeous.se/,,,,,praesidia != 1
startup-stockholm-2025-10-13_17-23.xlsx - export.csv,898,Scenen Pipersgatan 4,Stockholm,theatre,https://scenenpipersgatan4.se/,,,,,praesidia != 1
startup-stockholm-2025-10-13_17-23.xlsx - export.csv,899,Scenkonst Z,Stockholm,community_services_non_profits,http://www.scenkonstz.se/,,,,,praesidia != 1
startup-stockholm-2025-10-13_17-23.xlsx - export.csv,900,Scenkonstmuseet,Stockholm,art_museum,http://www.scenkonstmuseet.se/,,,,,praesidia != 1
startup-stockholm-2025-10-13_17-23.xlsx - export.csv,901,Scenkonstmuseet,Stockholm,museum,http://scenkonstmuseet.se/,,,,,praesidia != 1
startup-stockholm-2025-10-13_17-23.xlsx - export.csv,902,Scensverige,Stockholm,community_services_non_profits,http://www.scensverige.se/,,,,,praesidia != 1
startup-stockholm-2025-10-13_17-23.xlsx - export.csv,903,Scharc Group,Stockholm,architectural_designer,http://www.scharc.com,,,,,praesidia != 1
startup-stockholm-2025-10-13_17-23.xlsx - export.csv,904,Schnaza Bananza,Stockholm,community_services_non_profits,https://Ingen webbplats,,,,,praesidia != 1
startup-stockholm-2025-10-13_17-23.xlsx - export.csv,905,Science Fiction Bokhandeln,Stockholm,bookstore,http://www.sfbok.se/,,,,,praesidia != 1
startup-stockholm-2025-10-13_17-23.xlsx - export.csv,906,Scoutmuseet,Stockholm,history_museum,https://arkivochmuseum.scout.se/,,,,,praesidia != 1
startup-stockholm-2025-10-13_17-23.xlsx - export.csv,907,SELAM,Stockholm,cultural_center,https://linktr.ee/selamsweden,,,,,praesidia != 1
startup-stockholm-2025-10-13_17-23.xlsx - export.csv,908,Selva Studio Sthlm,Stockholm,art_gallery,http://www.selvastudio.se/,,,,,praesidia != 1
startup-stockholm-2025-10-13_17-23.xlsx - export.csv,909,Sensus Musik Stockholm,Stockholm,community_services_non_profits,https://www.sensus.se/samarbeta/musik/,,,,,praesidia != 1
startup-stockholm-2025-10-13_17-23.xlsx - export.csv,910,Serieboden,Stockholm,comic_books_store,http://www.myntboden.se/,,,,,praesidia != 1
startup-stockholm-2025-10-13_17-23.xlsx - export.csv,911,Seriegalleriet,Stockholm,art_gallery,http://www.seriegalleriet.se/,,,,,praesidia != 1
startup-stockholm-2025-10-13_17-23.xlsx - export.csv,912,Serier & Sånt,Stockholm,bookstore,http://www.seriersant.se/,,,,,praesidia != 1
startup-stockholm-2025-10-13_17-23.xlsx - export.csv,913,Serieslussen,Stockholm,bookstore,https://Ingen webbplats,,,,,praesidia != 1
startup-stockholm-2025-10-13_17-23.xlsx - export.csv,914,Serieteket,Stockholm,library,http://www.serieteket.se/,,,,,praesidia != 1
startup-stockholm-2025-10-13_17-23.xlsx - export.csv,915,ShoSho Charity,Stockholm,community_center,https://Ingen webbplats,,,,,praesidia != 1
startup-stockholm-2025-10-13_17-23.xlsx - export.csv,916,Sibirienlito,Stockholm,arts_and_entertainment,http://www.sibirienlito.se/,,,,,praesidia != 1
startup-stockholm-2025-10-13_17-23.xlsx - export.csv,917,Sidetrack,Stockholm,community_center,http://www.sidetrack.nu/,,,,,praesidia != 1
startup-stockholm-2025-10-13_17-23.xlsx - export.csv,918,Signori Studios,Stockholm,arts_and_entertainment,http://www.signoristudios.com/,,,,,praesidia != 1
startup-stockholm-2025-10-13_17-23.xlsx - export.csv,919,Simply Better AB,Stockholm,theatre,http://www.simplybetter.se/,,,,,praesidia != 1
startup-stockholm-2025-10-13_17-23.xlsx - export.csv,920,Sjöhistoriska,Stockholm,history_museum,http://www.sjohistoriska.se/,,,,,praesidia != 1
startup-stockholm-2025-10-13_17-23.xlsx - export.csv,921,Sk0Tm,Stockholm,radio_station,https://www.sk0tm.se/,,,,,praesidia != 1
startup-stockholm-2025-10-13_17-23.xlsx - export.csv,922,Skandinaviska Musikskolan,Stockholm,music_school,http://skandinaviskamusikskolan.se/,,,,,praesidia != 1
startup-stockholm-2025-10-13_17-23.xlsx - export.csv,923,Skansen,Stockholm,history_museum,http://www.skansen.se/,,,,,praesidia != 1
startup-stockholm-2025-10-13_17-23.xlsx - export.csv,924,Skansen,Stockholm,museum,http://www.skansen.se/,,,,,praesidia != 1
startup-stockholm-2025-10-13_17-23.xlsx - export.csv,925,Skarpnacks Bibliotek,Stockholm,library,https://biblioteket.stockholm.se/bibliotek/skarpnacks-bibliotek,,,,,praesidia != 1
startup-stockholm-2025-10-13_17-23.xlsx - export.csv,926,Skarpnäcks Kulturhus,Stockholm,cultural_center,https://skarpnackskulturhus.stockholm/,,,,,praesidia != 1
startup-stockholm-2025-10-13_17-23.xlsx - export.csv,927,Skattkammaren,Stockholm,museum,https://www.kungligaslotten.se/vara-besoksmal/kungliga-slottet/skattkammaren.html,,,,,praesidia != 1
startup-stockholm-2025-10-13_17-23.xlsx - export.csv,928,Skeppar Karls Salong,Stockholm,music_venue,https://skepparkarlssalong.mailchimpsites.com/,,,,,praesidia != 1
startup-stockholm-2025-10-13_17-23.xlsx - export.csv,929,SKHLM Konsthall,Stockholm,art_gallery,http://folkiskarholmen.se/,,,,,praesidia != 1
startup-stockholm-2025-10-13_17-23.xlsx - export.csv,930,Skiers Left,Stockholm,community_services_non_profits,http://skiersleft.com/,,,,,praesidia != 1
startup-stockholm-2025-10-13_17-23.xlsx - export.csv,931,Skiv & bokhandel,Stockholm,bookstore,https://Ingen webbplats,,,,,praesidia != 1
startup-stockholm-2025-10-13_17-23.xlsx - export.csv,932,Skivhögen,Stockholm,music_and_dvd_store,http://www.skivhogen.com/,,,,,praesidia != 1
startup-stockholm-2025-10-13_17-23.xlsx - export.csv,933,Skondalsgarden,Stockholm,community_services_non_profits,http://www.skondalsgarden.se/wp/,,,,,praesidia != 1
startup-stockholm-2025-10-13_17-23.xlsx - export.csv,934,Skudge,Stockholm,arts_and_entertainment,https://skudge.bandcamp.com/,,,,,praesidia != 1
startup-stockholm-2025-10-13_17-23.xlsx - export.csv,935,Skyddsrummet fest & eventlokal,Stockholm,dance_club,http://www.skyddsrummet.se/,,,,,praesidia != 1
startup-stockholm-2025-10-13_17-23.xlsx - export.csv,936,Skärholmen Centrum,Stockholm,library,https://biblioteket.stockholm.se/bibliotek/skarholmens-bibliotek,,,,,praesidia != 1
startup-stockholm-2025-10-13_17-23.xlsx - export.csv,937,Sköndals Bibliotek,Stockholm,library,http://biblioteket.stockholm.se/bibliotek/skondals-bibliotek,,,,,praesidia != 1
startup-stockholm-2025-10-13_17-23.xlsx - export.csv,938,Slakthuset,Stockholm,dance_club,https://slakthusen.se/,,,,,praesidia != 1
startup-stockholm-2025-10-13_17-23.xlsx - export.csv,939,Slaktkyrkan,Stockholm,music_venue,http://www.slakthusen.se/,,,,,praesidia != 1
startup-stockholm-2025-10-13_17-23.xlsx - export.csv,940,Slipvillan,Stockholm,arts_and_entertainment,http://www.slipvillan.org/,,,,,praesidia != 1
startup-stockholm-2025-10-13_17-23.xlsx - export.csv,941,Slottsarkivet,Stockholm,library,https://riksarkivet.se/,,,,,praesidia != 1
startup-stockholm-2025-10-13_17-23.xlsx - export.csv,942,Smedjan - Studieförbundet Bildas Rephus På Söder,Stockholm,music_venue,https://www.bilda.nu/lokaler/smedjan-replokal-stockholm,,,,,praesidia != 1
startup-stockholm-2025-10-13_17-23.xlsx - export.csv,943,Smedjan Blackeberg,Stockholm,arts_and_crafts,http://www.smedjanblackeberg.com/,,,,,praesidia != 1
startup-stockholm-2025-10-13_17-23.xlsx - export.csv,944,SMISK,Stockholm,mass_media,http://medieinstitutet.se/,,,,,praesidia != 1
startup-stockholm-2025-10-13_17-23.xlsx - export.csv,945,Små musiker,Stockholm,music_school,https://Ingen webbplats,,,,,praesidia != 1
startup-stockholm-2025-10-13_17-23.xlsx - export.csv,946,Snidare Arkitekter AB,Stockholm,architectural_designer,http://www.snidare.se/,,,,,praesidia != 1
startup-stockholm-2025-10-13_17-23.xlsx - export.csv,947,Snotty Live in Stockholm,Stockholm,music_venue,https://www.facebook.com/snottylive/?locale=sv_SE,,,,,praesidia != 1
startup-stockholm-2025-10-13_17-23.xlsx - export.csv,948,Snowflake Music,Stockholm,arts_and_entertainment,http://www.snowflakemusic.se/,,,,,praesidia != 1
startup-stockholm-2025-10-13_17-23.xlsx - export.csv,949,Snus and Tandsticks Museum,Stockholm,art_museum,http://www.snusochtandsticksmuseum.se/,,,,,praesidia != 1
startup-stockholm-2025-10-13_17-23.xlsx - export.csv,950,Snus- och Tändsticksmuseum,Stockholm,museum,https://www.snusochtandsticksmuseum.se/,,,,,praesidia != 1
startup-stockholm-2025-10-13_17-23.xlsx - export.csv,951,Sober Interior Design & Homestyling,Stockholm,architectural_designer,https://Ingen webbplats,,,,,praesidia != 1
startup-stockholm-2025-10-13_17-23.xlsx - export.csv,952,Soho House Stockholm,Stockholm,social_club,https://www.sohohouse.com/houses/soho-house-stockholm,,,,,praesidia != 1
startup-stockholm-2025-10-13_17-23.xlsx - export.csv,953,Solidaritetshuset,Stockholm,community_services_non_profits,http://www.solidaritetshuset.se/,,,,,praesidia != 1
startup-stockholm-2025-10-13_17-23.xlsx - export.csv,954,Sollidenscenen,Stockholm,music_venue,https://www.skansen.se/se-och-gora/sollidenscenen,,,,,praesidia != 1
startup-stockholm-2025-10-13_17-23.xlsx - export.csv,955,Somos Tango Stockholm,Stockholm,dance_school,https://somostango.se/,,,,,praesidia != 1
startup-stockholm-2025-10-13_17-23.xlsx - export.csv,956,Soonfamous Galleri,Stockholm,art_gallery,https://www.soonfamous.nu/,,,,,praesidia != 1
startup-stockholm-2025-10-13_17-23.xlsx - export.csv,957,Sound Pollution Distribution,Stockholm,record_label,http://www.soundpollutiondistribution.se/,,,,,praesidia != 1
startup-stockholm-2025-10-13_17-23.xlsx - export.csv,958,Spectrum Arkitekter,Stockholm,arts_and_entertainment,https://www.spectrumarkitekter.se/,,,,,praesidia != 1
startup-stockholm-2025-10-13_17-23.xlsx - export.csv,959,Sprallen,Stockholm,arts_and_entertainment,https://m.facebook.com/sprallendansbana/,,,,,praesidia != 1
startup-stockholm-2025-10-13_17-23.xlsx - export.csv,960,Spritmuseum,Stockholm,history_museum,http://www.spritmuseum.se/,,,,,praesidia != 1
startup-stockholm-2025-10-13_17-23.xlsx - export.csv,961,Spritmuseum,Stockholm,museum,http://spritmuseum.se/,,,,,praesidia != 1
startup-stockholm-2025-10-13_17-23.xlsx - export.csv,962,Spånga Bibliotek,Stockholm,library,https://biblioteket.stockholm.se/bibliotek/spanga-bibliotek,,,,,praesidia != 1
startup-stockholm-2025-10-13_17-23.xlsx - export.csv,963,Spånga Folkan,Stockholm,arts_and_entertainment,https://spangafolkan.se/,,,,,praesidia != 1
startup-stockholm-2025-10-13_17-23.xlsx - export.csv,964,Spårvägsmuseet,Stockholm,museum,http://www.sparvagsmuseet.se/,,,,,praesidia != 1
startup-stockholm-2025-10-13_17-23.xlsx - export.csv,965,Stadsbiblioteket Stockholm,Stockholm,library,http://biblioteket.stockholm.se/,,,,,praesidia != 1
startup-stockholm-2025-10-13_17-23.xlsx - export.csv,966,Stadsgårdsterminalen,Stockholm,cultural_center,https://www.stadsgardsterminalen.com/,,,,,praesidia != 1
startup-stockholm-2025-10-13_17-23.xlsx - export.csv,967,Stadsmuseet i Stockholm,Stockholm,history_museum,https://stadsmuseet.stockholm/,,,,,praesidia != 1
startup-stockholm-2025-10-13_17-23.xlsx - export.csv,968,Stallet - Världens Musik,Stockholm,music_venue,http://www.stallet.st/,,,,,praesidia != 1
startup-stockholm-2025-10-13_17-23.xlsx - export.csv,969,Stamuli AB,Stockholm,architectural_designer,http://www.stamuli.com/,,,,,praesidia != 1
startup-stockholm-2025-10-13_17-23.xlsx - export.csv,970,Stance Gallery,Stockholm,art_gallery,https://www.stancegallery.com/,,,,,praesidia != 1
startup-stockholm-2025-10-13_17-23.xlsx - export.csv,971,STAR DJ  Musik & DJ Skola,Stockholm,music_production,http://WWW.STARDJ.SE/,,,,,praesidia != 1
startup-stockholm-2025-10-13_17-23.xlsx - export.csv,972,Starlight,Stockholm,dance_club,https://stockholmstarlight.se/wp/,,,,,praesidia != 1
startup-stockholm-2025-10-13_17-23.xlsx - export.csv,973,Stb Vuxenskolans Intern Kulturcentrum i Sthlm,Stockholm,cultural_center,https://Ingen webbplats,,,,,praesidia != 1
startup-stockholm-2025-10-13_17-23.xlsx - export.csv,974,Stense,Stockholm,art_gallery,http://www.stense.se/,,,,,praesidia != 1
startup-stockholm-2025-10-13_17-23.xlsx - export.csv,975,STHLM DanceCrew,Stockholm,dance_school,http://www.sthlmdancecrew.se/,,,,,praesidia != 1
startup-stockholm-2025-10-13_17-23.xlsx - export.csv,976,Sthlm Mass Choir,Stockholm,choir,http://www.sthlmmasschoir.se/,,,,,praesidia != 1
startup-stockholm-2025-10-13_17-23.xlsx - export.csv,977,Sthlms Barndansskola,Stockholm,dance_school,http://www.barndansskola.se/,,,,,praesidia != 1
startup-stockholm-2025-10-13_17-23.xlsx - export.csv,978,Stickelbärsvägen 7 Museilägenhet Stadsmuseet,Stockholm,museum,https://stadsmuseet.stockholm/historiska-rum/barnrikehuset-1937/,,,,,praesidia != 1
startup-stockholm-2025-10-13_17-23.xlsx - export.csv,979,Stiftelsen Musikkulturens Främjande,Stockholm,museum,http://www.nydahlcoll.se/,,,,,praesidia != 1
startup-stockholm-2025-10-13_17-23.xlsx - export.csv,980,Stockholm Chamber Music,Stockholm,music_venue,http://www.stockholmchambermusic.se/,,,,,praesidia != 1
startup-stockholm-2025-10-13_17-23.xlsx - export.csv,981,Stockholm Danceconnection,Stockholm,dance_school,http://www.danceconnection.se/,,,,,praesidia != 1
startup-stockholm-2025-10-13_17-23.xlsx - export.csv,982,Stockholm Fotoantikvariat,Stockholm,bookstore,http://www.fotoantikvariat.se,,,,,praesidia != 1
startup-stockholm-2025-10-13_17-23.xlsx - export.csv,983,Stockholm International Film Festival,Stockholm,cinema,https://www.stockholmfilmfestival.se/,,,,,praesidia != 1
startup-stockholm-2025-10-13_17-23.xlsx - export.csv,984,Stockholm konst,Stockholm,art_gallery,http://www.stockholmkonst.se/,,,,,praesidia != 1
startup-stockholm-2025-10-13_17-23.xlsx - export.csv,985,Stockholm LineDancers Studio,Stockholm,dance_school,http://www.linedancers.com/,,,,,praesidia != 1
startup-stockholm-2025-10-13_17-23.xlsx - export.csv,986,Stockholm Makerspace,Stockholm,community_services_non_profits,https://www.makerspace.se/,,,,,praesidia != 1
startup-stockholm-2025-10-13_17-23.xlsx - export.csv,987,Stockholm Music Center AB,Stockholm,music_venue,http://www.stockholmmusiccenter.se/,,,,,praesidia != 1
startup-stockholm-2025-10-13_17-23.xlsx - export.csv,988,Stockholm Royel Palace,Stockholm,history_museum,https://www.kungahuset.se/english/royal-palaces-and-residences,,,,,praesidia != 1
startup-stockholm-2025-10-13_17-23.xlsx - export.csv,989,Stockholm Salsa Dance,Stockholm,dance_school,http://www.stockholmsalsadance.com/,,,,,praesidia != 1
startup-stockholm-2025-10-13_17-23.xlsx - export.csv,990,Stockholm Sangeet,Stockholm,community_services_non_profits,http://www.stockholmsangeet.se/,,,,,praesidia != 1
startup-stockholm-2025-10-13_17-23.xlsx - export.csv,991,Stockholm Tango,Stockholm,dance_club,http://www.stockholmtango.com/,,,,,praesidia != 1
startup-stockholm-2025-10-13_17-23.xlsx - export.csv,992,Stockholm University Library,Stockholm,library,https://www.su.se/stockholm-university-library/,,,,,praesidia != 1
startup-stockholm-2025-10-13_17-23.xlsx - export.csv,993,Stockholm Werkstätte AB,Stockholm,architectural_designer,http://www.stockholmwerkstatte.se/,,,,,praesidia != 1
startup-stockholm-2025-10-13_17-23.xlsx - export.csv,994,Stockholm Writers Festival,Stockholm,community_services_non_profits,http://stockholmwritersfestival.com/,,,,,praesidia != 1
startup-stockholm-2025-10-13_17-23.xlsx - export.csv,995,Stockholms Barndansskola,Stockholm,dance_school,https://www.barndansskola.se,,,,,praesidia != 1
startup-stockholm-2025-10-13_17-23.xlsx - export.csv,996,Stockholms Enskilda Bokhandel,Stockholm,bookstore,https://Ingen webbplats,,,,,praesidia != 1
startup-stockholm-2025-10-13_17-23.xlsx - export.csv,997,Stockholms friluftsteater,Stockholm,theatrical_productions,https://www.friluftsteaterstockholm.se/,,,,,praesidia != 1
startup-stockholm-2025-10-13_17-23.xlsx - export.csv,998,Stockholms Gitarrakademi,Stockholm,music_school,http://www.stockholmsgitarrakademi.se/,,,,,praesidia != 1
startup-stockholm-2025-10-13_17-23.xlsx - export.csv,999,Stockholms Glasbruk,Stockholm,arts_and_entertainment,http://stockholmsglasbruk.com/,,,,,praesidia != 1
startup-stockholm-2025-10-13_17-23.xlsx - export.csv,1000,Stockholms Improvisationsteater,Stockholm,theatre,http://www.impro.se/,,,,,praesidia != 1
startup-stockholm-2025-10-13_17-23.xlsx - export.csv,1001,Stockholms läns hembygdsförbund,Stockholm,community_services_non_profits,http://www.hembygd.se/stockholm,,,,,praesidia != 1
startup-stockholm-2025-10-13_17-23.xlsx - export.csv,1002,Stockholms Läns Hemslöjdsfören,Stockholm,community_services_non_profits,http://www.hemslojden.org/stockholm,,,,,praesidia != 1
startup-stockholm-2025-10-13_17-23.xlsx - export.csv,1003,Stockholms läns hemslöjdsförening,Stockholm,community_services_non_profits,http://hemslojden.org/stockholm/,,,,,praesidia != 1
startup-stockholm-2025-10-13_17-23.xlsx - export.csv,1004,Stockholms manskör,Stockholm,choir,http://stockholmsmanskor.se/,,,,,praesidia != 1
startup-stockholm-2025-10-13_17-23.xlsx - export.csv,1005,Stockholms Science Fiction-antikvariat,Stockholm,bookstore,http://sfantikvariatet.se/,,,,,praesidia != 1
startup-stockholm-2025-10-13_17-23.xlsx - export.csv,1006,Stockholms Serie & Skivhandel,Stockholm,music_and_dvd_store,http://stockholmsserieoskivhandel.se/,,,,,praesidia != 1
startup-stockholm-2025-10-13_17-23.xlsx - export.csv,1007,Stockholms Skivbörs,Stockholm,music_and_dvd_store,http://www.nostalgipalatset.com/,,,,,praesidia != 1
startup-stockholm-2025-10-13_17-23.xlsx - export.csv,1008,Stockholms Snickarmastarfor,Stockholm,landscaping,http://www.snickarmastarna.se,,,,,praesidia != 1
startup-stockholm-2025-10-13_17-23.xlsx - export.csv,1009,Stockholms stadsarkiv,Stockholm,museum,https://stadsarkivet.stockholm/,,,,,praesidia != 1
startup-stockholm-2025-10-13_17-23.xlsx - export.csv,1010,Stockholms Stadsbibliotek,Stockholm,library,http://www.ssb.stockholm.se,,,,,praesidia != 1
startup-stockholm-2025-10-13_17-23.xlsx - export.csv,1011,Stockholms stadsmuseum,Stockholm,museum,https://stadsmuseet.stockholm/,,,,,praesidia != 1
startup-stockholm-2025-10-13_17-23.xlsx - export.csv,1012,Stockholms Stadsteater,Stockholm,theatre,http://www.stadsteatern.stockholm.se,,,,,praesidia != 1
startup-stockholm-2025-10-13_17-23.xlsx - export.csv,1013,Stockholms Ånglokssällskap,Stockholm,museum,https://anglok.com/,,,,,praesidia != 1
startup-stockholm-2025-10-13_17-23.xlsx - export.csv,1014,Stora Essingens Bibliotek,Stockholm,library,https://biblioteket.stockholm.se/bibliotek/stora-essingens-bibliotek,,,,,praesidia != 1
startup-stockholm-2025-10-13_17-23.xlsx - export.csv,1015,Stora Musikhuset (Skarpnäck),Stockholm,recording_and_rehearsal_studio,https://www.storamusikhuset.se/,,,,,praesidia != 1
startup-stockholm-2025-10-13_17-23.xlsx - export.csv,1016,Stora Musikhuset (Årsta),Stockholm,recording_and_rehearsal_studio,https://www.storamusikhuset.se/,,,,,praesidia != 1
startup-stockholm-2025-10-13_17-23.xlsx - export.csv,1017,Stora Scenen Kungsträdgården,Stockholm,music_venue,http://www.kungstradgarden.se/web/Evenemang.aspx,,,,,praesidia != 1
startup-stockholm-2025-10-13_17-23.xlsx - export.csv,1018,Story,Stockholm,media_agency,http://www.story.se,,,,,praesidia != 1
startup-stockholm-2025-10-13_17-23.xlsx - export.csv,1019,Storyside,Stockholm,cinema,http://www.storyside.se,,,,,praesidia != 1
startup-stockholm-2025-10-13_17-23.xlsx - export.csv,1020,Strata Arkitektur,Stockholm,architectural_designer,http://www.outerspacearkitekter.se/,,,,,praesidia != 1
startup-stockholm-2025-10-13_17-23.xlsx - export.csv,1021,Strategisk Arkitektur,Stockholm,architectural_designer,http://www.strategiskarkitektur.se,,,,,praesidia != 1
startup-stockholm-2025-10-13_17-23.xlsx - export.csv,1022,Strindbergs Intima Teater,Stockholm,theatre,http://www.strindbergsintimateater.se/,,,,,praesidia != 1
startup-stockholm-2025-10-13_17-23.xlsx - export.csv,1023,Strindbergsmuseet,Stockholm,museum,http://www.strindbergsmuseet.se/,,,,,praesidia != 1
startup-stockholm-2025-10-13_17-23.xlsx - export.csv,1024,Strombro Building Workshop,Stockholm,architectural_designer,http://www.strombro.se/,,,,,praesidia != 1
startup-stockholm-2025-10-13_17-23.xlsx - export.csv,1025,"Stuck & Sten, Stocklassa",Stockholm,commissioned_artist,http://www.stucksten.se/,,,,,praesidia != 1
startup-stockholm-2025-10-13_17-23.xlsx - export.csv,1026,Stuckatörens våning museilägenhet Stadsmuseet,Stockholm,museum,https://stadsmuseet.stockholm/historiska-rum/stuckatorens-vaning-1884/,,,,,praesidia != 1
startup-stockholm-2025-10-13_17-23.xlsx - export.csv,1027,Studiefrämjandet,Stockholm,community_services_non_profits,http://www.studieframjandet.se/,,,,,praesidia != 1
startup-stockholm-2025-10-13_17-23.xlsx - export.csv,1028,Studiefrämjandet Musik Stockholm,Stockholm,community_services_non_profits,http://www.studieframjandet.se/studios,,,,,praesidia != 1
startup-stockholm-2025-10-13_17-23.xlsx - export.csv,1029,Studieförbunden,Stockholm,community_services_non_profits,http://www.studieforbunden.se/,,,,,praesidia != 1
startup-stockholm-2025-10-13_17-23.xlsx - export.csv,1030,Studieförbundet Bilda Öst,Stockholm,community_services_non_profits,http://www.bilda.nu/,,,,,praesidia != 1
startup-stockholm-2025-10-13_17-23.xlsx - export.csv,1031,Studio 44,Stockholm,art_gallery,https://studio44-stockholm.com/,,,,,praesidia != 1
startup-stockholm-2025-10-13_17-23.xlsx - export.csv,1032,Studio 8a - event och kulturplats,Stockholm,dance_school,http://www.flamencocenter.se/,,,,,praesidia != 1
startup-stockholm-2025-10-13_17-23.xlsx - export.csv,1033,Studio ABC - ateljéhuset i Vällingby,Stockholm,community_services_non_profits,http://studioabc.se/,,,,,praesidia != 1
startup-stockholm-2025-10-13_17-23.xlsx - export.csv,1034,Studio Alster,Stockholm,arts_and_crafts,http://www.studioalster.com/,,,,,praesidia != 1
startup-stockholm-2025-10-13_17-23.xlsx - export.csv,1035,Studio Barnhus,Stockholm,record_label,http://www.studiobarnhus.se/,,,,,praesidia != 1
startup-stockholm-2025-10-13_17-23.xlsx - export.csv,1036,Studio Blue,Stockholm,music_production,http://www.studioblue.se/,,,,,praesidia != 1
startup-stockholm-2025-10-13_17-23.xlsx - export.csv,1037,Studio Buller,Stockholm,music_production,http://www.studiobuller.com/,,,,,praesidia != 1
startup-stockholm-2025-10-13_17-23.xlsx - export.csv,1038,Studio Gröndahl,Stockholm,music_production,http://studiogrondahl.se/,,,,,praesidia != 1
startup-stockholm-2025-10-13_17-23.xlsx - export.csv,1039,Studio Kransen,Stockholm,arts_and_crafts,http://studiokransen.se/,,,,,praesidia != 1
startup-stockholm-2025-10-13_17-23.xlsx - export.csv,1040,Studio Odette Stockholm,Stockholm,dance_school,http://www.studio-odette.com/,,,,,praesidia != 1
startup-stockholm-2025-10-13_17-23.xlsx - export.csv,1041,Studio Perra,Stockholm,venue_and_event_space,https://studioperra.se/,,,,,praesidia != 1
startup-stockholm-2025-10-13_17-23.xlsx - export.csv,1042,Studio Persia,Stockholm,architectural_designer,http://www.studiopersia.com/,,,,,praesidia != 1
startup-stockholm-2025-10-13_17-23.xlsx - export.csv,1043,Studio Rymden,Stockholm,music_production,https://Ingen webbplats,,,,,praesidia != 1
startup-stockholm-2025-10-13_17-23.xlsx - export.csv,1044,Studio Salsa,Stockholm,dance_school,http://www.dansasalsa.se/,,,,,praesidia != 1
startup-stockholm-2025-10-13_17-23.xlsx - export.csv,1045,Studio Skutan,Stockholm,arts_and_entertainment,https://www.instagram.com/k18.studio/,,,,,praesidia != 1
startup-stockholm-2025-10-13_17-23.xlsx - export.csv,1046,Studio SN7,Stockholm,cultural_center,https://storanygatan7.se/,,,,,praesidia != 1
startup-stockholm-2025-10-13_17-23.xlsx - export.csv,1047,Studio Stockholm Arkitektur,Stockholm,architectural_designer,http://www.studiostockholm.se/,,,,,praesidia != 1
startup-stockholm-2025-10-13_17-23.xlsx - export.csv,1048,Studio Touch,Stockholm,dance_school,https://studiotouch.se/,,,,,praesidia != 1
startup-stockholm-2025-10-13_17-23.xlsx - export.csv,1049,Studio44,Stockholm,art_gallery,https://studio44-stockholm.com/,,,,,praesidia != 1
startup-stockholm-2025-10-13_17-23.xlsx - export.csv,1050,Studio8 Stockholm,Stockholm,dance_school,http://www.flamencocenter.se/,,,,,praesidia != 1
startup-stockholm-2025-10-13_17-23.xlsx - export.csv,1051,Sturecompagniet,Stockholm,dance_club,http://sturecompagniet.se/,,,,,praesidia != 1
startup-stockholm-2025-10-13_17-23.xlsx - export.csv,1052,SUITE Arkitekter,Stockholm,architectural_designer,https://suite-arkitekter.com/,,,,,praesidia != 1
startup-stockholm-2025-10-13_17-23.xlsx - export.csv,1053,Suomalainen kirjakauppa Ruotsissa - Finska bokhandeln i Sverige,Stockholm,bookstore,https://Ingen webbplats,,,,,praesidia != 1
startup-stockholm-2025-10-13_17-23.xlsx - export.csv,1054,Sven-Harrys konstmuseum,Stockholm,art_museum,http://www.sven-harrys.se,,,,,praesidia != 1
startup-stockholm-2025-10-13_17-23.xlsx - export.csv,1055,Svensk biblioteksförening,Stockholm,community_services_non_profits,https://www.biblioteksforeningen.se/,,,,,praesidia != 1
startup-stockholm-2025-10-13_17-23.xlsx - export.csv,1056,Svensk Bokkonst,Stockholm,community_services_non_profits,http://www.svenskbokkonst.se/,,,,,praesidia != 1
startup-stockholm-2025-10-13_17-23.xlsx - export.csv,1057,Svensk Jazz,Stockholm,community_services_non_profits,http://www.svenskjazz.se/,,,,,praesidia != 1
startup-stockholm-2025-10-13_17-23.xlsx - export.csv,1058,Svensk-Tibetanska Skol-och Kulturföreningen,Stockholm,community_services_non_profits,http://tibet-school.org/,,,,,praesidia != 1
startup-stockholm-2025-10-13_17-23.xlsx - export.csv,1059,Svenska Akademiens Nobelbibliotek,Stockholm,library,http://www.nobelbiblioteket.se/,,,,,praesidia != 1
startup-stockholm-2025-10-13_17-23.xlsx - export.csv,1060,Svenska Akademiens Nobelbibliotek,Stockholm,library,https://www.svenskaakademien.se/svenska-akademien/svenska-akademiens-nobelbibliotek,,,,,praesidia != 1
startup-stockholm-2025-10-13_17-23.xlsx - export.csv,1061,Svenska Antikvariatföreningen,Stockholm,community_services_non_profits,http://www.svaf.se/,,,,,praesidia != 1
startup-stockholm-2025-10-13_17-23.xlsx - export.csv,1062,Svenska barnboksinstitutet,Stockholm,community_services_non_profits,http://www.sbi.kb.se,,,,,praesidia != 1
startup-stockholm-2025-10-13_17-23.xlsx - export.csv,1063,Svenska Filminstitutet,Stockholm,cinema,http://www.sfi.se,,,,,praesidia != 1
startup-stockholm-2025-10-13_17-23.xlsx - export.csv,1064,Svenska Folkdansringen,Stockholm,community_services_non_profits,https://folkdansringen.se/,,,,,praesidia != 1
startup-stockholm-2025-10-13_17-23.xlsx - export.csv,1065,Svenska Fotografers Förbund,Stockholm,community_services_non_profits,http://www.sfoto.se/,,,,,praesidia != 1
startup-stockholm-2025-10-13_17-23.xlsx - export.csv,1066,Svenska Förläggareföreningen,Stockholm,community_services_non_profits,http://www.forlaggare.se/,,,,,praesidia != 1
startup-stockholm-2025-10-13_17-23.xlsx - export.csv,1067,Svenska Gospelverkstaden,Stockholm,community_services_non_profits,http://www.gospelverkstaden.se/,,,,,praesidia != 1
startup-stockholm-2025-10-13_17-23.xlsx - export.csv,1068,Svenska Tecknare,Stockholm,community_services_non_profits,http://www.svenskatecknare.se/,,,,,praesidia != 1
startup-stockholm-2025-10-13_17-23.xlsx - export.csv,1069,Svenskt Militärhistoriskt Biblioteks Förlag,Stockholm,library,http://www.smb.nu,,,,,praesidia != 1
startup-stockholm-2025-10-13_17-23.xlsx - export.csv,1070,Sveriges hembygdsförbund,Stockholm,community_services_non_profits,http://www.hembygd.se/,,,,,praesidia != 1
startup-stockholm-2025-10-13_17-23.xlsx - export.csv,1071,Sveriges Körförbund,Stockholm,community_services_non_profits,http://www.sverigeskorforbund.se/,,,,,praesidia != 1
startup-stockholm-2025-10-13_17-23.xlsx - export.csv,1072,Sveriges museum om Förintelsen,Stockholm,history_museum,https://museumforintelsen.se/,,,,,praesidia != 1
startup-stockholm-2025-10-13_17-23.xlsx - export.csv,1073,Sveriges VVS & El Museum,Stockholm,museum,http://sverigesvvsmuseum.se/,,,,,praesidia != 1
startup-stockholm-2025-10-13_17-23.xlsx - export.csv,1074,Sverok - Spelkulturförbundet,Stockholm,community_services_non_profits,http://www.sverok.se/,,,,,praesidia != 1
startup-stockholm-2025-10-13_17-23.xlsx - export.csv,1075,Sverok Stockholm-Gotland,Stockholm,community_services_non_profits,https://linktr.ee/SverokStockholmGotland,,,,,praesidia != 1
startup-stockholm-2025-10-13_17-23.xlsx - export.csv,1076,Sweco,Stockholm,architectural_designer,http://www.sweco.se,,,,,praesidia != 1
startup-stockholm-2025-10-13_17-23.xlsx - export.csv,1077,Swedish History Museum,Stockholm,museum,http://www.historiska.se/,,,,,praesidia != 1
startup-stockholm-2025-10-13_17-23.xlsx - export.csv,1078,Swedish Museum of Natural History,Stockholm,history_museum,http://www.nrm.se,,,,,praesidia != 1
startup-stockholm-2025-10-13_17-23.xlsx - export.csv,1079,Swedish Music Hall of Fame,Stockholm,music_venue,http://swedishmusichalloffame.com,,,,,praesidia != 1
startup-stockholm-2025-10-13_17-23.xlsx - export.csv,1080,Swedish Royal Palace,Stockholm,arts_and_entertainment,https://www.kungligaslotten.se/vara-besoksmal/kungliga-slottet.html,,,,,praesidia != 1
startup-stockholm-2025-10-13_17-23.xlsx - export.csv,1081,Swedish Swing Society,Stockholm,community_services_non_profits,http://www.swedishswing.se/,,,,,praesidia != 1
startup-stockholm-2025-10-13_17-23.xlsx - export.csv,1082,Swedish Theatre,Stockholm,theatre,https://Ingen webbplats,,,,,praesidia != 1
startup-stockholm-2025-10-13_17-23.xlsx - export.csv,1083,Sweetlife Pole & Wellness,Stockholm,dance_school,http://www.sweetlifepole.se/,,,,,praesidia != 1
startup-stockholm-2025-10-13_17-23.xlsx - export.csv,1084,SWMS arkitektur,Stockholm,architectural_designer,http://www.swms.se/,,,,,praesidia != 1
startup-stockholm-2025-10-13_17-23.xlsx - export.csv,1085,Symf,Stockholm,community_services_non_profits,http://www.symf.se/,,,,,praesidia != 1
startup-stockholm-2025-10-13_17-23.xlsx - export.csv,1086,Syntax Error Stockholm,Stockholm,dance_club,https://syntax-error.se/,,,,,praesidia != 1
startup-stockholm-2025-10-13_17-23.xlsx - export.csv,1087,Synth After Work,Stockholm,music_venue,https://www.facebook.com/synthafterwork/,,,,,praesidia != 1
startup-stockholm-2025-10-13_17-23.xlsx - export.csv,1088,Särimners Kultingar (SK),Stockholm,community_services_non_profits,https://disk.su.se/sk/,,,,,praesidia != 1
startup-stockholm-2025-10-13_17-23.xlsx - export.csv,1089,Söderbokhandeln Hansson & Bruce,Stockholm,bookstore,http://www.soderbokhandeln.se/,,,,,praesidia != 1
startup-stockholm-2025-10-13_17-23.xlsx - export.csv,1090,Södergården hemgård,Stockholm,community_services_non_profits,http://www.sodergarden.org/,,,,,praesidia != 1
startup-stockholm-2025-10-13_17-23.xlsx - export.csv,1091,SödermalmMedia Bokförlag,Stockholm,bookstore,http://www.sodermalmskyrkan.se/,,,,,praesidia != 1
startup-stockholm-2025-10-13_17-23.xlsx - export.csv,1092,Södermalms Bokbinderi,Stockholm,arts_and_crafts,http://www.sodermalmsbokbinderi.se/,,,,,praesidia != 1
startup-stockholm-2025-10-13_17-23.xlsx - export.csv,1093,Södra Kulturkontoret,Stockholm,community_services_non_profits,https://sodrakulturkontoret.se/,,,,,praesidia != 1
startup-stockholm-2025-10-13_17-23.xlsx - export.csv,1094,Södra Teatern,Stockholm,theatre,https://sodrateatern.com/,,,,,praesidia != 1
startup-stockholm-2025-10-13_17-23.xlsx - export.csv,1095,Sömnad,Stockholm,community_services_non_profits,http://www.sv.se/stockholm,,,,,praesidia != 1
startup-stockholm-2025-10-13_17-23.xlsx - export.csv,1096,Söndagsteater i Husby,Stockholm,theatre,http://mittiprickteatern.se/sondagsteater,,,,,praesidia != 1
startup-stockholm-2025-10-13_17-23.xlsx - export.csv,1097,Söndagsteater i Rinkeby,Stockholm,theatre,http://www.mittiprickteatern.se/forestallningar/sondagsteater-i-rinkeby,,,,,praesidia != 1
startup-stockholm-2025-10-13_17-23.xlsx - export.csv,1098,Tage Granit,Stockholm,theatre,http://www.tagegranit.se/,,,,,praesidia != 1
startup-stockholm-2025-10-13_17-23.xlsx - export.csv,1099,Taket,Stockholm,dance_club,https://Ingen webbplats,,,,,praesidia != 1
startup-stockholm-2025-10-13_17-23.xlsx - export.csv,1100,Talk To,Stockholm,architectural_designer,http://www.talkto-official.se/,,,,,praesidia != 1
startup-stockholm-2025-10-13_17-23.xlsx - export.csv,1101,Tallkrogens loppis o antikvariat,Stockholm,bookstore,https://Ingen webbplats,,,,,praesidia != 1
startup-stockholm-2025-10-13_17-23.xlsx - export.csv,1102,Tango Academy Stockholm,Stockholm,dance_school,http://tangoacademy.se/,,,,,praesidia != 1
startup-stockholm-2025-10-13_17-23.xlsx - export.csv,1103,Tango Norte,Stockholm,community_services_non_profits,http://www.tangonorte.com/,,,,,praesidia != 1
startup-stockholm-2025-10-13_17-23.xlsx - export.csv,1104,Tattoo Kontrast & ART Gallery,Stockholm,art_gallery,https://kontrastinkgallery.com/,,,,,praesidia != 1
startup-stockholm-2025-10-13_17-23.xlsx - export.csv,1105,Teater & Dramaskolan,Stockholm,theatre,http://www.teaterochdramaskolan.com/,,,,,praesidia != 1
startup-stockholm-2025-10-13_17-23.xlsx - export.csv,1106,Teater Barbara,Stockholm,theatre,http://www.barbara.nu/,,,,,praesidia != 1
startup-stockholm-2025-10-13_17-23.xlsx - export.csv,1107,Teater Brunnsgatan Fyra,Stockholm,theatre,http://www.brunnsgatanfyra.se/,,,,,praesidia != 1
startup-stockholm-2025-10-13_17-23.xlsx - export.csv,1108,Teater De Vill,Stockholm,theatre,https://teaterdevill.se/,,,,,praesidia != 1
startup-stockholm-2025-10-13_17-23.xlsx - export.csv,1109,Teater Dur & Moll,Stockholm,theatre,http://www.durochmoll.se,,,,,praesidia != 1
startup-stockholm-2025-10-13_17-23.xlsx - export.csv,1110,Teater Galeasen,Stockholm,theatre,http://www.galeasen.se/,,,,,praesidia != 1
startup-stockholm-2025-10-13_17-23.xlsx - export.csv,1111,Teater Giljotin,Stockholm,theatre,http://www.teatergiljotin.se/,,,,,praesidia != 1
startup-stockholm-2025-10-13_17-23.xlsx - export.csv,1112,Teater Kung och Drottning,Stockholm,theatre,http://www.kungochdrottning.se/,,,,,praesidia != 1
startup-stockholm-2025-10-13_17-23.xlsx - export.csv,1113,Teater Pernilla Vettskrämd,Stockholm,theatre,https://Ingen webbplats,,,,,praesidia != 1
startup-stockholm-2025-10-13_17-23.xlsx - export.csv,1114,Teater Reflex,Stockholm,theatre,http://www.teaterreflex.se/,,,,,praesidia != 1
startup-stockholm-2025-10-13_17-23.xlsx - export.csv,1115,Teater Satori,Stockholm,theatre,http://www.teaterverket.se/,,,,,praesidia != 1
startup-stockholm-2025-10-13_17-23.xlsx - export.csv,1116,Teater Tre,Stockholm,theatre,http://www.teatertre.se/,,,,,praesidia != 1
startup-stockholm-2025-10-13_17-23.xlsx - export.csv,1117,Teater Tribunalen,Stockholm,theatre,http://www.tribunalen.com,,,,,praesidia != 1
startup-stockholm-2025-10-13_17-23.xlsx - export.csv,1118,Teateralliansen,Stockholm,theatre,http://www.teateralliansen.se/,,,,,praesidia != 1
startup-stockholm-2025-10-13_17-23.xlsx - export.csv,1119,Teatercentrum,Stockholm,theatre,http://www.teatercentrum.se/,,,,,praesidia != 1
startup-stockholm-2025-10-13_17-23.xlsx - export.csv,1120,Teatermakarna Lundén,Stockholm,theatre,http://www.teatermakarna.se/,,,,,praesidia != 1
startup-stockholm-2025-10-13_17-23.xlsx - export.csv,1121,Teaterscentralen,Stockholm,theatre,http://www.teaterscentralen.se/,,,,,praesidia != 1
startup-stockholm-2025-10-13_17-23.xlsx - export.csv,1122,Teaterstudio Lederman,Stockholm,theatre,http://www.teaterlederman.com/,,,,,praesidia != 1
startup-stockholm-2025-10-13_17-23.xlsx - export.csv,1123,Teaterverket,Stockholm,theatre,http://scenfredag.se/,,,,,praesidia != 1
startup-stockholm-2025-10-13_17-23.xlsx - export.csv,1124,Teaterverket,Stockholm,theatre,http://www.teaterverket.se/,,,,,praesidia != 1
startup-stockholm-2025-10-13_17-23.xlsx - export.csv,1125,Teckna och måla,Stockholm,community_services_non_profits,http://www.sv.se/stockholm,,,,,praesidia != 1
startup-stockholm-2025-10-13_17-23.xlsx - export.csv,1126,Tegelscenen,Stockholm,theatre,http://www.tegelscenen.se/,,,,,praesidia != 1
startup-stockholm-2025-10-13_17-23.xlsx - export.csv,1127,Tegen2,Stockholm,art_gallery,https://www.instagram.com/tegen.2/,,,,,praesidia != 1
startup-stockholm-2025-10-13_17-23.xlsx - export.csv,1128,Tekniska museet,Stockholm,museum,http://www.tekniskamuseet.se/,,,,,praesidia != 1
startup-stockholm-2025-10-13_17-23.xlsx - export.csv,1129,Telefonfabriken,Stockholm,theatre,http://www.telefonfabriken.com/,,,,,praesidia != 1
startup-stockholm-2025-10-13_17-23.xlsx - export.csv,1130,Telefonplan Studios,Stockholm,cultural_center,https://Ingen webbplats,,,,,praesidia != 1
startup-stockholm-2025-10-13_17-23.xlsx - export.csv,1131,Telefonplans bibliotek,Stockholm,library,http://biblioteket.stockholm.se/bibliotek/telefonplans-bibliotek,,,,,praesidia != 1
startup-stockholm-2025-10-13_17-23.xlsx - export.csv,1132,Tensta Bibliotek,Stockholm,library,http://biblioteket.stockholm.se/bibliotek/tensta-bibliotek,,,,,praesidia != 1
startup-stockholm-2025-10-13_17-23.xlsx - export.csv,1133,Tensta CommunityCenter,Stockholm,community_center,https://Ingen webbplats,,,,,praesidia != 1
startup-stockholm-2025-10-13_17-23.xlsx - export.csv,1134,Tensta Joyful Noise,Stockholm,choir,https://youtube.com/@tenstajoyfulnoise?si=ZUbpRHa_YXbW53I7,,,,,praesidia != 1
startup-stockholm-2025-10-13_17-23.xlsx - export.csv,1135,Tensta konsthall,Stockholm,art_gallery,https://tenstakonsthall.se/,,,,,praesidia != 1
startup-stockholm-2025-10-13_17-23.xlsx - export.csv,1136,Tham & Videgård Arkitekter,Stockholm,architectural_designer,http://www.tvark.se/,,,,,praesidia != 1
startup-stockholm-2025-10-13_17-23.xlsx - export.csv,1137,The Cave,Stockholm,dance_club,https://thecavesthlm.se/,,,,,praesidia != 1
startup-stockholm-2025-10-13_17-23.xlsx - export.csv,1138,The English Bookshop,Stockholm,bookstore,http://www.bookshop.se,,,,,praesidia != 1
startup-stockholm-2025-10-13_17-23.xlsx - export.csv,1139,The English Bookshop Stockholm,Stockholm,bookstore,http://www.bookshop.se/,,,,,praesidia != 1
startup-stockholm-2025-10-13_17-23.xlsx - export.csv,1140,The EntertainMen,Stockholm,choir,http://www.entertainmen.se/,,,,,praesidia != 1
startup-stockholm-2025-10-13_17-23.xlsx - export.csv,1141,The Filth Archive,Stockholm,music_and_dvd_store,http://www.filtharchive.com/,,,,,praesidia != 1
startup-stockholm-2025-10-13_17-23.xlsx - export.csv,1142,The International Ballet School,Stockholm,dance_school,http://www.internationalballet.se/,,,,,praesidia != 1
startup-stockholm-2025-10-13_17-23.xlsx - export.csv,1143,The Lux AW Club,Stockholm,dance_club,https://www.theluxaw.club/,,,,,praesidia != 1
startup-stockholm-2025-10-13_17-23.xlsx - export.csv,1144,The Rabbit Hole,Stockholm,dance_club,https://www.rabbitholeproduktion.se/om-oss,,,,,praesidia != 1
startup-stockholm-2025-10-13_17-23.xlsx - export.csv,1145,The Royal Armoury,Stockholm,history_museum,http://livrustkammaren.se/en,,,,,praesidia != 1
startup-stockholm-2025-10-13_17-23.xlsx - export.csv,1146,The Viking Museum,Stockholm,museum,http://www.thevikingmuseum.com/,,,,,praesidia != 1
startup-stockholm-2025-10-13_17-23.xlsx - export.csv,1147,The Wall,Stockholm,dance_club,https://www.stureplansgruppen.se/nightlife/the-wall/,,,,,praesidia != 1
startup-stockholm-2025-10-13_17-23.xlsx - export.csv,1148,Thielska Galleriet,Stockholm,art_museum,http://www.thielskagalleriet.se/,,,,,praesidia != 1
startup-stockholm-2025-10-13_17-23.xlsx - export.csv,1149,Thomas Eriksson Arkitektur & Design,Stockholm,architectural_designer,http://tea.se/,,,,,praesidia != 1
startup-stockholm-2025-10-13_17-23.xlsx - export.csv,1150,Tillsammans,Stockholm,architectural_designer,http://www.tillsammans.com/,,,,,praesidia != 1
startup-stockholm-2025-10-13_17-23.xlsx - export.csv,1151,TioTretton,Stockholm,library,http://kulturhusetstadsteatern.se/tiotretton,,,,,praesidia != 1
startup-stockholm-2025-10-13_17-23.xlsx - export.csv,1152,Tjalans,Stockholm,dance_club,http://tjalans.se/,,,,,praesidia != 1
startup-stockholm-2025-10-13_17-23.xlsx - export.csv,1153,Tolkiensällskapet Forodrim,Stockholm,arts_and_entertainment,http://www.forodrim.org/,,,,,praesidia != 1
startup-stockholm-2025-10-13_17-23.xlsx - export.csv,1154,Total Arkitektur och Urbanism Tau,Stockholm,architectural_designer,http://totalarkitektur.se/,,,,,praesidia != 1
startup-stockholm-2025-10-13_17-23.xlsx - export.csv,1155,Tradition Arkitekter,Stockholm,architectural_designer,http://www.traditionarkitekter.se/,,,,,praesidia != 1
startup-stockholm-2025-10-13_17-23.xlsx - export.csv,1156,"Transit Kulturinkubator - tid, råd och rum för konstnärliga verksamheter",Stockholm,community_services_non_profits,http://www.transitsthlm.se/,,,,,praesidia != 1
startup-stockholm-2025-10-13_17-23.xlsx - export.csv,1157,Tranströmerbiblioteket,Stockholm,library,https://biblioteket.stockholm.se/bibliotek/medborgarhusets-bibliotek,,,,,praesidia != 1
startup-stockholm-2025-10-13_17-23.xlsx - export.csv,1158,Tranströmerbiblioteket Medborgarplatsen,Stockholm,library,https://biblioteket.stockholm.se/bibliotek/transtromerbiblioteket,,,,,praesidia != 1
startup-stockholm-2025-10-13_17-23.xlsx - export.csv,1159,Traxton Recording,Stockholm,media_agency,http://www.traxtonrecording.com/,,,,,praesidia != 1
startup-stockholm-2025-10-13_17-23.xlsx - export.csv,1160,Trädgård på Spåret,Stockholm,urban_farm,https://Ingen webbplats,,,,,praesidia != 1
startup-stockholm-2025-10-13_17-23.xlsx - export.csv,1161,Trädgården,Stockholm,dance_club,http://www.tradgarden.com/,,,,,praesidia != 1
startup-stockholm-2025-10-13_17-23.xlsx - export.csv,1162,Tundell Salmson audio,Stockholm,arts_and_entertainment,http://www.tundellsalmsonaudio.se/,,,,,praesidia != 1
startup-stockholm-2025-10-13_17-23.xlsx - export.csv,1163,Turteatern,Stockholm,theatre,http://www.turteatern.se,,,,,praesidia != 1
startup-stockholm-2025-10-13_17-23.xlsx - export.csv,1164,Tussilago Arkitekter,Stockholm,architectural_designer,http://www.tussilagoarkitekter.se/,,,,,praesidia != 1
startup-stockholm-2025-10-13_17-23.xlsx - export.csv,1165,Tåp Studio,Stockholm,dance_school,https://tapstudio.se/,,,,,praesidia != 1
startup-stockholm-2025-10-13_17-23.xlsx - export.csv,1166,U.D. Urban Design AB,Stockholm,architectural_designer,http://www.urbandesign.se/,,,,,praesidia != 1
startup-stockholm-2025-10-13_17-23.xlsx - export.csv,1167,Under Bron,Stockholm,dance_club,http://underbron.com/,,,,,praesidia != 1
startup-stockholm-2025-10-13_17-23.xlsx - export.csv,1168,Ung Teaterscen,Stockholm,theatre,http://www.ungteaterscen.se/,,,,,praesidia != 1
startup-stockholm-2025-10-13_17-23.xlsx - export.csv,1169,Unga Klara,Stockholm,theatre,http://www.ungaklara.se/,,,,,praesidia != 1
startup-stockholm-2025-10-13_17-23.xlsx - export.csv,1170,Ungdomens Hus - Skärholmen,Stockholm,community_services_non_profits,http://www.skarholmen.fryshuset.se/,,,,,praesidia != 1
startup-stockholm-2025-10-13_17-23.xlsx - export.csv,1171,UNGiKÖR: Sveriges barn- och ungdomskörer,Stockholm,community_services_non_profits,https://www.ungikor.se/,,,,,praesidia != 1
startup-stockholm-2025-10-13_17-23.xlsx - export.csv,1172,Unidos do Samba,Stockholm,community_services_non_profits,http://www.unidosdosamba.com/,,,,,praesidia != 1
startup-stockholm-2025-10-13_17-23.xlsx - export.csv,1173,Unna Design,Stockholm,architectural_designer,http://unna.se/,,,,,praesidia != 1
startup-stockholm-2025-10-13_17-23.xlsx - export.csv,1174,Urban Artists Sthlm,Stockholm,arts_and_entertainment,https://urbanartists.se/,,,,,praesidia != 1
startup-stockholm-2025-10-13_17-23.xlsx - export.csv,1175,Urban Minds,Stockholm,architectural_designer,http://www.urbanminds.se/,,,,,praesidia != 1
startup-stockholm-2025-10-13_17-23.xlsx - export.csv,1176,Urkraft,Stockholm,dance_school,http://www.urkraft.nu/,,,,,praesidia != 1
startup-stockholm-2025-10-13_17-23.xlsx - export.csv,1177,UusiTeatteri,Stockholm,theatre,http://www.uusiteatteri.se/,,,,,praesidia != 1
startup-stockholm-2025-10-13_17-23.xlsx - export.csv,1178,Vadstena-Akademien,Stockholm,theatre,http://www.vadstena-akademien.org/,,,,,praesidia != 1
startup-stockholm-2025-10-13_17-23.xlsx - export.csv,1179,Vantörs Konstförening,Stockholm,art_gallery,https://www.vantorskonstforening.se/,,,,,praesidia != 1
startup-stockholm-2025-10-13_17-23.xlsx - export.csv,1180,Vardag arkitekter,Stockholm,architectural_designer,http://www.vardag.se/,,,,,praesidia != 1
startup-stockholm-2025-10-13_17-23.xlsx - export.csv,1181,Varg Arkitekter,Stockholm,architectural_designer,http://www.vargarkitekter.se/,,,,,praesidia != 1
startup-stockholm-2025-10-13_17-23.xlsx - export.csv,1182,Vasa Museeum (Vasamuseet),Stockholm,history_museum,http://www.vasamuseet.se/InEnglish/about.aspx/,,,,,praesidia != 1
startup-stockholm-2025-10-13_17-23.xlsx - export.csv,1183,Vasamuseet,Stockholm,art_museum,https://www.vasamuseet.se/,,,,,praesidia != 1
startup-stockholm-2025-10-13_17-23.xlsx - export.csv,1184,Vasastans Körakademi,Stockholm,music_school,http://www.vasastanskorakademi.com/,,,,,praesidia != 1
startup-stockholm-2025-10-13_17-23.xlsx - export.csv,1185,Vasaträffen Fritidscenter,Stockholm,arts_and_entertainment,https://senior.stockholm/hitta-traffpunkt-och-motesplats-for-seniorer/traffpunkt-och-motesplats/vasatraffen,,,,,praesidia != 1
startup-stockholm-2025-10-13_17-23.xlsx - export.csv,1186,Vattumannen,Stockholm,bookstore,https://www.vattumannen.se/?utm_source=facebook,,,,,praesidia != 1
startup-stockholm-2025-10-13_17-23.xlsx - export.csv,1187,Verket,Stockholm,art_gallery,http://verket.org/,,,,,praesidia != 1
startup-stockholm-2025-10-13_17-23.xlsx - export.csv,1188,Victoria Hall,Stockholm,auditorium,https://Ingen webbplats,,,,,praesidia != 1
startup-stockholm-2025-10-13_17-23.xlsx - export.csv,1189,Vida Arkitektkontor,Stockholm,architectural_designer,http://www.vidastockholm.com/,,,,,praesidia != 1
startup-stockholm-2025-10-13_17-23.xlsx - export.csv,1190,Virtuoso Musikskola,Stockholm,music_school,https://Ingen webbplats,,,,,praesidia != 1
startup-stockholm-2025-10-13_17-23.xlsx - export.csv,1191,Vitterhetsakademiens Bibliotek,Stockholm,library,http://www.vitterhetsakad.se,,,,,praesidia != 1
startup-stockholm-2025-10-13_17-23.xlsx - export.csv,1192,Vocal Colors,Stockholm,choir,https://kulturfyren.se/musik/vocal-colors/,,,,,praesidia != 1
startup-stockholm-2025-10-13_17-23.xlsx - export.csv,1193,Vocal Devotion,Stockholm,music_school,http://www.vocaldevotion.com/,,,,,praesidia != 1
startup-stockholm-2025-10-13_17-23.xlsx - export.csv,1194,Vocalcoach-Stockholm Cecilia R Ray,Stockholm,music_school,https://www.vocalcoach.se/,,,,,praesidia != 1
startup-stockholm-2025-10-13_17-23.xlsx - export.csv,1195,Vocalux Röststudio,Stockholm,music_school,http://www.vocalux.se/,,,,,praesidia != 1
startup-stockholm-2025-10-13_17-23.xlsx - export.csv,1196,Voice Centre,Stockholm,music_school,https://www.voicecentre.se/,,,,,praesidia != 1
startup-stockholm-2025-10-13_17-23.xlsx - export.csv,1197,Vrak – Museum of Wrecks,Stockholm,museum,https://www.vrak.se/,,,,,praesidia != 1
startup-stockholm-2025-10-13_17-23.xlsx - export.csv,1198,VREX Stockholm,Stockholm,arcade,http://www.VREX.se/,,,,,praesidia != 1
startup-stockholm-2025-10-13_17-23.xlsx - export.csv,1199,Vår Teater Högdalen,Stockholm,theatre,https://Ingen webbplats,,,,,praesidia != 1
startup-stockholm-2025-10-13_17-23.xlsx - export.csv,1200,Våra Gårdar,Stockholm,cinema,http://www.varagardar.se/,,,,,praesidia != 1
startup-stockholm-2025-10-13_17-23.xlsx - export.csv,1201,Vällingby bibliotek,Stockholm,library,https://biblioteket.stockholm.se/bibliotek/vallingby-bibliotek,,,,,praesidia != 1
startup-stockholm-2025-10-13_17-23.xlsx - export.csv,1202,Vällingby Folkets hus,Stockholm,community_services_non_profits,https://fhvallingby.com/,,,,,praesidia != 1
startup-stockholm-2025-10-13_17-23.xlsx - export.csv,1203,Vällingby Kulturhuset Stadsteatern,Stockholm,theatre,http://kulturhusetstadsteatern.se/Vallingby/,,,,,praesidia != 1
startup-stockholm-2025-10-13_17-23.xlsx - export.csv,1204,Världsbiblioteket,Stockholm,library,http://www.solidaritetshuset.se/,,,,,praesidia != 1
startup-stockholm-2025-10-13_17-23.xlsx - export.csv,1205,Västerbokhandeln AB,Stockholm,bookstore,http://allbok.se/,,,,,praesidia != 1
startup-stockholm-2025-10-13_17-23.xlsx - export.csv,1206,Västerortsaktivitetscenter,Stockholm,community_services_non_profits,https://Ingen webbplats,,,,,praesidia != 1
startup-stockholm-2025-10-13_17-23.xlsx - export.csv,1207,Västertorps Marknad,Stockholm,arts_and_entertainment,https://www.facebook.com/vastertorpcentrum/?locale=sv_SE,,,,,praesidia != 1
startup-stockholm-2025-10-13_17-23.xlsx - export.csv,1208,Waldemarson Berglund Arkitekter,Stockholm,architectural_designer,http://www.waldemarson.se/,,,,,praesidia != 1
startup-stockholm-2025-10-13_17-23.xlsx - export.csv,1209,Wanna Dance,Stockholm,dance_school,http://wannadance.se/,,,,,praesidia != 1
startup-stockholm-2025-10-13_17-23.xlsx - export.csv,1210,Wasa Museet,Stockholm,museum,https://www.vasamuseet.se/,,,,,praesidia != 1
startup-stockholm-2025-10-13_17-23.xlsx - export.csv,1211,Watz Studio Stockholm,Stockholm,art_gallery,http://www.watzstudio.se/,,,,,praesidia != 1
startup-stockholm-2025-10-13_17-23.xlsx - export.csv,1212,West End Stockholm,Stockholm,theatre,http://www.westendstockholm.se/,,,,,praesidia != 1
startup-stockholm-2025-10-13_17-23.xlsx - export.csv,1213,Wester + Elsner Arkitekter,Stockholm,architectural_designer,http://www.wester-elsner.se/,,,,,praesidia != 1
startup-stockholm-2025-10-13_17-23.xlsx - export.csv,1214,Wetterling Gallery,Stockholm,art_gallery,http://www.wetterlinggallery.com/,,,,,praesidia != 1
startup-stockholm-2025-10-13_17-23.xlsx - export.csv,1215,White Arkitekter,Stockholm,architectural_designer,http://www.white.se,,,,,praesidia != 1
startup-stockholm-2025-10-13_17-23.xlsx - export.csv,1216,Wi landskap,Stockholm,landscaping,http://www.wilandskap.se/,,,,,praesidia != 1
startup-stockholm-2025-10-13_17-23.xlsx - export.csv,1217,WIFT Sverige,Stockholm,community_services_non_profits,http://www.wift.se/,,,,,praesidia != 1
startup-stockholm-2025-10-13_17-23.xlsx - export.csv,1218,Wild Boys Studio,Stockholm,music_venue,https://Ingen webbplats,,,,,praesidia != 1
startup-stockholm-2025-10-13_17-23.xlsx - export.csv,1219,WILLAS contemporary,Stockholm,art_gallery,http://willas.com/,,,,,praesidia != 1
startup-stockholm-2025-10-13_17-23.xlsx - export.csv,1220,"Wilund Arkitekter och Antikvarier,",Stockholm,architect,http://www.wa2.se/,,,,,praesidia != 1
startup-stockholm-2025-10-13_17-23.xlsx - export.csv,1221,Winroth Arkitekter AB,Stockholm,architectural_designer,http://www.winrotharkitekter.se/,,,,,praesidia != 1
startup-stockholm-2025-10-13_17-23.xlsx - export.csv,1222,Wip:sthlm,Stockholm,arts_and_entertainment,http://www.wipsthlm.se/,,,,,praesidia != 1
startup-stockholm-2025-10-13_17-23.xlsx - export.csv,1223,Witte Sundell,Stockholm,architectural_designer,https://www.wittesundell.se/,,,,,praesidia != 1
startup-stockholm-2025-10-13_17-23.xlsx - export.csv,1224,Wollbeck Produktion,Stockholm,theatre,https://Ingen webbplats,,,,,praesidia != 1
startup-stockholm-2025-10-13_17-23.xlsx - export.csv,1225,Young Art,Stockholm,art_gallery,http://www.youngart.se/,,,,,praesidia != 1
startup-stockholm-2025-10-13_17-23.xlsx - export.csv,1226,Yxfeldt Arkitekter,Stockholm,architectural_designer,http://framark.se/,,,,,praesidia != 1
startup-stockholm-2025-10-13_17-23.xlsx - export.csv,1227,ZebraDans,Stockholm,theatre,http://www.zebradans.se/,,,,,praesidia != 1
startup-stockholm-2025-10-13_17-23.xlsx - export.csv,1228,Zigzag Animation,Stockholm,arts_and_entertainment,http://www.zigzag.se/,,,,,praesidia != 1
startup-stockholm-2025-10-13_17-23.xlsx - export.csv,1229,ZIN Arkitektur,Stockholm,architectural_designer,http://www.zinark.se/,,,,,praesidia != 1
startup-stockholm-2025-10-13_17-23.xlsx - export.csv,1230,Zinken Art AB,Stockholm,art_gallery,https://www.zinkenart.se/,,,,,praesidia != 1
startup-stockholm-2025-10-13_17-23.xlsx - export.csv,1231,Zita Folkets Bio,Stockholm,drive_in_theater,http://www.zita.se/,,,,,praesidia != 1
startup-stockholm-2025-10-13_17-23.xlsx - export.csv,1232,Zitas filmpedagoger,Stockholm,community_services_non_profits,http://zita.se/skola,,,,,praesidia != 1
startup-stockholm-2025-10-13_17-23.xlsx - export.csv,1233,ZOEN ab,Stockholm,architectural_designer,https://www.zoen.se/,,,,,praesidia != 1
startup-stockholm-2025-10-13_17-23.xlsx - export.csv,1234,𝕫𝕠𝕦𝕜 𝕚𝕟 𝕤𝕥𝕠𝕔𝕜𝕙𝕠𝕝𝕞,Stockholm,dance_school,https://zouksocstockholm.se/,,,,,praesidia != 1
startup-stockholm-2025-10-13_17-23.xlsx - export.csv,1235,Zouk KTH,Stockholm,dance_school,http://www.zoukkth.se/,,,,,praesidia != 1
startup-stockholm-2025-10-13_17-23.xlsx - export.csv,1236,Åkermyntans Spelbutik,Stockholm,bookstore,https://Ingen webbplats,,,,,praesidia != 1
startup-stockholm-2025-10-13_17-23.xlsx - export.csv,1237,Åmells,Stockholm,art_gallery,http://www.amells.com/,,,,,praesidia != 1
startup-stockholm-2025-10-13_17-23.xlsx - export.csv,1238,Årsta Folkets Hus,Stockholm,cinema,http://www.arstafolketshus.org/,,,,,praesidia != 1
startup-stockholm-2025-10-13_17-23.xlsx - export.csv,1239,Årstabo,Stockholm,library,https://biblioteket.stockholm.se/bibliotek/arsta-bibliotek,,,,,praesidia != 1
startup-stockholm-2025-10-13_17-23.xlsx - export.csv,1240,ÅWL Arkitekter,Stockholm,architectural_designer,http://www.awlark.se/,,,,,praesidia != 1
startup-stockholm-2025-10-13_17-23.xlsx - export.csv,1241,Älvsjö Bibliotek,Stockholm,library,https://biblioteket.stockholm.se/bibliotek/alvsjo-bibliotek,,,,,praesidia != 1
startup-stockholm-2025-10-13_17-23.xlsx - export.csv,1242,Ängkvist Musik Produktion,Stockholm,theatre,https://Ingen webbplats,,,,,praesidia != 1
startup-stockholm-2025-10-13_17-23.xlsx - export.csv,1243,Äppelvikens Bokhandel,Stockholm,bookstore,http://www.appelvikensbokhandel.se/Appelvikens_hemsida/Valkommen.html,,,,,praesidia != 1
startup-stockholm-2025-10-13_17-23.xlsx - export.csv,1244,Ö2,Stockholm,theatre,http://o2scenkonst.se/,,,,,praesidia != 1
startup-stockholm-2025-10-13_17-23.xlsx - export.csv,1245,Örby Bibliotek,Stockholm,library,https://biblioteket.stockholm.se/bibliotek/orby-bibliotek,,,,,praesidia != 1
startup-stockholm-2025-10-13_17-23.xlsx - export.csv,1246,Östasiatiska museet,Stockholm,art_museum,http://www.ostasiatiska.se/,,,,,praesidia != 1
startup-stockholm-2025-10-13_17-23.xlsx - export.csv,1247,Östberga Kulturhus,Stockholm,community_services_non_profits,https://ostbergakulturhus.stockholm.se/,,,,,praesidia != 1
startup-stockholm-2025-10-13_17-23.xlsx - export.csv,1248,Östermalms bibliotek,Stockholm,library,https://biblioteket.stockholm.se/bibliotek/ostermalms-bibliotek,,,,,praesidia != 1
startup-stockholm-2025-10-13_17-23.xlsx - export.csv,1249,Östermalms Dansstudio,Stockholm,dance_school,https://en.ostermalmsdansstudio.com/,,,,,praesidia != 1
startup-stockholm-2025-10-13_17-23.xlsx - export.csv,1250,Ιδρυμα Ελληνική Πολιτιστική Στέγη Stiftelsen Grekiska Kulturhuset,Stockholm,cultural_center,http://www.grekiskakulturhuset.se/,,,,,praesidia != 1
