name,category,website,delete,comments,city,lat,lon
Apple Store,arcade,Ingen webbplats,2,,Madrid,"40,45676","-3,69476"
Apuestas Deportivas RETAbet Alcalá,arcade,https://madrid.retabet.es/,2,,Madrid,"40,43283","-3,64903"
Apuestas Deportivas RETAbet Bravo Murillo,arcade,https://madrid.retabet.es/,2,,Madrid,"40,462","-3,69753"
Apuestas Deportivas RETAbet Carabanchel,arcade,https://madrid.retabet.es/,2,,Madrid,"40,38892","-3,73903"
Apuestas Deportivas RETAbet Extremadura,arcade,https://madrid.retabet.es/,2,,Madrid,"40,4120548","-3,7330222"
Apuestas Deportivas RETAbet Usera,arcade,https://madrid.retabet.es/,2,,Madrid,"40,38594","-3,70415"
Apuestas Deportivas RETAbet Vallecas,arcade,http://www.madrid.retabet.es/,2,,Madrid,"40,3940443","-3,6610719"
Apuestas Deportivas RETAbet Villaverde,arcade,https://madrid.retabet.es/,2,,Madrid,"40,3459971","-3,7117729"
Arcade Premier,arcade,http://www.arcadepremier.es/,2,,Madrid,"40,4387655","-3,7101388"
Artemática,arcade,http://www.artematica.es,2,,Madrid,"40,4055709","-3,6974633"
Asociación de antiguos alumnos ETSIS Telecomunicación/EUITT UPM-Campus Sur,arcade,http://www.euitt.upm.es/redsocial/antiguos_alumnos,2,,Madrid,"40,4078419","-3,7019777"
Cervecería  Arcade Corazón De María,arcade,https://www.instagram.com/arcadecerveceria/,2,,Madrid,"40,4456979","-3,6670229"
CityPlay Madrid,arcade,http://www.cityplay.es/,,,Madrid,"40,4630287","-3,6362275"
Codere Apuestas Corner en Las Vegas,arcade,https://www.codere.es/,2,,Madrid,"40,3957641","-3,7666229"
Codere Apuestas Corner en Madrid Juegos,arcade,https://www.codere.es/,2,,Madrid,"40,4354628","-3,6569811"
Codere Apuestas Corner en Madrid Juegos,arcade,https://www.codere.es/,2,,Madrid,"40,4366818","-3,6407198"
Codere Apuestas Corner en Salón de juegos Las Vegas,arcade,https://www.codere.es/,2,,Madrid,"40,3758124","-3,7522987"
Codere Apuestas Deportivas,arcade,https://www.codere.es/,2,,Madrid,"40,4233924","-3,6554361"
Expometro Retiro,arcade,Ingen webbplats,,,Madrid,"40,4212847","-3,6839182"
GameFest,arcade,Ingen webbplats,2,,Madrid,"40,466329","-3,618037"
Kikirikí,arcade,Ingen webbplats,2,,Madrid,"40,4168698","-3,7128665"
Pinball Madrid,arcade,http://www.pinballmadrid.com/,2,,Madrid,"40,4503","-3,70183"
Platinum,arcade,Ingen webbplats,2,,Madrid,"40,39423","-3,66661"
Puerto de Balbaran,arcade,Ingen webbplats,2,,Madrid,"40,3844763","-3,6697351"
Raquel Armijo,arcade,http://www.elplanetadelosninos.es/,,,Madrid,"40,388","-3,74284"
Salon de Juegos Ayala,arcade,https://twitter.com/salon_ayala,2,,Madrid,"40,4376769","-3,6376528"
Vr kids/Virtual Family,arcade,https://www.virtualfamily.es/,2,,Madrid,"40,39853","-3,70496"
Adam Bresnick arquitectos,architect,http://adambresnick.com/,2,,Madrid,"40,4275155","-3,6982848"
Adyg de Proyectos - Arquitecto,architect,https://adyg.es/,2,,Madrid,"40,4587218","-3,693826"
ae3 arquitectura madrid,architect,https://ae3arquitectura.com/,2,,Madrid,"40,4258281","-3,6945018"
AIC,architect,https://www.aicinsonorizaciones.com/,2,,Madrid,"40,4306189","-3,6653616"
Ananas arquitectura,architect,https://ananasarquitectura.ueniweb.com/,2,,Madrid,"40,4409269","-3,7071347"
Antonio Bustos García de Castro,architect,,2,,Madrid,"40,45729763","-3,649034423"
ApuntoArquitectura,architect,http://www.apuntoarquitectura.com/,2,,Madrid,"40,4005511","-3,7011442"
Archways,architect,http://www.archways.es/,2,,Madrid,"40,43596","-3,65675"
ARQit ESTUDIO,architect,,2,,Madrid,"40,4097884","-3,7171702"
Arquitecto en Madrid: Joaquin Puget | Interiorismo & Diseño,architect,https://joaquinpuget.com/,2,,Madrid,"40,3972642","-3,6918055"
Arquitectos - Estudio Lam,architect,https://arquitectoslam.com/,2,,Madrid,"40,43595","-3,65449"
Art Arquitectura,architect,http://www.art-arquitectura.com/,2,,Madrid,"40,41348256","-3,709202029"
Aycal,architect,http://www.aycal.com/,2,,Madrid,"40,46242837","-3,639189293"
Bayon Arquitectos,architect,,2,,Madrid,"40,42950821","-3,69887805"
Beauty And The Bit - Architectural Visualization Studio,architect,https://www.beautyandthebit.com/,2,,Madrid,"40,4178331","-3,6646962"
BOV Estudio Arquitectura Madrid,architect,https://bovestudio.com/,2,,Madrid,"40,42490162","-3,695098072"
BRUNO MIGUELEZ // Estudio de Arquitectura,architect,http://www.brunomiguelez.es/,2,,Madrid,"40,44332","-3,69904"
Carrillongo Arquitectos,architect,http://www.carrillongo.es/,2,,Madrid,"40,42979","-3,65443"
Certificadosbaratos,architect,https://www.certificadosbaratos.es/,2,,Madrid,"40,4414706","-3,7158959"
CIMBRA ARQUITECTOS,architect,http://www.cimbraarquitectos.com/,2,,Madrid,"40,471995","-3,6983912"
CMYK Arquitectos,architect,https://cmyk-arq.es/,2,,Madrid,"40,4277688","-3,7186232"
darro18 arquitectos,architect,http://darro18.com/,2,,Madrid,"40,43664","-3,62305"
DmasC Arquitectos,architect,https://dmasc.es/,2,,Madrid,"40,437985","-3,7010742"
Docrys & DC I Barrio Salamanca,architect,http://www.docrysdc.es/,2,,Madrid,"40,421186","-3,6790589"
Docrys & DC I Conde Orgaz,architect,https://www.docrysdc.es/,2,,Madrid,"40,459196","-3,626161"
Esteco Estudio de Arquitectura,architect,https://esteco.es/,2,,Madrid,"40,4693604","-3,6534324"
Estudio Arquitectura - Reformas Arindi,architect,https://www.arindi.es/,2,,Madrid,"40,4068855","-3,682618"
Estudio de Arquitectura,architect,,2,,Madrid,"40,44162","-3,697"
Estudio de Arquitectura de Interiores,architect,https://www.dgos.es/,2,,Madrid,"40,43059363","-3,66588251"
Estudio Espinosa Maquetas,architect,http://espinosamaquetas.com/,2,,Madrid,"40,43810696","-3,67603113"
Genil Arquitectura ,architect,https://www.genilarquitectura.com/,2,,Madrid,"40,44002414","-3,661434472"
habitarq estudio,architect,http://www.habitarqestudio.com/,2,,Madrid,"40,4474316","-3,715712"
"Hellen Halls, arquitecto técnico e interiorista",architect,https://hellenhalls.es/,2,,Madrid,"40,42752625","-3,7160279"
Hervás Arquitectos,architect,http://www.hervasarquitectos.com/,2,,Madrid,"40,4660898","-3,6758325"
hexatec estudio y gestión de edificación ,architect,http://www.hexatec.es/,2,,Madrid,"40,4311792","-3,6915244"
Hollis,architect,https://www.hollisglobal.com/,2,,Madrid,"40,41892","-3,71071"
HYMB LAR EUROPA,architect,https://hymb.net/,2,,Madrid,"40,4751905","-3,72913017"
i'm design,architect,http://www.im-design.studio/,2,,Madrid,"40,4533356","-3,689517"
I&D arquitectos,architect,http://www.id-arquitectos.com/,2,,Madrid,"40,40646554","-3,693449974"
ITE Arquitectos,architect,http://www.ite-arquitectos.com/,2,,Madrid,"40,4057312","-3,673233509"
Ite ayuntamiento 2000,architect,http://www.iteayuntamiento2000.com/,2,,Madrid,"40,45376205","-3,653858662"
Jerez Arquitectura y Urbanismo S.l,architect,https://www.jerezarquitectura.es/,2,,Madrid,"40,47665847","-3,673165336"
KUBIKOSTUDIO ARQUITECTOS,architect,https://kubikostudio.com/,2,,Madrid,"40,4213404","-3,7182281"
Laz Estudio de Arquitectura,architect,http://www.lazarquitectura.com/,2,,Madrid,"40,42886","-3,70546"
Life Studio Madrid,architect,,2,,Madrid,"40,422669","-3,694755"
Livener,architect,https://livener.es/,2,,Madrid,"40,4235492","-3,67977"
Mediciones Acusticas,architect,https://www.allpe.com/acustica/ingenieria-acustica/mediciones-acusticas/,2,,Madrid,"40,512523","-3,6728626"
Mizuage Arquitectura,architect,http://mizuage.es/,2,,Madrid,"40,41173594","-3,698314092"
"MONTORO ARQUITECTOS, P.",architect,http://www.montoroarquitectos.com/,2,,Madrid,"40,4234067","-3,6729667"
MooMar Arquitectura,architect,https://moomar.es/,2,,Madrid,"40,46762207","-3,68956206"
MRS Constructores,architect,https://mrsconstructores.com/,2,,Madrid,"40,4308675","-3,6309235"
MRS Constructores | Constructora en Madrid,architect,https://mrsconstructores.com/,2,,Madrid,"40,4377964","-3,6317118"
Munoz Barcia Arquitectos,architect,https://www.munozbarcia.com/,2,,Madrid,"40,420386","-3,7043706"
MV ARQUITECTURA,architect,https://www.mvarquitectura.es/,2,,Madrid,"40,45786576","-3,69927978"
OIKOS AUREA  . .,architect,http://www.fariniarquitectos.com/,2,,Madrid,"40,42633","-3,69884"
Ortega Fuentes Slp,architect,http://www.ortegafuentes.es/,2,,Madrid,"40,429982","-3,7214953"
palotes arquitectura,architect,http://palotesarquitectura.es/,2,,Madrid,"40,4364413","-3,62281948"
Perito arquitecto Madrid - Luis Aguilar Romanos,architect,http://www.peritoarquitectomadrid.com/,2,,Madrid,"40,40436172","-3,667638302"
Rg Arquitectos,architect,http://www.ardevihispania.com/,2,,Madrid,"40,39760352","-3,716223645"
"Sannas, Asociación de empresas de Triple Balance",architect,https://www.sannas.eu/,2,,Madrid,"40,4277322","-3,7188631"
Savills Spain,architect,http://www.savills.es/,,,Madrid,"40,447512","-3,6919612"
SKECHERS Retail,architect,https://www.skechers.es/store-locator.html,2,,Madrid,"40,41996","-3,70387"
Sobre 2,architect,http://sobredos.com/,2,,Madrid,"40,43645477","-3,622838259"
Studio PDP,architect,http://www.studiopdp.com/,,,Madrid,"40,4334224","-3,703899"
The Blue Lab Real Estate,architect,https://thebluelab.net/real-estate/,2,,Madrid,"40,4516655","-3,6911484"
Uriarte Arquitectura,architect,http://www.uriartearquitectura.com/,2,,Madrid,"40,4366888","-3,686583"
Valentín Merino Arquitectos P.,architect,http://www.vmarq.com/,2,,Madrid,"40,4101603","-3,671127572"
VALENTIN RODRIGUEZ ARQUITECTOS,architect,https://www.valentinrodriguezarquitectos.com/,2,,Madrid,"40,4599061","-3,7782072"
VARO ARQUITECTOS,architect,https://www.varo-arquitectos.com/,2,,Madrid,"40,42795497","-3,69506964"
ZELSIOR,architect,https://zelsior.es/,2,,Madrid,"40,4492874","-3,6958774"
-estudio.entresitio-,architectural_designer,http://www.entresitio.com/,2,,Madrid,"40,4200443","-3,7042056"
1auno Proyectos de Arquitectura y Construccion,architectural_designer,https://linktr.ee/1auno_bim,2,,Madrid,"40,4172108","-3,7115893"
2 a+i Ingeniería y Arquitectura,architectural_designer,http://www.2amasi.es/,2,,Madrid,"40,39738","-3,71694"
Abarrategui,architectural_designer,http://www.abarrategui.es/,2,,Madrid,"40,4382051","-3,6931673"
AbV Arquitectos,architectural_designer,http://www.abvarquitectos.es/,2,,Madrid,"40,5049618","-3,7043964"
Acglobalarquitectos,architectural_designer,https://www.acglobalarquitectos.com/,2,,Madrid,"40,3883127","-3,6898844"
ACTEMA Arquitectura,architectural_designer,Ingen webbplats,2,,Madrid,"40,4049646","-3,6976281"
Ad Arquitectura Urbana,architectural_designer,http://adarquitecturaurbana.com/,2,,Madrid,"40,4220132","-3,7090563"
Aedific,architectural_designer,http://www.aedific.es/,2,,Madrid,"40,4292","-3,66416"
Agora Arquitectura,architectural_designer,http://agoraarquitectura.es/,2,,Madrid,"40,4785129","-3,631565"
Aidhos,architectural_designer,http://www.aidhos.com/,2,,Madrid,"40,4239943","-3,6869767"
Alberich - Rodriguez Arquitectos,architectural_designer,http://www.alberich-rodriguez.com/,2,,Madrid,"40,4120225","-3,6679691"
Alfaro y de Castro,architectural_designer,http://www.alfaroydecastro.com/,2,,Madrid,"40,48855","-3,6714"
Álvarez Sotelo Arquitectos,architectural_designer,http://www.alvarezsotelo.com/,2,,Madrid,"40,4380224","-3,6814928"
Amaide. Rehabilitación y Eficiencia Energética,architectural_designer,http://www.amaide.es/,2,,Madrid,"40,4130036","-3,7181862"
Ammplio,architectural_designer,http://www.ammplio.com/,2,,Madrid,"40,4165735","-3,7010519"
Antana Arquitectura y Construcción,architectural_designer,http://www.antana.es/,2,,Madrid,"40,4265449","-3,6797802"
ApuntoArquitectura,architectural_designer,http://www.apuntoarquitectura.com/,2,,Madrid,"40,4005092","-3,7011502"
Arbeco Arquitectura,architectural_designer,http://www.arbeco.es/,2,,Madrid,"40,439632","-3,7120024"
Arete Arquitectura Técnica,architectural_designer,http://www.arete-at.com,,,Madrid,"40,37943","-3,79011"
Árgola Arquitectos,architectural_designer,http://www.argolaarquitectos.com/,,,Madrid,"40,4305677","-3,7031192"
Arkitools,architectural_designer,http://www.arkitools.com/,2,,Madrid,"40,4120727","-3,675474"
Aroca Baudet Arquitectos,architectural_designer,http://www.arocabaudet.com,2,,Madrid,"40,41182","-3,6940499"
ArqMex JM,architectural_designer,Ingen webbplats,2,,Madrid,"40,445879","-3,690598"
Arquiestudio Heras,architectural_designer,http://www.arquiestudioheras.com/,2,,Madrid,"40,422399","-3,7017332"
Arquimia Arquitectos,architectural_designer,http://www.arquimia.es/,2,,Madrid,"40,4195754","-3,7031531"
Arquisemia S.L.P.,architectural_designer,http://www.arquisemia.es/,2,,Madrid,"40,4508222","-3,7060569"
Arquitectos Urbanistas e Ingenieros Asociados,architectural_designer,http://www.auia.es,2,,Madrid,"40,456594","-3,648993"
Arquitectura y reformas Manuel,architectural_designer,Ingen webbplats,2,,Madrid,"40,42613","-3,68189"
Arquivio Arquitectura,architectural_designer,http://www.arquivio.com,2,,Madrid,"40,4174429","-3,6782719"
Arquivir Arquitectos,architectural_designer,http://www.arquivir.com/,,,Madrid,"40,4634422","-3,6840411"
Arsitek Casas Autosuficientes Luis Altafaj Gomez,architectural_designer,https://luisaltafaj.com/,2,,Madrid,"40,4785649","-3,6290551"
At+a,architectural_designer,http://www.them.team/,2,,Madrid,"40,45955","-3,69805"
ATC arquitectura,architectural_designer,https://atcarquitectura.es/,2,,Madrid,"40,4188745","-3,7014375"
AVA-studio,architectural_designer,http://www.estudio-ava.com/,2,,Madrid,"40,3993462","-3,6951828"
B+R Arquitectos Asociados,architectural_designer,http://www.bmasr.es/,2,,Madrid,"40,4223675","-3,6808077"
Bajareque,architectural_designer,Ingen webbplats,2,,Madrid,"40,45213","-3,697979"
Baquerizo Cruz y Petrement Arquitectos,architectural_designer,http://cruzneilaarquitectura.com/,2,,Madrid,"40,4515498","-3,7850595"
Baroja Estevez del Valle Arquitectos,architectural_designer,http://www.bedv.es/,2,,Madrid,"40,4235546","-3,7065861"
BAYD,architectural_designer,https://www.bayd.es/,2,,Madrid,"40,47108","-3,78812"
Berriochoa Sanchez Moreno Valentin,architectural_designer,Ingen webbplats,2,,Madrid,"40,4193465","-3,6734168"
Bimlennial,architectural_designer,http://www.bimlennial.com/,2,,Madrid,"40,4504369","-3,6929308"
Biohabitat,architectural_designer,http://www.biohabitat.com/,2,,Madrid,"40,4362793","-3,6965184"
BonsaiArquitectura,architectural_designer,http://www.bonsaiarquitectura.com/,2,,Madrid,"40,42545","-3,68286"
BSoD_raum,architectural_designer,http://www.bsodr.com/,2,,Madrid,"40,4315481","-3,7055604"
Bueso Inchasusti & Rein Arquitectos,architectural_designer,http://www.buesoinchausti-rein.com,2,,Madrid,"40,4635495","-3,6820612"
Burgos y Garrido Arquitectos,architectural_designer,http://www.burgos-garrido.com,2,,Madrid,"40,428465","-3,7306865"
C 23 Arquitectos,architectural_designer,http://www.c23arquitectos.es,2,,Madrid,"40,4965582","-3,7049328"
Cano y Escario Arquitectura,architectural_designer,http://canoyescario.es/,2,,Madrid,"40,4564811","-3,6591006"
Castiñeira Etcheverria Gonzalo,architectural_designer,http://www.gcastineira.com,2,,Madrid,"40,466117","-3,716596"
CDE Arquitectura,architectural_designer,http://www.cdearquitectura.com/,2,,Madrid,"40,4382183","-3,6217213"
Cenergetica,architectural_designer,https://www.cenergetica.es/,2,,Madrid,"40,4381678","-3,6218283"
"Centeno Arquitectos, SLP",architectural_designer,http://www.centenoarquitectos.com/,2,,Madrid,"40,4564454","-3,6705969"
Centro Armario,architectural_designer,http://www.centroarmario.com/,2,,Madrid,"40,4167466","-3,6750908"
Chapman Taylor Madrid Studio,architectural_designer,http://www.chapmantaylor.com/,2,,Madrid,"40,4238206","-3,6906981"
Código Arquitectura,architectural_designer,http://www.codigoarquitectura.com/,2,,Madrid,"40,437363","-3,711403"
Consulting Alhambra,architectural_designer,http://www.alhambrasl.net/,2,,Madrid,"40,48235","-3,72792"
Copa Estudio,architectural_designer,Ingen webbplats,2,,Madrid,"40,4689557","-3,6616576"
Cosentino,architectural_designer,http://city.cosentino.com/en/app/city/madrid,,,Madrid,"40,447997","-3,6902157"
Covarrubias Urbanismo,architectural_designer,Ingen webbplats,2,,Madrid,"40,4312611","-3,6982101"
Cristina Beltran Arquitectos,architectural_designer,http://www.cristinabeltranarquitectos.com,2,,Madrid,"40,4598009","-3,6905056"
CROD Arquitectura,architectural_designer,http://www.crod.es/,2,,Madrid,"40,4635079","-3,6717402"
Cruz y Ortiz Arquitectos,architectural_designer,http://www.cruzyortiz.com/,2,,Madrid,"40,4364954","-3,600769"
CSO Arquitectura,architectural_designer,http://www.csoarquitectura.com/,2,,Madrid,"40,4118786","-3,6984444"
Curt Arquitectura,architectural_designer,http://curtarquitectura.com/,2,,Madrid,"40,4285798","-3,7030753"
Davidedavid,architectural_designer,http://www.davidedavid.com/,2,,Madrid,"40,4263646","-3,6986468"
De Lapuerta Campo Arquitectos,architectural_designer,http://www.delapuerta.com/,2,,Madrid,"40,4734287","-3,6883807"
Deo Plus,architectural_designer,Ingen webbplats,2,,Madrid,"40,50184","-3,66874"
Digital Architects - Renders 3D,architectural_designer,https://digitalarchitects.es/,2,,Madrid,"40,44814","-3,596"
DL Interiorismo Madrid,architectural_designer,http://www.dlinteriorismo.com/,2,,Madrid,"40,4286766","-3,6888741"
DMDVA,architectural_designer,https://www.arquitectosdmdv.com/,2,,Madrid,"40,4381508","-3,62183"
DOSIS,architectural_designer,http://www.dosis.es/,,,Madrid,"40,4517711","-3,7666145"
DSarquitectura,architectural_designer,http://dsarquitectura.es/,2,,Madrid,"40,4039511","-3,7036108"
EAI arquitectura S.L.P.,architectural_designer,http://www.eaiarquitectura.es/,2,,Madrid,"40,4409728","-3,6619859"
Echevarria Sainz Federico,architectural_designer,http://www.fechevarria.org/,2,,Madrid,"40,4570323","-3,6788512"
Elebé Arquitectura,architectural_designer,http://elebearquitectura.com/,2,,Madrid,"40,45434","-3,66633"
Eledoce Arquitectura & Interiorismo,architectural_designer,http://www.eledoce.com/,2,,Madrid,"40,4387432","-3,7085552"
Emmanuel Romero Arquitectos,architectural_designer,http://www.emmanuelromero.net/,2,,Madrid,"40,427203","-3,6852459"
Enero Arquitectura,architectural_designer,http://www.eneroarquitectura.com/,2,,Madrid,"40,4298294","-3,6557653"
Espacia,architectural_designer,http://www.espacia.es/,2,,Madrid,"40,4387607","-3,7093172"
Estoa,architectural_designer,http://www.estoa.es/,2,,Madrid,"40,4611416","-3,6724056"
Estudio Arquitectura Hago,architectural_designer,http://www.estudiohago.com/,2,,Madrid,"40,4362376","-3,671828"
Estudio b76,architectural_designer,http://www.estudiob76.com/,2,,Madrid,"40,4625497","-3,7006741"
Estudio Cano Lasso Arquitectos,architectural_designer,http://canolasso.com/,2,,Madrid,"40,42296","-3,694043"
Estudio Caramba,architectural_designer,https://www.estudiocaramba.com/,2,,Madrid,"40,438089","-3,6941893"
Estudio Crearte,architectural_designer,http://www.estudiocrearte.es/,2,,Madrid,"40,429903","-3,6999141"
Estudio Jaén Arquitectos,architectural_designer,http://www.estudiojaen.com/,2,,Madrid,"40,4502357","-3,6727774"
Estudio Lamela,architectural_designer,http://www.lamela.com/,2,,Madrid,"40,4511466","-3,6204427"
Estudio López-Amor,architectural_designer,http://www.lopezamor.com/,2,,Madrid,"40,4267871","-3,719459"
Estudio Oliver,architectural_designer,http://www.estudio-oliver.com,2,,Madrid,"40,4529457","-3,6395072"
Estudio Sáenz De Oiza Arquitectos,architectural_designer,Ingen webbplats,2,,Madrid,"40,4317612","-3,6955952"
Estudio Serta Arquitectos,architectural_designer,http://www.serta.es/,2,,Madrid,"40,4518941","-3,6676303"
Estudio SIC,architectural_designer,http://www.estudiosic.es/,2,,Madrid,"40,4117113","-3,6983482"
estudioAMA | Arquitectos,architectural_designer,https://estudioama.es/,2,,Madrid,"40,4224939","-3,6843709"
Febrero Studio,architectural_designer,http://febrerostudio.com/,2,,Madrid,"40,4225701","-3,6943404"
FEIXArquitectura,architectural_designer,http://www.feixarquitectura.com/,2,,Madrid,"40,4267095","-3,7166039"
Firenze Progetti España,architectural_designer,http://www.firenze-progetti.com,2,,Madrid,"40,461226","-3,693972"
Fraile+Jordán. Arquitectos.,architectural_designer,http://fraile-jordan.com/,2,,Madrid,"40,4361725","-3,6877187"
Fundacion Alejandro de la Sota,architectural_designer,http://www.alejandrodelasota.org/,2,,Madrid,"40,4392288","-3,6922838"
Fundación Arquitectura COAM,architectural_designer,https://www.fundacioncoam.org/,2,,Madrid,"40,4240076","-3,6984718"
Gesyarq - Gestión y arquitectura,architectural_designer,http://www.arquitecturagesyarq.com/,2,,Madrid,"40,4307178","-3,683557"
Ghg Arquitectos,architectural_designer,http://www.ghgarquitectos.com/,2,,Madrid,"40,3993996","-3,6879648"
Glas Arquitectura,architectural_designer,Ingen webbplats,2,,Madrid,"40,4404221","-3,7089133"
GLM Home Design,architectural_designer,http://glmhome.com/,2,,Madrid,"40,4165315","-3,6711232"
GMT Architecture & Design,architectural_designer,http://www.gmtmasarquitectos.com/,2,,Madrid,"40,4117901","-3,6983583"
GRUPO ByR,architectural_designer,https://todoautocadyarquitectura.blogspot.com/,2,,Madrid,"40,3852419","-3,663405"
GS Arquitectos,architectural_designer,http://www.gsarquitectos.com/,2,,Madrid,"40,4163637","-3,7050305"
Hans Abaton,architectural_designer,https://www.instagram.com/hans_abaton/?hl=es,2,,Madrid,"40,4102306","-3,6932285"
Hollegha arquitectos,architectural_designer,https://hollegha.com/,2,,Madrid,"40,4776416","-3,7274877"
Icaras 3D,architectural_designer,http://www.icarasarquitectura.com/,2,,Madrid,"40,398301","-3,6714847"
InsosGroup,architectural_designer,http://www.certificadoenergeticomadrid.eu/,2,,Madrid,"40,3999433","-3,7212903"
Iraxxxdios,architectural_designer,https://iraxxxdios.com/,2,,Madrid,"40,415675","-3,7050963"
ITE Edificios Madrid,architectural_designer,http://www.iteedificiosmadrid.com/,2,,Madrid,"40,4515064","-3,7013208"
Jara de Aguinaga S.L.,architectural_designer,http://jaradeaguinaga.es/,2,,Madrid,"40,4360706","-3,6984759"
Jean Porsche Arquitectura + Interiores,architectural_designer,http://www.jeanporsche.com/,2,,Madrid,"40,4280716","-3,6815388"
JMB Arquitectura y Urbanismo,architectural_designer,http://www.jmbarquitectura.com/,2,,Madrid,"40,4068735","-3,7167663"
josé manuel sanz arquitectos,architectural_designer,http://www.josemanuelsanz.com/,2,,Madrid,"40,4884898","-3,6713198"
KAL A,architectural_designer,http://www.kal-a.com/,2,,Madrid,"40,4386434","-3,6655218"
La Reina Obrera,architectural_designer,http://www.lareinaobrera.com/,2,,Madrid,"40,3947102","-3,7077482"
Later Arquitectura y Construcción S.A.,architectural_designer,http://www.later.es/,2,,Madrid,"40,384475","-3,687072"
Lopez y Tena Arquitectos,architectural_designer,http://www.lopezytena.es/,2,,Madrid,"40,469802","-3,6871646"
lorca_studio,architectural_designer,http://www.lorca.studio/,2,,Madrid,"40,4249579","-3,6975301"
Lorenzo Alonso Arquitectos,architectural_designer,http://www.lorenzoalonsoarquitectos.com/,2,,Madrid,"40,4377843","-3,6734254"
LourdesMN Architecture + Design,architectural_designer,https://lourdesmartineznieto.com/,2,,Madrid,"40,44306","-3,69816"
luis vidal + architects,architectural_designer,https://linktr.ee/luisvidalarchitects,2,,Madrid,"40,4294845","-3,6836828"
Made Home Arquitectura,architectural_designer,http://www.madehome.es/,2,,Madrid,"40,3915048","-3,7153345"
Magrippa Coster,architectural_designer,Ingen webbplats,2,,Madrid,"40,4340199","-3,6944081"
Maralb Arquitectos,architectural_designer,https://maralb.es/,2,,Madrid,"40,4352","-3,71682"
Maroto e Ibañez Arquitectos,architectural_designer,http://www.meiarquitectos.com/,2,,Madrid,"40,4243543","-3,6953033"
MartaOark,architectural_designer,http://www.espaciogo.com/,2,,Madrid,"40,43113","-3,69157"
Martín de Lucio Arquitectos,architectural_designer,http://www.martindelucio.com/,2,,Madrid,"40,4389832","-3,7083748"
Master Makers,architectural_designer,http://www.themastermakers.com/,2,,Madrid,"40,4261528","-3,6818537"
Materia Showroom,architectural_designer,https://www.materia.es/,2,,Madrid,"40,4224161","-3,680831"
Matos+Castillo arquitectos,architectural_designer,http://www.matoscastillo.com/,2,,Madrid,"40,4587884","-3,7810212"
Matter Madrid,architectural_designer,http://matter.group/,2,,Madrid,"40,4273093","-3,6863513"
Medd España,architectural_designer,http://www.medd-design.com/es,2,,Madrid,"40,46236","-3,68901"
Mendaro Arquitectos,architectural_designer,Ingen webbplats,2,,Madrid,"40,4577397","-3,66542"
Michelangeli design,architectural_designer,http://www.michelangeli.design/,2,,Madrid,"40,45537","-3,64848"
Moneo Brock,architectural_designer,http://www.moneobrock.com/,2,,Madrid,"40,4480065","-3,6742166"
Morph Estudio,architectural_designer,http://www.morphestudio.es/,2,,Madrid,"40,4213419","-3,6746321"
Mtres Studio,architectural_designer,http://www.mtresstudio.com/,2,,Madrid,"40,4591813","-3,7819919"
Mukarna,architectural_designer,http://mukarna.es/,2,,Madrid,"40,4277545","-3,7080218"
MVN Arquitectos,architectural_designer,http://www.mvn-arquitectos.com/,2,,Madrid,"40,4483518","-3,7118442"
Nieto Sobejano Arquitectos,architectural_designer,https://nietosobejano.com/default.aspx,2,,Madrid,"40,4534581","-3,6806739"
NMarquitectura,architectural_designer,https://nmarquitectura.com/,2,,Madrid,"40,4879578","-3,6662625"
NorthView,architectural_designer,http://northview.es/,2,,Madrid,"40,42189","-3,69727"
Nuevos Desarrollos Urbanisticos,architectural_designer,http://Www.nds-ingenieria.com/,2,,Madrid,"40,4623659","-3,6902359"
Off Project,architectural_designer,http://www.offproject.com/,2,,Madrid,"40,4683323","-3,6978722"
oficina 4play arquitectura,architectural_designer,http://www.oficina4play.com/,2,,Madrid,"40,453964","-3,70135"
Pablo Echávarri arquitectura,architectural_designer,http://www.behance.net/pabloechavarri,2,,Madrid,"40,4405436","-3,6772066"
Parra-Müller Arquitectura de Maternidades,architectural_designer,http://www.arquitecturadematernidades.es/,2,,Madrid,"40,4929882","-3,6950605"
Pesquera Ulargui arquitectos,architectural_designer,http://www.uparquitectos.com/,2,,Madrid,"40,4336183","-3,7095624"
PEZarquitectos SLP,architectural_designer,http://www.pezarquitectos.com/,,,Madrid,"40,4191467","-3,7091772"
Portico Arquiresa,architectural_designer,http://www.arquiresa.com/,2,,Madrid,"40,4529846","-3,7107594"
PRÁCTICA,architectural_designer,http://www.studiopractica.com/,2,,Madrid,"40,4292708","-3,7006361"
Proarq Arquitectura y Urbanismo,architectural_designer,http://www.proarq-arquitectura.com/,2,,Madrid,"40,432531","-3,6998372"
Rada & Muller Arquitectos,architectural_designer,http://www.radamuller.com/,2,,Madrid,"40,4468082","-3,6812171"
Ramamil - Arquitectura,architectural_designer,http://ramamil.es/,2,,Madrid,"40,4019354","-3,6956792"
RAUM 41-42,architectural_designer,http://www.raum4142.com/,2,,Madrid,"40,4363225","-3,6965594"
Reformmia arquitectura y diseño,architectural_designer,http://www.reformmia.com/,2,,Madrid,"40,4093704","-3,6653111"
Rehabitar Gestión,architectural_designer,http://www.rhg.es/,2,,Madrid,"40,43558","-3,656947"
reset arquitectura,architectural_designer,http://www.resetland.com/,2,,Madrid,"40,4212503","-3,6972426"
Rockwell Group Europe,architectural_designer,http://www.rockwellgroup.com,2,,Madrid,"40,4179661","-3,6995654"
RUA Rehabilitación Urbanismo Arquitectura,architectural_designer,Ingen webbplats,2,,Madrid,"40,423385","-3,723418"
Rubio Arquitectura,architectural_designer,https://rubioarquitectura.com/,2,,Madrid,"40,4249393","-3,6842925"
Rueda y Vega Arquitectos,architectural_designer,http://www.ruedavega.com/,2,,Madrid,"40,4430759","-3,694981"
Ruiz Albusac Arquitectos,architectural_designer,http://www.ruizalbusac.com/,2,,Madrid,"40,4364549","-3,7134365"
Sanchez-blanco Arquitectos,architectural_designer,http://sanchezblanco.es,2,,Madrid,"40,455487","-3,652983"
Santafé Arquitectos,architectural_designer,https://santafearquitectos.com/,2,,Madrid,"40,42928","-3,65344"
Selgascano S L N E,architectural_designer,http://www.selgascano.net,2,,Madrid,"40,47371","-3,81847"
Stock Investment Club,architectural_designer,http://www.unarquitectos.com/,2,,Madrid,"40,4197502","-3,70597"
Suma Arquitectura,architectural_designer,http://www.sumaarquitectura.eu/,2,,Madrid,"40,4498187","-3,6483722"
Suma de Arquitectura e Ingenieria,architectural_designer,http://www.arquitecturamasingenieria.com,2,,Madrid,"40,420361","-3,678373"
SVAM Arquitectos,architectural_designer,http://www.svamarquitectos.com/,2,,Madrid,"40,4419628","-3,6693225"
Tallerde2 Architects,architectural_designer,http://www.tallerde2.com/,2,,Madrid,"40,4488","-3,70894"
Taujel,architectural_designer,http://www.taujel.com/,2,,Madrid,"40,447827","-3,69604"
Tectum arquitectura,architectural_designer,https://tectumarquitectura.com/,2,,Madrid,"40,4357117","-3,6897091"
"Tedaso, S.L.",architectural_designer,http://www.tedaso.com/,2,,Madrid,"40,462753","-3,694035"
THIRD,architectural_designer,https://thethird.de/,2,,Madrid,"40,4208823","-3,7095514"
Toledo Ruiz Angel,architectural_designer,Ingen webbplats,2,,Madrid,"40,3942011","-3,7077147"
Touza Arquitectos,architectural_designer,http://www.touza.com/,2,,Madrid,"40,4492089","-3,6959587"
Uriel y del Valle,architectural_designer,http://urielydelvalle.es/,2,,Madrid,"40,4265395","-3,7104513"
VA Arquitectura,architectural_designer,http://www.vaarquitectura.es/,2,,Madrid,"40,4285545","-3,717267"
Veidimanna Protum arquitectos,architectural_designer,http://www.veidimannaprotum.com/,2,,Madrid,"40,4130557","-3,6983509"
Ventura,architectural_designer,http://www.venturaestudio.com/,2,,Madrid,"40,4154701","-3,6989901"
Villares y Viñas Arquitectos,architectural_designer,http://www.d3arquitectura.com,2,,Madrid,"40,390657","-3,755488"
Vortical Arquitectura,architectural_designer,http://www.vortical.es/,2,,Madrid,"40,447508","-3,70405"
Zamitt Studio,architectural_designer,http://zamitt.com/,2,,Madrid,"40,44653","-3,68187"
ZooCo estudio,architectural_designer,http://www.zooco.es/,2,,Madrid,"40,4292133","-3,7027061"
AFC Suelo y Urbanismo,architectural_tours,,2,,Madrid,"40,48754412","-3,716936311"
architoursmad,architectural_tours,https://architoursmad.es/,2,,Madrid,"40,4122845","-3,7038467"
AttiQStudio,architectural_tours,http://www.attiqstudio.es/,2,,Madrid,"40,37991","-3,77539"
"Comunidade de Madri, Comunidad de Madrid",architectural_tours,Ingen webbplats,2,,Madrid,"40,4168615","-3,7034655"
Mapout·Guides,architectural_tours,http://www.mapoutguides.com/,2,,Madrid,"40,41485","-3,72791"
Torres de Colón,architecture,http://esmadrid.com/,2,hay un museo de cera ali pero eso es todo,Madrid,"40,4257545","-3,6910087"
Atar Arquitectura,architecture_schools,http://www.atararquitectura.com/,2,,Madrid,"40,4423859","-3,6971723"
· VAN GOGH Art Gallery ·,art_gallery,http://vangoghartgallery.es/,,,Madrid,"40,4170263","-3,708188"
#ey!studio,art_gallery,http://www.eystudioart.com/,,,Madrid,"40,3930533","-3,7195423"
1 Mira Madrid,art_gallery,http://1miramadrid.com/,,,Madrid,"40,408058","-3,6987372"
1819. Art Gallery,art_gallery,http://www.1819.es/,,,Madrid,"40,4531602","-3,6978756"
2B space to be,art_gallery,https://spacetobe.art/,,,Madrid,"40,44798","-3,67422"
A Cuadros,art_gallery,http://www.a-cuadros.com/,,,Madrid,"40,4220638","-3,6967681"
A2 Estudio Legal,art_gallery,http://www.a2garage.com/,,,Madrid,"40,4240916","-3,6774356"
AAGalleryShop,art_gallery,https://aagalleryshop.com/,,,Madrid,"40,4481992","-3,6691076"
ABCDEspacio,art_gallery,http://www.abcdespacio.com/,,,Madrid,"40,4106724","-3,6946882"
Al fondo del patio,art_gallery,http://www.alfondodelpatio.es,,,Madrid,"40,412933","-3,704776"
Alan Lacke Cairo,art_gallery,https://www.alanlacke.com/,,,Madrid,"40,36952","-3,71749"
Albarrán Bourdais,art_gallery,http://albarran-bourdais.com/es/about/,,,Madrid,"40,4211999","-3,6957402"
Alfonso Xiii,art_gallery,Ingen webbplats,2,,Madrid,"40,424484","-3,685592"
Alma Sorolla Arte,art_gallery,http://www.almasorolla.es/,,,Madrid,"40,4259688","-3,6616711"
AlvaroArte,art_gallery,http://www.alvaroabadarte.com/,,,Madrid,"40,38826","-3,76091"
AMASARTE,art_gallery,http://www.amasarte.com/,,,Madrid,"40,4468","-3,67183"
Amazink,art_gallery,http://www.amazinkprintstudio.com/,,,Madrid,"40,4094138","-3,717308"
Ansorena Galería de Arte,art_gallery,http://www.ansorena.com/,,,Madrid,"40,4195179","-3,6911222"
Anticnova Art Gallery,art_gallery,https://www.todocoleccion.net/usuario/anticnova_finearts,,,Madrid,"40,4092212","-3,7078031"
Arjonilla,art_gallery,Ingen webbplats,2,,Madrid,"40,4262","-3,68349"
ARMA Gallery,art_gallery,https://www.armagallery.com/,,,Madrid,"40,4225874","-3,7015275"
Arma Gallery,art_gallery,https://www.armagallery.com/,,,Madrid,"40,4701511","-3,6852166"
Art deco gallery,art_gallery,http://Www.artdecogallery.es/,,,Madrid,"40,4262703","-3,6837314"
Arte 10 Galería,art_gallery,https://www.arte10galeria.com/,,,Madrid,"40,4686105","-3,729481"
Arte Aguado la Boutique del Cuadro,art_gallery,http://www.arteaguado.com/,,,Madrid,"40,4701323","-3,6893211"
Arte B,art_gallery,https://artebdecoracion.com/,,,Madrid,"40,3998288","-3,6691201"
Arte Contemporáneo,art_gallery,http://teresapalazon.wix.com/artistacontemporanea,,,Madrid,"40,4115","-3,69567"
ARTE Duayer,art_gallery,http://www.arteduayer.com/,,,Madrid,"40,426445","-3,674123"
Arte Siglo XX,art_gallery,http://www.artesigloxx.es/,,,Madrid,"40,4288432","-3,7159193"
Artec Exposiciones,art_gallery,http://www.artecexposiciones.es/,,,Madrid,"40,4010887","-3,7076399"
ArtePaso,art_gallery,http://www.artepaso.com/,,,Madrid,"40,423451","-3,692661"
Artetrama,art_gallery,https://www.artetrama.com/,,,Madrid,"40,4300924","-3,7209805"
Artist Feria Experience,art_gallery,https://artistsexperience.com/,,,Madrid,"40,4446701","-3,6958048"
ArtMadrid,art_gallery,Ingen webbplats,2,feria,Madrid,"40,418837","-3,691884"
Arts & Gallery Café Lounge,art_gallery,Ingen webbplats,,,Madrid,"40,44809","-3,712014"
Artshed Estudio,art_gallery,http://www.artshed.es/,,,Madrid,"40,4235266","-3,6826515"
ASPA Contemporary / Galería de arte,art_gallery,http://www.aspacontemporary.com/,,,Madrid,"40,4318933","-3,7105826"
aurora_canero,art_gallery,http://www.auroracanero.com/,,,Madrid,"40,5513956","-3,7937069"
Avatarte,art_gallery,http://www.avatarte.es/,,,Madrid,"40,4552772","-3,5924423"
Azteca Pintura2,art_gallery,Ingen webbplats,,,Madrid,"40,4294213","-3,6013088"
Bacbac Estudio,art_gallery,http://www.bacbac.es/,,,Madrid,"40,4421108","-3,6812201"
Balboa 13,art_gallery,Ingen webbplats,2,,Madrid,"40,42288","-3,68306"
Bate Social Store,art_gallery,https://socialstore.bate.work/,,,Madrid,"40,4130428","-3,6980169"
Belarde 20,art_gallery,Ingen webbplats,2,,Madrid,"40,426911","-3,70325"
Belen Artspace,art_gallery,https://belenartspace.com/,,,Madrid,"40,4242998","-3,6967491"
Benveniste Contemporary,art_gallery,http://www.benveniste.com/,,,Madrid,"40,3908122","-3,7325328"
Black Balance Studio,art_gallery,http://blackbalanceclub.com/,,,Madrid,"40,4115759","-3,7009935"
BLACK COCO,art_gallery,http://blackcoco.store/,,,Madrid,"40,4672805","-3,6974686"
Blanca Berlín,art_gallery,http://www.blancaberlingaleria.com/,,,Madrid,"40,4271364","-3,7101858"
Brita Prinz arte,art_gallery,http://www.britaprinzarte.com/,,,Madrid,"40,4226124","-3,6959475"
BuySculpture,art_gallery,https://buysculpture.com/,,,Madrid,"40,43266","-3,63773"
Calle Ruiz de Alarcón 27,art_gallery,Ingen webbplats,2,,Madrid,"40,41287","-3,6913"
Camara Oscura Galeria de Arte,art_gallery,http://www.camaraoscura.net/,,,Madrid,"40,4112653","-3,6938569"
Canal Isabel II,art_gallery,Ingen webbplats,2,"duplicado (it refers to Sala Canal de Isabel II, further mentioned https://www.fundacioncanal.com )",Madrid,"40,43212","-3,69777"
Captaloona Art Gallery,art_gallery,https://captaloona.com/,,,Madrid,"40,4360551","-3,7143572"
Casa de las Alhajas,art_gallery,http://www.lasalhajas.es/,,,Madrid,"40,418131","-3,707026"
Casa sin fin,art_gallery,http://www.casasinfin.com/,,,Madrid,"40,40855","-3,69592"
Casasur Art lab & Gallery,art_gallery,https://www.casasurmadrid.com/,,,Madrid,"40,4250399","-3,7061107"
Castello Cuatro,art_gallery,www.castello4.es,,,Madrid,"40,422615","-3,681539"
Centro de Arte Moderno,art_gallery,http://www.libreriadelcentro.es/,,,Madrid,"40,4341743","-3,7168945"
Centro de Estetica y Belleza Nieves de Antonio,art_gallery,http://nievesdeantonio.es,,,Madrid,"40,3944604","-3,6614729"
Centro de Exposiciones Arte Canal,art_gallery,https://www.fundacioncanal.com/somosagua,,,Madrid,"40,4640432","-3,6885787"
CentroCentro,art_gallery,http://www.centrocentro.org/,,,Madrid,"40,419046","-3,6921859"
Cerquone Projects,art_gallery,Ingen webbplats,,,Madrid,"40,4409502","-3,6794079"
Ciento y pico,art_gallery,http://www.cientoypico.com/,,,Madrid,"40,4268188","-3,7026912"
Cinco Tejas,art_gallery,Ingen webbplats,,,Madrid,"40,4093245","-3,7094958"
Clinica Doctor Seraqui,art_gallery,Ingen webbplats,2,,Madrid,"40,431435","-3,684268"
Codocóncodo,art_gallery,Ingen webbplats,2,"coworking, not art galery ",Madrid,"40,4083682","-3,7094995"
Coleccion de Marcos Cano,art_gallery,http://www.mcu.es,,,Madrid,"40,426922","-3,68418"
Columnario,art_gallery,https://columnario.art/home-2/,,,Madrid,"40,433161","-3,6941455"
CRAFT and BEER,art_gallery,https://coolinquieto.es/craftbeer/,,,Madrid,"40,4243854","-3,7068241"
Creatitis Art Lab,art_gallery,https://creatitis.com/,,,Madrid,"40,4235122","-3,6999886"
DDR Art Gallery,art_gallery,https://ddrartgallery.com/,,,Madrid,"40,4106248","-3,7062241"
Despacio Arte y Vino,art_gallery,http://www.bodegabierta.es/,,,Madrid,"40,4256311","-3,7047969"
Despliegue,art_gallery,http://espaciodespliegue.tumblr.com/,,,Madrid,"40,4075203","-3,6994801"
Digi Art Retratos Y Dibujos Digitales,art_gallery,https://digi-art-retratos-y-dibujos-digitales.ueniweb.com/,,,Madrid,"40,4469317","-3,7159438"
Dionis Bennassar Galeria de Arte,art_gallery,http://www.dionisbennassar.com,,,Madrid,"40,4249112","-3,6983698"
Dondelpulpo PEPA COB,art_gallery,http://www.dondelpulpo.com/,,,Madrid,"40,41076","-3,70315"
Durán Arte y Subastas,art_gallery,https://linktr.ee/duransubastas,,,Madrid,"40,4255178","-3,6866363"
Ediciones Escultura Histórica,art_gallery,https://www.edicionesesculturahistorica.es/,,,Madrid,"40,4189328","-3,6893366"
Eka Moor Art,art_gallery,http://ekamoorartgallery.com/,,,Madrid,"40,4392874","-3,6935562"
El Amakzen,art_gallery,https://elamakzen.es/,,,Madrid,"40,4472217","-3,6737689"
El Enclave Academia de Arte,art_gallery,http://www.elenclave.es/,,,Madrid,"40,4238915","-3,6999691"
El Moderno Gallery,art_gallery,http://elmodernogallery.com/,,,Madrid,"40,4118034","-3,7103619"
Eliche Arte y Antigüedades,art_gallery,http://www.eliche.es/,,,Madrid,"40,4086249","-3,7088287"
emotion artgallery,art_gallery,http://www.emotionartgallery.es/,,,Madrid,"40,44148","-3,7159"
Enmarca-T,art_gallery,Ingen webbplats,2,,Madrid,"40,4776743","-3,6707441"
Enmarcaciones Margharetta por Marien Sastre,art_gallery,http://www.margharetta.com/,2,,Madrid,"40,4541397","-3,6799938"
Esbozos - Estudio Taller de Arte,art_gallery,http://www.estudioesbozos.com/,,,Madrid,"40,4089212","-3,6654963"
Escuela de Arte El Estudio,art_gallery,http://www.el-estudio.org/,,,Madrid,"40,4148282","-3,6968152"
Escuela de Cine y Televisión Septima Ars de Madrid,art_gallery,https://www.septima-ars.com/,,,Madrid,"40,4536322","-3,6802645"
Espacio 51,art_gallery,Ingen webbplats,,,Madrid,"40,441931","-3,6818305"
Espacio 75,art_gallery,http://www.espacio75.com/,,,Madrid,"40,4367718","-3,6729099"
Espacio Ananas,art_gallery,http://www.espacioananasmadrid.com/,,,Madrid,"40,4272346","-3,7081047"
Espacio Ardearte,art_gallery,https://www.espacioardearte.com/,,,Madrid,"40,4339766","-3,6717397"
Espacio Bop,art_gallery,Ingen webbplats,,,Madrid,"40,4378174","-3,6733758"
Espacio Lobo,art_gallery,https://galerialobo.es/,,,Madrid,"40,4275213","-3,6811873"
Espacio Oculto Madrid,art_gallery,http://www.espacioocultomadrid.org/,,,Madrid,"40,385393","-3,7056126"
Espacio Primavera 9,art_gallery,https://espacioprimavera9.com/wp/,,,Madrid,"40,4095786","-3,7003466"
Espacio Ronda,art_gallery,http://espacioronda.com/,,,Madrid,"40,4070365","-3,7132345"
Espacio Valverde,art_gallery,http://www.espaciovalverde.es/,,,Madrid,"40,4225786","-3,7016142"
espaciopuntonemo,art_gallery,http://www.espaciopuntonemo.es/,,,Madrid,"40,4078816","-3,709798"
Espositivo,art_gallery,http://espositivo.es/,,,Madrid,"40,430632","-3,7010407"
Estampa Feria de Arte Contemporaneo,art_gallery,http://www.estampa.org,,,Madrid,"40,462753","-3,694035"
EstampArte,art_gallery,http://www.estamparte.com/,,,Madrid,"40,43128","-3,70271"
Estudio Albahaca,art_gallery,https://estudioalbahaca.blogspot.com/,,,Madrid,"40,4271852","-3,707652"
Estudio Estruga,art_gallery,http://www.oscarestruga.com/,,,Madrid,"40,41101","-3,69556"
Estudio Javier Viver,art_gallery,http://www.javierviver.com/,,,Madrid,"40,41265","-3,72546"
Estudio La Nave,art_gallery,http://www.estudiolanave.com/,2,,Madrid,"40,4096387","-3,7186839"
Expacio Ce Hache,art_gallery,https://twitter.com/eXpacioCeHache,,,Madrid,"40,44885","-3,70779"
F2 Galería,art_gallery,http://www.f2galeria.com/,,,Madrid,"40,4070994","-3,6992728"
Factoria de Arte y Desarrollo,art_gallery,http://www.factoriarte.com/,,,Madrid,"40,4223449","-3,7017766"
Factory of Dreams,art_gallery,http://factoryofdreams.art/,,,Madrid,"40,38906","-3,7020169"
Factum Arte,art_gallery,http://www.factum-arte.com,,,Madrid,"40,438651","-3,716478"
Fan de Fantastica,art_gallery,http://www.fandefantastica.es/,,,Madrid,"40,46814","-3,6621"
Feel&Flow Galería de Arte,art_gallery,https://feelandflowgaleriadearte.wordpress.com/,,,Madrid,"40,4124203","-3,6964196"
Feria ARCO,art_gallery,https://www.ifema.es/arco-lisboa,,,Madrid,"40,46985","-3,618652"
Feria Internacional de Arte Contemporáneo,art_gallery,Ingen webbplats,,,Madrid,"40,469821","-3,616154"
FERIARTE,art_gallery,https://www.ifema.es/feriarte,,,Madrid,"40,466721","-3,618115"
Flecha,art_gallery,https://flecha.es/,,,Madrid,"40,4438041","-3,6796745"
Florin Antiques,art_gallery,http://www.florinantiques.com/,,,Madrid,"40,42329","-3,69244"
Fomentarte,art_gallery,http://fomentarte.es/,,,Madrid,"40,49554","-3,6816055"
Formato Cómodo,art_gallery,http://www.formatocomodo.com/,,,Madrid,"40,4138799","-3,69847"
"Fundación Dearte Contemporáneo, Fundación Para el Fomento y Promoción del Arte Español",art_gallery,http://dearte.info/,,,Madrid,"40,42492","-3,698346"
GA Galería de Arte,art_gallery,http://www.galeriadearte.es/,,,Madrid,"40,43244","-3,70192"
Galeria A. Coello de Portugal,art_gallery,http://www.antoniocoellodeportugal.com/,,,Madrid,"40,4345713","-3,6853438"
Galería Álvaro Alcázar,art_gallery,http://www.galeriaalvaroalcazar.com/,,,Madrid,"40,4341436","-3,6725235"
Galeria Antonio de Suñer,art_gallery,http://www.galeriadesuner.com,,,Madrid,"40,4239933","-3,6957037"
Galería Antonio Machón,art_gallery,http://www.antoniomachon.com,,,Madrid,"40,4229235","-3,6940834"
Galeria Azur Madrid,art_gallery,Ingen webbplats,,,Madrid,"40,422418","-3,6966072"
Galeria Azur New York,art_gallery,https://galeriaazur.art/us,,,Madrid,"40,4221713","-3,6966052"
Galeria Bat Alberto Cornejo,art_gallery,http://www.galeriabat.com/,,,Madrid,"40,4440494","-3,6962637"
Galeria Begoña Malone,art_gallery,http://www.bmalone.com,,,Madrid,"40,4238","-3,69763"
Galería Belmonte,art_gallery,http://www.galeriabelmonte.com/,,,Madrid,"40,3904854","-3,7200109"
Galería Betty Guereta,art_gallery,http://www.galeriabettyguereta.com/,,,Madrid,"40,42992","-3,69509"
Galería Binomio,art_gallery,http://www.binomiogallery.com/,,,Madrid,"40,4161476","-3,711335"
Galería Blanca Soto Arte,art_gallery,http://www.galeriablancasoto.com/,,,Madrid,"40,4110807","-3,6943799"
Galeria Casado Santapau,art_gallery,http://www.casadosantapau.com/,,,Madrid,"40,4230562","-3,6952663"
Galeria Cero,art_gallery,Ingen webbplats,,,Madrid,"40,4064421","-3,6815742"
Galería Comercial,art_gallery,https://saladedespiece.com/,,,Madrid,"40,4186997","-3,6995451"
Galeria Cultural Dynasty,art_gallery,http://culturaldynasty.com/,,,Madrid,"40,4216954","-3,705721"
Galeria Daniel Cardani,art_gallery,http://www.danielcardani.com/,,,Madrid,"40,4558977","-3,6876749"
Galería de arte Ángeles Penche,art_gallery,http://www.angelespenche.es/,,,Madrid,"40,4268788","-3,6923312"
Galería de Arte David Bardía,art_gallery,http://www.davidbardia.com/,,,Madrid,"40,4222043","-3,6828517"
Galeria de Arte Eboli,art_gallery,http://www.galeriaeboli.com/,,,Madrid,"40,4168343","-3,7117056"
Galería de arte Francisco Duayer,art_gallery,Ingen webbplats,,,Madrid,"40,43348","-3,67695"
Galería de Arte Ignacio Redondo,art_gallery,http://WWW.IRFINEARTS.COM/,,,Madrid,"40,4309842","-3,6916349"
Galería de Arte Orellana-5,art_gallery,http://www.arte-orellana.es/,,,Madrid,"40,4272603","-3,6975969"
Galeria de Arte Santiago Echeberria,art_gallery,http://www.santiagoecheberria.com/,,,Madrid,"40,436833","-3,680689"
Galería Delgado,art_gallery,Ingen webbplats,,,Madrid,"40,419768","-3,7035572"
Galeria Diez,art_gallery,Ingen webbplats,,,Madrid,"40,4227818","-3,6996976"
Galería Earth Madrid,art_gallery,https://earth.io/,,,Madrid,"40,4232431","-3,707589"
Galería Échale Guindas,art_gallery,http://www.echaleguindas.com/,,,Madrid,"40,4243114","-3,6974296"
Galería Edurne,art_gallery,http://www.galeriaedurne.com,,,Madrid,"40,421676","-3,697258"
Galería Ehrhardt Flórez,art_gallery,http://www.ehrhardtflorez.com/,,,Madrid,"40,4249968","-3,6986448"
galería elba benitez,art_gallery,http://www.elbabenitez.com/,,,Madrid,"40,4250288","-3,6986944"
Galeria Elvira Gonzalez,art_gallery,http://www.galeriaelviragonzalez.com/,,,Madrid,"40,4272171","-3,6976502"
Galeria Ertl,art_gallery,https://galeriadearteertl.com/,,,Madrid,"40,4128345","-3,6905368"
Galería Espacio Landaburu,art_gallery,http://www.galeriaespaciolandaburu.com/,,,Madrid,"40,4110238","-3,7054217"
Galería Espacio Mínimo,art_gallery,https://www.espaciominimo.net/,,,Madrid,"40,4075577","-3,6971012"
Galeria Estampa,art_gallery,http://www.galeriaestampa.com/,,,Madrid,"40,4257783","-3,695207"
Galería Eva Ruiz,art_gallery,http://www.evaruizgaleria.com/,,,Madrid,"40,4087927","-3,6955446"
Galería Fernández-Braso,art_gallery,https://www.galeriafernandez-braso.com/,,,Madrid,"40,4223115","-3,6850121"
Galeria Fernando Pradilla,art_gallery,http://www.galeriafernandopradilla.com/,,,Madrid,"40,4229159","-3,6868484"
"Galeria Freijo, arte moderno y contemporaneo",art_gallery,http://www.galeriafreijo.com/,,,Madrid,"40,433564","-3,693199"
Galería Fúcares   Madrid/Almagro,art_gallery,http://www.fucares.com/,,,Madrid,"40,407154","-3,69925"
Galería Gaudí,art_gallery,http://www.galeriagaudi.net/,,,Madrid,"40,4365187","-3,6941301"
Galería Gotelé,art_gallery,Ingen webbplats,,,Madrid,"40,40913","-3,70479"
Galería Helga de Alvear,art_gallery,http://www.helgadealvear.com/,,,Madrid,"40,4082478","-3,6961691"
Galeria Hispanica,art_gallery,http://www.galeriahispanica.es/,,,Madrid,"40,4580701","-3,6673317"
Galería Javier Aranburu,art_gallery,https://javieraranburu.com/,,,Madrid,"40,4357222","-3,7131756"
Galeria Javier Lopez,art_gallery,http://es.javierlopezferfrances.com/gallery,,,Madrid,"40,4724221","-3,8140423"
Galeria Juan Gris,art_gallery,http://www.galeriafernandez-braso.com/,,,Madrid,"40,42236","-3,68652"
Galeria Juana de Aizpuru,art_gallery,http://www.juanadeaizpuru.com,,,Madrid,"40,424358","-3,6953321"
Galeria Kreisler,art_gallery,http://www.galeriakreisler.com,,,Madrid,"40,4264261","-3,6882937"
Galeria La Caja Negra,art_gallery,https://linktr.ee/galerialacajanegra,,,Madrid,"40,3916434","-3,7340277"
Galería La Isla,art_gallery,http://www.galerialaisla.com/,,,Madrid,"40,40866","-3,6952"
Galería La Zúa - Art Gallery,art_gallery,http://www.galerialazua.com/,,,Madrid,"40,4254816","-3,7152238"
Galería Leandro Navarro,art_gallery,http://www.leandro-navarro.com,,,Madrid,"40,4133182","-3,6981578"
Galeria Lisboa | Cultura & Arte Contemporaneo,art_gallery,http://www.galerialisboa.es/,,,Madrid,"40,421831","-3,700184"
Galería Lucía Mendoza,art_gallery,http://www.luciamendoza.es/,,,Madrid,"40,4234012","-3,6926654"
Galeria Luna13,art_gallery,http://www.luna13galeria.com,,,Madrid,"40,422462","-3,706349"
Galería Magda Bellotti,art_gallery,http://www.magdabellotti.com/,,,Madrid,"40,410896","-3,695759"
Galería Marina Contreras,art_gallery,https://www.marinacontreras.es/,,,Madrid,"40,4149399","-3,7107999"
Galería Marita Segovia,art_gallery,http://www.galeriamaritasegovia.com/,,,Madrid,"40,4216163","-3,6859097"
Galería Marlborough Madrid & Barcelona,art_gallery,http://www.galeriamarlborough.com/,,,Madrid,"40,4274388","-3,6929274"
Galeria Marmar,art_gallery,http://www.galeriamarmar.com/,,,Madrid,"40,4691691","-3,663764"
Galería Marta Cervera,art_gallery,http://www.martacerveragallery.com/,,,Madrid,"40,4065795","-3,6998462"
Galería Max Estrella,art_gallery,http://www.maxestrella.com/,,,Madrid,"40,4235643","-3,6950293"
Galería Memoria,art_gallery,https://www.galeriamemoria.com/,,,Madrid,"40,4231376","-3,6945725"
Galería Modus Operandi,art_gallery,http://www.artemodusoperandi.com/,,,Madrid,"40,41378","-3,6965281"
Galeria Moises Perez de Albeniz,art_gallery,http://www.galeriampa.com/,,,Madrid,"40,4074187","-3,697944"
Galería Montsequi,art_gallery,http://www.montsequi.com/,,,Madrid,"40,4409535","-3,6975233"
Galería Orfila,art_gallery,http://www.galeriaorfila.com/,,,Madrid,"40,4274099","-3,6931803"
Galería Patricia Acal,art_gallery,http://www.galeriapatriciaacal.com/,,,Madrid,"40,423596","-3,6861134"
Galería Pilar Serra,art_gallery,http://www.pilarserra.com/,,,Madrid,"40,4286427","-3,6958758"
Galería Puerta de Alcalá,art_gallery,https://www.puertaalcala.com/,,,Madrid,"40,42002","-3,68991"
Galería Sara Caso,art_gallery,http://galeriasaracasoart.com/,,,Madrid,"40,4308262","-3,6736626"
Galería silvestre,art_gallery,http://www.galeriasilvestre.com/,,,Madrid,"40,4074151","-3,6976049"
Galería Soledad Lorenzo,art_gallery,http://www.soledadlorenzo.com,,,Madrid,"40,4273901","-3,6928534"
Galería Standarte,art_gallery,http://www.galeriaestandarte.com/,,,Madrid,"40,4317428","-3,6864685"
Galería Taller José Rincón,art_gallery,http://www.grabado-joserincon.com/,,,Madrid,"40,4232291","-3,7016114"
Galería Theotokópoulos,art_gallery,https://www.theo.es/,,,Madrid,"40,4213752","-3,683673"
Galería Travesía Cuatro,art_gallery,http://travesiacuatro.com/,,,Madrid,"40,4255537","-3,6992062"
Galería Yuri López Kullins,art_gallery,http://yurilopezkullins.com/,,,Madrid,"40,4244981","-3,6990599"
Galería_ASTARTÉ,art_gallery,http://www.galeriaastarte.com/,,,Madrid,"40,4271135","-3,6921814"
Galerias Piquer,art_gallery,Ingen webbplats,,,Madrid,"40,4077547","-3,7071492"
Galerie Joaquin Madrid,art_gallery,http://www.galeriejoaquin.com/,,,Madrid,"40,4234234","-3,6780975"
Galerie Stefan Röpke,art_gallery,http://www.artkunstarte.com/,,,Madrid,"40,41723","-3,689798"
Gao Magee Gallery,art_gallery,http://www.gaomageegallery.com/,,,Madrid,"40,4082999","-3,69612"
García Galería,art_gallery,http://www.garciagaleria.com/,,,Madrid,"40,408584","-3,695892"
Garrido Gallery,art_gallery,http://www.garridogallery.com/,,,Madrid,"40,4274975","-3,6983176"
Gellart Contemporary Singular Artists Gallery,art_gallery,https://www.gellart.com/,,,Madrid,"40,4294906","-3,7203715"
Gerhardt Braun Gallery,art_gallery,https://gb-gallery.es/,,,Madrid,"40,4293791","-3,6858748"
Global Art Gallery,art_gallery,http://www.alfombraspersasmadrid.com/,,,Madrid,"40,4244381","-3,6698403"
Guillermo de Osma,art_gallery,http://www.guillermodeosma.com,,,Madrid,"40,4208655","-3,6870947"
Habitar La LÍNea,art_gallery,http://www.habitarlalinea.com/,,,Madrid,"40,4069708","-3,7007551"
Havet Gallery,art_gallery,http://www.havet.gallery/,,,Madrid,"40,4310335","-3,6833851"
Herraiz. Galeria de arte.,art_gallery,http://www.galeriaherraiz.com/,,,Madrid,"40,4290909","-3,6826556"
Herrero de Tejada,art_gallery,http://www.herrerodetejada.com/,,,Madrid,"40,4263473","-3,6818783"
HG Contemporary,art_gallery,http://www.hgcontemporary.com/,,,Madrid,"40,4283011","-3,6944753"
Hola.arania,art_gallery,https://araniashop.cargo.site/,,,Madrid,"40,42412","-3,70651"
Honda Ikonomotorbike Madrid,art_gallery,http://ikonomotorbike.com/,,,Madrid,"40,4005856","-3,6737038"
HOUSE ART,art_gallery,http://houseart108.blogspot.com.es/,,,Madrid,"40,4256068","-3,6973768"
Iam Market,art_gallery,http://www.iamgallerymadrid.com/site_iam/?portfolio=iam-market,,,Madrid,"40,4106503","-3,6947028"
Ines Barrenechea,art_gallery,http://www.inesbarrenechea.com/,,,Madrid,"40,4317068","-3,6938235"
Infinito Delicias,art_gallery,https://www.infinitodelicias.com/,,,Madrid,40.396.824,-3.692.761
"Ingeart, Escuela de pintura",art_gallery,http://ingeart.com/,,,Madrid,"40,4100679","-3,6359109"
Instituto de la Juventud - Injuve,art_gallery,http://www.injuve.mtas.es,,,Madrid,"40,430453","-3,689812"
Intersticio Madrid,art_gallery,https://www.interstic.io/es/,,,Madrid,"40,4287767","-3,6738218"
Isala,art_gallery,http://espacioisala.wix.com/isala,,,Madrid,"40,411715","-3,703452"
Ivorypress,art_gallery,http://www.ivorypress.com/,,,Madrid,"40,4518709","-3,698057"
J. Rodríguez - Cuadros,art_gallery,http://www.jrodriguez1927.com/,,,Madrid,"40,4214104","-3,6835706"
Javiermadrid Estudio de Arte,art_gallery,http://www.javiermadrid.com/,,,Madrid,"40,4233","-3,6942"
JosÉ De La Mano GalerÍA De Arte,art_gallery,http://www.josedelamano.com/,,,Madrid,"40,4169299","-3,6959668"
Juca Claret,art_gallery,http://www.jucaclaret.com/,,,Madrid,"40,4269779","-3,6692653"
Kitte Ateliers - Galería de arte y diseño. Arte funcional,art_gallery,https://kitteateliers.com/,,,Madrid,"40,4283184","-3,7072201"
"Klouví, taller y tienda",art_gallery,http://www.klouvi.org/,,,Madrid,"40,410105","-3,7088769"
"Kronos Servicios de Restauración, S.L.",art_gallery,http://www.kronosrestaura.es/,2,"services, not gallery",Madrid,"40,409027","-3,7101116"
La cabeza no para,art_gallery,Ingen webbplats,,,Madrid,"40,409969","-3,7088049"
La Caja de Luz Gallery,art_gallery,http://www.vikileria.com/,,,Madrid,"40,5090825","-3,677722"
La Causa Art Shop,art_gallery,http://www.lacausaartshop.com/,,,Madrid,"40,4249613","-3,7035986"
La Esfera del Arte,art_gallery,http://www.esferadelarte.com/,,,Madrid,"40,413051","-3,702353"
La Factoría de Papel,art_gallery,http://lafactoriadepapel.com/,,,Madrid,"40,410492","-3,698532"
La Fiambrera,art_gallery,http://www.lafiambrera.net/,,,Madrid,"40,4240401","-3,7060506"
La Foz. Galería-Taller,art_gallery,http://www.lafozgaleria.com/,,,Madrid,"40,4094329","-3,7089647"
La Fresh Gallery,art_gallery,http://www.lafreshgallery.com/,,,Madrid,"40,421873","-3,687534"
La Gran,art_gallery,http://www.lagran.eu/,,,Madrid,"40,3908775","-3,7325222"
La JUAN Gallery,art_gallery,http://www.lajuangallery.com/,,,Madrid,"40,4047089","-3,6986939"
La Pecera Mercado De Arte,art_gallery,https://www.lapeceramercadodearte.com/,,,Madrid,"40,4110088","-3,7097944"
La Plaza de los Pintores. Madrid,art_gallery,http://pintorestallerabierto.com/?page_id=144,,,Madrid,"40,41455","-3,70844"
La Tabacalera de Lavapiés,art_gallery,https://twitter.com/latabacalera,,,Madrid,"40,4059102","-3,7029214"
La Vidriera de Verona,art_gallery,https://lavidrieradeverona.com/,,,Madrid,"40,407569","-3,709511"
Lanzarote15Arte,art_gallery,http://www.lanzarote15arte.com/,,,Madrid,"40,4299921","-3,6722445"
Lavinchy Galería de Arte,art_gallery,http://www.lavinchygallery.com/,,,Madrid,"40,4364057","-3,6901713"
Le Mur Photo Gallery,art_gallery,http://www.lemurgallery.com/,,,Madrid,"40,426464","-3,7093285"
Leica Camera,art_gallery,https://es.leica-camera.com/,2,"camera shop, not gallery",Madrid,"40,429961","-3,680801"
LKH,art_gallery,http://www.lkhgallery.com/,,,Madrid,"40,4277899","-3,6986375"
Los Artistas Del Barrio,art_gallery,http://losartistasdelbarrio.com/,,,Madrid,"40,4102337","-3,7063586"
Luis Agulló Spottorno,art_gallery,http://www.luisagullo.com/,,,Madrid,"40,4505808","-3,6884163"
Luisa Martín de Vidales,art_gallery,http://www.mardevidaart.com/,,,Madrid,"40,4100709","-3,6996206"
M.Quintana Martelo,art_gallery,http://www.quintanamartelo.com/,,,Madrid,"40,4054855","-3,7441727"
Machado-Muñoz,art_gallery,http://www.machadomunoz.com/,,,Madrid,"40,4289589","-3,69789"
Mad Is Mad,art_gallery,http://www.madismad.com,,,Madrid,"40,4236904","-3,6978197"
Magalhães & Santos,art_gallery,http://www.magalhaes-santos.com/,,,Madrid,"40,4279664","-3,7051416"
Magnolias Fine Arts,art_gallery,http://magnoliasfinearts.com/,,,Madrid,"40,4216399","-3,68602"
Maisterravalbuena,art_gallery,http://www.maisterravalbuena.com,,,Madrid,"40,4084656","-3,6956323"
Malvin Gallery,art_gallery,http://www.artzeitmagazine.com/,,,Madrid,"40,4220156","-3,6991595"
Mamah-Africa,art_gallery,http://www.mamahafrica.es/,,,Madrid,"40,429476","-3,708859"
Marc Bibiloni,art_gallery,http://www.marcbibiloni.com/,,,Madrid,"40,39638","-3,69557"
Martinica Decoración,art_gallery,http://www.martinicadeco.com/,,,Madrid,"40,4594286","-3,780888"
Más A,art_gallery,https://mas-a.es/,,,Madrid,"40,4385597","-3,6230653"
Materna Y Herencia,art_gallery,http://www.maternayherencia.com/,,,Madrid,"40,4128874","-3,6913882"
Melancholia Room,art_gallery,https://melancholiaroom.com/,,,Madrid,"40,440941","-3,676502"
Mesas y murales,art_gallery,http://www.mesasymurales.com/,,,Madrid,"40,4360233","-3,6813899"
Michel Soskine Inc,art_gallery,http://www.soskine.com/,,,Madrid,"40,4255497","-3,6939491"
Mirat Gallery,art_gallery,http://www.miratprojects.gallery/,,,Madrid,"40,4288065","-3,6928984"
Mondo Galeria,art_gallery,http://www.mondogaleria.com/,,,Madrid,"40,4238256","-3,6966647"
Movart Galería de Arte,art_gallery,http://www.movart.es/,,,Madrid,"40,4276366","-3,7102939"
MrcArte,art_gallery,http://www.marcarte.es/,,,Madrid,"40,4525682","-3,6797331"
Muros Tabacalera Promoción del Arte,art_gallery,http://www.murostabacalera.com/,,,Madrid,"40,4063183","-3,7027727"
MXM Galeria,art_gallery,http://www.mxmgaleria.com/,,,Madrid,"40,4123022","-3,6949972"
My Name's Lolita Art,art_gallery,http://www.mynameslolita.com,,,Madrid,"40,4110405","-3,694658"
Nadie Nunca Nada No,art_gallery,http://www.nadienuncanadano.com/,,,Madrid,"40,4083869","-3,7099166"
NF / nieves fernandez,art_gallery,http://www.nfgaleria.com/,,,Madrid,"40,4287855","-3,692371"
Nicolas Cortes,art_gallery,http://www.collcortes.com/,,,Madrid,"40,425869","-3,695264"
"Nogueras Blanchard, Madrid",art_gallery,http://www.pratsnoguerasblanchard.com/,,,Madrid,"40,4264972","-3,6984631"
Nuevas Galerías del Rastro,art_gallery,https://nuevasgalerias.madrid/,,,Madrid,"40,4080455","-3,7075874"
Nuevayorkartgallery,art_gallery,http://www.santanaartgallery.com/,,,Madrid,"40,4615776","-3,6890856"
O_lumen,art_gallery,https://www.olumen.org/,,,Madrid,"40,4359889","-3,6854257"
OCCO Art Gallery,art_gallery,http://www.occoartgallery.com/,,,Madrid,"40,4128513","-3,6896201"
Off Limits,art_gallery,http://www.offlimits.es/,,,Madrid,"40,409738","-3,700074"
On Art Space,art_gallery,http://www.onartspace.com/,,,Madrid,"40,4127306","-3,6961964"
Opera Gallery,art_gallery,Ingen webbplats,,,Madrid,"40,4283162","-3,6870941"
PARA Madrid,art_gallery,http://www.espara.xyz/,,,Madrid,"40,4168534","-3,6773419"
Parra & Romero,art_gallery,http://www.parra-romero.com/,,,Madrid,"40,4220693","-3,6869378"
Pepe Cobo,art_gallery,http://www.pepecobo.com/,,,Madrid,"40,4712393","-3,6904865"
"Pilar Cubillo, Galería de Arte",art_gallery,http://www.pilarcubillo.com/,,,Madrid,"40,423307","-3,694196"
Pintor Alfredo Roldan,art_gallery,http://cavabajagallery.com/,,,Madrid,"40,41223","-3,70934"
Ponce + Robles,art_gallery,http://www.poncerobles.com/,,,Madrid,"40,4120482","-3,6938141"
Pop Gallery 11,art_gallery,http://www.popgallery11.com,,,Madrid,"40,4338628","-3,6842107"
PotteryGym,art_gallery,http://www.potterygym.com/,2,"taller de cerámica, not art gallery",Madrid,"40,4475535","-3,5701052"
Project Art 10,art_gallery,https://projectart10.blogspot.com/,,,Madrid,"40,4207497","-3,69047"
Project CReA,art_gallery,https://www.projectcrea.com/,,,Madrid,"40,4292391","-3,6504223"
Proyecto H Contemporáneo,art_gallery,http://www.proyectoh.com/,,,Madrid,"40,4580865","-3,6672488"
Ra del Rey,art_gallery,http://www.radelrey.com/,,,Madrid,"40,4203689","-3,7001243"
raymaluz Art gallery,art_gallery,http://www.raymaluzartgallery.com,,,Madrid,"40,4252641","-3,6993803"
Real Sociedad Fotografica,art_gallery,http://www.youtube.com/user/rsociedadfotografica,,,Madrid,"40,4107797","-3,7005171"
Sabrina Amrani,art_gallery,http://www.sabrinaamrani.com,,,Madrid,"40,423485","-3,7044162"
Sabrina Amrani Gallery,art_gallery,Ingen webbplats,2,duplicate,Madrid,"40,3923247","-3,7205557"
Saisho,art_gallery,https://www.saishoart.com/,,,Madrid,"40,45478","-3,70092"
Sala Comunidad de Madrid - Canal de Isabel II,art_gallery,http://www.madrid.org/cs/Satellite?c=CM_InfPractica_FA&cid=1142504171770&idConsejeria=1142697631805&idListConsj=1109265444710&idOrganismo=1109266228350&language=es&pagename=ComunidadMadrid%2FEstructura&pid=1109265444699&pv=1142507259435&sm=110926610,,,Madrid,"40,4393883","-3,7010041"
Sala de Exposiciones Bbva,art_gallery,Ingen webbplats,2,,Madrid,"40,446962","-3,691732"
Sala de Exposiciones el Aguila,art_gallery,http://www.comunidad.madrid/centros/sala-aguila,,,Madrid,"40,3996952","-3,6904637"
Sala exoticae,art_gallery,http://www.salaexoticae.com/,2,,Madrid,"40,4242554","-3,7042459"
Sala J. Berriobeña,art_gallery,http://www.salaberriobena.com/,,,Madrid,"40,4170072","-3,6955955"
Sala Retiro Subastas,art_gallery,http://www.salaretiro.com/,,,Madrid,"40,422313","-3,6800325"
Santana Art,art_gallery,http://www.santanaartgallery.com/,,,Madrid,"40,46151","-3,68876"
Seismasuno Projects,art_gallery,http://www.seismasunoprojects.com/,,,Madrid,"40,423136","-3,6947795"
Silk Gallery,art_gallery,https://www.silk-gallery.com/,,,Madrid,"40,4238751","-3,6976785"
SILKADOT,art_gallery,http://www.silkadot.com/,,,Madrid,"40,4434546","-3,6959907"
Siluro Concept,art_gallery,http://www.twitter.com/siluroconcept,,,Madrid,"40,414374","-3,698326"
Sonámbula Madrid,art_gallery,http://www.sonambula.es/,,,Madrid,"40,4223993","-3,6955665"
Sotheby's,art_gallery,http://www.sothebys.com,,,Madrid,"40,4182181","-3,6903655"
Standarte ,art_gallery,https://feriastandarte.com/,,,Madrid,"40,43126","-3,68583"
Studiorgf_arriaza11,art_gallery,Ingen webbplats,,,Madrid,"40,421701","-3,7163924"
Sunday Gallery,art_gallery,http://www.sundaygallery.com/,,,Madrid,"40,4096202","-3,7071694"
Swinton Gallery,art_gallery,http://www.swintongallery.com/,,,Madrid,"40,4059623","-3,7017844"
Talavera & Schweich,art_gallery,http://www.talavera-schweich.com/,,,Madrid,"40,4269455","-3,669625"
Taller del Prado,art_gallery,http://www.tallerdelprado.com/,,,Madrid,"40,4199381","-3,6994555"
Taller Madera,art_gallery,Ingen webbplats,,,Madrid,"40,42281","-3,70513"
Tamara Kreisler Gallery,art_gallery,https://tamarakreislergallery.com/,,,Madrid,"40,4275222","-3,697193"
Teapot&Co   Espacio de Arte,art_gallery,Ingen webbplats,,,Madrid,"40,4220057","-3,7060126"
TexFoto,art_gallery,http://www.texfoto.com/,,,Madrid,"40,4085617","-3,70748"
The Makers,art_gallery,http://www.themakersmadrid.com/,,,Madrid,"40,40915","-3,70683"
Tíltide,art_gallery,http://www.tiltide.com/,,,Madrid,"40,4341545","-3,7108948"
tpc moon,art_gallery,https://espaciotresporcuatro.wixsite.com/tresporcuatro,,,Madrid,"40,40524","-3,67562"
Twin Gallery,art_gallery,http://www.twingallery.es/,,,Madrid,"40,4283525","-3,7083422"
"Ulmacarisa, Galería de Arte",art_gallery,http://www.ulmacarisa.com/,,,Madrid,"40,4383123","-3,698232"
Urvanity,art_gallery,Ingen webbplats,,,Madrid,"40,41457","-3,69513"
Utopia Parkway,art_gallery,http://www.galeriautopiaparkway.com/,,,Madrid,"40,4203863","-3,7001885"
V LAB,art_gallery,https://www.vlabgallery.com/,,,Madrid,"40,4261594","-3,6949965"
Very Private Gallery,art_gallery,https://veryprivategallery.com/,,,Madrid,"40,4623358","-3,7040926"
VETA Galeria,art_gallery,http://vetagaleria.com/,,,Madrid,"40,3902045","-3,7187073"
We Collect,art_gallery,Ingen webbplats,,,Madrid,"40,4216371","-3,6855644"
We Crave Design,art_gallery,http://www.wecravedesign.com/,,,Madrid,"40,42335","-3,69403"
White Lab,art_gallery,http://www.whitelab.es/,,,Madrid,"40,4594152","-3,6891283"
Wilkoartgallery,art_gallery,https://WWW.WILKO.ART/,,,Madrid,"40,4083214","-3,69941"
YellowKorner,art_gallery,https://instagram.com/yellowkornerchueca,2,duplicate,Madrid,"40,4243233","-3,6970842"
YellowKorner,art_gallery,http://www.yellowkorner.com,,,Madrid,"40,426381","-3,6858838"
2,art_museum,Ingen webbplats,2,,Madrid,"40,42226","-3,69786"
CaixaForum Madrid,art_museum,https://obrasociallacaixa.org/,,,Madrid,"40,4111053","-3,6935995"
Cason del Buen Retiro,art_museum,http://www.mcu.es,,,Madrid,"40,4152549","-3,6896088"
Centro de Exposiciones Arte Canal,art_museum,Ingen webbplats,,,Madrid,"40,45518","-3,6902"
Colección Solo,art_museum,http://www.coleccionsolo.com/,,,Madrid,"40,4206021","-3,6883315"
EducaThyssen,art_museum,http://www.educathyssen.org/,,,Madrid,"40,416","-3,69473"
Factum Arte,art_museum,http://www.factum-arte.com/,,,Madrid,"40,4350148","-3,6329776"
Fundación Amigos Museo Reina Sofía,art_museum,http://www.amigosmuseoreinasofia.org/,,,Madrid,"40,40854","-3,69405"
Fundación Amigos Museo Reina Sofía,art_museum,,2,duplicate,Madrid,"40,4086907","-3,6939436"
Fundacion Benedito,art_museum,http://www.fundacionmanuelbenedito.com,,,Madrid,"40,43279","-3,68593"
Fundación Carlos de Amberes,art_museum,http://www.fcamberes.org,,,Madrid,"40,4313272","-3,6858521"
Fundación Casa de Alba,art_museum,http://www.fundacioncasadealba.com/,,,Madrid,"40,426738","-3,712511"
Fundación Juan March,art_museum,http://www.march.es/,,,Madrid,"40,431197","-3,6812475"
Fundación MAPFRE,art_museum,http://www.fundacionmapfre.org/,,,Madrid,"40,4227658","-3,6921328"
Fundación María Cristina Masaveu Peterson,art_museum,http://www.fundacioncristinamasaveu.com/,,,Madrid,"40,4267043","-3,6915857"
Fundación Venancio Blanco,art_museum,http://www.fundacionvenancioblanco.org/,,,Madrid,"40,4580917","-3,6594801"
IKONO Madrid,art_museum,https://ikono.global/nav/madrid,,,Madrid,"40,4089707","-3,6934418"
Meet Vincent van Gogh,art_museum,https://meetvincent.com/madrid/,2,,Madrid,"40,3979935","-3,690151"
Museo ABC,art_museum,http://www.museoabc.es/,,,Madrid,"40,427696","-3,7095598"
Museo Arte Público de Madrid,art_museum,http://www.munimadrid.es/portal/site/munimadrid/menuitem.f4bb5b953cd0b0aa7d245f019fc08a0c/?vgnextoid=252434f3409ab010VgnVCM100000d90ca8c0RCRD&vgnextchannel=0c369e242ab26010VgnVCM100000dc0ca8c0RCRD,,,Madrid,"40,433288","-3,687698"
Museo C.A.V La Neomudejar,art_museum,http://www.laneomudejar.com/,,,Madrid,"40,4044759","-3,683961"
Museo de Arte Contemporáneo,art_museum,http://www.madrid.es/museoartecontemporaneo,,,Madrid,"40,426984","-3,710942"
Museo del Libro,art_museum,http://www.bne.es/es/museobibliotecanacional,,,Madrid,"40,4233333","-3,69"
Museo del Prado,art_museum,http://www.museodelprado.es,,,Madrid,"40,413772","-3,692127"
Museo Lázaro Galdiano,art_museum,http://www.museolazarogaldiano.es/,,,Madrid,"40,4370189","-3,6859684"
Museo Nacional de Arte Decorativo,art_museum,Ingen webbplats,,,Madrid,"40,4119148","-3,7174864"
Museo Nacional del Prado,art_museum,http://www.museodelprado.es/,2,duplicate,Madrid,"40,41379","-3,6921521"
Museo Nacional Thyssen-Bornemisza,art_museum,https://www.whatsapp.com/channel/0029VaEWoJR7IUYLPKOvcY2j?&utm_source=facebook&utm_medium=social&utm_campaign=museo&utm_group=museo,2,duplicate,Madrid,"40,41603","-3,69499"
Museo Reina Sofía,art_museum,http://www.youtube.com/museoreinasofia,,,Madrid,"40,4079157","-3,6945532"
Museo Sorolla,art_museum,http://www.museosorolla.es/,,,Madrid,"40,4352892","-3,6924954"
Museo Thyssen-Bornemisza,art_museum,http://www.museothyssen.org,,,Madrid,"40,4161111","-3,695"
National Archaeological Museum,art_museum,http://man.mcu.es/,,,Madrid,"40,4234358","-3,6890375"
New Art Gaze,art_museum,http://newartgaze.com/,,,Madrid,"40,4227209","-3,7074858"
Nomad Museo Inmersivo,art_museum,http://www.nomadmuseo.es/,,,Madrid,"40,4232754","-3,7102973"
Palacio de los Duques de Villahermosa,art_museum,http://www.infohostal.com/es/madrid/palaciodelosduquesdevillahermosa-alojamientos,,,Madrid,"40,415695","-3,695162"
Palacio de Velázquez,art_museum,http://www.museoreinasofia.es,,,Madrid,"40,4151889","-3,6819889"
Panteón de Goya,art_museum,http://www.madrid.es/ermita,,,Madrid,"40,425392","-3,7255388"
Real Academia de Bellas Artes de San Fernando,art_museum,https://linktr.ee/rabasf,,,Madrid,"40,4176912","-3,7006305"
Sala Nómada,art_museum,http://sala-nomada.org/,,,Madrid,"40,46129","-3,70128"
Salón de Reinos,art_museum,http://fr.wikipedia.org/wiki/Salon_des_royaumes,,,Madrid,"40,4158367","-3,690216"
Salvaje Vape Shop,art_museum,https://www.salvajevapeshop.com/,2,,Madrid,"40,3883899","-3,7424657"
Servitop S.L,art_museum,https://www.servitoptopografia.es/es/,2,,Madrid,"40,3858091","-3,6259756"
Stasher Luggage Storage - Centro Cultural Conde Duque,art_museum,https://stasher.com/search,2,,Madrid,"40,4288736","-3,7079732"
Enara Restauración,art_restoration,http://enararestauracion.es/,,,Madrid,"40,4046956","-3,7510876"
La barbacana,art_restoration,http://www.tallerestauracion.es/,,,Madrid,"40,422604","-3,654846"
Lulú Bello - Restauración y Pintura Decorativa,art_restoration,Ingen webbplats,2,,Madrid,"40,4260757","-3,7075603"
Restaurador Dorador Artepicazo,art_restoration,http://www.artepicazo.es/,2,,Madrid,"40,4671954","-3,631644"
Sinkiri Restauración,art_restoration,http://www.sinkirirestauracion.com/,2,,Madrid,"40,4257693","-3,6715253"
Sra Wood,art_restoration,http://srawood.com/,,,Madrid,"40,4073982","-3,7057144"
"""Maese Pedro"" enseñanza musical",art_school,http://www.maesepedro.com/,,,Madrid,"40,4163067","-3,6957555"
Abstract ART School S35,art_school,http://www.abstractartschool.com/,,,Madrid,"40,4172776","-3,7101834"
Academia Artium Peña,art_school,http://www.academiaartium.com/,,,Madrid,"40,4149986","-3,7066961"
Academia de Música Contemporánea & Artes,art_school,http://www.amcontemporanea.es/,,,Madrid,"40,3857366","-3,6981396"
Academia de pintura Cristian Avilés,art_school,http://www.cristianaviles.com/,,,Madrid,"40,4295843","-3,671681"
Academia del Arte,art_school,http://www.academiadelarte.es/,,,Madrid,"40,4271683","-3,6744308"
Academia GuiArte,art_school,http://www.academiaguiarte.com/,,,Madrid,"40,4131569","-3,7260456"
Academia Loreey,art_school,https://academialoreey.com/,,,Madrid,"40,4312524","-3,6698692"
AcademiadelArte Madrid,art_school,http://www.academiadelarte.es/,,,Madrid,"40,4309502","-3,6718406"
Alda con Limón,art_school,http://aldaconlimon.com/,,,Madrid,"40,4289267","-3,7047731"
Allegro Academia de Música,art_school,http://www.escuelamusicaallegro.es,,,Madrid,"40,475332","-3,70091"
ARCO VERDE: Escuela de Dibujo y Pintura en Madrid,art_school,http://www.estudioarcoverde.com/,,,Madrid,"40,4053633","-3,6812446"
Art Crew,art_school,http://www.artcrew8.com/,,,Madrid,"40,4704895","-3,6989801"
Arte 4 Estudio de Actores,art_school,http://www.arte4.com/,,,Madrid,"40,4262073","-3,6617392"
Arte Bar Madrid,art_school,http://www.artebar.es/,,,Madrid,"40,4085843","-3,7124944"
Arte Hélade,art_school,http://www.artehelade.com/,,,Madrid,"40,3798137","-3,7486964"
ARTE La CHULA,art_school,http://artelachula.com/,,,Madrid,"40,4417998","-3,6531759"
Artefacto Escuela de Arte,art_school,https://artefactoescuela.es/,,,Madrid,"40,4262532","-3,6681858"
artEstudio. academia de arte,art_school,http://www.artestudioacademiadearte.es/,,,Madrid,"40,3921765","-3,7661565"
Artis Estudio,art_school,https://www.instagram.com/artis_estudio/,,,Madrid,"40,4088","-3,665721"
Asociación Cultural El Taller,art_school,http://tallerescuela.es/,,,Madrid,"40,4476244","-3,6724162"
Azul de Cadmio,art_school,http://escuelaazuldecadmio.blogspot.com/,,,Madrid,"40,42492","-3,66533"
Ballet M. H.,art_school,http://www.escueladeballetmh.es/,,,Madrid,"40,4570365","-3,7863109"
Canela Espacio Creativo,art_school,http://www.tienescanela.com/,,,Madrid,"40,4025883","-3,7000297"
Carmelo Alonso Bernaola,art_school,http://musicacreativa.com/escuelas-municipales-de-musica/escuela-municipal-de-musica-carmelo-alonso-bernaola-valverde-fuencarral-el-pardo,,,Madrid,"40,4886927","-3,6844893"
Carmen Senra Danza,art_school,http://danzacarmensenra.es/,,,Madrid,"40,45015","-3,71006"
Centro Cultural Lao Tse - 老子文化中心,art_school,http://www.centroculturallaotse.com/,,,Madrid,"40,42103","-3,70509"
Centro de Arte - Porarte,art_school,http://www.porarte.es/,,,Madrid,"40,4406172","-3,633801"
Centro Superior de Música Progreso Musical,art_school,http://www.progresomusical.com/,,,Madrid,"40,4309588","-3,7178693"
Centros de Estudios Cemar,art_school,http://www.musicacemar.com,2,,Madrid,"40,4175519","-3,7104189"
Clases de Grabado y Pintura Abstracta,art_school,http://www.mariomarini.es/,,,Madrid,"40,4286373","-3,6653833"
Club Vip Booseh,art_school,http://www.modacomunidadmadrid.com/,2,,Madrid,"40,438329","-3,679293"
Cobalto Academia De ARTE,art_school,http://www.cobaltoacademia.com/,,,Madrid,"40,4276723","-3,7042648"
Conservatorio Profesional Arturo Soria,art_school,http://www.conservatorioarturosoria.org/,,,Madrid,"40,4516567","-3,6514037"
Conservatorio Profesional de Música Joaquín Turina,art_school,https://site.educa.madrid.org/cpm.joaquinturina.madrid/,,,Madrid,"40,46173","-3,69902"
Conservatorio Profesional de Música Teresa Berganza,art_school,http://www.conservatorioteresaberganza.com/,,,Madrid,"40,4035479","-3,7451283"
CP Danza Fortea,art_school,https://site.educa.madrid.org/cpd.comandantefortea.madrid/,,,Madrid,"40,4275128","-3,7324038"
CPD Carmen Amaya,art_school,http://www.conservatoriodanza.com/,,,Madrid,"40,3596718","-3,6888095"
D'angus Dance,art_school,http://www.dangusdance.com/,,,Madrid,"40,42923","-3,667895"
DA VINCI Restauro,art_school,http://www.davincirestauro.com/,,,Madrid,"40,4366667","-3,6976609"
DateArte,art_school,http://www.datearteescuela.com/,,,Madrid,"40,389638","-3,6478787"
"deGranero TALLER DE DIBUJO, PINTURA Y FOTOGRAFÍA",art_school,https://degranero.es/,,,Madrid,"40,4366216","-3,6740311"
Destreza y Ritmo,art_school,http://www.destrezayritmo.es/,,,Madrid,"40,3885392","-3,735548"
Distrito 27,art_school,http://www.distrito27.com/,,,Madrid,"40,4438521","-3,6459333"
El Dragón de Madera,art_school,http://www.eldragondemadera.com/,,,Madrid,"40,4110502","-3,7067853"
El Taller De Sarah Olsen Encuadernación,art_school,http://www.eltallerdesaraholsen.com/,,,Madrid,"40,4425084","-3,6973005"
"El Taller del Aire, escuela de Artes",art_school,http://www.eltallerdelaire.com/,,,Madrid,"40,4266491","-3,661782"
Entre Tuercas y Pinceles,art_school,http://entretuercasypinceles.es/,,,Madrid,"40,3445265","-3,7082399"
Escuela de Actores Pape Pérez - Landén,art_school,http://www.papeperez.com/,,,Madrid,"40,428628","-3,6653864"
Escuela de Arte 3,art_school,http://www.arte3.es/,,,Madrid,"40,412212","-3,707305"
Escuela de arte Cromática,art_school,http://www.escuelacromatica.com/,,,Madrid,"40,4114848","-3,6692848"
Escuela de Arte La Palma de Madrid,art_school,http://www.ealapalma.es/,,,Madrid,"40,4266018","-3,7058685"
Escuela de cine y teatro Metrópolis c.e.,art_school,http://www.metropolis-ce.com/,,,Madrid,"40,4364346","-3,7067856"
Escuela de Danza - Harmonía,art_school,http://www.escueladedanzaharmonia.es/,,,Madrid,"40,3873042","-3,649754"
Escuela de danza Cristina Gadea,art_school,http://www.cristinagadea.com/,,,Madrid,"40,4238897","-3,7064317"
Escuela de Danza El Ratón,art_school,http://ratonreleve.com/,,,Madrid,"40,4587089","-3,6555506"
Escuela de Danza Esther Recuero,art_school,https://www.danzaer.es/,,,Madrid,"40,3932137","-3,7093047"
Escuela de Danza Noelia,art_school,http://www.escueladanzanoelia.com/,,,Madrid,"40,4029477","-3,677318"
Escuela de Danza Pilar Beltrán,art_school,http://www.sevillanas-madrid.com/,,,Madrid,"40,4512614","-3,7040055"
Escuela De Fotografía ManRay,art_school,http://www.manrayescuela.com/,,,Madrid,"40,39068","-3,72294"
Escuela de Imaginadores,art_school,Ingen webbplats,,,Madrid,"40,4253313","-3,6962429"
Escuela El Bailón,art_school,http://www.elbailon.com/,,,Madrid,"40,4628013","-3,6492756"
Escuela Interpretación Cristina Rota,art_school,http://escuelacristinarota.com/,,,Madrid,"40,4070907","-3,6989371"
Escuela Limón,art_school,https://escuelalimon.com/,,,Madrid,"40,459448","-3,785344"
Escuela Relevé,art_school,https://www.escuelareleve.es/es/,,,Madrid,"40,445704","-3,646701"
Escuela Superior de Conservación y Restauración de Bienes Culturales,art_school,http://www.escrbc.com/,,,Madrid,"40,4202772","-3,7106227"
Escuela Viallegro,art_school,Ingen webbplats,,,Madrid,"40,40029","-3,62344"
Escuela-de-Ballet Carmina Ocaña Pablo Savoye,art_school,http://www.escuela-de-ballet.com/,,,Madrid,"40,4129005","-3,7248599"
ESDIP,art_school,http://www.esdip.com/,,,Madrid,"40,441168","-3,7012718"
Espacio Contemporánea,art_school,http://www.creativeartcenter.es/,,,Madrid,"40,4154313","-3,7241035"
Espacio Creativo Lau 33,art_school,http://www.estudiolau33.wix.com/estudiolau33,,,Madrid,"40,4018601","-3,7039455"
Espacio La Veleta,art_school,http://www.espaciolaveleta.com/,,,Madrid,"40,428078","-3,6954099"
Estudio Architekt,art_school,http://www.architekt.com.es/,,,Madrid,"40,4303417","-3,7122885"
Estudio de Danza Pepa Guerra,art_school,http://www.flamencopepaguerra.com/,,,Madrid,"40,4187992","-3,6897675"
"Estudio De Pintura "" MorÁN""",art_school,http://josemoranvazquez.es/,,,Madrid,"40,3988","-3,69649"
Estudio de Teatro Consciente Susana Pasamón,art_school,https://www.estudiodeactores-sp.es/,,,Madrid,"40,4023252","-3,7013949"
Estudio Ilógico Chamartín,art_school,http://www.estudioilogico.com/,,,Madrid,"40,4586535","-3,673091"
Estudio Ilógico Chamberí,art_school,http://www.estudioilogico.com/,,,Madrid,"40,4434253","-3,7151038"
Estudio Isabel Gómez Artes Plásticas,art_school,http://www.estudioisabelgomez.com/,,,Madrid,"40,4501162","-3,6982446"
Estudio Magenta,art_school,http://www.estudiomagenta.es/,,,Madrid,"40,4332987","-3,669875"
Estudio V,art_school,http://www.estudiov.es/,,,Madrid,"40,4021292","-3,6968756"
Estudios Solana - Escuela de ARTE,art_school,http://www.estudiossolana.es/,,,Madrid,"40,453872","-3,671815"
Formación Ilustración Creativa,art_school,https://luciaespinos.com/formacion-ilustracion,,,Madrid,"40,47129","-3,69065"
Fragmentos,art_school,http://www.fragmentos.eu/,,,Madrid,"40,45961","-3,67525"
Garabatos Escuela de Arte,art_school,http://www.garabatosescueladearte.com/,,,Madrid,"40,3940713","-3,7130989"
GrupoHassel,art_school,http://www.grupohassel.com/,,,Madrid,"40,447459","-3,662959"
Kuaderno taller,art_school,http://www.kuadernotaller.es/,,,Madrid,"40,3850166","-3,6563795"
La Artelería,art_school,https://www.laarteleria.com/,,,Madrid,"40,4445523","-3,6963416"
La Escuela Minúscula de Ilustración,art_school,https://escuelaminuscula.com/,,,Madrid,"40,42463","-3,70451"
La Fábrica D Arte,art_school,http://lafabricadarte.com/,,,Madrid,"40,3814343","-3,7491363"
La Lavandería,art_school,http://espaciolalavanderia.com/,,,Madrid,"40,4065413","-3,7013502"
La Máquina. Escuela de Especialización Fotográfica,art_school,https://linktr.ee/lamaquinaescuela,,,Madrid,"40,4471934","-3,6714807"
La Mera A.C.,art_school,Ingen webbplats,,,Madrid,"40,3980316","-3,671272"
LA MINA taller de Arte,art_school,http://www.lamina.com.es/,,,Madrid,"40,4367612","-3,7003989"
La Piscifactoría Laboratorio de Creación,art_school,https://www.lapiscifactoria.es/,,,Madrid,"40,4192808","-3,6769863"
La Popular - Escuela de Música y Danza,art_school,http://www.populardemusica.com/,,,Madrid,"40,4323199","-3,7006576"
Laocoonte escuela,art_school,https://firstimegallery.wixsite.com/madrid,,,Madrid,"40,4224049","-3,7062711"
Leticia Zarza Estudio de Arte,art_school,http://www.leticiazarza.com/,,,Madrid,"40,487542","-3,7198627"
MADPHOTO,art_school,https://madphoto.es/,,,Madrid,"40,4605075","-3,6994867"
Madrid 47,art_school,http://www.madrid47.com,,,Madrid,"40,4231989","-3,670153"
Mayo. Taller de Arte,art_school,http://www.mayolebrija.es/,,,Madrid,"40,3359655","-3,6979326"
Pentimento Arte,art_school,http://www.pentimento.es/,,,Madrid,"40,446091","-3,6986376"
Pintaenjiloca Madrid,art_school,http://www.pintaenjiloca.com/,,,Madrid,"40,452754","-3,6800746"
Pintapiés,art_school,http://www.pintapiesarte.com/,,,Madrid,"40,4112406","-3,7028122"
Quattrocento,art_school,http://www.quattrocento.es/,,,Madrid,"40,4259413","-3,7054698"
Raquel Pérez  Formación Actoral,art_school,http://www.raquelperez.es/,,,Madrid,"40,40471","-3,6948723"
Scenia Escuela de Danza y Música,art_school,http://www.scenia.es/,,,Madrid,"40,4","-3,68333"
SohoArtMadrid,art_school,http://www.sohoartmadrid.com/,,,Madrid,"40,4119946","-3,7146748"
SUR. Escuela de profesiones artísticas del Círculo de Bellas Artes,art_school,http://www.surescuela.com/,,,Madrid,"40,4180107","-3,696253"
Taller de Dibujo y Pintura en Canal. Madrid.,art_school,http://www.dibujocanal.com/,,,Madrid,"40,4392303","-3,7062566"
Taller de Escritura Creativa,art_school,http://www.escrituracreativa.com/,,,Madrid,"40,4145379","-3,7023453"
Taller de Música,art_school,http://www.tallerdemusicamadrid.com/,,,Madrid,"40,4272949","-3,6812833"
Taller de Nuevos Pintores,art_school,http://nuevospintores.com/,,,Madrid,"40,48163","-3,71003"
Taller UNICO,art_school,http://www.eresunico.eu/,,,Madrid,"40,50722","-3,69421"
Too Many Flash,art_school,https://toomanyflash.com/,2,"radio-tv, not art school",Madrid,"40,4335066","-3,7157393"
Tripode,art_school,http://www.tripodefotografia.com,,,Madrid,"40,39115","-3,72243"
USA Ondeals,art_school,http://experimentalcreativa.com/,,,Madrid,"40,40397","-3,73901"
Verde Manganeso,art_school,http://verdemanganeso.com/,,,Madrid,"40,4435862","-3,6704582"
Visuales Nidra,art_school,http://www.visualesnidra.com/,,,Madrid,"40,4345892","-3,6533519"
workshopexperience,art_school,http://www.workshopexperience.com/,,,Madrid,"40,42941","-3,66563"
Air Custom Paint,art_supply_store,http://aircustompaint.com/,2,,Madrid,"40,33975697","-3,712406323"
Artyman Madrid,art_supply_store,http://bellasartesartymanmadrid.com/,2,,Madrid,"40,4036925","-3,7462352"
Comercial Madrileña Frías,art_supply_store,http://www.cmfrias.com/,2,,Madrid,"40,33766138","-3,707683697"
Escuela De Fofuchas,art_supply_store,http://www.escuelafofuchas.es/,2,,Madrid,"40,40636721","-3,607241712"
FEROCA,art_supply_store,https://www.feroca.com/,2,,Madrid,"40,4312915","-3,6956747"
FormX,art_supply_store,http://www.formx.es/,2,,Madrid,"40,4618193","-3,7042432"
Habilydades,art_supply_store,,2,,Madrid,"40,4643723","-3,6347548"
Mendo Papelería,art_supply_store,https://mendopapeleria.ueniweb.com/,2,,Madrid,"40,3864182","-3,6547195"
Mueblería,art_supply_store,http://www.mimuebleria.es/,2,,Madrid,"40,4287501","-3,71830015"
4 ingletes bravo murillo,arts_and_crafts,https://www.4ingletesbravomurillo.com/es/,2,duplicate,Madrid,"40,43642","-3,70407"
6·Forest,arts_and_crafts,http://www.6forest.com/,2,,Madrid,"40,4201941","-3,6883593"
Alborada Home Academy,arts_and_crafts,https://twitter.com/alboradahome,,,Madrid,"40,4238039","-3,6786695"
Alfil.be Gral. Martínez Campos,arts_and_crafts,http://www.alfil.be/,2,cerrado,Madrid,"40,43506","-3,6954"
Almacen del Tirador,arts_and_crafts,http://almacentirador.com/,2,,Madrid,"40,4485674","-3,6985363"
Amillo,arts_and_crafts,https://amillo.com/,,,Madrid,"40,4174098","-3,7085806"
Anacreart,arts_and_crafts,https://anacreart.es/,,,Madrid,"40,43958","-3,70807"
Andrea Suarez,arts_and_crafts,https://andreasuarez.es/,,,Madrid,"40,4580245","-3,6474508"
Antigua Casa Talavera,arts_and_crafts,http://www.antiguacasatalavera.com,2,,Madrid,"40,4207713","-3,7089065"
Aparejadores Madrid,arts_and_crafts,http://www.aparejadoresmadrid.es/,2,,Madrid,"40,418047","-3,7056129"
Arenas de colores ALEX,arts_and_crafts,Ingen webbplats,2,,Madrid,"40,47291","-3,65936"
Arte Hoy,arts_and_crafts,http://arte-hoy.com/,,,Madrid,"40,4119135","-3,7019237"
Arte Mundo,arts_and_crafts,http://wabamadrid.com/,,,Madrid,"40,407573","-3,701216"
Arte Reborn Cuquinos,arts_and_crafts,http://www.artereborncuquinos.es/,,,Madrid,"40,425916","-3,6553102"
ArteContreras,arts_and_crafts,http://www.artecontreras.com/,,,Madrid,"40,4181613","-3,6194587"
2,arts_and_crafts,Ingen webbplats,2,,Madrid,"40,4377623","-3,714433"
2,arts_and_crafts,https://artesaniachopo.com/manualidades-faciles-para-hacer-en-familia/,2,,Madrid,"40,4133169","-3,7071118"
Artesanos Del Cristal,arts_and_crafts,http://www.artesanosdelcristal.com/,2,,Madrid,"40,4583734","-3,7076056"
Artisa,arts_and_crafts,http://www.bellas-artes-madrid.com,2,,Madrid,"40,4786028","-3,7053458"
Auraterra,arts_and_crafts,Ingen webbplats,2,,Madrid,"40,4090505","-3,7071908"
Ayllu Artesania,arts_and_crafts,http://www.aylluartesania.es/,2,,Madrid,"40,4088135","-3,7016988"
Azulcaribeart,arts_and_crafts,http://azulcaribeart.com/,2,,Madrid,"40,39456","-3,72205"
Baco Bellas Artes,arts_and_crafts,http://www.bacobellasartes.com/,2,,Madrid,"40,4249093","-3,6653028"
Baile,arts_and_crafts,http://www.mbaile.es,2,,Madrid,"40,4338388","-3,7074919"
Bellaluna Crafts,arts_and_crafts,Ingen webbplats,2,,Madrid,"40,3917109","-3,7638955"
Bellas Artes Jeco,arts_and_crafts,http://jecobellasartes.blogspot.com.es,2,,Madrid,"40,423271","-3,697905"
Berberia del Sahara y el Sahel,arts_and_crafts,http://www.berberia.es,2,,Madrid,"40,4124443","-3,7128276"
Black Oveja,arts_and_crafts,http://blackoveja.com/,,,Madrid,"40,4288825","-3,7008843"
Cacharreria Bazar de las Sorpresas,arts_and_crafts,Ingen webbplats,2,,Madrid,"40,420549","-3,678294"
CaMo,arts_and_crafts,https://carinamoreira.com/,2,,Madrid,"40,3934811","-3,7125665"
Cañamazo,arts_and_crafts,http://twitter.com/patchmadrid,2,,Madrid,"40,4353763","-3,7121626"
Cantaro,arts_and_crafts,http://www.ceramicacantaro.com,,,Madrid,"40,4225316","-3,7101724"
2,arts_and_crafts,https://www.carlin.es,,,Madrid,"40,4331903","-3,7134319"
Casa González& González,arts_and_crafts,Ingen webbplats,,,Madrid,"40,4245983","-3,6970972"
CasaMexico,arts_and_crafts,http://www.estudiocasamexico.com/,,,Madrid,"40,46208","-3,70997"
Cesteria SAGON,arts_and_crafts,http://www.cesteriasagon.com/,2,,Madrid,"40,4246189","-3,6671875"
Ch'Art manualidades,arts_and_crafts,Ingen webbplats,2,,Madrid,"40,3864375","-3,7010967"
Cocol,arts_and_crafts,http://www.cocolmadrid.es/,,,Madrid,"40,4124504","-3,711834"
Corzon,arts_and_crafts,http://www.corzon.com/,,,Madrid,"40,411528","-3,6937761"
Cristina de Josh,arts_and_crafts,http://www.cristinadejosh.com/,,,Madrid,"40,3444959","-3,7063187"
Cuadros Gavi,arts_and_crafts,http://cuadrosgavi.es/,2,,Madrid,"40,3886013","-3,7389457"
Curtidos Divigar,arts_and_crafts,http://curtidosdivigar.blogspot.com.es/,2,,Madrid,"40,4131137","-3,7023448"
Curtidos Villaverde,arts_and_crafts,http://www.curtidosvillaverde.com/,2,,Madrid,"40,4132235","-3,7069494"
CurtidosArganzuela,arts_and_crafts,http://www.curtidosarganzuela.com/,2,,Madrid,"40,4082245","-3,7099576"
DeArte Manualidades y Artes Plásticas,arts_and_crafts,http://www.deartemanualidades.com/,2,,Madrid,"40,4026903","-3,6049419"
Dechado,arts_and_crafts,http://www.dechado.es/,,,Madrid,"40,455903","-3,676856"
Decorart,arts_and_crafts,https://5ec56ac98ad4f.site123.me/,,,Madrid,"40,4053468","-3,67362"
Delipapel,arts_and_crafts,http://www.delipapel.com/,,,Madrid,"40,45942","-3,78556"
Dubita,arts_and_crafts,https://dubita.es/,,,Madrid,"40,4454567","-3,6738908"
El Ajuste Justo,arts_and_crafts,http://www.elajustejusto.es,,,Madrid,"40,4255658","-3,6695953"
El Arco Artesanía,arts_and_crafts,https://www.facebook.com/sanmiguelartesaniacoco,,,Madrid,"40,414985","-3,708045"
El Astronauta del Rastro,arts_and_crafts,http://www.elastronautadelrastro.com/,,,Madrid,"40,41076","-3,70541"
ElTintero,arts_and_crafts,http://www.eltinterocaligrafia.com/,,,Madrid,"40,44121","-3,68041"
Empapelarte,arts_and_crafts,Ingen webbplats,,,Madrid,"40,4356768","-3,7100913"
"Enmarcaciones Eufemio Simón, S.L",arts_and_crafts,thttps://www.enmarcacioneseufemiosimon.es/es/,2,,Madrid,"40,42477","-3,67851"
Enmarcart Madrid,arts_and_crafts,http://www.enmarcartmadrid.es/,2,,Madrid,"40,416101","-3,7057451"
Escuela de labores Lanasytelas,arts_and_crafts,http://www.lanasytelas.es/,2,,Madrid,"40,46534","-3,63111"
Espacio Arte y Río,arts_and_crafts,http://www.anabarreraarte.com/espacioarteyrio,,,Madrid,"40,4096904","-3,7203624"
Espacio Must Wanted Madrid,arts_and_crafts,Ingen webbplats,2,,Madrid,"40,4275953","-3,6822138"
Espartería Juan Sánchez,arts_and_crafts,http://www.esparteria.com/,2,,Madrid,"40,4099426","-3,7107654"
ESTARIBEL,arts_and_crafts,https://estaribel.wordpress.com/,,,Madrid,"40,42464","-3,699"
Estrelladecolor taller de arte,arts_and_crafts,http://www.estrelladecolor.com/,,,Madrid,"40,37893","-3,65574"
Estudio La Playa,arts_and_crafts,Ingen webbplats,,,Madrid,"40,41247","-3,72787"
Expoartesania  Tabacalera,arts_and_crafts,http://latabacalera.net/,,,Madrid,"40,4060958","-3,7020326"
Fábrica de Cajas de Cartón,arts_and_crafts,https://www.fabricadecajasforradasysombrereras.com/,,,Madrid,"40,4187957","-3,6280328"
Feg MaquÍNaria,arts_and_crafts,Ingen webbplats,2,,Madrid,"40,40395","-3,69191"
Fieltros Olleros,arts_and_crafts,http://fieltrosolleros.com/,2,,Madrid,"40,4161592","-3,7086523"
GEOVI,arts_and_crafts,http://www.geovi.es/,,,Madrid,"40,4785657","-3,6447224"
Germain Trumpf Luthier,arts_and_crafts,Ingen webbplats,,,Madrid,"40,413398","-3,7321329"
Gris,arts_and_crafts,Ingen webbplats,,,Madrid,"40,478056","-3,644999"
Imcasa,arts_and_crafts,http://www.imcasa.com,,,Madrid,"40,395687","-3,671022"
Imcasa,arts_and_crafts,http://www.imcasa.com,2,duplicate,Madrid,"40,44705","-3,6113"
Jer,arts_and_crafts,http://www.tiendabellasartesjer.com/,,,Madrid,"40,4232476","-3,6989139"
Juan Manuel Cabañas Muñoz,arts_and_crafts,,,,Madrid,"40,4555","-3,69079"
KUUS,arts_and_crafts,http://www.kuus.es/,,,Madrid,"40,4537584","-3,6639035"
La Casa del Artista,arts_and_crafts,http://www.lacasadelartista.com/,,,Madrid,"40,434324","-3,6471597"
La Ciudad del Plata,arts_and_crafts,Ingen webbplats,,,Madrid,"40,415133","-3,706222"
La Dominoteria Papeles Especiales S.L.,arts_and_crafts,http://www.ladominoteria.com/,,,Madrid,"40,4075971","-3,6830345"
La Fábrica de Cajas,arts_and_crafts,http://www.lafabricadecajas.com/,,,Madrid,"40,4273086","-3,7081939"
La Laborteca,arts_and_crafts,https://www.lalabortecadejulia.com/?fbclid=PAAaZrdhY9HB8AvAwGvXy9Z3W17Bo51TvdukAr3ZVZHPD4iy9FnLfDSsLgvks,,,Madrid,"40,416719","-3,7092516"
La Piel del Zorro,arts_and_crafts,http://www.lapieldelzorro.es/,,,Madrid,"40,407958","-3,696155"
La Plástica,arts_and_crafts,http://www.laplastica.es/,,,Madrid,"40,4243332","-3,7012632"
La Revoltosa,arts_and_crafts,http://www.tejidoslarevoltosa.com/,,,Madrid,"40,40534","-3,70756"
La Riva Papeles Especiales,arts_and_crafts,http://www.lariva.com,,,Madrid,"40,424237","-3,702233"
La Turmix,arts_and_crafts,https://instagram.com/laturmix_madrid?utm_medium=copy_link,,,Madrid,"40,4101179","-3,7089838"
Labores Punto Com,arts_and_crafts,http://www.laborespuntocom.com/,2,,Madrid,"40,4404354","-3,7082011"
"
",arts_and_crafts,https://www.lanasgatonegro.com/,2,,Madrid,"40,4158057","-3,7064898"
Lanas Sixto,arts_and_crafts,Ingen webbplats,2,,Madrid,"40,4146256","-3,7048255"
Lanas y labores Petite Alouette,arts_and_crafts,http://www.petitealouette.es/,2,,Madrid,"40,431131","-3,714503"
Las Arte-Sanas de Madrid,arts_and_crafts,http://www.losbichosartesanos.wix.com/madrid,2,,Madrid,"40,4112588","-3,7054887"
Las Artesanas,arts_and_crafts,http://www.lasartesanasdehuertas.com/,2,,Madrid,"40,4137133","-3,6992269"
Las Baronillas,arts_and_crafts,Ingen webbplats,2,,Madrid,"40,39323","-3,7514"
Lidias Handmade,arts_and_crafts,http://lidiashandmade.com/,2,,Madrid,"40,4265693","-3,6012745"
Lorenzo Carrera,arts_and_crafts,http://comercialbellaverde.com/,,,Madrid,"40,3763404","-3,7683098"
Losan Industrias Gráficas,arts_and_crafts,http://www.losansg.es/,,,Madrid,"40,4227321","-3,6656179"
Lumbre y Barro,arts_and_crafts,http://www.lumbreybarro.com/,,,Madrid,"40,4337083","-3,7155246"
Lutheria y Artesanía Fina,arts_and_crafts,https://www.etsy.com/shop/arteconresina,,,Madrid,"40,39889","-3,66279"
Maderas Madebel CB,arts_and_crafts,http://www.madebel.es,2,,Madrid,"40,346502","-3,712578"
Mahely Espacio Creativo,arts_and_crafts,Ingen webbplats,,,Madrid,"40,4068993","-3,6996088"
Manualidades LA CAJITA,arts_and_crafts,http://www.manualidadeslacajita.es/,2,,Madrid,"40,3881531","-3,7558604"
Maquetas 113,arts_and_crafts,http://www.maquetas113.com/,,,Madrid,"40,3938576","-3,7630185"
Marcopal,arts_and_crafts,http://www.marcopal.es/,2,,Madrid,"40,4568645","-3,6907037"
Marcos Sansinena Restauracion,arts_and_crafts,Ingen webbplats,2,,Madrid,"40,45682","-3,67278"
Maroto,arts_and_crafts,Ingen webbplats,2,,Madrid,"40,4161122","-3,7077992"
Marta Cerámica,arts_and_crafts,http://martaceramica.com/,,,Madrid,"40,3972793","-3,7030218"
Megino,arts_and_crafts,http://www.megino.net/,,,Madrid,"40,4252246","-3,7019001"
Mercería Almacén de Pontejos,arts_and_crafts,http://www.pontejos.com/,2,,Madrid,"40,41617","-3,70428"
Mercería El Capricho,arts_and_crafts,Ingen webbplats,2,,Madrid,"40,37761","-3,747709"
Mercería Magilda,arts_and_crafts,http://www.lenceriamagilda.com/,2,,Madrid,"40,46633","-3,78344"
Micuari. Arte y Diseño Mexicano,arts_and_crafts,Ingen webbplats,,,Madrid,"40,4235979","-3,700258"
Mikrama Arte Textil,arts_and_crafts,http://www.mikrama.com/,,,Madrid,"40,4778405","-3,7143063"
Milanas,arts_and_crafts,http://www.milanascreaciones.com/,,,Madrid,"40,412003","-3,7207725"
milbby,arts_and_crafts,Ingen webbplats,,,Madrid,"40,4798965","-3,7052514"
Mio Amore,arts_and_crafts,http://mioamore.es/,,,Madrid,"40,4259422","-3,712353"
Montana Shop Madrid,arts_and_crafts,http://www.montanacolors.com/webapp,,,Madrid,"40,4194263","-3,6998876"
Moon,arts_and_crafts,http://www.mueblesmoon.com,,,Madrid,"40,447605","-3,673694"
Morueco Cerámicas,arts_and_crafts,Ingen webbplats,,,Madrid,"40,4090102","-3,7083906"
Morueco Cerámicas,arts_and_crafts,Ingen webbplats,2,duplicate,Madrid,"40,412534","-3,6950071"
My Scrap Place,arts_and_crafts,http://www.myscrapplace.com/,,,Madrid,"40,4360461","-3,7102133"
No sin mis patucos.,arts_and_crafts,https://nosinmispatucos.com/,2,,Madrid,"40,4065662","-3,6742644"
Ojos de Papel,arts_and_crafts,http://ojosdepapelscrap.org/,,,Madrid,"40,42702","-3,70446"
OliviayCloe,arts_and_crafts,http://www.oliviaycloe.es/,,,Madrid,"40,4234478","-3,6941869"
Oribe Cerámica,arts_and_crafts,http://www.oribeceramica.com/,,,Madrid,"40,4002633","-3,6965059"
Paisaje_doméstico,arts_and_crafts,Ingen webbplats,,,Madrid,"40,4394983","-3,6293959"
Papelería Alfil.be Atocha-Madrid,arts_and_crafts,https://alfil.be/,2,,Madrid,"40,4046078","-3,695569"
Papelería Bellas Artes La Luna,arts_and_crafts,Ingen webbplats,2,,Madrid,"40,3862818","-3,7016459"
Papelería Raquel,arts_and_crafts,http://www.papeleriaraquel.es/,2,,Madrid,"40,3496206","-3,6993042"
Petite Alouette,arts_and_crafts,http://www.alondrapetite.es/,,,Madrid,"40,4354787","-3,6791673"
Pinta en Copas,arts_and_crafts,http://www.pintaencopas.com/,,,Madrid,"40,4266839","-3,7021096"
Pinturas Aluche,arts_and_crafts,http://www.pinturasaluche.es/,2,,Madrid,"40,3780534","-3,7668889"
Pinturas Pami sl,arts_and_crafts,https://www.pinturaspami.es/es/,2,,Madrid,"40,4283839","-3,6667921"
Pinturas zambrana slu,arts_and_crafts,Ingen webbplats,2,,Madrid,"40,38706","-3,7375"
Pitarque Robots,arts_and_crafts,http://www.pitarquerobots.com/,2,,Madrid,"40,4480004","-3,6628911"
Puerta Belen,arts_and_crafts,http://puerta-belen.com/,,,Madrid,"40,4246938","-3,7072487"
Pukymuky,arts_and_crafts,http://www.pukymuky.com/,,,Madrid,"40,3946938","-3,763121"
PuntoEstrella,arts_and_crafts,Ingen webbplats,,,Madrid,"40,4219935","-3,7060103"
Q.haydemasa Oficial,arts_and_crafts,Ingen webbplats,,,Madrid,"40,3975184","-3,7711066"
R. Agulló Maderas,arts_and_crafts,http://www.agullomaderas.com/,2,,Madrid,"40,3959944","-3,6992694"
Restauración de Lámparas Sixto,arts_and_crafts,http://www.restauracionlamparasmadrid.es/,2,,Madrid,"40,4361956","-3,6699393"
Restauradores ORTIZ Madrid,arts_and_crafts,Ingen webbplats,2,,Madrid,"40,43727","-3,68533"
Río Multigestión Administración de Fincas e Inmobiliaria,arts_and_crafts,http://www.riomultigestion.com/,2,,Madrid,"40,4097432","-3,7203452"
Ruta Textil ,arts_and_crafts,http://www.rutatextil.es/,,,Madrid,"40,4339887","-3,6264506"
Saeta Modelismo,arts_and_crafts,http://www.saeta-modelismo.com,2,duplicate,Madrid,"40,44833","-3,7010265"
Saeta Modelismo,arts_and_crafts,http://www.saetahobbies.es/,,,Madrid,"40,4445951","-3,6965985"
Sancer,arts_and_crafts,http://www.sancer.com/,2,,Madrid,"40,435379","-3,71753"
ScrapHouse Madrid,arts_and_crafts,Ingen webbplats,,,Madrid,"40,43168","-3,71265"
Se Happy,arts_and_crafts,http://www.sehappy.com,,,Madrid,"40,4595707","-3,6995484"
Sirius Madrid,arts_and_crafts,http://www.siriusmadrid.com/,,,Madrid,"40,4257707","-3,7035854"
Sitomaco Máquinas de Coser.,arts_and_crafts,http://www.sitomaco.es/,2,,Madrid,"40,4625541","-3,698571"
"Sitomaco,  Venta y reparación máquinas de coser- Distr.oficial ALFA",arts_and_crafts,http://sitomaco.es/,2,,Madrid,"40,462521","-3,698559263"
Sobrinos de Pérez,arts_and_crafts,Ingen webbplats,2,,Madrid,"40,416245","-3,705447"
Soluciones Gráficas Salamanca,arts_and_crafts,http://www.sgsalamanca.com/,2,,Madrid,"40,4298848","-3,6770552"
Tado,arts_and_crafts,Ingen webbplats,2,,Madrid,"40,4139354","-3,699474"
Taller Arte y Fuego,arts_and_crafts,Ingen webbplats,,,Madrid,"40,433607","-3,6591249"
Taller Ceramicarte,arts_and_crafts,http://www.tallerceramicarte.com/,,,Madrid,"40,4088936","-3,7114083"
Taller de Arte Matiz,arts_and_crafts,http://www.tallerdeartematiz.com/,,,Madrid,"40,43597","-3,6716432"
Taller de Costura Elena,arts_and_crafts,https://elenacostura.com/,2,,Madrid,"40,45605469","-3,700642824"
Taller De Encuadernación La Eriza,arts_and_crafts,,,,Madrid,"40,42379685","-3,702055"
Taller Estudio Petra,arts_and_crafts,Ingen webbplats,,,Madrid,"40,4206099","-3,6516413"
Taller Puntera,arts_and_crafts,http://www.puntera.com/,,,Madrid,"40,4145614","-3,7089019"
Tecelá,arts_and_crafts,http://www.tecela.es/,,,Madrid,"40,4445329","-3,6692071"
Tejiendo Madrid,arts_and_crafts,http://tejiendomadrid.com/,,,Madrid,"40,4285302","-3,6768717"
The Stendhal Shop,arts_and_crafts,https://www.thestendhalshop.com/,,,Madrid,"40,42303961","-3,70499238"
Tienda la Chelinda,arts_and_crafts,Ingen webbplats,2,,Madrid,"40,43242","-3,71216"
Tienda Lienzo,arts_and_crafts,https://tiendalienzo.com/,2,,Madrid,"40,4524376","-3,6992237"
Tinker Junkie,arts_and_crafts,http://tinkerjunkie.com/,,,Madrid,"40,42757","-3,72449"
Tirso Papel y Bolsas,arts_and_crafts,http://www.tirsopapelybolsas.com/,2,,Madrid,"40,4119279","-3,7044279"
Todo Arte,arts_and_crafts,http://www.mirelu.es/,,,Madrid,"40,4677849","-3,6391238"
Todoart,arts_and_crafts,http://www.todoart.es/,,,Madrid,"40,4312823","-3,7088238"
Todopuntodecruz,arts_and_crafts,https://todopuntodecruz.com/,2,,Madrid,"40,445597","-3,6626957"
Topvendases,arts_and_crafts,http://topvendases.com/,,,Madrid,"40,41617","-3,70167"
Turcomana,arts_and_crafts,http://www.turcomana.com/,,,Madrid,"40,4155202","-3,7054176"
Vaquitas de san antonio,arts_and_crafts,http://vaquitasdesanantonio.com/,,,Madrid,"40,4358301","-3,6700065"
Villanueva XXIII,arts_and_crafts,http://www.villanueva23.com/,,,Madrid,"40,4223982","-3,6846525"
Vista Alegre,arts_and_crafts,http://www.myvistaalegre.com,,,Madrid,"40,4271787","-3,6863541"
Vista Alegre Atlantis,arts_and_crafts,http://www.vistaalegreatlantis.com,,,Madrid,"40,429699","-3,673975"
Writers Madrid,arts_and_crafts,http://writersmadrid.es/,,,Madrid,"40,4229144","-3,7070789"
13 Studio Loft,arts_and_entertainment,Ingen webbplats,,,Madrid,"40,4096014","-3,7176811"
48 Artstudio,arts_and_entertainment,http://www.48artstudio.com/,,,Madrid,"40,4282","-3,67828"
50-Project Indoor Skatepark Madrid,arts_and_entertainment,https://escuelaskate50project.com/,,,Madrid,"40,3953012","-3,7003236"
5959 Escape,arts_and_entertainment,https://5959.es/,2,,Madrid,"40,4536883","-3,6986947"
A Escena,arts_and_entertainment,http://www.studioaescena.com/,,,Madrid,"40,434039","-3,6542024"
A mi aire - Sala Multiespacios,arts_and_entertainment,Ingen webbplats,,,Madrid,"40,4035457","-3,6040735"
ABC Serrano Terraza,arts_and_entertainment,https://www.abcserranoterraza.com/,2,,Madrid,"40,4322944","-3,6877349"
Academia Artes Escénicas. Musical Theatre Underground,arts_and_entertainment,Ingen webbplats,,,Madrid,"40,43473","-3,71381"
Academia C10,arts_and_entertainment,https://www.academiac10.com/,,,Madrid,"40,4770444","-3,7059309"
Academia Orsini,arts_and_entertainment,Ingen webbplats,,,Madrid,"40,436301","-3,675861"
Acontratempo,arts_and_entertainment,Ingen webbplats,,,Madrid,"40,4037173","-3,6996235"
Acting. Escuela de Artes Escénicas,arts_and_entertainment,http://www.actingescueladeartesescenicas.com/,,,Madrid,"40,4275901","-3,7162774"
ActionHouse  - Room Escape & Roleplaying en Madrid,arts_and_entertainment,http://www.actionhouse.es/,2,,Madrid,"40,443735","-3,6764969"
Actores Madrid Escuela de Actores,arts_and_entertainment,http://www.actoresmadrid.com/,,,Madrid,"40,42146","-3,70392"
Agencia de viajes Volare,arts_and_entertainment,Ingen webbplats,2,,Madrid,"40,42535","-3,68447"
Agrupación de Madrileños y Amigos Los Castizos,arts_and_entertainment,http://www.loscastizos.es/,,,Madrid,"40,4112697","-3,7016813"
AIE Sociedad de Artistas,arts_and_entertainment,https://www.aie.es/,,,Madrid,"40,462305","-3,6692839"
Al Trote Zona Infantil,arts_and_entertainment,http://www.altrote.net/,,,Madrid,"40,45971","-3,67751"
Albacete en Madrid,arts_and_entertainment,http://www.casaclmmadrid.org/,,,Madrid,"40,4154524","-3,7042218"
Albert's Voices - Escuela de canto,arts_and_entertainment,https://www.albertsvoices.com/,,,Madrid,"40,4099611","-3,7111669"
Alliance Audiovisuales - ETT,arts_and_entertainment,http://www.alliance.es/servicios/alliance-empleo/audiovisuales/index.html,,,Madrid,"40,4043007","-3,6933501"
AlterEgo TalentHouse,arts_and_entertainment,http://www.alteregoth.com/,,,Madrid,"40,4193799","-3,71099"
Alustante Quince,arts_and_entertainment,http://www.alustantequince.com/,2,,Madrid,"40,4430067","-3,6711861"
Amasarte cerámica artística,arts_and_entertainment,http://www.amasarte.es/,,,Madrid,"40,4243488","-3,7060858"
Amigos Opera Madrid,arts_and_entertainment,http://www.amigosoperamadrid.es/,,,Madrid,"40,4243926","-3,7072261"
Anhela Madrid,arts_and_entertainment,http://www.anhelamadrid.com/,,,Madrid,"40,458245","-3,685825"
Animaciones infantiles ¡A Divertirse!,arts_and_entertainment,https://animacionesadivertirse.es/,2,,Madrid,"40,4637709","-3,6447302"
Animaciones La Merendola,arts_and_entertainment,https://cys-animacioneslamerendola.com/,2,,Madrid,"40,39351","-3,68802"
Animal Party Chamartín,arts_and_entertainment,http://www.animalparty.es/chamartin/index.php?acc=contacto#.VqjmYvnhC1t,2,,Madrid,"40,4565195","-3,6720729"
Anonimoclub,arts_and_entertainment,https://fellinamadrid.com/,2,,Madrid,"40,4307112","-3,6942943"
Antichitá GD,arts_and_entertainment,Ingen webbplats,2,,Madrid,"40,4267201","-3,7080893"
Aquarium,arts_and_entertainment,Ingen webbplats,2,,Madrid,"40,4250888","-3,7124776"
ARA Music Group,arts_and_entertainment,http://www.aramusicgroup.com/,2,,Madrid,"40,4149515","-3,6902607"
Argüelles,arts_and_entertainment,Ingen webbplats,2,this is a district,Madrid,"40,4294136","-3,721413"
Arroyo de la Granjilla,arts_and_entertainment,Ingen webbplats,,,Madrid,"40,44762","-3,74582"
Art & Danza,arts_and_entertainment,Ingen webbplats,,,Madrid,"40,4413477","-3,7126325"
"Art & Play Madrid.Extraescolares, Talleres y cumpleaños",arts_and_entertainment,http://www.artandplay.es/,,,Madrid,"40,5027735","-3,6719931"
Arte y artistas,arts_and_entertainment,http://www.arteyartistas.es/,,,Madrid,"40,3797112","-3,7411699"
Arte y Cultura. Fundación ONCE,arts_and_entertainment,http://arteycultura.fundaciononce.es/,,,Madrid,"40,4039942","-3,6993635"
Artecomp,arts_and_entertainment,http://www.artecomp.es/,2,,Madrid,"40,439585","-3,6276025"
Artecrochet,arts_and_entertainment,Ingen webbplats,2,,Madrid,"40,4044721","-3,6985741"
ArteDiez Market,arts_and_entertainment,https://artediez.es/blog/inscripcion-para-participar-en-artediez-market-2018/,,,Madrid,"40,40425","-3,68046"
Artesaniachopo,arts_and_entertainment,https://artesaniachopo.com/,,,Madrid,"40,41435","-3,70263"
As De Magia,arts_and_entertainment,http://tienda.asdemagia.com/,,,Madrid,"40,4455406","-3,674159"
Asaltosonoro,arts_and_entertainment,http://www.asaltosonoro.com/,,,Madrid,"40,4587545","-3,6465331"
Asociación cultural ATF de Las Ventas,arts_and_entertainment,http://www.calipal.org,,,Madrid,"40,430535","-3,663364"
Asociación Cultural Gruñidos Salvajes,arts_and_entertainment,http://www.gruidosalvajes.e.telefonica.net/,,,Madrid,"40,40867","-3,709021"
Asociacion de Pintores Con la Boca y los Pies,arts_and_entertainment,http://www.apbp-spain.com,2,,Madrid,"40,4256503","-3,7169665"
Asociación de Vendedores Profesionales de Prensa de Madrid,arts_and_entertainment,http://www.avppm.es/,2,,Madrid,"40,43591","-3,70372"
Asociación Vecinal de Lucero,arts_and_entertainment,https://avvlucero.org/,,,Madrid,"40,4029884","-3,74476"
ASSETUR ASESORES,arts_and_entertainment,https://asseturasesores.es/,2,,Madrid,"40,42929482","-3,701209361"
Astrum Gestión Artística,arts_and_entertainment,http://www.astrumeventos.com/,2,,Madrid,"40,4138777","-3,6969892"
ASVideo,arts_and_entertainment,http://www.asvideo.net/,,,Madrid,"40,396876","-3,69233"
Atelier Aletheia,arts_and_entertainment,http://www.atelier-aletheia.com/,,,Madrid,"40,4225866","-3,722969"
Atelier Madrid,arts_and_entertainment,http://www.ateliermadrid.es/,,,Madrid,"40,40584","-3,699"
Atelier Vintage Costuras,arts_and_entertainment,Ingen webbplats,,,Madrid,"40,4078024","-3,7240347"
ATM Broadcast,arts_and_entertainment,http://www.atm-es.com/,,,Madrid,"40,4275409","-3,6627356"
Avenida de José Antonio (Madrid),arts_and_entertainment,Ingen webbplats,2,this is an avenue,Madrid,"40,42","-3,7036111"
Ayer y Hoy,arts_and_entertainment,https://www.ayeryhoy.es/,,,Madrid,"40,3849329","-3,6077777"
Azul de Acre,arts_and_entertainment,http://www.azuldeacre.es/,,,Madrid,"40,3998868","-3,7064477"
Babelia - El País,arts_and_entertainment,http://cultura.elpais.com/cultura/babelia.html,2,,Madrid,"40,4374443","-3,6242825"
Baila bajo la lluvia,arts_and_entertainment,http://www.bailabajolalluvia.com/,,,Madrid,"40,47304","-3,57809"
Ballet Nacional de España,arts_and_entertainment,http://balletnacional.mcu.es/,,,Madrid,"40,3954675","-3,7013524"
Bambola Casa Creativa,arts_and_entertainment,http://www.bambolacasacreativa.com/,,,Madrid,"40,475953","-3,701491"
Bar de Copas El Meneo,arts_and_entertainment,Ingen webbplats,2,,Madrid,"40,3949","-3,66558"
Barrio de Chueca,arts_and_entertainment,http://www.chueca.com/,,,Madrid,"40,4218789","-3,6989557"
Barroumami,arts_and_entertainment,Ingen webbplats,,,Madrid,"40,4127668","-3,7277437"
Be Sweet Films,arts_and_entertainment,http://www.besweetfilms.com/,,,Madrid,"40,4436746","-3,6798521"
Bellas Artes y Manualidades TOPAZ,arts_and_entertainment,https://www.topaztopaz.com/,,,Madrid,"40,4600304","-3,6764789"
Bendito Sonido,arts_and_entertainment,http://www.benditosonido.com/,,,Madrid,"40,4666801","-3,6949969"
BFC Artroom. Begoña Fernandez-Castaño Hernando,arts_and_entertainment,http://www.bfc-artroom.com/,,,Madrid,"40,4554884","-3,6613527"
Bienal Arte Contemporáneo Fundación Once,arts_and_entertainment,http://arteycultura.fundaciononce.es/,,,Madrid,"40,41901","-3,69218"
Bienal Flamenco Madrid,arts_and_entertainment,http://bienalflamencomadrid.com/,,,Madrid,"40,42383","-3,70099"
Black Cat House,arts_and_entertainment,http://www.blackcathouse.com/,,,Madrid,"40,437753","-3,6921787"
BLACK ROSE,arts_and_entertainment,,,,Madrid,"40,415625","-3,6996535"
Blackout,arts_and_entertainment,http://www.blackout-av.com,,,Madrid,"40,40325","-3,690945"
Blacktone Studio,arts_and_entertainment,http://www.blacktone-studio.com/,,,Madrid,"40,4105954","-3,7341879"
Boa Music,arts_and_entertainment,http://www.boa.es/,,,Madrid,"40,38907","-3,68956"
Bonsai,arts_and_entertainment,Ingen webbplats,,,Madrid,"40,44729","-3,7261891"
Bordados Sister,arts_and_entertainment,http://bordadossister.com/,,,Madrid,"40,3806787","-3,7038966"
Bosalay Films,arts_and_entertainment,http://www.bosalay.com/,,,Madrid,"40,4393993","-3,6936639"
Brizuela Luthier,arts_and_entertainment,Ingen webbplats,,,Madrid,"40,4090693","-3,7049617"
"Bruges, Belgium",arts_and_entertainment,http://www.brugge.be/,2,this is literally bruges ,Madrid,"40,4125228","-3,7090929"
Brunch Electronik Madrid,arts_and_entertainment,https://madrid.brunchelectronik.com/,,,Madrid,"40,39077","-3,6832"
Buho Management,arts_and_entertainment,http://buhomanagement.com,,,Madrid,"40,4814835","-3,7129688"
Bulevarte,arts_and_entertainment,Ingen webbplats,,,Madrid,"40,3957285","-3,6668939"
Cadena Perpetua,arts_and_entertainment,Ingen webbplats,2,are scape rooms praesidias? there are so many in different categories,Madrid,"40,475381","-3,6288"
Calero Encuadernación Artesanal,arts_and_entertainment,http://www.encuadernacioncalero.com/,2,,Madrid,"40,4234951","-3,692301"
Calle Barco,arts_and_entertainment,Ingen webbplats,2,this is a street,Madrid,"40,421692","-3,702945"
Calle San Vicente Ferrer - Malasaña,arts_and_entertainment,http://www.sanvicenteferrer-malasana.com/,2,this is a street,Madrid,"40,425407","-3,7010613"
Caminos del Románico,arts_and_entertainment,http://www.caminosdelromanico.com/,,,Madrid,"40,4343394","-3,7134596"
Campo De Futbol Zofio,arts_and_entertainment,Ingen webbplats,,,Madrid,"40,378597","-3,7179806"
Canciona,arts_and_entertainment,https://canciona.com/,,,Madrid,"40,42544","-3,67463"
Caño Roto,arts_and_entertainment,Ingen webbplats,,,Madrid,"40,38433","-3,74834"
CAOS Organizado,arts_and_entertainment,http://www.caosorganizado.es/,,,Madrid,"40,4427756","-3,6975204"
CAR Mesena53.    Entrenamiento Personal,arts_and_entertainment,https://www.instagram.com/pedrobianco1/?hl=es,2,personal trainer services,Madrid,"40,4635","-3,68057"
Caracal Olt,arts_and_entertainment,Ingen webbplats,2,,Madrid,"40,4856867","-3,6523444"
Caracol Miricol,arts_and_entertainment,http://caracol-miricol.blogspot.com/,,,Madrid,"40,4328566","-3,6956379"
Caracoles y Solar,arts_and_entertainment,Ingen webbplats,2,,Madrid,"40,4379605","-3,6123238"
Caravan Proyectos De Cultura,arts_and_entertainment,http://caravancultura.com/,,,Madrid,"40,445155","-3,672354"
Carmen Cantero Productions,arts_and_entertainment,http://www.carmencantero.com/,,,Madrid,"40,4384689","-3,7129099"
Carmen MuÑOz Hand Painted,arts_and_entertainment,http://www.carmenmunoz.es/,2,,Madrid,"40,42588","-3,6951027"
Carnicería,arts_and_entertainment,http://www.carniceria.org/,2,casa de apostas ,Madrid,"40,38796","-3,73722"
Carpetania Madrid,arts_and_entertainment,http://www.carpetaniamadrid.com/,,,Madrid,"40,4243399","-3,7044526"
Cartagena Murcia La Manga,arts_and_entertainment,Ingen webbplats,2,,Madrid,"40,39264","-3,6614"
Casa de León en Madrid,arts_and_entertainment,http://www.casaleon.org/,,,Madrid,"40,4228732","-3,7040816"
Casa de Velázquez,arts_and_entertainment,http://www.casadevelazquez.org/,,,Madrid,"40,4413832","-3,7303706"
Casa del encuentro artístico,arts_and_entertainment,https://arosaconcierto.wixsite.com/arosagomezmusico,,,Madrid,"40,4363752","-3,6776148"
Casa Persa,arts_and_entertainment,Ingen webbplats,,,Madrid,"40,4207169","-3,7076926"
Cava Baja Gallery,arts_and_entertainment,http://www.cavabajagallery.com/,,,Madrid,"40,4122447","-3,7093649"
Cavaillé-Coll en Santa Cruz - Madrid,arts_and_entertainment,http://www.parroquiadesantacruz.com/,,,Madrid,"40,4146","-3,70524"
Centre Ville De Madrid,arts_and_entertainment,http://www.marseillan.com/,,,Madrid,"40,4166655","-3,7035084"
Centro Bollywood Masala Madrid,arts_and_entertainment,http://www.masalamadrid.com/,,,Madrid,"40,4234496","-3,7065669"
Centro Comercial Arenal 8,arts_and_entertainment,Ingen webbplats,,,Madrid,"40,417137","-3,705378"
Centro Cultural Alfonso XII,arts_and_entertainment,http://www.madrid.es,,,Madrid,"40,5197868","-3,7779395"
Centro Cultural Blasco Ibañez,arts_and_entertainment,http://www.madrid.es,,,Madrid,"40,3949657","-3,7327896"
Centro Cultural Daoiz Y Velarde,arts_and_entertainment,http://madrid.es/portales/munimadrid/es/Inicio/Ayuntamiento/Deportes/Centro-Deportivo-Municipal-Daoiz-y-Velarde-1?vgnextfmt=default&vgnextoid=380d5f463b81c010VgnVCM1000000b205a0aRCRD&vgnextchannel=cb1a171c30036010VgnVCM100000dc0ca8c0RCRD,,,Madrid,"40,4017653","-3,6771621"
Centro Cultural Jose de Espronceda,arts_and_entertainment,http://www.madrid.es,,,Madrid,"40,4486476","-3,7045049"
Centro Cultural La Corrala,arts_and_entertainment,https://www.uam.es/ss/Satellite/es/1242657634005/contenidoFinal/Centro_Cultural_La_Corrala._Museo_de_Artes___y_Tradiciones_Populares.htm,,,Madrid,"40,4088446","-3,7082821"
Centro Cultural los Rosales,arts_and_entertainment,http://www.madrid.es,,,Madrid,"40,3509915","-3,6766831"
Centro Cultural Meseta de Orcasitas,arts_and_entertainment,http://www.madrid.es,,,Madrid,"40,3693707","-3,7083126"
Centro Cultural San Juan Bautista,arts_and_entertainment,Ingen webbplats,,,Madrid,"40,452235","-3,6580394"
Centro de Alto Rendimiento Musical CARM,arts_and_entertainment,http://www.centroaltorendimientomusical.com/,,,Madrid,"40,4653978","-3,6769813"
Centro De Artesanía De Las Artes Escénicas,arts_and_entertainment,http://www.residuiteatro.com/,,,Madrid,"40,400685","-3,701488"
Centro de Mayores Alonso Heredia,arts_and_entertainment,http://www.madrid.org,,,Madrid,"40,4345075","-3,6739655"
Centro de promoción integral de las artes 10 Arts,arts_and_entertainment,http://www.10arts.es/,,,Madrid,"40,4232947","-3,6749637"
Centro Ecuestre Alameda del Pardo,arts_and_entertainment,http://www.alamedadelpardo.com/,,,Madrid,"40,5149353","-3,726501"
Centro Juvenil Atocha,arts_and_entertainment,http://www.cjatocha.es/,,,Madrid,"40,4056572","-3,6957091"
Centro Juvenil el Sitio de Mi Recreo,arts_and_entertainment,http://issuu.com/centrojuvenilelsitiodemirecreo,,,Madrid,"40,379779","-3,616883"
Centro Social Seco,arts_and_entertainment,http://www.cs-seco.org,,,Madrid,"40,402512","-3,668144"
Centro Sociocultural Carabanchel Alto,arts_and_entertainment,http://www.madrid.es/portales/muni,,,Madrid,"40,366928","-3,755284"
Centro Sociocultural Maestro Alonso,arts_and_entertainment,http://maestroalonso.centrosculturalesdemadrid.com/,,,Madrid,"40,4293883","-3,6648202"
Chaining Records,arts_and_entertainment,http://www.chainingrecords.com/,,,Madrid,"40,40625","-3,69328"
CHAO Management,arts_and_entertainment,http://www.chaomanagement.com/,,,Madrid,"40,4148157","-3,7036592"
Chueca Incoming,arts_and_entertainment,http://www.chuecaincoming.com/,,,Madrid,"40,42316","-3,69604"
Ciber Jisu,arts_and_entertainment,http://wulineu.wixsite.com/mysite,,,Madrid,"40,42209","-3,71032"
Cine Tívoli,arts_and_entertainment,http://www.vips.es/,,,Madrid,"40,422886","-3,679605"
"Cinytres, S.L.",arts_and_entertainment,http://www.cinytres.es/,,,Madrid,"40,4394366","-3,6295201"
Circulo de las Artes,arts_and_entertainment,http://www.circulodelasartes.es/,,,Madrid,"40,3907687","-3,7337084"
City Pool,arts_and_entertainment,Ingen webbplats,2,"well, there are many if we're mapping them",Madrid,"40,4333352","-3,6429865"
Classicauto,arts_and_entertainment,Ingen webbplats,2,evento expositivo y comercial dedicado al segmento del motor clásico en España,Madrid,"40,4143477","-3,7383989"
Clinamat,arts_and_entertainment,http://www.clinamat.com,,,Madrid,"40,4338883","-3,6735248"
Club 666 Madrid,arts_and_entertainment,Ingen webbplats,2,dance club,Madrid,"40,4210988","-3,7020397"
Club Castellana 118,arts_and_entertainment,http://clubcastellana118.com,2,sex club,Madrid,"40,44818","-3,690377"
Club Dragón,arts_and_entertainment,http://www.clubdragon.com/,2,game related,Madrid,"40,4475281","-3,6993649"
Club El Tejar de Somontes,arts_and_entertainment,http://www.eltejardesomontes.info,2,sports related,Madrid,"40,47948","-3,75252"
Club FIGARO,arts_and_entertainment,http://www.clubfigaro.com/,,,Madrid,"40,42092","-3,70317"
Club Penguin Spain,arts_and_entertainment,http://www.clubpenguin.com/es/,2,,Madrid,"40,4573899","-3,55574"
Club03,arts_and_entertainment,Ingen webbplats,2,dance club,Madrid,"40,4063704","-3,7099401"
COCO ROOM Madrid Room Escape,arts_and_entertainment,https://cocoroom.es/madrid/,2,escape room,Madrid,"40,4025951","-3,7038828"
Codere Apuestas,arts_and_entertainment,http://www.codereapuestas.com,2,,Madrid,"40,4062399","-3,69272"
Codere Apuestas,arts_and_entertainment,http://www.codereapuestas.com,2,,Madrid,"40,4517132","-3,7033721"
Codere Apuestas,arts_and_entertainment,http://www.codereapuestas.com,2,,Madrid,"40,4360546","-3,6987812"
Codere Apuestas Corner en SALA LICEO,arts_and_entertainment,https://www.codere.es/,2,,Madrid,"40,388364","-3,6997719"
Codere Apuestas Corner En Salon T Europlay Franco Rodriguez,arts_and_entertainment,https://www.codere.es/,2,,Madrid,"40,4560309","-3,7045748"
Coleccion Privada,arts_and_entertainment,http://www.coleccion-privada.com/,2,,Madrid,"40,42545","-3,6948341"
Colonia Gran Capitan,arts_and_entertainment,Ingen webbplats,2,Campamento de Orientación Cívico Militar?,Madrid,"40,3945567","-3,7803168"
Colonial Norte,arts_and_entertainment,http://www.colonialnorte.net/colonial-club.html,2,,Madrid,"40,4241815","-3,7249849"
Conciertos Scratch Madrid,arts_and_entertainment,http://www.karaoke-scratch.com,,,Madrid,"40,4649847","-3,6384513"
Conciertos Vitoria Artists Management,arts_and_entertainment,http://www.conciertosvitoria.com/,,,Madrid,"40,43018","-3,69687"
"Condado De Treviño, 2",arts_and_entertainment,Ingen webbplats,2,,Madrid,"40,4770524","-3,6730232"
Consinter,arts_and_entertainment,http://consinter.org/,2,,Madrid,"40,45068","-3,72934"
Cortylandia,arts_and_entertainment,http://www.fiestas-de-madrid.com/cortylandia.htm,2,,Madrid,"40,417841","-3,705387"
Crea y Sueña en Papel,arts_and_entertainment,https://www.creaysuenaenpapel.com/,,,Madrid,"40,3895048","-3,6617252"
Cuatro Por Cuatro - Locales de ensayo,arts_and_entertainment,http://www.cuatroporcuatro.info/,,,Madrid,"40,384381","-3,6248697"
Cultproject,arts_and_entertainment,http://www.cultproject.com/,,,Madrid,"40,3924313","-3,6972547"
Danza Santo Domingo,arts_and_entertainment,http://agrupaciondanzaycultura.es/,,,Madrid,"40,4203554","-3,7078771"
Dare Planet Studio,arts_and_entertainment,https://dps.tv/,,,Madrid,"40,4252035","-3,6992218"
DARIS Dolls and Reborn International Show,arts_and_entertainment,http://www.feriabebereborn.com/,2,,Madrid,"40,4677","-3,6877"
DDPAU,arts_and_entertainment,http://www.paulalopezbravo.com/,,,Madrid,"40,4484835","-3,5980143"
De safari por la gavia,arts_and_entertainment,http://www.desafariporlagavia.nexlite.com/,2,,Madrid,"40,3662091","-3,6171916"
Déborah Abizanda Cerámica,arts_and_entertainment,http://www.deborah-abizanda.es/,,,Madrid,"40,40805","-3,69615"
Dia del Orgullo,arts_and_entertainment,http://www.CuriosityFem.com/,2,,Madrid,"40,4128396","-3,6931525"
Discoteca Akua Madrid - 648 559 370 WhatsApp,arts_and_entertainment,http://pablorrpp.com/akua,2,,Madrid,"40,4179809","-3,7033229"
Discoteca Daniel's,arts_and_entertainment,http://www.wnnjuik.com/,2,,Madrid,"40,40299","-3,63892"
Discotecas móviles y djs,arts_and_entertainment,http://www.discotecasmovilesydjs.es/,2,,Madrid,"40,4289096","-3,6859153"
Discovery 2 Localizaciones,arts_and_entertainment,http://soloio.com,2,,Madrid,"40,4229778","-3,6957249"
Disney Live,arts_and_entertainment,Ingen webbplats,2,,Madrid,"40,4622401","-3,6164616"
Distribuciones Jc Moran,arts_and_entertainment,http://www.jcmoran.com,2,,Madrid,"40,4391808","-3,709799"
DiTrevi Artes Plasticas,arts_and_entertainment,http://www.ditreviartes.com/,,,Madrid,"40,3977727","-3,7060665"
Diy Show,arts_and_entertainment,http://www.diyshow.es/,2,,Madrid,"40,44039","-3,67009"
DJ Ana Julieta,arts_and_entertainment,https://www.instagram.com/djanajulieta/,,,Madrid,"40,5049924","-3,6822439"
dommo,arts_and_entertainment,http://dommo.com/,2,,Madrid,"40,4164617","-3,6900628"
Donde Todo es Posible,arts_and_entertainment,http://www.dondetodoesposible.org/,2,,Madrid,"40,4477615","-3,6734099"
"Edificio Galaxia, Moncloa. Madrid",arts_and_entertainment,https://www.parkopedia.es/aparcamiento/garaje/galaxia/28004/madrid/?vendor=here,2,parking,Madrid,"40,4342866","-3,7173545"
El 5 de Velarde,arts_and_entertainment,http://www.el5develarde.com/,2,,Madrid,"40,4267433","-3,7025167"
El Alfar Artes Plásticas,arts_and_entertainment,http://www.elalfar.net/,,,Madrid,"40,4057155","-3,6781246"
El Balcon De Antoñita,arts_and_entertainment,Ingen webbplats,,,Madrid,"40,3902905","-3,7186315"
El Barrio de Las Letras,arts_and_entertainment,https://elbarriodelasletras.com/,,,Madrid,"40,39344","-3,76701"
El Bosque Estudio,arts_and_entertainment,http://www.bosquestudio.es/,,,Madrid,"40,46898","-3,66161"
El Conocimiento Silencioso,arts_and_entertainment,https://investigacionescartomanticas.blogspot.com/,2,,Madrid,"40,4370119","-3,6828996"
El Encinar de los Reyes,arts_and_entertainment,Ingen webbplats,,,Madrid,"40,5085125","-3,6463172"
El Escondite de lavapies,arts_and_entertainment,Ingen webbplats,,,Madrid,"40,407905","-3,69997"
El Gran Escape,arts_and_entertainment,http://www.escapetheroomsmadrid.com,2,,Madrid,"40,41056","-3,70613"
El Matadero Madrid,arts_and_entertainment,http://www.mataderomadrid.org/ficha/993/red-bull-music-academy.html,,,Madrid,"40,3920396","-3,6981075"
El rincón de Arte M.A.S,arts_and_entertainment,Ingen webbplats,,,Madrid,"40,39105","-3,74293"
El Sacromonte Granada,arts_and_entertainment,Ingen webbplats,,,Madrid,"40,42233","-3,7099"
El Ser Creativo Sl.,arts_and_entertainment,http://www.elsercreativo.com/,,,Madrid,"40,42161","-3,68827"
El Taller,arts_and_entertainment,http://www.unamujersalvada.blogspot.com/,,,Madrid,"40,44692","-3,61849"
El Taller de la Corredera,arts_and_entertainment,http://www.tallercorredera.es/,,,Madrid,"40,4350923","-3,7132313"
El Templo Escuela de Artes Escénicas,arts_and_entertainment,http://www.eltemplo-ae.com/,,,Madrid,"40,450742","-3,707526"
El Volcán Música,arts_and_entertainment,http://www.elvolcanmusica.com/,,,Madrid,"40,4255834","-3,6812932"
eldiario.es Cultura,arts_and_entertainment,http://www.eldiario.es/,2,,Madrid,"40,4205971","-3,706296"
Elite Atocha,arts_and_entertainment,http://www.elitegamingcenter.com/,,,Madrid,"40,40368","-3,69494"
Embajadores con Provisiones,arts_and_entertainment,Ingen webbplats,,,Madrid,"40,406951","-3,703468"
En las calles de Madrid,arts_and_entertainment,Ingen webbplats,2,not sure what this is,Madrid,"40,4149399","-3,7107999"
Enigma Exprés - Escape Room,arts_and_entertainment,http://www.enigmaexpres.com/,2,,Madrid,"40,4488431","-3,7017226"
Equipo,arts_and_entertainment,http://equipomncars.tumblr.com/,,,Madrid,"40,4088615","-3,6947179"
Escape College Madrid,arts_and_entertainment,http://www.escapecollegemadrid.com/,2,,Madrid,"40,4209896","-3,7082865"
Escritor Menendez y Pelayo 59,arts_and_entertainment,Ingen webbplats,2,,Madrid,"40,4158","-3,67771"
Escuela de Cerámica Jandra,arts_and_entertainment,https://jandraceramica.com/,,,Madrid,"40,4400303","-3,6532204"
Escuela de Cine y Tv de Madrid Septima Ars,arts_and_entertainment,http://www.septima-ars.com/,,,Madrid,"40,453697","-3,680314"
Escuela De Danza Andrea Moreno,arts_and_entertainment,https://lamoreno755.wixsite.com/website,,,Madrid,"40,368701","-3,706055"
Escuela de Danza Colorado,arts_and_entertainment,http://www.escueladedanzacolorado.es,,,Madrid,"40,443089","-3,676059"
Escuela de Danza Nuria Montes,arts_and_entertainment,http://nuriamontes.es/,,,Madrid,"40,4705724","-3,6507446"
Escuela Estoesmagia,arts_and_entertainment,http://www.estoesmagia.com/,,,Madrid,"40,47797","-3,70293"
Escuela Julián Besteiro,arts_and_entertainment,https://escuelajulianbesteiro.ugt.org/,,,Madrid,"40,4360624","-3,6661444"
Esculturas de hielo Arte y Hielo,arts_and_entertainment,http://www.artehieloesculturas.com/,2,,Madrid,"40,416826","-3,678027"
Espacio 7B,arts_and_entertainment,http://www.espaciokailani.com/,,,Madrid,"40,43145","-3,70452"
Espacio Bellas Vistas,arts_and_entertainment,https://espaciobellasvistas.wixsite.com/bellasvistas,,,Madrid,"40,4488199","-3,705126"
Espacio de Talleres Madrid,arts_and_entertainment,http://www.espaciodetalleresmadrid.com/,,,Madrid,"40,4411973","-3,6950689"
Espacio el Manantial,arts_and_entertainment,http://www.espacioelmanantial.com/,,,Madrid,"40,4290333","-3,702996"
Espacio EvoluciÓN,arts_and_entertainment,http://www.espacioevolucion.com/,,,Madrid,"40,4279078","-3,7059853"
Espacio Jovellanos,arts_and_entertainment,Ingen webbplats,,,Madrid,"40,4169289","-3,6968038"
Espacio La Pradera,arts_and_entertainment,https://espaciolapradera.es/,,,Madrid,"40,3982652","-3,7192487"
Espacio Linneo,arts_and_entertainment,http://www.espaciolinneo.com/,,,Madrid,"40,4110477","-3,7206406"
Espacio Paco Martin - La Pelubrería,arts_and_entertainment,http://www.espaciopacomartin.org/,2,,Madrid,"40,42414","-3,69654"
Espectaculos Guer-Gon,arts_and_entertainment,http://www.guergonespectaculos.com,,,Madrid,"40,42339","-3,70898"
Estación Teleférico Casa de Campo - Teleférico de Madrid,arts_and_entertainment,http://www.teleferico.com,2,,Madrid,"40,37445","-3,7632"
Estucos luis prieto,arts_and_entertainment,https://artesdelascalesylosyesos.wordpress.com/,2,,Madrid,"40,4116048","-3,7130499"
Estudio SIMUS,arts_and_entertainment,http://www.sirolopez.com/,,,Madrid,"40,3807963","-3,6212857"
Etg Producciones,arts_and_entertainment,http://etgproducciones.com/,,,Madrid,"40,33753","-3,712648"
Etiqueta Negra Producciones,arts_and_entertainment,http://www.etiquetanegra.org/,,,Madrid,"40,4163221","-3,7053643"
Eucalipto estudios,arts_and_entertainment,Ingen webbplats,,,Madrid,"40,39114","-3,72319"
Eulogia Merle Studio,arts_and_entertainment,http://www.eulogiamerleart.com/,,,Madrid,"40,38135","-3,69338"
Euro Planet Madrid,arts_and_entertainment,Ingen webbplats,,,Madrid,"40,40884","-3,70182"
Experimento.,arts_and_entertainment,http://www.experimento.design/,,,Madrid,"40,43083","-3,70115"
Face 2 Face Theatre Company,arts_and_entertainment,http://www.teatroeningles.com/,,,Madrid,"40,3887374","-3,6894741"
FasHionNight en la sala Privè,arts_and_entertainment,Ingen webbplats,,,Madrid,"40,457046","-3,692459"
Feria De abril,arts_and_entertainment,http://www.feriadeabrillasventas.es/,,,Madrid,"40,4303505","-3,6643511"
Fiestas de Hortaleza,arts_and_entertainment,Ingen webbplats,2,,Madrid,"40,463959","-3,655737"
Filmmaster Madrid,arts_and_entertainment,http://www.filmmaster.es/,2,,Madrid,"40,4542013","-3,692499"
Formafil Club Filatelia,arts_and_entertainment,https://filatelia.online/,2,,Madrid,"40,4154777","-3,7065795"
Formsystem Documentos Inteligentes,arts_and_entertainment,http://www.formsystem.net,2,,Madrid,"40,471564","-3,630413"
Fosforita Madrid,arts_and_entertainment,Ingen webbplats,,,Madrid,"40,40934","-3,70453"
Fucar17,arts_and_entertainment,http://www.fucar17.com/,,,Madrid,"40,41101","-3,69556"
Fuego y Chinchetas,arts_and_entertainment,http://cadenaser.com/programa/fuego_y_chinchetas/,,,Madrid,"40,4203199","-3,70311"
Fuente de la Fortuna,arts_and_entertainment,http://www.loteriaslafortunadecastellana.com/,2,,Madrid,"40,4520202","-3,6913328"
Fundacion Canal Isabel II,arts_and_entertainment,http://www.elmundo.es/elmundo/2007/09/10/ciudadanom/1189446531.html,,,Madrid,"40,4627464","-3,6865595"
Fundacion Conservatorio Casa Patas,arts_and_entertainment,www.casapatas.com,,,Madrid,"40,412735","-3,7017757"
Fundación Rayo Vallecano,arts_and_entertainment,http://www.fundacionrayovallecano.es,,,Madrid,"40,377059","-3,61279"
Futbolinmadrid,arts_and_entertainment,http://futbolinmadrid.com/,2,,Madrid,"40,4575644","-3,7069976"
Fyc Digital,arts_and_entertainment,http://www.fycdigital.es/,2,"digital printing services, no arts and entertainment",Madrid,"40,4101681","-3,7089112"
FYM Free Your Mind,arts_and_entertainment,http://www.fym.tv/,2,,Madrid,"40,4265798","-3,712732"
Gabazero,arts_and_entertainment,Ingen webbplats,,,Madrid,"40,4344865","-3,7017274"
Gabinete de Historia Natural,arts_and_entertainment,http://www.gabinetedehistorianatural.com/,,,Madrid,"40,4158591","-3,7016262"
Galería Juan Risso,arts_and_entertainment,https://www.galeriajuanrisso.com/,,,Madrid,"40,4081839","-3,6960574"
Gaztambide26,arts_and_entertainment,Ingen webbplats,,,Madrid,"40,4314743","-3,715653"
"Gimnasio para actores, actrices y directores/as",arts_and_entertainment,http://www.nereabarrios.com/,2,,Madrid,"40,41148","-3,7304"
Go Group Staff & Events,arts_and_entertainment,http://www.gogroup.es/,2,,Madrid,"40,5117797","-3,6746042"
Gogle,arts_and_entertainment,Ingen webbplats,2,,Madrid,"40,42434","-3,68562"
Grada Mágica,arts_and_entertainment,http://www.gradamagica.com/,,,Madrid,"40,3986806","-3,666096"
Graficas Aren,arts_and_entertainment,http://www.graficasarenmadrid.es/,,,Madrid,"40,402352","-3,74789"
Gran vía HUB,arts_and_entertainment,https://www.granviahub.com/,,,Madrid,"40,4199722","-3,7027881"
Green Shine CBD,arts_and_entertainment,http://GreenShineCBD.com/,,,Madrid,"40,4247787","-3,7059972"
Groenlandia - Greenland,arts_and_entertainment,http://www.tierraspolares.es/,2,,Madrid,"40,4121","-3,70921"
Grupo Metropoly Artes Gráficas,arts_and_entertainment,http://www.grupometropoly.com/,,,Madrid,"40,44653","-3,7179369"
GTS Spain,arts_and_entertainment,Ingen webbplats,,,Madrid,"40,44781","-3,65663"
H.O.G. Madrid Chapter,arts_and_entertainment,http://www.madridchapter.com/,2,,Madrid,"40,4362076","-3,7026412"
Habitación Número 34,arts_and_entertainment,http://habitacionnumero.org/,,,Madrid,"40,3784779","-3,7124943"
Happykids Madrid - Cumpleaños y centro de ocio infantil,arts_and_entertainment,http://www.happykids-madrid.com/,,,Madrid,"40,47758","-3,699112"
Hipódromo de la Zarzuela,arts_and_entertainment,http://www.hipodromodelazarzuela.es,,,Madrid,"40,4664383","-3,7587982"
Hipódromo Open HZ,arts_and_entertainment,Ingen webbplats,,,Madrid,"40,4269","-3,69978"
hobbydifusion,arts_and_entertainment,https://modelismodifusion.com/,,,Madrid,"40,439333","-3,662522"
"Huertas, 11.",arts_and_entertainment,Ingen webbplats,,,Madrid,"40,4138366","-3,6996527"
Ibermúsica,arts_and_entertainment,http://www.ibermusica.es/blog/,,,Madrid,"40,4230609","-3,6828501"
Imprenta Rey,arts_and_entertainment,http://www.imprentarey.es,2,,Madrid,"40,40337","-3,678377"
In-sonora,arts_and_entertainment,http://www.in-sonora.org/,2,,Madrid,"40,40397","-3,66379"
Industrias Graficas Caro,arts_and_entertainment,http://www.graficascaro.com,2,,Madrid,"40,358722","-3,64515"
Iniciativas y Exposiciones,arts_and_entertainment,http://www.iexposiciones.es,2,,Madrid,"40,4163976","-3,7069668"
Ink Apache S.L,arts_and_entertainment,http://www.inkapache.net/,2,,Madrid,"40,461201","-3,677607"
Innovation Center de Telefónica,arts_and_entertainment,http://www.tid.es,,,Madrid,"40,5132888","-3,658673"
INTERMEDIÆ [Creación Contemporánea],arts_and_entertainment,http://www.intermediae.es/,2,,Madrid,"40,3924965","-3,6975979"
Intervento Museografía Iluminación,arts_and_entertainment,http://www.intervento.com/,,,Madrid,"40,3998429","-3,6993465"
Into The Tank,arts_and_entertainment,http://www.intothetank.club/,,,Madrid,"40,390292","-3,7186502"
Invitaciones de Boda Dulcinea,arts_and_entertainment,http://www.invitacionesdebodadulcinea.com,2,,Madrid,"40,447046","-3,700199"
Ipra-Cinder,arts_and_entertainment,http://ipra-cinder.info/,,,Madrid,"40,4350644","-3,6826297"
Isidanz,arts_and_entertainment,Ingen webbplats,2,,Madrid,"40,43643","-3,66915"
Jana Producciones,arts_and_entertainment,https://www.janaproducciones.com/,,,Madrid,"40,4561307","-3,7109255"
JavierZorrilla Acuarelas,arts_and_entertainment,http://www.javierzorrilla.es/,,,Madrid,"40,4414944","-3,6723085"
Jendrix - Escuela de Música y Locales de Ensayo,arts_and_entertainment,http://www.ensayosjendrix.es/,,,Madrid,"40,4255221","-3,6613818"
Jkl,arts_and_entertainment,http://www.jklweb.es,,,Madrid,"40,383911","-3,64814"
Joy Directo,arts_and_entertainment,http://joy-eslava.com/organizador/joy-directo/,2,,Madrid,"40,4170787","-3,7066569"
Juego Enigma Madrid,arts_and_entertainment,http://juegoenigmamadrid.es/es,2,,Madrid,"40,45839","-3,70218"
Juvenalia,arts_and_entertainment,https://www.ifema.es/juvenalia/,2,,Madrid,"40,4702123","-3,6191158"
Kapital Young,arts_and_entertainment,https://www.instagram.com/kapitalyoungoficial,2,,Madrid,"40,40971","-3,69312"
Karomana,arts_and_entertainment,http://www.karomana.com,,,Madrid,"40,44309","-3,675254"
Kavu,arts_and_entertainment,Ingen webbplats,,,Madrid,"40,42189","-3,69903"
Keda Aho & Raqs Empire Madrid,arts_and_entertainment,https://www.alessandradambra.com/festival/raqs-empire-madrid,2,,Madrid,"40,43069","-3,6722"
Kinky Boots el musical,arts_and_entertainment,http://www.kinkybootselmusical.com/,2,,Madrid,"40,4139004","-3,7035138"
Kumisai,arts_and_entertainment,http://www.kumisai.es,,,Madrid,"40,391643","-3,711294"
La Alhambra Granada,arts_and_entertainment,Ingen webbplats,2,,Madrid,"40,4172559","-3,6892914"
La Artigua,arts_and_entertainment,http://www.laartigua.com.es/,,,Madrid,"40,4601617","-3,7015191"
La Bocina Sonido,arts_and_entertainment,http://www.labocina.es/,2,,Madrid,"40,4347609","-3,7123121"
La Casa De Papel,arts_and_entertainment,Ingen webbplats,2,,Madrid,"40,4411985","-3,6861376"
La Casa de Papel - Escape Room,arts_and_entertainment,Ingen webbplats,2,,Madrid,"40,4233217","-3,6721356"
La Casa del Príncipe,arts_and_entertainment,http://lacasadelprincipe.com/,2,,Madrid,"40,41514","-3,70033"
La Caverna Serigrafía,arts_and_entertainment,http://lacavernalab.com/,2,,Madrid,"40,406069","-3,7377337"
La Clá,arts_and_entertainment,http://www.cialacla.com/,,,Madrid,"40,42028","-3,70578"
"La Cornisa de Usera, Cervecería - Cafetería",arts_and_entertainment,Ingen webbplats,2,,Madrid,"40,381058","-3,7008458"
la Disfruteria,arts_and_entertainment,http://www.disfruteria.fun/,2,,Madrid,"40,42101","-3,70202"
La Enredadera,arts_and_entertainment,Ingen webbplats,,,Madrid,"40,4565971","-3,7009978"
La Fuente de la Vida,arts_and_entertainment,https://radioencuentro.net/lafuentedelavida,,,Madrid,"40,4696693","-3,64661"
La Jirafa Con Gafas,arts_and_entertainment,http://www.lajirafacongafas.com,,,Madrid,"40,426622","-3,601181"
LA JUNGLA,arts_and_entertainment,Ingen webbplats,,,Madrid,"40,43206","-3,60942"
La Latina de Madrid,arts_and_entertainment,http://es.wikipedia.org/wiki/Barrio_de_La_Latina_(Madrid),2,neighborhood ,Madrid,"40,4117923","-3,710618"
La llave de la felicidad,arts_and_entertainment,Ingen webbplats,2,,Madrid,"40,4081","-3,66983"
La Mansion del Terror,arts_and_entertainment,http://www.lamansiondelterror.es/,2,,Madrid,"40,3881043","-3,7383943"
La Marimala de Lavapiés,arts_and_entertainment,Ingen webbplats,2,,Madrid,"40,4072822","-3,7024441"
La Morada,arts_and_entertainment,http://www.la-morada.es/,,,Madrid,"40,4261472","-3,7024372"
La Mujer Pantera,arts_and_entertainment,http://lamujerpantera.com/,,,Madrid,"40,4382586","-3,6939812"
La Nave 113,arts_and_entertainment,http://www.lanave113.com/,,,Madrid,"40,3812455","-3,7054675"
La Pirámide Espacio,arts_and_entertainment,Ingen webbplats,,,Madrid,"40,4007413","-3,7013009"
La Plaza de Poe,arts_and_entertainment,http://laplazadepoe.com/,,,Madrid,"40,4311787","-3,6564815"
La Primera Madrid,arts_and_entertainment,Ingen webbplats,,,Madrid,"40,4260868","-3,6956333"
La Puert Del Sol Madrid España,arts_and_entertainment,Ingen webbplats,2,,Madrid,"40,4120186","-3,7125337"
La Quimera la Latina,arts_and_entertainment,https://laquimeralalatina.negocio.site,,,Madrid,"40,413173","-3,710799"
La Serpiente Cósmica - Europa,arts_and_entertainment,Ingen webbplats,,,Madrid,"40,40997","-3,70328"
La Villana de Vallekas,arts_and_entertainment,http://www.lavillana.org/,,,Madrid,"40,3887354","-3,6666559"
Labmatic   ·Estudio de diseño·,arts_and_entertainment,http://www.lab-matic.com/,2,,Madrid,"40,4115708","-3,7123315"
"Labores Madrid , La Cassa del Arbol",arts_and_entertainment,http://www.laboresmadrid.com/,2,,Madrid,"40,4129812","-3,7265442"
Lady Stone Music,arts_and_entertainment,http://www.ladystonemusic.com/,2,,Madrid,"40,373561","-3,6454458"
LaMaquina_Magritte,arts_and_entertainment,https://www.museothyssen.org/exposiciones/maquina-magritte,,,Madrid,"40,416","-3,69473"
Lanaja Factory,arts_and_entertainment,http://www.lanajafactory.com/,,,Madrid,"40,4144766","-3,7046072"
LARM - Master Gunmakers,arts_and_entertainment,http://www.larm.com/,2,,Madrid,"40,4541308","-3,6806116"
Larutadelacebada,arts_and_entertainment,http://www.larutadelacebada.com/,,,Madrid,"40,4106854","-3,7100263"
Las Noches de la Suite,arts_and_entertainment,http://www.lasnochesdelasuite.com/,,,Madrid,"40,45818","-3,68578"
LAV,arts_and_entertainment,http://master-lav.com/,,,Madrid,"40,4007099","-3,68984"
Lavapiés 20,arts_and_entertainment,Ingen webbplats,,,Madrid,"40,4102779","-3,7025038"
Lavapiés: Ocio y Cultura,arts_and_entertainment,http://www.observatorioculturayterritorio.org/,,,Madrid,"40,4087089","-3,7012508"
Le polo,arts_and_entertainment,Ingen webbplats,,,Madrid,"40,40377","-3,66426"
LEKIM animaciones | Teatro & Animación para pequeños y grandes eventos,arts_and_entertainment,http://www.lekimanimaciones.es/,,,Madrid,"40,39629","-3,70022"
Letsgo,arts_and_entertainment,http://www.letsgocompany.com/,,,Madrid,"40,4313538","-3,6974222"
Libres y Descalzas Estudio de Arte,arts_and_entertainment,http://www.libresydescalzas.com/,,,Madrid,"40,4716324","-3,6961153"
Lizuáin,arts_and_entertainment,https://lizuain.es/,,,Madrid,"40,4231621","-3,6816206"
Locales de Ensayo Madrid - La Perrera,arts_and_entertainment,http://www.localesensayo.org/,,,Madrid,"40,429813","-3,6495635"
Locales Underground,arts_and_entertainment,http://localesunderground.com/,,,Madrid,"40,4375272","-3,668484"
Loquehayquever,arts_and_entertainment,Ingen webbplats,,,Madrid,"40,463531","-3,686868"
Los Chichos  Oficial,arts_and_entertainment,http://www.guergonespectaculos.com/,2,,Madrid,"40,42339","-3,70898"
Los Invernaderos,arts_and_entertainment,https://losinvernaderos.cirat.cc/,,,Madrid,"40,4586428","-3,7074522"
"Los pilares de la tierra, el musical",arts_and_entertainment,https://www.beon-entertainment.com/los-pilares-de-la-tierra-musical/,2,,Madrid,"40,41271","-3,70581"
Losdedae dance company,arts_and_entertainment,http://www.losdedae.com/,,,Madrid,"40,39927","-3,70136"
LURE Arqueologia,arts_and_entertainment,http://www.lurearqueologia.es/,2,,Madrid,"40,4091044","-3,6989407"
Macera Club,arts_and_entertainment,http://www.maceradrinks.com/,2,,Madrid,"40,4157435","-3,698875"
Mad Escape Room,arts_and_entertainment,http://www.madescaperoom.com,2,,Madrid,"40,4363","-3,70959"
Madame Salade,arts_and_entertainment,http://www.madamesalade.es,2,,Madrid,"40,4519784","-3,6910873"
Madigital,arts_and_entertainment,http://www.madigital.com/,,,Madrid,"40,435861","-3,668772"
Madrid at your Feet,arts_and_entertainment,http://www.madridatyourfeet.com/,2,,Madrid,"40,398553","-3,6718772"
Madrid centro atocha,arts_and_entertainment,Ingen webbplats,2,,Madrid,"40,3743933","-3,741018"
Madrid Craft Week,arts_and_entertainment,http://madridcraftweek.es/,,,Madrid,"40,42407","-3,69848"
Madrid Flamenco,arts_and_entertainment,Ingen webbplats,,,Madrid,"40,4198341","-3,7042028"
Madrid Hi-Fi,arts_and_entertainment,http://www.madridmusical.es,,,Madrid,"40,4387215","-3,6933452"
Madrid International Lab,arts_and_entertainment,http://www.madridemprende.com,,,Madrid,"40,4120286","-3,7137235"
Madrid Jazz,arts_and_entertainment,http://reedsville.wix.com/villacanas,,,Madrid,"40,4177","-3,7115"
Madrid Kraliyet Sarayı,arts_and_entertainment,http://zh.wikipedia.org/zh-tw/%6C%B7%CC%8B%AB,2,,Madrid,"40,417974","-3,714302"
Madrid La Baguada,arts_and_entertainment,Ingen webbplats,,,Madrid,"40,4795175","-3,7078786"
Madrid Life,arts_and_entertainment,https://erasmusmadrid.org/,,,Madrid,"40,4167541","-3,7038138"
Madrid Motor Days www.madridmotordays.com,arts_and_entertainment,http://www.madridmotordays.com/,2,,Madrid,"40,465933","-3,615837"
Madrid Original - Visitas guiadas,arts_and_entertainment,https://madridoriginal.com/,2,,Madrid,"40,4335458","-3,6854046"
Madrid Otaku,arts_and_entertainment,https://madridotaku.com/,,,Madrid,"40,41474","-3,7381"
Madrid Plaza Santa Ana,arts_and_entertainment,Ingen webbplats,2,,Madrid,"40,4147547","-3,7009025"
Madrid Río/Matadero,arts_and_entertainment,Ingen webbplats,2,,Madrid,"40,39099","-3,7008365"
Madrid Seduce,arts_and_entertainment,http://madridseduce.com/,2,,Madrid,"40,4742872","-3,5843582"
Madrid Vertical,arts_and_entertainment,http://www.madridvertical.net/,,,Madrid,"40,4254777","-3,6005833"
Madrid-España,arts_and_entertainment,https://en.wikipedia.org/wiki/Madrid,2,,Madrid,"40,4331647","-3,6096887"
MadridenRose de Francesca De Rose,arts_and_entertainment,https://madridenrose.com/,2,,Madrid,"40,4168452","-3,7042379"
MAGIC PARK Centro de ocio infantil,arts_and_entertainment,http://magicpark.club/,2,,Madrid,"40,455429","-3,674452"
Mago vision,arts_and_entertainment,http://www.magovision.net/,2,,Madrid,"40,437435","-3,638479"
"Malasaña, ahora",arts_and_entertainment,http://www.malasanaahora.com/,2,,Madrid,"40,3801498","-3,62148"
Mama pottery Estudio,arts_and_entertainment,https://mamapottery.com/,,,Madrid,"40,5083655","-3,6450769"
Manu Campa,arts_and_entertainment,http://www.manucampa.com/,,,Madrid,"40,4261299","-3,7026276"
Marabu Madrid - Masajes Eroticos Madrid,arts_and_entertainment,http://www.marabumadrid.com/,2,,Madrid,"40,44490814","-3,687380075"
Masajes eróticos Madrid - Marabu Madrid,arts_and_entertainment,https://www.marabumadrid.com/,2,,Madrid,"40,4449488","-3,6874441"
Mastertips Mastering Studio,arts_and_entertainment,Ingen webbplats,2,,Madrid,"40,3952","-3,7232588"
Matata Tattoo,arts_and_entertainment,Ingen webbplats,2,,Madrid,"40,3836","-3,65192"
Mayence,arts_and_entertainment,http://www.mayence.com/pt,,,Madrid,"40,462515","-3,685555"
Me cortas ese plano,arts_and_entertainment,http://www.mecortaseseplano.com/,,,Madrid,"40,4580009","-3,677129"
Mercadillo de Artesanía Centro Social Entrevías,arts_and_entertainment,Ingen webbplats,,,Madrid,"40,3793163","-3,665733"
Mercado De La Luciérnaga,arts_and_entertainment,http://www.rred.es/,,,Madrid,"40,4382783","-3,6814735"
Mercado parque rivas futura,arts_and_entertainment,Ingen webbplats,2,,Madrid,"40,44305","-3,685"
Mercería Creativa Madre Teresa,arts_and_entertainment,https://www.lomejordelbarrio.com/retiro/labores_patchwork_lanas/merceria_creativa_madre_teresa,,,Madrid,"40,4105","-3,65617"
Metal Studio,arts_and_entertainment,http://metalstudio.onebyonestudios.com/,,,Madrid,"40,41383","-3,70157"
"Metier, Asociación espacio Creativo",arts_and_entertainment,Ingen webbplats,,,Madrid,"40,38174","-3,71244"
Metropolis Teatro,arts_and_entertainment,Ingen webbplats,,,Madrid,"40,4261868","-3,7053936"
"Miniaturas Lacalle, S.L",arts_and_entertainment,http://www.miniaturaslacalle.es/,2,,Madrid,"40,391497","-3,66875"
minimum origami,arts_and_entertainment,http://www.minimum-origami.com/,2,,Madrid,"40,4361121","-3,7113036"
Mirador Santa Luzia Lisboa,arts_and_entertainment,Ingen webbplats,2,,Madrid,"40,43604","-3,67969"
MirArte,arts_and_entertainment,https://www.mirarte.net/,2,,Madrid,"40,471279","-3,6863952"
Mireya,arts_and_entertainment,https://8kgxw8c18.top/SQ-XBY-O,2,,Madrid,"40,47426","-3,83178"
Molotow spain,arts_and_entertainment,http://www.molotow.es/,,,Madrid,"40,4229385","-3,7070274"
Monedero Espacios,arts_and_entertainment,www.monedero.tv,2,,Madrid,"40,4347659","-3,7136148"
Monge y Boceta Asociados Musicales SL,arts_and_entertainment,http://www.mongeyboceta.com/,,,Madrid,"40,4296038","-3,7201486"
Mónica Tello,arts_and_entertainment,http://www.monicatello.es/,,,Madrid,"40,4569333","-3,6760016"
Monumento Alfonso Xll Madrid,arts_and_entertainment,https://www.google.es/url?sa=t&rct=j&url=http%3A%2F%2Fwww.esmadrid.com%2Finformacion-turistica%2Fparque-del-retiro&source=maps&cd=1&usg=AFQjCNEgM-kZRUp0DbARwWMDwbeU12fSzQ&sig2=cqWg8KWI1r6vbat_yLVTxg&ved=1t%3A3443%2Cp%3AV2DmV7ejHsawabPuhKgN,2,,Madrid,"40,4278833","-3,6899353"
Motion Club,arts_and_entertainment,http://motionclubblog.tumblr.com/,2,,Madrid,"40,42529","-3,68298"
"Moulin Rouge, Paris",arts_and_entertainment,http://www.dolcegabbana.es/,2,,Madrid,"40,4470867","-3,7039418"
MSL Robotics,arts_and_entertainment,http://www.mslrobotics.es/,,,Madrid,"40,4365847","-3,6690378"
Mundo Feliz,arts_and_entertainment,http://www.mundofelizsi.jimdo.com/,2,,Madrid,"40,4250157","-3,6816084"
Music Business Academy,arts_and_entertainment,https://www.mbacademy.es/,,,Madrid,"40,4398635","-3,6719708"
Myson Barrio del Pilar,arts_and_entertainment,Ingen webbplats,,,Madrid,"40,4750199","-3,7140292"
Nave de Terneras,arts_and_entertainment,Ingen webbplats,,,Madrid,"40,392689","-3,69968"
Nave Trapecio - Taller Público Autogestionado,arts_and_entertainment,Ingen webbplats,,,Madrid,"40,4060958","-3,7020326"
NAVEL ART,arts_and_entertainment,http://www.navelart.es/,,,Madrid,"40,4093675","-3,7186864"
Navidad Plaza Mayor,arts_and_entertainment,http://navidadplazamayor.jimdo.com/,2,,Madrid,"40,4155449","-3,707212"
Negro Mate ediciones S. L.,arts_and_entertainment,http://www.negromateediciones.com/,,,Madrid,"40,4572192","-3,6710507"
No Molesten,arts_and_entertainment,Ingen webbplats,,,Madrid,"40,44896","-3,71142"
Oceanic Park,arts_and_entertainment,http://www.oceanicpark.es,,,Madrid,"40,3925492","-3,6633981"
Ocho y Medio,arts_and_entertainment,Ingen webbplats,,,Madrid,"40,4203408","-3,7039588"
Open Club,arts_and_entertainment,http://www.openclubmadrid.com/,,,Madrid,"40,3851165","-3,7389966"
Open Studio,arts_and_entertainment,http://www.openstudio.es/,,,Madrid,"40,45194","-3,76678"
Oposiciones CN Formación Madrid,arts_and_entertainment,http://www.oposicionesacademia.es/,,,Madrid,"40,42594","-3,67434"
Orquesta Internacional de Madrid,arts_and_entertainment,http://www.orquestasbodasmadrid.com/,,,Madrid,"40,41684","-3,7024"
OsbucodonosorArt,arts_and_entertainment,Ingen webbplats,,,Madrid,"40,4250548","-3,6999795"
OTR espacio de arte,arts_and_entertainment,Ingen webbplats,,,Madrid,"40,4106928","-3,6979401"
Pabellón de Cristal,arts_and_entertainment,http://www.madrid-destino.com/espacios-y-eventos/instalaciones/glass-pavilion,2,,Madrid,"40,414719","-3,738092"
Pabellón de Cristal,arts_and_entertainment,Ingen webbplats,2,,Madrid,"40,39909","-3,70694"
"Palacio de Cibeles Centrocentro, madrid",arts_and_entertainment,Ingen webbplats,,,Madrid,"40,4261043","-3,6893946"
Palacio Real De Madrid,arts_and_entertainment,http://www.patrimonionacional.es/,2,,Madrid,"40,5081","-3,74742"
Panamericana Disco,arts_and_entertainment,http://www.panamericanadisco.info/,,,Madrid,"40,4509715","-3,6945257"
Pandora Room,arts_and_entertainment,http://www.pandoraroom.es/,2,,Madrid,"40,43106","-3,66831"
Parapark Madrid,arts_and_entertainment,http://madrid.parapark.es/,,,Madrid,"40,4239719","-3,7084502"
Parque Infantil Kangaroos,arts_and_entertainment,http://www.parqueinfantilkangaroos.com/,2,,Madrid,"40,447345","-3,675489"
Parque infantil pekeilusiones,arts_and_entertainment,Ingen webbplats,2,,Madrid,"40,39493","-3,65252"
"Paseo Alberto Palacios, 39",arts_and_entertainment,http://www.halconviajes.com,2,,Madrid,"40,343997","-3,7150702"
Paseo de la Castellana,arts_and_entertainment,https://www.parkopedia.es/aparcamiento/garaje/paseo_de_la_castellana-6/28036/madrid/?vendor=here,2,,Madrid,"40,45309","-3,68936"
Paseo del Prado Madrid,arts_and_entertainment,Ingen webbplats,2,,Madrid,"40,4098854","-3,6926668"
peermusic España,arts_and_entertainment,https://www.peermusic.es/,2,,Madrid,"40,4339233","-3,6941758"
Peña Cultural Flamenca-El Niño de Peñaflor,arts_and_entertainment,Ingen webbplats,,,Madrid,"40,3431145","-3,7140853"
"PEÑA Flamenca ""EL Martinete""",arts_and_entertainment,Ingen webbplats,,,Madrid,"40,3964209","-3,667759"
Peña Wasichay,arts_and_entertainment,Ingen webbplats,,,Madrid,"40,43405","-3,64779"
Perfect Sound S.L.,arts_and_entertainment,http://www.perfectsound.es/,2,,Madrid,"40,4339219","-3,6282607"
Perfiles Marcos y Decoracion,arts_and_entertainment,Ingen webbplats,2,,Madrid,"40,3896313","-3,6926372"
PingtonicStudio,arts_and_entertainment,Ingen webbplats,,,Madrid,"40,43384","-3,64173"
Pintare Academy,arts_and_entertainment,http://www.pintare.es/,,,Madrid,"40,4498682","-3,7727803"
Pio Xll,arts_and_entertainment,Ingen webbplats,2,,Madrid,"40,4678616","-3,6738641"
Pista Patinaje Palacio De Hielo,arts_and_entertainment,Ingen webbplats,2,,Madrid,"40,4629807","-3,6374338"
Plano a Plano,arts_and_entertainment,http://planoaplano.es/es,,,Madrid,"40,462542","-3,685774"
Plató de Burbuja Audiovisual,arts_and_entertainment,http://www.burbujaudiovisual.es/,2,,Madrid,"40,40115","-3,70692"
Play Game Events,arts_and_entertainment,http://www.planetevents.es,2,,Madrid,"40,4202831","-3,7034724"
Playground estudio Madrid,arts_and_entertainment,Ingen webbplats,2,,Madrid,"40,4359344","-3,6688059"
Plaza De España,arts_and_entertainment,http://es.wikipedia.org/wiki/Plaza_de_Espa,2,,Madrid,"40,4410077","-3,6571942"
"Plaza Del Toros Madrid, Spain",arts_and_entertainment,http://www.las-ventas.com,2,,Madrid,"40,4317241","-3,6633222"
Plaza Real - Madrid,arts_and_entertainment,Ingen webbplats,2,,Madrid,"40,45682","-3,70356"
"Plaza Santo Domingo, madrid",arts_and_entertainment,Ingen webbplats,2,,Madrid,"40,4201232","-3,707867"
Poison club,arts_and_entertainment,http://www.sevenclub.es/,2,,Madrid,"40,4362018","-3,67763"
Polideportivo Municipal La Bombilla,arts_and_entertainment,Ingen webbplats,2,,Madrid,"40,4765679","-3,6680101"
Poparte Galería,arts_and_entertainment,http://www.poparte.es/,,,Madrid,"40,4278851","-3,678331"
PRECIADO,arts_and_entertainment,Ingen webbplats,2,,Madrid,"40,456815","-3,7078"
Premiere Actors,arts_and_entertainment,http://www.premiereactors.com/,,,Madrid,"40,4297988","-3,719259"
Príncipe Pío,arts_and_entertainment,Ingen webbplats,2,,Madrid,"40,4240481","-3,7170733"
Prístina Holganza,arts_and_entertainment,http://www.pristinaholganza.es/,,,Madrid,"40,4258213","-3,7053336"
PROA,arts_and_entertainment,http://www.espacioproa.com/,,,Madrid,"40,4116515","-3,7304625"
Prodigious Spain,arts_and_entertainment,https://www.prodigious.com/,,,Madrid,"40,4635257","-3,6153389"
Puente Espiral MADRID RIO,arts_and_entertainment,Ingen webbplats,,,Madrid,"40,3973711","-3,7117818"
Puerta De Sol Madrid,arts_and_entertainment,Ingen webbplats,2,,Madrid,"40,3942288","-3,7075931"
Puerto de Santoña,arts_and_entertainment,Ingen webbplats,2,,Madrid,"40,400259","-3,6588465"
Pupi Poisson,arts_and_entertainment,http://www.pupipoisson.com/,,,Madrid,"40,4911937","-3,6820913"
PuroCuento Espacio De Producción,arts_and_entertainment,http://purocuento.es/,,,Madrid,"40,4363388","-3,646839"
Puxagallery,arts_and_entertainment,http://www.puxagallery.com/,,,Madrid,"40,4255671","-3,6955893"
Pza. Cibeles,arts_and_entertainment,Ingen webbplats,2,,Madrid,"40,4088689","-3,6916986"
Quexito Films,arts_and_entertainment,http://www.quexito.com/,,,Madrid,"40,4262449","-3,7123987"
Quilox Madrid,arts_and_entertainment,Ingen webbplats,,,Madrid,"40,3803253","-3,692554"
Radio Enlace,arts_and_entertainment,http://www.radioenlace.org/,2,,Madrid,"40,4733597","-3,6529761"
"Rafael Montemayor, Luthier en Madrid",arts_and_entertainment,http://www.rafaelmontemayor.com/,,,Madrid,"40,4806538","-3,7164339"
Rana De La Fortuna,arts_and_entertainment,Ingen webbplats,,,Madrid,"40,4247222","-3,6911389"
Raúl Muñoz,arts_and_entertainment,http://www.raulmunoz.es/,,,Madrid,"40,4078103","-3,7098277"
Redacción La Sexta Noticias,arts_and_entertainment,Ingen webbplats,2,,Madrid,"40,460015","-3,6754234"
Revista El Duende,arts_and_entertainment,https://revistaelduende.com/,,,Madrid,"40,418277","-3,7076686"
Revista Shangay,arts_and_entertainment,http://www.shangay.com/,,,Madrid,"40,427748","-3,698303"
Rincón Musical,arts_and_entertainment,http://www.rinconmusical.es/,,,Madrid,"40,4245944","-3,6947843"
Rock&Fashion Entertainment S.L.,arts_and_entertainment,http://rockandfashion.es/,,,Madrid,"40,44347","-3,6729"
Rocodromo Aluche,arts_and_entertainment,Ingen webbplats,,,Madrid,"40,401169","-3,7564734"
Rocodromo De Manoteras,arts_and_entertainment,Ingen webbplats,,,Madrid,"40,475854","-3,6607337"
Roland Iberia,arts_and_entertainment,http://www.rolandiberia.com,,,Madrid,"40,41641","-3,6911729"
Rolu Casting Company,arts_and_entertainment,http://www.luiscanete.com/,,,Madrid,"40,4070425","-3,6979571"
Room Escape Adventures Spain,arts_and_entertainment,https://roomescapeadventures.es/,2,,Madrid,"40,4093789","-3,704356"
Rte. Terraza Palacio de Hielo,arts_and_entertainment,http://www.sporthielo.com/,,,Madrid,"40,46315","-3,63557"
Rumania,arts_and_entertainment,Ingen webbplats,,,Madrid,"40,34151","-3,69419"
Rumba en Madrid,arts_and_entertainment,Ingen webbplats,,,Madrid,"40,4348668","-3,7160352"
Sabor a Candela,arts_and_entertainment,http://www.saboracandela.com/,,,Madrid,"40,41483","-3,73282"
Safeway Promotion,arts_and_entertainment,Ingen webbplats,,,Madrid,"40,4205105","-3,7081928"
Sala Ámbito Cultural 7ª planta,arts_and_entertainment,Ingen webbplats,,,Madrid,"40,4194176","-3,7048493"
Sala Apolo,arts_and_entertainment,Ingen webbplats,,,Madrid,"40,421777","-3,677929"
Sala de Exposiciones Alcalá 31,arts_and_entertainment,http://www.comunidad.madrid/centros/sala-alcala-31,,,Madrid,"40,418459","-3,6982089"
Salón de Actos de Fundación Telefónica,arts_and_entertainment,Ingen webbplats,,,Madrid,"40,42075","-3,702092"
San Bernardo Madrid,arts_and_entertainment,http://es.wikipedia.org/wiki/Estaci%F3n_de_San_Bernardo_(Madrid),2,,Madrid,"40,43002","-3,71024"
Sapos y Princesas,arts_and_entertainment,https://www.saposyprincesas.com/,2,,Madrid,"40,4621018","-3,6604948"
Scavenger Escape Rooms Madrid,arts_and_entertainment,https://www.scavengerescape.com/es/madrid,2,,Madrid,"40,4262209","-3,7026742"
Secuenciashow Lupy,arts_and_entertainment,http://www.secuenciashow.com/,2,,Madrid,"40,47783","-3,66839"
Segóbriga Ciudad Romana,arts_and_entertainment,Ingen webbplats,2,,Madrid,"40,46981","-3,58081"
Sensai-Do,arts_and_entertainment,http://sensaido.com/5.html,2,,Madrid,"40,4618492","-3,62729"
Sente,arts_and_entertainment,http://www.sente.es,2,,Madrid,"40,43137","-3,7321"
Serendipity Teatro,arts_and_entertainment,http://www.serendipityteatro.es/,,,Madrid,"40,4351746","-3,645899"
Serijel,arts_and_entertainment,http://www.serijel.com,2,,Madrid,"40,39201","-3,732693"
Servitoro | Portal de Venta Oficial de Entradas de Toros,arts_and_entertainment,http://www.servitoro.com/,2,,Madrid,"40,50498","-3,7069"
Sexyland Sex Shop Cruising Cabinas XXX Satisfyer,arts_and_entertainment,http://www.grupopikante.com/,2,,Madrid,"40,4047396","-3,6933146"
Shibori,arts_and_entertainment,http://www.shibori.es,,,Madrid,"40,481763","-3,669539"
Siete Octavas,arts_and_entertainment,http://www.sieteoctavas.com,,,Madrid,"40,402634","-3,68952"
Soccer City the game,arts_and_entertainment,http://www.soccercitythegame.com/,,,Madrid,"40,3703512","-3,6159529"
Sociedad Cervantina - Imprenta del Quijote,arts_and_entertainment,http://www.sociedadcervantina.es/,,,Madrid,"40,411421","-3,696992"
Solar de Grilo,arts_and_entertainment,http://dosdemayo.tomalosbarrios.net,,,Madrid,"40,42351","-3,70802"
Solperuradio,arts_and_entertainment,http://www.solperuradio.net/,,,Madrid,"40,40119","-3,69369"
Sony Music Entertainment Espana,arts_and_entertainment,http://www.bmg.es,2,,Madrid,"40,455872","-3,644243"
SoundClip Studio 40 MAD,arts_and_entertainment,http://soundclipstudio.es/,2,,Madrid,"40,42379","-3,69547"
Soundshine Studios,arts_and_entertainment,http://www.soundshinestudios.com/,2,,Madrid,"40,4380555","-3,7010222"
South Summit,arts_and_entertainment,https://www.southsummit.co/,2,,Madrid,"40,347511","-3,6962666"
Spotify Spain,arts_and_entertainment,Ingen webbplats,2,,Madrid,"40,448219","-3,692809"
Starcast,arts_and_entertainment,http://www.starcast.es/,2,,Madrid,"40,4058304","-3,74594"
Stars Studio,arts_and_entertainment,http://www.111events.es/,2,,Madrid,"40,4530579","-3,6930706"
Studiokrrusel,arts_and_entertainment,http://www.studiokrrusel.com,2,,Madrid,"40,386373","-3,662325"
Supermartxe Word Tour,arts_and_entertainment,http://www.supermartxe.com/,2,,Madrid,"40,422141","-3,708552"
Tabacalera Madrid,arts_and_entertainment,Ingen webbplats,2,duplicated (tabacalera de lavapies),Madrid,"40,4634503","-3,6877108"
Taller Croma,arts_and_entertainment,http://www.tallercroma.com/,2,,Madrid,"40,4748288","-3,7157754"
Taller de guión de cortometraje,arts_and_entertainment,http://www.sugherir.wordpress.com/,,,Madrid,"40,41531","-3,71122"
Taller de LA SALAMANDRA,arts_and_entertainment,http://www.tallersalamandra.com/,,,Madrid,"40,4449524","-3,6966038"
Taller Espacio de Creación Madrid,arts_and_entertainment,http://espaciodecreacionmadrid.blogspot.com.es/p/probando.html,,,Madrid,"40,4620001","-3,6531472"
Taller Manolo Gordillo. Edición de arte,arts_and_entertainment,http://www.manologordillo.com/,,,Madrid,"40,4104686","-3,6984995"
Taller Silvestre,arts_and_entertainment,https://tallersilvestre.com/,,,Madrid,"40,459945","-3,7022652"
Tapa Tapita Tapón Animaciones,arts_and_entertainment,http://www.tapatapitatapon.com/,,,Madrid,"40,4743343","-3,6597381"
Taurus Usera Madrid,arts_and_entertainment,http://www.localpubguide.com/pub/1502546376728293/Taurus%20Discoteca-Bar,,,Madrid,"40,3856568","-3,7044706"
"Taxus & E .Garcia -Cuadros,decoración, regalo,taller de enmarcación",arts_and_entertainment,http://www.cuadrostaxus.es/,2,,Madrid,"40,4599322","-3,6765049"
Teatralmente,arts_and_entertainment,http://www.teatralmente.com/,2,,Madrid,"40,4393484","-3,6189769"
Teatro Fernando de Rojas,arts_and_entertainment,https://www.circulobellasartes.com/espacio/teatro-fernando-de-rojas/,,,Madrid,"40,4182958","-3,6963736"
Teleferico,arts_and_entertainment,Ingen webbplats,2,,Madrid,"40,41471","-3,700708"
Telva,arts_and_entertainment,http://www.telva.com,2,,Madrid,"40,47047","-3,656229"
Tendencias Artisticas,arts_and_entertainment,http://www.tiendasdecuadrosenmadrid.com/,2,,Madrid,"40,4263815","-3,6719231"
Tequila Works,arts_and_entertainment,http://www.tequilaworks.com/,2,,Madrid,"40,4259479","-3,6878461"
Terrazassion,arts_and_entertainment,http://www.nightlifemadrid.com/,,,Madrid,"40,44037","-3,67008"
The Bunker,arts_and_entertainment,Ingen webbplats,2,,Madrid,"40,38817","-3,70656"
The City by Experiencity,arts_and_entertainment,http://thecityescaperoom.com/,2,,Madrid,"40,4093523","-3,7064283"
The Gallery Madrid,arts_and_entertainment,http://www.art20xx.com,2,,Madrid,"40,4199772","-3,6899474"
The Loft Business,arts_and_entertainment,http://www.theloftbusiness.es/,2,,Madrid,"40,453493","-3,6802827"
The Mellow Dog 4,arts_and_entertainment,https://www.cenasdiferentes.es/,2,,Madrid,"40,42963","-3,7161"
The ONE,arts_and_entertainment,Ingen webbplats,2,,Madrid,"40,42207","-3,70238"
The Rombo Code,arts_and_entertainment,https://therombocode.es/madrid/,2,,Madrid,"40,4353829","-3,7126004"
The Rombo Code,arts_and_entertainment,Ingen webbplats,2,,Madrid,"40,4329629","-3,7100711"
The X-Door Madrid,arts_and_entertainment,http://www.thexdoormadrid.com/,2,,Madrid,"40,41977","-3,6993"
Tienda Y Taller De Enmarcacion Vega-Mar,arts_and_entertainment,Ingen webbplats,2,,Madrid,"40,4339264","-3,6472806"
Tierras Raras,arts_and_entertainment,http://tierrasrarasestudio.com/,2,,Madrid,"40,44781","-3,67364"
Todo Para Ti,arts_and_entertainment,https://todoparati.es/,,,Madrid,"40,41516","-3,70667"
Toledo - España,arts_and_entertainment,Ingen webbplats,2,Toledo is a city,Madrid,"40,4194247","-3,6253477"
Torre De Hercules A Coruña,arts_and_entertainment,Ingen webbplats,2,"This is in Corunha, north of Spain",Madrid,"40,417823","-3,7033293"
TOS,arts_and_entertainment,http://www.tosestudio.com/,2,,Madrid,"40,41019","-3,69602"
TOTALISIMO,arts_and_entertainment,https://linktr.ee/Totalisimo,,,Madrid,"40,43342","-3,67292"
Trampolín Teatro,arts_and_entertainment,http://trampolinteatro.es,,,Madrid,"40,409794","-3,708165"
Tres + 1,arts_and_entertainment,http://3mas1grabado.com/,,,Madrid,"40,4104549","-3,6984397"
Tritoma S.L.,arts_and_entertainment,http://www.tritoma.es/,,,Madrid,"40,3834783","-3,6975171"
Trujillo Caceres,arts_and_entertainment,Ingen webbplats,2,,Madrid,"40,39349","-3,78138"
Twentieth Century Fox Home Entertainment España,arts_and_entertainment,http://www.fox.com,2,,Madrid,"40,4732172","-3,6750047"
Universo Sfx Academy,arts_and_entertainment,Ingen webbplats,2,,Madrid,"40,3972823","-3,6721014"
"Valdeski, Navacerrada",arts_and_entertainment,Ingen webbplats,2,,Madrid,"40,4862045","-3,7271885"
Varadero Software Factory,arts_and_entertainment,http://www.vsf.es,,,Madrid,"40,434959","-3,6266098"
Variopinto,arts_and_entertainment,http://www.produccionesvariopinto.com/,,,Madrid,"40,40543","-3,68274"
VesArte Kids,arts_and_entertainment,Ingen webbplats,2,,Madrid,"40,44791","-3,66406"
Vicente Carrasco,arts_and_entertainment,https://en.clubatleticodemadrid.com/atm/guided-tours,,,Madrid,"40,413374","-3,69748"
Vida en Martes,arts_and_entertainment,Ingen webbplats,2,,Madrid,"40,43753","-3,701"
Villa Croqueta,arts_and_entertainment,Ingen webbplats,2,,Madrid,"40,397373","-3,694569"
VodkaCapital,arts_and_entertainment,http://vodkacapital.com/,2,,Madrid,"40,44745","-3,670314"
White Room Studio,arts_and_entertainment,http://www.whiteroom.studio/,2,,Madrid,"40,42775","-3,6677008"
Wow Madrid,arts_and_entertainment,Ingen webbplats,2,,Madrid,"40,4706082","-3,6911121"
X Amor Al Arte,arts_and_entertainment,http://www.xamoralartemadrid.es/,,,Madrid,"40,4311935","-3,7051323"
XB bodas,arts_and_entertainment,Ingen webbplats,2,,Madrid,"40,42276","-3,70249"
Xpresarte,arts_and_entertainment,https://www.xpresarte.es/,2,,Madrid,"40,4166693","-3,7055945"
Zayas Asociación Cultural,arts_and_entertainment,http://www.zayas.net/,,,Madrid,"40,4271865","-3,6797913"
ZetaPeta Show,arts_and_entertainment,Ingen webbplats,2,,Madrid,"40,43018","-3,69687"
ZIEN Taller de Encuadernación Artesanal,arts_and_entertainment,https://www.homofaber.com/discover/homofaber-ykzubb?fbclid=PAZXh0bgNhZW0CMTEAAaYOlr_FuguWh8BitZZ95teea0Y6uBszqpn7wV3WH4fz1Ouv9aKudZ_pieg_aem_y6cgKkxzdA5Mn2iqghtqTA,2,,Madrid,"40,4291359","-3,6853961"
Ел Ретиро,arts_and_entertainment,http://it.wikipedia.org/wiki/Parco_del_Retiro,2,,Madrid,"40,4173","-3,68278"
Кралски дворец в Мадрид,arts_and_entertainment,http://zh.wikipedia.org/zh-tw/%6C%B7%CC%8B%AB,2,,Madrid,"40,417974","-3,714302"
Мадридска зоологическа градина,arts_and_entertainment,http://www.zoomadrid.com/,2,,Madrid,"40,408611","-3,7625"
אל רסטרו,arts_and_entertainment,http://fr.wikipedia.org/wiki/Rastro,2,"El Rastro, but in Hebrew (duplicado) ",Madrid,"40,408889","-3,7075"
بالاسيو دي كريستال ديل ريتيرو,arts_and_entertainment,http://it.wikipedia.org/wiki/Parco_del_Retiro,2,"Retiro, but in Arabic",Madrid,"40,4173","-3,68278"
Aldemar Campos,attractions_and_activities,https://aldemarcampos.es/,2,,Madrid,"40,4097449","-3,7045673"
Área Recreativa Mingorrubio-El Pardo,attractions_and_activities,Ingen webbplats,2,,Madrid,"40,531973","-3,7835324"
Arquería de los Nuevos Ministerios,attractions_and_activities,Ingen webbplats,2,,Madrid,"40,44688","-3,69174"
Aula de Ecología  - El Palomar de Las Tablas,attractions_and_activities,http://elpalomardelastablas.blogspot.com.es/,,,Madrid,"40,5082016","-3,67592"
Avda Santuario de Valverde,attractions_and_activities,Ingen webbplats,2,,Madrid,"40,5046247","-3,7004004"
Avda Santuario de Valverde,attractions_and_activities,Ingen webbplats,2,,Madrid,"40,5115799","-3,6930557"
Barranco de la Zorra,attractions_and_activities,Ingen webbplats,2,,Madrid,"40,412212","-3,769365"
Bulevar de la Calle Ibiza,attractions_and_activities,Ingen webbplats,2,,Madrid,"40,41838","-3,6758874"
"Bulevar de la Naturaleza, 1",attractions_and_activities,Ingen webbplats,2,,Madrid,"40,3740671","-3,6297316"
C.D. Parque Movil Madrid,attractions_and_activities,http://www.cdparquemovil.com/,2,,Madrid,"40,4388624","-3,7061679"
Calle Castelar,attractions_and_activities,Ingen webbplats,2,,Madrid,"40,430613","-3,666587"
Calle Columela,attractions_and_activities,Ingen webbplats,2,,Madrid,"40,4212038","-3,6863349"
Calle de la Grandeza Española,attractions_and_activities,Ingen webbplats,2,,Madrid,"40,4116802","-3,7309854"
Calle Guatemala,attractions_and_activities,Ingen webbplats,2,,Madrid,"40,4594787","-3,6731994"
Calle Pio Baroja,attractions_and_activities,Ingen webbplats,2,,Madrid,"40,4139942","-3,6731797"
Calle Quiñones,attractions_and_activities,Ingen webbplats,2,,Madrid,"40,4272092","-3,7081009"
"Calle San Bernardo 20, madrid",attractions_and_activities,Ingen webbplats,2,,Madrid,"40,42277","-3,70746"
Campo de Futbol La Unión,attractions_and_activities,Ingen webbplats,2,not sure ,Madrid,"40,3832695","-3,615177"
Campo de Golf,attractions_and_activities,http://www.golfcapdepera.com,2,,Madrid,"40,461054","-3,597622"
Campo de La Paloma,attractions_and_activities,Ingen webbplats,2,,Madrid,"40,3832643","-3,6460491"
Campo de Rugby de Orcasitas,attractions_and_activities,http://www.rugbycartagena.com,2,,Madrid,"40,3779101","-3,7135088"
Campo del Moro,attractions_and_activities,http://es.wikipedia.org/wiki/Campo_del_Moro_(Madrid),2,,Madrid,"40,4183769","-3,7174707"
Cerro del Tío Pío,attractions_and_activities,Ingen webbplats,2,park,Madrid,"40,3980112","-3,6554457"
Cesped ETSAM,attractions_and_activities,Ingen webbplats,2,,Madrid,"40,4402732","-3,7316308"
Comunidad de Madrid,attractions_and_activities,Ingen webbplats,2,,Madrid,"40,3857133","-3,6076209"
Dragón de la Elipa,attractions_and_activities,http://eldragondelaelipa.tk,,,Madrid,"40,423482","-3,656082"
El jardin de la calle Huertas,attractions_and_activities,www.jardindelangel.es,2,,Madrid,"40,4141396","-3,7013663"
Elena Vivaces Jardinería,attractions_and_activities,http://www.jardineriavivaces.es/,2,,Madrid,"40,51947","-3,77631"
En el Medio del Campo,attractions_and_activities,Ingen webbplats,2,,Madrid,"40,462175","-3,57967"
Fuente de Cantabria,attractions_and_activities,Ingen webbplats,2,,Madrid,"40,4572264","-3,5867664"
Fuente de Lima,attractions_and_activities,Ingen webbplats,2,,Madrid,"40,3829542","-3,7821078"
Glorieta de Boccherini,attractions_and_activities,Ingen webbplats,2,,Madrid,"40,414801","-3,7156325"
Glorieta de Pilar Miró,attractions_and_activities,Ingen webbplats,2,,Madrid,"40,4631602","-3,6578894"
Huerto Urbano Lavapiés,attractions_and_activities,Ingen webbplats,,,Madrid,"40,4074613","-3,69879"
Jardín Botánico Parque de Pradolongo,attractions_and_activities,Ingen webbplats,2,,Madrid,"40,4121705","-3,7000783"
Jardín de los Almendros,attractions_and_activities,Ingen webbplats,2,,Madrid,"40,409122","-3,68369"
Jardín Joaquín Masmitja,attractions_and_activities,Ingen webbplats,2,,Madrid,"40,442015","-3,6775089"
Jardín Tropical - Invernadero de Atocha,attractions_and_activities,Ingen webbplats,2,,Madrid,"40,406859","-3,691184"
Jardín Vertical,attractions_and_activities,http://www.infohostal.com/es/madrid/jardinvertical300508-alojamientos,2,,Madrid,"40,4110513","-3,693159"
Jardines Arquitecto Rivera,attractions_and_activities,Ingen webbplats,2,,Madrid,"40,4265083","-3,700048"
Jardines de la Plaza de Cabo Real,attractions_and_activities,https://www.esmadrid.com/informacion-turistica/jardines-de-la-plaza-de-oriente,2,,Madrid,"40,418211","-3,711531"
Jardines del Museo del Prado,attractions_and_activities,http://www.museodelprado.es,2,,Madrid,"40,4149128","-3,6928202"
Jardines del Puente de Toledo,attractions_and_activities,Ingen webbplats,2,,Madrid,"40,39771","-3,715244"
Jardines Ferraz,attractions_and_activities,Ingen webbplats,2,,Madrid,"40,421978","-3,7176761"
La Gasca,attractions_and_activities,Ingen webbplats,2,,Madrid,"40,424484","-3,685592"
La Venta Del Batán,attractions_and_activities,Ingen webbplats,2,,Madrid,"40,411219","-3,7540656"
Mamiii,attractions_and_activities,http://www.estrellapizzaykebab.es/,2,,Madrid,"40,41314","-3,72689"
Mirador Entrevías,attractions_and_activities,Ingen webbplats,2,,Madrid,"40,3759","-3,66015"
Palestra la Perla,attractions_and_activities,Ingen webbplats,2,,Madrid,"40,367499","-3,689797"
Parque,attractions_and_activities,http://www.parqueeuropa.es/,2,,Madrid,"40,4303649","-3,6394848"
"Parque ""El Retiro""",attractions_and_activities,http://www.esmadrid.com/informacion-turistica/parque-del-retiro/,2,,Madrid,"40,4173234","-3,712706"
Parque de Aluche,attractions_and_activities,http://es.wikipedia.org/wiki/Aluche,2,,Madrid,"40,39145","-3,76025"
Parque de Berlin,attractions_and_activities,http://www.madrid.es/portales/munimadrid/es/Inicio/Accesibilidad/Parque-de-Berlin?vgnextfmt=default&vgnextoid=d2e70e165684e210VgnVCM1000000b205a0aRCRD&vgnextchannel=1ade43db40317010VgnVCM100000dc0ca8c0RCRD&idioma=es&idiomaPrevio=es,2,,Madrid,"40,4501034","-3,6770899"
Parque de Comillas,attractions_and_activities,Ingen webbplats,2,,Madrid,"40,3923854","-3,7141842"
Parque de la Dehesa Boyal,attractions_and_activities,Ingen webbplats,2,,Madrid,"40,3463195","-3,6867308"
Parque de los Patos,attractions_and_activities,http://es.wikipedia.org/wiki/Parque_del_Oeste,2,,Madrid,"40,4307777","-3,7262277"
Parque del Matadero,attractions_and_activities,http://www.parquelineal.es,2,,Madrid,"40,3944668","-3,7024803"
Parque del Rastro,attractions_and_activities,Ingen webbplats,2,,Madrid,"40,406108","-3,710143"
Parque infantil ***multiaventura***,attractions_and_activities,http://www.multiaventura.com/,2,,Madrid,"40,4007545","-3,7000359"
Parque Plaza Sagrado Corazón,attractions_and_activities,http://www.urbanismosanfernando.org/portal/huertas.htm,2,,Madrid,"40,444907","-3,676901"
Parque Quinta de los Molinos,attractions_and_activities,http://www.esmadrid.com/informacion-turistica/quinta-de-los-molinos/,2,,Madrid,"40,4438364","-3,6276627"
Parque Villa De Vallecas,attractions_and_activities,http://cementeriovallecas.placeweb.site/,2,,Madrid,"40,3773795","-3,6211018"
Parquets Labrador,attractions_and_activities,https://parquetslabrador.es/,2,,Madrid,"40,4352458","-3,710017"
Piscina Santa Ana,attractions_and_activities,Ingen webbplats,2,,Madrid,"40,497232","-3,696451"
Plaza de Tauste,attractions_and_activities,Ingen webbplats,2,,Madrid,"40,3957563","-3,7386654"
Polideportivo Orcasur,attractions_and_activities,Ingen webbplats,2,,Madrid,"40,368301","-3,6980987"
Puerta de Dante,attractions_and_activities,Ingen webbplats,2,,Madrid,"40,409412","-3,677647"
Rosaleda del Retiro,attractions_and_activities,Ingen webbplats,2,,Madrid,"40,410952","-3,680427"
Yoga en el parque del retiro,attractions_and_activities,http://es.wikipedia.org/wiki/Jardines_del_Retiro_de_Madrid,2,,Madrid,"40,4110556","-3,6825389"
LocutorTV dubbing studio,audio_visual_production_and_design,https://www.locutortv.com/,2,,Madrid,"40,39556194","-3,747364998"
Produktia Madrid,audio_visual_production_and_design,http://produktia.tv/es/,2,,Madrid,"40,41658","-3,70102"
Alfredo Kraus Auditorium,auditorium,Ingen webbplats,2,,Madrid,"40,4967312","-3,6626077"
Auditorio del conde duque,auditorium,http://www.condeduquemadrid.es/,,,Madrid,"40,427094","-3,711372"
Auditorio Giner De Los Rios,auditorium,Ingen webbplats,,,Madrid,"40,4345871","-3,6968354"
Auditorio Marcelino Camacho,auditorium,http://ccoo.es,,,Madrid,"40,4137178","-3,694618"
Auditorio Municipal de Tarancón,auditorium,Ingen webbplats,,,Madrid,"40,3972542","-3,6584829"
Auditorio Museo Reino Sofia,auditorium,Ingen webbplats,,,Madrid,"40,4072802","-3,6952052"
Auditorio Mutua Madrileña,auditorium,http://fundacionmutua.es/,,,Madrid,"40,4326299","-3,690039"
Auditorio ONCE,auditorium,Ingen webbplats,,,Madrid,"40,4668959","-3,6783452"
Auditorio Rafael del Pino,auditorium,Ingen webbplats,,,Madrid,"40,4342236","-3,6895107"
Auditorio Ramón Y Cajal,auditorium,Ingen webbplats,,,Madrid,"40,4440853","-3,7234558"
Auditorio SETSI,auditorium,Ingen webbplats,,,Madrid,"40,461098","-3,6919777"
Auditorio Sony,auditorium,www.fundacionalbeniz.com,,,Madrid,"40,417136","-3,712419"
Auditorium Madrid,auditorium,http://www.auditoriumhoteles.com,,,Madrid,"40,447608","-3,628286"
Calle Jose Ortega Y Gasset 29,auditorium,Ingen webbplats,2,,Madrid,"40,4304137","-3,6833137"
Escuela Nacional de Medicina del Trabajo,auditorium,http://www.isciii.es,2,,Madrid,"40,475816","-3,690285"
Escuelas Pias UNeD - Present Coleccion Sostenibilidad y Rc,auditorium,Ingen webbplats,,,Madrid,"40,407833","-3,702845"
eShowM12,auditorium,Ingen webbplats,2,,Madrid,"40,468466","-3,616197"
IE Busines School -Serrano 105,auditorium,http://www.ie.edu/business-school,2,,Madrid,"40,438778","-3,68681"
Instituto Oficiales de Cumplimiento,auditorium,https://www.iocumplimiento.org/,2,,Madrid,"40,4544991","-3,6927002"
Paraninfo Del Rectorado De La UPM,auditorium,Ingen webbplats,2,,Madrid,"40,4506774","-3,7288297"
Sálon de Actos Facultad de Educacion UNED,auditorium,Ingen webbplats,2,,Madrid,"40,451342","-3,737609"
Serenity Studios,auditorium,http://www.serenitystudios.es,2,,Madrid,"40,4157619","-3,6915762"
Museo de Aeronáutica y Astronáutica de España,aviation_museum,https://ejercitodelaire.defensa.gob.es/EA/museodelaire/index.html,2,not sure,Madrid,"40,3659082","-3,8038481"
SANCHEZ-CORDERO,blacksmiths,http://www.sanchezcordero.com/,,,Madrid,"40,42214065","-3,6757089"
Aliatar Sales Services,book_magazine_distribution,http://www.aliatarss.es/,,,Madrid,"40,404081","-3,6897856"
Antonio Izquierdo Quiosco Prensa,book_magazine_distribution,Ingen webbplats,2,,Madrid,"40,4138357","-3,7087473"
Arte Por Excelencias,book_magazine_distribution,http://www.arteporexcelencias.com,,,Madrid,"40,45664","-3,692017"
Boutique de la Prensa,book_magazine_distribution,Ingen webbplats,2,,Madrid,"40,436651","-3,6989464"
Capitán Letras,book_magazine_distribution,https://capitanletras.com/,,,Madrid,"40,4448733","-3,6723198"
Ediciones Evohé,book_magazine_distribution,http://www.edicionesevohe.com/,,,Madrid,"40,46632","-3,69097"
Financial Times,book_magazine_distribution,http://www.ft.com,2,,Madrid,"40,4541035","-3,6823467"
Fracaso Books,book_magazine_distribution,http://www.fracasobooks.com/,,,Madrid,"40,3948435","-3,7131098"
Gigantes del Basket,book_magazine_distribution,http://www.gigantes.com,2,,Madrid,"40,430741","-3,672159"
Grupo Aseguranza,book_magazine_distribution,http://www.grupoaseguranza.com/,,,Madrid,"40,4630994","-3,6915252"
Hamelyn,book_magazine_distribution,https://tienda.hamelyn.com/,,,Madrid,"40,41955","-3,69196"
Ica Motor,book_magazine_distribution,http://www.icamotorediciones.es,,,Madrid,"40,452104","-3,6967425"
Interleo,book_magazine_distribution,http://www.interleo.es/,,,Madrid,"40,4818944","-3,6694602"
Kiosco de Prensa-Ricardo Ortiz 4,book_magazine_distribution,Ingen webbplats,2,,Madrid,"40,43024","-3,65813"
La Vanguardia,book_magazine_distribution,Ingen webbplats,2,,Madrid,"40,440629","-3,682075"
Quiosco de Prensa,book_magazine_distribution,Ingen webbplats,2,,Madrid,"40,4815298","-3,7200648"
Tetuán 30 Días,book_magazine_distribution,http://www.tetuan30dias.com/,,,Madrid,"40,4475663","-3,7008132"
"VISUAL, magazine de diseño",book_magazine_distribution,http://www.visual.gi/,,,Madrid,"40,406339","-3,674566"
El Rincón del Encuadernador,bookbinding,http://encuadernacion.biz/,2,,Madrid,"40,45023","-3,70595"
Encuadernaciones Turienzo,bookbinding,http://gturienzoencuadernaciones.blogspot.com/,2,,Madrid,"40,3991523","-3,6980689"
Taller de Encuadernacion Artesanal en Madrid,bookbinding,http://encuadernacionhernan.com/,2,,Madrid,"40,4502192","-3,7059607"
A Different Life,bookstore,http://www.lifegay.com/,,,Madrid,"40,4230223","-3,6982885"
A Punto Reprografia,bookstore,http://www.apunto.digital/,2,,Madrid,"40,4173598","-3,6744221"
Ababol Libros y Regalos,bookstore,http://libreriaababol.es/,,,Madrid,"40,4319133","-3,6562414"
Ábaco Libros,bookstore,Ingen webbplats,2,,Madrid,"40,435032","-3,704804"
ÁBaco Libros,bookstore,http://www.abacolibrosusados.es/,,,Madrid,"40,446905","-3,700853"
ÁBACO Papepelería,bookstore,Ingen webbplats,2,,Madrid,"40,4103469","-3,6462737"
Abcdario,bookstore,Ingen webbplats,2,,Madrid,"40,38039","-3,71298"
Absolut Office  Informática - Papelería - Reparaciones,bookstore,http://www.absolutoffice.com/,2,,Madrid,"40,4453799","-3,7847634"
Aflora Libros,bookstore,http://www.afloralibros.com/,,,Madrid,"40,4257889","-3,7041099"
AIDA Books&More Madrid,bookstore,http://www.ong-aida.org/,,,Madrid,"40,4443468","-3,6722634"
Akira Comics,bookstore,http://www.akiracomics.com/,,,Madrid,"40,4823659","-3,7136297"
Alfil.be Villa de Vallecas,bookstore,https://twitter.com/be_alfil,,,Madrid,"40,37843","-3,62302"
Alfilbe.bravomurillo,bookstore,http://www.alfil.be/,,,Madrid,"40,45501","-3,7029"
Aluche Graffiti Store,bookstore,http://aluchegraffiti.com/,,,Madrid,"40,3932507","-3,7644179"
Anticuario Bellver,bookstore,http://www.anticuario-bellver.com,,,Madrid,"40,4382081","-3,6984437"
Aprende Japonés Hoy,bookstore,http://www.aprendejaponeshoy.com/,2,,Madrid,"40,4684865","-3,6853153"
AQuarela Libros,bookstore,http://www.aquarelalibros.es/,,,Madrid,"40,441188","-3,6717587"
Arc de Triomphe,bookstore,Ingen webbplats,2,,Madrid,"40,4186878","-3,6955646"
Arcobaleno,bookstore,http://www.libreamos.com/,,,Madrid,"40,4306884","-3,6590998"
Arranca Thelma,bookstore,http://www.uniliber.com/librerias/arranca-thelma_318/,,,Madrid,"40,4133121","-3,7128451"
Arrebato Libros,bookstore,http://www.arrebatolibros.com/,,,Madrid,"40,4261767","-3,703126"
Arte 9,bookstore,http://www.arte9.com/,,,Madrid,"40,4306577","-3,6712481"
Asociación AILA,bookstore,http://www.ailaasociacion.com/,,,Madrid,"40,41846","-3,70714"
Asppan - Onlybook,bookstore,http://www.onlybook.com/,,,Madrid,"40,43456","-3,66592"
Atticus-Finch,bookstore,http://www.atticus-finch.es/,2,,Madrid,"40,426936","-3,709135"
Bajoelvolcán,bookstore,http://www.bajoelvolcan.es/,,,Madrid,"40,4098923","-3,7010674"
Barron club,bookstore,Ingen webbplats,2,,Madrid,"40,407589","-3,7038801"
Berrocal Libros Antiguos,bookstore,http://www.berrocalibros.com/,,,Madrid,"40,414229","-3,6974348"
Biblioteca Castro,bookstore,https://fundcastro.org/,,,Madrid,"40,4219522","-3,6823568"
Bohindra Libreria,bookstore,http://www.bohindra.com,,,Madrid,"40,4151821","-3,7042177"
BOOK Center Luchana,bookstore,http://www.bookcenter.es,,,Madrid,"40,4294647","-3,7012027"
Book Club Arguelles,bookstore,https://www.instagram.com/bookclubarguelles/,2,,Madrid,"40,43367","-3,71456"
Books Center,bookstore,http://www.bookcenter.es,,,Madrid,"40,430797","-3,7167548"
Booksellers,bookstore,http://www.booksellers.es/,,,Madrid,"40,4380302","-3,7002007"
Breogan,bookstore,http://www.breogan.org,,,Madrid,"40,424987","-3,665552"
Bubok,bookstore,https://www.bubok.es/,,,Madrid,"40,4048267","-3,6934002"
Cafebrería ad Hoc,bookstore,http://www.cafebreriaadhoc.com/,2,,Madrid,"40,4288785","-3,7177608"
Capital Comics y Juegos,bookstore,http://www.arte9cruz.com,,,Madrid,"40,4147456","-3,7027783"
Carlin Embajadores,bookstore,http://carlin.es/,2,arts and crafts,Madrid,"40,3903899","-3,6920063"
Carlin Luchana,bookstore,https://www.carlin.es,2,arts and crafts,Madrid,"40,4308762","-3,6993133"
Carlin Príncipe de Vergara,bookstore,http://www.carlinvergara210.com/,2,arts and crafts,Madrid,"40,4509974","-3,677471"
Carlin Reina Mercedes,bookstore,http://www.carlin.es/,2,arts and crafts,Madrid,"40,4510803","-3,6977799"
Carlin Sanchinarro,bookstore,http://www.carlin.es/,2,arts and crafts,Madrid,"40,4925199","-3,6524266"
Casa Cristiana Emanuel,bookstore,Ingen webbplats,2,,Madrid,"40,379333","-3,616953"
Casa del Cetrero. Libros de Cetrería,bookstore,https://www.clan.es/,,,Madrid,"40,4313174","-3,6672923"
Casa del Lector,bookstore,http://casalector.fundaciongsr.com/,,,Madrid,"40,3925821","-3,6985198"
Casa del libro,bookstore,https://www.casadellibro.com/,,,Madrid,"40,3635728","-3,7385044"
Casa del libro,bookstore,https://www.casadellibro.com/,2,,Madrid,"40,4244478","-3,6762337"
Casa del libro,bookstore,https://www.casadellibro.com/,2,,Madrid,"40,4301906","-3,7030943"
Casa del libro,bookstore,https://www.casadellibro.com/,2,,Madrid,"40,4484689","-3,6955893"
Casa del libro,bookstore,https://www.casadellibro.com/,2,,Madrid,"40,54489","-3,69149"
Casa del libro,bookstore,https://www.casadellibro.com/,2,,Madrid,"40,43802","-3,67724"
Casiopea librería-La Tortuga,bookstore,https://www.facebook.com/,,,Madrid,"40,4116402","-3,7046399"
Castello 115,bookstore,Ingen webbplats,2,,Madrid,"40,43641","-3,68069"
Cataclismo Libros de Arte,bookstore,http://www.cataclismo.net/,,,Madrid,"40,4277677","-3,6550343"
Cecadi,bookstore,Ingen webbplats,,,Madrid,"40,4112804","-3,7146885"
CEGAL (Confederación Española de Gremios y Asociaciones de Libreros),bookstore,http://www.cegal.es/,,,Madrid,"40,446921","-3,716413"
Centre Cultural-Llibreria Blanquerna,bookstore,https://delegaciomadrid.gencat.cat/ca/centre_cultural_llibreria_blanquerna/,,,Madrid,"40,418459","-3,6961725"
Cervantes y Compañía,bookstore,http://cervantesycia.com/,,,Madrid,"40,4241601","-3,7065151"
Ciento volando,bookstore,http://cientovolando.click/,,,Madrid,"40,4274221","-3,7030006"
Codice,bookstore,http://www.libreriacodice.com/,,,Madrid,"40,4123566","-3,6977948"
Codice Magno,bookstore,http://www.codicemagno.com/,,,Madrid,"40,4360699","-3,6451863"
Comelibros,bookstore,Ingen webbplats,,,Madrid,"40,4396513","-3,6448978"
Cómic Hunter Librería Especializada,bookstore,Ingen webbplats,,,Madrid,"40,4071912","-3,7085814"
Comics El Coleccionista,bookstore,http://www.elcoleccionistacomics.com,,,Madrid,"40,4078759","-3,7020459"
Contrabandos,bookstore,http://contrabandos.org/,,,Madrid,"40,4076982","-3,7014139"
Cooperativa Universitaria Cisneros,bookstore,Ingen webbplats,2,not a bookstore; closed,Madrid,"40,4343611","-3,7179619"
Copipc,bookstore,http://www.papeleriaramos.com/,,,Madrid,"40,4262641","-3,6656968"
Cor Mariae,bookstore,Ingen webbplats,2,,Madrid,"40,4453872","-3,7034886"
Crazy Mary Librería,bookstore,http://www.crazymarylibreria.com/,,,Madrid,"40,4138582","-3,6996136"
Crisis Comics,bookstore,http://www.atlanticacomic.com,,,Madrid,"40,4227726","-3,7067308"
Cuentos Feliciana,bookstore,Ingen webbplats,,,Madrid,"40,43344","-3,69868"
Cuesta de Moyano,bookstore,http://www.cuestamoyano.es,2,,Madrid,"40,4094207","-3,6914465"
De Cuento,bookstore,http://www.decuento.es/,,,Madrid,"40,40403","-3,69624"
Delirium Books,bookstore,https://www.deliriumbooks.es/,,,Madrid,"40,4278641","-3,6883578"
Desmal,bookstore,http://www.libreriadesmal.com,,,Madrid,"40,4335991","-3,6423647"
Desperate Literature,bookstore,http://www.desperateliterature.com/,,,Madrid,"40,4194823","-3,7092607"
Dibbuks,bookstore,http://www.dibbuks.com/,,,Madrid,"40,4262775","-3,7160571"
Didacticalia,bookstore,http://www.didacticalia.com,,,Madrid,"40,3947878","-3,7626479"
Dijusa,bookstore,http://www.dijusa.es,2,,Madrid,"40,42969","-3,67435"
Discos Ziggy Dvd,bookstore,Ingen webbplats,2,music and dvd store,Madrid,"40,4165","-3,70756"
Distribuciones Gomez de la Tia,bookstore,Ingen webbplats,2,,Madrid,"40,413499","-3,7185383"
Don Lapiz,bookstore,http://www.libreriadonlapiz.com/,,,Madrid,"40,3794644","-3,6078555"
Dykinson,bookstore,http://www.dykinson.com/,,,Madrid,"40,4330644","-3,7164898"
E y P Libros Antiguos,bookstore,http://www.eyplibros.es/,,,Madrid,"40,4358687","-3,6725583"
Ecobook,bookstore,http://www.ecobook.com/,,,Madrid,"40,4269323","-3,7100863"
Ecotienda Natural,bookstore,Ingen webbplats,2,,Madrid,"40,40102","-3,67026"
Ediciones Académicas Ediasa,bookstore,http://www.ediasa.es/,,,Madrid,"40,3375561","-3,7134156"
Ediciones Hiperión,bookstore,http://www.hiperion.com/,,,Madrid,"40,4204691","-3,6901352"
Ediciones La Librería,bookstore,http://www.edicioneslalibreria.es/,,,Madrid,"40,4154018","-3,7116031"
Edisofer,bookstore,http://www.edisofer.com/,,,Madrid,"40,4262301","-3,7091351"
Editorial & Librería Diwan,bookstore,http://www.diwan.es/,,,Madrid,"40,3968199","-3,6631737"
Editorial Ela,bookstore,http://www.libreriaargentina.com/,,,Madrid,"40,4338399","-3,71432"
Eimpresion Hispania,bookstore,http://www.e-impresion.com,,,Madrid,"40,453882","-3,6612582"
El Aleph Libros,bookstore,http://www.libreriaelaleph.com/,,,Madrid,"40,4248461","-3,7159439"
El Almazen Natural,bookstore,http://www.elalmazennatural.com/,,,Madrid,"40,4228789","-3,6798012"
El Cogote de la Mancha,bookstore,Ingen webbplats,2,,Madrid,"40,4149421","-3,7109232"
El Desvan del Libro,bookstore,http://www.desvandellibro.com/,,,Madrid,"40,4228524","-3,6744275"
El dragón lector Fernández de la Hoz,bookstore,Ingen webbplats,,,Madrid,"40,4390595","-3,6943886"
El Halcón Maltés,bookstore,https://www.halconmaltes.com/,,,Madrid,"40,4337244","-3,7061833"
El Hatillo de Cartama,bookstore,https://elhatillodecartama.es/,,,Madrid,"40,4496377","-3,65755"
El Jardín de las Letras,bookstore,http://www.jardindelasletras.es/,,,Madrid,"40,434852","-3,7046707"
El kiosco,bookstore,Ingen webbplats,2,,Madrid,"40,457526","-3,7102299"
El lápiz mágico,bookstore,Ingen webbplats,2,,Madrid,"40,4400474","-3,6767313"
El mono-araña! comics,bookstore,http://www.xn--elmono-araa-beb.com/,2,casino,Madrid,"40,4032995","-3,7043002"
El Pinar 2000,bookstore,Ingen webbplats,2,,Madrid,"40,4816311","-3,6717843"
El Rincón De La Lectura,bookstore,http://www.elrincondelalectura.es,,,Madrid,"40,3658202","-3,5521563"
El Rincón de la Lectura,bookstore,Ingen webbplats,2,duplicate,Madrid,"40,4445401","-3,5951142"
ElArgonauta Librería de Música,bookstore,https://www.elargonauta.com/,,,Madrid,"40,4353069","-3,7105051"
Elefante de los Libros,bookstore,http://www.elefantedelrastro.com/,,,Madrid,"40,407062","-3,709163"
Elektra Cómic,bookstore,http://elektracomic.com/,,,Madrid,"40,4226294","-3,7075218"
"Elman, rincón de cuentos",bookstore,http://www.elman-rincondecuentos.blogspot.com/,2,,Madrid,"40,4685231","-3,7225466"
Elsamurai,bookstore,http://ELSAMURAI.TOL.DO/,2,,Madrid,"40,3792589","-3,7728686"
Encabo,bookstore,http://www.remolquesfornier.com,2,,Madrid,"40,445243","-3,6723677"
Enclave de Libros,bookstore,http://www.enclavedelibros.com/,,,Madrid,"40,4129981","-3,7033161"
encristiano.com,bookstore,http://www.encristiano.com/,2,,Madrid,"40,4270256","-3,7191101"
Eres lo que lees,bookstore,http://www.libreriale.es/,,,Madrid,"40,4587223","-3,6871998"
Espacio Ardemans,bookstore,http://www.espacioardemans.es/,,,Madrid,"40,4368109","-3,6753411"
Espacio Kalandraka,bookstore,http://www.kalandraka.com/,,,Madrid,"40,4130572","-3,6978902"
Espacio Rosa Luxemburgo,bookstore,http://fundacionfedericoengels.net/,,,Madrid,"40,3925178","-3,7211147"
Espasa Calpe,bookstore,http://www.casadellibro.com,,,Madrid,"40,418134","-3,705543"
Estudios Promociones y Novedades,bookstore,http://estudios-promociones-y-novedades.placestars.com,2,,Madrid,"40,4153664","-3,711627"
Faure Libreria Papeleria Manualidades,bookstore,http://www.faurepapeleriavallecas.es/,2,,Madrid,"40,38699","-3,66476"
Feria del Libro de Madrid,bookstore,http://www.ferialibromadrid.com/,2,not a bookstore; feria,Madrid,"40,44697","-3,71653"
Fnac España,bookstore,https://www.fnac.es/?origin=SEO_MB_01_CALLAO,2,,Madrid,"40,41904","-3,70524"
Folder,bookstore,http://www.folder.es,2,,Madrid,"40,4688416","-3,6890317"
Folder Atocha,bookstore,https://folderatocha.es/,2,,Madrid,"40,40458","-3,68129"
Folder Rivas,bookstore,http://www.folder.es/,,,Madrid,"40,4544","-3,71275"
Fragua Libros,bookstore,http://www.fragua.es/,,,Madrid,"40,4360342","-3,7142429"
Frañol Madrid,bookstore,http://www.franol.com/,,,Madrid,"40,459221","-3,6456501"
Fundación de Estudios Libertarios Anselmo Lorenzo,bookstore,https://fal.cnt.es/,,,Madrid,"40,4006017","-3,7021065"
Fundación Federico Engels,bookstore,http://www.fundacionfedericoengels.net/,,,Madrid,"40,3925247","-3,721228"
Fundiland,bookstore,http://fundiland.es/,,,Madrid,"40,3440408","-3,6748196"
Galaxy-Comics,bookstore,Ingen webbplats,2,,Madrid,"40,42156","-3,6100306"
Genex Comics,bookstore,http://www.genexcomics.com/,,,Madrid,"40,4050592","-3,7138653"
Gonzalo Fernández Pontes. Librería anticuaria,bookstore,http://www.pontesmaps.com/principal.jsp,,,Madrid,"40,4234221","-3,6829663"
Granado,bookstore,Ingen webbplats,,,Madrid,"40,460441","-3,6948785"
Grant Librería,bookstore,http://www.grantlibreria.com/,,,Madrid,"40,4059376","-3,7017952"
Gremio Madrileño de Libreros de Viejo,bookstore,http://www.librerosmatritenses.es/,,,Madrid,"40,4161","-3,69749"
Grupo Éride,bookstore,https://erideediciones.es/,,,Madrid,"40,4407557","-3,6985855"
Grupo Letras,bookstore,http://grupoletras.com/,,,Madrid,"40,43357","-3,64619"
Guillermo Blázquez Libros Antiguos,bookstore,http://www.libreriablazquez.com/,,,Madrid,"40,416166","-3,6975056"
Hilando Libros,bookstore,http://www.hilandolibros.com/,,,Madrid,"40,3379388","-3,7148651"
Hoja,bookstore,Ingen webbplats,2,,Madrid,"40,4617348","-3,5846181"
Honorio y Anita. Una tienda de encuadernación,bookstore,http://www.honorioyanita.es/,2,not a bookstore,Madrid,"40,4331","-3,67098"
Hotel Kafka - Periodismo y No Ficción,bookstore,http://twitter.com/hotelkafka,2,,Madrid,"40,42509","-3,697586"
Iannest,bookstore,Ingen webbplats,2,,Madrid,"40,415177","-3,707784"
Ibérica Libros,bookstore,http://www.ibericalibros.com/,,,Madrid,"40,3968189","-3,6631707"
Iberoamericana Editorial Vervuert,bookstore,http://www.ibero-americana.net,2,duplicate,Madrid,"40,436858","-3,62917"
Iberoamericana Vervuert / Editorial & Librería,bookstore,http://www.ibero-americana.net,,,Madrid,"40,413301","-3,6974542"
Imágenes y Más,bookstore,Ingen webbplats,2,,Madrid,"40,4119939","-3,6982379"
Infinity Comics,bookstore,http://www.infinitycomics.es/,,,Madrid,"40,4167466","-3,7084421"
Irasi Papelería,bookstore,https://twitter.com/Irasipapeleria,2,not a bookstore,Madrid,"40,3884496","-3,6383083"
Jardín de Luz,bookstore,http://www.jardindeluz.net/,2,,Madrid,"40,4215177","-3,6800915"
Jmb suministros informaticos - Limar,bookstore,https://www.liderpapel.com/PStores?s=705&o=inicio_b2c&p=1,2,,Madrid,"40,3917898","-3,7508411"
Joy Libros,bookstore,http://www.joylibros.com/,,,Madrid,"40,4356099","-3,6455627"
Ká Libreria Papeleria,bookstore,http://libreriaka.com/,2,,Madrid,"40,37417","-3,76841"
Kaleidoskop,bookstore,http://www.kaleidoskop.es/,,,Madrid,"40,4351922","-3,7180979"
Kiriku y la Bruja,bookstore,http://www.kirikuylabruja.com/,,,Madrid,"40,4155598","-3,6678595"
KosmoKids,bookstore,Ingen webbplats,,,Madrid,"40,5042515","-3,705914"
Kripson Book Shop,bookstore,Ingen webbplats,,,Madrid,"40,47194","-3,692"
La Agonía Libros,bookstore,http://laagonialibros.com/,,,Madrid,"40,4276505","-3,7044301"
La Analfabeta,bookstore,http://www.laanalfabeta.com,,,Madrid,"40,42259","-3,66543"
La Anónima Librería,bookstore,http://laanonimalibreria.com/,,,Madrid,"40,3960012","-3,6960842"
La boutique de Zothique,bookstore,https://boutiquedezothique.es/,,,Madrid,"40,4440451","-3,6710841"
La Buena Vida - Café del Libro,bookstore,https://www.librerialabuenavida.es/,,,Madrid,"40,4176306","-3,7107166"
La Casa del Ajedrez,bookstore,http://www.lacasadelajedrez.com/,,,Madrid,"40,4212244","-3,6965766"
La Ceiba,bookstore,http://www.laceida.org,,,Madrid,"40,41233","-3,69767"
La Central de Callao,bookstore,http://www.lacentral.com,,,Madrid,"40,4193322","-3,7059812"
La Central de la Fundación Mapfre,bookstore,http://www.lacentral.com,2,,Madrid,"40,4227643","-3,6921735"
La esquina del zorro,bookstore,http://www.librerialaesquinadelzorro.com/,,,Madrid,"40,3945598","-3,6696641"
La Fabulosa,bookstore,https://lafabulosalibreria.es/,,,Madrid,"40,4235604","-3,7021077"
La Flor de Chamberi,bookstore,https://laflordechamberi.com/,,,Madrid,"40,4362002","-3,7076394"
La Forja de Las Letras,bookstore,http://www.forjadeletras.com/,,,Madrid,"40,4143116","-3,6980705"
La Fuentecilla,bookstore,Ingen webbplats,2,water fountain ,Madrid,"40,409437","-3,7387614"
La Gavia,bookstore,Ingen webbplats,2,shopping center,Madrid,"40,382264","-3,6191177"
La Hora Azul Librería,bookstore,Ingen webbplats,,,Madrid,"40,4272143","-3,7101237"
La Imprenta,bookstore,http://somoslaimprenta.org/,,,Madrid,"40,4280938","-3,7050607"
La Librairie,bookstore,http://lalibrairie.es/,,,Madrid,"40,4622314","-3,6395929"
La librería de altamarea,bookstore,http://altamarea.es/,,,Madrid,"40,3958946","-3,6992107"
La Librerí­a de Lavapiés,bookstore,Ingen webbplats,,,Madrid,"40,407758","-3,696316"
La Librería del Mercado,bookstore,Ingen webbplats,,,Madrid,"40,4076429","-3,7031273"
La Mar de Letras,bookstore,http://www.lamardeletras.com/,,,Madrid,"40,4165299","-3,7104673"
La Papelería de la Plaza,bookstore,https://papelerialaplaza.es/,2,,Madrid,"40,4456912","-3,61235"
La Regenta,bookstore,Ingen webbplats,,,Madrid,"40,453412","-3,679439"
La Ruta de la Seda,bookstore,http://www.larutadelaseda.org,,,Madrid,"40,41448","-3,70747"
La Tarde Libros,bookstore,http://www.libreriaolmata.com/,,,Madrid,"40,4129624","-3,7048822"
La Tres Catorce,bookstore,http://www.latrescatorce.com,,,Madrid,"40,43679","-3,69923"
La Verde,bookstore,Ingen webbplats,,,Madrid,"40,3952049","-3,6631619"
Lamalatesta,bookstore,http://www.lamalatesta.net,,,Madrid,"40,4108452","-3,7032101"
Las Letras Embrujadas,bookstore,https://www.letrasembrujadas.com/,,,Madrid,"40,4563546","-3,5905615"
Lata Peinada,bookstore,https://www.latapeinada.com/,,,Madrid,"40,427227","-3,7011612"
Liberespacio,bookstore,http://www.liberespacio.com/,,,Madrid,"40,4375536","-3,7118781"
Libracos,bookstore,http://www.libracos.com/,,,Madrid,"40,4128622","-3,7184379"
Librería  JUMI,bookstore,http://www.libreriajumi.com/,,,Madrid,"40,4690015","-3,7183662"
Librería 2 Castillas,bookstore,https://www.instagram.com/libreria.2castillas/,,,Madrid,"40,4397375","-3,6449354"
Libreria 7 Colores,bookstore,http://www.libreria7colores.com/,,,Madrid,"40,3718815","-3,6933514"
Librería A'Tüin,bookstore,http://www.libreriaatuin.com/,,,Madrid,"40,4628337","-3,6412382"
Libreria Abascal,bookstore,http://www.libreriaabascal.com/,,,Madrid,"40,424577","-3,7136738"
Librería Alcaná,bookstore,www.libros-antiguos-alcana.com,,,Madrid,"40,46112","-3,69832"
Librería Amapolas en octubre,bookstore,https://www.libreriaamapolasenoctubre.com/,,,Madrid,"40,4241246","-3,6974384"
Libreria Antes A.T.,bookstore,http://www.libreriaantes.com/,,,Madrid,"40,435319","-3,684238"
Libreria anticuaria Libros Madrid,bookstore,http://www.librosmadrid.com,,,Madrid,"40,4190782","-3,7093277"
Librería Anticuaria Toledo,bookstore,Ingen webbplats,,,Madrid,"40,4184209","-3,676607"
Librería Antonio Machado,bookstore,http://www.machadolibros.com/,,,Madrid,"40,4240086","-3,6950095"
Librería ARS,bookstore,http://www.libreriaars.com/,,,Madrid,"40,4277415","-3,6833189"
Librería Áurea,bookstore,http://libreriaaurea.com/,,,Madrid,"40,4019181","-3,7083813"
Librería Bardón,bookstore,http://www.libreriabardon.com/,,,Madrid,"40,4185383","-3,7070784"
Librería Berceo,bookstore,http://www.berceolibrosantiguos.com/,,,Madrid,"40,415798","-3,7115734"
Librería Berkana,bookstore,http://www.libreriaberkana.com/,,,Madrid,"40,4227892","-3,6992315"
Libreria Betania,bookstore,https://betanialibros.com/,,,Madrid,"40,3427803","-3,7153478"
Librería Biblioteca de Alejandría,bookstore,http://www.labibliotecadealejandria.es/,,,Madrid,"40,4111581","-3,698525"
Librería Blanco Madrid,bookstore,Ingen webbplats,,,Madrid,"40,432208","-3,674908"
Libreria Burma,bookstore,http://www.libreriaburma.es/,,,Madrid,"40,4110511","-3,7005574"
Librería Canoa,bookstore,Ingen webbplats,,,Madrid,"40,4550388","-3,5908867"
Librería Casa Cristiana Emanuel,bookstore,http://www.casacristiana.com/,,,Madrid,"40,392141","-3,65661"
Librería Castellana 45,bookstore,http://www.libreriacastellana45.com/,,,Madrid,"40,435693","-3,689746"
Libreria Castilla,bookstore,https://tienda.libreriacastilla.org/,,,Madrid,"40,4878819","-3,6622129"
Libreria Cientifica CSIC,bookstore,http://www.editorial.csic.es/publicaciones,,,Madrid,"40,414982","-3,695951"
Librería Cyberdark.net,bookstore,http://tienda.cyberdark.net/,,,Madrid,"40,436121","-3,6420937"
Librería de Gestalt,bookstore,https://www.degestalt.com/,,,Madrid,"40,4123954","-3,6971614"
Libreria Dedalus,bookstore,http://www.dedalus-libros.com/,,,Madrid,"40,4176022","-3,696271"
Librería del Centro,bookstore,http://libreriadelcentro.es/,,,Madrid,"40,434561","-3,710057"
Librería del Prado,bookstore,http://www.libreriadelprado.com/,,,Madrid,"40,4146987","-3,699431"
Librería Desnivel,bookstore,http://libreriadesnivel.com/,,,Madrid,"40,413259","-3,699822"
Librería Don Bosco Madrid,bookstore,http://boletin-salesiano.com,,,Madrid,"40,4288671","-3,66684"
Librería El 7,bookstore,http://www.libreriael7.com/,,,Madrid,"40,412491","-3,6958571"
Libreria El Buscón,bookstore,http://www.elbuscon.es/,,,Madrid,"40,4452703","-3,6714531"
Libreria el Economato,bookstore,http://www.laneomudejar.com/,2,duplicado,Madrid,"40,4046577","-3,6836746"
Librería El Faro,bookstore,Ingen webbplats,,,Madrid,"40,4337781","-3,7154896"
Librería El Tranvía,bookstore,http://www.libreriaeltranvia.com/,,,Madrid,"40,451648","-3,693203"
Librería Eleutheria,bookstore,http://nosaltres.info/libreria-eleutheria/,,,Madrid,"40,410241","-3,7049068"
Librería Estudio en Escarlata,bookstore,http://www.estudioenescarlata.com/,,,Madrid,"40,4350001","-3,7142611"
Librería Evangélica Amor de Dios,bookstore,Ingen webbplats,,,Madrid,"40,41239","-3,69859"
Libreria F. Sanz,bookstore,Ingen webbplats,,,Madrid,"40,4038479","-3,6779352"
Librería Felipa,bookstore,http://www.libreriafelipa.es/,,,Madrid,"40,4339354","-3,6697119"
Libreria Fuencarral,bookstore,http://www.libreriafuencarral.es/,,,Madrid,"40,4927827","-3,6869598"
Librería Gacela,bookstore,Ingen webbplats,,,Madrid,"40,42869","-3,626251"
Libreria Garcia Prieto,bookstore,http://www.libreriagarciaprieto.com/,,,Madrid,"40,4229876","-3,6799535"
Librería Gastronómica Aliana,bookstore,http://www.alianagastronomia.com/,,,Madrid,"40,45356","-3,69538"
Librería Gaudí S.L.,bookstore,http://www.libreriagaudi.com/,,,Madrid,"40,4255414","-3,6947671"
Libreria Gaztambide,bookstore,http://www.libreriagaztambide.com/,,,Madrid,"40,4312504","-3,715698"
Libreria General Ricardos Numero 27,bookstore,Ingen webbplats,,,Madrid,"40,39596","-3,71861"
Librería infantil Lindos Libros,bookstore,Ingen webbplats,,,Madrid,"40,4623","-3,6865"
Libreria Ingenieria y Arte,bookstore,http://www.ingenieriayarte.com/,,,Madrid,"40,4311729","-3,6748738"
Librería Italiana,bookstore,http://www.libreriaitaliana.es,,,Madrid,"40,44326","-3,6959687"
Libreria Jarcha,bookstore,http://www.libreriajarcha.es,,,Madrid,"40,4047713","-3,6076266"
Libreria Jimenez Bravo,bookstore,http://www.jimenezbravo.com,,,Madrid,"40,4357335","-3,6970124"
Librería José Porrúa Turanzas,bookstore,http://www.porrualibros.com/,,,Madrid,"40,4252335","-3,6920663"
Librería Juan Rulfo,bookstore,http://libreriajuanrulfo.com/,,,Madrid,"40,434434","-3,7174231"
Libreria La Biblioteca,bookstore,Ingen webbplats,,,Madrid,"40,4395915","-3,7109628"
Libreria La Bonita,bookstore,https://www.librerialabonita.com/,,,Madrid,"40,4042133","-3,7201005"
Libreria La Casa De La Troya,bookstore,http://www.librerialacasadelatroya.es/,,,Madrid,"40,4215899","-3,7065935"
Librería La Independiente,bookstore,https://laindependiente.madrid/,,,Madrid,"40,4092074","-3,7005245"
Librería La Lumbre,bookstore,https://www.librerialalumbre.com/,,,Madrid,"40,4028701","-3,6752206"
Librería LaMistral,bookstore,http://www.librerialamistral.es/,,,Madrid,"40,4162355","-3,7057793"
Librería Lé,bookstore,http://www.libreriale.es/,,,Madrid,"40,4586422","-3,6872775"
Librería Lex Nova,bookstore,https://www.librerialexnova.com/,,,Madrid,"40,4238228","-3,6926532"
Libreria Liangyou,bookstore,Ingen webbplats,,,Madrid,"40,4220483","-3,7061498"
Libreria Los Olivos,bookstore,http://www.librerialosolivos.com/,,,Madrid,"40,3860402","-3,7343688"
Librería Lowcost LIVRE,bookstore,Ingen webbplats,,,Madrid,"40,4337835","-3,7167939"
Librería Lucense,bookstore,Ingen webbplats,,,Madrid,"40,4580133","-3,6742663"
Libreria Mar Negro,bookstore,http://www.marnegrolibros.com/,,,Madrid,"40,473907","-3,6432586"
Libreria Margarita De Dios,bookstore,http://www.margaritadedios.com/,,,Madrid,"40,4218169","-3,6869329"
Libreria Maripaz,bookstore,Ingen webbplats,,,Madrid,"40,404377","-3,7045087"
Librería Martín Luis Guzmán,bookstore,http://www.libreriajuanrulfo.com/,,,Madrid,"40,4301","-3,70954"
Librería Mayo,bookstore,http://www.libreriamayo.com/,,,Madrid,"40,4021131","-3,7049566"
Librería Méndez,bookstore,http://www.libreriamendez.net/,,,Madrid,"40,4164697","-3,7067086"
Librería Miguel Miranda,bookstore,http://www.libreriamiranda.com,,,Madrid,"40,413824","-3,6974202"
Librería Mireya,bookstore,Ingen webbplats,,,Madrid,"40,4366123","-3,7142088"
Librería Mis Lecturas,bookstore,Ingen webbplats,,,Madrid,"40,44065","-3,673"
Librería Muga,bookstore,http://www.publimuga.com,,,Madrid,"40,3812094","-3,6598948"
Librería Mujeres,bookstore,http://www.libreriamujeres.com/,,,Madrid,"40,4155673","-3,7055768"
Librería Náutica Robinson - Maritime Bookstore,bookstore,http://www.nauticarobinson.com/,,,Madrid,"40,4235758","-3,6950087"
Librería Neblí,bookstore,http://www.troa.es,,,Madrid,"40,431185","-3,686357"
Libreria Nicolas Moya,bookstore,http://www.librerianicolasmoya.com,,,Madrid,"40,415097","-3,7031895"
Librería Nubes,bookstore,http://www.librerianubes.es/contacto,,,Madrid,"40,41164","-3,72348"
Libreria Ontanilla,bookstore,http://www.libreriaontanilla.com,,,Madrid,"40,4592946","-3,7865886"
Librería Ozymandias,bookstore,http://www.ozymandias.es,,,Madrid,"40,4170772","-3,7086707"
Librería Papelería Ayvar.com,bookstore,http://www.instagram.com/ayvarpuntocom,2,,Madrid,"40,4106156","-3,6645982"
Librería Papelería Carabanchel,bookstore,http://www.papeleriacarabanchel.com/,2,,Madrid,"40,3858891","-3,7409955"
Libreria papeleria el camino,bookstore,http://libreriaelcamino.com/,2,,Madrid,"40,382082","-3,7304167"
Librería Papelería Laurel,bookstore,http://www.librerialaurel.es/,2,,Madrid,"40,3972841","-3,6632592"
Librería Papelería Santander,bookstore,http://www.libreriasantander.es/,2,,Madrid,"40,3864338","-3,7589977"
Librería parenthesis,bookstore,https://linktr.ee/libreriaparenthesis,,,Madrid,"40,4063977","-3,6997915"
Libreria Paulinas,bookstore,https://libreriavirtual.paulinas.es/,,,Madrid,"40,4313009","-3,7050437"
Librería Pérez Galdós,bookstore,http://www.perezgaldos.com/,,,Madrid,"40,4205269","-3,7010304"
Librería Peripecias,bookstore,http://www.libreriaperipecias.es/,,,Madrid,"40,3591754","-3,6974552"
Libreria Peter,bookstore,https://itendero3.wixsite.com/itulibro,,,Madrid,"40,41374","-3,69809"
Librería Polifemo,bookstore,http://www.polifemo.com/,,,Madrid,"40,4374608","-3,6637736"
Libreria Punto de Encuentro,bookstore,Ingen webbplats,,,Madrid,"40,396905","-3,6983372"
Librería Rafael Alberti,bookstore,http://www.libreriaalberti.com/,,,Madrid,"40,4319024","-3,7187607"
Librería RCCE,bookstore,http://libreria.rcc-es.com/,,,Madrid,"40,38723","-3,66207"
Libreria Re Read,bookstore,Ingen webbplats,,,Madrid,"40,4213993","-3,6753727"
Librería Reencuentro,bookstore,https://www.uniliber.com/buscar/libros_vendido_por_libreria-reencuentro_ordenado_por_autor-a-z,,,Madrid,"40,3435333","-3,6935821"
Librería Reencuentro,bookstore,http://www.libreriareencuentro.es/,,,Madrid,"40,353274","-3,682545"
Librería Releer,bookstore,http://libreriareleer.es/,,,Madrid,"40,4365088","-3,7112409"
Libreria Reno,bookstore,http://www.libreriareno.com/,,,Madrid,"40,428075","-3,7049354"
Librería Rodríguez,bookstore,http://www.libreriarodriguez.com/,,,Madrid,"40,432698","-3,6627771"
Libreria Roma,bookstore,http://librosdeocasion.com/,,,Madrid,"40,4096451","-3,6904348"
Libreria Romo (Libros antiguos),bookstore,http://www.librosromo.com/,,,Madrid,"40,408241","-3,7089826"
Librería Salesiana,bookstore,http://www.libreriasalesiana.com/,,,Madrid,"40,4061996","-3,6980194"
Librería Salesiana,bookstore,http://www.libreriasalesiana.com/,,,Madrid,"40,4552268","-3,7039909"
Librería San Ginés,bookstore,Ingen webbplats,,,Madrid,"40,4169032","-3,7067207"
Libreria San Pablo,bookstore,http://www.sanpablo.es,,,Madrid,"40,414289","-3,703132"
Librería San Pablo,bookstore,http://www.sanpablo.es/libreria,,,Madrid,"40,3360133","-3,6942479"
Librería Santa Bárbara,bookstore,http://librossantabarbara.com,,,Madrid,"40,426837","-3,696084"
Librería Solón,bookstore,https://libreriasolon.com/,,,Madrid,"40,4302044","-3,6590513"
Libreria Taiga Madrid,bookstore,https://www.libreriataigamadrid.es/es/index.php,,,Madrid,"40,4430509","-3,6416871"
Librería Tres Rosas Amarillas,bookstore,http://www.tresrosasamarillas.es/,,,Madrid,"40,4251988","-3,7028578"
Libreria Velazquez,bookstore,http://www.libreriavelazquez.es/,,,Madrid,"40,3864364","-3,7634983"
Librería Venir a cuento,bookstore,http://www.veniracuento.com/,,,Madrid,"40,4088328","-3,7050557"
Librería Visor,bookstore,https://www.visor-libros.com/,,,Madrid,"40,4365928","-3,7178686"
Libreria Vitorio,bookstore,Ingen webbplats,,,Madrid,"40,407244","-3,708321"
Librería Vualá,bookstore,https://www.libreriavuala.com/,,,Madrid,"40,4336448","-3,6986586"
Librería y Papelería Compas,bookstore,https://linktr.ee/CompasLibros,2,,Madrid,"40,4046854","-3,7080719"
Libreria Yayo,bookstore,Ingen webbplats,,,Madrid,"40,3937433","-3,6631791"
Librería Yorick Artes Escénicas,bookstore,http://www.libreriayorick.com,,,Madrid,"40,4064157","-3,6996146"
Librerias Deportivas Esteban Sanz,bookstore,http://www.libreriadeportiva.com/,,,Madrid,"40,4154459","-3,7043458"
Librerías L,bookstore,http://www.libreriasl.com/,,,Madrid,"40,42236","-3,682812"
Librerías Troa,bookstore,http://www.troa.es/,,,Madrid,"40,5068486","-3,6642839"
Libro Motor,bookstore,http://www.libromotor.com,,,Madrid,"40,447294","-3,696878"
Libropiel,bookstore,http://libropiel.es,,,Madrid,"40,431968","-3,710486"
Libros & Co.,bookstore,http://www.libroslowcost.es,,,Madrid,"40,4051044","-3,6917511"
Libros Alcaná,bookstore,http://www.libros-antiguos-alcana.com/,,,Madrid,"40,463143","-3,70268"
Libros Audiolibros Autoayuda,bookstore,https://raphaelsaas.com/,,,Madrid,"40,4126465","-3,6920929"
Libros de arena,bookstore,http://ldalibreria.net/,,,Madrid,"40,4184788","-3,6199425"
Libros Dodó,bookstore,Ingen webbplats,,,Madrid,"40,4332571","-3,7088403"
Libros J. Cintas,bookstore,http://www.jcintas.com,,,Madrid,"40,4395077","-3,69863"
Libros Malasaña,bookstore,Ingen webbplats,,,Madrid,"40,425201","-3,703281"
Libros Mutantes,bookstore,http://librosmutantes.com/,,,Madrid,"40,41266","-3,70767"
Libros Para Un Mundo Mejor,bookstore,http://www.librosparaunmundomejor.es/,,,Madrid,"40,4252547","-3,7033906"
Libros Perroloco,bookstore,http://www.librosperroloco.com/,,,Madrid,"40,425655","-3,707837"
Lita Hormiguita,bookstore,http://www.litahormiguita.com/,,,Madrid,"40,4630502","-3,7178683"
Los Libros del Abuelo ,bookstore,https://www.loslibrosdelabuelo.org/,,,Madrid,"40,4420076","-3,6376304"
Los pequeños seres,bookstore,Ingen webbplats,2,,Madrid,"40,4085973","-3,7072211"
Lost things,bookstore,https://www.todocoleccion.net/tienda/lostthings,2,,Madrid,"40,4232931","-3,7023528"
Ludoteca El SiSeñor De Las Patas Verdes,bookstore,http://www.ludotecasisenor.com/,,,Madrid,"40,4099506","-3,7119906"
Luz y Esperanza,bookstore,Ingen webbplats,,,Madrid,"40,4601115","-3,6981808"
M b repro,bookstore,Ingen webbplats,2,,Madrid,"40,44052","-3,696977"
Madrid Comics,bookstore,http://www.madridcomics.blogspot.com/,,,Madrid,"40,4213901","-3,7063159"
MAIbook,bookstore,http://www.maibook.es/,2,,Madrid,"40,4378236","-3,6819786"
Maire Richard,bookstore,http://www.maire-richard.com/,,,Madrid,"40,4334345","-3,6477663"
Mapas Perseo,bookstore,http://www.mapasperseo.com/,,,Madrid,"40,435407","-3,717971"
Marbán Libros,bookstore,http://www.marbanlibros.com/,,,Madrid,"40,4378954","-3,7172516"
Marcial Pons Librero,bookstore,http://www.marcialpons.es/,,,Madrid,"40,4234336","-3,6922618"
Marcial Pons Librero,bookstore,http://www.marcialpons.es,2,duplicado,Madrid,"40,4306228","-3,7069176"
Mary Read,bookstore,http://www.maryread.es/,,,Madrid,"40,4102155","-3,6960639"
MASHE Papeleria,bookstore,Ingen webbplats,2,,Madrid,"40,396321","-3,6682066"
MD Book Fairs,bookstore,http://www.jandjbooksandcoffee.com,,,Madrid,"40,4256521","-3,7069197"
Meetinkpoint Franchisers,bookstore,http://www.meetingpoint.com,,,Madrid,"40,47746","-3,70316"
Menosdiez,bookstore,http://www.menos-diez.com/laisladeltesoro,,,Madrid,"40,416468","-3,7098464"
Meta Librería,bookstore,http://www.metalibreria.com/,,,Madrid,"40,4375766","-3,7125099"
Metrópolis,bookstore,http://www.sexyglamour.net,,,Madrid,"40,4224301","-3,7062803"
Mi Libro,bookstore,http://milibrolibreria.wixsite.com/libreriamilibro,,,Madrid,"40,4081776","-3,646681"
Minfi,bookstore,Ingen webbplats,2,,Madrid,"40,4288915","-3,6394431"
Miraguano Librería,bookstore,http://www.miraguano-sa.es/,,,Madrid,"40,4256985","-3,6719209"
Modesta Librería,bookstore,http://www.modestalibreria.com/,,,Madrid,"40,4414934","-3,6960927"
Molar,bookstore,http://www.molardiscosylibros.com/,,,Madrid,"40,4105745","-3,7083715"
MujeresyCompañía La Libreria,bookstore,http://mujeresycialibreria.net/,,,Madrid,"40,401979","-3,7022604"
Multilibro,bookstore,http://multilibro.es,,,Madrid,"40,4344056","-3,7160834"
Mundo de Papel Vallecas,bookstore,Ingen webbplats,,,Madrid,"40,3718879","-3,6176695"
Mundo Fantasía,bookstore,http://www.mundofantasiacomics.es/,,,Madrid,"40,4187502","-3,708303"
N.B.C. Libros,bookstore,http://sites.amarillasinternet.com/nbclibros/inicio.html,,,Madrid,"40,3944407","-3,6952442"
Naos Libros,bookstore,http://www.naoslibros.es/,,,Madrid,"40,4281143","-3,7169992"
Ocho y Medio Libros de Cine,bookstore,http://www.ochoymedio.com/,,,Madrid,"40,4245779","-3,7137099"
Odisea Espacio Cultural,bookstore,http://www.odiseamadrid.com/,,,Madrid,"40,3981492","-3,7022882"
Omega Center Madrid,bookstore,http://www.omegacenter.es/,,,Madrid,"40,4224001","-3,7068943"
Ortiz Marcos Libros,bookstore,https://www.librosortizmarcos.com/,,,Madrid,"40,4451065","-3,6701508"
Ostraka Papelería,bookstore,http://www.ostrakapapeleria.com/,2,,Madrid,"40,4284846","-3,6698188"
Páginas Libros de Magia,bookstore,http://www.librosdemagia.com/,,,Madrid,"40,407636","-3,6994891"
Palabras y Cosas,bookstore,http://libreriapalabrasycosas.blogspot.com/,,,Madrid,"40,4307178","-3,6916654"
Palma Papel,bookstore,http://www.palmapapel.com,,,Madrid,"40,4264266","-3,7045294"
"Pamain, S.L.",bookstore,http://www.pamain.com/,2,,Madrid,"40,39162","-3,69384"
PANTA RHEI,bookstore,https://www.panta-rhei.es/,2,,Madrid,"40,4235638","-3,70007"
Papelería Arcoíriss,bookstore,Ingen webbplats,2,,Madrid,"40,3517689","-3,6857019"
Papeleria Balduque,bookstore,Ingen webbplats,2,,Madrid,"40,426027","-3,662434"
Papelería Compass,bookstore,http://www.libroscompass.com/,2,,Madrid,"40,4718446","-3,6360628"
Papeleria Copial,bookstore,Ingen webbplats,2,,Madrid,"40,4478","-3,66404"
Papeleria De Colores,bookstore,https://www.instagram.com/decolorespapeleria/,2,,Madrid,"40,3769744","-3,7498617"
Papelería Debod,bookstore,http://www.papeleriadebod.es/,2,,Madrid,"40,4250931","-3,7161923"
Papelería Dicho y Hecho art,bookstore,http://dichoyhechoart.es/,2,,Madrid,"40,43094","-3,63055"
Papeleria Garabatos,bookstore,Ingen webbplats,2,,Madrid,"40,3726867","-3,6900843"
Papeleria JSA,bookstore,https://papeleriajsa.es/,2,,Madrid,"40,3820521","-3,6317656"
Papeleria Lapiceros,bookstore,https://papelerialapiceros-com.webnode.es/,2,,Madrid,"40,4778024","-3,646624"
Papelería Lápiz y Papel,bookstore,http://www.papelerialapizypapel.es/,2,,Madrid,"40,4663181","-3,7212842"
Papelería Librería Agarrate Cartulina,bookstore,http://www.agarratecartulina.com/,2,,Madrid,"40,3918891","-3,7534998"
Papelería Libreria B-2,bookstore,https://twitter.com/papeleriab2/,2,,Madrid,"40,368186","-3,7568779"
Papelería Librería Duendes,bookstore,http://www.papelerialibreriaduendes.com/,2,,Madrid,"40,37851","-3,75141"
Papeleria Libreria el Inca,bookstore,Ingen webbplats,2,,Madrid,"40,3942232","-3,6961728"
Papeleria Libreria Garabatos,bookstore,Ingen webbplats,2,,Madrid,"40,43322","-3,60617"
Papelería Librería Gonzalo,bookstore,Ingen webbplats,2,,Madrid,"40,4301373","-3,6356648"
Papelería Librería Infantil Sánchez,bookstore,http://www.papeleriasanchez.es/,2,,Madrid,"40,47695","-3,6581846"
PapelerÍA LibrerÍA Losada,bookstore,http://www.papelerialosada.es/,2,,Madrid,"40,4122121","-3,6938417"
Papelería Librería Redondo,bookstore,http://www.papelerialibreriaredondo.es/,2,,Madrid,"40,34381","-3,6903596"
Papelería Librería Sanchinarro,bookstore,Ingen webbplats,2,,Madrid,"40,4875857","-3,6510097"
Papeleria Luna,bookstore,Ingen webbplats,2,,Madrid,"40,4768478","-3,6992239"
Papeleria Marisol,bookstore,http://papeleriamarisol.es/,2,,Madrid,"40,3929496","-3,708467"
Papeleria Nueva Filadelfia,bookstore,http://www.nuevafiladelfia.es/,2,,Madrid,"40,4382499","-3,67312"
Papelería Nuevo Rincón,bookstore,Ingen webbplats,2,,Madrid,"40,469995","-3,650991"
Papeleria P j,bookstore,Ingen webbplats,2,,Madrid,"40,3834411","-3,6711902"
Papelería Palomeras,bookstore,https://papeleriapalomeras.es/,2,,Madrid,"40,3869203","-3,6528733"
Papelería Papyre,bookstore,Ingen webbplats,2,,Madrid,"40,4228622","-3,655642"
Papelería Rey,bookstore,http://www.papeleriarey.com/,2,,Madrid,"40,402969","-3,6785277"
Papeleria Rojo,bookstore,Ingen webbplats,2,,Madrid,"40,3895377","-3,700762"
Papeleria Romo Libreria,bookstore,http://www.papeleriaromo.es/,2,,Madrid,"40,4433957","-3,6739318"
Papelería Sagitario Librería,bookstore,https://m.facebook.com/papeleria.sagitario.libreri,2,,Madrid,"40,3823678","-3,6718231"
Papelería San Claudio,bookstore,Ingen webbplats,2,,Madrid,"40,3889087","-3,6383506"
Papelería Tetuán,bookstore,https://papeleriatetuan.com/,2,,Madrid,"40,4638444","-3,6962625"
Papelería y Librería La karmela,bookstore,http://www.lakarmeladevallecas.com/,2,,Madrid,"40,395441","-3,6492874"
Papeleria y Prensa El OSITO,bookstore,http://papeleriavallecaselosito.es/,2,,Madrid,"40,387706","-3,6693745"
Papelería Zapata,bookstore,https://papeleriazapata.es/,2,,Madrid,"40,4865543","-3,7008102"
Paperlandia,bookstore,http://www.paperlandia.es/,,,Madrid,"40,3655796","-3,6026372"
Pasaje Tres Cruces,bookstore,Ingen webbplats,2,,Madrid,"40,418917","-3,702195"
Pasajes Librería internacional,bookstore,http://www.pasajeslibros.com/,,,Madrid,"40,4273501","-3,6949562"
Pasapágina,bookstore,https://www.pasapagina.es/,2,,Madrid,"40,5010804","-3,6906881"
Pergamo,bookstore,Ingen webbplats,,,Madrid,"40,4361234","-3,6841893"
Piola Libros,bookstore,http://piolalibros.com/,,,Madrid,"40,4240284","-3,7265541"
Plataforma del Estudiante,bookstore,Ingen webbplats,2,,Madrid,"40,3888016","-3,7353001"
Plaza y Valdés Editores - España,bookstore,http://www.plazayvaldes.es/,,,Madrid,"40,4206877","-3,7179944"
Plumier Montecarmelo,bookstore,Ingen webbplats,2,,Madrid,"40,5102923","-3,6961861"
Príncipe & Vidaud,bookstore,http://www.principevidaud.com/,,,Madrid,"40,4459754","-3,6849389"
Publicaciones de Arquitectura y Arte,bookstore,http://www.publiarq.com/,2,,Madrid,"40,4428572","-3,714318"
Pueblos y Culturas,bookstore,https://pueblosyculturas.amilibro.com/,,,Madrid,"40,3447678","-3,708186"
Pulpture,bookstore,https://cripticaeditorial.com/,,,Madrid,"40,45543","-3,69767"
Quiros,bookstore,Ingen webbplats,2,,Madrid,"40,3915046","-3,742314"
Re-Read Guzmán el Bueno,bookstore,https://www.re-read.com/libreria/re-read-guzman-el-bueno-4-madrid/,2,,Madrid,"40,4308875","-3,7134057"
Re-Read Martínez Campos,bookstore,http://www.re-read.com/,2,,Madrid,"40,434924","-3,6980473"
Re-Read Tirso de Molina,bookstore,https://www.re-read.com/libreria/re-read-madrid-tirso-de-molina/,2,,Madrid,"40,4139593","-3,704529"
Red Flack Comics,bookstore,http://www.radarcomics.com/,,,Madrid,"40,4275893","-3,7040239"
RekoppokeR,bookstore,http://www.rekoppoker.com/,2,,Madrid,"40,4472522","-3,7043515"
Remate Subastas de Libros,bookstore,http://www.elremate.es,2,,Madrid,"40,4364821","-3,6963574"
"Rerum Natura. Acupuntura, Masaje y Medicina Natural",bookstore,http://www.rerumnatura.es/,2,,Madrid,"40,4358924","-3,6613031"
rerumnatura.es,bookstore,http://www.rerumnatura.es/,2,,Madrid,"40,424405","-3,678046"
Rincon de Lectura,bookstore,http://www.rincondelectura.com,2,,Madrid,"40,4272954","-3,7042511"
Rodal Book 98,bookstore,http://www.rodalbook98.es/,,,Madrid,"40,3961203","-3,7186492"
San Pablo Library,bookstore,http://www.sanpablo.es/,,,Madrid,"40,4361736","-3,6421722"
Sanz y Torres,bookstore,http://www.sanzytorres.com/,,,Madrid,"40,4378699","-3,7044136"
Siempre en Fiesta,bookstore,http://www.siempre-en-fiesta.com/,,,Madrid,"40,4586379","-3,6245041"
Sin Tarima,bookstore,http://www.sintarima.es,,,Madrid,"40,41589","-3,70027"
Sin Tarima Libros,bookstore,http://www.sintarimalibros.com/,,,Madrid,"40,4123477","-3,7003555"
Sin Tarima Libros El Rastro,bookstore,http://www.sintarimalibros.com/,,,Madrid,"40,4130774","-3,7050122"
Solís. librería cercana,bookstore,Ingen webbplats,,,Madrid,"40,457423","-3,6608597"
Suiper,bookstore,Ingen webbplats,2,,Madrid,"40,4011192","-3,6742599"
Summer,bookstore,Ingen webbplats,2,,Madrid,"40,4061857","-3,6325912"
TASCHEN,bookstore,http://www.taschen.com/,,,Madrid,"40,4227445","-3,695558"
Tb Tik Books,bookstore,http://www.tikbooks.com,,,Madrid,"40,43248","-3,6536"
Teran Libros,bookstore,http://www.teranlibros.com/,,,Madrid,"40,4379201","-3,7142235"
Tercios Viejos Librería,bookstore,http://www.terciosviejos.es/,,,Madrid,"40,4445384","-3,6968516"
"Teselar, Art.",bookstore,http://www.teselar.es/,2,,Madrid,"40,4230502","-3,6101439"
The cómic Co.,bookstore,https://www.thecomicco.com/,,,Madrid,"40,4274775","-3,7032902"
The Secret Kingdoms,bookstore,http://www.thesecretkingdoms.com/,,,Madrid,"40,4123384","-3,6978018"
Tienda del Artista,bookstore,Ingen webbplats,,,Madrid,"40,417785","-3,712224"
Tienda Falangista,bookstore,http://www.tiendafalangista.com/,,,Madrid,"40,43682","-3,67541"
Tierra de Fuego Viajes,bookstore,http://www.tierradefuego.es/,,,Madrid,"40,4256935","-3,7096868"
Tik Books,bookstore,http://www.tikbooks.com/,,,Madrid,"40,416255","-3,7065065"
Tinta China,bookstore,http://www.kaoriproject.com/,,,Madrid,"40,44689","-3,70945"
Tipos Infames. Libros y Vinos,bookstore,http://www.tiposinfames.com/,,,Madrid,"40,4247068","-3,7011319"
Top sellers - Vicálvaro,bookstore,https://topsellers-vicalvaro.business.site/,2,,Madrid,"40,4044841","-3,6084119"
Traficantes de Sueños,bookstore,https://traficantes.org/,,,Madrid,"40,411706","-3,7063044"
Tresolibros,bookstore,http://www.tresolibros.com/,,,Madrid,"40,4642628","-3,6992458"
Tribuna,bookstore,http://www.tribuna17.es/,,,Madrid,"40,4267079","-3,6348113"
Trotajueves,bookstore,http://www.trotajueves.com/,,,Madrid,"40,3857694","-3,7207114"
Tu Librería,bookstore,http://www.tu-libreria.es/,,,Madrid,"40,3916303","-3,6938123"
TuuuLibrería,bookstore,https://tuuulibreria.org/links/,,,Madrid,"40,4310045","-3,6731515"
TuuuLibrería Lavapiés,bookstore,Ingen webbplats,,,Madrid,"40,4098825","-3,706185"
Vaughan Systems,bookstore,Ingen webbplats,2,,Madrid,"40,433","-3,708264"
Velazquez Libreria- Papeleria,bookstore,http://velazquez.amilibro.com/,2,,Madrid,"40,4130473","-3,7305619"
Velintonia Libros - Caseta 4 - Cuesta de Moyano,bookstore,Ingen webbplats,,,Madrid,"40,3898506","-3,7074499"
Vidalibros España,bookstore,https://www.vidalibros.es/,,,Madrid,"40,4289807","-3,6626534"
VILLAZAN store,bookstore,https://www.villazan.com/store,,,Madrid,"40,42672","-3,69541"
Viñetas Cómic,bookstore,http://www.xn--vietascomic-2db.com/,2,casino,Madrid,"40,4222908","-3,70592"
2btube,broadcasting_media_production,https://2btube.com/,2,,Madrid,"40,4377979","-3,6685265"
A Vivir,broadcasting_media_production,https://linktr.ee/avivir,2,,Madrid,"40,4203199","-3,70311"
Aquí y Allí Films,broadcasting_media_production,http://aquiyallifilms.com,2,,Madrid,"40,450636","-3,709868"
Atlantida Ediciones Multimedia,broadcasting_media_production,http://www.atlantida.es/,2,,Madrid,"40,4406312","-3,692721"
Ava Content,broadcasting_media_production,https://www.avacontent.com/,2,,Madrid,"40,4225312","-3,7224811"
Balón a Tierra,broadcasting_media_production,https://www.youtube.com/channel/UCGpq-narusB1OFmgKOaygZQ,2,,Madrid,"40,4068046","-3,6161844"
BREAKFAST Producciones,broadcasting_media_production,http://www.breakfastproducciones.com/,2,,Madrid,"40,4392799","-3,7073617"
COPE,broadcasting_media_production,http://www.cope.es/,2,,Madrid,"40,4191226","-3,690614"
Doble M Management Agency,broadcasting_media_production,http://www.doble-m.com/,2,,Madrid,"40,4342266","-3,6698203"
EDM RADIO,broadcasting_media_production,https://www.edmradio.es/,2,,Madrid,"40,39674","-3,66008"
El Larguero,broadcasting_media_production,http://linktr.ee/ellarguero,2,,Madrid,"40,4203199","-3,70311"
Estudio3Plató,broadcasting_media_production,http://www.estudio3plato.es,2,,Madrid,"40,443522","-3,679552"
FGN Company,broadcasting_media_production,https://fgncompany.com/,2,,Madrid,"40,4031935","-3,6308921"
Forta,broadcasting_media_production,http://www.tvcanaria.tv,2,,Madrid,"40,4275993","-3,6628998"
Gen24 films,broadcasting_media_production,https://www.gen24films.com/,2,,Madrid,"40,3928459","-3,7100695"
Globomedia,broadcasting_media_production,http://www.globomedia.es/,2,,Madrid,"40,5150451","-3,6726764"
Goya Producciones,broadcasting_media_production,http://www.goyaproducciones.com/,2,,Madrid,"40,4269171","-3,7194101"
Grupo Intereconomía,broadcasting_media_production,http://www.escueladefinanzas.es,2,,Madrid,"40,432509","-3,687797"
Intereconomia Conferencias,broadcasting_media_production,http://www.intereconomia.com/,2,,Madrid,"40,44077","-3,69596"
La Costa,broadcasting_media_production,https://www.lacostaproduce.com/,2,,Madrid,"40,45723","-3,67634"
La Fábrica del Rótulo,broadcasting_media_production,https://www.lafabricadelrotulo.es/contacto/,2,,Madrid,"40,4362667","-3,6222512"
La Script,broadcasting_media_production,https://www.lascript.com/,2,,Madrid,"40,51502","-3,67298"
La Ventana,broadcasting_media_production,https://linktr.ee/laventanaser,2,,Madrid,"40,4204195","-3,7036333"
lag.,broadcasting_media_production,http://www.lageslag.com/,2,,Madrid,"40,4015027","-3,6910679"
larazon.es,broadcasting_media_production,http://www.larazon.es/,2,,Madrid,"40,4482964","-3,6406238"
Laya Producciones S.L.,broadcasting_media_production,http://www.layaproducciones.es/,2,,Madrid,"40,4334022","-3,6524062"
LightBros Creative,broadcasting_media_production,http://www.lightbroscreative.com/,2,,Madrid,"40,4267118","-3,6953759"
Luka Moon,broadcasting_media_production,http://www.tocadoslukamoon.com/cursos,2,,Madrid,"40,4150112","-3,7109199"
MARCA,broadcasting_media_production,http://www.marca.com/,2,,Madrid,"40,45591","-3,66255"
Mediaset Espana,broadcasting_media_production,http://mediaset.es,2,,Madrid,"40,5124285","-3,6812215"
MoradaFilms,broadcasting_media_production,http://www.moradafilms.com/,2,,Madrid,"40,42612","-3,70247"
Morena Films,broadcasting_media_production,https://morenafilms.com/,2,,Madrid,"40,4559014","-3,7080201"
MxE RADIO • Mexicanos x España,broadcasting_media_production,https://bit.ly/MxERADIOLIVEMADRID,2,,Madrid,"40,43006","-3,68193"
Namaste MJ,broadcasting_media_production,http://www.namastemj.com,2,,Madrid,"40,43976","-3,677786"
Neupic Pro,broadcasting_media_production,http://www.neupic.com/,2,,Madrid,"40,44533","-3,68305"
NEURADS,broadcasting_media_production,http://www.neurads.com/,2,,Madrid,"40,4315423","-3,6677057"
Nextream Televisión,broadcasting_media_production,http://www.nextream.tv/,2,,Madrid,"40,4883983","-3,7060939"
NOISE,broadcasting_media_production,Ingen webbplats,2,,Madrid,"40,442281","-3,681386"
Oceánica Visual,broadcasting_media_production,https://alquileroceanica.com/,2,,Madrid,"40,4417633","-3,6731394"
Patito Producciones Audiovisuales,broadcasting_media_production,http://www.patitopro.es/,2,,Madrid,"40,4634389","-3,6718359"
Pepe Radio,broadcasting_media_production,http://www.peperadio.es/,2,,Madrid,"40,43414","-3,69333"
Pevype,broadcasting_media_production,https://pevype.com/,2,,Madrid,"40,4407323","-3,6181813"
Production Service Network,broadcasting_media_production,http://www.productionservicenetwork.com/,2,,Madrid,"40,4187935","-3,7083348"
Quality Media,broadcasting_media_production,http://www.qualityproducciones.es/,2,,Madrid,"40,4381374","-3,6242996"
Quality Media Producciones,broadcasting_media_production,https://qualityproducciones.es/,2,,Madrid,"40,43961","-3,62032"
Radio Television Alemana Ard,broadcasting_media_production,http://www.ard.de,2,,Madrid,"40,443372","-3,685918"
SAL GORDA Producciones,broadcasting_media_production,http://www.salgorda.tv/,2,,Madrid,"40,4601377","-3,6912005"
Santos Creativos,broadcasting_media_production,http://www.creativospromotores.com/,2,,Madrid,"40,4221341","-3,7089773"
Scope Producciones,broadcasting_media_production,http://www.scopeproducciones.com/,2,,Madrid,"40,43494","-3,627344"
Serena,broadcasting_media_production,http://www.serena.tv/,2,,Madrid,"40,4484445","-3,671769"
ShowU.es,broadcasting_media_production,http://www.showu.es/,2,,Madrid,"40,4592964","-3,6820227"
Sinedie,broadcasting_media_production,https://sinedie.tv/,2,,Madrid,"40,4532358","-3,7095981"
SomosIdeology,broadcasting_media_production,Ingen webbplats,2,,Madrid,"40,3933465","-3,7103213"
Tandem Films,broadcasting_media_production,http://www.tandemfilms.es/,2,,Madrid,"40,4215004","-3,7054239"
Telson,broadcasting_media_production,http://www.telson.es/,2,,Madrid,"40,4414654","-3,6241458"
The Bright Side Productions,broadcasting_media_production,http://www.thebrightside.es/,2,,Madrid,"40,4485128","-3,6702901"
timelapses.es,broadcasting_media_production,http://www.timelapses.es/,2,,Madrid,"40,36702","-3,617181"
TMKF,broadcasting_media_production,http://www.agenciatmkf.com/,2,,Madrid,"40,41465","-3,71375"
TODO FM,broadcasting_media_production,http://www.todofm.com/,2,,Madrid,"40,36857","-3,74767"
Tracia Producciones,broadcasting_media_production,http://www.tracia.tv,2,,Madrid,"40,434268","-3,714832"
Transvision Comunicación Audiovisual,broadcasting_media_production,http://transvision.es/,2,,Madrid,"40,4367821","-3,6387545"
WEWORK Factory,broadcasting_media_production,http://www.weworkfactory.com/,2,,Madrid,"40,4306778","-3,6312579"
Zebra Producciones,broadcasting_media_production,http://www.zebraproducciones.com/,2,,Madrid,"40,4610909","-3,6686199"
Carne de Conejo,childrens_museum,Ingen webbplats,2,,Madrid,"40,44447","-3,69537"
Coro Tecla 29,choir,https://www.youtube.com/channel/UC8YWPMCyY_Vyj10CbEDYyHw,,,Madrid,"40,444","-3,61242"
Coro Xenakis,choir,http://coroxenakis.wordpress.com/,,,Madrid,"40,4395943","-3,7304968"
Schola Antiqua,choir,http://www.scholaantiqua.com/,,,Madrid,"40,4278356","-3,7063666"
«Sala:B»,cinema,https://www.mecd.gob.es/cultura-mecd/areas-cultura/cine/mc/fe/cine-dore/programacion.html,,,Madrid,"40,4118","-3,6992"
A6 Cinema,cinema,http://www.a6cinema.com/,,,Madrid,"40,423402","-3,694239"
Abadia 44,cinema,https://www.teatroabadia.com/abadia-44/,,,Madrid,"40,43526","-3,70993"
Academia de las Artes y las Ciencias Cinematográficas de España,cinema,http://www.academiadecine.com/,,,Madrid,"40,42746","-3,69388"
Adicine,cinema,http://www.adicine.es/,,,Madrid,"40,421654","-3,7137769"
Alfonso Jaraiz-Painter,cinema,https://modelismodifusion.com/,2,not a cine,Madrid,"40,43898","-3,66257"
Alpha Reels,cinema,https://www.alphareels.com/,,,Madrid,"40,390692","-3,72292"
Analitica de precision,cinema,https://www.anapre.es/,2,,Madrid,"40,4491642","-3,6057456"
APAF,cinema,http://apactoresdefiguracion.es/,,,Madrid,"40,44723","-3,69686"
Arte Cine XXI,cinema,http://www.artecinexxi.com/,,,Madrid,"40,4250009","-3,715198"
Artistic Metropol,cinema,http://www.artisticmetropol.es/,,,Madrid,"40,40493","-3,7074532"
Avalon,cinema,https://www.youtube.com/@avalondistribucion,,,Madrid,"40,4142722","-3,7102101"
Begin Again Films,cinema,http://beginagainfilms.es/,,,Madrid,"40,40383","-3,6969"
Blubalum Films,cinema,http://www.blubalumfilms.com/index.php/contacto/2/,,,Madrid,"40,41035","-3,70567"
Caja Magica,cinema,Ingen webbplats,2,,Madrid,"40,4267764","-3,7110916"
Callao City Lights,cinema,http://www.callaocitylights.es/,,,Madrid,"40,42001","-3,70547"
Canciller,cinema,Ingen webbplats,2,,Madrid,"40,43392","-3,65596"
Caramel Films,cinema,https://m.mtrbio.com/caramel-films-fb,,,Madrid,"40,4216792","-3,7137321"
Carmen 17,cinema,http://www.carmen17.es/,,,Madrid,"40,4183743","-3,7044288"
Cencor Certamen Nacional de Cortos de Orcasitas,cinema,http://cencor.orcasitas.net/,,,Madrid,"40,3707443","-3,7049959"
Central de Cine,cinema,http://www.centraldecine.com/,,,Madrid,"40,4091993","-3,6956165"
Centro Comercial Manoteras,cinema,Ingen webbplats,2,,Madrid,"40,39834","-3,6050373"
Chantal,cinema,http://cineclubchantal.weebly.com/,,,Madrid,"40,4114726","-3,6933998"
Cibeles de Cine,cinema,http://www.cibelesdecine.com/,,,Madrid,"40,4189461","-3,6922587"
Cine -In the Park Madrid,cinema,http://cinemadrid.brunch-in.com/,,,Madrid,"40,3943897","-3,6811677"
Cine C.C. Alcala Norte,cinema,http://vodafone.es,,,Madrid,"40,4367411","-3,6384327"
Cine Ciudad Lineal,cinema,Ingen webbplats,2,,Madrid,"40,4587928","-3,6602363"
Cine de Verano Conde Duque,cinema,http://www.cinedeveranocondeduque.com/,,,Madrid,"40,4270912","-3,7112757"
Cine Doré,cinema,http://www.mecd.gob.es/,,,Madrid,"40,4116597","-3,6990269"
Cine Estudio,cinema,http://www.circulobellasartes.com/cine.php,,,Madrid,"40,417992","-3,696422"
Cine Florida,cinema,Ingen webbplats,,,Madrid,"40,39099","-3,72772"
Cine Future,cinema,http://www.cinefuture.es/,,,Madrid,"40,4355507","-3,6519101"
Cine Garden Conde Duque,cinema,http://cinegardencondeduque.com/,,,Madrid,"40,4280199","-3,71016"
Cine ICAA,cinema,http://www.icaa.es/,,,Madrid,"40,420221","-3,696437"
Cine Ideal (Madrid),cinema,http://www.yelmocines.es,,,Madrid,"40,413654","-3,703859"
Cine Lar,cinema,Ingen webbplats,,,Madrid,"40,433625","-3,699118"
Cine las Vegas,cinema,Ingen webbplats,,,Madrid,"40,459589","-3,656306"
Cine Palacio de la Musica,cinema,http://www.guiadelocio.com,,,Madrid,"40,4200833","-3,7050222"
Cine Paz,cinema,http://www.cinecontertulia.com/,,,Madrid,"40,40069","-3,69851"
Cine Yelmo Luxury Palafox,cinema,https://www.yelmocines.es/,,,Madrid,"40,4300364","-3,7008361"
Cine Yelmo Plenilunio,cinema,http://www.yelmocines.es/,,,Madrid,"40,4469162","-3,5868393"
Cinearte,cinema,Ingen webbplats,,,Madrid,"40,413653","-3,703872"
Cinebook,cinema,Ingen webbplats,,,Madrid,"40,44928","-3,60628"
Cinema Paradiso,cinema,http://www.tumblr.com/tagged/cinema%20paradiso,,,Madrid,"40,4320998","-3,700611"
Cinema Paradiso - cienforum,cinema,Ingen webbplats,2,duplicado,Madrid,"40,4301024","-3,7008998"
Cinema Usera,cinema,https://ferro-teatro.reservio.com/,,,Madrid,"40,3805101","-3,7089333"
Cinemad,cinema,Ingen webbplats,2,,Madrid,"40,4206147","-3,7062417"
Cinepolis,cinema,Ingen webbplats,2,,Madrid,"40,39734","-3,6616"
Cinépolis,cinema,http://www.cinentradas.com,2,duplicado,Madrid,"40,429937","-3,703085"
Cinerama,cinema,http://www.cinerama.es/,,,Madrid,"40,4253046","-3,6737741"
Cines Artesiete Alcalá,cinema,http://www.artesiete.org/Index.php/Cine/58/artesiete-alcala,,,Madrid,"40,4367357","-3,6378082"
Cines Conde Duque,cinema,http://www.cinescondeduque.com/,,,Madrid,"40,442522","-3,7018"
Cines Conde Duque - Verdi,cinema,http://www.cinescondeduque.com/,,,Madrid,"40,42982","-3,70657"
Cines Conde Duque Auditorio Morasol,cinema,http://condeduquemorasol.com/,,,Madrid,"40,4482799","-3,67597"
Cines Dreams,cinema,https://www.cinesdreams.com/,,,Madrid,"40,4630914","-3,6365266"
Cines Embajadores,cinema,https://www.cinesembajadores.es/,,,Madrid,"40,4007267","-3,6986859"
Cines Fuenlabrada 2,cinema,Ingen webbplats,,,Madrid,"40,3661353","-3,7092499"
Cines Mirasierra Paraíso,cinema,http://www.cinesmirasierraparaiso.com/,,,Madrid,"40,491774","-3,7047485"
Cines Renoir Plaza de España,cinema,http://www.cinesrenoir.com,,,Madrid,"40,4243618","-3,7134169"
Cines Renoir Retiro,cinema,http://www.cinesrenoir.com,,,Madrid,"40,4200922","-3,6762584"
Cines Verdi Madrid,cinema,http://www.cines-verdi.com/madrid/,,,Madrid,"40,4365438","-3,7038698"
Cines Yelmo Plenilunio,cinema,http://www.yelmocines.es,,,Madrid,"40,4468318","-3,5867782"
CINESA,cinema,http://www.cinesa.es/Cines/Principe-Pio,,,Madrid,"40,4228258","-3,7213617"
Cinesa Cinema,cinema,http://www.cinesa.es/Cines/Mendez-Alvaro,2,,Madrid,"40,396896","-3,675639"
Cinesa Cinema,cinema,http://www.cinesa.es/Cines/Las-Rosas,,,Madrid,"40,418567","-3,620932"
Cinesa Cinema,cinema,http://www.cinesa.es/cines/cines2.aspx?id=1039,,,Madrid,"40,3682439","-3,5978945"
Cinesa Compañía de Iniciativas y Espectáculos,cinema,https://www.cinesa.es/Cines/La-Gavia,,,Madrid,"40,3680088","-3,5976169"
Cinesa Príncipe Pío 3D,cinema,http://www.cinesa.es,,,Madrid,"40,4223436","-3,7210328"
Cinesia CIVyD,cinema,http://cinesia.org/,,,Madrid,"40,3409486","-3,6892121"
Cinetel Multimedia S.L.,cinema,http://www.cinetelmultimedia.com/,,,Madrid,"40,4083965","-3,6705938"
Comunicaciones Fuenlabrada,cinema,Ingen webbplats,2,,Madrid,"40,362956","-3,692427"
Corral de la Morería,cinema,http://www.corraldelamoreria.com,,,Madrid,"40,412677","-3,714198"
Cortogenia,cinema,http://www.cortogenia.es/,,,Madrid,"40,44542","-3,65083"
CutreCon,cinema,http://www.cutrecon.com/,2,,Madrid,"40,46288","-3,63579"
D C Campo de las Naciones,cinema,http://www.palaciodehielo.com/,,,Madrid,"40,4628219","-3,635888"
DocumentaMadrid,cinema,http://www.documentamadrid.com/,,,Madrid,"40,3916001","-3,6964379"
El Cuartel By City Lights,cinema,http://cinedeveranocondeduque.reservaentradas.com,2,,Madrid,"40,4270912","-3,7112757"
el deseo,cinema,http://www.eldeseo.es/,2,,Madrid,"40,4310548","-3,6687128"
El Perro Madrid,cinema,Ingen webbplats,2,,Madrid,"40,4222488","-3,70386"
El Triángulo de las Bermudas,cinema,Ingen webbplats,2,this is a film,Madrid,"40,426483","-3,701745"
Fescinal - Cine de verano de La Bombilla,cinema,http://www.fescinal.es/,,,Madrid,"40,4263105","-3,7265173"
Ficciones de Cine,cinema,http://80.28.251.135/Ficcionesdecine.com/test/logos/paginas/,,,Madrid,"40,41116","-3,70579"
Filmaguión,cinema,http://filmaguion.wordpress.com/,,,Madrid,"40,412927","-3,697004"
Filmia Rentals,cinema,http://www.filmiarentals.com/,,,Madrid,"40,41147","-3,70965"
Flins Pinículas,cinema,http://www.flinsypiniculas.com/,,,Madrid,"40,39136","-3,73123"
Fotogramas,cinema,https://www.fotogramas.es/,,,Madrid,"40,49097","-3,68751"
Fundacion Orquesta Sinfonica Chamartin,cinema,http://www.oschamartin.org/,2,not a cinema,Madrid,"40,4555135","-3,6590698"
Golem Distribución,cinema,http://www.golem.es/distribucion/,,,Madrid,"40,4246739","-3,7136309"
Grandes Sueños,cinema,http://www.kfc.es,,,Madrid,"40,42028","-3,70578"
Ídolo Films,cinema,https://idolofilms.com/contacto/,,,Madrid,"40,4314832","-3,6990955"
Ignacio Carreño's Team,cinema,http://www.ignaciocarreno.com/,,,Madrid,"40,4719271","-3,5807017"
IMAX Madrid,cinema,http://www.imaxmadrid.com,,,Madrid,"40,391911","-3,682025"
Infortecnica,cinema,http://www.infortecnica.es,2,,Madrid,"40,428909","-3,721015"
Isaom,cinema,Ingen webbplats,2,,Madrid,"40,444549","-3,564939"
Karma Films,cinema,http://www.karmafilms.es/,,,Madrid,"40,4243053","-3,6008349"
"Kinepolis,Pozuelo de Alarcón",cinema,Ingen webbplats,2,,Madrid,"40,3964918","-3,7743303"
Kiwoko Plenilunio,cinema,Ingen webbplats,2,,Madrid,"40,3853107","-3,6540373"
Kubrick Exhibition,cinema,Ingen webbplats,2,,Madrid,"40,4183489","-3,6963841"
La BOCA CLUB,cinema,http://www.labocaclub.com/,2,,Madrid,"40,415612","-3,699563"
La Canica Films,cinema,http://www.lacanicafilms.com/,,,Madrid,"40,4391531","-3,7003594"
La Cruzada Entertainment,cinema,http://www.lacruzadaentertainment.com/,2,,Madrid,"40,41864","-3,70969"
La Estival,cinema,http://www.laestival.com/,,,Madrid,"40,423453","-3,711953"
La Movie,cinema,http://www.lamovie.tv/,2,,Madrid,"40,44485","-3,7095438"
"Legiscine, SL",cinema,http://www.legiscine.es/,2,,Madrid,"40,444117","-3,6781796"
Lido,cinema,http://www.cinesrenoir.com,,,Madrid,"40,455999","-3,702092"
Los mundos del guionista,cinema,https://www.losmundosdelguionista.com/,,,Madrid,"40,4121413","-3,6994809"
Manoteras Cines & Restaurantes,cinema,http://cinesa.es/,,,Madrid,"40,4862404","-3,6659321"
Margenes Cine,cinema,http://www.margenes.org/,,,Madrid,"40,4197388","-3,70611"
Maydel Manager,cinema,https://maydel.es/,,,Madrid,"40,4226236","-3,6766178"
MC Artistas Talent Agency,cinema,http://www.mcartistas.com/,,,Madrid,"40,44422","-3,67261"
Menuda Peli,cinema,http://www.menudapeli.es/,,,Madrid,"40,452308","-3,6744126"
Meriidiano,cinema,http://www.martalaspra.com/,,,Madrid,"40,40791","-3,6719"
Milciclos,cinema,http://milciclos.com/,,,Madrid,"40,381549","-3,7023853"
mk2 Palacio de Hielo,cinema,http://www.mk2palaciodehielo.es/,2,,Madrid,"40,463077","-3,636372"
Moira Pictures,cinema,http://www.moirapictures.com/,,,Madrid,"40,42144","-3,68894"
Multicines Guadalajara,cinema,Ingen webbplats,2,,Madrid,"40,42175","-3,71377"
Neptuno,cinema,Ingen webbplats,2,,Madrid,"40,4627094","-3,6148506"
New Folder,cinema,http://www.thenewfolder.com/,2,,Madrid,"40,4507989","-3,7099799"
Notodofilmfest,cinema,http://www.notodofilmfest.com/,,,Madrid,"40,420318","-3,6994932"
OCINE,cinema,https://www.ocineurbancaleido.es/,,,Madrid,"40,4767883","-3,6891956"
Odeon Multicines,cinema,Ingen webbplats,2,,Madrid,"40,476811","-3,73845"
Palacio de la Prensa,cinema,http://www.palaciodelaprensa.com/,,,Madrid,"40,4204856","-3,7058034"
Plataforma Nuevos Realizadores,cinema,http://www.plataformanuevosrealizadores.com/,,,Madrid,"40,434797","-3,7120994"
Plató600,cinema,http://www.plato600.com/,,,Madrid,"40,37713","-3,63961"
Producciones Yllana,cinema,Ingen webbplats,2,,Madrid,"40,437292","-3,633596"
Productora audiovisual streaming | Rebel Streaming | Empresa streaming Madrid,cinema,https://rebelstreaming.com/,,,Madrid,"40,4105238","-3,6939297"
Promofest,cinema,https://www.promofest.org/,,,Madrid,"40,4257916","-3,664258"
Prosonarte,cinema,http://www.prosonarte.com/,2,,Madrid,"40,36665","-3,62218"
Resacón City,cinema,Ingen webbplats,2,,Madrid,"40,3424859","-3,6604598"
Rodaje TAI,cinema,Ingen webbplats,2,,Madrid,"40,454175","-3,706872"
Ruth Franco Talent,cinema,http://www.ruthfranco.com/,,,Madrid,"40,424839","-3,7045746"
Sala Berlanga,cinema,http://salaberlanga.com/,,,Madrid,"40,4359843","-3,7143646"
Sala Equis,cinema,http://www.salaequis.es,,,Madrid,"40,4119654","-3,7058514"
Sala X,cinema,Ingen webbplats,2,,Madrid,"40,422952","-3,703251"
SensaCine,cinema,http://www.sensacine.com/,,,Madrid,"40,43757","-3,69305"
Sociedad Española del Dolor,cinema,http://portal.sedolor.es,,,Madrid,"40,4729974","-3,6879365"
Sony Pictures,cinema,http://www.sonypicturesreleasing.es,2,,Madrid,"40,4389886","-3,6891844"
Super 8,cinema,http://www.super8.es/,,,Madrid,"40,447288","-3,6340538"
Syldaviacine_oficial,cinema,http://www.syldaviacinema.info/,,,Madrid,"40,41963","-3,70776"
Teatro Capitol,cinema,http://www.capitolgranvia.com/,,,Madrid,"40,4205622","-3,7066112"
Temps Showbusiness,cinema,http://audiovisual.temps.es/,2,,Madrid,"40,4501583","-3,6950358"
The Urban Beach Cinema,cinema,http://www.cinegardencondeduque.com/,,,Madrid,"40,427192","-3,711346"
TodoPelis M.Becerra,cinema,Ingen webbplats,2,,Madrid,"40,42842","-3,66897"
Trébol producciones,cinema,Ingen webbplats,2,,Madrid,"40,39295","-3,66623"
Tresmonstruos,cinema,http://www.tresmonstruos.com/,,,Madrid,"40,42663","-3,6617789"
Un Burro de Cine,cinema,http://www.unburrodecine.es/,,,Madrid,"40,4000089","-3,6947147"
Vertice 360 Spain,cinema,http://www.vertice360.com/,,,Madrid,"40,4506664","-3,6550074"
Vértigo Films,cinema,http://www.vertigofilms.es/,,,Madrid,"40,4293334","-3,7049194"
Voracine,cinema,http://www.voracine.com,,,Madrid,"40,429753","-3,694625"
Yelmo Cines Islazul,cinema,http://www.yelmocines.es,,,Madrid,"40,3639587","-3,7383556"
Yelmo Films,cinema,http://www.guiadelocio.com,,,Madrid,"40,413804","-3,7037667"
YOGA BAMBÚ,cinema,https://cms12.website-start.de/app/719190955/1586431/,2,,Madrid,"40,44112","-3,64542"
Circo de los Horrores Cabaret Maldito,circus,http://www.circodeloshorrores.com/Cabaret,2,,Madrid,"40,4167796","-3,7278459"
Circo Gottani,circus,circogottani.com,,,Madrid,"40,3761986","-3,6079884"
Circo Quiros,circus,http://www.circoquiros.com/contacto.html,,,Madrid,"40,3640005","-3,7408834"
Circus market pop up,circus,http://www.circusmarket.es/,,,Madrid,"40,4","-3,68333"
Cirque du Soleil Amaluna,circus,http://www.cirquedusoleil.com/es-ES/shows/kooza/default.aspx,2,,Madrid,"40,416621","-3,727874"
Escuela de Circo Carampa,circus,http://www.carampa.com,,,Madrid,"40,4145699","-3,7460201"
Escuela de Circo Charivari,circus,http://www.escueladecirco-charivari.com/,,,Madrid,"40,4085259","-3,7067707"
Museo del Ferrocarril,civilization_museum,http://www.museodelferrocarril.org/,2,,Madrid,"40,3992047","-3,6919048"
Aky Papeleria Libreria,comic_books_store,http://akypapeleria.blogspot.com.es/,2,,Madrid,"40,4725891","-3,5790664"
Area Ludus,comic_books_store,Ingen webbplats,2,,Madrid,"40,45895767","-3,641163826"
Atlantica 3.0  S.L,comic_books_store,http://www.atlantica30.com/,2,,Madrid,"40,4221812","-3,7062941"
Atom Comics,comic_books_store,http://www.atomcomics.net/,,,Madrid,"40,431334","-3,703146"
Casa del libro,comic_books_store,https://www.casadellibro.com/,,,Madrid,"40,4199365","-3,7031876"
Elendil comics,comic_books_store,Ingen webbplats,2,,Madrid,"40,4383491","-3,7130605"
Generación X Carranza,comic_books_store,http://www.generacionx.es/,,,Madrid,"40,4293211","-3,7049623"
Generación X Puebla,comic_books_store,http://www.generacionx.es/,,,Madrid,"40,4222679","-3,7038749"
Hobby Converters,comic_books_store,http://www.hobbyconverters.com/,,,Madrid,"40,4224175","-3,7069459"
Juegos de la Cripta,comic_books_store,http://www.juegosdemesalacripta.com/,,,Madrid,"40,4068934","-3,6087996"
Komikku,comic_books_store,http://komikku.wix.com/komikku,2,,Madrid,"40,41973","-3,70021"
La Estrella Misteriosa,comic_books_store,http://www.laestrellamisteriosa.com/,2,,Madrid,"40,42581","-3,67847"
La Guarida de Harley,comic_books_store,http://laguaridadeharley.com/,,,Madrid,"40,4769085","-3,715206"
Librería Clan,comic_books_store,http://www.clan.es/,,,Madrid,"40,4313336","-3,6672976"
Librería De Cuento,comic_books_store,http://www.decuento.es/,,,Madrid,"40,40403499","-3,69623261"
Tienda Tintín La Flor de Chamberí,comic_books_store,https://laflordechamberi.com/,,,Madrid,"40,4362412","-3,7076242"
Tomos y Grapas Cómics,comic_books_store,http://tomosygrapas.com/,,,Madrid,"40,4296299","-3,6664292"
We are SuperHéroes,comic_books_store,https://washcomics.com/,,,Madrid,"40,430086","-3,7040486"
Wonderland Comics,comic_books_store,http://www.wonderlandcomics.es/,,,Madrid,"40,42371","-3,7028186"
Amor Diez Clases de Pintura y Dibujo,commissioned_artist,http://tallerdebellasartesroma.es/,,,Madrid,"40,42398","-3,67875"
Gala Wonderlab,commissioned_artist,https://micropigmenta.com/,,,Madrid,"40,42731574","-3,6730213"
Afuveva,community_center,http://www.afuveva.es/,,,Madrid,"40,402715","-3,6232304"
Angata Arte Africano,community_center,http://angata.net/,,,Madrid,"40,4082176","-3,6978094"
Antojo’s Gallery,community_center,http://www.antojosgallery.com/,,,Madrid,"40,4375067","-3,7001629"
Asalma,community_center,http://asalma.org,2,,Madrid,"40,41895","-3,70061"
Asociación de Vecinos Alto de Extremadura,community_services_non_profits,Ingen webbplats,,,Madrid,"40,4059185","-3,7398284"
Asociacion de Vecinos Pradera Tercio Terol,community_services_non_profits,Ingen webbplats,,,Madrid,"40,3933519","-3,7278159"
Asociación Vecinal San Pascual,community_center,Ingen webbplats,,,Madrid,"40,44017","-3,65568"
Aspirador PowerMax,community_center,http://aspiradorpowermax.com/,2,,Madrid,"40,465338","-3,7641664"
Casa de Galicia,community_center,http://www.turgalicia.es,2,,Madrid,"40,413767","-3,690564"
Casa Del Barrio Carabanchel,community_center,http://www.casadelbarriocarabanchel.es/,,,Madrid,"40,3699026","-3,7532756"
Centro Comunitario Guatemala,community_center,Ingen webbplats,2,,Madrid,"40,471845","-3,71422"
Centro de Acogida a Refugiados,community_center,Ingen webbplats,2,,Madrid,"40,3873568","-3,6449903"
Centro de Día Pablo Casals,community_center,Ingen webbplats,2,,Madrid,"40,4261333","-3,6207221"
Centro de Mayores Esfinge,community_center,Ingen webbplats,2,,Madrid,"40,4437499","-3,6093329"
Centro de Mayores San Blas,community_center,http://www.usuarios.lycos.es/centrodiasanblas,2,,Madrid,"40,421115","-3,6170089"
Centro Participación e Integración de Inmigrantes,community_center,Ingen webbplats,2,,Madrid,"40,4598299","-3,70308"
Centro Social La Piluka,community_center,http://www.lapiluka.org/,,,Madrid,"40,4767413","-3,7073777"
Centro Socio Cultural Montecarmelo,community_center,http://www.madrid.es/,,,Madrid,"40,5153323","-3,6864433"
Centro Sociocomunitario Cañada Real,community_center,http://www.recetasurbanas.net/,,,Madrid,"40,3614405","-3,5597609"
Cepi Arganzuela,community_center,Ingen webbplats,,,Madrid,"40,3991247","-3,7018026"
CIVSanCristobal,community_center,https://sancrisesmas.wordpress.com/centro-de-iniciativas-vecinales-san-cristobal-villaverde/,2,,Madrid,"40,34078","-3,68914"
Club Siglo XXI,community_center,http://www.clubsigloxxi.com,2,,Madrid,"40,458069","-3,685823"
Cojín terapéutico,community_center,http://cojinterapeutico.com/,2,,Madrid,"40,43723","-3,62638"
Consulado Honorario de Malí,community_center,Ingen webbplats,2,,Madrid,"40,4374555","-3,7094307"
CS El Nido,community_center,Ingen webbplats,,,Madrid,"40,4786444","-3,6466057"
CSA El Barco,community_center,Ingen webbplats,,,Madrid,"40,48627","-3,683798"
Dinamizacion Vecinal San Isidro,community_center,http://dinamizacionvecinalmadrid.org/,,,Madrid,"40,3934273","-3,7278127"
Espacio de Igualdad Berta Cáceres,community_center,https://madrid.es/go/espaciodeigualdadbertacaceres,,,Madrid,"40,3691041","-3,7103501"
Espacio de Igualdad Elena Arnedo Soriano,community_center,http://www.madrid.es/espaciosdeigualdad,,,Madrid,"40,4023181","-3,668059"
Espacio de Igualdad María Zambrano,community_center,http://www.madrid.es/espaciosdeigualdad,,,Madrid,"40,4339791","-3,7142646"
Fundacion Maria Cristina Masaveu Petersen,community_center,Ingen webbplats,,,Madrid,"40,42331","-3,68175"
Gentrya Centro de Dia,community_center,https://gentrya.es/,2,,Madrid,"40,4930301","-3,6853816"
Grifo Shifty,community_center,http://grifoshifty.com/,2,,Madrid,"40,4954216","-3,7179349"
Grupo Scout Heptágono,community_center,Ingen webbplats,2,,Madrid,"40,3894499","-3,74387"
Home Shop,community_center,http://homeshop.com/,2,,Madrid,"40,469","-3,7037"
Huerto Utopía - Vallekas,community_center,https://avptevallecas.wordpress.com/,,,Madrid,"40,3846559","-3,6520434"
Instituto Secular Alianza en Jesus por Maria,community_center,Ingen webbplats,2,,Madrid,"40,4331035","-3,7025126"
Josefa Amar Tetuán,community_center,http://www.tetuanparticipa.org/,,,Madrid,"40,4731699","-3,693942"
LAEP Parent'aise La Mulatière,community_center,Ingen webbplats,2,,Madrid,"40,40886","-3,70965"
Mayores en Forma,community_center,https://www.mayoresenforma.com/,2,,Madrid,"40,38621","-3,6993"
Moda Activa,community_center,http://modaactiva.com/,2,,Madrid,"40,405903","-3,74481"
Napoli Club Madrid ,community_center,Ingen webbplats,2,,Madrid,"40,42883","-3,70365"
Pest Reject,community_center,http://pestreject.com/,2,,Madrid,"40,46689","-3,71306"
Potoska,community_center,http://potosk.shop/,2,,Madrid,"40,39707","-3,54845"
Retiro Running,community_center,http://www.retirorunning.com/,2,,Madrid,"40,39312","-3,69757"
Revista: Tu Casa Perfecta,community_center,http://www.tucasaperfectamadrid.es/,2,,Madrid,"40,42089","-3,70729"
San Ardano,community_center,https://www.gelconfortienda.com/,2,,Madrid,"40,42497","-3,68995"
Santabarbara Coworking,community_center,https://santabarbara.center/,2,,Madrid,"40,412746","-3,702687"
Sede Central Samur Social,community_center,Ingen webbplats,2,,Madrid,"40,411038","-3,7128766"
Sergio Canovas,community_center,https://www.descubretuorigen.com/sc,2,,Madrid,"40,38655","-3,60699"
Sindicato USO-Madrid,community_center,https://uso-madrid.es/,2,,Madrid,"40,4388698","-3,7082042"
Top Cocina,community_center,http://topcocina.com/,2,,Madrid,"40,41575","-3,65883"
Patrimonio Nacional,community_museum,https://www.patrimonionacional.es/,,,Madrid,"40,411704","-3,714021"
21 Distritos,community_services_non_profits,http://21distritos.es/,,,Madrid,"40,428073","-3,710223"
"22q España - 22q11.2, VCFS, DiGeorge",community_services_non_profits,http://www.22q.es/,2,,Madrid,"40,491264","-3,6910606"
A A V V El Parque De Comillas,community_services_non_profits,Ingen webbplats,2,,Madrid,"40,3912","-3,71242"
A.M.P.E. Asociación de Músicos Profesionales de España,community_services_non_profits,https://ampemusicos.com/,,,Madrid,"40,3632883","-3,7023926"
A.V. La Unión Vallecas,community_services_non_profits,Ingen webbplats,,,Madrid,"40,380453","-3,6158936"
A.V. La Viña - Entrevías,community_services_non_profits,Ingen webbplats,,,Madrid,"40,3812538","-3,6738402"
AAFM - Asociación de Amigos del Ferrocarril de Madrid,community_services_non_profits,http://www.aafmadrid.es/,,,Madrid,"40,3984437","-3,6916719"
Aavv Las Tablas,community_services_non_profits,http://www.avlastablas.org/,,,Madrid,"40,51248","-3,67293"
Aavvpozo,community_services_non_profits,Ingen webbplats,,,Madrid,"40,3738","-3,65992"
ABIE  Apoyo a la infancia y su entorno en situación de crisis familiar,community_services_non_profits,http://abie.org.es/,2,,Madrid,"40,44872","-3,66668"
Abooga,community_services_non_profits,https://abooga.es/,2,,Madrid,"40,42629","-3,67387"
Abre Sus Ojos,community_services_non_profits,http://www.abresusojos.org/,,,Madrid,"40,4892047","-3,6608223"
Academia de Geras,community_services_non_profits,http://www.academiadegeras.com/,2,,Madrid,"40,4101625","-3,7033671"
Academia del Perfume,community_services_non_profits,http://academiadelperfume.com/,2,,Madrid,"40,4273635","-3,6964443"
Academia Nacional Bocuse dOr España,community_services_non_profits,http://www.bocusedorspain.com/,2,,Madrid,"40,4204267","-3,6783853"
Accem,community_services_non_profits,http://www.accem.es/,2,,Madrid,"40,4327143","-3,70544"
Access Info Europe,community_services_non_profits,http://www.access-info.org/,2,,Madrid,"40,4146556","-3,7081646"
Acción contra el Hambre España,community_services_non_profits,https://www.accioncontraelhambre.org/es,2,,Madrid,"40,4487911","-3,7127334"
Acción Familiar,community_services_non_profits,https://accionfamiliar.org/,2,,Madrid,"40,4426988","-3,6783472"
Accion Humanitatis,community_services_non_profits,http://www.accionhumanitatis.es/quiero-colaborar/donación-directa/,2,,Madrid,"40,3906719","-3,6688009"
Acción Iuve,community_services_non_profits,http://www.iuve.org,2,,Madrid,"40,4312873","-3,7050827"
Acción Marianista,community_services_non_profits,http://accionmarianista.org/,2,,Madrid,"40,4355871","-3,6761163"
"Acciona.org, The Energy & Water Foundation",community_services_non_profits,http://WWW.ACCIONA.ORG/,2,,Madrid,"40,46465","-3,65875"
ACCU España - Asociaciones de crohn y colitis ulcerosa,community_services_non_profits,http://www.accuesp.com/,2,,Madrid,"40,3926689","-3,6956536"
ACE / Asociación Colegial de Escritores,community_services_non_profits,http://www.acescritores.com/,,,Madrid,"40,3923657","-3,6972231"
Aceite de Orujo de Oliva,community_services_non_profits,https://oriva.es/,2,,Madrid,"40,4383129","-3,6803812"
Acelerar España,community_services_non_profits,http://acelerar.es/,2,,Madrid,"40,5074323","-3,653612"
ACHE Corea Huntington Española,community_services_non_profits,http://www.e-huntington.es/,2,,Madrid,"40,4912819","-3,6910285"
ACI Adopción,community_services_non_profits,http://www.aciadopcion.org/,2,,Madrid,"40,42226","-3,68096"
ACIME - Militares y Guardias Civiles con Discapacidad,community_services_non_profits,http://www.acime.es/,2,,Madrid,"40,407135","-3,7150872"
ACNUR Comite español,community_services_non_profits,https://www.tiktok.com/@eacnur,2,,Madrid,"40,4168732","-3,6982488"
ACOBE Fundación,community_services_non_profits,http://www.acobe.org/,2,,Madrid,"40,4374192","-3,6505655"
Acompartir,community_services_non_profits,http://www.acompartir.es/,2,,Madrid,"40,4562644","-3,6399996"
Acrola,community_services_non_profits,http://www.acrola.org/,2,,Madrid,"40,4501211","-3,7731467"
Actuaciones Agrupación Artística Gallega Rosalía de Castro,community_services_non_profits,http://www.agrupacionrosaliadecastro.com/,,,Madrid,"40,41498","-3,70342"
ACUREMA,community_services_non_profits,https://acurema.org/,,,Madrid,"40,4123321","-3,7093988"
ACYRE - Asociación de Cocineros y Reposteros de Madrid,community_services_non_profits,http://www.acyre.com/,2,,Madrid,"40,4135024","-3,6980202"
Adasec España,community_services_non_profits,http://www.adasec.net/,2,,Madrid,"40,4234481","-3,7009572"
Adefam,community_services_non_profits,https://www.adefam.com/,2,,Madrid,"40,4194601","-3,6889219"
Adefarma,community_services_non_profits,http://www.adefarma.es/,2,,Madrid,"40,4301812","-3,6969582"
ADELA - Asoc. Española de ELA,community_services_non_profits,http://www.adelaweb.org/,2,,Madrid,"40,472027","-3,698167"
Adepesca,community_services_non_profits,http://www.adepesca.com/,2,,Madrid,"40,43362","-3,69482"
Adevida Madrid,community_services_non_profits,http://www.adevida.es/,2,,Madrid,"40,4193357","-3,7092258"
Adicae,community_services_non_profits,http://www.adicae.net,2,,Madrid,"40,397099","-3,696445"
Adicae Madrid,community_services_non_profits,http://madrid.adicae.net/,2,,Madrid,"40,4028808","-3,705673"
Adopta Un Abuelo,community_services_non_profits,http://linktr.ee/adoptaunabuelo,2,,Madrid,"40,4492853","-3,6951304"
AECA-ITV,community_services_non_profits,http://www.aeca-itv.com/,2,,Madrid,"40,4043373","-3,6899194"
Aecat,community_services_non_profits,http://www.aecat.net/,2,,Madrid,"40,3851","-3,69793"
Aecc,community_services_non_profits,https://www.aecc.es,2,,Madrid,"40,426471","-3,6882823"
Aedip,community_services_non_profits,http://www.aedip.com/,2,,Madrid,"40,5061798","-3,6565299"
AEDIS,community_services_non_profits,http://www.asociacionaedis.org/,2,,Madrid,"40,4517011","-3,6949574"
aeeto,community_services_non_profits,http://www.aeeto.es/,2,,Madrid,"40,3988761","-3,7068227"
AEFLA,community_services_non_profits,https://aefla.org/qui%C3%A9nes-somos,2,,Madrid,"40,42253","-3,68638"
AEGAL,community_services_non_profits,http://www.aegal.es/,2,,Madrid,"40,42132","-3,702084"
AELMA,community_services_non_profits,http://www.aelma.com/,2,,Madrid,"40,41962","-3,70865"
AEMIC,community_services_non_profits,http://www.aemic.org/,2,,Madrid,"40,4363594","-3,73487"
Aemice - Asociación Española de Migraña y Cefalea,community_services_non_profits,http://www.dolordecabeza.net/,2,,Madrid,"40,4685462","-3,6673007"
AEMS Atencion Escucha Meditacion Sanacion,community_services_non_profits,http://atencion-escucha-meditacion-sanacion.blogspot.com.es/,2,,Madrid,"40,3804089","-3,6198718"
AEND,community_services_non_profits,https://www.aend.org/,2,,Madrid,"40,4272436","-3,6629037"
AEP Asociación Española de Paisajistas,community_services_non_profits,http://www.aepaisajistas.org/,,,Madrid,"40,4218604","-3,7087226"
AEPLA,community_services_non_profits,http://www.aepla.es/,2,,Madrid,"40,4304913","-3,7031775"
AEPOVAC,community_services_non_profits,http://www.aepovac.es/,2,,Madrid,"40,4339492","-3,6753881"
AEPROMO,community_services_non_profits,http://www.aepromo.org/,2,,Madrid,"40,4092484","-3,69537"
Aeress,community_services_non_profits,http://www.aeress.org/,2,,Madrid,"40,397414","-3,6666019"
AESLO Asociación Española de Logoterapia,community_services_non_profits,http://www.logoterapia.net/,2,,Madrid,"40,4722052","-3,7092544"
aetram,community_services_non_profits,http://www.aetram.es/,2,,Madrid,"40,42452","-3,68145"
AFADE,community_services_non_profits,http://afade.org/,2,,Madrid,"40,3843794","-3,7461687"
Afaem Asociación Area Cinco,community_services_non_profits,http://www.afaem5.es/,2,,Madrid,"40,49415","-3,69501"
AFAIJ - Voluntariado Internacional,community_services_non_profits,http://www.afaij.org/,2,,Madrid,"40,4686475","-3,6924323"
AFAM - Asociación Nacional de Fabricantes de Mortero,community_services_non_profits,http://www.afam.es/,2,,Madrid,"40,43955","-3,69668"
Afamid,community_services_non_profits,http://www.afamid.com/,2,,Madrid,"40,42783","-3,69737"
Afamour,community_services_non_profits,http://www.afamour.com/,2,,Madrid,"40,4345278","-3,6790876"
AFAP,community_services_non_profits,http://www.afap-web.org/,2,,Madrid,"40,4293711","-3,6534342"
Afial,community_services_non_profits,https://www.afial.net/,2,,Madrid,"40,4299272","-3,7180183"
AFIBROM,community_services_non_profits,http://www.afibrom.org/,2,,Madrid,"40,3980954","-3,6985269"
África Cuestión de Vida,community_services_non_profits,https://redes-ongd.org/,2,,Madrid,"40,42907","-3,69822"
África Sawabona,community_services_non_profits,http://www.africasawabona.org/,2,,Madrid,"40,447592","-3,6746607"
AFS Intercultura España,community_services_non_profits,http://www.afs-intercultura.org/,2,,Madrid,"40,4230004","-3,7001115"
AGECO España. Asociación de Agentes Comerciales,community_services_non_profits,https://www.ageco.pro/,2,,Madrid,"40,3999227","-3,6947437"
AGEDI Entidad de Gestión de Derechos de Propiedad Intelectual,community_services_non_profits,http://www.agedi.es/,2,,Madrid,"40,4378678","-3,6798598"
Agencia Febus,community_services_non_profits,http://www.agenciafebus.com/,2,,Madrid,"40,41035","-3,71093"
Agrupación Astronómica de Madrid,community_services_non_profits,http://www.aam.org.es/,2,,Madrid,"40,4681847","-3,6963394"
Agrupación Deportiva Villa Rosa,community_services_non_profits,http://www.advillarosa.es/,,,Madrid,"40,4664898","-3,6569256"
Ahuce,community_services_non_profits,http://www.ahuce.org/,2,,Madrid,"40,4107787","-3,6971564"
"AIDA, Ayuda, Intercambio y Desarrollo",community_services_non_profits,http://www.ong-aida.org,2,,Madrid,"40,4355323","-3,6851724"
AJA Madrid,community_services_non_profits,http://www.ajamadrid.com/,2,,Madrid,"40,4224","-3,68854"
ALCER Madrid,community_services_non_profits,http://www.alcermadrid.org,2,,Madrid,"40,4314516","-3,6245008"
Aldeas Infantiles SOS de España,community_services_non_profits,http://www.aldeasinfantiles.es/,2,,Madrid,"40,4471556","-3,6470581"
Alejandro,community_services_non_profits,Ingen webbplats,2,,Madrid,"40,4246902","-3,71369"
Alenta,community_services_non_profits,http://www.alenta.org/,2,,Madrid,"40,5230279","-3,689196"
Alianza por la Solidaridad,community_services_non_profits,http://www.alianzaporlasolidaridad.org/,2,,Madrid,"40,4504603","-3,7013573"
Altafit Cuatro Caminos,community_services_non_profits,Ingen webbplats,2,,Madrid,"40,43475","-3,70412"
Altekio,community_services_non_profits,http://www.altekio.es/,2,,Madrid,"40,4046121","-3,7036524"
Alternativa Sindical Seguridad Privada,community_services_non_profits,http://alternativasindical.es/,2,,Madrid,"40,4051323","-3,6671943"
Altius - 1 Kilo de Ayuda,community_services_non_profits,https://www.fundacionaltius.org/,2,,Madrid,"40,4077717","-3,7152795"
Amade,community_services_non_profits,http://www.amade.es/,2,,Madrid,"40,433442","-3,680971"
AMAFE,community_services_non_profits,http://www.amafe.org/,2,,Madrid,"40,4420343","-3,6381092"
AMAIF,community_services_non_profits,http://www.amaif.org/,2,,Madrid,"40,4185514","-3,7021136"
AMAL Asociación Madrileña de Afectados de Linfedema,community_services_non_profits,http://www.amalmadrid.com/,2,,Madrid,"40,3850877","-3,6979337"
"Amaltea, Asociación de Mujeres",community_services_non_profits,http://www.amaltea-mujeres.org/,2,,Madrid,"40,4213536","-3,6738032"
"AMCES, Asociación Española de Mentoring",community_services_non_profits,http://www.amces.org/,2,,Madrid,"40,428697","-3,6825782"
Ameb Espina Bífida,community_services_non_profits,http://www.ameb.es/,2,,Madrid,"40,4387745","-3,6768275"
AMEG,community_services_non_profits,http://www.amegmadrid.org/,2,,Madrid,"40,4070306","-3,6790327"
AMEI,community_services_non_profits,http://www.amei.es/,2,,Madrid,"40,39736","-3,66656"
AMEI-WAECE (Asociacion Mundial de Educadores Infantiles),community_services_non_profits,http://www.waece.org/,2,,Madrid,"40,4151054","-3,6691413"
Amejhor Hortaleza,community_services_non_profits,http://www.amejhor.es/,2,,Madrid,"40,4774865","-3,6496295"
AMER Asociación Misionera Emilia Riquelme,community_services_non_profits,https://asociacionamer.blogspot.com/,2,,Madrid,"40,4605555","-3,6616102"
Amifivi,community_services_non_profits,http://www.amifivi.es/,2,,Madrid,"40,35077","-3,70964"
Amigas de la Tierra,community_services_non_profits,http://www.tierra.org/,2,,Madrid,"40,39736","-3,66656"
Amigos de Monkole,community_services_non_profits,http://fundacionamigosdemonkole.org/,2,,Madrid,"40,4423732","-3,6555992"
Amigos de Sierra Leona - ADSL,community_services_non_profits,http://www.amigosdesierraleona.com/,2,,Madrid,"40,5081711","-3,6712201"
Amigos/as del CNIO,community_services_non_profits,https://www.cnio.es/donar,2,,Madrid,"40,47711","-3,69207"
AMIRES,community_services_non_profits,http://www.miopiamagna.org/,2,,Madrid,"40,4414949","-3,7207868"
AMIVI Asociación de Personas con Discapacidad  Intelectual de Vicálvaro,community_services_non_profits,http://www.amivi.org/,2,,Madrid,"40,4069609","-3,602983"
AMMDE,community_services_non_profits,http://ammde.es/,2,,Madrid,"40,4169052","-3,6960181"
Amnistía Internacional España,community_services_non_profits,https://www.es.amnesty.org/,2,,Madrid,"40,4251102","-3,6961282"
AMPA CEIP Ciudad de los Ángeles,community_services_non_profits,https://www.educa2.madrid.org/web/colegio-publico-ciudad-de-los-angeles,2,,Madrid,"40,3555856","-3,6957823"
Ampa Ceip Jose Calvo Sotelo,community_services_non_profits,https://www.ampasotelo.es/,2,,Madrid,"40,4008562","-3,6736225"
AMPA del Colegio Patrocinio de María,community_services_non_profits,https://ampapatrociniodemaria.es/,2,,Madrid,"40,45483","-3,64792"
AMPA Roma,community_services_non_profits,http://www.ampacroma.org/,2,,Madrid,"40,4159211","-3,6632605"
Amref Salud África,community_services_non_profits,http://www.amref.es/,2,,Madrid,"40,4059313","-3,6951184"
AMSCALA,community_services_non_profits,Ingen webbplats,2,,Madrid,"40,4105","-3,61235"
Amyce Asociación,community_services_non_profits,http://www.amyce.com/,2,,Madrid,"40,4239513","-3,6845827"
Anabad,community_services_non_profits,http://www.anabad.org/,2,,Madrid,"40,4135649","-3,6984177"
Anaip,community_services_non_profits,http://www.anaip.es/,2,,Madrid,"40,43767","-3,67443"
Ananda Marga Madrid,community_services_non_profits,http://www.anandamarga.es/,2,,Madrid,"40,4116117","-3,6959579"
ANAVET,community_services_non_profits,http://www.anavet.es/,2,,Madrid,"40,4428445","-3,6901316"
ANDA (Asociación Nacional para la Defensa de los Animales),community_services_non_profits,https://www.teaming.net/andaasociacionnacionalparaladefensadelosanimales-?lang=es_ES,2,,Madrid,"40,4193921","-3,6979427"
Andaira Consultoría e Investigación Social,community_services_non_profits,http://www.andaira.net/,2,,Madrid,"40,4046265","-3,7036871"
Andeni Nacional,community_services_non_profits,http://www.andeni.net/,2,,Madrid,"40,3957209","-3,708691"
anen,community_services_non_profits,http://www.anen.es/,2,,Madrid,"40,4290665","-3,6840502"
𝐚𝐧𝐞𝐩𝐫Ⓞ𝐦𝐚,community_services_non_profits,http://www.aneproma.es/,2,,Madrid,"40,4599362","-3,6918114"
ANIDAN (Ayuda a niños de Africa) ONGD,community_services_non_profits,http://www.anidan.org/,2,,Madrid,"40,4544163","-3,6528265"
Anmeya,community_services_non_profits,http://www.anmeya.com/,2,,Madrid,"40,4192977","-3,6976332"
ANSEMAT,community_services_non_profits,http://www.ansemat.org/,2,,Madrid,"40,4345089","-3,6789126"
Anshda Tda-h Madrid,community_services_non_profits,http://www.anshda.org/,2,,Madrid,"40,4046927","-3,6359989"
Antiguos Alumnos/as Paseo,community_services_non_profits,https://docs.google.com/forms/d/e/1FAIpQLSfo7Us7-pUIAEl52otc7GDfSHE4K12SpHclTqqxIW6l5iwJEg/viewform,2,,Madrid,"40,4103","-3,73448"
Apascide,community_services_non_profits,https://www.apascide.org/,2,,Madrid,"40,4687719","-3,7003789"
APCAS,community_services_non_profits,http://www.apcas.es/,2,,Madrid,"40,40323","-3,6709672"
APD,community_services_non_profits,https://linktr.ee/APDasociacion,2,,Madrid,"40,4383513","-3,6928002"
APM Candidatos,community_services_non_profits,http://www.apmadrid.org/,2,,Madrid,"40,43274","-3,68498"
APPA Asociación de Profesionales de la Producción Audiovisual.,community_services_non_profits,http://www.asociacionappa.es/,2,,Madrid,"40,439109","-3,6985088"
Apymad,community_services_non_profits,http://www.apymad.com/,2,,Madrid,"40,4175509","-3,7072798"
ARACOVE,community_services_non_profits,http://www.aracove.com/,2,,Madrid,"40,4502378","-3,7097694"
ARBA,community_services_non_profits,http://www.arba-s.org/,2,,Madrid,"40,4132171","-3,7458345"
Arco Forum,community_services_non_profits,http://arcoforum.es/,2,,Madrid,"40,4099052","-3,7175972"
ARCORES,community_services_non_profits,http://www.arcores.org/,2,,Madrid,"40,4580677","-3,6951348"
Aremaf,community_services_non_profits,http://www.aremaf.com/,2,,Madrid,"40,3982357","-3,6916565"
ARIAE Asociación Iberoamericana de Entidades Reguladoras de la Energía,community_services_non_profits,https://www.ariae.org/,2,,Madrid,"40,419127","-3,6960008"
ARPAL Aluminio,community_services_non_profits,http://www.aluminio.org/,2,,Madrid,"40,44379","-3,69087"
Artemad,community_services_non_profits,http://www.artemad.com/,2,,Madrid,"40,4166514","-3,7056318"
Artrogriposis España,community_services_non_profits,https://artrogriposis.org/,2,,Madrid,"40,3998158","-3,6212639"
As.er.es,community_services_non_profits,http://www.aseres.org/,2,,Madrid,"40,42577","-3,68426"
Ascapis nueva generación XY,community_services_non_profits,http://nuevageneracion.org/,2,,Madrid,"40,36857","-3,74767"
ASConCorazon.,community_services_non_profits,http://www.asconcorazon.com/,2,,Madrid,"40,4071545","-3,6459399"
ASDE - Exploradores de Madrid,community_services_non_profits,http://www.exploradoresdemadrid.org/,2,,Madrid,"40,4215956","-3,7002993"
ASEET Asociación de Ejecutivas de Empresas Turísticas,community_services_non_profits,https://www.aseet.es/,2,,Madrid,"40,42201","-3,70906"
Asefapi_Es,community_services_non_profits,http://www.asefapi.es/,2,,Madrid,"40,4260203","-3,6791723"
Asefma,community_services_non_profits,http://www.asefma.es/,2,,Madrid,"40,4522318","-3,6953242"
ASEM Madrid,community_services_non_profits,http://www.asemmadrid.org/,2,,Madrid,"40,3763005","-3,6414494"
Asepadi,community_services_non_profits,http://www.padres-separados.es/,2,,Madrid,"40,4359618","-3,6948408"
Asetma,community_services_non_profits,http://www.asetma.com/,2,,Madrid,"40,4727267","-3,580426"
Asfaspro,community_services_non_profits,http://www.asfaspro.es/,2,,Madrid,"40,4494169","-3,6893045"
Asfema,community_services_non_profits,http://www.asfema.org/,2,,Madrid,"40,428408","-3,6354394"
Asha-Kiran,community_services_non_profits,http://www.asha-kiran.org/,2,,Madrid,"40,3834756","-3,6973441"
Ashoka España,community_services_non_profits,https://mtr.bio/ashokaspain,2,,Madrid,"40,410629","-3,693958"
Ashumes,community_services_non_profits,http://www.ashumes.org/,2,,Madrid,"40,4648457","-3,6986724"
ASILIMorg,community_services_non_profits,http://www.asilim.org/,2,,Madrid,"40,3991019","-3,7020004"
ASION - Asociación Infantil Oncológica de Madrid,community_services_non_profits,http://www.asion.org/,2,,Madrid,"40,4114795","-3,674892"
"ASISPA, Atención a Personas",community_services_non_profits,https://asispa.org/directorio/,2,,Madrid,"40,4398195","-3,6515783"
Asociación Achalay,community_services_non_profits,https://www.achalay.es/,2,,Madrid,"40,4330577","-3,6245755"
Asociación AD Los Molinos,community_services_non_profits,http://www.admolinos.org/,2,,Madrid,"40,4313535","-3,7144821"
Asociación Afectados Internet,community_services_non_profits,http://www.asociacionafectadosinternet.es/,2,,Madrid,"40,4498359","-3,6950061"
Asociación Aleph-Tea,community_services_non_profits,http://www.aleph-tea.org/haz-tu-donativo,2,,Madrid,"40,5003933","-3,6930104"
Asociación Alucinos La Salle,community_services_non_profits,http://www.alucinos.net/,2,,Madrid,"40,3835889","-3,6429965"
Asociación Amecavi,community_services_non_profits,http://WWW.amecavi.org/,2,,Madrid,"40,4270324","-3,6619532"
Asociación Amigos de Ifni,community_services_non_profits,http://www.ifni.es/,2,,Madrid,"40,4343319","-3,6707877"
Asociación Amis Inserción Social,community_services_non_profits,http://www.asociacionamis.org/,2,,Madrid,"40,4207408","-3,6523167"
Asociación Antares,community_services_non_profits,http://www.asociacionantares.org/,2,,Madrid,"40,4966607","-3,7162587"
Asociación APAM,community_services_non_profits,http://www.apamja.org/,2,,Madrid,"40,4502857","-3,7002196"
Asociación APR,community_services_non_profits,https://asociacionapr.com/,2,,Madrid,"40,4282143","-3,6992587"
Asociación Áreas Verdes,community_services_non_profits,http://www.asociacionareasverdes.org/,2,,Madrid,"40,4495249","-3,6892923"
Asociación Ariadna Cosiendo Ilusiones,community_services_non_profits,https://www.ariadnacosiendoilusiones.org/,2,,Madrid,"40,3851499","-3,7404104"
Asociación Atlántica española,community_services_non_profits,http://www.aae.org.es/,2,,Madrid,"40,4253646","-3,6828049"
Asociación Aventura 2000,community_services_non_profits,http://www.aventura2000.org/,2,,Madrid,"40,4258034","-3,6217938"
Asociación Benéfica Javier Segrelles,community_services_non_profits,http://www.javiersegrelles.org/,2,,Madrid,"40,4544621","-3,712798"
Asociación Bokatas,community_services_non_profits,https://bokatas.org/,2,,Madrid,"40,4376038","-3,6684153"
Asociación Cepri,community_services_non_profits,http://www.asociacioncepri.org/,2,,Madrid,"40,4233324","-3,6049829"
Asociación Creadores de Moda de España,community_services_non_profits,http://www.creadores.org/,,,Madrid,"40,4130344","-3,6992577"
Asociación Cuenta Conmigo,community_services_non_profits,http://www.asocuentaconmigo.es/,2,,Madrid,"40,40488","-3,64338"
Asociación Cultural Arrabel,community_services_non_profits,http://www.arrabel.net/,,,Madrid,"40,3698262","-3,7082187"
"Asociación Cultural Condesa de Venadito ""El Mazo""",community_services_non_profits,https://www.twitter.com/mazofest,,,Madrid,"40,4451696","-3,6527241"
Asociacion Cultural San Pablo,community_services_non_profits,http://www.asociacionsanpablo.org/,,,Madrid,"40,3887832","-3,6510043"
Asociación Cultural Sapienza,community_services_non_profits,http://www.asociacionsapienza.es/,,,Madrid,"40,3900389","-3,7577011"
Asociación Cultural Vecinal Primo de Rivera,community_services_non_profits,Ingen webbplats,2,,Madrid,"40,4516935","-3,6711727"
Asociación Cultural Virgen de Urkupiña,community_services_non_profits,Ingen webbplats,2,,Madrid,"40,3830009","-3,703722"
Asociación Cultural y Deportiva Tetuán de Madrid,community_services_non_profits,Ingen webbplats,,,Madrid,"40,4616385","-3,6964069"
Asociación Danza A Nuestro Ritmo,community_services_non_profits,http://www.isabelolavideflamenco.com/,,,Madrid,"40,459082","-3,656189"
Asociación Danzadown,community_services_non_profits,http://www.danzadown.es,2,,Madrid,"40,4685299","-3,6956863"
Asociación de Alumnos Icai Empresa,community_services_non_profits,http://icaiempresa.wix.com/aiempresa,2,,Madrid,"40,4295864","-3,711422"
Asociación de alzhéimer Afadema,community_services_non_profits,http://afadema.es/,2,,Madrid,"40,4337343","-3,6440476"
Asociación de Amistad Hispanocubana Bartolomé  de las Casas,community_services_non_profits,http://www.hispanocubana.com/,2,,Madrid,"40,4322701","-3,6231573"
Asociación de Antiguos Colegiales del CMU Elías Ahúja,community_services_non_profits,http://www.ahujos.com/,2,,Madrid,"40,4512148","-3,7151212"
Asociación de Apoyo al Pueblo Sirio (AAPS),community_services_non_profits,http://www.aaps.es/,2,,Madrid,"40,4108837","-3,6457524"
Asociación de Belenistas de Madrid,community_services_non_profits,http://abelenmadrid.com/,2,,Madrid,"40,4115936","-3,6957346"
Asociación de comerciantes José del Hierro,community_services_non_profits,http://www.josedelhierro.com/,2,,Madrid,"40,4383436","-3,6459199"
"Asociación de Empresarios, Cocineros, Hosteleros Ecuatorianos en España",community_services_non_profits,Ingen webbplats,2,,Madrid,"40,42339","-3,70898"
Asociacion de la Union Internacional de Medicinas Complementarias,community_services_non_profits,http://www.auimec.com/,2,,Madrid,"40,42189","-3,70886"
Asociación de Mediación y Pacificación,community_services_non_profits,https://www.mediacionypacificacion.es/,2,,Madrid,"40,426541","-3,7305938"
Asociación de Mobiliario de Cocina,community_services_non_profits,http://www.amcocina.com/,2,,Madrid,"40,4544426","-3,697847"
"Asociación de Mujeres Separadas y Divorciadas ""Carmen García Castellón""",community_services_non_profits,http://www.asociacioncgc.es/,2,,Madrid,"40,4654595","-3,6995332"
Asociacion de Pintores y Escultores,community_services_non_profits,http://www.apintoresyescultores.es/,,,Madrid,"40,4203997","-3,698728"
Asociacion de Sordos de Madrid,community_services_non_profits,http://www.asormadrid.org/,2,,Madrid,"40,4035597","-3,6967399"
Asociación de Usuarios de la Comunicación,community_services_non_profits,http://www.auc.es/,2,,Madrid,"40,41781","-3,66997"
Asociación de Vecinos Alameda de Osuna 2000,community_services_non_profits,http://www.alameda2000.com/,,,Madrid,"40,4532667","-3,5935399"
Asociación de Vecinos Casa de Campo El Batán,community_services_non_profits,https://linktr.ee/avccbatan,,,Madrid,"40,4072705","-3,7474158"
Asociación de vecinos Ciudad de los Poetas - Saconia,community_services_non_profits,https://twitter.com/BSaconia,,,Madrid,"40,4612012","-3,7176273"
Asociación de Vecinos de Aluche,community_services_non_profits,https://www.avaluche.org/,,,Madrid,"40,3901535","-3,7607526"
Asociación de Vecinos de Carabanchel Alto,community_services_non_profits,http://www.carabanchelalto.org/,,,Madrid,"40,36888","-3,755102"
Asociación de Vecinos El Bosque,community_services_non_profits,http://www.coloniaelbosque.com/,,,Madrid,"40,4681043","-3,6631632"
Asociacion de Vecinos Familiar San Cristobal,community_services_non_profits,https://bit.ly/3WYDW9S,,,Madrid,"40,4795299","-3,68466"
Asociacion de Vecinos la Corrala,community_services_non_profits,http://www.lavapiesdiaynoche.org,,,Madrid,"40,4099227","-3,7025733"
Asociación de Vecinos los Hogares,community_services_non_profits,https://asociacionloshogares.blogspot.com,,,Madrid,"40,350771","-3,709754"
Asociacion De Vecinos Uva De Hortaleza,community_services_non_profits,https://www.facebook.com/p/ASOCIACION-DE-VECINOS-UVA-DE-HORTALEZA-100064750146790/,,,Madrid,"40,475908","-3,650331"
Asociación de vecinos Valverde de Fuencarral,community_services_non_profits,https://avecinosvalverde.wordpress.com/,,,Madrid,"40,4933168","-3,6878245"
Asociación de Vecinos Virgen del Cortijo,community_services_non_profits,http://www.virgencortijo.org/,,,Madrid,"40,4891235","-3,667233"
Asociacion de Veteranos de Iberia,community_services_non_profits,http://www.iberavion.es/,,,Madrid,"40,4304496","-3,7030858"
"Asociacion de Veteranos Paracaidistas Alcalá ""La Cuna""",community_services_non_profits,Ingen webbplats,2,,Madrid,"40,439651","-3,64489"
Asociación del Secretariado Profesional de Madrid,community_services_non_profits,https://aspm.es/contacta/,2,,Madrid,"40,4332991","-3,6877906"
Asociación Distonía España -  ALDE,community_services_non_profits,http://www.distonia.org/,2,,Madrid,"40,4094716","-3,6477045"
Asociación E.O.F (Equipo de Orientación Familiar),community_services_non_profits,http://www.asociacioneof.org/,2,,Madrid,"40,4263299","-3,7040961"
Asociacion Educacion Cultura y Solidaridad,community_services_non_profits,http://www.eculturas.es/,,,Madrid,"40,3407207","-3,6846426"
Asociación El Fanal,community_services_non_profits,http://www.asociacionelfanal.org/,,,Madrid,"40,39051","-3,69477"
Asociación El Toro de Madrid,community_services_non_profits,http://www.eltoro.org/,2,,Madrid,"40,4293055","-3,664256"
Asociación Elite Taxi Madrid,community_services_non_profits,http://www.elitetaximadrid.org/,2,,Madrid,"40,42924","-3,6477603"
Asociación Equitación como Terapia,community_services_non_profits,http://equitacionterapia.com/,2,,Madrid,"40,5377026","-3,7042295"
Asociación ERA para la integración,community_services_non_profits,http://www.asociacionera.org/,2,,Madrid,"40,4299479","-3,6999215"
Asociación Esclerosis Múltiple Madrid (Ademm),community_services_non_profits,https://ademmadrid.es/,2,,Madrid,"40,4199596","-3,6519173"
Asociación Eslabón,community_services_non_profits,http://www.eslabon.org/,2,,Madrid,"40,383903","-3,745775"
Asociación Espacio Rojo,community_services_non_profits,http://www.espaciorojo.com/,,,Madrid,"40,393497","-3,7124739"
Asociación Española Con la Osteoporosis y la Artrosis - Aecosar,community_services_non_profits,http://www.aecosar.es/,2,,Madrid,"40,4485312","-3,6985338"
Asociación Española Contra el Cáncer en Madrid,community_services_non_profits,https://www.contraelcancer.es/es,2,,Madrid,"40,4546498","-3,7144232"
AsociaciÓN EspaÑOla De Amigos De Los Castillos,community_services_non_profits,http://www.castillosasociacion.es/,2,,Madrid,"40,4152166","-3,6974427"
"Asociación Española De Aniridia, A.E.A.",community_services_non_profits,http://www.aniridia.es/,2,,Madrid,"40,4416317","-3,7207971"
Asociación Española de Asesores Financieros y Tributarios - AEAFyT,community_services_non_profits,http://www.asesores.org/,2,,Madrid,"40,4363212","-3,699185"
Asociación Española de Asesores Fiscales y Gestores Tributarios. ASEFIGET,community_services_non_profits,http://www.asefiget.com,2,,Madrid,"40,4214766","-3,6769894"
Asociación Española de Basuras Marinas,community_services_non_profits,http://aebam.org/,2,,Madrid,"40,47766","-3,70488"
Asociación Española de Biopatología Médica AEBM,community_services_non_profits,http://www.aebm.org/,2,,Madrid,"40,4768268","-3,6725302"
Asociación Española de Egiptología,community_services_non_profits,http://www.aedeweb.com/,2,,Madrid,"40,4501093","-3,6878256"
Asociación Española de Endodoncia,community_services_non_profits,http://www.aede.info/,2,,Madrid,"40,4562034","-3,6782473"
Asociación Española de Farmacéuticos Católicos,community_services_non_profits,http://www.farmaceuticoscatolicos.org/,2,,Madrid,"40,4435469","-3,6758025"
Asociación Española de Fisioterapeutas,community_services_non_profits,http://www.aefi.net/,2,,Madrid,"40,429118","-3,675139"
Asociación Española de Fundraising,community_services_non_profits,http://www.aefundraising.org/,2,,Madrid,"40,4371111","-3,6930238"
Asociación Española de la Franquicia - AEF,community_services_non_profits,https://www.aefranquicia.es/,2,,Madrid,"40,4595956","-3,6915813"
Asociación Española de Marketing Político,community_services_non_profits,http://www.asesmap.org/,2,,Madrid,"40,423755","-3,709602"
Asociación Española de Mastocitosis y Enfermedades Relacionadas - AEDM,community_services_non_profits,http://www.mastocitosis.com/,2,,Madrid,"40,4124504","-3,7023926"
Asociación Española De Mediación,community_services_non_profits,http://www.asemed.eu/,2,,Madrid,"40,45084","-3,70358"
Asociación Española de Medicos Naturistas,community_services_non_profits,http://www.medicosnaturistas.es/,2,,Madrid,"40,4582005","-3,6770744"
Asociación Española de Narcolepsia,community_services_non_profits,http://www.narcolepsia.org/,2,,Madrid,"40,3952346","-3,6360109"
Asociación Española de Optometristas Unidos,community_services_non_profits,http://www.optometristas.org/,2,,Madrid,"40,4674581","-3,6864918"
Asociación española de personas con alergia a alimentos y látex Aepnaa,community_services_non_profits,http://www.aepnaa.org/quienes-somos/nuestra-oficina-4,2,,Madrid,"40,4337789","-3,6334123"
Asociación Española de Protocolo,community_services_non_profits,http://www.aeprotocolo.org/,2,,Madrid,"40,4058116","-3,6423999"
Asociación Española de Sanadores Espirituales,community_services_non_profits,http://www.aese.es/,2,,Madrid,"40,4303785","-3,7161912"
Asociación Española de Servicios Personales y Domésticos - AESPD,community_services_non_profits,https://aespd.com/,2,,Madrid,"40,43886","-3,62441"
Asociación Española de Startups,community_services_non_profits,https://asociacionstartups.es/,2,,Madrid,"40,43809","-3,62655"
Asociación Española de Tasadores de Alhajas,community_services_non_profits,http://www.tasadoresjoyas.com/,2,,Madrid,"40,4147132","-3,6894536"
Asociación Española de Técnicos de Laboratorio - AETEL,community_services_non_profits,https://aetel.es/,2,,Madrid,"40,4164833","-3,7057432"
Asociación Española de Terapia Gestalt,community_services_non_profits,https://aetg.es/,2,,Madrid,"40,4113179","-3,70033"
Asociación Española Del Franquiciado - Aedef,community_services_non_profits,http://www.aedef.com/,2,,Madrid,"40,44706","-3,69654"
Asociación Española Multisectorial de Microempresas (AEMME),community_services_non_profits,http://www.asociacionmicroempresas.com/,2,,Madrid,"40,4045464","-3,6938299"
Asociacion EspaÑOla Numismaticos Profesionales,community_services_non_profits,http://www.aenp.org/,2,,Madrid,"40,468731","-3,6890525"
Asociación Española para la Calidad - AEC,community_services_non_profits,http://www.aec.es/,2,,Madrid,"40,4319279","-3,6856193"
Asociación Española Superdotacióny Altas Capacidades,community_services_non_profits,http://www.aesac.org/,2,,Madrid,"40,39501","-3,75545"
Asociación Éter,community_services_non_profits,http://www.asociacioneter.org/,2,,Madrid,"40,381316","-3,7158139"
Asociación Europea de Asesores de Empresa · AEDAE,community_services_non_profits,http://www.aedae.com/,2,,Madrid,"40,416573","-3,705615"
Asociación Familias Numerosas de Madrid,community_services_non_profits,https://www.familiasnumerosasdemadrid.es/inicio,2,,Madrid,"40,4455719","-3,6715701"
Asociación Feldenkrais España,community_services_non_profits,http://asociacionfeldenkrais.es/,2,,Madrid,"40,4234762","-3,7065693"
Asociación Grupo de Apoyo Vecinal Las Águilas,community_services_non_profits,http://www.grupoapoyoaguilas.es/,2,,Madrid,"40,3750968","-3,7736037"
"Asociación Grupo Scout 147 ""La Merced""",community_services_non_profits,http://www.gruposcout147.org/,2,,Madrid,"40,4037752","-3,6509564"
Asociación Grupo Scout Luján 102,community_services_non_profits,Ingen webbplats,2,,Madrid,"40,4718843","-3,7142294"
Asociacion Hasya Yoga Madrid,community_services_non_profits,https://hasyayoga.info/,2,,Madrid,"40,3825186","-3,7266729"
Asociacion Hco-Cultural Poland First to Fight,community_services_non_profits,http://polandfirsttofight.com/,2,,Madrid,"40,4334094","-3,675115"
Asociación Hontanar,community_services_non_profits,http://www.asociacionhontanar.org/,2,,Madrid,"40,3930842","-3,6619484"
Asociacion Humanista El Puente,community_services_non_profits,http://humanistas.devallecas.org/,2,,Madrid,"40,3946112","-3,6642733"
Asociación Implica,community_services_non_profits,Ingen webbplats,2,,Madrid,"40,4299896","-3,6707037"
Asociación Internacional de Escritores Independientes,community_services_non_profits,http://edicionesproust.com/,2,,Madrid,"40,45477","-3,69863"
Asociación Jubilares,community_services_non_profits,http://www.jubilares.es/,2,,Madrid,"40,4346782","-3,6931241"
Asociación Juvenil Amigos Siempre,community_services_non_profits,http://ajamigossiempre.wordpress.com/,2,,Madrid,"40,475687","-3,7069227"
Asociación La Expansión de San Lorenzo,community_services_non_profits,Ingen webbplats,2,,Madrid,"40,4759659","-3,6387188"
Asociación La Frontera Social,community_services_non_profits,https://www.asociacionlafrontera.org/,2,,Madrid,"40,4903498","-3,685067"
Asociación La Kalle,community_services_non_profits,http://www.lakalle.org/,2,,Madrid,"40,3853191","-3,6563381"
Asociación Labadana,community_services_non_profits,Ingen webbplats,2,,Madrid,"40,45033","-3,66164"
Asociación LaBanda,community_services_non_profits,http://www.asociacionlabanda.es/,2,,Madrid,"40,3938066","-3,7391015"
AsociaciÓN Lasexologia.Com,community_services_non_profits,http://www.lasexologia.com/,2,,Madrid,"40,4147687","-3,7033917"
Asociación Los Chicos de Jose y Leo,community_services_non_profits,http://www.loschicosdejoseyleo.org/,2,,Madrid,"40,4397438","-3,6488718"
Asociación Madrid Empleo y Desarrollo,community_services_non_profits,http://www.asociacionamed.es/,2,,Madrid,"40,4039352","-3,6989365"
Asociación MASI,community_services_non_profits,http://www.somosmasi.com/,2,,Madrid,"40,4411049","-3,7282098"
Asociación Nacional de Empresas de Trabajos Verticales (ANETVA),community_services_non_profits,http://www.anetva.org/,2,,Madrid,"40,3747556","-3,6280439"
Asociación Nacional de la Formación para el Empleo Aforen,community_services_non_profits,http://www.aforen.es/,2,,Madrid,"40,409933","-3,7025224"
Asociación Nacional de Tablaos Flamencos de España ANTFE,community_services_non_profits,http://www.antfes.com/,2,,Madrid,"40,42664","-3,70132"
Asociación Nacional de Tasadores y Peritos Judiciales Informáticos,community_services_non_profits,http://www.antpji.com/,2,,Madrid,"40,4227056","-3,6844978"
Asociacion Nazaret,community_services_non_profits,http://asociacionnazaret.org/,2,,Madrid,"40,4304616","-3,6129702"
Asociación Nazaret,community_services_non_profits,http://www.nazaretasociacion.org/,2,,Madrid,"40,3983767","-3,7448585"
Asociación Norte Joven,community_services_non_profits,https://www.nortejoven.org/,2,,Madrid,"40,4727125","-3,7050146"
AsociaciÓN Nuevo Amanecer De La Comunidad De Madrid,community_services_non_profits,https://gamma.app/docs/Asociacion-Cultural-Deportiva-y-Social-Nuevo-Amanecer-de-la-Comun-4r1hwln8lbk38rm/preview?mode=doc,2,,Madrid,"40,4184399","-3,70201"
Asociación para la Solidaridad,community_services_non_profits,http://www.asolidaridad.org/,2,,Madrid,"40,4300088","-3,6988559"
Asociación Parkinson Madrid,community_services_non_profits,http://www.parkinsonmadrid.org/,2,,Madrid,"40,4080366","-3,679996"
Asociación Pauta,community_services_non_profits,http://www.asociacionpauta.org/,2,,Madrid,"40,4268868","-3,6181873"
Asociación Profesional de Expertos Técnicos Inmobiliarios - APETI,community_services_non_profits,http://www.apeti.com/,2,,Madrid,"40,3995779","-3,7001874"
Asociación Proyecto San Fermín,community_services_non_profits,http://www.san-fermin.org/,2,,Madrid,"40,37034","-3,68861"
Asociación Psiquiatría y Vida,community_services_non_profits,http://psiquiatriayvida.blogspot.com.es/,2,,Madrid,"40,434988","-3,6664093"
Asociación Puente De Esperanza Madrid,community_services_non_profits,http://www.puentedeesperanza.es/,2,,Madrid,"40,4598916","-3,7075984"
Asociación Puerto Chico,community_services_non_profits,http://www.avpuertochico.es/,2,,Madrid,"40,3893293","-3,7560422"
Asociación Realidades,community_services_non_profits,http://www.asociacionrealidades.org/,2,,Madrid,"40,3786372","-3,6954199"
Asociación Regalo Fama,community_services_non_profits,http://www.regalofama.com/,2,,Madrid,"40,4387612","-3,6890613"
Asociación Religar,community_services_non_profits,http://www.asociacionreligar.com/,2,,Madrid,"40,4315","-3,66679"
Asociación Rutas de Cooperación,community_services_non_profits,https://rutasdecooperacion.org/,2,,Madrid,"40,4357938","-3,7010654"
Asociación Salimar,community_services_non_profits,http://asosalimar.com/,2,,Madrid,"40,38445","-3,76512"
Asociación Scout Nyeri-Montseny,community_services_non_profits,Ingen webbplats,2,,Madrid,"40,3953291","-3,7554879"
Asociación Síndrome Phelan McDermid - España,community_services_non_profits,https://linktr.ee/sindromephelan,2,,Madrid,"40,42028","-3,70578"
Asociación Solidaridad con Madres Solteras,community_services_non_profits,http://www.madresolteras.org/,2,,Madrid,"40,3894433","-3,7426011"
Asociación Sonrisas,community_services_non_profits,http://www.asociacionsonrisas.org/,2,,Madrid,"40,4759549","-3,7323837"
Asociación Teatral Cachibache,community_services_non_profits,https://twitter.com/CachibacheETSEM,,,Madrid,"40,43873","-3,73157"
"Asociación Vecinal ""Amistad"" de Canillejas",community_services_non_profits,http://www.avvcanillejas.org/,2,,Madrid,"40,43934","-3,6077829"
Asociación Vecinal Barrio Zofío,community_services_non_profits,https://linktr.ee/avbarriozofio,,,Madrid,"40,3826559","-3,7162449"
Asociación Vecinal de Campamento,community_services_non_profits,https://avcampamento.org/,,,Madrid,"40,39843","-3,77222"
Asociación Vecinal de El Pardo,community_services_non_profits,https://asociacionvecinalelpardo.es/,,,Madrid,"40,5197679","-3,7779396"
Asociación Vecinal de Quintana,community_services_non_profits,https://twitter.com/av_quintana,,,Madrid,"40,436486","-3,644116"
Asociación Vecinal Islas de Peñagrande,community_services_non_profits,http://www.avipenagrande.es/,,,Madrid,"40,4803188","-3,7212788"
Asociación Vecinal La Mancha,community_services_non_profits,http://avlamancha.wordpress.com/,,,Madrid,"40,3822244","-3,6986699"
Asociación Vecinal La Nueva Elipa,community_services_non_profits,http://nuevaelipa.blogspot.com.es/,,,Madrid,"40,4246518","-3,649987"
Asociación Vecinal La Unidad De Villaverde Este,community_services_non_profits,http://launidaddevillaverde.org/,,,Madrid,"40,3522762","-3,6867441"
Asociación Vecinal Manzanares-Casa de Campo,community_services_non_profits,https://www.avmanzanares.org/,,,Madrid,"40,42673","-3,73279"
Asociación Vecinal Puerta del Ángel-AVPA,community_services_non_profits,https://avpda.wordpress.com/,,,Madrid,"40,4103244","-3,7309985"
Asociación Vecinal Sanchinarro,community_services_non_profits,https://drive.google.com/file/d/1-tPgK-gIjez_9XyA0WaRP9EMvEdpOGJ8/view?usp=drivesdk,,,Madrid,"40,4903236","-3,655225"
Asociación Víctimas de Negligencias Sanitarias AVINESA.,community_services_non_profits,http://www.avinesa.org/,2,,Madrid,"40,4709099","-3,6427066"
Asociación Voz Postaborto,community_services_non_profits,http://vozpostaborto.org/,2,,Madrid,"40,42896","-3,66449"
Asociacion_acemta,community_services_non_profits,https://asociacion-montecarmelo-lastablas-acemta.es/ofertas-promociones-comercios-tiendas-barrios-fuencarral-madrid/,2,,Madrid,"40,5124177","-3,6741428"
ASOCIDE,community_services_non_profits,http://www.asocide.org/,2,,Madrid,"40,4220244","-3,6948078"
Asoprovac Nacional,community_services_non_profits,http://www.asoprovac.com/,2,,Madrid,"40,46208","-3,69615"
Aspace Madrid,community_services_non_profits,http://www.aspacemadrid.org/,2,,Madrid,"40,4443868","-3,6323869"
ASPAS Madrid,community_services_non_profits,http://www.aspasmadrid.org/,2,,Madrid,"40,4221999","-3,6651747"
Aspasi,community_services_non_profits,http://www.aspasi.org/,2,,Madrid,"40,4517574","-3,7053638"
Aspaym Madrid,community_services_non_profits,http://www.aspaymmadrid.org/,2,,Madrid,"40,3944812","-3,6561491"
Aspen Institute España,community_services_non_profits,http://www.aspeninstitute.es/,2,,Madrid,"40,4265767","-3,7125815"
ASSITEJ-España,community_services_non_profits,http://www.assitej.net/,2,,Madrid,"40,3924467","-3,6972539"
Associazione CASA Abruzzo,community_services_non_profits,Ingen webbplats,2,,Madrid,"40,45814","-3,69386"
ASUMAD,community_services_non_profits,http://asumad.com/,2,,Madrid,"40,4289695","-3,6706328"
Asveyco,community_services_non_profits,https://www.asveyco.org/,2,,Madrid,"40,3562966","-3,6968336"
ATA Federacion Nacional De Autonomos,community_services_non_profits,http://www.ata.es/,2,,Madrid,"40,4345392","-3,6792258"
Atecyr - Asociación Técnica Española de Climatización y Refrigeración,community_services_non_profits,http://www.atecyr.org/,2,,Madrid,"40,4540587","-3,657957"
Atelma,community_services_non_profits,http://www.atelma.es/,2,,Madrid,"40,468749","-3,6959679"
Atenas Sport Center,community_services_non_profits,http://www.centroatenas.com,2,,Madrid,"40,4410401","-3,6794432"
Ateneo Republicano de Vallecas,community_services_non_profits,http://www.ateneorepublicanodevallecas.org/,2,,Madrid,"40,3884094","-3,6512136"
AUARA,community_services_non_profits,http://auara.org/,2,,Madrid,"40,4435124","-3,6973031"
Aumavic.Asociacion Universitaria Mayores Urjc Vicalvaro,community_services_non_profits,http://aumavic.com.es/,2,,Madrid,"40,4088517","-3,61002"
AUME,community_services_non_profits,http://www.aume.org/,2,,Madrid,"40,4460182","-3,6689849"
Autismo Araya,community_services_non_profits,http://www.asociacionaraya.org/,2,,Madrid,"40,4636194","-3,6317566"
Autismo España,community_services_non_profits,http://www.autismo.org.es/,2,,Madrid,"40,4034781","-3,6705875"
Automovilistas Europeos Asociados (AEA),community_services_non_profits,http://www.aeaclub.org/,2,,Madrid,"40,4554458","-3,6540421"
Autónomos CIAE,community_services_non_profits,https://www.autonomos-ciae.es/,2,,Madrid,"40,40684","-3,68759"
AV La Unidad de San Cristóbal,community_services_non_profits,http://avsancristobal.worpress.com/,2,,Madrid,"40,342836","-3,691341"
AV Las Cavas-La Latina,community_services_non_profits,http://asociacionvecinoscavas.WordPress.com/1,2,,Madrid,"40,41198","-3,71016"
AV Montecarmelo,community_services_non_profits,Ingen webbplats,2,,Madrid,"40,5055781","-3,698854"
AV PAU del Ensanche de Vallecas,community_services_non_profits,http://www.paudevallecas.org/,2,,Madrid,"40,3679138","-3,6104824"
AV Puente de Vallecas San Diego,community_services_non_profits,http://vecinospuentevk.blogspot.com.es/,2,,Madrid,"40,3919","-3,66431"
AV Un Tobogán en Simancas,community_services_non_profits,https://avtobogansimancas.wixsite.com/my-site,2,,Madrid,"40,4321114","-3,6232544"
AV Valle Inclán Prosperidad,community_services_non_profits,http://prospereando.es/,2,,Madrid,"40,4442983","-3,6702797"
Avanza ONG,community_services_non_profits,http://www.avanzaong.es/,2,,Madrid,"40,4600454","-3,6808662"
AVIB / Asociación Vecinal Independiente de Butarque,community_services_non_profits,http://www.butarque.es/,,,Madrid,"40,3428681","-3,67431"
AVV El Espinillo (VillaVerde),community_services_non_profits,http://www.espinillo.org/,,,Madrid,"40,35856","-3,68982"
Ayuda a la Iglesia Necesitada - ACN España,community_services_non_profits,https://www.ayudaalaiglesianecesitada.org/,2,,Madrid,"40,434029","-3,672173"
Ayuda En Acción,community_services_non_profits,https://linktr.ee/ayudaenaccion,2,,Madrid,"40,4277859","-3,6989614"
Azada Verde,community_services_non_profits,https://azadaverde.org/,,,Madrid,"40,410749","-3,6938773"
Babypark,community_services_non_profits,http://www.asociacionbabypark.es/,2,,Madrid,"40,4099283","-3,7400987"
Bajar a la calle sin fronteras,community_services_non_profits,https://www.bajaralacallesinfronteras.org/,2,,Madrid,"40,375721","-3,7486401"
Banco de Alimentos de Madrid,community_services_non_profits,http://www.bamadrid.org,2,,Madrid,"40,3639782","-3,6590925"
Barajas Comunitario,community_services_non_profits,Ingen webbplats,2,,Madrid,"40,47417","-3,59306"
Bienal Iberoamericana de Diseño,community_services_non_profits,http://www.bid-dimad.org/,2,,Madrid,"40,3924103","-3,6972401"
Bio+,community_services_non_profits,http://www.bio-mas.org/,2,,Madrid,"40,4429017","-3,6624993"
Bolívar 22,community_services_non_profits,Ingen webbplats,2,,Madrid,"40,3923432","-3,6912217"
Bosco Antiguo Alumno,community_services_non_profits,Ingen webbplats,2,,Madrid,"40,3745805","-3,7531946"
Brillando en la Oscuridad,community_services_non_profits,https://brillandoenlaoscuridad.org/,2,,Madrid,"40,43671","-3,69365"
Brinzal (Centro de Recuperación de rapaces nocturnas),community_services_non_profits,http://brinzal.org/,2,,Madrid,"40,3874514","-3,73474"
Bukaneros del Rol,community_services_non_profits,http://bukanerosdelrol.org/,2,,Madrid,"40,36503","-3,61567"
C.B. Chamartín IES Rosa Chacel Madrid,community_services_non_profits,http://www.clubbadcham.com/,2,,Madrid,"40,47722","-3,65195"
CAFMadrid,community_services_non_profits,http://www.cafmadrid.es/,2,,Madrid,"40,43656","-3,69512"
Cámara Alemana - Formación y Empleo,community_services_non_profits,http://www.ahk.es/,2,,Madrid,"40,4664667","-3,6746413"
Cámara de Comercio Hispano China 西班牙中国商会,community_services_non_profits,http://www.camarahispanochina.org/,2,,Madrid,"40,4227104","-3,68453"
Cámara de Comercio Hispano Portuguesa,community_services_non_profits,http://www.chp.es/,2,,Madrid,"40,430689","-3,6858723"
"Cámara Dominicana de Comercio, Industria y Turismo en España",community_services_non_profits,http://www.cdcite.com/,2,,Madrid,"40,4716034","-3,6736058"
Camara Europa Mexico De Comercio,community_services_non_profits,http://www.ceuromex.com/,2,,Madrid,"40,4515153","-3,6913661"
CANAE-Confederación Estatal de Asociaciones de Estudiantes,community_services_non_profits,https://canae.org/,2,,Madrid,"40,4185544","-3,702112"
Candelita Ong,community_services_non_profits,http://www.candelita.org/,2,,Madrid,"40,4270001","-3,661838"
Cano Abogados,community_services_non_profits,http://www.canoabogados.com/,2,,Madrid,"40,4612529","-3,6939019"
Capoeira é Vida Mucumbé Madrid,community_services_non_profits,https://capoeiraevida.wordpress.com/,,,Madrid,"40,41498","-3,70342"
Cárcel de Carabanchel: de la represión al olvido,community_services_non_profits,http://www.avaluche.com/,2,,Madrid,"40,3904955","-3,7578819"
Casa de Andalucía en Madrid Capital,community_services_non_profits,https://casaandaluciamadrid.venteabailar.es/,,,Madrid,"40,4803468","-3,7335283"
Casa de Córdoba en Madrid,community_services_non_profits,http://www.casadecordobamadrid.es/,,,Madrid,"40,4552","-3,67051"
Casa de la Comunitat Valenciana en Madrid,community_services_non_profits,http://casadelacomunitatvalencianaenmadrid.org/,,,Madrid,"40,42993","-3,72239"
Casa De La Región De Murcia En Madrid,community_services_non_profits,http://www.murciaenmadrid.org/,,,Madrid,"40,4194157","-3,7081118"
Casa de Soria en Madrid,community_services_non_profits,http://www.casasdesoria.org/madrid,,,Madrid,"40,416714","-3,7014344"
Casa del Pueblo Madrid,community_services_non_profits,Ingen webbplats,,,Madrid,"40,4728018","-3,6561036"
Casa Pancho,community_services_non_profits,Ingen webbplats,,,Madrid,"40,4211321","-3,7038265"
Casa San Ignacio,community_services_non_profits,http://www.hospitalidad.es/?codigo=10,,,Madrid,"40,4720537","-3,6934843"
Casas Históricas y Singulares de España,community_services_non_profits,http://www.casashistoricas.com/,,,Madrid,"40,4342365","-3,6933391"
Cátedra China,community_services_non_profits,http://www.catedrachina.com/,2,,Madrid,"40,4024971","-3,6808664"
CBM,community_services_non_profits,http://www.casabolivia.es/,2,,Madrid,"40,388165","-3,730092"
CCDH España,community_services_non_profits,http://www.ccdh.es/,2,,Madrid,"40,4158891","-3,7003881"
CCI forjadores de éxito . Campus Madrid,community_services_non_profits,http://www.ccicampusmadrid.com/,2,,Madrid,"40,36844","-3,59783"
CCIS Madrid,community_services_non_profits,https://docs.google.com/forms/d/e/1FAIpQLSfAdfhhe0VDRqfMx6-1tnGX-KKzQrJoutxwme8589UAfveBDQ/viewform,2,,Madrid,"40,442762","-3,695532"
CCOO Foundever Madrid,community_services_non_profits,https://www.instagram.com/ccoofoundevermadrid,2,,Madrid,"40,4088083","-3,71779"
CCOO Madrid,community_services_non_profits,http://www.ccoomadrid.es/,2,,Madrid,"40,4135566","-3,6950272"
CCOO Sanidad Madrid,community_services_non_profits,http://www.sanidad.ccoo.es/sanidadmadrid/,2,,Madrid,"40,41364","-3,69496"
Ccoofjd Ccoofjd,community_services_non_profits,http://ccoo-fjd.blogspot.com.es/,2,,Madrid,"40,43853","-3,71895"
Cde Las Minas,community_services_non_profits,http://cdelasminas.com/,2,,Madrid,"40,4326582","-3,6159651"
CDI España,community_services_non_profits,http://www.cdiespana.org/,2,,Madrid,"40,4500638","-3,7037469"
CDO España,community_services_non_profits,http://cdo.es/,2,,Madrid,"40,4325223","-3,6998709"
Ceaje Jóvenes Empresarios,community_services_non_profits,http://www.ceaje.es/,2,,Madrid,"40,4345155","-3,6792272"
CEAR,community_services_non_profits,http://www.cear.es/,2,,Madrid,"40,451996","-3,694323"
CEAR Madrid,community_services_non_profits,https://linktr.ee/cearmadrid?utm_source=linktree_profile_share&ltsid=a783e858-b896-4683-8169-eeeb4cdbc51f,2,,Madrid,"40,468708","-3,695429"
CEATE,community_services_non_profits,http://www.ceate.es/,2,,Madrid,"40,437835","-3,6775209"
Cedaes Confederación Española De Áreas Empresariales,community_services_non_profits,http://www.cedaes.es/,2,,Madrid,"40,4068955","-3,6934262"
Cedecarne - Confederación Española de Detallistas de la Carne,community_services_non_profits,http://www.cedecarne.es/,2,,Madrid,"40,4674473","-3,686498"
CEDRO (Centro Español de Derechos Reprográficos),community_services_non_profits,https://www.cedro.org/,2,,Madrid,"40,4179332","-3,6994836"
Celera,community_services_non_profits,http://acelerame.org/,2,,Madrid,"40,4353971","-3,6895984"
Centac - Centro Nacional de Tecnologías de la Accesibilidad,community_services_non_profits,http://www.centac.es/,2,,Madrid,"40,46167","-3,6914679"
Centro de Acción Social San Rafael,community_services_non_profits,http://www.asociacionsanrafael.org/home.htm,2,,Madrid,"40,4756758","-3,7294975"
Centro de Acogida e Integración Santiago de Masarnau,community_services_non_profits,http://www.ssvp.es/,2,,Madrid,"40,40563","-3,7510735"
Centro de Atención Sociolaboral ADRA Madrid,community_services_non_profits,http://www.adra-es.org/,2,,Madrid,"40,4637477","-3,6871153"
Centro de Dianética Madrid,community_services_non_profits,http://www.dianeticamadrid.org/,2,,Madrid,"40,4852717","-3,7107262"
Centro de Estudios Judeo-Cristianos,community_services_non_profits,http://www.cejc-madrid.org/,2,,Madrid,"40,4372095","-3,7163079"
Centro de Formación y Capacitación Sopeña Madrid,community_services_non_profits,http://www.sopenamadrid.org/,2,,Madrid,"40,3934361","-3,6652399"
Centro de Kabbalah España,community_services_non_profits,https://kabbalah.com/es/,2,,Madrid,"40,43114","-3,66805"
Centro de Mayores Francisco de Goya,community_services_non_profits,http://www.madrid.es/,2,,Madrid,"40,3686942","-3,7539721"
Centro Hispano Colombiano,community_services_non_profits,http://www.youtube.com/CentroColombiano,2,,Madrid,"40,407829","-3,715193"
Centro Juvenil Citycentro,community_services_non_profits,http://www.citycentro.org/,2,,Madrid,"40,4030135","-3,6633096"
Centro Juvenil Savio,community_services_non_profits,http://cjsavio.es/,2,,Madrid,"40,42951","-3,63405"
Centro Reina Sofía sobre Adolescencia y Juventud,community_services_non_profits,http://www.adolescenciayjuventud.org/,2,,Madrid,"40,4689878","-3,6770289"
Centro Sira,community_services_non_profits,http://www.psicosocial.net/sira/,2,,Madrid,"40,4688439","-3,7024358"
Centro Social Entrevias,community_services_non_profits,Ingen webbplats,2,,Madrid,"40,3830987","-3,6701688"
Centro Social María Inmaculada Casa Madre,community_services_non_profits,https://www.religiosasmariainmaculada.org/es/,2,,Madrid,"40,427285","-3,7017817"
Centro Uruguayo de Madrid,community_services_non_profits,http://www.centrouruguayo.es/,2,,Madrid,"40,3819622","-3,745203"
Centro Vínculo,community_services_non_profits,http://vinculo-ts.com/,2,,Madrid,"40,4267877","-3,6963966"
CEPE - Coordinadora Española de Polígonos Empresariales,community_services_non_profits,http://www.poligonoscepe.org/,2,,Madrid,"40,428181","-3,6840838"
CEPES Confederación Empresarial Española de la Economía Social,community_services_non_profits,http://www.cepes.es/,2,,Madrid,"40,4184888","-3,6997706"
Ceprede,community_services_non_profits,http://www.ceprede.es/,2,,Madrid,"40,544912","-3,6966293"
Cepyme,community_services_non_profits,http://www.cepyme.es/,2,,Madrid,"40,4346623","-3,6792523"
Cesgar SGR,community_services_non_profits,http://www.cesgar.es/,2,,Madrid,"40,4292745","-3,7049456"
Cgcafe España,community_services_non_profits,http://www.cgcafe.org/,2,,Madrid,"40,43022","-3,67929"
Cgt Atos,community_services_non_profits,http://gatossindicales.blogspot.com.es/,2,,Madrid,"40,4346504","-3,63255"
CGT Confederación,community_services_non_profits,http://www.cgt.org.es/,2,,Madrid,"40,4338478","-3,6993101"
change.org España,community_services_non_profits,Ingen webbplats,2,,Madrid,"40,4202967","-3,7043892"
Cienciaterapia,community_services_non_profits,https://www.cienciaterapia.org/,2,,Madrid,"40,4104677","-3,6939569"
Círculo Catalán de Madrid - Cercle Català de Madrid,community_services_non_profits,http://www.cerclecatala-madrid.net/,2,,Madrid,"40,42257","-3,71193"
Circulo Cultural de Amistad Hispano Haitiano,community_services_non_profits,Ingen webbplats,2,,Madrid,"40,4235191","-3,60115"
Ciruelo Rojo,community_services_non_profits,Ingen webbplats,2,,Madrid,"40,4207072","-3,6214574"
Círvite,community_services_non_profits,https://www.cirvite.org/,2,,Madrid,"40,4487057","-3,6159379"
Ciudad Joven,community_services_non_profits,http://www.ciudadjoven.org/,2,,Madrid,"40,3830294","-3,6740909"
Ciudadanía Global - Horuelo,community_services_non_profits,http://horuelo.org/ciudadania-global,2,,Madrid,"40,4316934","-3,6333161"
CJAS,community_services_non_profits,http://www.centrojoven.org/,2,,Madrid,"40,4263115","-3,7089601"
CLEVI,community_services_non_profits,http://www.clevi.org/,2,,Madrid,"40,4216563","-3,7008563"
ClicSolidario,community_services_non_profits,http://www.clicsolidario.org/,2,,Madrid,"40,4523159","-3,6968766"
Club Abedul,community_services_non_profits,http://www.clubabedul.es/,2,,Madrid,"40,5081909","-3,6651357"
Club Capital,community_services_non_profits,http://clubcapital.es/,2,,Madrid,"40,43566","-3,68347"
Club de Amigos de la Unesco,community_services_non_profits,http://www.caum.es,2,,Madrid,"40,4226203","-3,7074424"
Club de Creativos de España,community_services_non_profits,http://www.clubdecreatividad.com/,2,,Madrid,"40,41436","-3,69836"
Club de Excelencia en Sostenibilidad,community_services_non_profits,http://www.clubsostenibilidad.org/,2,,Madrid,"40,4375475","-3,68654"
Club de Madrid,community_services_non_profits,http://www.clubmadrid.org/,2,,Madrid,"40,4153498","-3,711216"
Club Español de la Energía,community_services_non_profits,https://www.enerclub.es/,2,,Madrid,"40,474629","-3,6874754"
Club Los Amigos,community_services_non_profits,Ingen webbplats,2,,Madrid,"40,3945808","-3,6593599"
Club Mecatol Rex,community_services_non_profits,https://www.mecatolrex.com/,2,,Madrid,"40,3911209","-3,73384"
Club Rotario Marbella by Joaquín,community_services_non_profits,https://www.rotaryclubmadridnorte.com/,2,,Madrid,"40,45818","-3,68578"
CNLSE Centro de Normalización Lingüística de la Lengua de Signos Española,community_services_non_profits,http://www.cnlse.es/,2,,Madrid,"40,477674","-3,728883"
CNT Sección Sindical en Iberia,community_services_non_profits,http://iberia.cnt.es/,2,,Madrid,"40,40449","-3,70284"
COAPI de Madrid,community_services_non_profits,http://www.coapimadrid.org/,2,,Madrid,"40,42201","-3,70906"
CoBas Madrid,community_services_non_profits,http://www.cobas.es/,2,,Madrid,"40,40238","-3,70425"
CODDIM,community_services_non_profits,http://www.coddim.org/,2,,Madrid,"40,45961","-3,68928"
Cofae,community_services_non_profits,http://www.cofae.net/,2,,Madrid,"40,4166511","-3,7056353"
COGITI Madrid,community_services_non_profits,https://www.cogitim.es/,2,,Madrid,"40,4329546","-3,7022837"
Cojebro,community_services_non_profits,http://www.cojebro.com/,2,,Madrid,"40,4042714","-3,6811837"
Colectivo de Educación Permanente de Adultos,community_services_non_profits,http://federcepa.wordpress.com/,2,,Madrid,"40,399045","-3,653564"
Colectivo Debajo del Sombrero,community_services_non_profits,http://www.debajodelsombrero.org/,,,Madrid,"40,39241","-3,69724"
Colectivo Hetaira,community_services_non_profits,http://www.colectivohetaira.org/,2,,Madrid,"40,4216367","-3,7009119"
Colectivo San Blas,community_services_non_profits,Ingen webbplats,2,,Madrid,"40,4244614","-3,6229601"
Colectivo Tandem,community_services_non_profits,http://www.colectivotandem.com/,2,,Madrid,"40,3851436","-3,698061"
Colegio de Ingenieros de Minas del Centro de España,community_services_non_profits,http://www.coimce.com/,2,,Madrid,"40,4433227","-3,702664"
Colegio de Mediadores de Seguros de Madrid,community_services_non_profits,http://www.mediadoresseguros.madrid/,2,,Madrid,"40,422175","-3,713974"
Colegio Oficial de Ingenieros de Montes,community_services_non_profits,http://www.ingenierosdemontes.org/,2,,Madrid,"40,4431591","-3,7001511"
Colegio Profesional de Ambientólogos de la Comunidad de Madrid,community_services_non_profits,https://coambm.es/,2,,Madrid,"40,38688","-3,72382"
Colegio Profesional de Politólogos y Sociólogos de Madrid - colpolsoc,community_services_non_profits,http://flowto.it/ujTPLeh1?fc=0,2,,Madrid,"40,4311409","-3,7219901"
Colegio Profesional Logopedas Comunidad Madrid,community_services_non_profits,http://www.colegiologopedasmadrid.com/,2,,Madrid,"40,45551","-3,70685"
ColoniaMarconi,community_services_non_profits,http://coloniamarconi.com/,2,,Madrid,"40,3341141","-3,7001663"
ComidaparatodosEsp,community_services_non_profits,https://www.comidaparatodos.es/,2,,Madrid,"40,4344359","-3,6289738"
Comité de Emergencia,community_services_non_profits,http://www.comiteemergencia.org/,2,,Madrid,"40,4370995","-3,6930377"
Compassion Eventos,community_services_non_profits,http://www.compassion.es/,2,,Madrid,"40,447671","-3,605522"
Compluemprende,community_services_non_profits,https://www.ucm.es/compluemprende,2,,Madrid,"40,443789","-3,7198912"
Comuna Llano Grande Ecuador,community_services_non_profits,Ingen webbplats,2,,Madrid,"40,37581","-3,73932"
Comúsica,community_services_non_profits,https://www.comusica.com/,2,,Madrid,"40,429957","-3,7179236"
CONACEE. Confederación Nacional Centros Especiales Empleo,community_services_non_profits,https://www.conacee.org/,2,,Madrid,"40,4595892","-3,6910414"
Conetic,community_services_non_profits,http://www.conetic.info/,2,,Madrid,"40,4601516","-3,683657"
Confassociazioni España,community_services_non_profits,https://www.confassociazioni.es/,2,,Madrid,"40,4212277","-3,6847213"
Confederación Aspace,community_services_non_profits,http://www.aspace.org/,2,,Madrid,"40,4441457","-3,6766497"
Confederación de Cámaras de la Propiedad Urbana,community_services_non_profits,https://tupropiedadurbana.com/,2,,Madrid,"40,4244254","-3,6844291"
Confederación Española de Comercio,community_services_non_profits,http://www.cec-comercio.es/,2,,Madrid,"40,4346445","-3,6788646"
Confederación Española de Organizaciones de Mayores - CEOMA,community_services_non_profits,https://linktr.ee/ceoma.org,2,,Madrid,"40,43374","-3,70672"
Confederación Salud Mental España,community_services_non_profits,http://www.consaludmental.org/,2,,Madrid,"40,3810108","-3,6703864"
CONPYMES,community_services_non_profits,https://www.conpymes.org/,2,,Madrid,"40,4145416","-3,7174988"
Consejo Diocesano De Misiones (MADRID),community_services_non_profits,http://www.misionmadrid.com/,2,,Madrid,"40,4437289","-3,675896"
Consejo Español para la Defensa de la Discapacidad y Dependencia,community_services_non_profits,http://ceddd.org/,2,,Madrid,"40,3766112","-3,6400833"
Consejo General de Colegios de Protésicos Dentales de España,community_services_non_profits,https://www.consejoprotesicosdentales.org/,2,,Madrid,"40,3984441","-3,6246453"
Consejo General de Colegios Oficiales de Ingeniería Técnica en Informática,community_services_non_profits,http://www.conciti.es/,2,,Madrid,"40,404626","-3,6937379"
Consejo General de Colegios Oficiales de Ingenieros Agrónomos,community_services_non_profits,http://cgcoia.es/,2,,Madrid,"40,4286927","-3,7085179"
Consejo General de la Arquitectura Técnica de España,community_services_non_profits,http://www.arquitectura-tecnica.com/,2,,Madrid,"40,4610338","-3,690505"
Consejo General de la Psicología de España - COP,community_services_non_profits,http://www.cop.es/,2,,Madrid,"40,4294174","-3,6754114"
Consejo General de Mediadores de Seguros,community_services_non_profits,https://mediadores.info/,2,,Madrid,"40,4244582","-3,6761714"
Consejo Juventud España - CJE,community_services_non_profits,http://www.cje.org/,2,,Madrid,"40,4184399","-3,70201"
Consejo Superior de los Colegios de Arquitectos de España,community_services_non_profits,http://www.cscae.com/,2,,Madrid,"40,4278468","-3,6891959"
Construyendo Puentes,community_services_non_profits,http://www.construyendopuentes.es/,2,,Madrid,"40,44294","-3,7166759"
Consulado Boca Juniors Madrid,community_services_non_profits,https://twitter.com/BocaJrsMadrid,2,,Madrid,"40,43625","-3,71293"
Contra el cáncer cambia el guion,community_services_non_profits,https://www.contraelcancercambiaelguion.org/,2,,Madrid,"40,4147203","-3,7035073"
Contratatea,community_services_non_profits,http://www.contratatea.es/,2,,Madrid,"40,403468","-3,6705559"
Convives con Espasticidad,community_services_non_profits,https://convives.net/,2,,Madrid,"40,4526405","-3,6688123"
Cooperación Internacional - IYC,community_services_non_profits,http://www.juventudsolidaria.org/,2,,Madrid,"40,4679418","-3,6854904"
Coplef Madrid,community_services_non_profits,http://www.coplefmadrid.com/,2,,Madrid,"40,4066216","-3,6435615"
Coral Polifónica Nuestra Señora de Moratalaz,community_services_non_profits,Ingen webbplats,2,,Madrid,"40,4085182","-3,6545892"
Corazón y Manos,community_services_non_profits,http://www.corazonymanos.org/,2,,Madrid,"40,4988085","-3,6693967"
Coro de Jóvenes de Madrid,community_services_non_profits,http://corojovenesmadrid.com/,,,Madrid,"40,421259","-3,6290184"
Coworking La Comunera,community_services_non_profits,https://www.garuacoop.es/,,,Madrid,"40,4013945","-3,7025951"
CP Pasifae 1-15,community_services_non_profits,Ingen webbplats,2,,Madrid,"40,44554","-3,59317"
Creando Huellas,community_services_non_profits,https://www.creandohuellas.org/,2,,Madrid,"40,3956094","-3,6708287"
Cruz Roja Española,community_services_non_profits,http://www.cruzroja.es/,2,,Madrid,"40,4476987","-3,7061314"
Cruzrojateacompaña,community_services_non_profits,https://www2.cruzroja.es/teacompana,2,,Madrid,"40,44732","-3,70922"
CSIF AEMET,community_services_non_profits,Ingen webbplats,2,,Madrid,"40,4521691","-3,7236427"
CUIDADANAS | Servicio de Apoyo Integral a Cuidadoras,community_services_non_profits,http://www.cuidadanas.es/,2,,Madrid,"40,42627","-3,70679"
Culturas Unidas,community_services_non_profits,http://www.culturasunidas.org/,,,Madrid,"40,4086756","-3,6986869"
Cumpleaños Solidarios,community_services_non_profits,http://www.solidarios.org.es/,2,,Madrid,"40,4364121","-3,7150535"
CyberPractices Foundation,community_services_non_profits,http://cyberpractices.org/,2,,Madrid,"40,4375978","-3,7041326"
Daño Cerebral Madrid - ApanefA,community_services_non_profits,https://danocerebralmadrid.org/,2,,Madrid,"40,390091","-3,6881914"
DARA,community_services_non_profits,http://daraint.org/,2,,Madrid,"40,4153004","-3,6906953"
Decisión,community_services_non_profits,http://www.decision.plus/,2,,Madrid,"40,4476576","-3,6054271"
DeClausura,community_services_non_profits,http://www.declausura.org/,2,,Madrid,"40,4766093","-3,6978976"
Derecho a Morir Dignamente - España,community_services_non_profits,https://derechoamorir.org/,2,,Madrid,"40,4167186","-3,7032509"
Derecho a Vivir,community_services_non_profits,http://www.derechoavivir.org/,2,,Madrid,"40,4628467","-3,6801071"
Design for Change España,community_services_non_profits,http://www.dfcspain.org/,,,Madrid,"40,4105343","-3,6939538"
"Diálogo, Asociación de Amistad Hispano-Francesa",community_services_non_profits,http://www.dialogo.es/,2,,Madrid,"40,4227078","-3,684495"
Didania,community_services_non_profits,http://www.didania.org/,2,,Madrid,"40,3718","-3,75549"
DIMAD,community_services_non_profits,http://www.dimad.org/,2,,Madrid,"40,39241","-3,69724"
Dinamización Alto San Isidro,community_services_non_profits,Ingen webbplats,2,,Madrid,"40,3961623","-3,7213045"
Dog Houser Guarderia,community_services_non_profits,http://www.doghouser.es/,2,,Madrid,"40,4412651","-3,6374824"
Down España,community_services_non_profits,https://www.sindromedown.net/ayudanos/,2,,Madrid,"40,4577117","-3,6261143"
EAPN - España,community_services_non_profits,http://www.eapn.es/,2,,Madrid,"40,407577","-3,703205"
Ecoembes,community_services_non_profits,https://www.ecoembes.com/,2,,Madrid,"40,4668522","-3,6709407"
Ecopilas,community_services_non_profits,http://www.ecopilas.es/,2,,Madrid,"40,4605102","-3,6939463"
Ecos do Sur  Madrid,community_services_non_profits,http://www.ecosdosur.org/,2,,Madrid,"40,4705553","-3,6990237"
Education For Employment - Europe,community_services_non_profits,http://www.efe.org/,2,,Madrid,"40,4153076","-3,6906925"
El Despertar,community_services_non_profits,https://eldespertar.es/,2,,Madrid,"40,3868723","-3,774225"
El huerto de Roberto,community_services_non_profits,http://www.fundacionbuensamaritano.es/huerto,,,Madrid,"40,386482","-3,7475753"
Elii,community_services_non_profits,http://www.elii.es/,,,Madrid,"40,3904303","-3,6948733"
Emcomspain,community_services_non_profits,http://emergencias.ure.es/,2,,Madrid,"40,39063","-3,67094"
Emergencias Emercam,community_services_non_profits,http://emercam.org/,2,,Madrid,"40,4680923","-3,6855821"
EMPIA,community_services_non_profits,https://empia.org/,2,,Madrid,"40,4345176","-3,6791571"
EnraizaDerechos,community_services_non_profits,http://www.enraizaderechos.org/,2,,Madrid,"40,4445347","-3,6968717"
Entreculturas,community_services_non_profits,http://www.entreculturas.org/,2,,Madrid,"40,4342468","-3,6860366"
Envera,community_services_non_profits,http://www.grupoenvera.org/,2,,Madrid,"40,4518602","-3,5814446"
Erasmus Student Network Universidad Autónoma de Madrid,community_services_non_profits,http://esnuam.org/,2,,Madrid,"40,5450805","-3,6929083"
ES La Salamandra,community_services_non_profits,http://lasalamandra.info/,2,,Madrid,"40,39971","-3,64515"
Esclavas del Divino Corazón,community_services_non_profits,http://adcspinola.org/,2,,Madrid,"40,4441278","-3,7141578"
Esclerosis Múltiple España,community_services_non_profits,http://www.esclerosismultiple.com/,2,,Madrid,"40,4079388","-3,7145838"
Escuela de Filosofía Práctica y Meditación,community_services_non_profits,https://www.filosofiapractica.org/,2,,Madrid,"40,4773223","-3,8312981"
Escuela mediunica caboclo 7 flechas - Autoconocimento - Apometria,community_services_non_profits,https://rinconverdemavione.com/,2,,Madrid,"40,387796","-3,736161"
Escuela Sansana,community_services_non_profits,http://www.escuelasansana.org/,2,,Madrid,"40,43582","-3,70183"
ESOA La Dragona,community_services_non_profits,http://www.nodo50.org/eldragondelaelipa/,2,,Madrid,"40,426022","-3,645059"
Espacio Afro,community_services_non_profits,https://twitter.com/EspacioAfro,,,Madrid,"40,3989872","-3,70009"
Espacio de Igualdad Clara Campoamor,community_services_non_profits,http://www.madrid.es/espaciosdeigualdad,2,,Madrid,"40,350923","-3,6915465"
Espacio de Igualdad Gloria Fuertes,community_services_non_profits,http://www.madrid.es/espaciosdeigualdad,2,,Madrid,"40,402838","-3,6072577"
Espacio de Igualdad María Moliner,community_services_non_profits,https://bit.ly/3jrwtOA,2,,Madrid,"40,3711649","-3,6290457"
Espacio Pozas 14,community_services_non_profits,http://www.espaciopozas14.es,2,,Madrid,"40,425254","-3,706551"
Espacio Ucrania,community_services_non_profits,http://espacioucrania.com/,,,Madrid,"40,4277192","-3,7163632"
España,community_services_non_profits,Ingen webbplats,2,,Madrid,"40,41693","-3,70237"
Estudio Cultural Blue Place,community_services_non_profits,https://walink.co/11c8a3,2,,Madrid,"40,43367","-3,71456"
Europan España,community_services_non_profits,http://www.europan-esp.es/blog/,2,,Madrid,"40,430709","-3,688313"
Europe Peace Foundation,community_services_non_profits,http://www.europefoundation.org/,2,,Madrid,"40,388951","-3,7392173"
European Federation of Periodontology,community_services_non_profits,https://linktr.ee/efperio,2,,Madrid,"40,460051","-3,683734"
Facua Madrid,community_services_non_profits,http://facua.org,2,,Madrid,"40,415554","-3,702523"
Facultad de Ciencias Físicas,community_services_non_profits,http://fisicas.ucm.es/,2,,Madrid,"40,4511111","-3,7263889"
Facultad de Derecho Canonico,community_services_non_profits,http://www.icade.comillas.edu/es/,2,,Madrid,"40,4298835","-3,7113183"
Facultad de Filosofia y Letras,community_services_non_profits,http://www.uam.es,2,,Madrid,"40,5444089","-3,6984026"
Fad,community_services_non_profits,http://www.fad.es/,2,,Madrid,"40,4693166","-3,6768473"
Fadei,community_services_non_profits,https://www.fadei.es/,2,,Madrid,"40,39592","-3,694333"
Faedei,community_services_non_profits,http://www.faedei.org/,2,,Madrid,"40,3973677","-3,6665031"
Fairtrade Ibérica,community_services_non_profits,http://fairtrade.net/iberica-es.html,2,,Madrid,"40,4107932","-3,6938697"
FASE Fundación,community_services_non_profits,http://fasefundacion.org/,2,,Madrid,"40,4416199","-3,697"
FASS Fundación Atilano Sánchez Sánchez,community_services_non_profits,https://www.fundacionfass.org/contacto/,2,,Madrid,"40,4471019","-3,6102203"
FCVCAM,community_services_non_profits,https://www.fcvcam.org/,2,I'm pretty sure FUCVAM is Uruguayan ,Madrid,"40,43031","-3,71165"
FEAD Fundación Española del Aparato Digestivo,community_services_non_profits,http://www.saludigestivo.es/,2,,Madrid,"40,4286011","-3,6622448"
FEAP.es,community_services_non_profits,http://www.feap.es/,2,,Madrid,"40,39999","-3,70819"
FEAPF,community_services_non_profits,http://www.feapf.es/,2,,Madrid,"40,4247589","-3,6923599"
Federación Autismo Madrid,community_services_non_profits,http://www.autismomadrid.es/,2,,Madrid,"40,4678078","-3,6942163"
Federación de Asociaciones de Celíacos de España,community_services_non_profits,http://www.celiacos.org/,2,,Madrid,"40,4108632","-3,6988552"
Federación de CCJJ Valdoco,community_services_non_profits,http://www.valdoco.org/,2,,Madrid,"40,4063608","-3,696075"
Federación De Mujeres Progresistas,community_services_non_profits,http://www.fmujeresprogresistas.org/,2,,Madrid,"40,4096314","-3,7071595"
Federación de Personas Sordas de la Comunidad de Madrid,community_services_non_profits,http://www.fesorcam.org/,2,,Madrid,"40,4309055","-3,6672838"
Federación de sanidad y sectores sociosanitarios de CCOO,community_services_non_profits,http://www.sanidad.ccoo.es/,2,,Madrid,"40,4363102","-3,6312578"
Federación Empresarial Española de Seguridad,community_services_non_profits,https://www.fes.es/portal,2,,Madrid,"40,4041539","-3,689978"
Federación Española de Bancos de Alimentos-FESBAL,community_services_non_profits,https://www.fesbal.org/,2,,Madrid,"40,5233432","-3,6850887"
Federación Española de Café,community_services_non_profits,http://www.federacioncafe.com/,2,,Madrid,"40,4355652","-3,7021412"
Federación Española de Enología,community_services_non_profits,http://www.federacionenologia.com/,2,,Madrid,"40,43132","-3,68049"
Federación Española de Hemofilia (FEDHEMO),community_services_non_profits,http://www.fedhemo.com/,2,,Madrid,"40,4673056","-3,686549"
Federación Española de Industrias de Alimentación y Bebidas,community_services_non_profits,http://fiab.es/,2,,Madrid,"40,428433","-3,6837386"
Federación Española de Municipios y Provincias,community_services_non_profits,https://linktr.ee/fempcomunicacion,2,,Madrid,"40,4134698","-3,7093403"
Federación Española de Pesca y Casting,community_services_non_profits,http://www.fepyc.es/,2,,Madrid,"40,4191556","-3,7068129"
Federación Española de Reiki,community_services_non_profits,http://www.federeiki.es/,2,,Madrid,"40,43392","-3,69248"
Federación Madrileña de Escultismo FME,community_services_non_profits,http://www.madridscout.org/,2,,Madrid,"40,4215796","-3,7002632"
Federación Madrileña de Gimnasia,community_services_non_profits,http://www.fmgimnasia.com/,2,,Madrid,"40,3908801","-3,6587514"
Federación Nacional de Asociaciones Alcer,community_services_non_profits,http://www.alcer.org/,2,,Madrid,"40,4425601","-3,6723597"
Federación Nacional de Cofradías de Pescadores,community_services_non_profits,http://www.fncp.eu/,2,,Madrid,"40,4166688","-3,7031226"
Fedrom,community_services_non_profits,http://www.fedrom.org/,2,,Madrid,"40,4557858","-3,7076703"
Feique,community_services_non_profits,http://www.feique.org/,2,,Madrid,"40,4263966","-3,6845995"
"Felab, Asociación de Entidades de Ensayo Calibración y Análisis",community_services_non_profits,http://wwww.felab.org/,2,,Madrid,"40,4425992","-3,7007388"
Felupus,community_services_non_profits,http://www.felupus.org/,2,,Madrid,"40,40776","-3,606"
Fermad,community_services_non_profits,http://www.fermad.org/,2,,Madrid,"40,4131257","-3,7047956"
Ferrari Club España,community_services_non_profits,http://www.ferrariclubespana.com/,2,,Madrid,"40,4428821","-3,6718928"
Ferroviarios Ccoonectados,community_services_non_profits,http://www.ferroviario.fsc.ccoo.es/,2,,Madrid,"40,405087","-3,6836454"
FertilityCare Centers of Spain,community_services_non_profits,https://fertilitycare.es/contacto,2,,Madrid,"40,5038534","-3,6975088"
FESPAU-Federación Española de Autismo,community_services_non_profits,http://www.fespau.es/,2,,Madrid,"40,4035204","-3,6706431"
FETYL Federación Española de Tintorerias y Lavanderías,community_services_non_profits,http://www.fetyl.org/,2,,Madrid,"40,41708","-3,69882"
Fevocam,community_services_non_profits,http://www.fevocam.org/,2,,Madrid,"40,3972023","-3,6690669"
Fiacbol España,community_services_non_profits,http://www.fiacbol.com/,2,,Madrid,"40,3829174","-3,7017757"
FIAPAS,community_services_non_profits,http://www.fiapas.es/,2,,Madrid,"40,4474521","-3,6706238"
FIAVE,community_services_non_profits,http://fiave.es/,2,,Madrid,"40,4299713","-3,7180362"
FIDE Fundación,community_services_non_profits,http://www.fidefundacion.es/,2,,Madrid,"40,42418","-3,68786"
FIES - Fundación Institucional Española,community_services_non_profits,http://www.fies.es/,2,,Madrid,"40,4200517","-3,7043934"
FISC ONGD,community_services_non_profits,http://www.fisc-ongd.org/,2,,Madrid,"40,4770268","-3,7289616"
Flamingo Club,community_services_non_profits,http://www.flamingoclubmadrid.com/,2,,Madrid,"40,4248303","-3,6968748"
Fneth,community_services_non_profits,http://www.fneth.org/,2,,Madrid,"40,4203912","-3,6753879"
Fondo Sur 1980,community_services_non_profits,http://fondosur1980.blogspot.com.es,2,,Madrid,"40,45092","-3,68835"
Forética,community_services_non_profits,http://www.foretica.org/,2,,Madrid,"40,4287891","-3,6943858"
Foro de Foros,community_services_non_profits,http://www.forodeforos.org/,2,,Madrid,"40,4166435","-3,6991293"
Foro de Marcas Renombradas Españolas (FMRE),community_services_non_profits,http://www.marcasrenombradas.com/,2,,Madrid,"40,427978","-3,687028"
forocompol,community_services_non_profits,http://www.forocompol.com/,2,,Madrid,"40,43863","-3,67236"
Fotogramas y Viñetas,community_services_non_profits,http://fotogramasytebeos.blogspot.com/,,,Madrid,"40,4627702","-3,70887"
FRAVM Federación Regional de Asociaciones Vecinales de Madrid,community_services_non_profits,http://www.aavvmadrid.org/index.php/Directorio,2,,Madrid,"40,4088334","-3,6987702"
Friedrich Naumann Foundation Madrid,community_services_non_profits,https://www.freiheit.org/spain-italy-portugal-and-mediterranean,2,,Madrid,"40,4284856","-3,6911325"
FSIE - Federación de Sindicatos Independientes de Enseñanza,community_services_non_profits,http://www.fsie.es/,2,,Madrid,"40,4213438","-3,7021085"
FUHEM Ecosocial,community_services_non_profits,http://www.fuhem.es/ecosocial,,,Madrid,"40,4143007","-3,7290189"
Fujitega,community_services_non_profits,http://www.fujitega.com/,2,,Madrid,"40,4460934","-3,7143518"
Fundación 1 Mayo,community_services_non_profits,http://www.1mayo.org/,,,Madrid,"40,4321604","-3,6098033"
Fundación 26 de Diciembre,community_services_non_profits,https://www.fundacion26d.org/,2,,Madrid,"40,4090825","-3,7058284"
Fundación Adelias,community_services_non_profits,http://www.fundacionadelias.org/,,,Madrid,"40,4614531","-3,7013567"
Fundación Advanced Leadership,community_services_non_profits,http://www.aleadership.org/,2,,Madrid,"40,4232299","-3,68802"
Fundacion Aequitas,community_services_non_profits,http://www.aequitas.org/,2,,Madrid,"40,458397","-3,6438761"
Fundación Aladina,community_services_non_profits,http://www.aladina.org/,2,,Madrid,"40,3970609","-3,6915628"
Fundación Alas Madrid,community_services_non_profits,http://www.alasmadrid.org/,2,,Madrid,"40,3976071","-3,6353571"
Fundación Alicia y Guillermo,community_services_non_profits,http://www.fundacionaliciayguillermo.com/,2,,Madrid,"40,4535796","-3,6990739"
Fundación Amigó,community_services_non_profits,http://www.fundacionamigo.org/,2,,Madrid,"40,4616911","-3,6561302"
Fundación AMPAO,community_services_non_profits,http://www.fundacionampao.org/,2,,Madrid,"40,4683908","-3,6852604"
Fundación Ana Carolina Díez Mahou,community_services_non_profits,https://acdm.es/,2,,Madrid,"40,4436607","-3,7183434"
Fundación ANAR,community_services_non_profits,http://www.anar.org/,2,,Madrid,"40,4386974","-3,6738051"
"Fundación Andrés Marcio, Niños Contra La Laminopatía",community_services_non_profits,http://www.fundacionandresmarcio.org/,2,,Madrid,"40,42272","-3,68308"
Fundación Ángel Rivière,community_services_non_profits,http://www.fundacionangelriviere.org/,2,,Madrid,"40,4628742","-3,6269768"
FundaciÓN Ankaria,community_services_non_profits,http://www.fundacionankaria.org/,2,,Madrid,"40,4702482","-3,7841411"
Fundación AON,community_services_non_profits,http://fundacionaon.es/,2,,Madrid,"40,4316512","-3,6834171"
Fundacion Aprender,community_services_non_profits,https://www.fundacion-aprender.es/,2,,Madrid,"40,3779089","-3,764973"
Fundacion Aprocor,community_services_non_profits,http://www.fundacionaprocor.org,2,,Madrid,"40,5106209","-3,6747601"
Fundación Arraigo,community_services_non_profits,http://www.fundacionarraigo.org/,2,,Madrid,"40,3476644","-3,7089129"
Fundación ArtSur,community_services_non_profits,http://artsur.placestars.com/,2,,Madrid,"40,419066","-3,709082"
Fundación Aspacia,community_services_non_profits,http://www.fundacion-aspacia.org/,2,,Madrid,"40,4356","-3,69995"
Fundación Atenea,community_services_non_profits,http://fundacionatenea.org/,2,,Madrid,"40,3895645","-3,6945669"
Fundación Avata de Ayuda al Accidentado,community_services_non_profits,https://fundacionavata.org/,2,,Madrid,"40,4688218","-3,6956938"
Fundación AXA,community_services_non_profits,http://www.fundacionaxa.es/,2,,Madrid,"40,44776","-3,654233"
Fundación Aymer,community_services_non_profits,http://www.fundacionaymer.org/,2,,Madrid,"40,4466067","-3,7147955"
Fundación Ayudare,community_services_non_profits,http://www.fundacionayudare.org/,2,,Madrid,"40,4363246","-3,6842268"
Fundación Azcona,community_services_non_profits,https://www.fundacionazcona.com/,2,,Madrid,"40,4160206","-3,6921902"
Fundación Balia por la Infancia,community_services_non_profits,http://www.fundacionbalia.org/,2,,Madrid,"40,4647502","-3,7007847"
Fundación Banco de Alimentos de Madrid,community_services_non_profits,http://bamadrid.org/,2,,Madrid,"40,529953","-3,6897336"
Fundación Beta Films,community_services_non_profits,http://www.fbetafilms.org/,2,,Madrid,"40,39709","-3,65062"
Fundación Biodiversidad,community_services_non_profits,http://www.fundacion-biodiversidad.es/,2,,Madrid,"40,4037471","-3,7045105"
Fundación Bioplanet,community_services_non_profits,https://paris2015cop21.org/,2,,Madrid,"40,4696033","-3,5929951"
Fundación Blas Méndez Ponce,community_services_non_profits,http://www.fundacionblasmendezponce.org/,2,,Madrid,"40,3664046","-3,6985962"
Fundación Bobath,community_services_non_profits,http://www.fundacionbobath.org/,2,,Madrid,"40,4907189","-3,7204494"
Fundación Canis Majoris FCM,community_services_non_profits,http://canismajoris.es/,2,,Madrid,"40,4234016","-3,6926578"
Fundación CARF,community_services_non_profits,http://www.fundacioncarf.org/,2,,Madrid,"40,4294346","-3,6754134"
Fundación CBD-Hábitat,community_services_non_profits,http://www.cbd-habitat.com/,2,,Madrid,"40,4475929","-3,6625331"
Fundación Ceddet,community_services_non_profits,http://www.ceddet.org/,2,,Madrid,"40,4761924","-3,7440819"
Fundacion Cencillo de Pineda,community_services_non_profits,http://www.cencillo.org/,2,,Madrid,"40,44928","-3,68331"
Fundación Chile España,community_services_non_profits,http://www.fundacionchile-espana.org/,2,,Madrid,"40,4501309","-3,6877913"
Fundacion Cibervoluntarios,community_services_non_profits,https://www.cibervoluntarios.org/,2,,Madrid,"40,4035842","-3,6949211"
Fundación CINDE,community_services_non_profits,https://www.fundacioncinde.org/donaciones,2,,Madrid,"40,4308806","-3,6823497"
Fundación Ciudadana Civio,community_services_non_profits,https://civio.es/,2,,Madrid,"40,4049685","-3,697633"
Fundación CNSE,community_services_non_profits,https://www.fundacioncnse.org/,2,,Madrid,"40,4776798","-3,7288276"
Fundacion Concordia,community_services_non_profits,http://www.fundacionconcordia.org/,2,,Madrid,"40,435006","-3,681537"
Fundación Consejo España - EE.UU.,community_services_non_profits,https://www.spainusa.org/,2,,Madrid,"40,4147","-3,70586"
Fundación Contemplare,community_services_non_profits,https://fundacioncontemplare.org/,2,,Madrid,"40,4599624","-3,7864134"
Fundación Contemporánea,community_services_non_profits,http://www.fundacioncontemporanea.com/,2,,Madrid,"40,4118286","-3,6941516"
Fundación Conversación,community_services_non_profits,http://www.fundacionconversacion.com/,2,,Madrid,"40,42841","-3,71967"
Fundación Cotec,community_services_non_profits,http://www.cotec.es/,2,,Madrid,"40,4386668","-3,7060867"
Fundación Cruz Blanca,community_services_non_profits,http://www.fundacioncruzblanca.org/,2,,Madrid,"40,4051697","-3,6941118"
Fundación Cruz Blanca Madrid,community_services_non_profits,http://www.fundacioncruzblanca.org/,2,,Madrid,"40,3988435","-3,6867677"
Fundacion Dalma,community_services_non_profits,http://www.fundaciondalma.org/,2,,Madrid,"40,4306709","-3,6858618"
Fundación de Anemia de Fanconi,community_services_non_profits,http://anemiadefanconi.org/,2,,Madrid,"40,4261526","-3,6818556"
Fundación de Solidaridad Amaranta,community_services_non_profits,http://www.fundacionamaranta.org/,2,,Madrid,"40,453308","-3,657272"
Fundación del Lesionado Medular,community_services_non_profits,https://beacons.ai/flmedular,2,,Madrid,"40,3943983","-3,6558948"
Fundación del Toro de Lidia,community_services_non_profits,http://fundaciontorodelidia.org/,2,,Madrid,"40,4142576","-3,6902671"
Fundación Diversión Solidaria,community_services_non_profits,http://www.diversionsolidaria.org/,2,,Madrid,"40,4945855","-3,7176223"
Fundación Diversitas,community_services_non_profits,http://fundaciondiversitasmadrid.org/,2,,Madrid,"40,453793","-3,6930557"
Fundación Dolores Sopeña,community_services_non_profits,http://www.sopenafundacion.org/,2,,Madrid,"40,4290795","-3,6995134"
Fundación Ecolec,community_services_non_profits,http://www.ecolec.es/,2,,Madrid,"40,46362","-3,68795"
Fundación Ecolum,community_services_non_profits,http://www.ecolum.es/,2,,Madrid,"40,4883077","-3,6713638"
Fundación Eduardo Barreiros,community_services_non_profits,http://www.fundacionbarreiros.org/,2,,Madrid,"40,438095","-3,689806"
Fundación El Buen Samaritano Madrid,community_services_non_profits,https://fundacionbuensamaritano.es/,2,,Madrid,"40,386288","-3,737501"
Fundación Elosúa Rojo,community_services_non_profits,http://fundacionelosuarojo.org/#contactar,2,,Madrid,"40,4595344","-3,779367"
Fundación Endesa,community_services_non_profits,https://www.fundacionendesa.org/,2,,Madrid,"40,4598053","-3,6178866"
Fundación Entredós,community_services_non_profits,http://fundacionentredos.org/,2,,Madrid,"40,4157405","-3,7053662"
Fundación Esclerosis Múltiple de Madrid,community_services_non_profits,http://www.femmadrid.org/,2,,Madrid,"40,4688627","-3,6957178"
Fundacion Española del Corazón,community_services_non_profits,http://www.fundaciondelcorazon.com/,2,,Madrid,"40,433665","-3,6657129"
Fundacion Euroamerica,community_services_non_profits,http://www.euroamerica.org/,2,,Madrid,"40,4317157","-3,6930651"
Fundación Europa Paz,community_services_non_profits,http://fundacioneuropa.org/,2,,Madrid,"40,3894833","-3,7371189"
Fundación Europamundo,community_services_non_profits,https://fundacioneuropamundo.org/,2,,Madrid,"40,4371111","-3,6935298"
Fundación FAES,community_services_non_profits,http://www.fundacionfaes.org/,2,,Madrid,"40,4156569","-3,6914483"
Fundación Feníe Energía,community_services_non_profits,http://www.fundacionfenieenergia.es/,2,,Madrid,"40,46558","-3,80663"
Fundación Fomento Hispania,community_services_non_profits,http://fundacionfomentohispania.org/,2,,Madrid,"40,4141537","-3,7102873"
Fundación Francisco LUZÓN,community_services_non_profits,http://www.ffluzon.org/,2,,Madrid,"40,4328301","-3,6960269"
Fundación Fransol,community_services_non_profits,http://www.fundacionfransol.org/,2,,Madrid,"40,4390149","-3,6517128"
Fundación Fuego,community_services_non_profits,https://fundacionfuego.org/,2,,Madrid,"40,4396755","-3,6792388"
Fundación FUNDECO,community_services_non_profits,https://fundacionfundeco.org/,2,,Madrid,"40,40684","-3,68759"
Fundación Generation España,community_services_non_profits,https://spain.generation.org/,2,,Madrid,"40,5137992","-3,7353516"
Fundación GenesisCare,community_services_non_profits,http://genesiscare.es/fundacion/,2,,Madrid,"40,4485677","-3,652541"
Fundación Gestión Social para la Dependencia,community_services_non_profits,http://leatiendo.es/contacto/,2,,Madrid,"40,4064616","-3,6976805"
Fundación Gmp,community_services_non_profits,http://www.fundaciongmp.org/,2,,Madrid,"40,4267922","-3,6874616"
Fundación Gómez Pardo,community_services_non_profits,http://www.fundaciongomezpardo.es/,2,,Madrid,"40,4425762","-3,7010692"
Fundación Hay Salida,community_services_non_profits,http://www.fundacionhaysalida.com/,2,,Madrid,"40,469275","-3,6847634"
Fundación Haz,community_services_non_profits,http://hazfundacion.org/,2,,Madrid,"40,4237469","-3,6800935"
Fundación Hipercolesterolemia Familiar,community_services_non_profits,http://www.colesterolfamiliar.com/,2,,Madrid,"40,4351321","-3,7019915"
Fundación HispanoJudía,community_services_non_profits,https://www.mk2palaciodehielo.es/es/evento/603/festival-de-cine-judio-de-mexico#horarios,2,,Madrid,"40,435353","-3,686265"
Fundación Ignacio Larramendi,community_services_non_profits,https://bit.ly/IgnacioLarramendi,2,,Madrid,"40,4145282","-3,6958671"
Fundación Igualdad Animal,community_services_non_profits,https://igualdadanimal.org/,2,,Madrid,"40,4175117","-3,698567"
Fundación Inclusión y Apoyo Aprocor,community_services_non_profits,http://www.fundacionaprocor.org/,2,,Madrid,"40,4618899","-3,635654"
Fundación Iniciativas Sur,community_services_non_profits,https://www.iniciativassur.com/,2,,Madrid,"40,3696169","-3,7083831"
Fundación Inocente Inocente,community_services_non_profits,https://fundacioninocente.org/,2,,Madrid,"40,4610966","-3,6686212"
Fundación Instituto de Ciencias del Hombre,community_services_non_profits,http://www.ich.es/,2,,Madrid,"40,4041502","-3,7109359"
Fundacion Integra,community_services_non_profits,http://www.fundacionintegra.org,2,,Madrid,"40,46234","-3,6934"
Fundación Integra,community_services_non_profits,http://www.fundacionintegra.org/,2,,Madrid,"40,4428091","-3,691005"
Fundación Internacional para la Restauración de Ecosistemas,community_services_non_profits,http://www.fundacionfire.org/,2,,Madrid,"40,424937","-3,7132638"
Fundación Intheos,community_services_non_profits,https://www.intheos.org/nos-ayudas/#bancopopular,2,,Madrid,"40,4340827","-3,683293"
FundaciÓN Isabel Gemio,community_services_non_profits,http://www.fundacionisabelgemio.com/,2,,Madrid,"40,4035248","-3,6706575"
Fundacion Jacinto e Inocencio Guerrero,community_services_non_profits,https://www.verkami.com/projects/16473-dvd-el-sobre-verde,2,,Madrid,"40,4232379","-3,7103704"
Fundación José Antonio Llorente,community_services_non_profits,https://www.fundacionjoseantoniollorente.org/,2,,Madrid,"40,4299135","-3,6847711"
Fundación José Ortega y Gasset - Gregorio Marañón,community_services_non_profits,http://www.ortegaygasset.edu,,,Madrid,"40,4348733","-3,6904425"
Fundación Juan XXIII,community_services_non_profits,http://www.fundacionjuanxxiii.org/,2,,Madrid,"40,4030896","-3,5954021"
Fundación Juanito Maravilla,community_services_non_profits,http://www.fjm7.org/,2,,Madrid,"40,4652257","-3,6916406"
Fundación Junior Achievement España,community_services_non_profits,http://www.fundacionjaes.org/,2,,Madrid,"40,4482751","-3,6781074"
Fundación Kyrios de Apoyo Personal,community_services_non_profits,http://www.kyriosfundacion.org/,2,,Madrid,"40,4249514","-3,6666883"
Fundación La Merced Migraciones,community_services_non_profits,http://www.lamercedmigraciones.org/,2,,Madrid,"40,4298773","-3,6641618"
Fundación Laboral de la Construcción,community_services_non_profits,https://www.fundacionlaboral.org/,2,,Madrid,"40,3963421","-3,5853926"
Fundacion Luca de Tena,community_services_non_profits,http://www.fundacionlucadetena.org/,2,,Madrid,"40,4316399","-3,6861737"
Fundacion Luz Casanova,community_services_non_profits,http://www.proyectosluzcasanova.org/,2,,Madrid,"40,4296","-3,69663"
Fundación Madreselva ONGD,community_services_non_profits,http://www.madreselvaongd.net/,2,,Madrid,"40,4772444","-3,7065609"
Fundación Madrid por el Deporte,community_services_non_profits,http://www.madridporeldeporte.org/,2,,Madrid,"40,422528","-3,6911203"
Fundación Madrina,community_services_non_profits,https://madrina.org/,2,,Madrid,"40,4625084","-3,6959354"
Fundación Maior,community_services_non_profits,http://www.maior.es/,2,,Madrid,"40,4207998","-3,7028376"
Fundación Manuel Fdez. «Lito»-Anastasio de Gracia,community_services_non_profits,https://fundacionlito.es/,2,,Madrid,"40,4511106","-3,670992"
Fundación Mari Paz Jiménez Casado,community_services_non_profits,http://www.fundacionmaripazjimenez.org/,2,,Madrid,"40,455349","-3,6805501"
Fundación Maria Wolff,community_services_non_profits,http://www.mariawolff.org/,2,,Madrid,"40,4449342","-3,6711749"
Fundación Mariano Benlliure,community_services_non_profits,http://marianobenlliure.org/,2,,Madrid,"40,4391993","-3,6921108"
Fundación máshumano,community_services_non_profits,http://www.mashumano.org/,2,,Madrid,"40,4592799","-3,681975"
Fundación Masnatur,community_services_non_profits,http://www.masnatur.org/,2,,Madrid,"40,429848","-3,7216187"
Fundación Menudos Corazones,community_services_non_profits,http://www.menudoscorazones.org/,2,,Madrid,"40,4202102","-3,671141"
Fundación Meridional,community_services_non_profits,http://www.fundacionmeridional.org/,2,,Madrid,"40,4376428","-3,6800593"
Fundación Microfinanzas BBVA,community_services_non_profits,http://www.fundacionmicrofinanzasbbva.org/,2,,Madrid,"40,4210709","-3,6917063"
Fundación Miguel Ángel Blanco,community_services_non_profits,http://www.fmiguelangelblanco.es/,2,,Madrid,"40,4482998","-3,6762091"
Fundación Minería y Vida,community_services_non_profits,https://fundacionmineriayvida.org/,2,,Madrid,"40,4157677","-3,6953657"
Fundación Montemadrid,community_services_non_profits,http://www.fundacionmontemadrid.es/,,,Madrid,"40,4060632","-3,6999633"
Fundacion Mozambique Sur,community_services_non_profits,https://goto.gg/63894,2,,Madrid,"40,4636541","-3,68208"
Fundación Mujeres por África,community_services_non_profits,http://www.mujeresporafrica.es/,2,,Madrid,"40,4545613","-3,6897986"
Fundacion Muslim Relief EspaÑA,community_services_non_profits,http://www.muslim-relief.net/,2,,Madrid,"40,4401609","-3,6534891"
Fundación Nacional de Movilidad Eléctrica,community_services_non_profits,https://www.fundacionfunme.org/,2,,Madrid,"40,4505178","-3,6914249"
Fundación Nacional Francisco Franco,community_services_non_profits,http://www.fnff.es/,2,,Madrid,"40,44686","-3,69725"
Fundación NAIF,community_services_non_profits,http://www.FundacionNaif.org/,2,,Madrid,"40,3972701","-3,6736032"
Fundación Nantik Lum,community_services_non_profits,http://www.nantiklum.org/,2,,Madrid,"40,4497401","-3,6916517"
Fundación Nuestra Señora del Camino,community_services_non_profits,https://fnscamino.org/,2,,Madrid,"40,4954681","-3,7163717"
Fundación Numen,community_services_non_profits,http://www.fundacionnumen.org/,2,,Madrid,"40,4442399","-3,6326657"
Fundación ONCE,community_services_non_profits,http://www.fundaciononce.es/,2,,Madrid,"40,4039701","-3,6994305"
Fundación Padre Arrupe,community_services_non_profits,http://www.fundacionpadrearrupe.org/,2,,Madrid,"40,4375432","-3,6865234"
Fundación Padre Garralda Horizontes Abiertos,community_services_non_profits,http://www.horizontesabiertos.org/,2,,Madrid,"40,4952096","-3,6745187"
Fundación Palarq,community_services_non_profits,http://fundacionpalarq.com/,2,,Madrid,"40,44708","-3,70464"
Fundación para el Avance de la Libertad,community_services_non_profits,http://www.fundalib.org/,2,,Madrid,"40,41936","-3,69789"
Fundación para la Innovación y la Tecnología,community_services_non_profits,http://www.fuitec.com/,2,,Madrid,"40,4398987","-3,6275533"
Fundación para la Investigación del Clima,community_services_non_profits,http://www.ficlima.org/,2,,Madrid,"40,4200287","-3,7002699"
"Fundación para la Mejora de la Vida, la Cultura y la Sociedad",community_services_non_profits,http://www.mejorandolasociedad.org/,2,,Madrid,"40,4154399","-3,69774"
Fundación para la Promoción del Deporte Ecuestre,community_services_non_profits,http://www.fundacionecuestre.org/,2,,Madrid,"40,4126054","-3,6907468"
Fundacion Pastor,community_services_non_profits,http://fundacionpastor.es/,2,,Madrid,"40,439213","-3,6863282"
Fundacion Patrimonio Comunal Olivarero,community_services_non_profits,http://www.patrimoniolivarero.com/,2,,Madrid,"40,4383085","-3,6803141"
Fundación Pedro Zerolo,community_services_non_profits,https://fundacionpedrozerolo.es/,2,,Madrid,"40,4297581","-3,7223854"
Fundación Pequeño Deseo,community_services_non_profits,http://www.fpdeseo.org/,2,,Madrid,"40,4182157","-3,6780281"
Fundación Pilares para la autonomía personal,community_services_non_profits,http://www.fundacionpilares.org/,2,,Madrid,"40,4421758","-3,7024849"
Fundacion Plan International España,community_services_non_profits,http://www.planespana.org,2,,Madrid,"40,4474675","-3,6704393"
Fundación Pluralismo y Convivencia,community_services_non_profits,http://www.pluralismoyconvivencia.es/,2,,Madrid,"40,43498","-3,70466"
FundaciÓN Pons,community_services_non_profits,http://www.fundacionpons.org/,2,,Madrid,"40,441049","-3,6858368"
Fundación PORQUEVIVEN,community_services_non_profits,https://porqueviven.org/,2,,Madrid,"40,4115666","-3,6746924"
Fundación Prodein,community_services_non_profits,http://www.prodein.org/,2,,Madrid,"40,4452802","-3,7030704"
Fundación Prodis,community_services_non_profits,http://www.fundacionprodis.org/,2,,Madrid,"40,4052496","-3,6196689"
Fundación Promete ongd,community_services_non_profits,https://fundacionprometeongd.weebly.com/,2,,Madrid,"40,4290111","-3,7188622"
Fundación Promoción Social,community_services_non_profits,https://www.promocionsocial.org/,2,,Madrid,"40,4131462","-3,6953876"
Fundación Querer,community_services_non_profits,http://www.fundacionquerer.org/,2,,Madrid,"40,46764","-3,80749"
Fundación Rafael del Pino,community_services_non_profits,http://www.frdelpino.es/,2,,Madrid,"40,434235","-3,689672"
Fundación Raíles,community_services_non_profits,https://fundacionrailes.org/,2,,Madrid,"40,3913173","-3,6357202"
Fundación Ramón Areces,community_services_non_profits,http://www.fundacionareces.es/,,,Madrid,"40,4429944","-3,6891125"
Fundación REDMADRE,community_services_non_profits,https://www.redmadre.es/,2,,Madrid,"40,4575741","-3,6971517"
Fundación Renal Española,community_services_non_profits,https://saludrenalsiempre.org/,2,,Madrid,"40,4381246","-3,6947335"
Fundación Retina España,community_services_non_profits,http://www.retina.es/,2,,Madrid,"40,4150084","-3,70339"
Fundación Salud 2000,community_services_non_profits,http://www.fundacionsalud2000.com/,2,,Madrid,"40,435284","-3,691757"
Fundación Salvador Seguí-Madrid Fss,community_services_non_profits,http://www.fundacionssegui.org/,2,,Madrid,"40,444034","-3,700703"
Fundacion Sanders,community_services_non_profits,http://www.fundacionsanders.org/,2,,Madrid,"40,4114655","-3,6941093"
Fundación Sanitas,community_services_non_profits,https://corporativo.sanitas.es/fundacion-sanitas/,2,,Madrid,"40,4612217","-3,6201028"
Fundación Secretariado Gitano,community_services_non_profits,https://www.sensibilizaciongitanos.org/,,,Madrid,"40,3780353","-3,6580682"
Fundación Senara,community_services_non_profits,http://www.fundacionsenara.org/la-fundaci%C3%B3n/colabora/,2,,Madrid,"40,407046","-3,6272151"
Fundación SEPI,community_services_non_profits,http://www.fundacionsepi.es/,2,,Madrid,"40,4732316","-3,6752596"
Fundación SERES,community_services_non_profits,http://www.fundacionseres.org/Paginas/Inicio.aspx,2,,Madrid,"40,4297323","-3,6839326"
Fundación SEUR,community_services_non_profits,https://www.fundacionseur.org/,2,,Madrid,"40,3718878","-3,645979"
Fundación SGAE,community_services_non_profits,http://www.fundacionsgae.org/,2,,Madrid,"40,4235389","-3,692607"
Fundación Siglo22,community_services_non_profits,https://fundacionsiglo22.org/docs/info/,2,,Madrid,"40,447123","-3,703307"
Fundación Sin Barreras,community_services_non_profits,https://www.fundacionsinbarrerasmadrid.org/donar/,2,,Madrid,"40,45539","-3,6324"
Fundación SIN DAÑO,community_services_non_profits,http://www.fundacionsindano.com/,2,,Madrid,"40,4227138","-3,6955608"
Fundación Sindical Ateneo 1º de Mayo,community_services_non_profits,http://www.ateneocultural1mayo.org/,2,,Madrid,"40,4039061","-3,6989077"
Fundación Síndrome de Down de Madrid,community_services_non_profits,http://www.downmadrid.org/como-ayudar/particulares/,2,,Madrid,"40,466912","-3,672669"
Fundación SM,community_services_non_profits,http://www.fundacion-sm.org/,2,,Madrid,"40,371661","-3,7555942"
Fundación Sociedad Protectora de los Niños,community_services_non_profits,http://www.protectoraninos.org/,2,,Madrid,"40,442411","-3,7045723"
Fundación Solidaridad Humana,community_services_non_profits,http://www.educacion-sexual.org,2,,Madrid,"40,48822","-3,66031"
Fundación Somos F5,community_services_non_profits,https://www.somosf5.org/,2,,Madrid,"40,396728","-3,69973"
Fundación Stanpa,community_services_non_profits,http://www.fundacionstanpa.com/,2,,Madrid,"40,4272757","-3,6964112"
Fundación Summa Humanitate,community_services_non_profits,http://www.fundacionhumanitate.org/,2,,Madrid,"40,4766001","-3,6978931"
Fundación Tacumi,community_services_non_profits,http://fundaciontacumi.org/,2,,Madrid,"40,4825846","-3,6995605"
Fundacion Taller de Solidaridad,community_services_non_profits,https://tallerdesolidaridad.org/formulario-de-colaboracion/,2,,Madrid,"40,4192643","-3,6777912"
Fundación TAMBIÉN,community_services_non_profits,http://www.tambien.org/,2,,Madrid,"40,4696475","-3,660413"
Fundación Tatiana Pérez de Guzmán el Bueno,community_services_non_profits,http://fundaciontatianapgb.org/,2,,Madrid,"40,435132","-3,6950016"
Fundación Tecnología Social - Funteso,community_services_non_profits,https://www.funteso.es/,2,,Madrid,"40,3825041","-3,610444"
Fundación Tecnologías Sociales - Tecsos,community_services_non_profits,http://www.fundaciontecsos.es/,2,,Madrid,"40,4475048","-3,7094682"
Fundación Tejerina,community_services_non_profits,http://www.cpm-tejerina.com/,2,,Madrid,"40,4381564","-3,6949381"
Fundación Telefónica,community_services_non_profits,https://www.fundaciontelefonica.com/,,,Madrid,"40,420184","-3,7017701"
Fundación Theodora,community_services_non_profits,http://es.theodora.org,2,,Madrid,"40,419715","-3,676349"
Fundación Tomillo,community_services_non_profits,https://www.tomillo.org/,,,Madrid,"40,3659286","-3,6979761"
Fundación Transparencia y Opinión,community_services_non_profits,https://www.fundaciontransparenciayopinion.org/,2,,Madrid,"40,4441148","-3,6781775"
Fundación Unicap,community_services_non_profits,http://www.fundacionunicap.org/,2,,Madrid,"40,4889321","-3,7262648"
Fundación VALSÉ,community_services_non_profits,https://bit.ly/m/Fundacion-Valse,2,,Madrid,"40,4584213","-3,7065147"
Fundación Vianorte-Laguna,community_services_non_profits,https://www.lagunacuida.org/content/nuestro-equipo,2,,Madrid,"40,400738","-3,747267"
Fundación Vida Sostenible,community_services_non_profits,http://www.vidasostenible.org/,2,,Madrid,"40,3971656","-3,6690322"
Fundación Villacisneros,community_services_non_profits,http://www.fundacionvillacisneros.es/,2,,Madrid,"40,4182026","-3,6901188"
Fundación Vivofácil,community_services_non_profits,https://fundacionvivofacil.com/,2,,Madrid,"40,4388734","-3,6244833"
Fundación World Vision España,community_services_non_profits,https://www.worldvision.es/,2,,Madrid,"40,4029627","-3,691146"
Fundación Yehudi Menuhin España,community_services_non_profits,http://www.fundacionyehudimenuhin.org/,2,,Madrid,"40,3997949","-3,6722253"
Fundame,community_services_non_profits,http://www.fundame.net/,2,,Madrid,"40,4958544","-3,7138724"
Fundesarte,community_services_non_profits,https://www.eoi.es/es/conocenos/fundesarte,,,Madrid,"40,4459968","-3,7204929"
Fundetec,community_services_non_profits,http://www.fundetec.es/,2,,Madrid,"40,4615295","-3,6902422"
Fundéu (Español Urgente),community_services_non_profits,http://www.fundeu.es/,2,,Madrid,"40,45055","-3,68234"
Funprodami,community_services_non_profits,http://www.funprodami.org/,2,,Madrid,"40,3829966","-3,6642147"
Ganvam,community_services_non_profits,http://www.ganvam.es/,2,,Madrid,"40,4343875","-3,6792129"
Gorila,community_services_non_profits,Ingen webbplats,2,,Madrid,"40,4248625","-3,7138033"
Grandes Amigos ONG,community_services_non_profits,https://www.grandesamigos.org/,2,,Madrid,"40,40798","-3,67318"
Great Impression,community_services_non_profits,http://www.greatimpression.es/,2,,Madrid,"40,4609883","-3,6891601"
Great Ways,community_services_non_profits,http://www.greatways.es/,2,,Madrid,"40,45185","-3,67903"
Greater Madrid Golf,community_services_non_profits,http://www.asociacioncamposgolfmadrid.com/,2,,Madrid,"40,46052","-3,68694"
Gremio de Restauradores de la Plaza Mayor y Madrid de los Austrias,community_services_non_profits,http://www.hostelerosplazamayor.com/,2,,Madrid,"40,4149159","-3,7067772"
Grupo 1º Scout Santiago el Mayor,community_services_non_profits,http://www.g1santiagoelmayor.org/,2,,Madrid,"40,44905","-3,7009"
Grupo Develop,community_services_non_profits,https://www.grupodevelop.com/,2,,Madrid,"40,45238","-3,59074"
Grupo Español de Pacientes con Cáncer,community_services_non_profits,http://www.gepac.es/,2,,Madrid,"40,3851099","-3,6980543"
Grupo Local WWF Madrid,community_services_non_profits,http://www.wwf.es/,2,,Madrid,"40,4403345","-3,6778598"
"Grupo Scout ""Estrella Polar"" 191",community_services_non_profits,http://www.estrellapolar191.com/,2,,Madrid,"40,3926917","-3,7080721"
Grupo Scout 456 Hesperia,community_services_non_profits,http://www.hesperia456.es/,2,,Madrid,"40,4828638","-3,7041846"
Grupo Scout Águila,community_services_non_profits,http://www.gruposcoutaguila.org/,2,,Madrid,"40,4380214","-3,6612716"
Grupo Scout Alamos 260,community_services_non_profits,http://www.alamos260.es/,2,,Madrid,"40,4600509","-3,5837002"
Grupo Scout Altaira,community_services_non_profits,Ingen webbplats,2,,Madrid,"40,3977888","-3,6588243"
Grupo Scout Amorós,community_services_non_profits,http://www.scoutamoros.org/,2,,Madrid,"40,3718378","-3,7548071"
Grupo Scout Cartago 476,community_services_non_profits,https://gruposcoutcartago476.wordpress.com/,2,,Madrid,"40,44299","-3,64938"
Grupo Scout Chamberí,community_services_non_profits,http://gruposcoutchamberi.wix.com/oficial,2,,Madrid,"40,4325287","-3,6965777"
Grupo Scout Encuentro,community_services_non_profits,http://www.gsencuentro.org/,2,,Madrid,"40,4497517","-3,7068855"
Grupo Scout Fátima - Madrid,community_services_non_profits,http://proyectocasadelbebe.weebly.com/,2,,Madrid,"40,38483","-3,70107"
Grupo Scout Planeta,community_services_non_profits,http://www.gruposcoutplaneta.org/,2,,Madrid,"40,4032593","-3,7599499"
Grupo Scout Pléyades,community_services_non_profits,http://pleyades569.com/,2,,Madrid,"40,4263989","-3,6995344"
Grupo Scout Quetzal,community_services_non_profits,Ingen webbplats,2,,Madrid,"40,3645094","-3,704396"
Grupo Scout Santa María del Pilar,community_services_non_profits,https://www.scoutsantamaria.com/,2,,Madrid,"40,4117733","-3,674317"
Habibi Center,community_services_non_profits,http://www.habibicenter.org/,2,,Madrid,"40,47384","-3,67569"
Hablar En Arte,community_services_non_profits,http://www.hablarenarte.com/,,,Madrid,"40,4111302","-3,6964712"
Haces Más con SIGAUS,community_services_non_profits,http://www.sigaus.es/,2,,Madrid,"40,4454966","-3,7882551"
Harambee ONGD,community_services_non_profits,http://www.harambee.es/,2,,Madrid,"40,4348854","-3,6838935"
Hecsar reformas SL,community_services_non_profits,Ingen webbplats,2,,Madrid,"40,4350813","-3,6461351"
Heliconia S. Coop. Mad,community_services_non_profits,http://www.heliconia.es/,2,,Madrid,"40,4046304","-3,7036909"
HelpAge International España,community_services_non_profits,http://www.helpage.es/,2,,Madrid,"40,4484991","-3,6704327"
Hermanas Hospitalarias Provincia,community_services_non_profits,https://www.hospitalarias.es/,2,,Madrid,"40,4186666","-3,6679609"
Hijas de Jesús España-Italia,community_services_non_profits,https://www.hijasdejesus.es/,2,,Madrid,"40,4060693","-3,6957244"
Hilda Núñez López,community_services_non_profits,https://miracle.love/maestros/hilda-cristo-nunez/,2,,Madrid,"40,41713","-3,67329"
Hispacoop,community_services_non_profits,https://hispacoop.es/,2,,Madrid,"40,4287309","-3,7152228"
Hispania Nostra,community_services_non_profits,https://www.hispanianostra.org/,2,,Madrid,"40,4261505","-3,7118878"
Hogar Extremeño de Madrid,community_services_non_profits,http://www.casaextremaduramadrid.es,2,,Madrid,"40,42201","-3,70906"
Hogar OJE Retiro-Vallecas,community_services_non_profits,https://linktr.ee/retirovallecas,2,,Madrid,"40,42734","-3,65296"
HOGAR SÍ,community_services_non_profits,http://www.hogarsi.org/,2,,Madrid,"40,4350846","-3,6730203"
Hogar Universidad,community_services_non_profits,http://www.oje.es/,2,,Madrid,"40,4236263","-3,7278072"
HolaPlace,community_services_non_profits,https://holaplace.com/,2,,Madrid,"40,4251664","-3,6905265"
Huerta Solar Paseo Extremadura,community_services_non_profits,Ingen webbplats,2,,Madrid,"40,41264","-3,73661"
Huerto El CRUCE,community_services_non_profits,https://www.instagram.com/p/B3AVF6eIgkr/?igshid=3v67m6k1vbl8,2,,Madrid,"40,3501015","-3,6954"
Huerto Urbano Comunitario Quinta de los Molinos,community_services_non_profits,Ingen webbplats,,,Madrid,"40,443407","-3,6360372"
Humana,community_services_non_profits,Ingen webbplats,2,,Madrid,"40,422352","-3,7040975"
Humana Tiendas Second Hand,community_services_non_profits,https://www.humana-spain.org/,2,,Madrid,"40,4068464","-3,6964924"
ICEAS  Asociación,community_services_non_profits,http://www.iceas.org/,2,,Madrid,"40,3717","-3,70154"
ICmedia,community_services_non_profits,http://www.icmedianet.org/,2,,Madrid,"40,4277742","-3,6664223"
IFFD - esp,community_services_non_profits,https://iffd.org/es/,2,,Madrid,"40,4472","-3,70328"
IFMA España,community_services_non_profits,http://www.ifma-spain.org/,2,,Madrid,"40,4409013","-3,6798398"
Imagina Más,community_services_non_profits,http://www.imaginamas.org/,2,,Madrid,"40,4093607","-3,7145789"
Impulsa Igualdad,community_services_non_profits,http://www.impulsaigualdad.org/,2,,Madrid,"40,4096992","-3,6397601"
INCIDEM,community_services_non_profits,http://www.incidem.es/,2,,Madrid,"40,4477549","-3,716638"
INCREFAM,community_services_non_profits,http://www.increfam.org/,2,,Madrid,"40,3869976","-3,7258606"
Ine Instituto Nacional de Estadistica,community_services_non_profits,http://www.ine.es,2,,Madrid,"40,427985","-3,696686"
Infancia con Futuro,community_services_non_profits,http://www.infanciaconfuturo.org/,2,,Madrid,"40,4731732","-3,6914077"
Infocasa Consulting S.L.,community_services_non_profits,https://www.infocasaconsulting.com/,2,,Madrid,"40,40793","-3,66984"
"Informe España, Fundación Encuentro",community_services_non_profits,http://www.fund-encuentro.org/,2,,Madrid,"40,4406742","-3,6820717"
Inidress,community_services_non_profits,http://www.inidress.org/,2,,Madrid,"40,4337216","-3,6733161"
innicia_,community_services_non_profits,http://www.innicia.org/,2,,Madrid,"40,4293322","-3,7017513"
InRecovery,community_services_non_profits,http://www.inrecovery.es/,2,,Madrid,"40,398642","-3,693856"
"Instituto de Asuntos Culturales, España - IACE -",community_services_non_profits,http://www.ica-es.org/,,,Madrid,"40,4325246","-3,6999712"
Instituto de Auditores Internos de España,community_services_non_profits,http://www.auditoresinternos.es/,2,,Madrid,"40,4297722","-3,714166"
Instituto de Cultura Gitana,community_services_non_profits,http://www.institutoculturagitana.es/,,,Madrid,"40,4469593","-3,7163124"
Instituto de Derecho de Autor - SGAE,community_services_non_profits,http://www.institutoautor.org/,2,,Madrid,"40,4235279","-3,692579"
Instituto de Estudios sobre Conflictos y Acción Humanitaria,community_services_non_profits,http://www.iecah.org/,2,,Madrid,"40,4504847","-3,7014112"
Instituto de Indología,community_services_non_profits,http://institutodeindologia.es/,2,,Madrid,"40,4145701","-3,6958097"
"Instituto de la Ingeniería de España, IIE",community_services_non_profits,http://www.iies.es/,2,,Madrid,"40,4317199","-3,6930506"
Instituto IMDEA Nanociencia,community_services_non_profits,http://www.nanoscience.imdea.org/,2,,Madrid,"40,5485764","-3,6878855"
Instituto Juan de Mariana,community_services_non_profits,http://www.juandemariana.org/,2,,Madrid,"40,4103042","-3,7119108"
Instituto Pluridisciplinar de la UCM,community_services_non_profits,Ingen webbplats,2,,Madrid,"40,4438146","-3,7201303"
Institutos Fay - Fundación Gardeta Fay,community_services_non_profits,http://www.institutosfay.com/,2,,Madrid,"40,466607","-3,7743641"
"Internacional, Cooperación y Migraciones CCOO",community_services_non_profits,https://www.ccoo.es/Internacional,2,,Madrid,"40,43046","-3,69506"
International Studies Foundation,community_services_non_profits,https://www.intsf.org/,2,,Madrid,"40,440656","-3,682124"
Interovic,community_services_non_profits,http://www.interovic.es/,2,,Madrid,"40,4445045","-3,695252"
IRYDE Instituto para la Resiliencia y el Desarrollo Emocional,community_services_non_profits,http://iryde.es/,2,,Madrid,"40,4416368","-3,6970107"
ISA Sección Española,community_services_non_profits,http://isa-spain.org/,2,,Madrid,"40,42969","-3,68355"
itSMF España,community_services_non_profits,http://news.itsmf.es/,2,,Madrid,"40,4782376","-3,6877674"
itwillbe.org,community_services_non_profits,http://www.it-willbe.org/,2,,Madrid,"40,45069","-3,69384"
JEC Juventud Estudiante Católica,community_services_non_profits,http://juventudestudiantecatolica.es/,2,,Madrid,"40,41899","-3,69064"
Jóvenes y Desarrollo,community_services_non_profits,https://mtr.bio/jovenes-y-desarrollo,2,,Madrid,"40,4323793","-3,7238771"
juegaterapia.org,community_services_non_profits,https://www.juegaterapia.org/haz-un-donativo/,2,,Madrid,"40,4285966","-3,6824374"
Juventud Obrera Cristiana,community_services_non_profits,http://www.joc.es/,2,,Madrid,"40,4191626","-3,6905508"
Kaleo International - Madrid,community_services_non_profits,http://www.kaleomadrid.com/,2,,Madrid,"40,4690235","-3,6924449"
Karuna Dana,community_services_non_profits,http://www.karunadana.org/,2,,Madrid,"40,4415419","-3,6755075"
Kobu-Kan Dojo Club,community_services_non_profits,Ingen webbplats,2,,Madrid,"40,42919","-3,64737"
KUBUKA - Más Por Ellos,community_services_non_profits,http://www.kubuka.org/,2,,Madrid,"40,4260758","-3,6928316"
L'École du FLAM,community_services_non_profits,https://www.lecoleduflam.com/,2,,Madrid,"40,40758","-3,71052"
La Bagatela,community_services_non_profits,http://www.vivalabagatela.com/,2,,Madrid,"40,4101589","-3,6995293"
La CABA - Casa Autogestionada del Barrio de Aluche,community_services_non_profits,http://www.lacaba.net/,,,Madrid,"40,3914531","-3,7605643"
La Corrala de Sombrerete 6,community_services_non_profits,http://www.facebook.com/home.php?ref=logo#/group.php?gid=28906963735&ref=ts,2,,Madrid,"40,4088951","-3,7018972"
La Farandula de 1905,community_services_non_profits,http://www.lafarandulade1905.es/,,,Madrid,"40,422499","-3,70463"
La Gasolinera,community_services_non_profits,https://twitter.com/LaGasoli,,,Madrid,"40,43557","-3,67001"
La Gatoteca,community_services_non_profits,http://www.lagatoteca.es/,2,,Madrid,"40,413145","-3,7063718"
La Incolora,community_services_non_profits,Ingen webbplats,2,,Madrid,"40,3478387","-3,7050655"
La Liga,community_services_non_profits,Ingen webbplats,2,,Madrid,"40,4468574","-3,6557463"
La Llave Club,community_services_non_profits,http://la.llave.club.com/,2,,Madrid,"40,4237683","-3,6962295"
La Morada de Villaverde,community_services_non_profits,Ingen webbplats,,,Madrid,"40,35507","-3,69566"
La Nevera,community_services_non_profits,Ingen webbplats,2,,Madrid,"40,40934","-3,70453"
La Noche En Vivo,community_services_non_profits,http://madridenvivo.com/,,,Madrid,"40,4235812","-3,7086054"
La Polifacética,community_services_non_profits,https://lapolifacetica.net/,2,,Madrid,"40,4098544","-3,7071468"
La Restaura,community_services_non_profits,Ingen webbplats,2,,Madrid,"40,4113614","-3,7017175"
La Rueca Asociación,community_services_non_profits,https://larueca.org/,,,Madrid,"40,4348108","-3,6520074"
La Tómbola del Pinar,community_services_non_profits,http://www.atz.es/,2,,Madrid,"40,48268","-3,66144"
La Trueca Villaverde,community_services_non_profits,http://twitter.com/La_Trueca,,,Madrid,"40,35178","-3,68427"
La Única Asociación Madrileña de Empresarios de Alimentación y Distribución,community_services_non_profits,http://www.launicaasociacion.es/,2,,Madrid,"40,427598","-3,6722002"
Laborpar,community_services_non_profits,http://www.laborpar.es/,2,,Madrid,"40,4039111","-3,6990922"
Lares.org.es,community_services_non_profits,http://www.lares.org.es/,2,,Madrid,"40,4421794","-3,702482"
Les Clefs d'Or Spain - Las Llaves de Oro,community_services_non_profits,http://www.llavesdeoro.org/,2,,Madrid,"40,4200546","-3,7042033"
LGBT European Union,community_services_non_profits,Ingen webbplats,2,,Madrid,"40,4186","-3,69774"
Liceo de Esperanto de Madrid,community_services_non_profits,http://www.esperanto.es/,2,,Madrid,"40,4315011","-3,7099526"
Liga de los Optimistas de España,community_services_non_profits,http://ligadelosoptimistas.es/,2,,Madrid,"40,4324146","-3,6917051"
Liga Española Pro-Derechos Humanos,community_services_non_profits,http://www.ligaproderechoshumanos.org/,2,,Madrid,"40,4165782","-3,6722859"
Livelihoods Centre,community_services_non_profits,http://www.livelihoodscentre.org/,2,,Madrid,"40,4474043","-3,7088889"
Living Cohousing,community_services_non_profits,http://livingcohousing.com/contacto/,2,,Madrid,"40,4649529","-3,593146"
Lo mejor de mí,community_services_non_profits,http://www.lomejordemi.org/,2,,Madrid,"40,4483989","-3,6658267"
Local Grupo Scout Kolonia de BP n 347,community_services_non_profits,Ingen webbplats,2,,Madrid,"40,45811","-3,78045"
Losqueno,community_services_non_profits,http://www.losqueno.com/,2,,Madrid,"40,47252","-3,69339"
"Lumbre, Centro de Formación y Atención Socioeducativa",community_services_non_profits,http://asociacionlumbre.org/,2,,Madrid,"40,4154042","-3,7023576"
Luz de Talento,community_services_non_profits,http://www.zenarte.es/,2,,Madrid,"40,39093","-3,64926"
MAD for Europe,community_services_non_profits,http://www.madforeurope.org/,2,,Madrid,"40,4293152","-3,7048845"
Maderia. Sociedad Española de la Madera,community_services_non_profits,http://www.maderia.org/,,,Madrid,"40,4460586","-3,7881527"
Madrid Accueil,community_services_non_profits,http://www.madrid-accueil.fr/,,,Madrid,"40,4247323","-3,6922988"
Madrid Babel,community_services_non_profits,http://www.madridbabel.es/,2,,Madrid,"40,4149011","-3,7012339"
Madrid Excelente,community_services_non_profits,http://www.madridexcelente.com/,2,,Madrid,"40,4281878","-3,6840545"
Madrid for Refugees,community_services_non_profits,http://madridforrefugees.org/,2,,Madrid,"40,41587","-3,7016"
MadridRio,community_services_non_profits,http://www.esmadrid.com/informacion-turistica/madrid-rio,2,,Madrid,"40,4183656","-3,722434"
madrimasd,community_services_non_profits,http://www.madrimasd.org/,2,,Madrid,"40,44348","-3,71401"
Makespace Madrid,community_services_non_profits,http://makespacemadrid.org/,,,Madrid,"40,39926","-3,7023"
Malamarket,community_services_non_profits,http://www.malamarket.com/,2,,Madrid,"40,4267687","-3,7041281"
Malasmadres,community_services_non_profits,https://clubdemalasmadres.com/,2,,Madrid,"40,45182","-3,69275"
Mano a Mano,community_services_non_profits,https://ongmanoamano.com/,2,,Madrid,"40,45378","-3,53734"
Manos Unidas,community_services_non_profits,https://www.manosunidas.org/,2,,Madrid,"40,4235713","-3,695505"
MATCOAM,community_services_non_profits,http://materiales.coam.org/,,,Madrid,"40,4244235","-3,6982398"
Mayores Udp,community_services_non_profits,https://jornadas.mayoresudp.org/,2,,Madrid,"40,429363","-3,6659309"
Mbolo Moy Dole,community_services_non_profits,Ingen webbplats,2,,Madrid,"40,41046","-3,7056"
Medialab Matadero,community_services_non_profits,http://www.medialab-matadero.es/,,,Madrid,"40,3918259","-3,6969023"
MÉDICOS DEL MUNDO - Madrid,community_services_non_profits,http://www.medicosdelmundo.org/,2,,Madrid,"40,4026567","-3,7453136"
Médicos del Mundo España,community_services_non_profits,http://www.medicosdelmundo.org/,2,,Madrid,"40,4360288","-3,6693366"
Meditación para la vida cotidiana,community_services_non_profits,https://madrid.shambhala.es/,2,,Madrid,"40,44716","-3,70523"
Meditación Trascendental España,community_services_non_profits,http://www.youtube.com/user/canalmaharishi,2,,Madrid,"40,45543","-3,69627"
Mesias - Inteligencia de Marca España,community_services_non_profits,https://www.institutomesias.org/,2,,Madrid,"40,44783","-3,78025"
Misiones Salesianas,community_services_non_profits,https://mtr.bio/MisionesSalesianas,2,,Madrid,"40,4324741","-3,7235857"
Mostaza Club,community_services_non_profits,Ingen webbplats,2,,Madrid,"40,4270987","-3,7076846"
Mountain Wilderness España,community_services_non_profits,http://www.mountainwilderness.es/,2,,Madrid,"40,4271989","-3,6974804"
Movimiento Misionero Mundial,community_services_non_profits,http://mmmuseramadrid.com,2,,Madrid,"40,3826102","-3,7147623"
MSC pesca sostenible,community_services_non_profits,http://www.msc.org/es,2,,Madrid,"40,44167","-3,69816"
Mujeres de Exito,community_services_non_profits,http://www.mujeresdexito.com/,2,,Madrid,"40,4273987","-3,6793301"
Mujeres Empresarias ASEME,community_services_non_profits,http://www.aseme.es/,2,,Madrid,"40,4296356","-3,6932731"
Mujeres en Igualdad,community_services_non_profits,http://www.mujeresenigualdad.com/,2,,Madrid,"40,38818","-3,65187"
Mujeres Opañel,community_services_non_profits,https://xn--mujeresopael-jhb.org/,2,,Madrid,"40,3927116","-3,7232514"
Mujeres para el Diálogo y la Educación,community_services_non_profits,http://www.mde.org.es/,2,,Madrid,"40,4372223","-3,7141"
Museology,community_services_non_profits,http://museology.es/,2,,Madrid,"40,4277469","-3,6550387"
Musimagen,community_services_non_profits,http://www.musimagen.com/,,,Madrid,"40,434819","-3,7120135"
Mutua Balear,community_services_non_profits,http://www.mutuabalear.es/,2,,Madrid,"40,4206","-3,6866583"
Nadiesolo,community_services_non_profits,http://www.nadiesolo.org/,2,,Madrid,"40,4472","-3,70328"
Namikoshi Shiatsu Europa,community_services_non_profits,http://www.namikoshishiatsueuropa.net/es/,2,,Madrid,"40,46361","-3,68658"
neobis Asociación de la Comunicación Gráfica,community_services_non_profits,http://www.neobis.es/,2,,Madrid,"40,438329","-3,6267121"
Ningún Niño Sin Sonrisa,community_services_non_profits,http://www.nnssmadrid.wordpress.com/,2,,Madrid,"40,4254205","-3,666631"
Norman Foster Foundation,community_services_non_profits,http://normanfosterfoundation.org/,,,Madrid,"40,4316624","-3,6914733"
Nueva Acrópolis Madrid - Centro,community_services_non_profits,http://madrid.nueva-acropolis.es/,2,,Madrid,"40,4235534","-3,7055906"
Nueva España,community_services_non_profits,http://www.nuevaespana.org/,2,,Madrid,"40,46055","-3,70605"
Oasis Center Madrid,community_services_non_profits,http://www.oasiscentermadrid.com/,2,,Madrid,"40,4085282","-3,7036377"
Obra Social San Juan de Dios,community_services_non_profits,https://obrasocialsanjuandedios.es/,2,,Madrid,"40,4535349","-3,6818211"
Observatorio Cubano de Derechos Humanos,community_services_non_profits,https://www.asociacionescuba.org/,2,,Madrid,"40,4015676","-3,6767708"
Observatorio de Bienestar Animal,community_services_non_profits,http://observatoriodebienestaranimal.org/,2,,Madrid,"40,40153","-3,70098"
Observatorio de Responsabilidad Social Corporativa,community_services_non_profits,http://www.observatoriorsc.org/,2,,Madrid,"40,450579","-3,7013344"
Oceana Europe,community_services_non_profits,http://europe.oceana.org/,2,,Madrid,"40,4220025","-3,7084914"
OCOE - Organización Colegial de Osteópatas de España,community_services_non_profits,http://www.ocoe.es/,2,,Madrid,"40,4151058","-3,6691415"
Ocu,community_services_non_profits,http://www.ocu.org/,2,,Madrid,"40,4351105","-3,6329126"
OMC Radio - Onda Merlín Comunitaria Radio,community_services_non_profits,http://www.omcradio.org/,,,Madrid,"40,3522472","-3,6868041"
omnívoros,community_services_non_profits,http://www.omnivoros.net/,,,Madrid,"40,4039695","-3,6638227"
Onda de Madrid,community_services_non_profits,http://ondaweb.es/,2,,Madrid,"40,3467198","-3,7066442"
ONG ADS,community_services_non_profits,http://www.adsong.org/,2,,Madrid,"40,4373612","-3,6683789"
"ONGAWA, Ingeniería para el Desarrollo Humano",community_services_non_profits,http://www.ongawa.org/,2,,Madrid,"40,4261586","-3,6634847"
OnLygal Soluciones Legales,community_services_non_profits,https://www.onlygal.es/,2,,Madrid,"40,4518584","-3,6793514"
OPC España,community_services_non_profits,https://opcspain.org/,2,,Madrid,"40,42778","-3,71872"
Open Value Foundation,community_services_non_profits,http://www.openvaluefoundation.org/,2,,Madrid,"40,43838","-3,69551"
OpenReuma,community_services_non_profits,http://www.openreuma.es/,2,,Madrid,"40,4541889","-3,6969534"
Operación Niño de la Navidad España,community_services_non_profits,http://www.operacionninodelanavidad.org/,2,,Madrid,"40,447682","-3,605487"
Organización de Estados Iberoamericanos - OEI,community_services_non_profits,http://oei.int/,2,,Madrid,"40,4380669","-3,7041368"
Organización El Refugio,community_services_non_profits,http://www.elrefugio.org/,2,,Madrid,"40,4815007","-3,6598495"
Owwa- Madrid,community_services_non_profits,Ingen webbplats,2,,Madrid,"40,424541","-3,6764288"
Pacto Mundial de Naciones Unidas España,community_services_non_profits,https://www.pactomundial.org/,2,,Madrid,"40,4431632","-3,7000339"
Pádel Fundación Real Madrid,community_services_non_profits,https://www.padelfundacionrealmadrid.es/,2,,Madrid,"40,451687","-3,688074"
PAH Madrid UCI,community_services_non_profits,http://www.pahmadrid.org/,2,,Madrid,"40,4088157","-3,6987912"
Palacio Unanue,community_services_non_profits,Ingen webbplats,2,,Madrid,"40,40362","-3,69406"
"Pan Bendito, plataforma social salesiana",community_services_non_profits,http://www.panben.org/,2,,Madrid,"40,3775228","-3,7378645"
PATIO Campus,community_services_non_profits,https://www.patiocampus.org/,2,,Madrid,"40,4507944","-3,6939086"
Payasos Sin Fronteras,community_services_non_profits,http://www.clowns.org,2,,Madrid,"40,4188671","-3,7020214"
Paz y Cooperación,community_services_non_profits,http://www.peaceandcooperation.org/,2,,Madrid,"40,4331679","-3,7170456"
PEFC España,community_services_non_profits,http://www.pefc.es/,2,,Madrid,"40,43331","-3,70473"
Peña Andaluza La Gata,community_services_non_profits,http://lagataandaluza.com/,2,,Madrid,"40,407811","-3,666606"
Peña Atletica Villaverde,community_services_non_profits,Ingen webbplats,2,,Madrid,"40,34283","-3,71161"
Peña Blaugrana de Madrid,community_services_non_profits,Ingen webbplats,2,,Madrid,"40,4112741","-3,7082505"
Peña Casa Madridista,community_services_non_profits,Ingen webbplats,2,,Madrid,"40,45138","-3,67833"
Peña culturalista madrileña,community_services_non_profits,https://www.culturalistasmadrid.es/,2,,Madrid,"40,4228845","-3,7040283"
PeÑA El Cachirulo De Madrid,community_services_non_profits,http://www.casadearagonenmadrid.com/,2,,Madrid,"40,44564","-3,68513"
Peña Los Limoneros,community_services_non_profits,https://www.facebook.com/LosLimonerosAravaca,,,Madrid,"40,45831","-3,7825277"
Peña Madridista Hortaleza,community_services_non_profits,Ingen webbplats,2,,Madrid,"40,473522","-3,636047"
Pensionistas de CCOO,community_services_non_profits,http://www.pensionistas.ccoo.es/,2,,Madrid,"40,43636","-3,63128"
Perlas en el barro,community_services_non_profits,http://www.perlasenelbarro.org/,2,,Madrid,"40,42126","-3,71448"
Personas Afectadas por el Bosque Metropolitano,community_services_non_profits,https://afectadosbosquemetropolitano.org/,2,,Madrid,"40,49017","-3,688058"
Pesca España,community_services_non_profits,https://pescaespana.org/,2,,Madrid,"40,4271443","-3,6828667"
"Pinardi, Federación de Plataformas Sociales Salesianas",community_services_non_profits,http://www.pinardi.com/,2,,Madrid,"40,40632","-3,69606"
Pista 34,community_services_non_profits,http://www.pista34.net/,2,,Madrid,"40,4105714","-3,7049156"
Plan de Empleo de Cruz Roja,community_services_non_profits,https://www.cruzroja.es/planempleo,2,,Madrid,"40,4475023","-3,7092698"
PLAT,community_services_non_profits,http://www.plat.tv/participa,2,independent film makers,Madrid,"40,41185","-3,69491"
Plataforma Afectados Hipoteca - PAH MADRID,community_services_non_profits,http://www.afectadosporlahipotecamadrid.net/,2,,Madrid,"40,4420884","-3,6759021"
Plataforma de Infancia,community_services_non_profits,http://www.plataformadeinfancia.org/,2,,Madrid,"40,4342108","-3,7070221"
Plataforma Sindical EMT,community_services_non_profits,http://plataformasindicalemtmadrid.blogspot.com.es/,2,,Madrid,"40,4021098","-3,6809189"
Plataforma Tercer Sector,community_services_non_profits,http://www.plataformavoluntariado.org/,2,,Madrid,"40,41175","-3,69834"
Plataformas Sociales Salesianas,community_services_non_profits,http://www.psocialessalesianas.org/,2,,Madrid,"40,3716946","-3,7557201"
Plena Inclusión Madrid,community_services_non_profits,https://plenainclusionmadrid.org/,2,,Madrid,"40,4049498","-3,6831853"
Polo Madrid,community_services_non_profits,Ingen webbplats,2,,Madrid,"40,4478777","-3,6839165"
Por Talento,community_services_non_profits,https://www.portalento.es/,2,,Madrid,"40,404381","-3,698154"
porCausa,community_services_non_profits,https://porcausa.org/socios/,2,,Madrid,"40,4032647","-3,7023372"
Ppiina,community_services_non_profits,https://www.ppiina.org/,2,,Madrid,"40,43419","-3,70414"
Prisoners Defenders,community_services_non_profits,https://www.prisonersdefenders.org/,2,,Madrid,"40,4396659","-3,6791229"
Proclade Fundación,community_services_non_profits,http://www.fundacionproclade.org/,2,,Madrid,"40,4667855","-3,6921893"
Programa de informacion y atención LGTB,community_services_non_profits,Ingen webbplats,2,,Madrid,"40,4178513","-3,699122"
Programa Ibermedia,community_services_non_profits,http://www.programaibermedia.com/,2,,Madrid,"40,42407","-3,71509"
Provacuno,community_services_non_profits,http://www.provacuno.es/,2,,Madrid,"40,4640078","-3,6756433"
Proyecto Chueco,community_services_non_profits,Ingen webbplats,2,,Madrid,"40,4216953","-3,6978851"
Proyecto Hombre,community_services_non_profits,https://www.proyectohombremadrid.org/,2,,Madrid,"40,4305725","-3,718873"
PSE Por la Sonrisa de un Niño,community_services_non_profits,http://www.psncamboya.org/,2,,Madrid,"40,4377822","-3,6280999"
Psicolmascot,community_services_non_profits,https://psicolmascot.blogspot.com.es/,2,,Madrid,"40,4326287","-3,6767426"
Punto JES,community_services_non_profits,http://puntojes.org/,2,,Madrid,"40,4106158","-3,6938698"
R·L· Renacimiento nº64 - Madrid GLSE,community_services_non_profits,https://www.logiarenacimientomadrid.org/,2,,Madrid,"40,4700522","-3,6462676"
Raíces del Ecuador Asociación,community_services_non_profits,Ingen webbplats,2,,Madrid,"40,34078","-3,68914"
Real Academia de Gastronomía - RAG,community_services_non_profits,http://www.realacademiadegastronomia.com/contacto.php,2,,Madrid,"40,4561402","-3,6890999"
Real Asociación de Hidalgos de España,community_services_non_profits,http://www.hidalgosdeespana.es/,2,,Madrid,"40,4317802","-3,6954228"
Real Casino de Madrid,community_services_non_profits,Ingen webbplats,2,,Madrid,"40,41776","-3,70027"
Real CEPPA Pagina,community_services_non_profits,https://youtube.com/@RealCEPPA2024?si=RlR7SY4JG-sJHooy,2,,Madrid,"40,4032","-3,67097"
Real Club de la Puerta de Hierro,community_services_non_profits,http://www.rcphierro.com,2,,Madrid,"40,466322","-3,731603"
Real Federación Colombófila Española,community_services_non_profits,http://www.realfede.com/,2,,Madrid,"40,4345868","-3,6999"
Real Federación Española de Asociaciones de Ganado Selecto,community_services_non_profits,https://linktr.ee/rfeagas,2,,Madrid,"40,4268924","-3,6814456"
Real Federación Española de Caza,community_services_non_profits,http://www.fecaza.com/,2,,Madrid,"40,457048","-3,7090625"
Real Federación Española de Tiro Olímpico,community_services_non_profits,http://www.tirolimpico.org/,2,,Madrid,"40,3876648","-3,7216511"
Real Fundación Victoria Eugenia,community_services_non_profits,https://rfve.es/,2,,Madrid,"40,475824","-3,6901655"
Real Instituto Elcano / Elcano Royal Institute,community_services_non_profits,http://www.realinstitutoelcano.org/,,,Madrid,"40,4312606","-3,6799206"
Real Sociedad Economica Matritense de Amigos del Pais,community_services_non_profits,http://www.economicamatritense.com,,,Madrid,"40,4153173","-3,7102077"
Real Sociedad Española de Física,community_services_non_profits,http://www.rsef.es/,2,,Madrid,"40,4509102","-3,7260679"
Reale Foundation,community_services_non_profits,https://realefoundation.org/,2,,Madrid,"40,42761","-3,69038"
Reales Tercios de España,community_services_non_profits,http://www.realestercios.es/,2,,Madrid,"40,4344192","-3,6288942"
Reconoce,community_services_non_profits,http://www.reconoce.org/,2,,Madrid,"40,4185461","-3,7021269"
Recumadrid,community_services_non_profits,http://www.recumadrid.es/,2,,Madrid,"40,3431753","-3,7100453"
Red emprendeverde,community_services_non_profits,http://www.redemprendeverde.es/,2,,Madrid,"40,4037","-3,70452"
Redautonomos,community_services_non_profits,https://redautonomos.es/,2,,Madrid,"40,4178379","-3,7028641"
Redes Cooperativa,community_services_non_profits,http://redes.coop/,2,,Madrid,"40,3791232","-3,728551"
Redes-Ongd,community_services_non_profits,http://www.redes-ongd.org/,2,,Madrid,"40,4290459","-3,6982795"
Registradores de España,community_services_non_profits,https://www.registradores.org/,2,,Madrid,"40,43505","-3,68262"
Registro Mercantil de Madrid,community_services_non_profits,http://www.rmercantilmadrid.com/,2,,Madrid,"40,43413","-3,67921"
Reinaré en España - Sagrado Corazón de Jesús,community_services_non_profits,https://reinareenespana.org/,2,,Madrid,"40,402901","-3,682694"
Religión en Libertad,community_services_non_profits,http://www.religionenlibertad.com/,2,,Madrid,"40,47567","-3,59556"
Reporteros Sin Fronteras España ,community_services_non_profits,https://www.rsf-es.org/,2,,Madrid,"40,4326394","-3,6855131"
Reset ETSII,community_services_non_profits,https://www.reset.etsii.upm.es/,2,,Madrid,"40,44043","-3,69014"
Rhema España,community_services_non_profits,https://www.rhemabooks.org/es/home/,2,,Madrid,"40,4474091","-3,61401"
Rigpa Madrid,community_services_non_profits,http://www.rigpameditacion.org/,2,,Madrid,"40,4426413","-3,7049048"
RIOD,community_services_non_profits,http://www.riod.org/,2,,Madrid,"40,4570377","-3,6934397"
Road Eagle MC - Mad City,community_services_non_profits,http://www.road-eagle.de/,2,,Madrid,"40,3840607","-3,6300507"
Robert F. Kennedy Human Rights Spain,community_services_non_profits,http://rfkspain.org/,2,,Madrid,"40,44077","-3,68263"
Rotaract Madrid Serrano,community_services_non_profits,http://www.rotarymadridserrano.com/,2,,Madrid,"40,46197","-3,69374"
Rotary Club de Madrid Castilla,community_services_non_profits,http://www.rotarycmcastilla.org/,2,,Madrid,"40,42649","-3,68928"
Rotary Club Madrid - Puerta de Hierro,community_services_non_profits,Ingen webbplats,2,,Madrid,"40,47657","-3,68709"
Rotary Club Madrid Zurbarán,community_services_non_profits,http://www.rotarymadridzurbaran.org/,2,,Madrid,"40,43667","-3,67897"
RSCE JOVEN,community_services_non_profits,https://www.rsce.es/es/home1/rsce-joven.html,2,,Madrid,"40,4329445","-3,6746504"
RSP Latina Carabanchel,community_services_non_profits,https://rsplatinacarabanchel.org/,2,,Madrid,"40,4140998","-3,7288151"
S.E.D.A.R,community_services_non_profits,http://www.sedar.es/,2,,Madrid,"40,438022","-3,6938867"
Sagrados Corazones Provincia Ibérica,community_services_non_profits,http://www.sscc.es/,2,,Madrid,"40,4531152","-3,6862782"
Salay Pasión Bolivia USA Filial Madrid,community_services_non_profits,http://salaypasion.wix.com/salaypasionbolivia,2,,Madrid,"40,36832","-3,70929"
Salud por Derecho,community_services_non_profits,http://www.saludporderecho.org/,2,,Madrid,"40,4199736","-3,705917"
Saniclown,community_services_non_profits,http://www.saniclown.org/,,,Madrid,"40,3807738","-3,6213426"
Sección Sindical Obrera USO Douglas,community_services_non_profits,http://www.uso-madrid.es/,2,,Madrid,"40,43789","-3,70821"
SECOT,community_services_non_profits,http://www.secot.org/,2,,Madrid,"40,4785869","-3,6849063"
SECPRE,community_services_non_profits,http://www.secpre.org/,2,,Madrid,"40,43485","-3,6785"
Sector de Carretera y Logística Madrid CCOO,community_services_non_profits,https://madrid.fsc.ccoo.es/Carretera_y_Logistica,2,,Madrid,"40,4136391","-3,6949601"
Securritos Ccoo,community_services_non_profits,http://ccoosecurritos.blogspot.com.es/,2,,Madrid,"40,3736992","-3,6420388"
"SED ONGD Solidaridad, Educación, Desarrollo",community_services_non_profits,http://www.sed-ongd.org/,2,,Madrid,"40,4894012","-3,6929378"
Sede Social - Ciudad Lineal,community_services_non_profits,Ingen webbplats,2,,Madrid,"40,42646","-3,64366"
SEDIC,community_services_non_profits,http://www.sedic.es/,2,,Madrid,"40,39855","-3,70444"
Sedoac - Servicio Domestico Activo,community_services_non_profits,http://sedoac.org/,2,,Madrid,"40,37137","-3,70227"
SEFAR-Sociedad Española de Farmacia Rural,community_services_non_profits,http://www.sefar.org.es/,2,,Madrid,"40,42249","-3,6863929"
SEIMC,community_services_non_profits,http://www.seimc.org/,2,,Madrid,"40,4440129","-3,6956194"
SEISIDA,community_services_non_profits,https://www.seisida.net/,2,,Madrid,"40,4555265","-3,6882677"
SEMES,community_services_non_profits,https://www.semes.org/,2,,Madrid,"40,44729","-3,66727"
Sendera ONG,community_services_non_profits,https://www.senderaong.org/,2,,Madrid,"40,4235077","-3,6776152"
SEO/BirdLife,community_services_non_profits,http://www.seo.org/,2,,Madrid,"40,3957776","-3,6703964"
SEPC - Sociedad Española de Psiquiatría Clínica,community_services_non_profits,http://psiquiatriaclinica.es/,2,,Madrid,"40,4251099","-3,67536"
Sepla Sindicato Español de Pilotos de Lineas Aereas,community_services_non_profits,http://www.sepla.es/,2,,Madrid,"40,429496","-3,6769272"
Ser AcogedorA,community_services_non_profits,http://www.cruzroja.es/principal/web/acogimiento-familiar,2,,Madrid,"40,44732","-3,70922"
Serlingo Social,community_services_non_profits,http://www.serlingosocial.es/,2,,Madrid,"40,36837","-3,74715"
SERMEF,community_services_non_profits,http://www.sermef.es/,2,,Madrid,"40,45295","-3,67901"
Servicio Voluntario Europeo (SVE),community_services_non_profits,https://www.yeseuropa.org/,2,,Madrid,"40,4327767","-3,6544101"
SEUS,community_services_non_profits,http://www.seus.org/,2,,Madrid,"40,4237666","-3,6782203"
Sigfito Agroenvases,community_services_non_profits,http://www.sigfito.es/,2,,Madrid,"40,4656845","-3,6909081"
SIGNUS Ecovalor,community_services_non_profits,http://www.signus.es/,2,,Madrid,"40,4829429","-3,6680754"
Sindicato de Circulación Ferroviario,community_services_non_profits,https://trafficize.app/app/SCF_Sindicato_de_Circulacion_Ferroviario,2,,Madrid,"40,4050665","-3,6836492"
Sindicato de Trabajadores de Seguridad y Servicios,community_services_non_profits,http://sindicatosts.es/,2,,Madrid,"40,388663","-3,6489391"
Sindicato Libre de Transporte,community_services_non_profits,https://www.sindicatolibredetransporte.com/,2,,Madrid,"40,4698288","-3,6966103"
Sindicato Nacional de Trabajadores SNT,community_services_non_profits,http://sindicatosnt.com/,2,,Madrid,"40,3872078","-3,6384781"
SJM España,community_services_non_profits,https://www.sjme.org/,2,,Madrid,"40,47199","-3,69349"
Skin Repair By Susan,community_services_non_profits,Ingen webbplats,2,,Madrid,"40,4102","-3,69883"
Social Club,community_services_non_profits,http://www.elyogaiyengar.com/fraile/,2,,Madrid,"40,4483555","-3,6953206"
Sociedad Civil Ahora,community_services_non_profits,http://sociedadcivilahora.es/,2,,Madrid,"40,4288931","-3,7211858"
Sociedad de Amigos del Real Jardin Botanico,community_services_non_profits,http://www.rjb.csic.es/jardinbotanico/jardin/index.php?Cab=11&len=es&Pag=73,2,,Madrid,"40,4097638","-3,6892737"
Sociedad de San Vicente de Paul en España - Las Conferencias,community_services_non_profits,https://ssvp.es/estragos-de-la-dana-en-valencia/,2,,Madrid,"40,4542265","-3,657463"
Sociedad Española de Diabetes,community_services_non_profits,http://www.sediabetes.org/,2,,Madrid,"40,4457443","-3,6743068"
Sociedad Española de Enfermería Nefrológica - SEDEN,community_services_non_profits,https://www.tratadodeenfermerianefrologica.es/,2,,Madrid,"40,4238645","-3,6696324"
Sociedad Española de Mecánica de Rocas,community_services_non_profits,https://www.semr.es/,2,,Madrid,"40,4078491","-3,6860929"
Sociedad Española De Odontopediatría Seop,community_services_non_profits,https://linktr.ee/SEOP_Odontopediatria,2,,Madrid,"40,4206178","-3,6866308"
Sociedad Española de Otorrinolaringologia,community_services_non_profits,http://www.seorl.net,2,,Madrid,"40,4295097","-3,6783451"
Sociedad Protectora de Animales y Plantas de Madrid- SPAP,community_services_non_profits,http://www.spap.net,2,,Madrid,"40,4640505","-3,7171966"
Socoes Compasión,community_services_non_profits,https://www.socoes.org/,2,,Madrid,"40,4450024","-3,6711433"
Solydarydarse,community_services_non_profits,http://www.solydarydarse.org/,2,,Madrid,"40,4417309","-3,6378215"
Som Energia Madrid,community_services_non_profits,http://www.somenergia.coop/es/,2,,Madrid,"40,4372583","-3,7151873"
Somos AISGE,community_services_non_profits,http://www.aisge.es/,,,Madrid,"40,4159744","-3,6914459"
Somos Nupa,community_services_non_profits,http://www.somosnupa.org/,2,,Madrid,"40,4841922","-3,6960665"
Songshan Shaolin,community_services_non_profits,Ingen webbplats,2,,Madrid,"40,4229152","-3,7103175"
SOS Villaverde,community_services_non_profits,Ingen webbplats,2,,Madrid,"40,3513878","-3,6873561"
Spain StartUp,community_services_non_profits,http://spain-startup.com/,2,,Madrid,"40,4291115","-3,69189"
Special Olympics Madrid,community_services_non_profits,http://www.specialolympicsmadrid.org/,2,,Madrid,"40,4548756","-3,6791996"
SR & SA Market,community_services_non_profits,http://www.colegiosanramonysanantonio.es/,2,,Madrid,"40,4498215","-3,6788373"
StartupSpain,community_services_non_profits,http://startupspain.com/,2,,Madrid,"40,459319","-3,699466"
Syngap1 España,community_services_non_profits,https://www.syngap1.es/contacto/,2,,Madrid,"40,411148","-3,696991"
Talento 58,community_services_non_profits,https://talento58.es/,,,Madrid,"40,42743","-3,69334"
TEDx Rey Juan Carlos University,community_services_non_profits,http://www.tedxreyjuancarlosuniversity.es/,2,,Madrid,"40,4052999","-3,60896"
TEDx UComillas,community_services_non_profits,http://twitter.com/tedxucomillas,2,,Madrid,"40,42997","-3,71125"
TEDx UNebrija,community_services_non_profits,http://www.tedxunebrija.com/,2,,Madrid,"40,4295401","-3,7131657"
Teléfono de la Esperanza de Madrid,community_services_non_profits,http://telefonodelaesperanza.org/madrid,2,,Madrid,"40,44706","-3,69654"
Terrachidia,community_services_non_profits,http://www.terrachidia.es/,2,"very very interesting, but they don't have works in Spain",Madrid,"40,4295866","-3,7058902"
The Family Watch. Familia Sostenible,community_services_non_profits,http://www.thefamilywatch.org/,2,,Madrid,"40,4470869","-3,7052976"
Tierra de hombres España,community_services_non_profits,http://www.tierradehombres.org/,2,,Madrid,"40,4281579","-3,6755126"
TR Register España,community_services_non_profits,http://www.tr-register.es/,2,,Madrid,"40,4813992","-3,7117055"
TransplantChild,community_services_non_profits,https://www.transplantchild.eu/,2,,Madrid,"40,4801064","-3,6871613"
Tras el Telón,community_services_non_profits,http://www.traseltelon.es/,2,,Madrid,"40,4406275","-3,6722382"
TXP Todo Por la Praxis,community_services_non_profits,http://www.todoporlapraxis.es/,,very nice! ,Madrid,"40,38135","-3,66567"
UCCI. Unión de Ciudades Capitales Iberoamericanas,community_services_non_profits,http://www.ciudadesiberoamericanas.org/,2,,Madrid,"40,4181679","-3,6917424"
UFi Unión Fonográfica Independiente,community_services_non_profits,http://www.ufimusica.com/,2,music related,Madrid,"40,4088862","-3,7176797"
UGT FICA,community_services_non_profits,http://www.ugt-fica.org/,2,,Madrid,"40,439143","-3,6747964"
UGT Madrid,community_services_non_profits,http://www.madrid.ugt.org/,2,,Madrid,"40,4391455","-3,6748066"
UGT-Fica Stellantis Madrid,community_services_non_profits,http://www.ugtficapsamadrid.org/,2,,Madrid,"40,3574808","-3,7034809"
UMOYA - Federación de Comités de Solidaridad con África Negra,community_services_non_profits,http://www.umoya.org/,2,,Madrid,"40,4085679","-3,7007096"
Un Juguete Una Ilusión,community_services_non_profits,https://www.tuenti.com/?m=login,2,,Madrid,"40,43053","-3,71704"
Un planeta llamado Tierra,community_services_non_profits,http://earthtierra.blogspot.com.es/,2,,Madrid,"40,4333333","-3,7"
UNAD - La Red de Atención a las Adicciones,community_services_non_profits,http://www.unad.org/,2,,Madrid,"40,4022888","-3,6992642"
Unesa,community_services_non_profits,http://www.unesa.net/,2,,Madrid,"40,4596344","-3,6905096"
Unespa,community_services_non_profits,http://www.unespa.es/,2,,Madrid,"40,4355115","-3,6821206"
UNICEF España,community_services_non_profits,http://www.unicef.es/,2,,Madrid,"40,4755352","-3,6841442"
Unidad Canina Madrid,community_services_non_profits,http://www.seg-social.es/,2,,Madrid,"40,4203179","-3,7073316"
Unión de Contribuyentes,community_services_non_profits,http://www.contribuyentes.es/,2,,Madrid,"40,4343045","-3,6290965"
Unión de Cooperativas de Consumidores y Usuarios de España,community_services_non_profits,http://www.consumidores.coop/,2,,Madrid,"40,434125","-3,650365"
Unión Española de Catadores,community_services_non_profits,http://www.uec.es/,2,,Madrid,"40,413745","-3,696778"
UnLimited Spain,community_services_non_profits,http://www.unltdspain.org/,2,,Madrid,"40,4278056","-3,7135561"
UNRWA.es,community_services_non_profits,http://www.unrwa.es/,2,,Madrid,"40,4435098","-3,6814858"
UP - Unión Profesional de Médicos y Cirujanos Estéticos de España,community_services_non_profits,http://www.upmedicos.es/,2,,Madrid,"40,432024","-3,700023"
Urban Campus,community_services_non_profits,https://urbancampus.com/?utm_source=Facebook_Home&utm_medium=Facebook&utm_campaign=Facebook&utm_id=Facebook,2,,Madrid,"40,4367527","-3,6725038"
Urban Warrior System Internacional,community_services_non_profits,http://www.urbanwarriorsystem.org/,2,,Madrid,"40,3991415","-3,6646363"
URE - Unión de Radioaficionados Españoles,community_services_non_profits,https://www.ure.es/,,,Madrid,"40,3906375","-3,6709242"
Valdeperales ,community_services_non_profits,http://www.valdeperales.com/,2,,Madrid,"40,4806716","-3,7154091"
VAMAR&Animals,community_services_non_profits,Ingen webbplats,2,,Madrid,"40,3920508","-3,6670933"
Vecinos de Galileo 7,community_services_non_profits,Ingen webbplats,2,,Madrid,"40,4309149","-3,7103438"
Vértico,community_services_non_profits,http://www.vertico.es/,2,,Madrid,"40,3804207","-3,708744"
Vías Verdes - Fundación de los Ferrocarriles Españoles,community_services_non_profits,http://www.viasverdes.com/,2,,Madrid,"40,4098594","-3,69706"
Villa de Vallecas15M Asamblea,community_services_non_profits,Ingen webbplats,2,,Madrid,"40,37855","-3,62102"
Vivienda Asamblea Usera,community_services_non_profits,Ingen webbplats,2,,Madrid,"40,3673096","-3,7017"
VOCA Arts Hub,community_services_non_profits,https://www.voca.ong/,,,Madrid,"40,3939893","-3,7197879"
Volando,community_services_non_profits,http://reikiybienestar.com/,2,,Madrid,"40,4254016","-3,682909"
VOLUNFAIR,community_services_non_profits,http://www.volunfair.com/,2,,Madrid,"40,439867","-3,6883576"
Women In Nuclear Spain - WiN,community_services_non_profits,http://www.winspain.es/,2,,Madrid,"40,4268694","-3,6951383"
Workclub,community_services_non_profits,http://work-club.es/,2,,Madrid,"40,4206402","-3,6902972"
World Tourism Organization (UNWTO),community_services_non_profits,http://www.unwto.org/,2,,Madrid,"40,4604664","-3,6916782"
X Solidaria,community_services_non_profits,http://www.xsolidaria.org/,2,,Madrid,"40,40761","-3,70309"
Yes Europa,community_services_non_profits,https://www.yeseuropa.org/,2,,Madrid,"40,43274","-3,65445"
YMCA España,community_services_non_profits,http://www.ymca.es/,2,,Madrid,"40,4343455","-3,69922"
"Yo reciclo vidrio, ¿y tú?",community_services_non_profits,http://www.ecovidrio.es/,2,,Madrid,"40,4634237","-3,690668"
Zapatelas . Cosiendo el paro,community_services_non_profits,https://www.zapatelas.es/,2,clothes/fashion related,Madrid,"40,4649","-3,71077"
Zerca y Lejos,community_services_non_profits,https://zercaylejos.org/,,,Madrid,"40,4370777","-3,6438342"
إﻹقامة في إسبانيا,community_services_non_profits,Ingen webbplats,2,,Madrid,"40,43205","-3,65482"
صدى إسبانيا بالعربي Eco de España en Árabe,community_services_non_profits,https://www.eeaarabe.com/,2,,Madrid,"40,4160327","-3,6996777"
1001 Bodas,computer_museum,https://www.ifema.es/1001bodas,2,,Madrid,"40,46538","-3,61664"
A-cero Joaquín Torres Architects,computer_museum,https://a-cero.com/,2,"arch studio, not computer museum",Madrid,"40,4222852","-3,7155052"
Ganjah 4/20,costume_museum,Ingen webbplats,2,,Madrid,"40,4190302","-3,7048337"
55 Vape Madrid,craft_shop,https://www.55vape.com/,2,,Madrid,"40,42317","-3,69907"
T&T,craft_shop,https://www.tytreparaciones.com/,,,Madrid,"40,43799816","-3,6091763"
"Tienda Plenapiel, materiales y herramientas de encuadernación",craft_shop,https://plenapiel.com/,2,,Madrid,"40,4501611","-3,7061986"
28005 Distrito Activo,cultural_center,http://www.28005.es/,2,,Madrid,"40,40899","-3,70594"
American Space Madrid,cultural_center,http://iie.es/american-space-madrid/,2,,Madrid,"40,4342417","-3,6913123"
AN-A Fundación,cultural_center,http://www.an-a.foundation/,2,,Madrid,"40,4516796","-3,6981122"
Asoc.Cultural Alvamar,cultural_center,Ingen webbplats,,,Madrid,"40,4331029","-3,7098346"
Asociacion Centro Cultural de la Mujer,cultural_center,Ingen webbplats,,,Madrid,"40,4027502","-3,7466946"
Asociación Cultural Clave 53,cultural_center,https://www.clave53.org/,,,Madrid,"40,41804","-3,7086"
Ateneo La Maliciosa,cultural_center,http://ateneomaliciosa.net/,,,Madrid,"40,4034878","-3,704372"
Ateneo Libertario Cipriano Mera,cultural_center,https://ateneociprianomera.wordpress.com/,,,Madrid,"40,4403352","-3,6559385"
"Bet Chabad of Central Madrid - בית חב""ד מרכז מדריד",cultural_center,http://chabadmadrid.com/,2,,Madrid,"40,4364382","-3,7024462"
Casa Árabe,cultural_center,https://mtr.bio/casaarabe,,,Madrid,"40,421607","-3,6819293"
Casa de América,cultural_center,http://www.casamerica.es/,,,Madrid,"40,4199003","-3,6921505"
Casa de Cantabria de Madrid,cultural_center,http://www.casacantabriamadrid.com/contacto,2,,Madrid,"40,4131347","-3,6751499"
Casa de Vacas,cultural_center,http://www.madrid.es/portales/munimadrid/es/Inicio/El-Ayuntamiento/Cultura-y-ocio/Cultura/Casa-de-Vacas?vgnextfmt=default&vgnextoid=7be29431c79ab010VgnVCM100000d90ca8c0RCRD&vgnextchannel=2e2b9ad016e07010VgnVCM100000dc0ca8c0RCRD,2,,Madrid,"40,4191246","-3,6840767"
Casa del Reloj,cultural_center,http://www.munimadrid.es,2,,Madrid,"40,3935594","-3,698833"
Casa Regional Castilla La Mancha en Madrid,cultural_center,Ingen webbplats,,,Madrid,"40,4154476","-3,7043342"
CC El Torito,cultural_center,http://www.madrid.es,,,Madrid,"40,4060291","-3,6466635"
Cc Jose Luis Sampedro,cultural_center,Ingen webbplats,,,Madrid,"40,4016818","-3,7490843"
Centro Abierto de Antroposofía de Madrid,cultural_center,http://www.centroabiertoantroposofia.es/,2,,Madrid,"40,45274","-3,71237"
Centro Actúa,cultural_center,Ingen webbplats,2,,Madrid,"40,40644","-3,6766189"
Centro Checo de Madrid,cultural_center,http://centrocheco.cz/,2,,Madrid,"40,4662554","-3,6749079"
Centro Cultural Ágata,cultural_center,Ingen webbplats,,,Madrid,"40,346361","-3,70855"
Centro Cultural Agustin Diaz,cultural_center,http://www.madrid.es,,,Madrid,"40,4275046","-3,7324218"
Centro Cultural Alberto Sánchez,cultural_center,http://www.madrid.es/portales/muni,,,Madrid,"40,3933814","-3,6556292"
Centro Cultural Alfredo Kraus,cultural_center,http://www.madrid.es,,,Madrid,"40,4908438","-3,7216166"
Centro Cultural Almirante Churruca,cultural_center,http://www.madrid.es,,,Madrid,"40,3828045","-3,780307"
Centro Cultural Antonio Machado,cultural_center,http://www.madrid.es/portal/site/munimadrid/menuitem.8b2184148b70b0aa7d245f019fc08a0c/?vgnextchannel=8db7566813946010VgnVCM100000dc0ca8c0RCRD&vgnextoid=cce43d0b5e71c010VgnVCM1000000b205a0aRCRD,,,Madrid,"40,4199721","-3,6219408"
Centro Cultural Aravaca de Moncloa - Aravaca,cultural_center,Ingen webbplats,,,Madrid,"40,4584372","-3,7860558"
Centro Cultural Bohemios,cultural_center,http://www.madrid.es,,,Madrid,"40,3564033","-3,694099"
Centro Cultural Boliviano de Madrid,cultural_center,Ingen webbplats,,,Madrid,"40,38991","-3,70235"
Centro Cultural Buenavista,cultural_center,Ingen webbplats,,,Madrid,"40,4320665","-3,6709235"
Centro Cultural Buero Vallejo de San Blas,cultural_center,Ingen webbplats,,,Madrid,"40,446363","-3,612427"
Centro Cultural Caixa Forum,cultural_center,Ingen webbplats,,,Madrid,"40,4110079","-3,693331"
Centro Cultural Campamento,cultural_center,http://www.madrid.es,,,Madrid,"40,3997615","-3,7748017"
Centro Cultural Ciudad Pegaso,cultural_center,http://www.munimadrid.es,,,Madrid,"40,448502","-3,5978533"
Centro Cultural Clara del Rey,cultural_center,http://www.madrid.es,,,Madrid,"40,426548","-3,704934"
Centro Cultural conde duque,cultural_center,http://www.condeduquemadrid.es,,,Madrid,"40,4272055","-3,7111141"
Centro Cultural Coreano,cultural_center,https://linktr.ee/cccspain,,,Madrid,"40,428241","-3,6902672"
Centro Cultural de China en Madrid,cultural_center,http://www.ccchinamadrid.org/,,,Madrid,"40,4340979","-3,6780345"
Centro Cultural Ecuatoriano,cultural_center,Ingen webbplats,,,Madrid,"40,4356494","-3,6786048"
Centro Cultural Eduardo Chillida,cultural_center,http://www.madrid.es,,,Madrid,"40,4095489","-3,6531041"
Centro Cultural Eduardo Urculo,cultural_center,http://www.munimadrid.es,,,Madrid,"40,4690017","-3,697472"
Centro Cultural el Greco,cultural_center,http://www.madrid.es,,,Madrid,"40,407255","-3,7475151"
Centro Cultural El Madrono,cultural_center,http://www.madrid.es,,,Madrid,"40,4052999","-3,6084451"
Centro Cultural Entrevias,cultural_center,http://www.madrid.es,,,Madrid,"40,3835297","-3,6702879"
Centro Cultural Español • Mundo,cultural_center,http://www.ccemundo.com/,,,Madrid,"40,4140188","-3,7023926"
Centro Cultural Extremeño de Aluche,cultural_center,http://www.ccealuche.es/,,,Madrid,"40,3914657","-3,7499416"
Centro Cultural Federico Chueca,cultural_center,http://www.madrid.mobi/portales/munimadrid/es/Inic,,,Madrid,"40,4649688","-3,6506113"
Centro Cultural Federico Garcia Lorca,cultural_center,http://www.madrid.es,,,Madrid,"40,3742133","-3,751076"
Centro Cultural Fernando de los Ríos,cultural_center,http://www.madrid.es,,,Madrid,"40,3956525","-3,7564885"
Centro Cultural Fernando Lázaro Carreter,cultural_center,http://www.madrid.es,,,Madrid,"40,3915121","-3,7171529"
Centro Cultural Hortaleza,cultural_center,http://www.madrid.es,,,Madrid,"40,4768446","-3,64201"
Centro Cultural Huerta de la Salud,cultural_center,http://www.madrid.es,,,Madrid,"40,4751786","-3,645891"
Centro Cultural Islamico de Paquistanies en España,cultural_center,Ingen webbplats,,,Madrid,"40,408305","-3,703051"
Centro Cultural Islámico y Mezquita de Madrid,cultural_center,http://centro-cultural-islamico-y-mezquita-de-madrid.placestars.com,,,Madrid,"40,43854","-3,65773"
Centro Cultural Jose Luis Lopez Vazquez,cultural_center,http://www.madrid.es,,,Madrid,"40,4468236","-3,5727637"
Centro Cultural Juan Gris,cultural_center,http://www.madrid.es,,,Madrid,"40,4580877","-3,712183"
Centro Cultural Julio Cortázar,cultural_center,https://goo.gl/XFajux,,,Madrid,"40,466772","-3,7194686"
Centro Cultural la Elipa,cultural_center,http://www.talavera-schweich.com,,,Madrid,"40,4244295","-3,6503589"
Centro CulturAl Lope De Vega,cultural_center,Ingen webbplats,,,Madrid,"40,3862207","-3,6716883"
Centro Cultural Lucero,cultural_center,http://www.madrid.es,,,Madrid,"40,401821","-3,749108"
Centro Cultural Miguel Hernández,cultural_center,Ingen webbplats,,,Madrid,"40,3479336","-3,7089167"
Centro Cultural Moncloa,cultural_center,http://www.madrid.es,,,Madrid,"40,4353258","-3,7185839"
Centro Cultural Paco Rabal,cultural_center,http://www.madrid.org,,,Madrid,"40,3794391","-3,6614112"
Centro Cultural Pilar Miró,cultural_center,http://www.madrid.org/agenda-cultural/cc-pilar-miro/home,,,Madrid,"40,3811193","-3,6134721"
Centro Cultural Príncipe de Asturias,cultural_center,http://www.madrid.es/portal/site/munimadrid/menuit,,,Madrid,"40,436329","-3,6374458"
Centro Cultural Puerta de Toledo,cultural_center,http://www.hotelpuertadetoledo.es,,,Madrid,"40,4074662","-3,711856"
Centro Cultural Quinta del Berro,cultural_center,http://www.madrid.es,,,Madrid,"40,4223045","-3,6628998"
Centro Cultural Rafael de León,cultural_center,http://www.barriodelpilar.com/cc_rafaeldeleon.htm,,,Madrid,"40,4802492","-3,7214402"
Centro cultural Retiro,cultural_center,http://s523738597.web-inicial.es/,,,Madrid,"40,40506","-3,6786"
Centro Cultural San Francisco La Prensa,cultural_center,http://www.madrid.es,,,Madrid,"40,3769909","-3,7419695"
Centro Cultural San José de Calasanz,cultural_center,http://www.madrid.es,,,Madrid,"40,4063759","-3,7326877"
Centro Cultural Sanchinarro,cultural_center,Ingen webbplats,,,Madrid,"40,4135738","-3,6907219"
Centro Cultural Usera,cultural_center,http://www.madrid.es,,,Madrid,"40,3810945","-3,7110306"
Centro Cultural Valdebernardo,cultural_center,http://www.madrid.es,,,Madrid,"40,39851","-3,62467"
Centro Cultural Valle Inclan,cultural_center,http://www.madrid.es,,,Madrid,"40,4809692","-3,6932381"
Centro Cultural Valverde,cultural_center,http://www.munimadrid.es,,,Madrid,"40,4949175","-3,6879933"
Centro Cultural Villa de Barajas,cultural_center,http://www.madrid.es/portales/muni,,,Madrid,"40,4733937","-3,5785338"
Centro Danza Matadero,cultural_center,https://www.centrodanzamatadero.es/,,,Madrid,"40,3920024","-3,6975659"
Centro Joven Hontalbilla,cultural_center,http://www.centrosjuvenilesaytomadrid.com,,,Madrid,"40,4922222","-3,6906474"
Centro Juvenil Chamberi,cultural_center,www.centrosjuvenilesmadrid.com,,,Madrid,"40,4467125","-3,7034725"
Centro Juvenil El Aleph,cultural_center,Ingen webbplats,,,Madrid,"40,406956","-3,674764"
Centro Sefarad Israel,cultural_center,http://www.sefarad-israel.es/,,,Madrid,"40,4153421","-3,7112043"
Centro Socio Cultural Latina,cultural_center,http://www.madrid.es,,,Madrid,"40,3793666","-3,7662844"
Centro Socio Cultural Tetuán,cultural_center,http://www.madrid.es,,,Madrid,"40,4590891","-3,7002034"
Centro Sociocultural Francisco Fatou,cultural_center,http://www.madrid.es/,,,Madrid,"40,379552","-3,6231021"
Centro Sociocultural Luis Peidro,cultural_center,http://www.madrid.es,,,Madrid,"40,3972235","-3,6736056"
Centro Sociocultural Marconi,cultural_center,http://centrosocioculturalmarconi.blogspot.com.es,,,Madrid,"40,3349562","-3,7007406"
Centro Sociocultural Miguel de Cervantes,cultural_center,http://www.madrid.es,,,Madrid,"40,4369336","-3,6114993"
Centro Sociocultural Santa Petronila,cultural_center,http://centrosocioculturalsantapetronila.blogspot.com/,,,Madrid,"40,3508701","-3,6915203"
Centro Sufi,cultural_center,http://www.nematollahi.org,,,Madrid,"40,4657336","-3,6817619"
Centrocultural Han Hispano Chino,cultural_center,Ingen webbplats,,,Madrid,"40,39019","-3,69504"
Centrodeartemoderno,cultural_center,http://www.centrodeartemoderno.net/,,,Madrid,"40,434561","-3,710057"
Club de Esgrima de Madrid,cultural_center,http://www.clubdeesgrimademadrid.com,2,,Madrid,"40,4349292","-3,6646317"
Colla Castellera de Madrid,cultural_center,https://www.collacastellerademadrid.net/,2,,Madrid,"40,3912999","-3,6565251"
Condeduque,cultural_center,https://tienda.madrid-destino.com/es/conde-duque/,2,,Madrid,"40,4271397","-3,7109992"
Cristina Iturrioz,cultural_center,https://www.cristinaiturrioz.es/,2,,Madrid,"40,42598037","-3,65686381"
CUPRA City Garage Madrid,cultural_center,https://www.cupraofficial.es/city-garage-madrid,2,,Madrid,"40,432072","-3,6864339"
El Bardo Espacio,cultural_center,https://elbardoespacio.com/,2,,Madrid,"40,4088584","-3,7047168"
El Principito,cultural_center,http://www.elprincipitomadrid.com/socios,2,,Madrid,"40,4172947","-3,6983806"
El Sitio S,cultural_center,https://elsitio-s.com/,2,,Madrid,"40,4375379","-3,6228613"
Eleva Space,cultural_center,http://www.eleva.space/,2,,Madrid,"40,4130899","-3,70375"
Encuentros Culturales Portugalete,cultural_center,http://portugaletejazz.wordpress.com/,2,,Madrid,"40,46079","-3,65452"
Espacio Abierto Quinta de los Molinos,cultural_center,https://espacioabiertoqm.com/,,,Madrid,"40,4476033","-3,6290765"
Espacio B,cultural_center,http://espacio-b.blogspot.com,2,,Madrid,"40,4092255","-3,6998569"
Espacio Barrabás,cultural_center,Ingen webbplats,2,,Madrid,"40,39935","-3,70117"
Espacio CóMPLICES,cultural_center,http://www.somoscomplices.com/,,,Madrid,"40,4114456","-3,7002794"
Espacio Cultural Las Tablas,cultural_center,http://www.espacioculturallastablas.com/,,,Madrid,"40,446675","-3,7123538"
Espacio Danos Tiempo,cultural_center,http://www.espaciodanostiempo.org/,,,Madrid,"40,473058","-3,6419981"
Espacio En Blanco Madrid,cultural_center,Ingen webbplats,2,,Madrid,"40,4076469","-3,7053967"
Espacio Fundación Telefónica Madrid,cultural_center,https://espacio.fundaciontelefonica.com/,,,Madrid,"40,4204431","-3,7018868"
Espacio La Atenea,cultural_center,http://espaciolaatenea.org/,,,Madrid,"40,435448","-3,6710651"
Espacio LQR,cultural_center,http://www.espaciolqr.com/,2,,Madrid,"40,4271951","-3,6428359"
Espacio Rastro Madrid,cultural_center,https://www.rastromadrid.org/contacto/,,,Madrid,"40,4090971","-3,7068419"
Espíritu 23,cultural_center,http://www.espiritu23.com/,2,,Madrid,"40,4255073","-3,7046026"
Fundación Casa de México en España,cultural_center,http://casademexico.es/,,,Madrid,"40,4300523","-3,7093713"
Hemeroteca Municipal,cultural_center,http://www.madrid.es,2,,Madrid,"40,428201","-3,710133"
Hondureños in Spain,cultural_center,Ingen webbplats,2,,Madrid,"40,41955","-3,69196"
Instituto Cervantes,cultural_center,https://cervantes.org/,,,Madrid,"40,4193058","-3,6954071"
Instituto Cultural Rumano Madrid/Institutul Cultural Român de la Madrid,cultural_center,http://www.icr.ro/madrid/,,,Madrid,"40,41402","-3,71022"
Instituto Ibero Americano De Finlandia,cultural_center,http://madrid.fi/,2,duplicado,Madrid,"40,42206272","-3,697553069"
Instituto Iberoamericano de Finlandia,cultural_center,http://www.madrid.fi/,,,Madrid,"40,4148247","-3,6968132"
Instituto Internacional en España,cultural_center,http://www.iie.es/,,,Madrid,"40,43423","-3,6911895"
Instituto Polaco de Cultura,cultural_center,http://www.instytutpolski.pl/madrid,,,Madrid,"40,415001","-3,689505"
Instituto Sanmartiniano de España,cultural_center,https://sanmartiniano.es/,,,Madrid,"40,43611","-3,7317"
La Academia: Arte y Ciencia,cultural_center,http://www.laacademiaarteyciencia.com/,,,Madrid,"40,4283599","-3,6620257"
La Cultureña,cultural_center,https://www.instagram.com/culturena.aso/,,,Madrid,"40,4270249","-3,7312602"
La Parcería CCEDA,cultural_center,http://www.laparceria.org/,,,Madrid,"40,4032133","-3,7020443"
La Puerta Azul,cultural_center,http://www.lapuertazul.org/,,,Madrid,"40,4119656","-3,7304947"
La Sala,cultural_center,http://Lasala.madrid/,,,Madrid,"40,4030951","-3,6988248"
La Tacita de Plata,cultural_center,Ingen webbplats,2,,Madrid,"40,3829357","-3,6700961"
La Tortuga Lavapiés,cultural_center,http://www.centrolatortuga.com/,,,Madrid,"40,4116135","-3,7045727"
"Madrid Destino. Cultura, Turismo y Negocio",cultural_center,http://madrid-destino.com/,2,,Madrid,"40,4280199","-3,71016"
Manantial de los Sueños - El Origen de la Navidad,cultural_center,http://www.elorigendelanavidad.com/,2,,Madrid,"40,44841","-3,72491"
Mezkkla,cultural_center,http://www.mezkkla.com/,2,,Madrid,"40,4091602","-3,7005078"
Mosaico Centro Cultural,cultural_center,Ingen webbplats,2,,Madrid,"40,40716","-3,55211"
Mundo en Clave,cultural_center,https://mundoenclave.com/,2,,Madrid,"40,42613","-3,68189"
Oriens - Asociación de Estudios del Oriente Próximo,cultural_center,http://www.oriens.es/,2,,Madrid,"40,4471354","-3,6712447"
Paisanaje,cultural_center,https://paisanaje.org/,,very nice,Madrid,"40,4328501","-3,6541682"
REAL LAB ESTATE .,cultural_center,http://www.reallab.es/,2,,Madrid,"40,45732498","-3,631015778"
Sanchinarro Centro Cultural,cultural_center,http://www.centroculturalsanchinarro.com/,,,Madrid,"40,4901699","-3,655368"
Serrería Belga,cultural_center,https://www.serreria-belga.es/,,,Madrid,"40,41048","-3,6936497"
Sociedad Geográfica Española,cultural_center,http://sge.org/,2,,Madrid,"40,4458128","-3,7102947"
Somos Agua,cultural_center,https://somosaguaproyecto.blogspot.com/,,,Madrid,"40,3956","-3,6358"
Tetuán Punto Joven,cultural_center,http://www.centrosjuvenilesmadrid.com,,,Madrid,"40,447171","-3,700146"
Tlab Espacio Experimental Artístico,cultural_center,http://www.t-labespacio.es/,,,Madrid,"40,4098087","-3,7009396"
Underground Station,cultural_center,http://www.undergroundstation.net/,2,,Madrid,"40,45803","-3,70799"
Viajando Por el Mundo,cultural_center,Ingen webbplats,2,,Madrid,"40,429368","-3,715844"
Zigia28 Centro Cívico,cultural_center,https://zigia28.es/,,,Madrid,"40,4390336","-3,6442699"
Antillon Serigrafia,custom_t_shirt_store,http://www.antillonserigrafia.com/,2,,Madrid,"40,4120201","-3,7284441"
Distripaper,custom_t_shirt_store,http://www.distripaper.com/,2,,Madrid,"40,40618515","-3,741215944"
Frikitown,custom_t_shirt_store,http://www.frikitown.com/,2,,Madrid,"40,43545341","-3,647578937"
"Madrid T-Shirt®️ - Impresión de camisetas, productos personalizados y diseño gráfico.",custom_t_shirt_store,http://www.madridtshirt.com/,2,,Madrid,"40,41771323","-3,710673368"
Nakasha Discos,custom_t_shirt_store,https://nakasha-spain.com/,2,,Madrid,"40,4326387","-3,7143786"
Plasmarte,custom_t_shirt_store,https://plasmarte.negocio.site/,2,,Madrid,"40,41089697","-3,709486428"
SubliStamp,custom_t_shirt_store,http://www.sublistamp.com/,2,,Madrid,"40,4041553","-3,6510392"
¿Recuerdas Velada Hall?,dance_club,Ingen webbplats,2,,Madrid,"40,41061","-3,6953"
101club,dance_club,Ingen webbplats,2,,Madrid,"40,431775","-3,699796"
10club,dance_club,http://www.mixcloud.com/10club,2,,Madrid,"40,407681","-3,677095"
38 special disco dance,dance_club,http://38specialdiscodance.com/,2,,Madrid,"40,4015765","-3,6073531"
4 Latas,dance_club,Ingen webbplats,2,,Madrid,"40,4268147","-3,7085225"
4K.disco,dance_club,Ingen webbplats,2,,Madrid,"40,45833","-3,7019"
Absenta,dance_club,Ingen webbplats,2,,Madrid,"40,4195717","-3,7079658"
Adestra Copas Moratalaz,dance_club,http://adestra-copas-moratalaz.negocio.site/,2,,Madrid,"40,4074924","-3,6471233"
Agora Club  antigua legendarys,dance_club,http://www.elsupercanlatino.com/,2,,Madrid,"40,38695","-3,66535"
Águila de Trueno,dance_club,https://www.wegow.com/conciertos/aguila-de-trueno/,2,,Madrid,"40,41833","-3,70895"
Akelarre Metal CLub Madrid,dance_club,http://www.myspace.com/akelarreclub,2,,Madrid,"40,418457","-3,7007289"
Aktivität Club,dance_club,Ingen webbplats,2,,Madrid,"40,42526","-3,71372"
Al otro lado,dance_club,Ingen webbplats,2,,Madrid,"40,4135094","-3,6981001"
Alcatraz Events,dance_club,Ingen webbplats,2,,Madrid,"40,43612","-3,69147"
Alex La Noche,dance_club,Ingen webbplats,2,,Madrid,"40,39964","-3,77606"
Alma Disco Pub,dance_club,http://www.multieventosalma.com/,2,,Madrid,"40,3864298","-3,6520835"
Ambis Disco,dance_club,Ingen webbplats,2,,Madrid,"40,4319951","-3,6422371"
Amsterdam Club,dance_club,Ingen webbplats,2,,Madrid,"40,4129551","-3,7110696"
AndeAndarás Karaoke Pub,dance_club,http://www.andeandaras.es/,2,,Madrid,"40,4005501","-3,6962423"
Antidoto Club,dance_club,http://Www.antidoto.world/,2,,Madrid,"40,4205737","-3,7192405"
AQP,dance_club,http://www.gabana.es/,2,,Madrid,"40,42181","-3,68418"
Aqua Barra Discoteca,dance_club,http://maximalatina.com/,2,,Madrid,"40,3764158","-3,7402381"
Aquienleimportaclub,dance_club,http://www.aquienleimporta.club/,2,,Madrid,"40,4336073","-3,7146465"
Arcade Electro Club,dance_club,http://www.charada.es/,2,,Madrid,"40,420589","-3,709682"
Arena,dance_club,http://www.salarena.es/,2,,Madrid,"40,4249636","-3,7125537"
Artmadridclub,dance_club,https://linktr.ee/artmadrid,2,,Madrid,"40,4205904","-3,7191551"
Asian Party,dance_club,https://asianparty.es/,2,,Madrid,"40,4207993","-3,7021104"
Aslo y Dile,dance_club,https://www.elsupercanlatino.com/,2,,Madrid,"40,3866971","-3,7326908"
Assana Madrid,dance_club,http://bit.ly/2ZplOdr,2,,Madrid,"40,43525","-3,71368"
Astral Sessions,dance_club,Ingen webbplats,2,,Madrid,"40,4252899","-3,68298"
Ataraxia Club,dance_club,https://ataraxiaclub.com/,2,,Madrid,"40,42207","-3,70238"
Avenue,dance_club,Ingen webbplats,2,,Madrid,"40,42296","-3,70331"
Azucar Madrid Salsa,dance_club,http://www.azucarsalsadisco.com/,2,,Madrid,"40,4106102","-3,6953001"
Bahía Terraza,dance_club,http://www.discotecasgratis.com/,2,,Madrid,"40,4669543","-3,814456"
Bahiana Club,dance_club,http://www.bahianaclub.es/,2,,Madrid,"40,4139304","-3,7110455"
Bajos de Argüelles antiguas glorias,dance_club,Ingen webbplats,2,,Madrid,"40,4342832","-3,7149575"
Ballesta Club,dance_club,https://bit.ly/ra_tickets_ballestaclub,2,,Madrid,"40,4216677","-3,7034549"
Baloo,dance_club,http://www.balooescuelainfantil.com,2,,Madrid,"40,45262","-3,63883"
Bananarama Club,dance_club,Ingen webbplats,2,,Madrid,"40,40399","-3,70003"
Bangaloo,dance_club,http://www.hummoproductions.com/,2,,Madrid,"40,4532556","-3,6935331"
Banloo Club Madrid reservas,dance_club,https://www.instagram.com/banloo_club_madrid/,2,,Madrid,"40,4531673","-3,6933703"
Bar Daily,dance_club,https://bardaily.com/,2,,Madrid,"40,4449767","-3,695665"
Bar De Tapas,dance_club,Ingen webbplats,2,,Madrid,"40,41134","-3,73059"
Bar el Parque,dance_club,Ingen webbplats,2,,Madrid,"40,4372875","-3,6427029"
Bar Juan,dance_club,Ingen webbplats,2,,Madrid,"40,4082317","-3,7171507"
Bar Kohelet,dance_club,Ingen webbplats,2,,Madrid,"40,40814","-3,70496"
Bar La Misionera,dance_club,Ingen webbplats,2,,Madrid,"40,39348","-3,7652"
Bardot Madrid,dance_club,http://www.bardotmadrid.com/,2,,Madrid,"40,4461148","-3,6859378"
Barnon,dance_club,http://www.martacarino.com,2,,Madrid,"40,4301893","-3,6968845"
Barranco Club Perú,dance_club,Ingen webbplats,2,,Madrid,"40,4301649","-3,6969455"
Barrio Del Pilar.,dance_club,Ingen webbplats,2,,Madrid,"40,4761206","-3,7145555"
Bash Line Madrid,dance_club,https://bash-line-madrid-night-club.negocio.site/,2,,Madrid,"40,4049437","-3,6917671"
Basstech,dance_club,Ingen webbplats,2,,Madrid,"40,4211366","-3,7019738"
Bazaar Urban Club,dance_club,Ingen webbplats,2,,Madrid,"40,4072685","-3,6951633"
Be Together,dance_club,https://be-yourself.tv/,2,,Madrid,"40,42264","-3,70173"
Bearbie Madrid,dance_club,https://WWW.BEARBIEPOP.ES/,2,,Madrid,"40,4210653","-3,7020486"
Beba Drink,dance_club,Ingen webbplats,2,,Madrid,"40,3985042","-3,663733"
Bellagio,dance_club,Ingen webbplats,2,,Madrid,"40,45896","-3,69554"
Benditos Viernes,dance_club,http://www.lasedenoche.com/,2,,Madrid,"40,434995","-3,71611"
Berlin Cabaret,dance_club,http://www.berlincabaret.com/,2,,Madrid,"40,4122515","-3,7105801"
BerlinClub Madrid,dance_club,https://tickets.berlinclub.es/,2,,Madrid,"40,41959","-3,70795"
BirraClub,dance_club,http://www.birra-club.com/,2,,Madrid,"40,4519157","-3,6888255"
Black & White,dance_club,http://Www.instagram.com/blackwhitemadrid,2,,Madrid,"40,4226419","-3,6967885"
Black Caviar Madrid,dance_club,Ingen webbplats,2,,Madrid,"40,43812","-3,69617"
Black Star Madrid,dance_club,https://blackstarmadrid.es/,2,,Madrid,"40,454237","-3,6779511"
Blackhaus,dance_club,http://www.blackhaus.es/,2,,Madrid,"40,4612717","-3,7665568"
Blackhaus Madrid Discoteca Listas y Reservados 616620280,dance_club,https://discotecasgratis.com/discotecas/blackhaus,2,,Madrid,"40,4608465","-3,7578918"
Blackworks Club,dance_club,https://blackworks.es/,2,,Madrid,"40,42469","-3,71369"
Blasé Madrid,dance_club,http://www.costelloclub.com/,2,,Madrid,"40,41943","-3,70079"
Blaster Club Madrid,dance_club,Ingen webbplats,2,,Madrid,"40,411149","-3,714073"
Bleco Club,dance_club,http://www.blecoclub.com/,2,,Madrid,"40,4315001","-3,7018899"
Bling Hookah Room,dance_club,http://Blingblingmadrid.com/,2,,Madrid,"40,4254207","-3,6915795"
Blondie Club Madrid,dance_club,Ingen webbplats,2,,Madrid,"40,4254365","-3,6854776"
Blue Velvet Bar-Rock,dance_club,Ingen webbplats,2,,Madrid,"40,4352818","-3,6445484"
Bodeguita de Enmedio,dance_club,http://www.bodeguitadeenmedio.es/,2,,Madrid,"40,4395997","-3,6943601"
Body Electric Club,dance_club,https://www.fourvenues.com/es/bodyelectricgmailcon/events/body-electric-fest-ii-16-03-2024-SFDP?utm_source=Fisico&utm_medium=flyers&utm_campaign=venta_estadio&utm_id=Depeche_Estadio_Venta&fbclid=IwAR33k7usiq_hWZXWApMicTGdcu6aBGHvkXAlVT_wevR2GIS8ubeOcWrQOp4,2,,Madrid,"40,43225","-3,71022"
Body Electric Club,dance_club,Ingen webbplats,2,,Madrid,"40,4312401","-3,6969199"
BOITE,dance_club,http://WWW.BOITEMADRID.COM/,2,,Madrid,"40,4182901","-3,7031874"
Bolshoi,dance_club,http://www.tatoomroad.com/,2,,Madrid,"40,4539555","-3,6939875"
Bombay Club,dance_club,Ingen webbplats,2,,Madrid,"40,42063","-3,709648"
Bonded Club,dance_club,Ingen webbplats,2,,Madrid,"40,4349245","-3,6914738"
Bongo Discoteca Madrid,dance_club,http://bongodiscotecamadrid.com/,2,,Madrid,"40,3985231","-3,7186041"
Bongos,dance_club,http://www.discotecasgratis.com/,2,,Madrid,"40,4427198","-3,7039654"
Boosters Club,dance_club,Ingen webbplats,2,,Madrid,"40,4312687","-3,7011749"
Borinquen Latin Club,dance_club,Ingen webbplats,2,,Madrid,"40,42631","-3,71729"
Bowi Madrid Discoteca Listas y Reservados 644241824,dance_club,http://www.discotecasgratis.com/,2,,Madrid,"40,4247354","-3,6677846"
Brothers In Jazz,dance_club,https://bigmamaswing.com/brothersinjazz,2,,Madrid,"40,40438","-3,69997"
Brown Square,dance_club,http://www.brownsquare.es/,2,,Madrid,"40,463431","-3,6581681"
BUBU ROOM,dance_club,http://Instagram.com/bubu.room,2,,Madrid,"40,417096","-3,706506"
Bulla Madrid,dance_club,https://cutt.ly/reservabulla,2,,Madrid,"40,448658","-3,6895348"
Bungalow session Madrid,dance_club,Ingen webbplats,2,,Madrid,"40,4353485","-3,71627"
Bunker Club Bar,dance_club,http://Bunkerclubbar.com/,2,,Madrid,"40,4164667","-3,7083195"
BUT Bailes de Salón,dance_club,http://www.butmadrid.com/,2,,Madrid,"40,4269849","-3,6995229"
Cabala,dance_club,http://cabaladiscoteca.com/,2,,Madrid,"40,4481467","-3,7158274"
Cabaret Carmesí,dance_club,Ingen webbplats,2,,Madrid,"40,42133","-3,70725"
Cabaret lounge club privé,dance_club,Ingen webbplats,2,,Madrid,"40,4175378","-3,7036326"
Cacique Lounge Disco Pub,dance_club,http://caciqueloungediscopub.negocio.site/,2,,Madrid,"40,3840574","-3,6490018"
Cadavra,dance_club,https://cadavraclub.com/,2,,Madrid,"40,4194313","-3,7007938"
CANDY POP CLUB (Madrid),dance_club,http://www.myspace.com/candypopclub,2,,Madrid,"40,41995","-3,70103"
Candyclub ,dance_club,Ingen webbplats,2,,Madrid,"40,41831","-3,70319"
Canela Discoteca,dance_club,http://www.instagram.com/emoxion_madrid/,2,,Madrid,"40,3969677","-3,6693341"
Cardamomo Tablao Flamenco,dance_club,http://cardamomo.es/,2,,Madrid,"40,4154587","-3,6995299"
Caro Club Madrid,dance_club,https://caroclub.com/reservas/,2,,Madrid,"40,42534","-3,69177"
Cassette Club,dance_club,http://www.cassetteclub.es/,2,,Madrid,"40,4182715","-3,7031837"
Castellana 72,dance_club,Ingen webbplats,2,,Madrid,"40,43875","-3,69007"
Castellana95,dance_club,Ingen webbplats,2,,Madrid,"40,4520563","-3,6914982"
Cats Madrid,dance_club,http://www.discotecacats.com/,2,,Madrid,"40,4427538","-3,7135343"
Celda Techno Club,dance_club,Ingen webbplats,2,,Madrid,"40,4040176","-3,6999947"
Center Mambo Latino,dance_club,http://www.centermambolatino.com/,2,,Madrid,"40,4509943","-3,694556"
Center Underground,dance_club,Ingen webbplats,2,,Madrid,"40,4171168","-3,7013358"
CHA CHÁ the club,dance_club,https://dice.fm/bundle/chachatheclub,2,,Madrid,"40,41713","-3,70648"
Cha-3,dance_club,http://www.cha-3.es,2,,Madrid,"40,423918","-3,727022"
Chamán Boiler Club,dance_club,https://www.instagram.com/chamanboilerclub/,2,,Madrid,"40,4533021","-3,6930325"
Chambea,dance_club,Ingen webbplats,2,,Madrid,"40,45151","-3,69526"
Charada Club de Baile Madrid,dance_club,http://www.discotecasgratis.com/,2,,Madrid,"40,42055","-3,7096"
Cherokee Club Madrid,dance_club,https://prvt.re/8GJR6h,2,,Madrid,"40,4260373","-3,6956349"
Chocolate La Fiesta Original,dance_club,Ingen webbplats,2,,Madrid,"40,42471","-3,66774"
Chupitos,dance_club,Ingen webbplats,2,,Madrid,"40,41417","-3,69907"
Churros Madrid Fiesta,dance_club,https://churros-conchocolate.com/tickets/#madrid,2,,Madrid,"40,423333","-3,6935207"
Ciclogénesis,dance_club,https://mixcloud.com/ciclogenesis,2,,Madrid,"40,4220695","-3,7023799"
City Bar Madrid,dance_club,https://www.instagram.com/citybarmadrid/,2,,Madrid,"40,4158978","-3,7037738"
Clamores Club,dance_club,https://www.salaclamores.es/dance-club,2,,Madrid,"40,43112","-3,70093"
Climax Club,dance_club,Ingen webbplats,2,,Madrid,"40,42863","-3,68746"
Club 111,dance_club,Ingen webbplats,2,,Madrid,"40,425332","-3,697943"
Club 33,dance_club,http://club33madrid.es/,2,,Madrid,"40,4119885","-3,7010544"
Club 74 Plan B,dance_club,http://carlosjean.com/,2,,Madrid,"40,425679","-3,688686"
Club Attack Madrid,dance_club,http://attack-club.com/,2,,Madrid,"40,4108774","-3,701785"
Club Boss Paseo de la Habana,dance_club,http://www.clubbosspaseodelahabana.com,2,,Madrid,"40,45041","-3,68776"
Club de Amigos del Disco,dance_club,Ingen webbplats,2,,Madrid,"40,435365","-3,717453"
club de payasos,dance_club,http://clubdepayasos.es/,2,,Madrid,"40,4124934","-3,7028898"
Club Demode,dance_club,http://www.clubdemode.com/,2,,Madrid,"40,421652","-3,703601"
Club DF,dance_club,Ingen webbplats,2,,Madrid,"40,4386136","-3,6898347"
Club Faces,dance_club,Ingen webbplats,2,,Madrid,"40,402913","-3,7453774"
Club Graf,dance_club,http://www.macadamiagraf.com/,2,,Madrid,"40,4372993","-3,6809908"
Club Magno,dance_club,http://teatromagno.com/,2,,Madrid,"40,4173664","-3,6983591"
Club Malasaña,dance_club,http://clubmalasana.com/,2,,Madrid,"40,4256556","-3,7031234"
CLUB Paradise,dance_club,Ingen webbplats,2,,Madrid,"40,3979202","-3,7615225"
Club Salazar,dance_club,Ingen webbplats,2,,Madrid,"40,425311","-3,7137422"
Club VIP86,dance_club,https://www.TWITTER.com/TheRoom_Shoko,2,,Madrid,"40,4087077","-3,7104595"
Club41,dance_club,http://www.club-41.com/,2,,Madrid,"40,399007","-3,699085"
Clubbers Tour Madrid,dance_club,http://www.clubberstoursmadrid.com/,2,,Madrid,"40,4157717","-3,7038295"
Coco,dance_club,http://www.discotecasgratis.com/,2,,Madrid,"40,4178484","-3,6991113"
Collage Madrid,dance_club,Ingen webbplats,2,,Madrid,"40,429112","-3,6984374"
Concrete Jungle - The Jungle Sessions Madrid,dance_club,Ingen webbplats,2,,Madrid,"40,4238649","-3,684987"
Confusion Dance-Club,dance_club,Ingen webbplats,2,,Madrid,"40,43318","-3,6426269"
Connection Wind,dance_club,http://www.connectionworldparty.com,2,,Madrid,"40,4187468","-3,7031456"
Cool Madrid,dance_club,http://www.discotecasgratis.com/,2,,Madrid,"40,4211","-3,709"
Copérnico,dance_club,http://www.salacopernico.es/,2,,Madrid,"40,4353064","-3,71356"
Cortos - Downtown Madrid,dance_club,http://downtownmadrid.es/cortometrajes.html,2,,Madrid,"40,4261625","-3,6981739"
Costa Social Club,dance_club,https://www.instagram.com/costasocialclub/,2,,Madrid,"40,4301472","-3,6970136"
Cr7'Cristiano-Ronaldo'Cr7,dance_club,Ingen webbplats,2,,Madrid,"40,4200083","-3,7033573"
Creisi,dance_club,Ingen webbplats,2,,Madrid,"40,4211697","-3,7035821"
Crow Techno Club,dance_club,http://www.labtheclub.com/,2,,Madrid,"40,4677","-3,6877"
Cruz Del Sur Madrid,dance_club,http://www.cruzdelsurmadrid.es/,2,,Madrid,"40,3874199","-3,7615939"
CUBOplato,dance_club,http://twitter.com/CUBOplato,2,,Madrid,"40,4714341","-3,7132377"
Cuenca CLUB,dance_club,Ingen webbplats,2,,Madrid,"40,4251602","-3,7137523"
DaBasemnt,dance_club,https://www.salaclamores.es/dance-club,2,,Madrid,"40,43112","-3,70093"
Daho Madrid,dance_club,http://www.alquilerlocalfiestas.es/,2,,Madrid,"40,4316691","-3,7006438"
Dare to be BOLD.,dance_club,https://boldmadrid.com/,2,,Madrid,"40,427021","-3,699418"
Delirio Dance Club,dance_club,http://www.deliriochueca.com/,2,,Madrid,"40,4222408","-3,6971213"
Déndera Sunday Sessions,dance_club,https://www.fourvenues.com/dendera-madrid,2,,Madrid,"40,466947","-3,8145223"
Dessü,dance_club,Ingen webbplats,2,,Madrid,"40,4537199","-3,67776"
Destino Madrid,dance_club,Ingen webbplats,2,,Madrid,"40,42102","-3,70971"
Deviaje Club,dance_club,Ingen webbplats,2,,Madrid,"40,4268466","-3,6989915"
Dguaro disco,dance_club,Ingen webbplats,2,,Madrid,"40,3861969","-3,7360865"
Diamante Club,dance_club,http://salapirandello.com/,2,,Madrid,"40,4248998","-3,7138182"
Diego Duende - Dj & Promoter,dance_club,http://www.diegoduende.com/,2,,Madrid,"40,41955","-3,69196"
Dinasty Club,dance_club,https://www.instagram.com/dinasty_club/,2,,Madrid,"40,44812","-3,6959"
Dino's HD disco bar,dance_club,Ingen webbplats,2,,Madrid,"40,46643","-3,68854"
Disco Bogart Nice,dance_club,Ingen webbplats,2,,Madrid,"40,3613843","-3,6972178"
Disco maris.co,dance_club,http://www.madridlux.com/es/clubs/moss-antiguo-faena-madrid,2,,Madrid,"40,4096521","-3,6932021"
Disco Pub Crossover El Beso,dance_club,http://www.pubelbeso.com/,2,,Madrid,"40,4026213","-3,6067534"
Disco Pub El Punto,dance_club,Ingen webbplats,2,,Madrid,"40,39497","-3,66066"
Disco Pub Manassas,dance_club,Ingen webbplats,2,,Madrid,"40,4368425","-3,6465771"
DISCO PUB Platinium,dance_club,Ingen webbplats,2,,Madrid,"40,4331643","-3,6389801"
Disco Pube Makumba,dance_club,https://sala-makumba.negocio.site/?m=true,2,,Madrid,"40,39901","-3,77571"
Discobar Cibeles,dance_club,http://www.discobarcibeles.com/,2,,Madrid,"40,4178092","-3,707604"
DiscoMarket Madrid,dance_club,https://sites.google.com/site/discomarketmadrid/,2,,Madrid,"40,402702","-3,695639"
Discopub la noche,dance_club,Ingen webbplats,2,,Madrid,"40,4138901","-3,7127842"
Discos Babel,dance_club,http://www.discosbabel.com,2,,Madrid,"40,4185284","-3,7084237"
Discoteca,dance_club,https://www.passline.com/sitio/europa-eventos-productions,2,,Madrid,"40,3917548","-3,6614264"
Discoteca 4K RD,dance_club,Ingen webbplats,2,,Madrid,"40,45819","-3,70181"
Discoteca Agora HD,dance_club,Ingen webbplats,2,,Madrid,"40,3869818","-3,6653887"
Discoteca Bahía Madrid,dance_club,https://instagram.com/laclavemadrid?utm_medium=copy_link,2,,Madrid,"40,4262599","-3,717267"
Discoteca Capricho,dance_club,Ingen webbplats,2,,Madrid,"40,453528","-3,6775748"
Discoteca Codigo 2019,dance_club,http://www.discotecacodigo.es,2,,Madrid,"40,387921","-3,7424026"
Discoteca Copa Cabana ,dance_club,Ingen webbplats,2,,Madrid,"40,4055523","-3,7395011"
Discoteca D.Class,dance_club,Ingen webbplats,2,,Madrid,"40,410901","-3,6548788"
Discoteca El Callejon de Serrano,dance_club,Ingen webbplats,2,,Madrid,"40,4325812","-3,6869408"
Discoteca Fabrik Lista Gratis,dance_club,http://www.discotecasgratis.com/,2,,Madrid,"40,4150112","-3,7109199"
Discoteca Farándula Madrid Elipa,dance_club,Ingen webbplats,2,,Madrid,"40,4255988","-3,6509645"
Discoteca Flow Vallecas,dance_club,Ingen webbplats,2,,Madrid,"40,3928857","-3,6698424"
Discoteca Gunilla Club,dance_club,https://www.gunilla1882.com/,2,,Madrid,"40,4226501","-3,6909877"
Discoteca Kpeyra Latina,dance_club,Ingen webbplats,2,,Madrid,"40,3818188","-3,6723307"
Discoteca Kristal Madrid,dance_club,http://SUPERLATINA.ES/,2,,Madrid,"40,4032147","-3,6949279"
Discoteca la patrona VIP Madrid,dance_club,http://Www.lapatronavip.com/,2,,Madrid,"40,3950743","-3,7431716"
Discoteca la Rosa,dance_club,http://www.discotecalarosa.com/,2,,Madrid,"40,3856434","-3,7270229"
Discoteca La Rose Bleue +,dance_club,Ingen webbplats,2,,Madrid,"40,4110634","-3,655968"
Discoteca la santa Madrid ,dance_club,Ingen webbplats,2,,Madrid,"40,350912","-3,6873781"
Discoteca La Suegra Madrid,dance_club,http://www.lasuegrafmmadrid.com/,2,,Madrid,"40,3834706","-3,7474051"
Discoteca Latin Brother,dance_club,Ingen webbplats,2,,Madrid,"40,4381183","-3,6766202"
Discoteca Latina Fenomeno Vip - Ambiente Latino,dance_club,,2,,Madrid,"40,3866202","-3,7328447"
Discoteca Latina Kachímba Flow,dance_club,Ingen webbplats,2,,Madrid,"40,3388176","-3,7086755"
Discoteca Latina Trebol,dance_club,https://sala-trebol-madrid.negocio.site/?utm_source=gmb&utm_medium=referral,2,,Madrid,"40,4362","-3,6389753"
Discoteca legends,dance_club,https://www.facebook.com/Discoteca-legends-1192523034289877/,2,,Madrid,"40,3952056","-3,6670144"
Discoteca Living Madrid,dance_club,Ingen webbplats,2,,Madrid,"40,3725107","-3,7579112"
Discoteca Los Niches Villaverde,dance_club,Ingen webbplats,2,,Madrid,"40,3496466","-3,6876416"
Discoteca Manhattan Madrid,dance_club,http://www.discotecasgratis.com/,2,,Madrid,"40,45032","-3,69499"
Discoteca MELAO,dance_club,Ingen webbplats,2,,Madrid,"40,3963944","-3,6693133"
Discoteca millennials,dance_club,Ingen webbplats,2,,Madrid,"40,4189","-3,70863"
Discoteca Mohikano,dance_club,Ingen webbplats,2,,Madrid,"40,3866305","-3,7028094"
Discoteca Moma Madrid,dance_club,http://www.discotecasgratis.com/,2,,Madrid,"40,43792","-3,69212"
Discoteca New One Madrid,dance_club,http://www.discotecaone.com/,2,,Madrid,"40,4370744","-3,6371695"
Discoteca New Viedma,dance_club,Ingen webbplats,2,,Madrid,"40,3873305","-3,7615394"
Discoteca Oasis,dance_club,https://oasis-disco.negocio.site/,2,,Madrid,"40,4073744","-3,6126932"
Discoteca one way lounge club,dance_club,http://www.oneway.es/,2,,Madrid,"40,4249111","-3,6525203"
Discoteca Palace,dance_club,http://www.discotecapalace.es/,2,,Madrid,"40,4183311","-3,70895"
Discoteca Paradise,dance_club,Ingen webbplats,2,,Madrid,"40,3873387","-3,7517832"
Discoteca Platinium,dance_club,Ingen webbplats,2,,Madrid,"40,3926602","-3,7373328"
Discoteca Prisma,dance_club,https://twitter.com/new_prisma,2,,Madrid,"40,4298987","-3,6648281"
Discoteca Skull Madrid,dance_club,http://www.skullmadrid.com/,2,,Madrid,"40,4517931","-3,6804756"
Discoteca Taurus,dance_club,https://www.discotecataurus.com/,2,,Madrid,"40,38566","-3,70445"
Discoteca Tiffanys Madrid,dance_club,https://discotecasgratis.com/discotecas/tiffanys,2,,Madrid,"40,4462154","-3,6836698"
Discoteca Torero,dance_club,http://www.discotecatorero.es/,2,,Madrid,"40,4149026","-3,7026821"
Discoteca Velvet- Listas Víctor Silva,dance_club,http://www.velvetdisco.es/,2,,Madrid,"40,4202977","-3,707524"
Discoteca Velvet-Alberto Sánchez,dance_club,Ingen webbplats,2,,Madrid,"40,42733","-3,67442"
Discoteca Yambu,dance_club,http://www.discotecayambu.com/,2,,Madrid,"40,3899181","-3,7526713"
Discotecas Madrid,dance_club,http://fiesta-madrid-gratis.webnode.es/?fb_ref=Default,2,,Madrid,"40,4188918","-3,7086559"
Discotecas Madrid,dance_club,https://www.passline.com/sitio/europa-eventos-productions,2,,Madrid,"40,4256238","-3,6507192"
Dj JosÉ De Las Heras,dance_club,http://www.josedelasheras.es/,2,,Madrid,"40,4208308","-3,7055775"
Doberman The Club,dance_club,Ingen webbplats,2,,Madrid,"40,4170601","-3,6989339"
Downtown Madrid,dance_club,http://www.higheventos.com,2,,Madrid,"40,4211","-3,709"
Dream Club,dance_club,Ingen webbplats,2,,Madrid,"40,4352386","-3,7134191"
Dreams,dance_club,Ingen webbplats,2,,Madrid,"40,4174176","-3,7079791"
Ego Confidential Club,dance_club,https://egoconfidentialclub.es/,2,,Madrid,"40,4375954","-3,6853534"
Ekho Club Madrid,dance_club,https://xceed.me/list/ekho-2,2,,Madrid,"40,40971","-3,69312"
Ekho Madrid Discoteca Listas y Reservados 652305899,dance_club,http://www.discotecasgratis.com/,2,,Madrid,"40,4099345","-3,6942305"
El Amante,dance_club,http://www.amantelifestyle.com,2,,Madrid,"40,4161631","-3,7098754"
El Cantinazo,dance_club,https://www.instagram.com/elcantinazomadrid/,2,,Madrid,"40,3952","-3,69386"
El Chapandaz,dance_club,http://www.chapandaz.com/,2,,Madrid,"40,4341474","-3,7175488"
El Chico Feo,dance_club,http://www.elchicofeo.es/,2,,Madrid,"40,43044","-3,6979076"
El Cielo Club,dance_club,https://elcielo.teatrobarcelo.com/,2,,Madrid,"40,4269","-3,69978"
El Doblón,dance_club,http://eldoblonmadrid.com/,2,,Madrid,"40,4327748","-3,678618"
El Euroclub (Sala Flamingo),dance_club,Ingen webbplats,2,,Madrid,"40,4198123","-3,7042078"
El FINAL DISCO PUB,dance_club,Ingen webbplats,2,,Madrid,"40,4262699","-3,6555452"
El Luthier de Opera,dance_club,http://www.luthieropera.com,2,,Madrid,"40,4164382","-3,7096987"
El mono eléctrico,dance_club,Ingen webbplats,2,,Madrid,"40,4109596","-3,699528"
El Perro de la Parte de Atrás del Coche,dance_club,https://linktr.ee/elperroclubmad,2,,Madrid,"40,4222779","-3,7038833"
El Rinconcito,dance_club,Ingen webbplats,2,,Madrid,"40,4319231","-3,6396013"
El Sarao,dance_club,Ingen webbplats,2,,Madrid,"40,4533083","-3,6930365"
El Septimo Cielo,dance_club,Ingen webbplats,2,,Madrid,"40,403896","-3,6922503"
El sitio club,dance_club,https://www.instagram.com/elsitio_disco?igsh=eHRxbXllNG5kYzBl&utm_source=qr,2,,Madrid,"40,3987952","-3,6989525"
El Sitio Tropical,dance_club,Ingen webbplats,2,,Madrid,"40,4189","-3,70863"
El Taller de Chus,dance_club,http://Www.eltallerdechus.com/,2,,Madrid,"40,4268429","-3,6943315"
Elástico Flexiclub,dance_club,http://www.myspace.com/elasticoflexiclub,2,,Madrid,"40,4183776","-3,7010976"
Elbackstage,dance_club,https://instagram.com/elbackstagemadrid,2,,Madrid,"40,4253117","-3,6952476"
Elefante Blanco Madrid,dance_club,http://www.elefanteblancomadrid.com/,2,,Madrid,"40,4452034","-3,6698141"
Elite Club,dance_club,http://www.eliteclub.es,2,,Madrid,"40,471312","-3,682473"
Elixir Events,dance_club,Ingen webbplats,2,,Madrid,"40,431201","-3,718725"
Entre Darts Rock,dance_club,Ingen webbplats,2,,Madrid,"40,3856584","-3,7243214"
Entre Talleres,dance_club,http://www.entretalleres.es,2,,Madrid,"40,4085409","-3,6552668"
EQUI CLUB,dance_club,http://www.equi-club.com/,2,,Madrid,"40,41144","-3,6967"
Escape Chueca,dance_club,http://www.escapechueca.com/,2,,Madrid,"40,4229267","-3,6972647"
Espacio Mediodía,dance_club,http://www.mediodiachica.com,2,,Madrid,"40,4096512","-3,7114785"
Essence madrid,dance_club,http://WWW.instagram.com/essencemadrid,2,,Madrid,"40,4173632","-3,7080156"
Euphoria Club,dance_club,Ingen webbplats,2,,Madrid,"40,4311642","-3,7095233"
Euphoria Shisha Lounge,dance_club,Ingen webbplats,2,,Madrid,"40,38653","-3,70336"
Euromedaigual,dance_club,https://twitter.com/MeDaIgualEURO,2,,Madrid,"40,42124","-3,69873"
Europa Latina,dance_club,Ingen webbplats,2,,Madrid,"40,405239","-3,6961131"
Eventos Chango CLUB,dance_club,https://www.fourvenues.com/sergio-pop/events/macho-party-04-07-2025-SGCG,2,,Madrid,"40,43169","-3,6982016"
Eventos Palacio de Fortuny,dance_club,http://www.eventosfortuny.com/,2,,Madrid,"40,43443","-3,69004"
Evolution Privee Club,dance_club,http://www.evolutionprivee.club,2,,Madrid,"40,4269421","-3,7140482"
Exchange Madrid,dance_club,Ingen webbplats,2,,Madrid,"40,4362183","-3,69909"
Fabrik - Terraza Lounge,dance_club,http://discotecaakuamadrid.blogspot.com.es/,2,,Madrid,"40,45142","-3,69489"
Faces Madrid New,dance_club,https://www.produccionespuertoplata.com/,2,,Madrid,"40,4512565","-3,6945079"
Factory Air,dance_club,https://factoryair.es/,2,,Madrid,"40,4470624","-3,5649575"
Fantasma,dance_club,Ingen webbplats,2,,Madrid,"40,41896","-3,70161"
Fenómeno Disco,dance_club,Ingen webbplats,2,,Madrid,"40,3866141","-3,7328745"
FERIA,dance_club,Ingen webbplats,2,,Madrid,"40,4224063","-3,7100734"
Feria Internacional del Disco de Madrid,dance_club,http://www.feriainternacionaldeldisco.com/,2,,Madrid,"40,4013849","-3,6873172"
FETÉN Club Clandestino,dance_club,https://www.blesscollectionhotels.com/es/madrid/bless-hotel-madrid/gastronomia?y_source=1_MTUwOTA4MTItNDQwLWxvY2F0aW9uLndlYnNpdGU%3D,2,,Madrid,"40,4281266","-3,6836829"
Fiestón Canario,dance_club,http://www.canariosenmadrid.com/,2,,Madrid,"40,4210073","-3,7089942"
Fiestón Canario,dance_club,http://www.canariosenmadrid.com/,2,,Madrid,"40,43589","-3,71649"
Fitz,dance_club,http://www.fitzclubmadrid.com/,2,,Madrid,"40,4245924","-3,712094"
Fluido,dance_club,Ingen webbplats,2,,Madrid,"40,41708","-3,69882"
Folie,dance_club,http://www.foliebar.es/,2,,Madrid,"40,506964","-3,6555122"
Fortuny Restaurant & Club,dance_club,http://www.fortunyrestaurantclub.com/,2,,Madrid,"40,4345176","-3,6899437"
Fosforito,dance_club,Ingen webbplats,2,,Madrid,"40,4249677","-3,6854753"
Foundation Madrid,dance_club,Ingen webbplats,2,,Madrid,"40,40209","-3,68947"
Fox The Club Madrid ,dance_club,http://foxmadrid.com/,2,,Madrid,"40,4213284","-3,7002692"
Fulanita De Tal,dance_club,http://www.fulanitadetal.com/,2,,Madrid,"40,4246623","-3,6964603"
Funflow Dance,dance_club,http://www.funflowdance.com/,2,,Madrid,"40,421042","-3,701971"
FUNKYTOWN,dance_club,http://www.vicentegallart.com/,2,,Madrid,"40,41782","-3,6962"
G3D impresión de filamento y resina,dance_club,Ingen webbplats,2,,Madrid,"40,37734","-3,7815"
Gabana,dance_club,Ingen webbplats,2,,Madrid,"40,4376086","-3,6798614"
Galgo Art Studio,dance_club,Ingen webbplats,2,,Madrid,"40,42377","-3,66523"
Game Disco,dance_club,http://nazcaclub.es/,2,,Madrid,"40,42453","-3,71208"
Garibaldi Lounge Club,dance_club,Ingen webbplats,2,,Madrid,"40,38798","-3,7379"
Gatsby Viernes-Sabados,dance_club,Ingen webbplats,2,,Madrid,"40,432714","-3,692927"
Gayarre,dance_club,http://www.gayarrecopas.com/,2,,Madrid,"40,44837","-3,6903591"
Giulietta Madrid,dance_club,https://twitter.com/GiuliettaFunk,2,,Madrid,"40,423675","-3,68509"
Golden Boite Madrid,dance_club,http://www.golden-boite.es/,2,,Madrid,"40,422169","-3,672405"
Golden Gran Via,dance_club,http://www.terra.es,2,,Madrid,"40,4230579","-3,708675"
Gotham Madrid Discoteca Listas y Reservados 652305899,dance_club,http://www.discotecasgratis.com/,2,,Madrid,"40,4383504","-3,7009352"
Gotham The Club,dance_club,http://gothamtheclub.es/,2,,Madrid,"40,4361599","-3,7165147"
Goya Social Club,dance_club,http://www.goyasocialclub.com/,2,,Madrid,"40,4253299","-3,6828743"
Grace Madrid,dance_club,http://www.gracemadrid.com/,2,,Madrid,"40,4226598","-3,6910595"
Gran Caimán,dance_club,http://www.grancaimanmadrid.es,2,,Madrid,"40,432476","-3,710246"
Green Madrid,dance_club,https://www.greenmadrid.es/,2,,Madrid,"40,4331548","-3,6874949"
Grey madrid,dance_club,Ingen webbplats,2,,Madrid,"40,42471","-3,66774"
Griffin's,dance_club,http://www.griffins.es/,2,,Madrid,"40,4196478","-3,6970379"
GRILL CLUB,dance_club,Ingen webbplats,2,,Madrid,"40,4221518","-3,7021041"
Grupo Garamond.- New Garamond Madrid,dance_club,http://www.madridlux.com/es/clubs/new-garamond-madrid,2,,Madrid,"40,46256","-3,69294"
Gruta77,dance_club,http://www.gruta77.com/,2,,Madrid,"40,3908783","-3,7312813"
Guapa Madrid,dance_club,http://www.fotopunto.com/lifes_in_books,2,,Madrid,"40,45447","-3,694005"
Gunilla Club,dance_club,http://www.gunilla1882.com/,2,,Madrid,"40,4226168","-3,6910701"
H2o,dance_club,Ingen webbplats,2,,Madrid,"40,42437","-3,70165"
Habana Libre,dance_club,Ingen webbplats,2,,Madrid,"40,409703","-3,693047"
Hacke Club Madrid,dance_club,Ingen webbplats,2,,Madrid,"40,3874157","-3,7615968"
Hangar 48,dance_club,https://hangar48.es/,2,,Madrid,"40,411401","-3,7140427"
Happy Club Madrid,dance_club,http://www.clubhappy.es/,2,,Madrid,"40,45563","-3,68911"
Hell Madrid,dance_club,Ingen webbplats,2,,Madrid,"40,42546","-3,68547"
Hölleclub,dance_club,https://instagram.com/holle.club?utm_medium=copy_link,2,,Madrid,"40,4335086","-3,6848681"
Homerun Gallery,dance_club,Ingen webbplats,2,,Madrid,"40,3530998","-3,6941606"
Hotel Calor,dance_club,http://hotelcalor.tumblr.com/,2,,Madrid,"40,42055","-3,7096"
Hunters Dance Club,dance_club,Ingen webbplats,2,,Madrid,"40,4248695","-3,6969199"
Hype Supperclub,dance_club,http://www.instagram.com/albertodl25,2,,Madrid,"40,42105","-3,72054"
I Love 80s,dance_club,Ingen webbplats,2,,Madrid,"40,4315819","-3,6998477"
ICON Madrid,dance_club,https://iconmadrid.com/en/,2,,Madrid,"40,4137389","-3,70362"
Imposible,dance_club,Ingen webbplats,2,,Madrid,"40,4257143","-3,6962171"
Independance CLUB,dance_club,http://www.independanceclub.com/,2,,Madrid,"40,4096402","-3,6930884"
Indigo Club,dance_club,Ingen webbplats,2,,Madrid,"40,4150112","-3,7109199"
Inklub,dance_club,https://inklub.org/,2,,Madrid,"40,4221424","-3,7072428"
Isolation,dance_club,Ingen webbplats,2,,Madrid,"40,4102","-3,69883"
Istar,dance_club,http://www.istarmadrid.com/,2,,Madrid,"40,4286636","-3,6874597"
jangueoclub_,dance_club,https://www.jangueoclub.com/,2,,Madrid,"40,43793","-3,7175"
Jardineria el Plantío,dance_club,Ingen webbplats,2,,Madrid,"40,4708714","-3,8253563"
Joy Eslava,dance_club,https://teatroeslava.com/clubbing_/,2,,Madrid,"40,4171928","-3,7065397"
Juanchito Madrid Oficial,dance_club,http://www.juanchitomadrid.com/,2,,Madrid,"40,4247246","-3,667743"
JUERGUES,dance_club,http://www.juergues.com/,2,,Madrid,"40,4262712","-3,7016797"
K37,dance_club,Ingen webbplats,2,,Madrid,"40,4374488","-3,6749018"
Kabaret 3.0,dance_club,http://Kabaret3.0/,2,,Madrid,"40,42207","-3,70238"
Karamba latin disco,dance_club,Ingen webbplats,2,,Madrid,"40,3866459","-3,7059378"
Karaoke Number One,dance_club,http://karaokenumber1.com/principal.html,2,,Madrid,"40,3829431","-3,6685005"
Karaoke Uceda,dance_club,Ingen webbplats,2,,Madrid,"40,4781377","-3,7092953"
Karma,dance_club,Ingen webbplats,2,,Madrid,"40,3830789","-3,703103"
Katara All Bailón,dance_club,Ingen webbplats,2,,Madrid,"40,42048","-3,70587"
Kingston Club La Latina,dance_club,Ingen webbplats,2,,Madrid,"40,4106907","-3,7099571"
KIUT Madrid,dance_club,Ingen webbplats,2,,Madrid,"40,45441","-3,70702"
KLK BAR,dance_club,Ingen webbplats,2,,Madrid,"40,45827","-3,70186"
Klüv,dance_club,Ingen webbplats,2,,Madrid,"40,4074019","-3,6954188"
KOH TAO Madrid,dance_club,http://discotecasgratis.com/Madrid/Hotel-Puerta-America/,2,,Madrid,"40,4583947","-3,6823238"
KUBE Madrid,dance_club,http://kubemadrid.es/,2,,Madrid,"40,4598548","-3,6917898"
Kubrick Bar,dance_club,Ingen webbplats,2,,Madrid,"40,4328","-3,64559"
KuRGaN Club,dance_club,https://twitter.com/KurganClub,2,,Madrid,"40,4261891","-3,7041576"
La Almeja Perdida,dance_club,Ingen webbplats,2,,Madrid,"40,4090179","-3,7116159"
La Botellita Madrid,dance_club,http://www.discotecasgratis.com/,2,,Madrid,"40,4517984","-3,680465"
La Buena Ventura,dance_club,http://www.labuenaventura.es/,2,,Madrid,"40,3962727","-3,7620935"
La Carmela Madrid ,dance_club,https://lacarmela-madrid.vercel.app/,2,,Madrid,"40,4165","-3,70158"
La Cartuja,dance_club,http://www.lacartujamadrid.com,2,,Madrid,"40,4159324","-3,7013247"
La Casa de la Cumbia Madrid,dance_club,Ingen webbplats,2,,Madrid,"40,43536","-3,716294"
La Casa De Las Putis,dance_club,Ingen webbplats,2,,Madrid,"40,3975578","-3,706554"
La Chapa,dance_club,https://instagram.com/lachapa_oficial,2,,Madrid,"40,412992","-3,7221301"
La Divina Discoteca,dance_club,Ingen webbplats,2,,Madrid,"40,3939098","-3,7673582"
La Estacion Vip Disco,dance_club,Ingen webbplats,2,,Madrid,"40,4323048","-3,6572886"
La Faena,dance_club,http://www.faenamadrid.com,2,,Madrid,"40,4331417","-3,6587689"
La Gorda Madrid,dance_club,https://www.instagram.com/lagordamadrid/,2,,Madrid,"40,4387781","-3,6945507"
La KLAVE,dance_club,Ingen webbplats,2,,Madrid,"40,3837044","-3,7110465"
La Liada - Malasaña,dance_club,Ingen webbplats,2,,Madrid,"40,423788","-3,702744"
La Mania Madrid,dance_club,http://www.lamaniamadrid.com/,2,,Madrid,"40,4588004","-3,677511"
La Movida de los 90',dance_club,http://whiteroom.es/la-movida-de-los-90,2,,Madrid,"40,4269","-3,69978"
La Noche Perfecta,dance_club,Ingen webbplats,2,,Madrid,"40,4497469","-3,7019498"
La Pájara,dance_club,http://www.grupolajaula.com/,2,,Madrid,"40,4212933","-3,6984142"
La Pequeña Bety (New),dance_club,Ingen webbplats,2,,Madrid,"40,433544","-3,714621"
La Pocha,dance_club,http://www.lapocha.es/,2,,Madrid,"40,4458168","-3,698819"
La Que Faltaba Disco,dance_club,https://grupolalala.com/locales/salas-de-fiesta/la-que-faltaba,2,,Madrid,"40,4376367","-3,6994713"
La que se lia,dance_club,https://grupolalala.com/locales/salas-de-fiesta/la-que-se-lia,2,,Madrid,"40,437658","-3,6809523"
La REINA DISCO,dance_club,Ingen webbplats,2,,Madrid,"40,3708335","-3,7462214"
La Reserva Club,dance_club,https://www.fourvenues.com/en/la-reserva,2,,Madrid,"40,415784","-3,7004184"
La Riviera,dance_club,http://www.salariviera.com/,2,,Madrid,"40,4130966","-3,7221676"
La ROCA Discoteca,dance_club,Ingen webbplats,2,,Madrid,"40,3902138","-3,6604466"
La Rockola Madrid,dance_club,Ingen webbplats,2,,Madrid,"40,3900033","-3,7516471"
La SAL S.A.,dance_club,http://www.lasalbarclub.es,2,,Madrid,"40,441495","-3,712496"
La Sospechosa Club,dance_club,https://www.fourvenues.com/es/la-sospechosa-club,2,,Madrid,"40,4327404","-3,6786594"
La Taberna Madrid,dance_club,Ingen webbplats,2,,Madrid,"40,3879531","-3,7303853"
La Terraza de Mau Mau,dance_club,Ingen webbplats,2,,Madrid,"40,4577946","-3,6857088"
La Vaca Austera,dance_club,Ingen webbplats,2,,Madrid,"40,4262801","-3,7032783"
La Ventura,dance_club,https://plus.google.com/u/0/113883925369685026510/posts,2,,Madrid,"40,3865901","-3,7282853"
La’Boon Night Club,dance_club,http://www.laboonnightclub.com/,2,,Madrid,"40,4096555","-3,6925291"
LAB Madrid,dance_club,http://labtheclub.com/,2,,Madrid,"40,4713924","-3,6824567"
Lágrimas Club,dance_club,Ingen webbplats,2,,Madrid,"40,4301897","-3,7016361"
Lapsus Living,dance_club,Ingen webbplats,2,,Madrid,"40,4337113","-3,7146311"
Larra 21,dance_club,Ingen webbplats,2,,Madrid,"40,428421","-3,700546"
Las Brujas,dance_club,Ingen webbplats,2,,Madrid,"40,3835086","-3,6723485"
Las Roneantas,dance_club,https://www.fourvenues.com/es/gemma-collado,2,,Madrid,"40,4196802","-3,7059188"
Las Vegas Show-Madrid,dance_club,Ingen webbplats,2,,Madrid,"40,39941","-3,6630405"
LASAL Bar Club,dance_club,http://www.lasalbarclub.es/,2,,Madrid,"40,4415708","-3,7125397"
Laster Club,dance_club,https://linktr.ee/lasterclub,2,,Madrid,"40,4324414","-3,7101727"
Layali Madrid,dance_club,http://www.layalimadrid.com,2,,Madrid,"40,42055","-3,7096"
Le Boutique Club,dance_club,http://www.leboutique.es/,2,,Madrid,"40,4292189","-3,6876614"
Le Club Oficial,dance_club,Ingen webbplats,2,,Madrid,"40,4327634","-3,6928536"
LeBass,dance_club,http://www.LeBassClub.com/,2,,Madrid,"40,4210927","-3,7019874"
Legends Club,dance_club,Ingen webbplats,2,,Madrid,"40,42469","-3,71369"
Ley Seca Club,dance_club,https://www.instagram.com/leysecaclub/?hl=es,2,,Madrid,"40,43835","-3,70085"
Liberata Madrid,dance_club,http://www.restaurantefox.com/,2,,Madrid,"40,4588862","-3,6801734"
Liberty Madrid,dance_club,Ingen webbplats,2,,Madrid,"40,41491","-3,70253"
Limbo,dance_club,http://www.undermad.com/limbo,2,,Madrid,"40,42691","-3,70775"
Link Madrid,dance_club,Ingen webbplats,2,,Madrid,"40,4337","-3,70617"
Listas Fran Guntin Mitty Cats,dance_club,http://WWW.Mittycats.com/,2,,Madrid,"40,44274","-3,71318"
Listas Madrid,dance_club,http://www.listasmadrid.com/,2,,Madrid,"40,4178335","-3,6990069"
Listas vip Gratis Madrid,dance_club,Ingen webbplats,2,,Madrid,"40,4545","-3,69741"
Loca Fm,dance_club,http://www.locafm.com,2,,Madrid,"40,42138","-3,7181"
Long Play Club,dance_club,Ingen webbplats,2,,Madrid,"40,44122","-3,70624"
Look Madrid Discoteca Listas y Reservados 644241824,dance_club,http://www.discotecasgratis.com/,2,,Madrid,"40,43869","-3,70951"
Los Cantaritos,dance_club,Ingen webbplats,2,,Madrid,"40,3866688","-3,7041834"
Loyalty Latin Vibes,dance_club,Ingen webbplats,2,,Madrid,"40,43937","-3,673"
Luckydragon,dance_club,Ingen webbplats,2,,Madrid,"40,4219501","-3,7060865"
LuLa Club. Gran Vía 54,dance_club,http://lula.club/,2,,Madrid,"40,4212956","-3,7072423"
Lust The Club,dance_club,Ingen webbplats,2,,Madrid,"40,40971","-3,69312"
Luz Franco,dance_club,Ingen webbplats,2,,Madrid,"40,43225","-3,71022"
M F Marandu,dance_club,Ingen webbplats,2,,Madrid,"40,4353142","-3,6732834"
M-biú,dance_club,https://xceed.me/tickets-club/madrid/m-biu,2,,Madrid,"40,4322167","-3,7103074"
M.Ō.T,dance_club,Ingen webbplats,2,,Madrid,"40,4064537","-3,6909148"
Maculato Club,dance_club,Ingen webbplats,2,,Madrid,"40,425404","-3,694621"
Madcity,dance_club,http://www.madcity.club/,2,,Madrid,"40,4269","-3,69978"
MadKizz,dance_club,Ingen webbplats,2,,Madrid,"40,42631","-3,71729"
Madklyn,dance_club,Ingen webbplats,2,,Madrid,"40,4265119","-3,7036264"
Madre Mia,dance_club,Ingen webbplats,2,,Madrid,"40,41546","-3,69953"
Madreams Music Store Madrid,dance_club,Ingen webbplats,2,,Madrid,"40,37409","-3,67036"
Madrid,dance_club,http://buceo-madrid.com/,2,,Madrid,"40,4732084","-3,6722108"
Madrid Night Out,dance_club,http://rococomadrid.com/,2,,Madrid,"40,44927","-3,69508"
Madrid Night Party,dance_club,http://wa.link/a61rze,2,,Madrid,"40,4202575","-3,7073327"
Madrid Nightlife,dance_club,http://wa.link/a61rze,2,,Madrid,"40,41713","-3,70648"
Madrid Teatro Kapital,dance_club,https://eu.jotform.com/form/240494666114054,2,,Madrid,"40,38829","-3,75799"
Magangue Discoteca,dance_club,http://www.discotecamagangue.es/,2,,Madrid,"40,3937176","-3,7653127"
Maggyk,dance_club,https://discotecakaraokemaggyk.com/,2,,Madrid,"40,4379916","-3,6741013"
Magna Disco Madrid,dance_club,Ingen webbplats,2,,Madrid,"40,4159422","-3,6996929"
maktub_shisha,dance_club,Ingen webbplats,2,,Madrid,"40,4102348","-3,6945838"
Makumba VIP,dance_club,https://wa.me/34624449340,2,,Madrid,"40,3995549","-3,7760997"
Malaba Club,dance_club,http://www.malabaclub.com/,2,,Madrid,"40,431614","-3,7020305"
Malicia Madrid,dance_club,http://www.maliciamadrid.com/,2,,Madrid,"40,4557087","-3,689206"
MamáPachanga DiscotecaLatina,dance_club,Ingen webbplats,2,,Madrid,"40,39477","-3,66115"
Mambú - Reina Bruja,dance_club,http://www.reinabruja.com/,2,,Madrid,"40,420387","-3,707683"
Manama Disco,dance_club,https://www.fourvenues.com/es/torero,2,,Madrid,"40,4149158","-3,702707"
Mandala Café,dance_club,http://www.mandalacafe.es/,2,,Madrid,"40,4157755","-3,7002898"
Manhattan Madrid,dance_club,https://twitter.com/ManhattanMadrid,2,,Madrid,"40,44907","-3,6951746"
Manicomio club,dance_club,Ingen webbplats,2,,Madrid,"40,3941176","-3,766263"
Mansion Madrid,dance_club,http://mansionmadrid.com/,2,,Madrid,"40,4353747","-3,716348"
Maravillas Club,dance_club,http://www.maravillasclub.com/,2,,Madrid,"40,4256906","-3,704311"
Mariachi Sol De América,dance_club,https://www.soldeamerica.es/,2,,Madrid,"40,3956601","-3,7114378"
Maripili,dance_club,Ingen webbplats,2,,Madrid,"40,41198","-3,70104"
Marusha Society,dance_club,Ingen webbplats,2,,Madrid,"40,4327481","-3,6786605"
Marxa Latina,dance_club,Ingen webbplats,2,,Madrid,"40,4508534","-3,694711"
MasFlow,dance_club,Ingen webbplats,2,,Madrid,"40,46231","-3,69294"
Matrix Sun Festival,dance_club,Ingen webbplats,2,,Madrid,"40,4211377","-3,7089039"
Maui Spirit,dance_club,Ingen webbplats,2,,Madrid,"40,4307442","-3,6325618"
Medaigual chueca,dance_club,http://www.medaigual.es,2,,Madrid,"40,4212158","-3,6987379"
Medias Puri,dance_club,http://mediaspuri.com/,2,,Madrid,"40,4123792","-3,7033363"
Melanie’s,dance_club,Ingen webbplats,2,,Madrid,"40,39254","-3,70334"
Menstripshow,dance_club,http://www.menstripshow.com/,2,,Madrid,"40,44274","-3,713123"
Mi Madre Era Una Groupie,dance_club,http://mimadreeraunagroupie.es/,2,,Madrid,"40,4126894","-3,6974464"
MÍA CLUB,dance_club,Ingen webbplats,2,,Madrid,"40,42863","-3,68746"
Miami Bar,dance_club,Ingen webbplats,2,,Madrid,"40,4075367","-3,7099908"
Midnatt,dance_club,Ingen webbplats,2,,Madrid,"40,431297","-3,697343"
Million Dollar,dance_club,Ingen webbplats,2,,Madrid,"40,46231","-3,69294"
Mirage,dance_club,Ingen webbplats,2,,Madrid,"40,45707","-3,69238"
Misericordia The Club ,dance_club,Ingen webbplats,2,,Madrid,"40,4584167","-3,6792901"
Moby Dick Club,dance_club,http://www.mobydickclub.com/,2,,Madrid,"40,4544943","-3,6939622"
Moca madrid,dance_club,https://instagram.com/mocamadrid?igshid=1h5ryc7dpspcn,2,,Madrid,"40,43525","-3,71368"
Mokka Madrid,dance_club,https://www.instagram.com/mokkamadrid/,2,,Madrid,"40,3963218","-3,6692905"
Moloko Sound Club,dance_club,http://www.molokosoundclub.com/,2,,Madrid,"40,4274702","-3,7080721"
Momentos Flamencos,dance_club,Ingen webbplats,2,,Madrid,"40,4432206","-3,6812806"
Momotombo discoteca ,dance_club,https://www.facebook.com/profile.php?id=100070901178226,2,,Madrid,"40,38313","-3,67286"
Mon Madrid,dance_club,http://www.monmadrid.es/,2,,Madrid,"40,4359228","-3,7164716"
Mondino Madrid Discoteca Listas y Reservados 652305899,dance_club,http://www.discotecasgratis.com/,2,,Madrid,"40,43589","-3,71649"
Mondo Disko,dance_club,https://www.mondodisko.es/,2,,Madrid,"40,4178742","-3,6990033"
Monete Club,dance_club,Ingen webbplats,2,,Madrid,"40,41335","-3,71319"
Monocle Club Madrid,dance_club,https://www.monocleclub.es/,2,,Madrid,"40,4572301","-3,6922763"
Moorea BNM,dance_club,http://twitter.com/Mooreamadrid,2,,Madrid,"40,4502245","-3,6950065"
Moov Madrid,dance_club,http://instagram.com/bowimadrid,2,,Madrid,"40,42453","-3,71208"
Morgana,dance_club,Ingen webbplats,2,,Madrid,"40,455469","-3,687532"
Morris Club,dance_club,https://www.instagram.com/morris_club/,2,,Madrid,"40,4344196","-3,6900369"
Moss Madrid,dance_club,Ingen webbplats,2,,Madrid,"40,40953875","-3,69316846"
Muy Bendito,dance_club,http://www.grupolalala.com/,2,,Madrid,"40,4327439","-3,6786544"
MY,dance_club,http://www.mytheclub.com/,2,,Madrid,"40,4583002","-3,6736164"
My Pleasure,dance_club,http://mypleasure.es/,2,,Madrid,"40,420558","-3,6983549"
My Son,dance_club,Ingen webbplats,2,,Madrid,"40,4730517","-3,7148474"
MY The Club,dance_club,https://myhookahdaclub.com/,2,,Madrid,"40,4581738","-3,6778351"
Nabuco T.D.,dance_club,https://www.nabucotd.com/,2,,Madrid,"40,4255768","-3,7181755"
Nazca Events Club,dance_club,https://www.nazcaclub.es/,2,,Madrid,"40,4513874","-3,6945985"
Nazca Madrid Listas y Reservados 616620280,dance_club,http://www.discotecasgratis.com/,2,,Madrid,"40,45142","-3,69489"
Nebula Metal Club,dance_club,http://myspace.com/nebulametalmadrid,2,,Madrid,"40,40962","-3,69287"
Nells,dance_club,http://www.nellsmadrid.com/,2,,Madrid,"40,4399177","-3,6819685"
Neverending,dance_club,http://www.neverending.es/,2,,Madrid,"40,4249968","-3,6968483"
Nevershire,dance_club,Ingen webbplats,2,,Madrid,"40,38536","-3,66983"
New Garamond,dance_club,http://www.newgaramondmadrid.es/,2,,Madrid,"40,4624991","-3,6929852"
New Girls Cabaret,dance_club,https://www.newgirlscabaret.com/,2,,Madrid,"40,4219833","-3,709426"
New Incógnito Madrid,dance_club,http://www.newincognito.com/,2,,Madrid,"40,42103","-3,6981"
New Pub 301,dance_club,Ingen webbplats,2,,Madrid,"40,4706771","-3,5811368"
NEXT Clubbing,dance_club,https://www.nextclubbing.com/,2,,Madrid,"40,4570156","-3,6924247"
Next Level,dance_club,Ingen webbplats,2,,Madrid,"40,3869931","-3,70247"
Nightlife Madrid,dance_club,https://nightlifemadrid.com/,2,,Madrid,"40,4277963","-3,6846042"
Nochentera The club,dance_club,https://www.instagram.com/nochenteraclub/,2,,Madrid,"40,4518184","-3,6806437"
NOIRE CLUB,dance_club,https://www.eventbrite.es/o/noire-club-60491093193,2,,Madrid,"40,43869","-3,70951"
Noventeros,dance_club,http://www.noventeros.es/,2,,Madrid,"40,4189935","-3,7196699"
Nox Club Madrid,dance_club,https://www.noxclubmadrid.es/,2,,Madrid,"40,420869","-3,7188926"
NUEBO,dance_club,https://www.instagram.com/somosnuebo,2,,Madrid,"40,41361","-3,70582"
Nuevo Anochecer,dance_club,Ingen webbplats,2,,Madrid,"40,426475","-3,706649"
Nuit,dance_club,http://www.nuitmadrid.es/,2,,Madrid,"40,4488472","-3,6951713"
Nünhain Klub,dance_club,https://nunhainklub.es/reservarlista/,2,,Madrid,"40,41583","-3,71063"
Nuvo LatÍn Bar,dance_club,http://nuvo-disco-dance.negocio.site/,2,,Madrid,"40,4367383","-3,6415502"
O14,dance_club,Ingen webbplats,2,,Madrid,"40,44927","-3,69508"
Ochoymedio Club,dance_club,http://www.ochoymedioclub.com/,2,,Madrid,"40,4171203","-3,7063435"
ODARKO,dance_club,http://www.odarko.com/,2,,Madrid,"40,4186463","-3,7074888"
OH MY Club Madrid,dance_club,http://www.ohmyclub.vip/,2,,Madrid,"40,4624567","-3,6929698"
Oh My Club Madrid Discoteca Listas y Reservados VIP 616620280,dance_club,http://www.discotecasgratis.com/,2,,Madrid,"40,4717143","-3,6824369"
Oh! Cabaret,dance_club,http://www.ohcabaret.com,2,,Madrid,"40,4613433","-3,7666216"
Ohm Mad Club,dance_club,http://ohmclub.es/,2,,Madrid,"40,4205391","-3,7057953"
OkapiSw,dance_club,https://okapis.es/,2,,Madrid,"40,4354276","-3,6411628"
Opium,dance_club,Ingen webbplats,2,,Madrid,"40,424792","-3,667701"
Opium Madrid,dance_club,http://www.opiummadrid.com/,2,,Madrid,"40,4379882","-3,6922025"
Opux vip,dance_club,Ingen webbplats,2,,Madrid,"40,3447709","-3,7132944"
Oxum Madrid,dance_club,http://www.oxummadrid.com/,2,,Madrid,"40,4556015","-3,6872347"
OZONA VIP Madrid,dance_club,https://www.discotecaozonavip.com/,2,,Madrid,"40,4071268","-3,6766283"
Palacio de Gaviria,dance_club,https://palaciodegaviriamadrid.com/,2,,Madrid,"40,4169887","-3,7060996"
Panda Club Madrid,dance_club,http://www.pandaclub.es/,2,,Madrid,"40,4480881","-3,6960165"
Panorama Five Club,dance_club,http://www.madridlux.com/es/clubs/panorama-five-club-madrid,2,,Madrid,"40,43015","-3,71428"
Panther Shisha Store,dance_club,http://www.panthershishastore.com/,2,,Madrid,"40,4456406","-3,6832199"
Parabarap Madrid,dance_club,http://www.parabarap.com/,2,,Madrid,"40,4565241","-3,692118"
Paradiso Madrid,dance_club,http://www.latramposa.net/,2,,Madrid,"40,45032","-3,69499"
"Paréntesis, bar de copas",dance_club,Ingen webbplats,2,,Madrid,"40,46688","-3,69597"
Pasion Turca,dance_club,http://www.pasionturca.net/,2,,Madrid,"40,4245384","-3,7040747"
Pavoneo,dance_club,http://www.pavoneo.es/,2,,Madrid,"40,4242943","-3,6962986"
Pentagrama,dance_club,Ingen webbplats,2,,Madrid,"40,42207","-3,70238"
Petite Mort,dance_club,Ingen webbplats,2,,Madrid,"40,437566","-3,685358"
Phoria Movement,dance_club,https://www.instagram.com/phoriamovement/,2,,Madrid,"40,4216633","-3,7033998"
Piccaro Ponzano,dance_club,http://piccaro.es/,2,,Madrid,"40,43957","-3,70038"
Picnic Madrid,dance_club,Ingen webbplats,2,,Madrid,"40,4159889","-3,7379301"
PIÑAS Club,dance_club,Ingen webbplats,2,,Madrid,"40,4587814","-3,6821747"
Piropo Madrid,dance_club,https://www.instagram.com/nizasocialclub/,2,,Madrid,"40,436189","-3,6915035"
Pisuni,dance_club,https://www.instagram.com/gusgusblanc/,2,,Madrid,"40,43841","-3,71424"
Pizpireta Bar,dance_club,https://pizpiretabar.com/,2,,Madrid,"40,438811","-3,6945998"
Planet Bass,dance_club,Ingen webbplats,2,,Madrid,"40,42691","-3,70775"
Playback,dance_club,Ingen webbplats,2,,Madrid,"40,4254034","-3,713849"
POMPÄ Tardeo Club,dance_club,http://pompaclub.com/,2,,Madrid,"40,4179915","-3,6803175"
Pop That  Madrid,dance_club,https://bclever.ai/eventos/madrid/pop-that-caro-club?r,2,,Madrid,"40,4256652","-3,6913435"
Porko Party,dance_club,http://Porkoparty.com/manifesto,2,,Madrid,"40,4220096","-3,7029403"
Portugal,dance_club,Ingen webbplats,2,,Madrid,"40,437534","-3,674691"
Poupee club,dance_club,Ingen webbplats,2,,Madrid,"40,4265635","-3,7144827"
Pressure Cooker,dance_club,Ingen webbplats,2,,Madrid,"40,4224599","-3,6942195"
Private Night Club Madrid,dance_club,https://privateclub.es/,2,,Madrid,"40,4628227","-3,6917918"
Privé Select Club,dance_club,Ingen webbplats,2,,Madrid,"40,4554542","-3,6890674"
Pub Single,dance_club,http://singlebar.es/,2,,Madrid,"40,4319114","-3,7188142"
Puticlub: Ideas Calientes,dance_club,Ingen webbplats,2,,Madrid,"40,4340589","-3,7163547"
Que trabaje Rita,dance_club,http://quetrabajeritaclub.com/,2,,Madrid,"40,4269","-3,69978"
Quién la invitó?,dance_club,http://www.quienlainvito.com/,2,,Madrid,"40,4222149","-3,6971447"
Quinn's Aluche,dance_club,http://www.quinnsaluche.com/,2,,Madrid,"40,3875607","-3,7617808"
Quinns Aluche Discoteca Listas y Reservados 652305899,dance_club,http://www.discotecasgratis.com/,2,,Madrid,"40,38736","-3,76166"
RARO.,dance_club,http://raroevents.com/,2,,Madrid,"40,4290535","-3,687305"
RED - by deep,dance_club,https://www.labtheclub.com/,2,,Madrid,"40,4170943","-3,6988306"
Reservas Discotecas Gratis,dance_club,Ingen webbplats,2,,Madrid,"40,45032","-3,69499"
Restaurante Patri Picoteo,dance_club,https://patricqueen.com/,2,,Madrid,"40,37024","-3,69048"
RICCI Monday's Club,dance_club,Ingen webbplats,2,,Madrid,"40,46231","-3,69294"
Rincon Chaqueño Madrid,dance_club,Ingen webbplats,2,,Madrid,"40,4022479","-3,6931702"
Ritmo Latino Disco Pub,dance_club,Ingen webbplats,2,,Madrid,"40,4338654","-3,6433816"
Riviera Madrid Discoteca Listas y Reservados 652305899,dance_club,http://www.discotecasgratis.com/,2,,Madrid,"40,413267","-3,722326"
Rococo Madrid,dance_club,http://rococomadrid.blogspot.com.es/,2,,Madrid,"40,449303","-3,6950559"
Romanii Din Club Shangai Madrid,dance_club,http://www.shangaiclub.es,2,,Madrid,"40,4196076","-3,7079136"
Rosalinda Nights,dance_club,https://www.fourvenues.com/teatro-barcelo/ALKZ,2,,Madrid,"40,4270067","-3,6997265"
Rousse club Madrid,dance_club,http://www.rousseclub.com/,2,,Madrid,"40,43225","-3,71022"
Rubicon Madrid ,dance_club,https://rubiconmadrid.com/,2,,Madrid,"40,4225166","-3,6898358"
Rubik,dance_club,Ingen webbplats,2,,Madrid,"40,4070219","-3,6500256"
RUMANÍA Paradise,dance_club,Ingen webbplats,2,,Madrid,"40,42367","-3,70712"
Rumba Salvaje Discoteca,dance_club,Ingen webbplats,2,,Madrid,"40,3898997","-3,7526521"
Rumores Madrid,dance_club,https://www.instagram.com/rumores_mad,2,,Madrid,"40,4408309","-3,6927648"
SALA ARUBA,dance_club,Ingen webbplats,2,,Madrid,"40,4109869","-3,6557311"
Sala Axarquia,dance_club,http://www.cardamomo.es/,2,,Madrid,"40,40991","-3,713198"
Sala B Madrid,dance_club,https://linktr.ee/salabmadrid,2,,Madrid,"40,4312423","-3,7002521"
Sala Bakán,dance_club,https://salabakan.madrid/,2,,Madrid,"40,4534684","-3,6579247"
Sala Bisú Oficial,dance_club,http://www.bisuloungeclub.com/,2,,Madrid,"40,438366","-3,700872"
Sala de Conciertos Glow Madrid,dance_club,http://Www.savai.es/,2,,Madrid,"40,4476013","-3,71719"
Sala Flamenca Triana y Olé,dance_club,http://www.salaflamencatrianayole.es/,2,,Madrid,"40,41425","-3,69918"
Sala Ginger Madrid,dance_club,https://salagingermadrid.com/,2,,Madrid,"40,4451733","-3,6978662"
SALA Inferno,dance_club,Ingen webbplats,2,,Madrid,"40,3858376","-3,6496877"
Sala La Garrocha,dance_club,http://www.salalagarrocha.com/,2,,Madrid,"40,436103","-3,677629"
Sala La Riviera Madrid,dance_club,Ingen webbplats,2,,Madrid,"40,4234","-3,70058"
Sala Makumba,dance_club,Ingen webbplats,2,,Madrid,"40,353582","-3,6910991"
Sala Morocco Madrid,dance_club,http://salamoroccomadrid.com/,2,,Madrid,"40,4221141","-3,7073631"
Sala Olvido,dance_club,http://www.salaolvido15.es/,2,,Madrid,"40,3867577","-3,7028038"
SALA Paddock - Conciertos,dance_club,http://discotecasgratis.com/,2,,Madrid,"40,4226903","-3,6913325"
"Sala Pirandello 1, 2, y 3",dance_club,http://www.salapirandello.com/,2,,Madrid,"40,4249455","-3,7136828"
Sala Republik Club,dance_club,http://republikbolos.blogspot.com/,2,,Madrid,"40,4220709","-3,7022906"
Sala Tirso,dance_club,Ingen webbplats,2,,Madrid,"40,41234","-3,70335"
Sala Trivial,dance_club,http://www.salatrivial.com/,2,,Madrid,"40,404622","-3,7243188"
Salsa & Bachata Madrid,dance_club,https://www.citylifemadrid.com/activities/,2,,Madrid,"40,4139","-3,70356"
Salsa y bachata Urbana,dance_club,http://www.salsaybachataurbana.com/,2,,Madrid,"40,4115088","-3,698754"
Samsara,dance_club,http://samsaradisco.com/,2,,Madrid,"40,4160319","-3,7009677"
Sangre Club,dance_club,https://www.instagram.com/sangreclubmadrid,2,,Madrid,"40,41095","-3,7078"
Sassot Sound,dance_club,http://www.sassotsound.com/,2,,Madrid,"40,3871346","-3,6266372"
Sauna Cristal,dance_club,Ingen webbplats,2,,Madrid,"40,422784","-3,6994393"
Savoy Club,dance_club,http://www.savoyleisure.com/,2,,Madrid,"40,4330263","-3,7112514"
SBK-Tropical,dance_club,http://www.danzationmadrid.com/,2,,Madrid,"40,42631","-3,71729"
Señora Ley,dance_club,Ingen webbplats,2,,Madrid,"40,46336","-3,70399"
Serrano 41,dance_club,http://www.discotecasgratis.com/,2,,Madrid,"40,428736","-3,687474"
Sesiones Discotecas,dance_club,http://nazcaclub.es/clubs.html,2,,Madrid,"40,4246182","-3,7123101"
Shadowplay club,dance_club,https://linktr.ee/shadowplay_club,2,,Madrid,"40,4270434","-3,7195581"
Shake Club Madrid,dance_club,http://freakhand.es/,2,,Madrid,"40,45989","-3,69172"
She,dance_club,http://www.butmadrid.com/,2,,Madrid,"40,424374","-3,6981639"
Shokolive,dance_club,http://www.shokomadrid.com/,2,,Madrid,"40,4087276","-3,7105892"
Sideral Club Malasaña,dance_club,https://sideralclub.es/,2,,Madrid,"40,4243206","-3,7016817"
Sigh,dance_club,http://www.sigh.es/,2,,Madrid,"40,4171007","-3,6987071"
Signaturǝ,dance_club,Ingen webbplats,2,,Madrid,"40,4163061","-3,7035942"
Single,dance_club,http://www.singlebardecopas.com/,2,,Madrid,"40,4319221","-3,7187812"
Skull Sun Bay,dance_club,Ingen webbplats,2,,Madrid,"40,4670833","-3,8143413"
Smiley Club,dance_club,Ingen webbplats,2,,Madrid,"40,415126","-3,6996974"
Snobissimo,dance_club,http://www.snobissimo.es,2,,Madrid,"40,43269","-3,70659"
Sotto Club,dance_club,http://www.sottoclub.com,2,,Madrid,"40,4505411","-3,6878632"
Space Of Sound,dance_club,https://www.spaceofsound.com/,2,,Madrid,"40,4712119","-3,6824521"
Spain Fetish Week,dance_club,http://www.sleazymadrid.com/,2,,Madrid,"40,41869","-3,7075"
Sparks whisky bar,dance_club,Ingen webbplats,2,,Madrid,"40,4565949","-3,6463098"
Spazio Matinal,dance_club,Ingen webbplats,2,,Madrid,"40,433979","-3,7094792"
Square Madrid Discoteca Listas y Reservados 644241824,dance_club,http://www.discotecasgratis.com/,2,,Madrid,"40,43225","-3,71022"
Stage 2 ,dance_club,https://allmylinks.com/stage2session,2,,Madrid,"40,42214","-3,70713"
Star Studio Madrid,dance_club,http://www.youtube.com/starstudio54,2,,Madrid,"40,4190215","-3,7036459"
Stardust,dance_club,http://www.stardustclub.es/,2,,Madrid,"40,4211281","-3,7089966"
Starving Conciertos,dance_club,Ingen webbplats,2,,Madrid,"40,482115","-3,712072"
Stigmata Vampire & Gothic Club,dance_club,Ingen webbplats,2,,Madrid,"40,42556","-3,71509"
Storymadrid,dance_club,http://www.alexispp.com/,2,,Madrid,"40,4247309","-3,6677599"
Strike Club,dance_club,Ingen webbplats,2,,Madrid,"40,42101","-3,70202"
STRONG The Club,dance_club,http://www.strong.madrid/,2,,Madrid,"40,4188019","-3,707473"
Studio 29,dance_club,http://www.privateaser.es,2,,Madrid,"40,4395924","-3,6981879"
Studio54 (madrid),dance_club,http://studio54madrid.com/,2,,Madrid,"40,4210337","-3,6982198"
Stylo,dance_club,http://www.clubseamosamigos.com/,2,,Madrid,"40,4192855","-3,7033785"
Subway Party Club,dance_club,Ingen webbplats,2,,Madrid,"40,3867133","-3,7519672"
Sueños Latinos,dance_club,Ingen webbplats,2,,Madrid,"40,4561209","-3,7012458"
Sunset Strip Rock Pub,dance_club,Ingen webbplats,2,,Madrid,"40,39826","-3,66704"
Supperclub31,dance_club,Ingen webbplats,2,,Madrid,"40,4249635","-3,6854702"
Supreme Club,dance_club,Ingen webbplats,2,,Madrid,"40,42102","-3,70278"
SWAG CITY,dance_club,http://www.INSTAGRAM.com/SwagCitySpain,2,,Madrid,"40,4087","-3,71058"
Swing Club,dance_club,Ingen webbplats,2,,Madrid,"40,4088","-3,701674"
Tablao La Manuela,dance_club,https://lamanuelamadrid.com,2,,Madrid,"40,4578396","-3,6919276"
TANGA Party Madrid,dance_club,https://entradas.codetickets.com/entradas/locamente/,2,,Madrid,"40,4269","-3,69978"
Tangara The Club,dance_club,Ingen webbplats,2,,Madrid,"40,4641662","-3,6922368"
Tardeo MIX Madrid,dance_club,Ingen webbplats,2,,Madrid,"40,4161162","-3,7010302"
Tardeo Tribu,dance_club,https://www.fourvenues.com/es/tribu,2,,Madrid,"40,4101824","-3,6858286"
Tartufo,dance_club,http://www.tartufomadrid.com/,2,,Madrid,"40,44814","-3,696"
Taste Club,dance_club,Ingen webbplats,2,,Madrid,"40,4493789","-3,6950806"
TClub Pachá Madrid,dance_club,https://twitter.com/TeatroBarcel,2,,Madrid,"40,4269","-3,69978"
TEA PARTY Madrid,dance_club,https://instagram.com/teapartymadrid/,2,,Madrid,"40,4131413","-3,7005601"
Tekila Club Madrid,dance_club,Ingen webbplats,2,,Madrid,"40,4331298","-3,7147976"
Templo del Baile,dance_club,https://arteyconsciencia.wixsite.com/templodelbaile,2,,Madrid,"40,41959","-3,70795"
Teresa Club,dance_club,http://Www.qwsportbar.com/,2,,Madrid,"40,4157441","-3,7002216"
Testarossa LAB,dance_club,http://www.discotecasgratis.com/,2,,Madrid,"40,471349","-3,6822599"
The Bassement Club,dance_club,http://www.thebassementclub.com/,2,,Madrid,"40,4326214","-3,7102634"
The Garden Madrid,dance_club,Ingen webbplats,2,,Madrid,"40,4697251","-3,8190996"
The Host,dance_club,http://www.thehostclub.es/,2,,Madrid,"40,4262809","-3,7173188"
The Jungle Sessions,dance_club,Ingen webbplats,2,,Madrid,"40,438754","-3,7094703"
The Mini Club,dance_club,Ingen webbplats,2,,Madrid,"40,4202952","-3,7059405"
The MOTEL Club,dance_club,Ingen webbplats,2,,Madrid,"40,4302137","-3,696881"
THE PLACE house club madrid,dance_club,Ingen webbplats,2,,Madrid,"40,4223652","-3,6911484"
The Reverse World,dance_club,http://www.thereverseworld.com/,2,,Madrid,"40,413068","-3,722163"
The Show Kizomba Madrid,dance_club,http://theshowmadrid.com/,2,,Madrid,"40,4352548","-3,713672"
The Strawberries,dance_club,Ingen webbplats,2,,Madrid,"40,4187816","-3,7086867"
The warehouse :: Madrid,dance_club,http://www.thewarehouse.tv/,2,,Madrid,"40,4269605","-3,7076121"
Think Café Espectáculo,dance_club,http://www.thinkmadrid.es/,2,,Madrid,"40,5081286","-3,6747883"
ThoClub,dance_club,https://www.fourvenues.com/en/listasfrank,2,,Madrid,"40,4172114","-3,6987946"
Tiffany's,dance_club,http://tiffanystheclub.com/,2,,Madrid,"40,4456849","-3,6833178"
Timba Domingos Madrid,dance_club,Ingen webbplats,2,,Madrid,"40,38959","-3,66308"
Tipsy,dance_club,http://www.sottoclub.com/,2,,Madrid,"40,43869","-3,70951"
Titto's Club,dance_club,Ingen webbplats,2,,Madrid,"40,43512","-3,65848"
Tómbola Club,dance_club,Ingen webbplats,2,,Madrid,"40,4249617","-3,7137818"
triBall,dance_club,http://triballmadrid.com/,2,,Madrid,"40,4225144","-3,7016362"
Tribeca Gins & Cocktails,dance_club,Ingen webbplats,2,,Madrid,"40,42098","-3,701998"
Tropical House,dance_club,Ingen webbplats,2,,Madrid,"40,4213124","-3,7073237"
Tropical House Latin Session,dance_club,http://WWW.tropicalhouse.eu/,2,,Madrid,"40,4230649","-3,7087347"
Tropical House Madrid España,dance_club,http://www.tropicalhouse.es/,2,,Madrid,"40,4427","-3,70388"
Tropicali Madrid,dance_club,http://tropicalidiscoteca.com/,2,,Madrid,"40,3976008","-3,666536"
Tropicana Disco,dance_club,Ingen webbplats,2,,Madrid,"40,47436","-3,83636"
Tropikana DISCO,dance_club,http://www.tropikanadisco.com/,2,,Madrid,"40,3920286","-3,7088928"
Trueno,dance_club,http://www.truenoclub.com/,2,,Madrid,"40,41896","-3,70161"
TrussMadrid,dance_club,http://trussmadrid.es/,2,,Madrid,"40,4233295","-3,6720953"
TsunamiNikkeimadrid,dance_club,Ingen webbplats,2,,Madrid,"40,4314595","-3,6991329"
Tumbao Disco,dance_club,Ingen webbplats,2,,Madrid,"40,4431749","-3,7335166"
Tupperware,dance_club,http://www.tupperwareclub.com/,2,,Madrid,"40,4262704","-3,7016782"
Twentyone by Boom Room,dance_club,http://www.boomroomadrid.com,2,,Madrid,"40,45818","-3,68578"
TYSC Espacio,dance_club,http://www.tyscespacio.com/,2,,Madrid,"40,4572357","-3,7066604"
Ultrapop,dance_club,Ingen webbplats,2,,Madrid,"40,3989593","-3,7754222"
Un Domingo Cualquiera,dance_club,http://www.thebassementclub.com/,2,,Madrid,"40,43225","-3,71022"
Uñas Chung Lee,dance_club,https://unaschunglee.com/,2,,Madrid,"40,4361065","-3,7163207"
Upper Club,dance_club,http://bit.ly/UpperClub2021,2,,Madrid,"40,4171304","-3,6987619"
Urban 58,dance_club,http://www.urban58.com/,2,,Madrid,"40,4536778","-3,6943617"
URBAN ROOM,dance_club,http://www.ramseslife.com,2,,Madrid,"40,42066","-3,68906"
V&V Eventos,dance_club,http://www.vyveventos.es/,2,,Madrid,"40,5098363","-3,694926"
Vandido,dance_club,http://www.vandidoclub.com/,2,,Madrid,"40,425088","-3,677971"
Vanila118,dance_club,http://www.vanila118.com/,2,,Madrid,"40,4481845","-3,6903868"
Vanity Madrid,dance_club,http://www.vanitymadrid.net/,2,,Madrid,"40,41444","-3,70247"
Vanity Madrid,dance_club,http://www.vanitymadrid.net/,2,,Madrid,"40,4339043","-3,6914288"
Vanta Black Club,dance_club,http://vantaclub.es/,2,,Madrid,"40,47235","-3,68432"
Vendetta,dance_club,https://vendettamadrid.wordpress.com/,2,,Madrid,"40,41134","-3,714097"
Vibes,dance_club,https://xceed.me/es/events/madrid/72792/vibes-closing-party-goya-social-club,2,,Madrid,"40,42529","-3,68298"
Viejoteca España la suegra,dance_club,Ingen webbplats,2,,Madrid,"40,38349","-3,74742"
Viejoteca Palo È Mango,dance_club,,2,,Madrid,"40,4371109","-3,636497498"
Viejoteca Palo E Mango Madrid,dance_club,http://palodemango.es/,2,,Madrid,"40,4371207","-3,6364404"
Villa Soprano,dance_club,Ingen webbplats,2,,Madrid,"40,41698","-3,70936"
Vinoteca El Sumiller,dance_club,http://www.vinotecaelsumiller.es/,2,,Madrid,"40,39354","-3,75601"
Vita Bella - Vanila,dance_club,http://www.vanila118.com/,2,,Madrid,"40,44824","-3,69038"
VIVA Club,dance_club,http://vivatardeo.com/,2,,Madrid,"40,41562","-3,68378"
Viva Las Vegas Club,dance_club,https://instagram.com/vivalasvegasclub,2,,Madrid,"40,42101","-3,70202"
Volada,dance_club,Ingen webbplats,2,,Madrid,"40,4717367","-3,6821714"
Volta Cafe,dance_club,https://voltacafe.entradium.com/,2,,Madrid,"40,4254073","-3,6952448"
Vudu,dance_club,Ingen webbplats,2,,Madrid,"40,416411","-3,7004521"
Vudu Club madrid,dance_club,https://vuduclub.freedomadrid.com/,2,,Madrid,"40,4269015","-3,69978"
Vuélvete Loca,dance_club,Ingen webbplats,2,,Madrid,"40,4226571","-3,6994042"
Vyta Club,dance_club,https://www.vytaclub.com/,2,,Madrid,"40,4237652","-3,6752808"
WE Party,dance_club,http://www.wepartyontour.com/,2,,Madrid,"40,4234135","-3,6998603"
Weekend Club Madrid,dance_club,http://www.ohmclub.es,2,,Madrid,"40,4203371","-3,7058151"
Wicked! Madrid,dance_club,Ingen webbplats,2,,Madrid,"40,42163","-3,70342"
Winbledon,dance_club,Ingen webbplats,2,,Madrid,"40,4458","-3,67575"
Wolf Club Madrid,dance_club,Ingen webbplats,2,,Madrid,"40,4220695","-3,7023799"
WOW Madrid,dance_club,Ingen webbplats,2,,Madrid,"40,38736","-3,76166"
XOXO Madrid,dance_club,http://xoxomadrid.com/,2,,Madrid,"40,4204139","-3,703935"
Ya'sta Club,dance_club,http://www.yastaclub.net,2,,Madrid,"40,4211058","-3,7020205"
YENYERE Salsa ( Fans ),dance_club,Ingen webbplats,2,,Madrid,"40,434141","-3,684658"
Yessi Lounge,dance_club,https://www.instagram.com/yessi_lounge_oficial/,2,,Madrid,"40,46502","-3,6393065"
You Are The Club,dance_club,http://www.youaretheclub.eu/,2,,Madrid,"40,40962","-3,69287"
You Rock Talent,dance_club,http://theyourocktalent.com/,2,,Madrid,"40,4497","-3,66786"
YrokoMadrid,dance_club,https://www.instagram.com/belivemadrid,2,,Madrid,"40,4352561","-3,7162785"
Yunke Discos,dance_club,http://discosyunke.com,2,,Madrid,"40,417645","-3,707537"
ZEBRA CLUB,dance_club,http://zebraclub.es/,2,,Madrid,"40,4171532","-3,7065877"
Zenith Club Madrid,dance_club,Ingen webbplats,2,,Madrid,"40,4096332","-3,6929066"
ZOE Club,dance_club,http://www.madridlux.com/es/clubs/discotec-keeper-madrid/,2,,Madrid,"40,4327583","-3,6789"
Zombie CLUB,dance_club,http://www.zombiestudio.es/,2,,Madrid,"40,42453","-3,71208"
Zona Cero,dance_club,Ingen webbplats,2,,Madrid,"40,4343009","-3,6434558"
Zoologicoclub Madrid,dance_club,Ingen webbplats,2,,Madrid,"40,4507354","-3,693316"
Zsongo Club,dance_club,https://instagram.com/zsongoclub?igshid=YmMyMTA2M2Y%3D,2,,Madrid,"40,42564","-3,70316"
日本投資機構株式会社,dance_club,https://www.facebook.com/profile.php?id=100051411885843,2,,Madrid,"40,3985","-3,76222"
180,dance_school,http://www.danza180.com/,,,Madrid,"40,4389128","-3,713471"
A través del espejo Escuela de Danza,dance_school,http://atravesdelespejoescueladanza.es/,,,Madrid,"40,49049","-3,70568"
Abailarmadrid,dance_school,http://www.abailarmadrid.com/,,,Madrid,"40,4345405","-3,6687728"
Academia de Baile Asamba,dance_school,https://www.lacartaporfa.com/madrid/academiadebaileasamba/,,,Madrid,"40,38174","-3,6071"
Academia de baile Orishas Dance,dance_school,http://www.academiadebaileorishasdance.com/,,,Madrid,"40,4310711","-3,6094538"
Academia de danza Esther Racero,dance_school,http://www.estherracero.es/,,,Madrid,"40,4681651","-3,7226566"
Academia Nur Al-Nuyum,dance_school,http://www.nural-nuyum.wixsite.com/academia,2,,Madrid,"40,41105","-3,70445"
Ada Mo Dance Studio,dance_school,https://web.bewe.co/ada-mo-dance-studio/classes,,,Madrid,"40,393189","-3,7669905"
Anuadance,dance_school,http://www.anuadance.com/,,,Madrid,"40,3869093","-3,7326432"
AprendiendoSalsa,dance_school,https://www.instagram.com/invites/contact/?i=n4jhunf083ei&utm_content=1fl7v12,,,Madrid,"40,39726","-3,69321"
Aquí Se Baila Madrid,dance_school,Ingen webbplats,,,Madrid,"40,3980634","-3,7001606"
ARS Escuela de Música y Danza,dance_school,http://www.arsescuela.es/,,,Madrid,"40,409401","-3,7375481"
ArtDrawis Dance El Karnak,dance_school,https://www.elkarnak.com/,,,Madrid,"40,4205423","-3,6974476"
Asento Academy,dance_school,http://www.asentoacademy.es/,,,Madrid,"40,3821961","-3,7062388"
Asociación de Profesionales de la Danza en la Comunidad de Madrid,dance_school,http://www.porladanza.com/,,,Madrid,"40,3945721","-3,7127028"
Bachations,dance_school,http://www.robustomadrid.com/,,,Madrid,"40,4109863","-3,6983684"
Baila Con Estilo / Salsa Cubana en Madrid,dance_school,http://www.bailaconestilo.com/,,,Madrid,"40,41498","-3,70342"
Báilalo Madrid,dance_school,https://www.bailalomadrid.es/es/,,,Madrid,"40,3975862","-3,6959587"
Báilame Dance Studio,dance_school,http://www.bailamedancestudio.com/,,,Madrid,"40,42277","-3,70746"
Baildanzas,dance_school,Ingen webbplats,,,Madrid,"40,4536227","-3,6662976"
Baile de Salón José Ignacio,dance_school,http://www.bailedesalonjoseignacio.com/,,,Madrid,"40,43504","-3,7018816"
Barrelhouse Swing Project,dance_school,http://www.barrelhouse.es/,,,Madrid,"40,4507291","-3,707587"
Basi Y Deisy,dance_school,https://linktr.ee/BASIYDEISY,,,Madrid,"40,3892756","-3,7414341"
Bea Danza,dance_school,http://www.beadanza.com/,,,Madrid,"40,4022642","-3,6065912"
BHA Urbance,dance_school,http://www.bhaurbance.com/,,,Madrid,"40,4668958","-3,6956499"
Bhangra Spain,dance_school,http://www.bhangraspain.com/,,,Madrid,"40,3953451","-3,7104732"
Big Mama Swing Madrid,dance_school,http://www.bigmamaswing.com/,,,Madrid,"40,4043586","-3,7000866"
Blanco y Negro Studio,dance_school,http://www.blancoynegrostudio.com/,,,Madrid,"40,4365223","-3,6228395"
Calle Son - Clases de bailes sociales cubanos en Madrid,dance_school,http://www.calleson.es/,,,Madrid,"40,41105","-3,70445"
Celia Pareja Escuela de Flamenco y Danza,dance_school,http://Escuelaceliapareja.com/,,,Madrid,"40,436019","-3,701248"
Central de Pole,dance_school,http://www.centraldepole.com/,,,Madrid,"40,4081045","-3,7413604"
Centro Bambúdanza,dance_school,Ingen webbplats,2,,Madrid,"40,4126768","-3,7038639"
Centro de Artes Acrobáticas Multidisciplinar Fedriani,dance_school,http://www.escueladeacrobaciafedriani.com/,,,Madrid,"40,3945702","-3,7127161"
Centro de Danza Conde Casal,dance_school,http://www.latindanceacademy.es/,,,Madrid,"40,4057367","-3,667845"
Centro de Danza Maria Rosa,dance_school,http://www.centrodanzamariarosa.es/,,,Madrid,"40,4236188","-3,6797976"
Centro de Danza y Arte de Madrid (CDAM),dance_school,http://www.centrodedanzayartedemadrid.com/,,,Madrid,"40,4350485","-3,6423223"
Cha3 Bailes De Salón Y Eventos,dance_school,http://cha3.es/,,,Madrid,"40,4238983","-3,7271101"
Checa Studio,dance_school,Ingen webbplats,2,,Madrid,"40,4466182","-3,7148758"
Circulo de Baile,dance_school,https://circulodebaile.es/,,,Madrid,"40,4302083","-3,7077568"
Círculo de Vicky-Jose Antonio_Escuela de baile,dance_school,http://www.circulodevickyjoseantonio.es/,,,Madrid,"40,4385248","-3,7032488"
Claquetap Dance Studio,dance_school,http://www.claquetapmadrid.com/,,,Madrid,"40,4116169","-3,6681558"
Clases de Baile Nupcial para novios,dance_school,http://bailasinparar.com/Baile-para-Novios/,,,Madrid,"40,4297417","-3,7185963"
Compañía de Danza Clásica Las Artes,dance_school,http://www.danzalasartes.com/,,,Madrid,"40,4451036","-3,7869406"
"Compañía Nacional de Danza, Spain",dance_school,http://cndanza.inaem.gob.es/,,,Madrid,"40,39555","-3,7015"
Compañía y Escuela de Danza Ritmo,dance_school,https://www.instagram.com/ritmoescueladedanza/?hl=es,,,Madrid,"40,4070796","-3,7264552"
Connection Dance Center,dance_school,http://connectiondancecenter.com/,,,Madrid,"40,3891293","-3,7368816"
Contaptoe,dance_school,http://contaptoe.com,2,,Madrid,"40,4170407","-3,7060973"
Cristiane Azem School & Dance Company,dance_school,http://www.cristianeazem.com/escuela.html,,,Madrid,"40,4127267","-3,7038577"
Dame2Salsa,dance_school,http://www.dame2salsa.com/,,,Madrid,"40,4309123","-3,7178349"
Dance Station Studio,dance_school,http://www.dancestation.es/,,,Madrid,"40,4701793","-3,6954781"
Dance4Fun,dance_school,https://dance4fun.es/contacto/,,,Madrid,"40,4594273","-3,7796659"
DanceWay Madrid,dance_school,Ingen webbplats,2,,Madrid,"40,4232288","-3,6740564"
Dancing Boulevard,dance_school,http://www.dancingboulevard.com/,,,Madrid,"40,4589497","-3,6441162"
Dancing Drama,dance_school,http://www.dancingdrama.com/,,,Madrid,"40,4372464","-3,6452802"
Dancing Dreams,dance_school,http://www.dancingdreams.es,,,Madrid,"40,4028939","-3,6714715"
danielsaez.bailedesalon,dance_school,https://bailesdesalondanielsaez.es/,,,Madrid,"40,5065769","-3,685265"
Danza 13 Dance Center,dance_school,http://www.danza13.com/,,,Madrid,"40,430589","-3,6485506"
Danza Gemma Bautista,dance_school,http://www.danzagemmabautista.com/,,,Madrid,"40,4233634","-3,7047674"
danzareballet,dance_school,http://www.danzareballet.com/,,,Madrid,"40,434507","-3,6688025"
Danzation Madrid,dance_school,http://www.danzationmadrid.com/,,,Madrid,"40,4262487","-3,7172825"
Delawa Dancing & Sport Life,dance_school,http://www.delawa.es/,,,Madrid,"40,4695169","-3,6608196"
Dorisha Danza,dance_school,http://www.dorisha.com/,,,Madrid,"40,4439733","-3,7027303"
DsalsaMaster,dance_school,http://www.dsalsamaster.com/,,,Madrid,"40,420994","-3,7104289"
DWM,dance_school,http://www.dancewaymadrid.com/,,,Madrid,"40,4232","-3,67401"
Ecole Française de Danse,dance_school,http://www.ecolefrancaisededanse.com/,,,Madrid,"40,4533949","-3,6575293"
El Compas de la Vaguada,dance_school,http://www.alcompasdelavaguada.es/,,,Madrid,"40,4777833","-3,7150552"
El Conventiyo,dance_school,Ingen webbplats,2,,Madrid,"40,4617533","-3,6969608"
Elephant in the Black Box,dance_school,http://www.ebbcompany.com/,,,Madrid,"40,392981","-3,7130293"
Enchufla club de salsa,dance_school,Ingen webbplats,2,,Madrid,"40,3832653","-3,6727378"
Endanzza Centro de artes escénicas y danza,dance_school,http://endanzza.es/,,,Madrid,"40,40086","-3,704121"
Entrebailes,dance_school,http://www.entrebailes.com/,,,Madrid,"40,4037387","-3,5987539"
Escena Studio,dance_school,https://www.escenastudio.com/,,,Madrid,"40,3616666","-3,5538958"
Escuela Beatriz Luengo,dance_school,http://www.escuelabeatrizluengo.com,,,Madrid,"40,4721134","-3,636387"
Escuela Broadway,dance_school,https://escuelabroadway.com/,,,Madrid,"40,4488246","-3,6637962"
Escuela D'Ambra Dance Project,dance_school,http://www.alessandradambra.com/,,,Madrid,"40,4306874","-3,6722369"
Escuela Dance In Progress,dance_school,http://www.escueladanceinprogress.com/,,,Madrid,"40,4112011","-3,7194222"
"Escuela de Baile ""Paso a paso Madrid""",dance_school,https://www.pasoapasomadrid.com/,,,Madrid,"40,408679","-3,698669"
Escuela de baile Dancehall Center,dance_school,http://www.dancehallcenter.com/,,,Madrid,"40,38951","-3,69456"
Escuela de baile LV Dance,dance_school,https://www.lvdancesalsaybachata.com/,,,Madrid,"40,4580006","-3,6983031"
Escuela de Baile VM22,dance_school,https://www.vm22.com/,,,Madrid,"40,4118292","-3,6554816"
Escuela de Ballet Africa Guzman,dance_school,http://escueladeballetafricaguzman.com/,,,Madrid,"40,4153889","-3,672453"
Escuela De Ballet Nazarenco,dance_school,http://www.escuelanazarenco.blogspot.com.es/,,,Madrid,"40,4722659","-3,6934665"
Escuela de ballet y piano Di Mare Corporan,dance_school,http://www.escueladimarecorporan.es/,,,Madrid,"40,5057755","-3,7070814"
Escuela de Danza Almu,dance_school,Ingen webbplats,,,Madrid,"40,43585","-3,63923"
Escuela de Danza Ananya,dance_school,Ingen webbplats,2,,Madrid,"40,3978312","-3,7072982"
Escuela de Danza Carlos de Pura,dance_school,http://www.bailasevillanas.es/,,,Madrid,"40,4597282","-3,7012999"
Escuela de Danza Casa de Campo,dance_school,http://www.danzacasadecampo.com/,,,Madrid,"40,4018089","-3,7609968"
Escuela de Danza Cristina Valera,dance_school,https://www.facebook.com/danzacristinavalera,,,Madrid,"40,4033565","-3,6267832"
Escuela de Danza Duque,dance_school,http://www.danzaduque.com,,,Madrid,"40,4388239","-3,7134019"
Escuela de danza Joana Flores,dance_school,Ingen webbplats,,,Madrid,"40,39134","-3,75065"
Escuela de Danza Jose Chaves,dance_school,https://escuelaflamencojosechaves.wordpress.com/sobre-nosotros/,,,Madrid,"40,3794211","-3,6260462"
Escuela de Danza Oriental Ishtar,dance_school,https://danzaorientalishtar.com/,,,Madrid,"40,4015802","-3,6966014"
Escuela de Danza Rocio Palencia,dance_school,http://www.rociopalencia.es/,,,Madrid,"40,4828585","-3,7137227"
Escuela de danza Russkaya,dance_school,http://www.escuelarusskaya.com/,,,Madrid,"40,4690086","-3,645291"
Escuela de danza Silvia Yagüe,dance_school,https://silviayaguedanza.es/,,,Madrid,"40,4098091","-3,6595096"
Escuela de Danza Terpsicore,dance_school,http://escuelaterpsicore.weebly.com/,,,Madrid,"40,3828914","-3,7058816"
Escuela de Danza y Artes Escenicas Alma De La Riva,dance_school,http://www.almadelariva.com/,,,Madrid,"40,3951162","-3,6606868"
Escuela de Danza y Artes Escénicas Empezar de Cien,dance_school,http://www.empezardecien.com/,,,Madrid,"40,4005247","-3,666288"
"Escuela de Danza y Bienestar ""Flores del Desierto""",dance_school,http://floresdeldesierto.com/,,,Madrid,"40,4300627","-3,6976098"
Escuela de Flamenco - Sala Temple,dance_school,https://www.salatemple.es/escuela/,,,Madrid,"40,42046","-3,71775"
Escuela de Flamenco Madrid,dance_school,https://flamencodoloresgimenez.com/,,,Madrid,"40,4116185","-3,6986437"
Escuela de Música Boogie,dance_school,http://www.escuelademusicaboogie.com/,,,Madrid,"40,4255076","-3,6003456"
Escuela de Música y Danza Las Tablas,dance_school,http://www.musicaviva21.es/,,,Madrid,"40,50438","-3,67088"
Escuela de Música y Danza Libre Galileo 98,dance_school,http://www.galileo98.es,,,Madrid,"40,438418","-3,70981"
Escuela Duncan,dance_school,http://www.escueladuncan.es/,2,,Madrid,"40,4300603","-3,6482763"
Escuela El Lucero,dance_school,http://Www.centrolucero.com/,,,Madrid,"40,4161731","-3,6958008"
"Escuela Le Sauce, Deporte, Danza y Baile Madrid",dance_school,http://www.lesauce.es/,,,Madrid,"40,4629394","-3,7014984"
Escuela Samarkhanda,dance_school,http://www.escuelasamarkhanda.com/,,,Madrid,"40,4295959","-3,6483116"
"Escuela""Rincón de Tango""",dance_school,Ingen webbplats,,,Madrid,"40,3971761","-3,6934676"
Esencia Studios,dance_school,https://esenciastudios.com/,,,Madrid,"40,4395525","-3,6274737"
Espacio de Danza y Creación,dance_school,http://www.espaciodedanza.com,,,Madrid,"40,4464114","-3,7061609"
Espacio Embrujo Flamenco Madrid,dance_school,http://www.embrujo.org/,,,Madrid,"40,3845","-3,62481"
Estudio de Danza Carmen Cubillo,dance_school,http://www.carmencubillo.es/,,,Madrid,"40,4431241","-3,7017227"
Estudio de Danza Esther Canizares,dance_school,http://www.estherdance.com,,,Madrid,"40,4764104","-3,7088168"
Estudio de Danza Guillermina de Bedoya,dance_school,http://www.debedoya.es/intensivo/,,,Madrid,"40,4794256","-3,7228094"
Estudio De Danza Javy Martín,dance_school,http://www.javymartin.com/estudio-de-danza,,,Madrid,"40,4309696","-3,646479"
Estudio de Danza María Mata,dance_school,http://www.mariamata.com/,,,Madrid,"40,4368782","-3,68191"
Estudio de Danza Mirasierra,dance_school,Ingen webbplats,,,Madrid,"40,4851096","-3,7208364"
Evelan estudio de danza,dance_school,Ingen webbplats,,,Madrid,"40,43638","-3,67393"
Evil Eva Burlesque School/La luna descalza,dance_school,http://www.evilevaburlesqueschool.com/,,,Madrid,"40,3933103","-3,7124442"
Evolution Dance School,dance_school,https://evolutiondance.es/,,,Madrid,"40,4464132","-3,7061959"
"Expresarte - Danza, teatro y más",dance_school,http://expresarte-madrid.com/,,,Madrid,"40,4454146","-3,6148349"
Factoria de Movimiento,dance_school,http://factoriademovimiento.jimdo.com/,,,Madrid,"40,440429","-3,677299"
Factory Ballet Madrid,dance_school,https://www.factoryclaqueexcellent.com/es/,,,Madrid,"40,4288445","-3,6771047"
Famcity,dance_school,http://www.famcity.es/,,,Madrid,"40,3628932","-3,6990513"
Fame Factory Madrid,dance_school,https://www.famefactory.es/es/,,,Madrid,"40,4288509","-3,6771358"
Flamenco AMOR De DIOS,dance_school,http://www.amordedios.com/,,,Madrid,"40,4114991","-3,6988424"
Flamenco Experience,dance_school,http://flamenco-experience.es/,,,Madrid,"40,41155","-3,6985911"
"Formación Contact Improvisación Madrid, Espaciofci",dance_school,http://www.espaciofci.com/,,,Madrid,"40,47227","-3,57703"
Fransdance,dance_school,http://www.fransdance.es/,,,Madrid,"40,4813408","-3,7105731"
Frequency - Estudio de Arterapia y Danza,dance_school,http://frequencyarteydanza.com/,,,Madrid,"40,4334885","-3,6694276"
Fundación Para La Danza Víctor Ullate,dance_school,http://www.fundacionvictorullate.com/,,,Madrid,"40,42057","-3,67849"
FundaciÓN Psico Ballet Maite LeÓN,dance_school,https://linktr.ee/psicoballetmaiteleon,,,Madrid,"40,4405134","-3,6381743"
Gambini estudio de Danza,dance_school,http://www.gambini.es/,,,Madrid,"40,4165313","-3,6714738"
Gays Lesbianas Baile Nupcial,dance_school,http://bailasinparar.com/Baile-para-Novios/,2,site is not related ,Madrid,"40,4310199","-3,7179"
Global Dance - Escuela de Baile de Salon y Deportivo,dance_school,http://www.globaldance.es/,,,Madrid,"40,4302517","-3,7174558"
Glow Up Pole Studio,dance_school,http://www.glowupolemadrid.com/,,,Madrid,"40,3895493","-3,6945507"
I.C. Raíces del Perú,dance_school,http://www.raicesdelperu.es/,,,Madrid,"40,3933857","-3,7319355"
In Stage,dance_school,https://bailainstage.com/,,,Madrid,"40,450081","-3,7099934"
Kaótica Farándula,dance_school,http://kaoticafarandula.es.tl/,2,,Madrid,"40,4607699","-3,644659"
Karamelo Madrid,dance_school,http://www.danzationmadrid.com/,2,,Madrid,"40,41568","-3,70928"
"Kinétika, danza y bienestar Madrid",dance_school,https://kinetikamadrid.com/,,,Madrid,"40,4354012","-3,6733577"
La Bulería,dance_school,http://www.labuleria.es/,,,Madrid,"40,44039","-3,68497"
La Corrala de la Danza,dance_school,http://www.lacorraladeladanza.es/,,,Madrid,"40,4086239","-3,6985787"
La Demo Swing Lab,dance_school,http://www.linktr.ee/lademoswinglab,,,Madrid,"40,4124495","-3,7023825"
La Forja,dance_school,http://www.laforjadanceacademy.com/,,,Madrid,"40,3727822","-3,7497438"
Liberdanza Madrid,dance_school,http://liberdanzamadrid.com/,,,Madrid,"40,3908021","-3,7515571"
Madrid Dance - Academia de Baile,dance_school,http://www.madrid-dance.com/,,,Madrid,"40,4018299","-3,6912"
Madrid Dance Center,dance_school,http://www.madriddancecenter.wordpress.com/,,,Madrid,"40,3894178","-3,7201024"
"Madrid Dance Classes - Ballroom, Salsa, Swing and more",dance_school,http://www.freefitnessmadrid.org/,,,Madrid,"40,4109961","-3,704538"
Madrid Pole Dance Studio,dance_school,http://madridpoledancestudio.com/,,,Madrid,"40,4246482","-3,6655642"
Make A Move Madrid,dance_school,Ingen webbplats,2,,Madrid,"40,4238042","-3,7234865"
Martes y Jueves,dance_school,https://martesjueves.wordpress.com/,,,Madrid,"40,3952857","-3,7331811"
MasoroBaile,dance_school,http://www.masorobaile.es/,,,Madrid,"40,42673","-3,6734"
Mi Danza Irene Blanco,dance_school,http://www.midanza.es/,,,Madrid,"40,4071355","-3,6362888"
Miguel Mendoza Marinera,dance_school,http://www.miguelmendoza.es/,,,Madrid,"40,3429633","-3,7041555"
Ministerio de Danza Yadah La Viña,dance_school,https://youtube.com/channel/UCG1FzlS5XLdZC27xYK4Ptxw,,,Madrid,"40,37884","-3,74157"
Miss Mambo Burlesqueterapia,dance_school,https://missmambo.com/,2,,Madrid,"40,4271578","-3,7059833"
Mushi,dance_school,http://www.mushi-emd.com,,,Madrid,"40,4078869","-3,6790143"
Nacho Duato Academy,dance_school,http://nachoduatotraineeprogram.com/,,,Madrid,"40,4374854","-3,6752104"
No·Ba Danza Studio,dance_school,http://nobadanza.com/,,,Madrid,"40,3795754","-3,6061667"
NuKiz,dance_school,https://nukiz.org/,,,Madrid,"40,3939556","-3,7234946"
Oscar Nuria Tango,dance_school,http://www.magiadelbaile.es/,,,Madrid,"40,4563195","-3,6922109"
Pasión Dance,dance_school,http://www.pasiondance.es/,,,Madrid,"40,4681966","-3,6845051"
Pole Dance Studio Aravaca,dance_school,https://juanbrenesdancer.com/clases-de-pole-dance-aravaca-clases-de-pole-dance-pozuelo/,,,Madrid,"40,4562055","-3,780624"
Portalo's Escuela de Baile y Pilates,dance_school,http://baileypilatesmadrid.com/,,,Madrid,"40,4367488","-3,668064"
PremiumDance - Clases de salsa en madrid,dance_school,http://www.premiumdance.es/,,,Madrid,"40,4230079","-3,6637065"
pro_studio_pole,dance_school,http://www.pro-studio.es/,,,Madrid,"40,4018037","-3,6912248"
RCPD Mariemma,dance_school,http://www.rcpdmariemma.com/,,,Madrid,"40,3790701","-3,7372641"
Real Conservatorio Profesional de Danza Mariemma,dance_school,http://www.rcpdanza.com,,,Madrid,"40,405249","-3,705869"
Sahra Ardah,dance_school,http://www.sahra-ardah.com/,,,Madrid,"40,46975","-3,71724"
Salsabachata,dance_school,https://salsabachata.es/,,,Madrid,"40,4357399","-3,7051437"
Salsalon,dance_school,http://www.salsalon.com/,,,Madrid,"40,4058469","-3,6787721"
Salsambo Madrid,dance_school,Ingen webbplats,,,Madrid,"40,40153","-3,69667"
Sara Lobo Escuela de Danza,dance_school,http://www.escueladedanzasaralobo.com/,,,Madrid,"40,3670819","-3,5975262"
Sara Ramos Flamenco,dance_school,Ingen webbplats,2,,Madrid,"40,41955","-3,69196"
Sarao Academia de Baile,dance_school,http://www.academia-sarao.com/,,,Madrid,"40,42044","-3,70544"
ShelzzArm Music & Bellydance Studio,dance_school,https://shelzza.com/nuestra-escuela-shelzzarm-music-bellydance-studio/,,,Madrid,"40,3995816","-3,7013407"
SLSDance,dance_school,http://www.slsdance.com/,,,Madrid,"40,40392","-3,70539"
SPOT DANCE Project,dance_school,Ingen webbplats,2,,Madrid,"40,427641","-3,647827"
Stravadanza,dance_school,http://www.stravadanza.com/,,,Madrid,"40,3863887","-3,7430347"
Studio de Baile Montecarmelo,dance_school,http://www.studiomontecarmelo.com/,2,,Madrid,"40,5033684","-3,70099"
Studio11 Madrid,dance_school,https://www.studio11madrid.com/,2,,Madrid,"40,4380432","-3,6664571"
studionoventayuno,dance_school,Ingen webbplats,,,Madrid,"40,4787143","-3,645106"
Stylo Danza,dance_school,http://www.stylodanza.com/,,,Madrid,"40,4337971","-3,7133537"
Swing Madrid Festival,dance_school,http://www.swingmadrid.com/,2,,Madrid,"40,4365296","-3,6228447"
Swingtoñal,dance_school,https://www.bigmamaswing.com/swingtonal,2,,Madrid,"40,4043872","-3,700051"
Tango Por Tango,dance_school,http://www.tangoportango.es/,,,Madrid,"40,404542","-3,701039"
The Place Dance Studio Madrid,dance_school,http://www.theplacedancestudiomadrid.com/,,,Madrid,"40,4368073","-3,6081177"
The Revolution Place,dance_school,https://www.therevolutionplace.com/,,,Madrid,"40,42277","-3,7075499"
Theplacedancestudio.alcorcon,dance_school,Ingen webbplats,2,,Madrid,"40,3611002","-3,7821727"
TimbaAlarde,dance_school,Ingen webbplats,2,,Madrid,"40,41276","-3,70241"
Tinikling,dance_school,Ingen webbplats,2,,Madrid,"40,42128","-3,69575"
TOK Dance Center,dance_school,Ingen webbplats,2,,Madrid,"40,386505","-3,732501"
Tres en danza,dance_school,http://tresendanza.es/,,,Madrid,"40,4379192","-3,7166142"
Ullate Roche,dance_school,http://www.ullateroche.com/,,,Madrid,"40,5084029","-3,6452018"
Union Dance ,dance_school,http://www.uniondance.es/,,,Madrid,"40,45761","-3,5853939"
Ventas Baila,dance_school,Ingen webbplats,,,Madrid,"40,425997","-3,6618846"
Víctor Ullate Ballet,dance_school,http://www.victorullateballet.com/,,,Madrid,"40,4385199","-3,70505"
Vilarinyo,dance_school,https://www.espaciovilarinyo.com/,,,Madrid,"40,3864216","-3,7448957"
Virginia Recio Estudio de Danza,dance_school,http://www.virginiarecio.es/,,,Madrid,"40,4392586","-3,6361109"
Volando Voy Danzando Vengo,dance_school,http://volandovoydanzandovengo.blogspot.com.es/,,,Madrid,"40,4498231","-3,7071658"
Volarmony,dance_school,http://www.volarmony.com/,,,Madrid,"40,40451","-3,67832"
WCS Black & White Madrid,dance_school,https://www.westcoastswing.madrid/,,,Madrid,"40,43376","-3,6329"
Woodside Jazz,dance_school,http://www.woodsidejazz.es/,,,Madrid,"40,40866","-3,6952"
WOSAP Dance Studio,dance_school,http://www.wosap.com/,,,Madrid,"40,3882927","-3,7015732"
Yolobailo - Escuela de Baile,dance_school,Ingen webbplats,,,Madrid,"40,43137","-3,66899"
Frezyderm España,decorative_arts_museum,http://www.instagram.com/frezyderm_es/,2,,Madrid,"40,50747","-3,65359"
Burberry,designer_clothing,https://es.burberry.com/,,,Madrid,"40,496979","-3,561135"
Crownhill Shoes,designer_clothing,https://www.crownhillshoes.com/,2,,Madrid,"40,4273","-3,68505"
Duarte Madrid,designer_clothing,https://www.duartemadrid.com/,2,,Madrid,"40,4233513","-3,6973998"
El Corte Inglés Outlet,designer_clothing,https://www.elcorteingles.es/centroscomerciales/es/outlet/centros/outlet-abada,2,,Madrid,"40,419068","-3,704015"
El Corte Inglés Seguros,designer_clothing,https://seguros.elcorteingles.es/oficinas/madrid/el-corte-ingles-sanchinarro/,2,,Madrid,"40,497512","-3,6626"
MARCIANO GUESS,designer_clothing,https://www.guess.eu/-/marciano-by-guess,2,,Madrid,"40,49773026","-3,66113567"
MARCIANO GUESS,designer_clothing,https://www.guess.eu/-/marciano-by-guess,2,,Madrid,"40,4564336","-3,6178227"
Max Dental,designer_clothing,http://www.maxdental.es/,2,,Madrid,"40,43333488","-3,693343667"
Nosologemelos,designer_clothing,https://www.nosologemelos.com/,2,,Madrid,"40,4289926","-3,6793236"
Petit Comité,designer_clothing,https://restaurante-petitcomite.com/,2,,Madrid,"40,45324939","-3,69759364"
renatta&go,designer_clothing,https://www.renattandgo.com/,2,,Madrid,"40,4464933","-3,6945938"
renatta&go,designer_clothing,https://www.renattandgo.com/,2,,Madrid,"40,478843","-3,6866424"
Restaurante El Corte Inglés,designer_clothing,https://www.elcorteingles.es/hosteleria/restaurantes/,2,,Madrid,"40,497567","-3,662581"
Tintorería Japonesa,designer_clothing,https://www.tintoreriajaponesa.com/es/,2,,Madrid,"40,4291012","-3,6493203"
Wolala Madrid - Atocha,designer_clothing,https://www.wolala.com/,2,,Madrid,"40,4130407","-3,7005247"
Wolala Madrid - Fuencarral,designer_clothing,https://www.wolala.com/,2,,Madrid,"40,4321761","-3,7036816"
DJ Aleea,dj_service,https://aleea.es/,,,Madrid,"40,4162071","-3,7073337"
DJ Bruss,dj_service,https://dj-bruss.ueniweb.com/,,,Madrid,"40,4075283","-3,723731"
Fellino,dj_service,Ingen webbplats,2,,Madrid,"40,41955","-3,69196"
Netcom DJ Music,dj_service,https://ueni.com/es-es/negocio/madrid-28019/dj-para-eventos/netcomdjmusic,,,Madrid,"40,397185","-3,71697"
Prem1um Professional Djs Madrid,dj_service,https://www.djspremium.com/,,,Madrid,"40,4368007","-3,6695299"
Escuela de Baile Flamenco Dolores Gimenez,drama_school,https://flamencodoloresgimenez.com/,2,dance school,Madrid,"40,4116103","-3,6986475"
Escuela de Interpretación en Madrid | Mario Bolaños,drama_school,http://mariobolanos.com/,,,Madrid,"40,4603076","-3,6749861"
Escuela de Interpretación Madrid | Work in Progress,drama_school,https://estudio-workinprogress.com/,,,Madrid,"40,3928854","-3,7204704"
Escuela de teatro La Lavandería,drama_school,https://lavanderiateatro.es/cursos-teatro-madrid/,,,Madrid,"40,4353319","-3,7057573"
INTACTO Espacio Creativo,drama_school,https://espaciointacto.es/,,,Madrid,"40,4709433","-3,7008533"
"La Excéntrica by Joaco Martin & Ana Serzo | Escuela de Teatro, Clown, Impro & Burlesque",drama_school,http://www.joacomartin.com/,,,Madrid,"40,41701505","-3,706029713"
laboratorio Teatral Abierto,drama_school,Ingen webbplats,,,Madrid,"40,42998886","-3,722762585"
Nuria de Luna escuela de teatro y crecimiento,drama_school,https://www.nuriadelunaescuela.com/,,,Madrid,"40,3953086","-3,6974966"
TEATRO MUSICAL IMPRO,drama_school,https://musicalimpro.com/,,,Madrid,"40,38651","-3,73292"
Teatro Musical Impro,drama_school,https://musicalimpro.com/,,,Madrid,"40,4082853","-3,7081728"
Autocine Madrid,drive_in_theater,http://www.autocines.com/,,,Madrid,"40,4861739","-3,6777638"
Bruclin Madrid,drive_in_theater,Ingen webbplats,,,Madrid,"40,41177","-3,72789"
Cine Callao,drive_in_theater,http://www.guiadelocio.com,,,Madrid,"40,42043","-3,70657"
Cines Renoir Princesa,drive_in_theater,http://www.cinesrenoir.com,,,Madrid,"40,4248822","-3,7129266"
Cineteca Madrid,drive_in_theater,http://www.cinetecamadrid.com/,,,Madrid,"40,3918535","-3,6966635"
Mi Amor por Ti es Puro & Infinito,drive_in_theater,Ingen webbplats,2,,Madrid,"40,42029","-3,70588"
Pequeño Cine Estudio,drive_in_theater,http://www.pcineestudio.es/,,,Madrid,"40,4324328","-3,7058074"
Séptimo Arte Digital,drive_in_theater,http://www.septimoartedigital.com,,,Madrid,"40,424905","-3,698046"
Generación Sci-Fi: Exposición de Figuras de Cine Fantástico,exhibition_and_trade_center,https://generacionscifi.com/,2,,Madrid,"40,4521628","-3,6918615"
- Bingo Roma,fair,http://salaroma.es/,2,,Madrid,"40,4280677","-3,667753"
⏳ Zig Zag - Sala de Escape en Madrid,fair,https://www.zigzagescaperoom.com/,2,,Madrid,"40,3872151","-3,7315776"
Avanza Events,fair,https://avanzagroup.com/es/blog/,2,,Madrid,"40,3356201","-3,7039616"
Avanza Events,fair,https://avanzaevents.com/es/,2,,Madrid,"40,3359035","-3,6968202"
Campo de las Naciones,fair,http://gestoriacampodelasnaciones.es/contacto,2,,Madrid,"40,454789","-3,620887"
Cine Yelmo Isla Azul,fair,http://www.yelmocines.es/,2,,Madrid,"40,3639472","-3,7386507"
CINESA,fair,http://www.cinesa.es/Cines/Las-Rosas,2,,Madrid,"40,4186006","-3,6204416"
Cinesa,fair,http://www.cinesa.es/Cines/Proyecciones,2,,Madrid,"40,4314857","-3,7031745"
Cinesa,fair,http://www.cinesa.es/Cines/Manoteras,2,,Madrid,"40,4860611","-3,6656298"
Cluedo en vivo,fair,https://cluedosenvivo.com/,2,,Madrid,"40,4393625","-3,7115475"
DAZTINTO CONSULT ,fair,http://daztinto.com/,2,,Madrid,"40,4481649","-3,6485713"
Emotion! Escape Para Niños Madrid,fair,http://www.emotionescape.com/,2,,Madrid,"40,4265964","-3,6734719"
Escape Room - Coco Room Madrid,fair,https://cocoroom.es/madrid/,2,,Madrid,"40,40265","-3,703896"
Escape Room Experiencity,fair,https://colorsescaperoom.com/madrid,2,,Madrid,"40,40490979","-3,7164588"
Escape Room Madrid - Coco Room,fair,https://cocoroom.es/madrid/,2,,Madrid,"40,40265","-3,703896"
Hachaland - Lanzamiento de Hachas & Axe Throwing,fair,http://www.hachaland.com/,2,,Madrid,"40,44748","-3,61065"
Next Door Escape room,fair,https://www.nextdoorescaperoom.com/,2,,Madrid,"40,41337","-3,70921"
ORISHAS DANCE .,fair,https://academiadebaileorishasdance.com/,2,,Madrid,"40,43099","-3,60946"
Tofuro Bar - café&food,fair,http://www.tofuro.com/,2,,Madrid,"40,39797","-3,70452"
ABE the APE,fashion,http://www.abetheape.es/,,,Madrid,"40,42204","-3,69558"
Academia de la Moda Española,fashion,https://premios.academiadelamoda.es/inscripcion/,,,Madrid,"40,4133","-3,69919"
Acqua di Parma,fashion,Ingen webbplats,2,,Madrid,"40,43365","-3,639"
Adorie ,fashion,http://adorie.es/,,,Madrid,"40,4227","-3,71013"
Ailana,fashion,Ingen webbplats,2,,Madrid,"40,42436","-3,707"
Albion 1879,fashion,http://www.albion1879.com/,,,Madrid,"40,4190145","-3,6980147"
Alcala4,fashion,http://www.alcala4.com/,,,Madrid,"40,41704","-3,7018146"
Aleron Club Shop,fashion,https://d4bc45.myshopify.com/,2,,Madrid,"40,40971","-3,69312"
Alexander Wintsch,fashion,https://shop.yodel.es/es/40-alexander-wintsch,2,,Madrid,"40,5134073","-3,6730301"
"Almacen De MODA, Centro Comercial Los Angeles, Av Andalucia Km 7, Madrid",fashion,Ingen webbplats,2,,Madrid,"40,3709599","-3,69437"
Almacenes Jimar,fashion,Ingen webbplats,2,,Madrid,"40,4022799","-3,6065275"
Almirante Blas,fashion,https://www.almiranteblas.es/,,,Madrid,"40,4141702","-3,7018533"
Anaely Academia,fashion,http://anaely-academia.com/,,,Madrid,"40,442","-3,56938"
ANDE Asociación de Nuevos y Jóvenes Diseñadores Españoles,fashion,https://www.asociacion-ande.com/,,,Madrid,"40,4139792","-3,7123652"
Anne et Annie,fashion,http://www.anneetannie.es/,2,,Madrid,"40,4019056","-3,6959817"
Antonio Rivas,fashion,Ingen webbplats,2,,Madrid,"40,4262155","-3,6832314"
Ardemans,fashion,Ingen webbplats,2,,Madrid,"40,4365102","-3,6749501"
Art&Couture,fashion,Ingen webbplats,2,,Madrid,"40,4331494","-3,7088113"
Audrey Boutique,fashion,Ingen webbplats,2,,Madrid,"40,4382883","-3,7083933"
Aura Elegan ,fashion,http://auraelegan.com/,,,Madrid,"40,4291722","-3,67939"
BAG BY Blanca Astolfi,fashion,http://www.blancaastolfi.com/,,,Madrid,"40,4366925","-3,6842199"
Baggana,fashion,http://Www.Baggana.es/,,,Madrid,"40,43179","-3,71732"
Bambú Madrid,fashion,Ingen webbplats,2,,Madrid,"40,40555","-3,67348"
BARUC,fashion,https://baruc.com/,,,Madrid,"40,429876","-3,678418"
Belén del Álamo,fashion,https://belen-del-alamo.negocio.site/,,,Madrid,"40,4351118","-3,6962482"
Boco Madrid,fashion,http://Www.bocomadrid.com/,,,Madrid,"40,4810665","-3,7168367"
Bolboreta,fashion,Ingen webbplats,2,,Madrid,"40,4684417","-3,7224795"
Brave Soul Store,fashion,https://bravesoul.es/,,,Madrid,"40,41566","-3,68916"
Bread&Boxers_es,fashion,https://breadandboxers.es/,,,Madrid,"40,4343857","-3,6229975"
Bryan Stepwise,fashion,https://bryanstepwise.com/,,,Madrid,"40,4226123","-3,6950016"
Bryony,fashion,https://bryony.es/,,,Madrid,"40,4797216","-3,7065352"
Cadis Centro de Comunicación Terapia y Educación,fashion,http://www.centro-cadis.es,,,Madrid,"40,42413","-3,60203"
Camiseria Cano,fashion,http://www.camiseriacano.com/,,,Madrid,"40,4938583","-3,6837101"
Casa de Arreglos CyR,fashion,Ingen webbplats,2,,Madrid,"40,3867376","-3,7447521"
CASAPIÚ,fashion,Ingen webbplats,2,,Madrid,"40,4137606","-3,6980619"
Cea 36 Centro Óptico,fashion,http://www.cea36.com/,,,Madrid,"40,4389736","-3,7104906"
Centro Liturgico,fashion,Ingen webbplats,2,,Madrid,"40,4171179","-3,7073346"
Cèsar Salas Estudio,fashion,http://www.cesarsalas.es/,,,Madrid,"40,4253","-3,69805"
Chus Burés,fashion,http://www.chusbures.com/,,,Madrid,"40,4298292","-3,6868272"
CinCinnati.urban,fashion,Ingen webbplats,2,,Madrid,"40,4262121","-3,6077602"
Claumon,fashion,https://www.claumon.com/,,,Madrid,"40,3781701","-3,7948805"
Club De Labores Madrid,fashion,http://www.clubdelabores.com/,,,Madrid,"40,45418","-3,68091"
Cocowhite complementos,fashion,http://cocowhitecomplementos.com/,,,Madrid,"40,34107","-3,69421"
Codo Madrid,fashion,Ingen webbplats,2,,Madrid,"40,4174993","-3,7076385"
Colors_milas,fashion,https://colorsmilas.com/,,,Madrid,"40,4724488","-3,6923127"
Cortefiels,fashion,http://cortefiel.com/es,,,Madrid,"40,4198621","-3,702848"
Cosmosophie_com,fashion,http://cosmosophie.com/,,,Madrid,"40,46706","-3,79388"
D-LUZ,fashion,http://www.d-luz.com/,,,Madrid,"40,4346766","-3,7017472"
Dalila & Eugene,fashion,http://www.dalilayeugene.com/,,,Madrid,"40,4501657","-3,6778925"
Dejjad,fashion,Ingen webbplats,2,,Madrid,"40,477488","-3,7023532"
Depilación al hilo,fashion,Ingen webbplats,2,,Madrid,"40,42967","-3,65921"
Dim,fashion,https://www.elcorteingles.es/dim/8-dias-de-oro/,,,Madrid,"40,413496","-3,7023926"
Diseñador De Moda,fashion,http://www.costuraspinroch.com/,,,Madrid,"40,42519","-3,65764"
Divino.barbershop,fashion,Ingen webbplats,2,,Madrid,"40,3897133","-3,7202152"
El Asombrario & Co.,fashion,http://elasombrario.com/,,,Madrid,"40,4237","-3,69778"
El Atelier de Paz,fashion,http://www.elatelierdepaz.com/,,,Madrid,"40,427588","-3,6620971"
El Popup de Gran Via,fashion,Ingen webbplats,2,,Madrid,"40,4232","-3,71021"
El Taller,fashion,Ingen webbplats,2,,Madrid,"40,42436","-3,67702"
El zapatero de Joana,fashion,http://www.elzapaterodejoana.com/,,,Madrid,"40,3506753","-3,6909655"
Eldoradobarbershop,fashion,Ingen webbplats,2,,Madrid,"40,37665","-3,62088"
"Enigma Bohemia, SLU",fashion,http://www.enigmabohemia.com/,,,Madrid,"40,4873","-3,6674"
Entropy Studio,fashion,http://www.entropystudio.net/,,,Madrid,"40,40704","-3,698"
ESCADA,fashion,http://www.escada.com/,,,Madrid,"40,43024","-3,685614"
espacioatella,fashion,http://www.espacioatella.es/,,,Madrid,"40,4416946","-3,6720628"
Eurofiel Confeccion,fashion,http://www.grupocortefiel.com,,,Madrid,"40,418466","-3,622611"
Exotica,fashion,http://www.exotica.madrid.com/,,,Madrid,"40,4268287","-3,703229"
Fábrica de Texturas,fashion,http://fabricadetexturas.com/,,,Madrid,"40,4333358","-3,7125322"
Farela Moda,fashion,https://farela.es/,,,Madrid,"40,4080654","-3,6989668"
FÉLIX Camuñas MODA Hombre,fashion,Ingen webbplats,2,,Madrid,"40,4446581","-3,6759632"
Finsa21,fashion,http://finsa21.finsa.com/,,,Madrid,"40,4452798","-3,6998914"
Fior Ventura,fashion,http://Www.fiortalentfashion.es/,,,Madrid,"40,4501117","-3,6614789"
forte_forte,fashion,http://www.forte-forte.com/,,,Madrid,"40,4293839","-3,6858741"
Galería Canalejas,fashion,http://galeriacanalejas.com/,,,Madrid,"40,4170204","-3,7009656"
Giari,fashion,Ingen webbplats,2,,Madrid,"40,43527","-3,68078"
Globant Madrid,fashion,http://www.globant.com,,,Madrid,"40,41667","-3,699168"
GM MEN,fashion,https://kildafood.com/,,,Madrid,"40,44519","-3,69755"
Goguigo,fashion,Ingen webbplats,2,,Madrid,"40,4297701","-3,6770238"
Golden Goose,fashion,http://www.goldengoose.com/,,,Madrid,"40,44835","-3,69169"
Graficafutura,fashion,http://www.graficafutura.es/,,,Madrid,"40,4464134","-3,6755706"
Grupo Exclusive,fashion,http://www.grupoexclusive.es,,,Madrid,"40,42003","-3,70027"
Grupo Josvil,fashion,http://www.grupojosvil.es/,,,Madrid,"40,478835","-3,7044049"
Hedera Novias,fashion,http://www.hederanovias.com/,,,Madrid,"40,4790097","-3,7038163"
Hemper,fashion,https://hemperstore.com/,,,Madrid,"40,4283","-3,70719"
Hermès,fashion,Ingen webbplats,2,,Madrid,"40,417307","-3,7001402"
Hildegarda de Fiesta,fashion,http://www.hildegardadefiesta.com/,,,Madrid,"40,4259335","-3,6793106"
Hipershop,fashion,https://hipershoptienda.es/55-mobiliario-tiendas,,,Madrid,"40,3920052","-3,7082767"
Holy Guns,fashion,http://www.holyguns.es/,,,Madrid,"40,42575","-3,7034988"
Horwear.com,fashion,http://horwear.com/,,,Madrid,"40,39347","-3,68791"
Hug & Clau,fashion,http://hugandclau.com,,,Madrid,"40,36274","-3,73885"
Hug & Clau,fashion,Ingen webbplats,2,,Madrid,"40,3907031","-3,7020992"
Ipunto Studio,fashion,http://www.ipunto.es/,,,Madrid,"40,4744487","-3,7276163"
Javier Simorra,fashion,Ingen webbplats,2,,Madrid,"40,4277599","-3,6875244"
JIA studio,fashion,https://www.instagram.com/jiastudioru/,,,Madrid,"40,39338","-3,67926"
JIMMY CHOO,fashion,Ingen webbplats,2,,Madrid,"40,42987","-3,67491"
Jorge de la Rosa,fashion,http://www.jorgedelarosa.es/,,,Madrid,"40,4274387","-3,7062807"
Joyel,fashion,http://www.joyel.es/,,,Madrid,"40,4206979","-3,7008492"
Kidolphin Organic,fashion,http://www.kidolphin.com/,,,Madrid,"40,4337977","-3,6921995"
Kiliwa,fashion,Ingen webbplats,2,,Madrid,"40,46385","-3,68206"
Kjm kimono,fashion,Ingen webbplats,2,,Madrid,"40,3987014","-3,6914988"
KLÜTE,fashion,https://kluteoffiziell.com/,,,Madrid,"40,4148656","-3,7027288"
KLÜTE,fashion,https://kluteoffiziell.com/,,,Madrid,"40,4514","-3,6768"
Koloreske,fashion,http://www.decimas.es,,,Madrid,"40,479388","-3,707782"
Kumbasari_Madrid,fashion,http://www.kumbasari.com/,,,Madrid,"40,4105299","-3,704504"
L'Atelier Madrid,fashion,http://www.lateliermadrid.es/,,,Madrid,"40,42459","-3,69722"
La Caprichosa Madrid,fashion,http://www.lacaprichosa.com,,,Madrid,"40,467578","-3,815459"
La elegancia,fashion,Ingen webbplats,2,,Madrid,"40,4864","-3,68993"
La Llevo Al Cielo,fashion,http://gestoriarolges.com/,,,Madrid,"40,41193","-3,72698"
La Parada Del Diablo,fashion,https://www.laparadadeldiablo.com/,,,Madrid,"40,4265322","-3,6618161"
La Romántica,fashion,Ingen webbplats,2,,Madrid,"40,42316","-3,6732"
La Tienda de Sara,fashion,http://www.latiendadesara.com/,,,Madrid,"40,4736952","-3,6533774"
La Tonelada,fashion,Ingen webbplats,2,,Madrid,"40,4316995","-3,6704512"
La VIDA ES CHULA,fashion,http://chulavida.es/,,,Madrid,"40,3952208","-3,6634701"
LabBrut,fashion,http://www.labbrut.es/,,,Madrid,"40,3899177","-3,7292211"
Lady Pipa,fashion,Ingen webbplats,2,,Madrid,"40,42245","-3,6945463"
Lajuar,fashion,Ingen webbplats,2,,Madrid,"40,43125","-3,71114"
Lander Urquijo,fashion,http://landerurquijo.com/,,,Madrid,"40,4285887","-3,6861674"
Las cosas del carpintero,fashion,Ingen webbplats,2,,Madrid,"40,42543","-3,6629"
Las Niñas Del Rastro,fashion,http://lasninasdelrastro.com/,,,Madrid,"40,41057","-3,70844"
Las Telitas De Martha,fashion,Ingen webbplats,2,,Madrid,"40,4016543","-3,6405963"
Latecnocreativa,fashion,https://latecnocreativa.com/,,,Madrid,"40,438296","-3,6942853"
Latina Store,fashion,Ingen webbplats,2,,Madrid,"40,45349","-3,70232"
Laura Montero Fiesta,fashion,http://www.lauramonterofiesta.com/,,,Madrid,"40,4321399","-3,7177"
Leon11,fashion,http://www.leon11.com/,,,Madrid,"40,42338","-3,724262"
LESTER,fashion,http://www.corbataslester.com/,,,Madrid,"40,42748","-3,68247"
Limont Store,fashion,Ingen webbplats,2,,Madrid,"40,4258328","-3,680226"
Lolita-Print,fashion,http://www.LolitaPrint.com/,,,Madrid,"40,3962041","-3,6826284"
Lool.world,fashion,http://www.lool.world/,,,Madrid,"40,390877","-3,7324464"
Lourdes Moda y Calzado Infantil,fashion,http://lourdesmodainfantil.webnode.es/,,,Madrid,"40,43489","-3,64812"
Lucia Canterano,fashion,http://www.canterano.es/,,,Madrid,"40,43653","-3,71141"
Lucía de Miguel design,fashion,http://www.luciademigueldesign.com/,,,Madrid,"40,4289703","-3,6697841"
Lucuix,fashion,http://lucuix.com/,,,Madrid,"40,4046101","-3,7210084"
Lupe's Vintage,fashion,Ingen webbplats,2,,Madrid,"40,42562","-3,70293"
MadCool Walk,fashion,Ingen webbplats,2,,Madrid,"40,49792","-3,62286"
Madera gráfica,fashion,https://maderagrafica.com/,,,Madrid,"40,4157032","-3,7238842"
Madrid Paseo de las Delicias 82,fashion,Ingen webbplats,2,,Madrid,"40,39812","-3,69445"
Maison Mesa,fashion,http://www.maisonmesa.com/,,,Madrid,"40,4197887","-3,697778"
Mango,fashion,Ingen webbplats,2,,Madrid,"40,4181141","-3,6207482"
Mango,fashion,Ingen webbplats,2,,Madrid,"40,4694799","-3,6416443"
Manufacturas Manual,fashion,https://manufacturasmanual.com/,,,Madrid,"40,3833958","-3,7312385"
Mar Aldana,fashion,http://www.maraldana.com/,,,Madrid,"40,4207112","-3,6777198"
María Di Marto,fashion,http://Www.mariadimarto.es/,,,Madrid,"40,39725","-3,71495"
María Roig Moda,fashion,Ingen webbplats,2,,Madrid,"40,4270104","-3,6994712"
MARIAmadrid,fashion,https://todoestaenmadrid.com/es/shops/mariamadrid,,,Madrid,"40,4248857","-3,7159177"
Mario Moyano,fashion,https://mariomoyano.com/,,,Madrid,"40,4343145","-3,6836007"
Marlen Martínez,fashion,Ingen webbplats,2,,Madrid,"40,39388","-3,69581"
MB Collezione,fashion,http://www.mbcollezione.com/,,,Madrid,"40,4118186","-3,7338542"
Merakikids ,fashion,http://www.merakikids.es/,,,Madrid,"40,3999981","-3,68333"
Merceria LILY,fashion,https://merceria-lily.business.site/,,,Madrid,"40,3689298","-3,7148617"
Mica Maffei,fashion,https://micamaffei.com/,,,Madrid,"40,46509","-3,79298"
mima.brand,fashion,http://www.mimabrand.es/,,,Madrid,"40,5498163","-3,7791435"
Minishopmadrid,fashion,http://WWW.MINISHOPMADRID.COM/,,,Madrid,"40,42731","-3,71043"
Minnie Ramsey,fashion,Ingen webbplats,2,,Madrid,"40,41852","-3,62234"
Mint and Rose,fashion,Ingen webbplats,2,,Madrid,"40,4256541","-3,6946792"
Mint and Rose,fashion,Ingen webbplats,2,,Madrid,"40,4277658","-3,6859205"
Missoni,fashion,Ingen webbplats,2,,Madrid,"40,42359","-3,68597"
Moda Ye,fashion,https://modaye.es/,,,Madrid,"40,3929211","-3,694953"
MOMAD Madrid,fashion,http://www.ifema.es/momad,,,Madrid,"40,4676696","-3,6142975"
Mona's,fashion,Ingen webbplats,2,,Madrid,"40,4362","-3,69785"
Mosaista Spain,fashion,http://www.mosaista.es/,,,Madrid,"40,41173","-3,69482"
MR. MOOD,fashion,http://www.mrmood.pt/,,,Madrid,"40,42672","-3,69541"
Multiservice Banhof,fashion,Ingen webbplats,2,,Madrid,"40,44994","-3,70801"
Muy-mad,fashion,https://www.muy-mad.com/,,,Madrid,"40,424139","-3,7141937"
Narcisaatelier,fashion,https://narcissaateliermodista.com/#,,,Madrid,"40,47757","-3,71088"
Neutrale,fashion,http://www.neutrale.co/,,,Madrid,"40,4242577","-3,6968345"
NILO Madrid Shop/ Palmira Martínez,fashion,Ingen webbplats,2,,Madrid,"40,4392278","-3,7102058"
Nina Mûr eyewear,fashion,http://www.ninamur.com/,,,Madrid,"40,4526778","-3,7097002"
NUDO Studio,fashion,http://nudostudio.com/,,,Madrid,"40,4316852","-3,7052803"
Nuncaterindas,fashion,https://nuncaterindas.es/,,,Madrid,"40,4224003","-3,6842135"
Olga and Co.,fashion,https://www.instagram.com/_olgaandco/,,,Madrid,"40,42882","-3,64613"
OOFOS Spain,fashion,https://www.oofos.es/,,,Madrid,"40,3967643","-3,6804199"
Outlet Moda Ibicenca,fashion,http://www.tanitmodaibiza.com,,,Madrid,"40,425205","-3,6828232"
Palma,fashion,http://www.palmabrand.es/,,,Madrid,"40,41157","-3,70665"
Particularity,fashion,Ingen webbplats,2,,Madrid,"40,4107599","-3,7054463"
Pepa Chaqué,fashion,https://pepachaque.com/,,,Madrid,"40,4316454","-3,7078638"
PLAY Donkey,fashion,https://www.etsy.com/es/shop/Playdonkey?ref=search_shop_redirect,,,Madrid,"40,40573","-3,71298"
Pollitos,fashion,Ingen webbplats,2,,Madrid,"40,4165616","-3,7056514"
Poltrona Frau,fashion,Ingen webbplats,2,,Madrid,"40,42358","-3,68244"
Punto Blanco Delicias,fashion,http://www.puntoblanco.com/,,,Madrid,"40,3978473","-3,6943946"
Quiero unas Bobo's,fashion,http://quierounasbobos.com/,,,Madrid,"40,4218091","-3,6872706"
Quinceaños.es - Vestidos 15 Años,fashion,Ingen webbplats,2,,Madrid,"40,4471757","-3,6954832"
Raíz,fashion,http://www.raiz-store.com/,,,Madrid,"40,4206703","-3,6957367"
RealFlow14,fashion,Ingen webbplats,2,,Madrid,"40,41955","-3,69196"
revolucion factory ,fashion,https://revolucionfactory.com/,,,Madrid,"40,4773289","-3,6502006"
Ricardo Campo,fashion,Ingen webbplats,2,,Madrid,"40,3919702","-3,76199"
Romualda,fashion,http://www.romualda.es/,,,Madrid,"40,4480802","-3,673795"
Ropegun,fashion,http://www.ropegun.es/,,,Madrid,"40,4352027","-3,7044062"
Rosario & Su Armario,fashion,http://www.rosarioysuarmario.com/,,,Madrid,"40,39824","-3,6725"
Rosée moda curvy.,fashion,http://Rosee.es/,,,Madrid,"40,42184","-3,71361"
Rotulacion a mano .com,fashion,http://www.rotulacionamano.com/,,,Madrid,"40,4076498","-3,7315002"
S&J fashion,fashion,Ingen webbplats,2,,Madrid,"40,3952809","-3,7103607"
Salonia,fashion,https://salonia.co/,,,Madrid,"40,45992","-3,68627"
Sarregaal by Georges,fashion,https://www.sarregaal.com/,,,Madrid,"40,4090838","-3,7037104"
Sastreria Militar Y Civil Oliver,fashion,http://www.sastreriamilitaroliver.com/,,,Madrid,"40,3909513","-3,6422162"
Schotten & Hansen Tarimas,fashion,http://www.schotten-hansen.com/web/schotten-und-hansen/home,,,Madrid,"40,43511","-3,67791"
Serena Whitehaven,fashion,Ingen webbplats,2,,Madrid,"40,42064","-3,68733"
Showroom Louis Vuitton,fashion,Ingen webbplats,2,,Madrid,"40,4349","-3,689545"
Showroom Roma 22,fashion,Ingen webbplats,2,,Madrid,"40,43099","-3,66598"
SocialPubli_es,fashion,https://socialpubli.com/es,,,Madrid,"40,4184683","-3,6962037"
Soteldo Atelier,fashion,http://Soteldoatelier.es/,,,Madrid,"40,41071","-3,71779"
Soymonicarojo,fashion,https://tr.ee/1t9zJ7zFfW,,,Madrid,"40,4321836","-3,6939812"
Studio 180gr,fashion,http://www.studio180gr.com/,,,Madrid,"40,4126955","-3,6992624"
Súbeme la radio,fashion,https://www.nomadecafe.co/tienda-online/,,,Madrid,"40,4107","-3,69934"
Taibs,fashion,Ingen webbplats,2,,Madrid,"40,4532","-3,66775"
Taller de Arreglo y Confección Arturo Soria 243,fashion,https://boutiquedelarregloyconfeccion.com/,,,Madrid,"40,4649458","-3,6657157"
Teresaentretejidos-taller,fashion,http://www.teresaentretejidos.es/,,,Madrid,"40,41664","-3,67379"
The Cap Monster,fashion,http://www.thecapmonster.com/,,,Madrid,"40,39017","-3,76577"
The Pingos,fashion,https://thepingos.com/,,,Madrid,"40,39605","-3,69359"
The Root Shop,fashion,https://therootshop.es/,2,,Madrid,"40,4184462","-3,7005891"
The VIANA FAN,fashion,http://www.thevianafan.com/,,,Madrid,"40,4289872","-3,6792877"
Tienda Pancho,fashion,http://www.tiendapancho.com/,,,Madrid,"40,4102784","-3,7035769"
Tod's,fashion,http://www.tods.com/ko_kr/,,,Madrid,"40,4465874","-3,6962862"
Todogorras,fashion,https://todogorras.es/,,,Madrid,"40,4486713","-3,7050643"
Tramando,fashion,http://www.tramandotaller.es/,,,Madrid,"40,4095995","-3,6486101"
TU Design,fashion,https://tudesign.es/,,,Madrid,"40,4254161","-3,6783085"
Tu Orquídea Tocado y Pamela,fashion,http://tuorquideatocadoypamela.es/,,,Madrid,"40,3867813","-3,7426368"
Udhara.lencerianatural,fashion,http://Udhara.es/,,,Madrid,"40,44821","-3,70185"
Vikileria Revive/Club de Costura en Madrid,fashion,http://vikileriarevive.com/,,,Madrid,"40,50918","-3,67747"
Viva La Verse,fashion,https://vivalaverse.com/,,,Madrid,"40,41589","-3,69636"
Volver - Designing positive energy,fashion,http://www.volverweb.com/,,,Madrid,"40,4271785","-3,6992297"
Vranded Haus,fashion,http://vranded.haus/,,,Madrid,"40,4263021","-3,685726"
Wahou by Mahou,fashion,https://www.tiendasolana.com/lifestyle,,,Madrid,"40,4224679","-3,69852"
Wendy Closet,fashion,http://wendycloset.com/,,,Madrid,"40,3978238","-3,7720748"
Wolher,fashion,http://www.wolher.com/,,,Madrid,"40,4291399","-3,68294"
WOWconcept,fashion,https://wowconcept.com/es/store,,,Madrid,"40,4198773","-3,6997041"
WOWconcept,fashion,Ingen webbplats,2,duplicado,Madrid,"40,42769","-3,68713"
"X-Ella""",fashion,http://www.xellabym.com/,,,Madrid,"40,4266096","-3,6878628"
Yasmin Carvalho,fashion,http://www.yasmincarvalho.es/,,,Madrid,"40,46181","-3,65153"
ZAGV STORE,fashion,http://www.zagv.es/,,,Madrid,"40,4228856","-3,6992667"
DIA,festival,http://www.dia.es/compra-online/,2,,Madrid,"40,4139391","-3,7260118"
Supermercados Dia,festival,,2,,Madrid,"40,41251743","-3,726466815"
Supermercados Dia,festival,,2,,Madrid,"40,41378215","-3,7259782"
Supermercados Dia,festival,,2,,Madrid,"40,42104949","-3,717793276"
12 Pinguinos Dibujos Animados,film_festivals_and_organizations,https://www.12pinguinos.com/newweb/en/home/,2,,Madrid,"40,3894505","-3,6368129"
Master Cluster,film_festivals_and_organizations,http://www.master-cluster.com/,2,,Madrid,"40,46461","-3,68178"
Soluciones Plenas Grupo ,film_festivals_and_organizations,http://www.soluciones.net/,2,,Madrid,"40,402336","-3,665742"
4 INGLETES ALBERTO AGUILERA,framing_store,https://www.4ingletesbravomurillo.com/es/,2,,Madrid,"40,4364526","-3,7040391"
Aluminios Collado,framing_store,http://www.aluminioscollado.com/,2,,Madrid,"40,3911542","-3,7668875"
Carpintería José Javier Sánchez,framing_store,,2,,Madrid,"40,3919863","-3,744868608"
CARPINTERÍA Y EBANISTERÍA J. ALMEIDA ,framing_store,,2,,Madrid,"40,4079485","-3,6957363"
Cuadros Taxus,framing_store,https://www.cuadrostaxus.com/,2,,Madrid,"40,4599152","-3,6763524"
Decograf,framing_store,http://www.decograf.net/,2,,Madrid,"40,44567518","-3,70330209"
Ebanistería Carpintería Ballesteros U.,framing_store,http://www.ebanisteriaballesteros.com/,2,,Madrid,"40,4349133","-3,6697437"
Enmarcaciones Cpalen,framing_store,https://www.enmarcacionescpalen.es/es/,2,,Madrid,"40,3363541","-3,7024245"
Gerpin,framing_store,http://www.gerpintalleres.com/,2,,Madrid,"40,38445","-3,7464"
José Enrique Gallego del Castillo,framing_store,http://www.enriquegallegoehijo.com/,2,,Madrid,"40,47230164","-3,59553031"
Magenta,framing_store,https://www.marcosmoldurasmadrid.com/,2,,Madrid,"40,4568266","-3,6740242"
Marcos Artesanos Villanueva XXIII,framing_store,http://www.villanueva23.com/,2,,Madrid,"40,42237854","-3,684950113"
Marcos y Molduras Diseñoss,framing_store,http://www.disenoss.com/,2,,Madrid,"40,416954","-3,673255558"
"MartiArte-Martí L'art, Artes Decorativas",framing_store,http://www.martilart.com/,2,,Madrid,"40,4257877","-3,6520406"
The Angry Kraken,game_publisher,http://www.theangrykraken.com/,2,,Madrid,"40,4997746","-3,6885553"
La Carmela,general_festivals,https://www.tabernalacarmela.com/,2,this is a restaurant,Madrid,"40,41619456","-3,70176072"
Restaurante Terraza Margarita I Tardeo y Cenas en Madrid,general_festivals,https://www.margaritamadrid.com/,2,this is a restaurant,Madrid,"40,4372078","-3,6812146"
Tablao Flamenco Las Tablas,general_festivals,https://www.lastablasmadrid.com/,2,,Madrid,"40,42205811","-3,713671207"
Tablao Flamenco Taberna El Cortijo,general_festivals,https://flamenco-shows.com/,2,"dance related, not festival",Madrid,"40,3933847","-3,6579313"
"1001fa, S.L. - Impresiones digitales y 3D",graphic_designer,https://www.1001fa.es/,2,,Madrid,"40,42413","-3,71416"
aisgraf,graphic_designer,http://aisgraf.es/,2,,Madrid,"40,4402392","-3,6435849"
Amarillo Chillón: Diseño y Comunicación,graphic_designer,http://www.amarillochillon.es/,2,,Madrid,"40,4105599","-3,64996"
Anartra,graphic_designer,https://www.anartra.com/,2,,Madrid,"40,4272239","-3,6508834"
Axus Diseño Gráfico S.L.,graphic_designer,https://www.axusdesign.com/,2,,Madrid,"40,4849264","-3,6306106"
Barbara Viel Diseño Grafico,graphic_designer,http://www.barbaraviel.es/,2,,Madrid,"40,41955","-3,69196"
Baud,graphic_designer,http://www.baud.es/,2,,Madrid,"40,4272569","-3,7135966"
Bipolar artist,graphic_designer,http://www.bipolar-artist.com/,2,,Madrid,"40,4334766","-3,7096053"
Brandbury,graphic_designer,http://www.brandbury.es/,2,,Madrid,"40,4056136","-3,6920542"
Brandesign,graphic_designer,https://www.brandesign.es/,2,,Madrid,"40,4324751","-3,6847651"
Capa Gráfica,graphic_designer,http://capagrafica.es/,2,,Madrid,"40,4659512","-3,7045944"
Conorg,graphic_designer,https://conorg.info/,2,,Madrid,"40,4888356","-3,6800568"
Control_grafico_design,graphic_designer,https://www.instagram.com/control_grafico_design/,2,,Madrid,"40,4844054","-3,7084213"
Corte Ingles De Mendez Alvaro,graphic_designer,Ingen webbplats,2,,Madrid,"40,3948514","-3,675585"
Cruz más Cruz,graphic_designer,http://www.cruznovillo.com/,2,,Madrid,"40,4544474","-3,7059596"
Departamento de diseño gráfico  Ruhen,graphic_designer,Ingen webbplats,2,,Madrid,"40,4358655","-3,6408986"
Diseñalo - Design It,graphic_designer,,2,,Madrid,"40,43541718","-3,715912342"
Ele&Uve,graphic_designer,http://www.eleyuve.com/,2,,Madrid,"40,4220855","-3,7073252"
elestudio.com,graphic_designer,https://www.elestudio.com/,2,,Madrid,"40,4012946","-3,7554789"
Estudio Akedis,graphic_designer,http://www.estudioakedis.com/,2,,Madrid,"40,4638133","-3,6633396"
ESTUDIO AKEDIS,graphic_designer,https://www.estudioakedis.com/,2,,Madrid,"40,458032","-3,6583671"
Estudio Creativo Víctor Lago,graphic_designer,http://www.victorlagocrea.es/,2,,Madrid,"40,4641798","-3,633898"
Estudio Gráfico Juan de la Mata,graphic_designer,http://www.juandelamatadesign.com/,2,,Madrid,"40,41572","-3,723876"
FIKARA ALMAZI,graphic_designer,http://www.fikara.es/,2,,Madrid,"40,4639117","-3,5929998"
Fjord Madrid,graphic_designer,http://www.fjordnet.com/madrid/,2,,Madrid,"40,4370828","-3,701488"
Garri2,graphic_designer,http://www.garri2.com/,2,,Madrid,"40,4591796","-3,5880149"
Gaycesa,graphic_designer,http://www.gaycesa.com/,2,,Madrid,"40,4518089","-3,6984"
Graficas Ancora,graphic_designer,http://www.graficasancora.net/,2,,Madrid,"40,385812","-3,698062"
Grand,graphic_designer,http://www.aboutgrand.com/,2,,Madrid,"40,4232073","-3,7107901"
Grantipo,graphic_designer,http://grantipo.com/,2,,Madrid,"40,4078078","-3,7148452"
Graphic Design Plankton,graphic_designer,Ingen webbplats,2,,Madrid,"40,4124399","-3,7023"
Hawork Studio,graphic_designer,http://www.hawork.com/,2,,Madrid,"40,4128242","-3,7015938"
Hierro Creativo,graphic_designer,https://www.hierrocreativo.com/,2,,Madrid,"40,4139217","-3,7066861"
Ideaweb diseño web y diseño gráfico,graphic_designer,https://www.ideaweb.es/,2,,Madrid,"40,3677535","-3,6178536"
Isla Gráfica,graphic_designer,http://islagrafica.com/,2,,Madrid,"40,411637","-3,7131686"
Kanzen Design,graphic_designer,http://www.kanzen.design/,2,,Madrid,"40,4216455","-3,6882116"
Katiuska SC / frankatiuska,graphic_designer,http://www.katiuskasellocreativo.com/,2,,Madrid,"40,44845","-3,66323"
LikeYou,graphic_designer,https://www.detalleslikeyou.com/,2,,Madrid,"40,3945477","-3,7116391"
Madrid T-Shirt,graphic_designer,http://www.madridtshirt.com/,2,,Madrid,"40,4077904","-3,7125405"
MatPol Artes Corporativas SL,graphic_designer,http://www.matpol.es/,2,,Madrid,"40,5005233","-3,6716804"
Mr. Hulton,graphic_designer,http://mrhulton.es/,2,,Madrid,"40,426919","-3,6709702"
Nanot Servicios Publicitarios,graphic_designer,http://www.nanotsp.es/,2,,Madrid,"40,43931","-3,61897"
NEW SKIN DESIGN,graphic_designer,http://www.newskindesign.com/,2,,Madrid,"40,4385199","-3,66806"
Olga Patricia Giraldo Hernandez,graphic_designer,,2,,Madrid,"40,4114731","-3,7096494"
OnluxeStudio,graphic_designer,https://onluxestudio.com/,2,,Madrid,"40,4475589","-3,6956087"
Open Design Area,graphic_designer,https://www.opendesignarea.com/,2,,Madrid,"40,4053378","-3,7074344"
Outinup the unique brands company,graphic_designer,http://www.outinup.com/,2,,Madrid,"40,4782875","-3,6718125"
Pictocactus,graphic_designer,http://www.pictocactus.com/,2,,Madrid,"40,404899","-3,6970604"
Plusinfografia,graphic_designer,http://www.plusinfografia.com/,2,,Madrid,"40,42499924","-3,709180117"
Productora camino,graphic_designer,,2,,Madrid,"40,46048","-3,70346"
PuntoDip Moratalaz,graphic_designer,https://www.puntodipmoratalaz.com/es/,2,,Madrid,"40,40957948","-3,64866357"
RaRo Film&Design,graphic_designer,http://www.raro.net/,2,,Madrid,"40,4472079","-3,6742236"
Retrovisor Creative Studio,graphic_designer,http://www.retrovisor.com/,2,,Madrid,"40,4266595","-3,695501"
Rita Type,graphic_designer,https://www.ritatype.net/,2,,Madrid,"40,4085983","-3,7335436"
Rotulos Anagrama,graphic_designer,http://anagramarotulos.com/,2,,Madrid,"40,4006366","-3,669662"
Sehaidoyamama Diseño,graphic_designer,http://www.sehaidoyamama.com/,2,,Madrid,"40,4138152","-3,7005069"
Sí sensationimage,graphic_designer,http://www.sensationimage.com/,2,,Madrid,"40,3982963","-3,6863177"
Studio Estampa,graphic_designer,http://www.studioestampa.es/,2,,Madrid,"40,41056","-3,69784"
StudioDesign Madrid,graphic_designer,http://www.studiodesign.es/,2,,Madrid,"40,3730009","-3,7723564"
SZ Creativos,graphic_designer,https://szcreativos.com/,2,,Madrid,"40,4376774","-3,7115087"
Taktik Studio,graphic_designer,http://www.taktikstudio.com/,2,,Madrid,"40,4485371","-3,6985384"
Tania Izquierdo | Diseño Gráfico e Ilustración,graphic_designer,https://taniaizquierdo.com/,2,,Madrid,"40,4255423","-3,7046544"
Tavera Comunicación Gráfica,graphic_designer,http://www.taveracom.es/,2,,Madrid,"40,4289812","-3,6014026"
The Fly Factory,graphic_designer,http://www.theflyfactory.net/,2,,Madrid,"40,4211508","-3,7049646"
The Woork,graphic_designer,http://www.thewoork.eu/,2,,Madrid,"40,4166581","-3,7056376"
Things of Cano,graphic_designer,http://www.canoestudio.com/,2,,Madrid,"40,41225","-3,69384"
"TRIDIMAGEN, s.l.",graphic_designer,http://www.hauk.es/,2,,Madrid,"40,435091","-3,640464"
Underbau,graphic_designer,http://www.underbau.com/,2,,Madrid,"40,4237135","-3,7041968"
Unku Imagen y Diseño - Serigrafia Madrid,graphic_designer,http://unku.net/,2,,Madrid,"40,4076486","-3,7023916"
Verde Melon,graphic_designer,http://www.verdemelon.com/,2,,Madrid,"40,3691786","-3,7428359"
VERSAL - Diseño Gráfico,graphic_designer,http://www.versal.net/,2,,Madrid,"40,4191021","-3,6162355"
Vertigo Studio,graphic_designer,https://vertigostudio.eu/,2,,Madrid,"40,41751","-3,67891"
W O N T O N,graphic_designer,http://www.wonton.es/,2,,Madrid,"40,43655","-3,68075"
WAO Design Studio,graphic_designer,http://www.waodesignstudio.com/,2,,Madrid,"40,4098912","-3,7094727"
ZIP ESTUDIO®,graphic_designer,http://zipestudio.com/,2,,Madrid,"40,4358839","-3,6829448"
Zona App,graphic_designer,http://www.zonaapp.com/,2,,Madrid,"40,4270975","-3,6838106"
Administración de lotería n°411 (La Timba),handicraft_shop,https://loteriaslatimba.es/,2,,Madrid,"40,43924","-3,66462"
CoinFlip Bitcoin ATM,handicraft_shop,https://locations.coinflip.tech/es/spain/m/madrid/plaza-de-rutilio-gaci-8,2,,Madrid,"40,39422041","-3,69623514"
FOFUCHEATE,handicraft_shop,http://fofucheate.com/,2,,Madrid,"40,4170249","-3,6768443"
La Casa de los Sueños,handicraft_shop,,2,,Madrid,"40,37783","-3,61889"
Prink,handicraft_shop,http://www.prink.es/madrid-0626,2,,Madrid,"40,4821407","-3,7125228"
PSR Pararrayos,handicraft_shop,http://psr.es/,2,,Madrid,"40,40894","-3,69519"
Casa-Museo de Lope de Vega,history_museum,http://www.casamuseolopedevega.org/es,,,Madrid,"40,414417","-3,697414"
Castillo Real De Madrid,history_museum,Ingen webbplats,2,,Madrid,"40,39901","-3,69965"
"El Prado Museum, Madrid",history_museum,Ingen webbplats,2,Prado is mentioned in different categories,Madrid,"40,4143147","-3,6924331"
Fundación Infante de Orleans (FIO),history_museum,http://www.fio.es/,,,Madrid,"40,3673886","-3,7750629"
Grupo Kollontai. Espacio para el estudio de Historia de las Mujeres,history_museum,https://linktr.ee/grupokollontai,2,,Madrid,"40,414674","-3,703319"
Hijas del Nilo,history_museum,https://hijasdelnilo.com/,2,,Madrid,"40,4180204","-3,7071085"
ICOM España,history_museum,https://www.icom-ce.org/,,,Madrid,"40,42327","-3,68843"
Imprenta Municipal - Artes del Libro,history_museum,http://www.madrid.es/imprentamunicipal,,,Madrid,"40,4139149","-3,7054796"
MAN: The Man & The Journey,history_museum,Ingen webbplats,2,,Madrid,"40,42327","-3,68843"
Museo Arqueológico Nacional de España,history_museum,http://www.man.es/man/home.html,,,Madrid,"40,4234289","-3,6888894"
Museo de América,history_museum,https://www.culturaydeporte.gob.es/museodeamerica/portada.html,,,Madrid,"40,4380887","-3,7220691"
Museo de Historia de Madrid,history_museum,http://www.madrid.es/museodehistoria,,,Madrid,"40,4257416","-3,7008235"
Museo de la Fuerza,history_museum,http://www.museodelafuerza.net/,,,Madrid,"40,43081","-3,63973"
Museo de los Canos del Peral,history_museum,http://www.metromadrid.es/es/viaja_en_metro/Museos_suburbanos/index.html,,,Madrid,"40,4181385","-3,7090272"
Museo de San Isidro,history_museum,http://www.madrid.es/museosanisidro,,,Madrid,"40,4121006","-3,7109084"
Museo del Ejército,history_museum,Ingen webbplats,2,,Madrid,"40,41593","-3,69116"
Museo del Romanticismo,history_museum,http://museoromanticismo.es/,,,Madrid,"40,4259048","-3,6987943"
Museo Del Tarot Madrid,history_museum,https://www.tarotistas-online.com/es_ES/?thematic=338&idw=6688,2,,Madrid,"40,4203359","-3,702383"
Museo del Traje Madrid,history_museum,http://www.museodeltraje.es/,,,Madrid,"40,4400886","-3,7288619"
Museo Histórico Minero Don Felipe de Borbón y Grecia,history_museum,https://minasyenergia.upm.es/museo-historico-minero.html,2,,Madrid,"40,44224","-3,7004527"
Museo Municipal de Bomberos,history_museum,http://www.madrid.es/portales/muni,2,,Madrid,"40,3946222","-3,6539503"
Museo Nacional de Antropologia (Madrid),history_museum,https://www.cultura.gob.es/mnantropologia/portada.html,,,Madrid,"40,4075957","-3,6888927"
Museo Nacional de Ciencia y Tecnología,history_museum,http://www.muncyt.es/,,,Madrid,"40,399259","-3,691708"
Museo Naval,history_museum,http://armada.defensa.gob.es/museonaval,,,Madrid,"40,4169105","-3,6953974"
Palacio Real Y Almudena,history_museum,https://palaciorealmadrid-entradas.org/,,,Madrid,"40,4156401","-3,7086468"
Real Academia de la Historia,history_museum,https://www.rah.es/contacto/,,,Madrid,"40,413468","-3,6989474"
Escuela de Percusión,jazz_and_blues,https://www.escueladepercusion.com/,,,Madrid,"40,40922","-3,71882"
Gracias,jazz_and_blues,Ingen webbplats,2,,Madrid,"40,413843","-3,700947"
Recoletos Jazz Madrid,jazz_and_blues,http://www.recoletosjazz.com/,,,Madrid,"40,4215444","-3,6894753"
Sala Clamores,jazz_and_blues,http://www.salaclamores.com,,,Madrid,"40,4311688","-3,7009666"
Estudio Quercus,landscape_architect,http://www.estudioquercus.es/,,,Madrid,"40,43670273","-3,698260546"
"GEOSTINSER AMB, ",landscape_architect,http://www.geostinseramb.es/,,,Madrid,"40,44221201","-3,649829149"
Iberdesbroces,landscape_architect,http://iberdesbroces.com/,,,Madrid,"40,4640532","-3,6466491"
Jardineria Rolando,landscape_architect,http://jardineriarolando.com/,,,Madrid,"40,44433","-3,56784"
La Habitacion Verde,landscape_architect,http://lahabitacionverde.es/,,,Madrid,"40,42487","-3,6951"
Ramon Escobar,landscape_architect,http://hispaniaverde.com/,,,Madrid,"40,48219074","-3,66950711"
Azarbe jardines,landscaping,http://www.azarbejardines.es/,,,Madrid,"40,47061","-3,735008"
Best Garden el Césped Artificial,landscaping,https://www.bestgarden.es/,,,Madrid,"40,4380089","-3,68419"
"BONSAIKIDO, escuela de bonsái online",landscaping,http://www.bonsaikido.com/,2,,Madrid,"40,4268685","-3,6861753"
"BONSAIKIDO, escuela de bonsái online",landscaping,https://www.bonsaikido.com/,2,,Madrid,"40,4445022","-3,6907082"
Geostinser Amb,landscaping,http://www.murogavion.com/,,,Madrid,"40,4457626","-3,6491416"
Ilex&Partners,landscaping,http://www.ilex-partners.es/,,,Madrid,"40,4223507","-3,6332773"
Jardinería Carlos Moreno,landscaping,http://www.jardineriaymantenimiento.org/,,,Madrid,"40,3836279","-3,7802772"
Jardinería Sostenible,landscaping,http://www.jardineria-sostenible.com/,,,Madrid,"40,3839837","-3,6529013"
LaHabitaciónVerde,landscaping,http://www.lahabitacionverde.es/,,,Madrid,"40,424805","-3,695103"
Liquidambar,landscaping,http://www.liquidambar.es/,,,Madrid,"40,439419","-3,7079249"
Niwa,landscaping,https://www.niwa.es/,,,Madrid,"40,3990199","-3,6995835"
Ortigueira,landscaping,Ingen webbplats,2,,Madrid,"40,43932","-3,696334"
"Ruiz Larrea Asociados Sede- Gran Via, 59",landscaping,https://www.certificatuedificio.com/,,,Madrid,"40,42203456","-3,70907049"
The Church,landscaping,http://www.church-footwear.com,2,,Madrid,"40,3717","-3,617729"
Amor en Letras Librería ,library,http://amorenletras.es/,,,Madrid,"40,443489","-3,6960995"
Archivo Diocesano Madrid,library,Ingen webbplats,2,,Madrid,"40,4144804","-3,7091064"
Archivo Histórico Nacional,library,http://www.mecd.gob.es/cultura-mecd/areas-cultura,,,Madrid,"40,4408333","-3,6869444"
Ayuntamiento de Madrid. Biblioteca Técnica,library,Ingen webbplats,2,,Madrid,"40,415784","-3,707402"
Baratz,library,https://www.baratz.es/,,,Madrid,"40,4220879","-3,708976"
Bibliobus de la Comunidad de Madrid,library,http://www.madrid.org,,,Madrid,"40,3447202","-3,6957493"
Bibliometro Nuevos Ministerios,library,http://www.metromadrid.es,,,Madrid,"40,446895","-3,695341"
Biblioteca  Escuela Técnica Superior de Ingenieros Navales,library,http://www.etsin.upm.es/Escuela/Organizacion_Medios/Servicios_Apoyo/Biblioteca,,,Madrid,"40,4391901","-3,7239146"
Biblioteca Caminos UPM,library,Ingen webbplats,2,,Madrid,"40,4473236","-3,7318805"
Biblioteca Central,library,http://bit.ly/2H0CgX2,,,Madrid,"40,4354373","-3,6997386"
Biblioteca Centro Pedro Salinas,library,http://www.madrid.org,,,Madrid,"40,4072415","-3,7109988"
Biblioteca CES Don Bosco,library,http://cesdonbosco.com/servicios/biblioteca.html,,,Madrid,"40,45779","-3,7154"
Biblioteca de,library,http://www.obrasocialcajamadrid.es,2,,Madrid,"40,342247","-3,686802"
Biblioteca de Autores Cristianos,library,http://bac-editorial.es/,,,Madrid,"40,46428","-3,66417"
Biblioteca de Barajas,library,http://www.obrasocialcajamadrid.es,,,Madrid,"40,472398","-3,578906"
Biblioteca de Ciencias Biológicas de la Universidad Complutense de Madrid,library,http://biblioteca.ucm.es/bio,,,Madrid,"40,4485182","-3,7259804"
Biblioteca de Ciencias de la Información - Universidad Complutense,library,http://biblioteca.ucm.es/inf,,,Madrid,"40,45068","-3,72933"
Biblioteca de Ciencias Fernando González Bernáldez,library,http://biblioteca.uam.es/ciencias,,,Madrid,"40,5466644","-3,6896037"
Biblioteca de Ciencias Físicas - UCM,library,http://biblioteca.ucm.es/fis,,,Madrid,"40,4509313","-3,726511"
Biblioteca de Educación. Universidad Complutense de Madrid,library,http://twitter.com/bucm_educacion,,,Madrid,"40,4127839","-3,6942014"
Biblioteca de Estudios Estadísticos - UCM,library,http://www.ucm.es/BUCM/est/,,,Madrid,"40,4494758","-3,7386235"
Biblioteca de Farmacia UCM,library,http://www.ucm.es/BUCM/far/,,,Madrid,"40,445007","-3,726314"
Biblioteca de Filología UCM,library,https://linktr.ee/bibliotecafilologiaucm,,,Madrid,"40,4486949","-3,7311724"
Biblioteca de Filosofía - Universidad Complutense de Madrid,library,http://www.ucm.es/BUCM/fsl/,,,Madrid,"40,4487479","-3,7299653"
"Biblioteca de Física y Química ""Dorotea Barnés""",library,http://www.biblioteca.iqfr.csic.es/,,,Madrid,"40,4410968","-3,6861759"
Biblioteca de Geografía e Historia de la Universidad Complutense de Madrid,library,https://biblioteca.ucm.es/ghi,,,Madrid,"40,44905","-3,735654"
Biblioteca de Geológicas UCM,library,http://biblioteca.ucm.es/geo,,,Madrid,"40,4487596","-3,7257385"
Biblioteca de la Escuela Politécnica Superior de la UAM,library,https://www.uam.es/uam/vida-uam/bibliotecas/biblioteca-politecnica,,,Madrid,"40,5470026","-3,6915771"
Biblioteca de la Facultad de Bellas Artes. UCM,library,http://biblioteca.ucm.es/bba,,,Madrid,"40,4398353","-3,7337877"
Biblioteca de la Universidad Complutense de Madrid,library,http://biblioteca.ucm.es/,,,Madrid,"40,44718","-3,73065"
Biblioteca de Matemáticas Universidad Complutense Madrid,library,https://biblioteca.ucm.es/mat,,,Madrid,"40,45011","-3,72614"
Biblioteca de menendez pelayo,library,http://www.madrid.org/bpcm,,,Madrid,"40,4291388","-3,662397"
Biblioteca de Odontología UCM,library,http://biblioteca.ucm.es/odo,,,Madrid,"40,4420526","-3,7267873"
Biblioteca de Orcasitas,library,Ingen webbplats,,,Madrid,"40,38598","-3,73407"
Biblioteca de Químicas de la Universidad Complutense de Madrid,library,http://biblioteca.ucm.es/qui,,,Madrid,"40,45011","-3,72614"
Biblioteca De Valderribas,library,Ingen webbplats,,,Madrid,"40,39883","-3,60393"
Biblioteca de Veterinaria de la UCM,library,http://www.ucm.es/BUCM/vet/,,,Madrid,"40,4502983","-3,7393501"
Biblioteca del Colegio Notarial,library,http://www.madrid.notariado.org,,,Madrid,"40,414053","-3,690218"
Biblioteca del Instituto de Ciencias Agrarias,library,http://www.ica.csic.es/,,,Madrid,"40,44117","-3,68637"
Biblioteca del Mar,library,Ingen webbplats,2,,Madrid,"40,45529","-3,77887"
Biblioteca Escuela Técnica Superior Ingenieros Industriales UPM,library,http://biblioteca.etsii.upm.es/,,,Madrid,"40,4399591","-3,6896293"
Biblioteca Escuelas Pías,library,Ingen webbplats,2,,Madrid,"40,408129","-3,7032647"
Biblioteca ETSI Aeronáutica,library,https://www.etsiae.upm.es/index.php?id=64,,,Madrid,"40,4404622","-3,7247669"
Biblioteca ETSI Telecomunicación - UPM,library,https://www.etsit.upm.es/escuela/unidades-administrativas-y-servicios/biblioteca.html,,,Madrid,"40,4522535","-3,7262988"
Biblioteca Histórica de la Universidad Complutense de Madrid,library,https://biblioteca.ucm.es/historica,,,Madrid,"40,4255799","-3,7078647"
Biblioteca Histórica Municipal de Madrid,library,http://www.madrid.es/bibliotecahistorica,,,Madrid,"40,4272269","-3,7106748"
Biblioteca IE Business School,library,http://www.ie.edu/business-school,,,Madrid,"40,439769","-3,684352"
Biblioteca Iván de Vargas,library,http://bibliotecas.madrid.es/,,,Madrid,"40,4140664","-3,7098674"
Biblioteca María Zambrano,library,http://biblioteca.ucm.es/mariazambrano,,,Madrid,"40,4492219","-3,7334784"
Biblioteca Miguel de Cervantes,library,http://www.urjc.es/,,,Madrid,"40,4067821","-3,6102177"
Biblioteca Municipal Ciudad Lineal,library,http://www.madrid.es/portales/muni,,,Madrid,"40,4362899","-3,6371371"
Biblioteca Museo Reina Sofía - Edificio Nouvel,library,http://www.museoreinasofia.es/portada/portada.php,,,Madrid,"40,4074642","-3,6947313"
Biblioteca Nacional de España,library,http://www.bne.es/,,,Madrid,"40,4237157","-3,6899109"
Biblioteca Obra Social Caja Madrid,library,http://bibliotecas.obrasocialcajamadrid.es/biblio-adulto/662,,,Madrid,"40,474716","-3,712434"
Biblioteca Olmeda De Las Fuentes,library,http://www.olmedadelasfuentes.es/,,,Madrid,"40,41631","-3,70724"
Biblioteca Pública Carabanchel Luis Rosales,library,http://gestiona.madrid.org/bpcm,,,Madrid,"40,3734619","-3,7476471"
Biblioteca Pública de Concha Espina,library,http://www.kinglovers.com,,,Madrid,"40,43452","-3,68211"
Biblioteca Publica de Hortaleza,library,http://gestiona.madrid.org/bpcm,,,Madrid,"40,4772203","-3,6496498"
Biblioteca Publica de Vallecas,library,http://www.madrid.org,,,Madrid,"40,384813","-3,643552"
Biblioteca Publica Fuencarral El Pardo Rafael Alberti,library,http://www.madrid.org/bpcm,,,Madrid,"40,4879502","-3,698388"
Biblioteca Pública José Acuña,library,http://www.madrid.org,,,Madrid,"40,427938","-3,7170056"
Biblioteca Publica Latina,library,http://www.madrid.org/bpcm,,,Madrid,"40,3791552","-3,769404"
Biblioteca Publica Maria Moliner,library,https://www.comunidad.madrid/centros/biblioteca-maria-moliner,,,Madrid,"40,3496022","-3,7099335"
Biblioteca Pública Municipal Aluche,library,https://bibliotecas.madrid.es/,,,Madrid,"40,3955914","-3,7560654"
Biblioteca Pública Municipal Ana Mª Matute,library,https://bibliotecas.madrid.es/,,,Madrid,"40,3978346","-3,7200917"
Biblioteca Pública Municipal Ángel González,library,https://bibliotecas.madrid.es/,,,Madrid,"40,39618","-3,7675"
Biblioteca Pública Municipal Canillejas,library,http://bibliotecas.madrid.es/,,,Madrid,"40,4464","-3,61178"
Biblioteca Publica Municipal Carabanchel,library,http://www.madrid.es,,,Madrid,"40,39356","-3,72101"
Biblioteca Pública Municipal Chamartín,library,Ingen webbplats,,,Madrid,"40,4483824","-3,6760794"
Biblioteca Pública Municipal Dámaso Alonso,library,https://bibliotecas.madrid.es/,,,Madrid,"40,4674377","-3,6845653"
Biblioteca Pública Municipal David Gistau,library,https://bibliotecas.madrid.es/,,,Madrid,"40,4319805","-3,6706819"
Biblioteca Pública Municipal Eugenio Trías,library,https://bibliotecas.madrid.es/,,,Madrid,"40,416771","-3,6789758"
Biblioteca Pública Municipal Francisco Ayala,library,http://bibliotecas.madrid.es/,,,Madrid,"40,3997961","-3,621259"
Biblioteca Pública Municipal Gabriel García Márquez,library,http://www.madrid.es/bibliotecaspublicas,,,Madrid,"40,3668362","-3,7015076"
Biblioteca Pública Municipal Gerardo Diego,library,https://bibliotecas.madrid.es/,,,Madrid,"40,37788","-3,6227"
Biblioteca Pública Municipal Gloria Fuertes,library,https://bibliotecas.madrid.es/,,,Madrid,"40,4606943","-3,5937745"
Biblioteca Pública Municipal José Hierro,library,https://bibliotecas.madrid.es/,,,Madrid,"40,4331114","-3,6105733"
Biblioteca Pública Municipal José Saramago,library,https://bibliotecas.madrid.es/,,,Madrid,"40,479402","-3,7093462"
Biblioteca Publica Municipal la Chata,library,http://www.madrid.es/bibliotecaspublicas,,,Madrid,"40,383312","-3,7422709"
Biblioteca Pública Municipal La Elipa,library,http://bibliotecas.madrid.es/,,,Madrid,"40,4231715","-3,65201"
Biblioteca Pública Municipal Manuel Vázquez Montalbán,library,http://www.bibliotecas.madrid.es/,,,Madrid,"40,4569788","-3,7107234"
Biblioteca Pública Municipal María Lejárraga,library,https://bibliotecas.madrid.es/,,,Madrid,"40,490028","-3,655474"
Biblioteca Pública Municipal María Zambrano,library,https://bibliotecas.madrid.es/,,,Madrid,"40,46899","-3,69766"
Biblioteca Pública Municipal Mario Vargas Llosa,library,https://bibliotecas.madrid.es/,,,Madrid,"40,4267587","-3,6993634"
Biblioteca Pública Municipal Miguel Delibes,library,https://bibliotecas.madrid.es/,,,Madrid,"40,4097816","-3,6528911"
Biblioteca Pública Municipal Pablo Neruda,library,http://bibliotecas.madrid.es/,,,Madrid,"40,4294148","-3,6416415"
Biblioteca Pública Municipal Pío Baroja,library,http://www.madrid.es/bibliotecaspublicas,,,Madrid,"40,4003403","-3,7079299"
Biblioteca Pública Municipal Portazgo,library,https://bibliotecas.madrid.es/,,,Madrid,"40,3932164","-3,6554513"
Biblioteca Pública Municipal Pozo del Tío Raimundo,library,https://bibliotecas.madrid.es/,,,Madrid,"40,373623","-3,660281"
Biblioteca Pública Municipal San Blas,library,https://bibliotecas.madrid.es/,,,Madrid,"40,41978","-3,6212938"
Biblioteca Pública Municipal San Fermín,library,https://bibliotecas.madrid.es/,,,Madrid,"40,3709397","-3,6927343"
Biblioteca Publica Municipal Tetuan,library,http://www.madrid.es,,,Madrid,"40,465086","-3,693993"
Biblioteca Pública Municipal Vallecas,library,http://bibliotecas.madrid.es/,,,Madrid,"40,3950121","-3,6655553"
Biblioteca Publica Municipal Vicalvaro,library,http://www.madrid.es,,,Madrid,"40,4053035","-3,6084198"
Biblioteca Pública Retiro,library,http://www.madrid.org/bpcm,,,Madrid,"40,4034751","-3,6722123"
Biblioteca Pública Ruiz Egea,library,http://www.madrid.org/bpcm,,,Madrid,"40,4466545","-3,7028751"
Biblioteca Pública Usera José Hierro,library,http://www.madrid.org/bpcm,,,Madrid,"40,3820099","-3,710431"
Biblioteca Pública Villa de Vallecas `Luis Martín Santos,library,http://www.madrid.org/bibliotecas,,,Madrid,"40,3810642","-3,6139423"
Biblioteca Raimundo Fdez Villaverde,library,Ingen webbplats,,,Madrid,"40,44691","-3,70139"
Biblioteca Regional Joaquín Leguina,library,http://www.madrid.org/bpcm,,,Madrid,"40,3999234","-3,6907701"
Biblioteca San Martín,library,http://www.bibliotecalamejorsanmartin.com/,,,Madrid,"40,4231237","-3,711143"
Biblioteca Sebastián Herrera,library,Ingen webbplats,,,Madrid,"40,40394","-3,69895"
Biblioteca Tomás Navarro Tomás,library,http://biblioteca.cchs.csic.es/#&panel1-1,,,Madrid,"40,4376667","-3,6293333"
Biblioteca Universidad Nebrija,library,https://biblioteca.nebrija.es/cgi-bin/opac,,,Madrid,"40,4295199","-3,71298"
Biblioteca Universitaria Campus Sur - UPM,library,https://www.upm.es/UPM/Bibliotecauniversitaria/bucs/,,,Madrid,"40,3904923","-3,6269296"
Biblioteca Violeta Parra,library,Ingen webbplats,,,Madrid,"40,4033694","-3,6431723"
Biblioteca Virtual de Humanidades,library,https://www.liceus.com/biblioteca/,,,Madrid,"40,42266","-3,68414"
Biblioteca. Universidad Autónoma de Madrid,library,https://www.uam.es/uam/vida-universitaria/bibliotecas,,,Madrid,"40,5433407","-3,6995683"
Bibliotecas Públicas del Ayuntamiento de Madrid,library,https://bibliotecas.madrid.es/,,,Madrid,"40,428001","-3,710294"
Bibliothèque Française,library,Ingen webbplats,2,,Madrid,"40,431746","-3,685362"
Centro Cultural Orcasur,library,http://www.madrid.es,2,cultural center,Madrid,"40,366729","-3,701125"
Centro de Cultura Teológica,library,http://centrodeculturateologicabibliotecasacerdotal1.placeweb.site,2,cultural center,Madrid,"40,4151","-3,71383"
Cepa Pan Bendito de Madrid,library,http://www.madrid.org/bpcm,,,Madrid,"40,3771843","-3,734324"
Colegio Notarial de Madrid-Archivo General de Protocolos,library,http://www.cnotarial-madrid.org,2,,Madrid,"40,413343","-3,690962"
CUNEF,library,http://www.cunef.edu/,2,,Madrid,"40,45145798","-3,720167398"
Curia Bibliotecaria,library,http://biblioteca.icam.es/,,,Madrid,"40,42205","-3,68859"
Directora Biblioteca Nacional de España,library,http://www.bne.es/,2,,Madrid,"40,42384","-3,69047"
Filmoteca Española,library,https://www.culturaydeporte.gob.es/cultura/areas/cine/mc/fe/portada.html,2,film related,Madrid,"40,4123046","-3,7022085"
Fundacion Xavier Zubiri,library,http://www.zubiri.net,,,Madrid,"40,4335161","-3,6820182"
La Biblioteca del Casino,library,Ingen webbplats,2,,Madrid,"40,4191014","-3,6957675"
La Chata,library,http://www.madrid.es/portales/munimadrid/es/Inicio/Actividades/Biblioteca-Publica-Municipal-La-Chata-%28Carabanchel%29?vgnextfmt=default&vgnextoid=d9a879262ef5d010VgnVCM1000000b205a0aRCRD&vgnextchannel=4147039aecb88010VgnVCM100000dc0ca8c0RCRD,,,Madrid,"40,386214","-3,7379878"
La librería de Trabajo,library,https://libreriavirtual.trabajo.gob.es/,,,Madrid,"40,4436946","-3,6954119"
Local Anarquista Magdalena,library,https://linktr.ee/localmagdalena,,,Madrid,"40,4104146","-3,7055705"
Lopez de vega,library,Ingen webbplats,2,,Madrid,"40,41249","-3,69843"
Los Madriles,library,Ingen webbplats,2,,Madrid,"40,4339153","-3,6935573"
Lucy Gold Library,library,Ingen webbplats,2,,Madrid,"40,4677","-3,79185"
Luis Barberán Peña,library,,2,,Madrid,"40,4091756","-3,7204812"
Ratón de biblioteca,library,http://mibiblioyyo.blogspot.com.es/,,,Madrid,"40,4343746","-3,6690549"
Real Biblioteca del Palacio Real de Madrid,library,http://www.realbiblioteca.es/,,,Madrid,"40,418286","-3,714171"
Red de Bibliotecas del Instituto Cervantes,library,https://cervantes.org/es/bibliotecas,,,Madrid,"40,41924","-3,69531"
Red de Bibliotecas y Archivos del CSIC,library,http://bibliotecas.csic.es/,,,Madrid,"40,4441905","-3,6848006"
Sala de Estudio 24 Hrs. - UAM,library,http://biblioteca.uam.es/sc/sala24horas.html,,,Madrid,"40,5462958","-3,6893229"
Servicio Regional de Empleo de la Comunidad de Madrid,library,http://www.madrid.org,2,,Madrid,"40,3756441","-3,7308156"
Vinfra S.A.,library,http://www.vinfra.es/,2,,Madrid,"40,38897","-3,7173055"
26 Toneladas,mass_media,http://www.26toneladas.com/,2,,Madrid,"40,43049","-3,69129"
65ymas,mass_media,https://www.65ymas.com/,2,,Madrid,"40,42441","-3,67617"
ABC Cultural,mass_media,http://www.abc.es/cultura/cultural/cultural.asp,2,,Madrid,"40,4473399","-3,63561"
Actual Gastro,mass_media,http://actualgastro.com/,2,,Madrid,"40,44036","-3,68187"
Actualidad Motor,mass_media,https://www.actualidadmotor.com/,2,,Madrid,"40,4385859","-3,6859131"
Acuntia,mass_media,http://www.acuntia.es,2,,Madrid,"40,498424","-3,705806"
Advantia Comunicación,mass_media,http://advantiacg.com/es,2,,Madrid,"40,3259299","-3,6798665"
Africa Actual,mass_media,http://www.AfricaActual.com/,2,,Madrid,"40,5069781","-3,6554404"
Agrifood Comunicación,mass_media,http://www.agrifood.es/v_portal/apartados/apartado.asp,2,,Madrid,"40,4270797","-3,7050409"
aireflamenco.com,mass_media,http://www.aireflamenco.com/,2,,Madrid,"40,3842761","-3,7035835"
Al Cabo de la Calle,mass_media,http://www.alcabodelacalle.com/,2,,Madrid,"40,4273784","-3,6705356"
Amyts Madrid,mass_media,http://www.amyts.es/,2,,Madrid,"40,42965","-3,71333"
Bienestar,mass_media,https://www.abc.es/bienestar,2,,Madrid,"40,447558","-3,635089"
BTEAM Pictures,mass_media,http://www.bteampictures.es/,2,,Madrid,"40,4138916","-3,6988727"
CapitalMadrid,mass_media,https://www.capitalmadrid.com/,2,,Madrid,"40,4332737","-3,6914984"
Chelsea22 Studio,mass_media,http://www.chelsea22.net/,2,,Madrid,"40,4484085","-3,6999249"
Código de Barras,mass_media,https://cadenaser.com/programa/codigo_de_barras/,2,,Madrid,"40,4203199","-3,70311"
Confidencial Digital,mass_media,https://www.elconfidencialdigital.com/,2,,Madrid,"40,4603222","-3,6990638"
Corporate,mass_media,http://corporate.es/,2,,Madrid,"40,4333933","-3,6865133"
Da la Palabra RTV Cristiana,mass_media,Ingen webbplats,2,,Madrid,"40,43597","-3,64395"
Debut Films,mass_media,www.wearedebut.com,2,,Madrid,"40,4498009","-3,6679096"
diario responsable,mass_media,http://www.diarioresponsable.com/,2,,Madrid,"40,437803","-3,631857"
Dimensión Comunicación,mass_media,http://www.dimensioneventos.com/,2,,Madrid,"40,4280935","-3,6722345"
Discovery Communications Spain And Portugal,mass_media,Ingen webbplats,2,,Madrid,"40,46251","-3,689"
ECCLESIA,mass_media,http://www.revistaecclesia.com/,2,,Madrid,"40,46722412","-3,665539503"
Ecuavoley Televisión,mass_media,http://www.ecuavoleytelevision.com/,2,,Madrid,"40,37839","-3,62395"
EDcreativo,mass_media,https://www.eldiario.es/edcreativo/,2,,Madrid,"40,42048","-3,70587"
Ediciones Torremozas,mass_media,http://www.torremozas.com/,2,,Madrid,"40,466038","-3,6362118"
Editorial Digital,mass_media,https://editorialdigital.es/,2,,Madrid,"40,4028038","-3,6719811"
elimparcial.es,mass_media,http://www.elimparcial.es/,2,,Madrid,"40,4136671","-3,6891443"
España Diario,mass_media,https://es.e-noticies.cat/gente,2,,Madrid,"40,433699","-3,68527"
Estrategias de inversión,mass_media,http://www.estrategiasdeinversion.com/,2,,Madrid,"40,41649008","-3,700684619"
Foro Atlántico,mass_media,http://www.foroatlantico.es/,2,,Madrid,"40,4263448","-3,6956345"
Fremantle España,mass_media,https://www.fremantle.es/,2,,Madrid,"40,4553883","-3,700659"
Globb Partner,mass_media,http://globbpartner.com/,2,,Madrid,"40,4709154","-3,6895071"
Guia Ocio Madrid,mass_media,https://www.planesdeociomadrid.com/,2,,Madrid,"40,4347523","-3,6822347"
iAgua.es,mass_media,https://www.iagua.es/,2,,Madrid,"40,43012","-3,6833"
Iberian Press,mass_media,https://www.iberianpress.es/,2,,Madrid,"40,4864053","-3,6673327"
IKI Group,mass_media,http://www.grupoentusiasmo.es/,2,,Madrid,"40,4348139","-3,669632"
Indie Film Market,mass_media,http://indiefilmmarket.es/,2,,Madrid,"40,3821292","-3,7036383"
INESE,mass_media,https://www.inese.es/,2,,Madrid,"40,4448988","-3,6955745"
Infocap,mass_media,https://www.infotaller.tv/,2,,Madrid,"40,4378494","-3,6263615"
International Sports Broadcasting,mass_media,Ingen webbplats,2,,Madrid,"40,4224149","-3,684946"
IT User,mass_media,http://www.ituser.es/,2,,Madrid,"40,44357","-3,66859"
La Bola Ocho,mass_media,http://www.labolaocho.com/,2,,Madrid,"40,4049657","-3,6976322"
LA ESQUINA DEL ÁLVEO,mass_media,https://laesquinadelalveo.es/,2,,Madrid,"40,4107534","-3,6939316"
La Indeleble Editorial Madrid,mass_media,http://www.laindeleble.com/,2,,Madrid,"40,4131","-3,725039"
La Pecera estudio creativo Madrid,mass_media,http://www.lapeceraestudiocreativomadrid.com/,2,,Madrid,"40,4377358","-3,6692646"
lainformacion.com,mass_media,https://www.lainformacion.com/,2,,Madrid,"40,44387","-3,65619"
Luis Perez,mass_media,http://wikipedia.de/,2,,Madrid,"40,3902193","-3,6604451"
Ma Vie Romantique,mass_media,http://www.mavieromantique.com/,2,,Madrid,"40,4136299","-3,6989953"
Madrilánea ABC,mass_media,http://madrilanea.com/,2,,Madrid,"40,44882","-3,64169"
Merca2.es,mass_media,https://www.merca2.es/,2,,Madrid,"40,46349","-3,68096"
Movilidadelectrica,mass_media,http://www.movilidadelectrica.com/,2,,Madrid,"40,4550522","-3,7837635"
Mujeres a Seguir,mass_media,http://www.mujeresaseguir.com/,2,,Madrid,"40,4394599","-3,62468"
NAN Arquitectura,mass_media,https://nanarquitectura.com/,2,,Madrid,"40,3930084","-3,7029149"
"O2O - MO2O I Digital Business, Mobile One2One",mass_media,http://www.o2ods.com/,2,,Madrid,"40,4732045","-3,6754247"
Padel World Press,mass_media,https://twitter.com/padelworldpress,2,,Madrid,"40,46964","-3,6874"
Panoplia de Libros,mass_media,https://lapanoplia.com/,2,,Madrid,"40,4586749","-3,64938105"
Paramount España,mass_media,http://www.paramount.com/,2,,Madrid,"40,423895","-3,691658"
Photoclub Anaya,mass_media,http://www.photo-club.es/,2,,Madrid,"40,43888","-3,62554"
PuntoNews,mass_media,http://www.puntonews.com/?ref=fb-boton,2,,Madrid,"40,4281055","-3,690869"
Revista MiVino,mass_media,http://www.mivino.es/,2,,Madrid,"40,40706","-3,73865"
SophiaDigital,mass_media,http://www.sophiadigital.es/,2,,Madrid,"40,4313579","-3,7047205"
The Lobby Studios,mass_media,http://www.thelobby.es,2,,Madrid,"40,4264002","-3,6643155"
The Open Office,mass_media,http://www.theopenoffice.com/,2,,Madrid,"40,4481107","-3,6920635"
TRECE,mass_media,http://www.trecetv.es/,2,,Madrid,"40,4191234","-3,6906088"
Tres Hermanas Libros,mass_media,https://www.treshermanaslibros.com/,2,,Madrid,"40,4241219","-3,6970147"
"Turner Publicaciones, ",mass_media,https://www.turnerlibros.com/,2,,Madrid,"40,4347253","-3,6817532"
Urban Style Publicity,mass_media,http://www.urbanstylepublicity.com/,2,,Madrid,"40,3924494","-3,7020746"
Vicalvaro Distrito 19,mass_media,http://www.distrito19.org/,2,,Madrid,"40,4048479","-3,6062635"
Warner Bros. International Television Production España,mass_media,http://www.cuatrocabezas.es,2,,Madrid,"40,482477","-3,670694"
Agencia de comunicación comma,media_agency,https://agenciacomma.com/,2,,Madrid,"40,4311478","-3,7018593"
Agüera Comunicación,media_agency,http://www.agueracomunicacion.com/,2,,Madrid,"40,42613","-3,68189"
CreativeZinkin,media_agency,https://creativezinkin.com/contacto/,2,,Madrid,"40,4302063","-3,7108317"
Glass Agencia,media_agency,https://glassagencia.com/,2,,Madrid,"40,4412104","-3,5676817"
HAVAS Village,media_agency,havas.com,2,,Madrid,"40,4338147","-3,703048"
Hollywood Boulevard SL,media_agency,http://www.hollywoodboulevard.es/,2,,Madrid,"40,42426","-3,70272"
Intro Iberica,media_agency,http://www.introiberica.com/,2,,Madrid,"40,4581134","-3,645952"
isabelaguilera.es,media_agency,http://isabelaguilera.es/,2,,Madrid,"40,4233","-3,6942"
La Fábrica de Discursos,media_agency,http://www.lafabricadediscursos.com/,2,,Madrid,"40,4269055","-3,6710144"
MGC&Co.,media_agency,http://www.mgcandco.com/,2,,Madrid,"40,43498","-3,69239"
Naranjo-Etxeberria,media_agency,http://www.naranjoetxeberria.com/,2,,Madrid,"40,424151","-3,7065052"
NewCom Horizons,media_agency,https://www.newcomhorizons.com/,2,,Madrid,"40,4126924","-3,6890153"
Reloj de Arena Comunicación,media_agency,http://www.relojdearenacomunicacion.com/,2,,Madrid,"40,4312621","-3,7035308"
Sharescience,media_agency,https://sharescience.es/,2,,Madrid,"40,45055","-3,69147"
The Farm Revolution,media_agency,https://thefarmrevolution.net/,2,,Madrid,"40,4471588","-3,690446"
UMO Agency,media_agency,http://umoagency.com/,2,,Madrid,"40,45719","-3,65561"
Videarium Visualization,media_agency,http://www.videarium.com/,2,,Madrid,"40,4288506","-3,7154743"
Viern.es Ecosocial,media_agency,http://www.viern.es/,2,,Madrid,"40,4299092","-3,7076895"
Villarrazo Madrid,media_agency,http://www.villarrazo.com/?page_id=1067,2,,Madrid,"40,4296237","-3,6979978"
Amigos y Arte Iberia,modern_art_museum,http://amigosyarteiberia.blogspot.com.es/,2,not a museum,Madrid,"40,462881","-3,70035"
Museo Gran Vía 15,modern_art_museum,https://museogranvia15.com/,,,Madrid,"40,4197595","-3,7002273"
Act One Producciones,movie_television_studio,http://www.actonepro.com/,2,,Madrid,"40,4334866","-3,6283054"
Ad Hoc Studios,movie_television_studio,http://www.adhocstudios.es/,2,,Madrid,"40,3709995","-3,7532606"
Beta Fiction Spain,movie_television_studio,https://linktr.ee/betafictionspain,2,,Madrid,"40,42503","-3,67777"
Bloomberg,movie_television_studio,http://www.bloomberg.com,2,,Madrid,"40,427249","-3,6907449"
Boomerang TV,movie_television_studio,http://www.grupoboomerangtv.com/,2,,Madrid,"40,5139128","-3,6724865"
Canal 7 de Television,movie_television_studio,http://www.canal7tv.com,2,,Madrid,"40,443134","-3,647403"
Canal Plus,movie_television_studio,http://www.sogecable.com,2,,Madrid,"40,42032","-3,70311"
Cars Studio,movie_television_studio,http://www.carsstudio.com/,2,,Madrid,"40,4368811","-3,608874"
Castilla y Leon Television,movie_television_studio,http://www.rtvcyl.es,2,,Madrid,"40,42713","-3,67362"
Cinesa Audiovisuales,movie_television_studio,http://cinesa.net/,2,,Madrid,"40,434206","-3,669241"
Cristal Falso Campillo,movie_television_studio,Ingen webbplats,2,,Madrid,"40,41882","-3,702022"
Cuatro Tv,movie_television_studio,Ingen webbplats,2,,Madrid,"40,512182","-3,68022"
Curso de Guion,movie_television_studio,http://www.cursodeguion.com/,2,,Madrid,"40,4875345","-3,7017861"
Diamond Films España,movie_television_studio,http://www.diamondfilms.es/,2,,Madrid,"40,4230467","-3,6920714"
DVerdad Media S.L.,movie_television_studio,Ingen webbplats,2,,Madrid,"40,41637","-3,69567"
El Nacedón Films,movie_television_studio,http://www.elnacedonfilms.com/,2,,Madrid,"40,4334421","-3,666608"
Elamedia Estudios,movie_television_studio,http://www.elamedia.com/,2,,Madrid,"40,4063386","-3,7003709"
Enboca/Enpantalla Audiovisual,movie_television_studio,http://www.enboca.net/,2,,Madrid,"40,38743","-3,74585"
Espacio Beyond,movie_television_studio,https://www.byoncreative.com/espacio,2,,Madrid,"40,36871","-3,74711"
Galileo Kids,movie_television_studio,http://www.galileocineytv.com/,2,,Madrid,"40,43904","-3,63433"
Ginger Studios,movie_television_studio,http://www.gingerstudios.es/,2,,Madrid,"40,3908785","-3,7348472"
HD STUDIO,movie_television_studio,http://www.hdstudioonline.com/,2,,Madrid,"40,44841","-3,66092"
Helsinki Films,movie_television_studio,http://www.helsinkifilms.com/,2,,Madrid,"40,43614","-3,70532"
Iralta VR,movie_television_studio,http://www.iralta.com/,2,,Madrid,"40,4355003","-3,7056969"
Jardines con Historia,movie_television_studio,http://www.timezoneproducciones.com/,2,,Madrid,"40,42811","-3,71557"
La Espacial - Plató con Ciclorama en Madrid,movie_television_studio,http://www.laespacial.es/,2,,Madrid,"40,3904713","-3,7409809"
López-Li Films,movie_television_studio,http://www.lopezlifilms.com/,2,,Madrid,"40,4359209","-3,6911154"
Media Sound Studios,movie_television_studio,http://www.mediasound.es/,2,,Madrid,"40,4425764","-3,6990893"
Nadie Es Perfecto,movie_television_studio,https://nadieesperfecto.com/,2,,Madrid,"40,4197399","-3,6988343"
NOH,movie_television_studio,http://www.nohstudios.com/,2,,Madrid,"40,4522299","-3,7041376"
Olympic Channel,movie_television_studio,olympicchannel.com,2,,Madrid,"40,445631","-3,6557396"
Paramount Pictures,movie_television_studio,http://www.paramountpictures.es/,2,,Madrid,"40,4420396","-3,6572252"
Plato Madrid. Eyestorm,movie_television_studio,http://www.platomadrid.com/,2,,Madrid,"40,47087","-3,69488"
PuroCuento Filmmaking Supplies,movie_television_studio,http://www.purocuento.es/,2,,Madrid,"40,4316142","-3,6439572"
RTVE play,movie_television_studio,http://www.rtve.es,2,,Madrid,"40,4094921","-3,7019034"
RUGE,movie_television_studio,https://www.instagram.com/ruge.studio/,2,,Madrid,"40,39235","-3,72123"
Salon Indien Films,movie_television_studio,http://www.salonindienfilms.com/,2,,Madrid,"40,4232915","-3,7085832"
Telecinco,movie_television_studio,http://www.telecinco.es,2,,Madrid,"40,5118288","-3,6797267"
The Good Mood Productions,movie_television_studio,http://thegoodmood.com/,2,,Madrid,"40,47809","-3,68668"
The SPA Studios,movie_television_studio,http://www.thespastudios.com/,2,,Madrid,"40,4669241","-3,8044892"
Vértice 360,movie_television_studio,Ingen webbplats,2,,Madrid,"40,45067","-3,65498"
Warner Bros. ITVP España,movie_television_studio,https://www.wbitvpspain.com/,2,,Madrid,"40,4450426","-3,6570198"
zeta studios,movie_television_studio,https://zetastudios.com/,2,,Madrid,"40,42672","-3,67982"
Andén 0,museum,http://www.metromadrid.es/en/who-we-are/anden-cero,2,,Madrid,"40,432169","-3,697818"
Armería Española,museum,http://www.armeria-esp.com,2,,Madrid,"40,42655","-3,69241"
Balloon Museum,museum,http://www.balloonmuseum.world/,2,not in marid,Madrid,"40,4157888","-3,7274937"
Bosque de los deseos,museum,Ingen webbplats,2,,Madrid,"40,4160144","-3,7041278"
Casa Cisneros,museum,http://www.mcu.es,,,Madrid,"40,41492","-3,71033"
Casa de Canarias,museum,http://www.casadecanarias.org,,,Madrid,"40,417102","-3,696587"
Casa Museo Jose Padilla,museum,http://www.infohostal.com/es/madrid/casamuseomaestropadilla-alojamientos,2,closed,Madrid,"40,42403","-3,66169"
Casita Museo de Ratón Pérez,museum,http://www.casamuseoratonperez.es/,2,,Madrid,"40,4171984","-3,7054947"
Centro de Interpretación de la Naturaleza e Historia del Río Manzanares,museum,Ingen webbplats,2,,Madrid,"40,3943281","-3,7006384"
Centro Geográfico del Ejército,museum,http://www.portalcultura.mde.es/cultural/cartografia/madrid/cartografia_177.html,2,,Madrid,"40,3912998","-3,7790496"
CIDV,museum,http://laneomudejar.com/,,,Madrid,"40,4976227","-3,6818039"
Estacion Museo Chamberi,museum,https://museosmetromadrid.es/estacion-de-chamberi_0/,,,Madrid,"40,4322922","-3,6976865"
FAAQ - Fundación Aeronáutica Antonio Quintana,museum,https://www.faaq.es/,2,,Madrid,"40,3672517","-3,7738041"
Feria de Coleccionismo del Museo del Ferrocarril de Madrid,museum,https://www.museodelferrocarril.org/actividades/feria_coleccionismo.asp,2,,Madrid,"40,3992155","-3,6921358"
Fundacion Amyc,museum,https://www.arteinformado.com/guia/o/fundacion-amyc-casa-museo-fuente-del-rey-112606,,,Madrid,"40,4547993","-3,771169"
Fundacion Antonio Maura,museum,http://www.fantoniomaura.org,,,Madrid,"40,4164378","-3,6897811"
Fundacion Caja Madrid,museum,http://www.fundacioncajamadrid.es,2,,Madrid,"40,418131","-3,707026"
Fundación Canal,museum,https://www.fundacioncanal.com/,2,already mentioned in other cathegory,Madrid,"40,4663917","-3,6882176"
Galería de las Colecciones Reales,museum,http://www.coleccionesreales.es/,,,Madrid,"40,4159573","-3,7157179"
Hermandad de la Division Azul,museum,http://www.hermandadnacionaldivisionazul.es,2,,Madrid,"40,44346","-3,69725"
Imma Valencia Museo Municipal de Arte Contemporáneo,museum,Ingen webbplats,2,,Madrid,"40,4278884","-3,7076079"
Instituto Valencia de Don Juan,museum,https://institutovalenciadedonjuan.es/,,,Madrid,"40,4333179","-3,6901846"
Las Farolas,museum,http://www.lasfarolas.com/,2,,Madrid,"40,416229","-3,705995"
LasVentasTour by Toroshopping,museum,http://www.lasventastour.com/,2,"tour, not museum",Madrid,"40,4312684","-3,6630144"
Lazaro Galdiano Müzesi,museum,https://www.flg.es/,,,Madrid,"40,448189","-3,683594"
Legends Collection,museum,https://legends.football/,2,,Madrid,"40,4166512","-3,7020707"
LiMAC - Museo de Arte Contemporáneo de Lima,museum,Ingen webbplats,2,this is in Peru,Madrid,"40,426505","-3,696076"
Mercadillo de Minerales de la etsime-upm - Organización.,museum,http://www.minasyenergia.upm.es/mercadillo-de-minerales-primeros-domingos-de-mes.html,2,,Madrid,"40,4422277","-3,7003112"
"Mina museo ""Marcelo Jorissen"" de la E.T.S.Ingenieros de Minas de Madrid",museum,http://www.minas.upm.es/inicio/Museo%20Historico/minamuseo.htm,2,,Madrid,"40,442209","-3,700317"
MüF - Museo de la Felicidad,museum,https://museodelafelicidad.com/,,,Madrid,"40,405693","-3,7007684"
Mundo Jurásico,museum,http://www.mundojurasico.com,,,Madrid,"40,420243","-3,720394"
Museo Africano Mundo Negro,museum,http://www.museoafricano.es/,,,Madrid,"40,4492882","-3,6515921"
Museo Bonsái Luis Vallejo,museum,http://www.luisvallejoestudiobonsai.com/index.php,2,not a museum,Madrid,"40,4881516","-3,6579282"
Museo Casa Cervantes,museum,Ingen webbplats,2,duplicated,Madrid,"40,40149","-3,60606"
Museo Casa de la Moneda,museum,https://www.museocasadelamoneda.es/,,,Madrid,"40,42259","-3,66913"
Museo Catedral de la Almudena,museum,https://museo.catedraldelaalmudena.es/,2,,Madrid,"40,4158148","-3,7140654"
Museo Cerralbo,museum,http://www.museocerralbo.es/,,,Madrid,"40,4237945","-3,7145189"
Museo Coleccion de Farmacia Militar,museum,http://www.mcu.es,2,,Madrid,"40,4031523","-3,7008233"
Museo Colección de Sanidad Militar,museum,http://www.mcu.es,2,,Madrid,"40,387926","-3,744912"
Museo Coleccion de Veterinaria Militar,museum,http://www.mcu.es,2,,Madrid,"40,3919746","-3,7808893"
Museo Coleccion Pedagogico Textil,museum,http://www.ucm.es,2,not sure what's that about,Madrid,"40,470734","-3,825249"
Museo Complutense de Antropología Médica y Forense,museum,http://www.ucm.es/centros/webs/d513/,,,Madrid,"40,4149399","-3,7107999"
Museo contra las falsificaciones,museum,https://museocontralasfalsificaciones.com/,2,,Madrid,"40,44154","-3,6956"
Museo de Anatomía Comparada de Vertebrados de Madrid,museum,https://ucm.es/macv,,,Madrid,"40,4487434","-3,7256333"
"Museo de Arte Abstracto (Casas Colgadas, cuenca)",museum,https://www.march.es/es/cuenca,,,Madrid,"40,42338","-3,7077"
Museo de Arte Félix Cañada,museum,http://www.museo.fundaciongomezpardo.es/,2,,Madrid,"40,4425869","-3,7007582"
Museo de Artes y Tradiciones Populares  UAM,museum,https://www.uam.es/uam/lacorrala,,,Madrid,"40,408777","-3,708287"
Museo de Aviones Históricos en Vuelo,museum,http://www.fio.es,,,Madrid,"40,3675076","-3,7749644"
Museo de Cera de Madrid,museum,http://www.museoceramadrid.com/,,,Madrid,"40,4250727","-3,691513"
Museo de Escultura al Aire Libre,museum,http://www.madrid.es/museoairelibre,,,Madrid,"40,4349","-3,68949"
Museo de historia,museum,http://www.museodelprado.es/,2,duplicated,Madrid,"40,41431","-3,69406"
Museo de Historia de la Educación 'Manuel Bartolomé Cossío',museum,http://educacion.ucm.es/museo-manuel-bartolome-cossio,,,Madrid,"40,4506891","-3,716324"
Museo de La Aviación.   Cuatrovientos Madrid,museum,http://www.ejercitodelaire.mde.es/ea/pag?idDoc=66EB0DC3ACBC1609C125746C0023390D,2,,Madrid,"40,3424669","-3,693195"
Museo de la Farmacia Hispana,museum,http://www.ucm.es/museofarmaciahispana,,,Madrid,"40,4451304","-3,7265627"
Museo de la Luz Madrid,museum,http://museodelaluzmadrid.com/,,,Madrid,"40,4137223","-3,7093707"
Museo De las Ilusiones. Calle del Doctor Cortezo Madrid,museum,http://www.museodelferrocarril.org/,2,,Madrid,"40,4","-3,68333"
Museo de Medios Acorazados (Muma),museum,http://www.ejercito.mde.es/va/materiales/otros/museo-carros.html,,,Madrid,"40,5439084","-3,7006361"
Museo de Sanidad e Higiene Pública,museum,Ingen webbplats,2,,Madrid,"40,4761857","-3,6909712"
Museo del Aire y del Espacio,museum,http://www.ejercitodelaire.mde.es/EA/museodelaire/index.html,,,Madrid,"40,3876547","-3,7790456"
Museo del ejército del aire. Museo de Aeronáutica y astronáutica,museum,http://www.ejercitodelaire.mde.es/ea/pag,,,Madrid,"40,41132","-3,734393"
Museo del Escritor,museum,http://www.museodelescritor.com/,,,Madrid,"40,433481","-3,7168493"
Museo del Ferrocarril,museum,Ingen webbplats,,,Madrid,"40,40403","-3,68992"
Museo del Jamon,museum,Ingen webbplats,2,isn't it a store?,Madrid,"40,4543","-3,58797"
Museo del Metro Nave de Motores de Pacifico,museum,http://www.metromadrid.es/es/viaja_en_metro/anden_0/index.html,2,,Madrid,"40,4040156","-3,6741779"
Museo Del Prado Madrid España,museum,Ingen webbplats,2,Prado is mentioned in different categories,Madrid,"40,4521907","-3,5857279"
Museo del Tarot,museum,http://www.museodeltarot.com/,2,,Madrid,"40,4181712","-3,7026376"
Museo del Tarot,museum,Ingen webbplats,2,,Madrid,"40,402194","-3,66912"
Museo Diocesano De Zamora Iglesia De Santo Tomé,museum,http://www.diocesisdezamora.es/delegaciones/ver-museo-diocesano-24,2,,Madrid,"40,4872948","-3,6940147"
"Museo EFE, Casa de las Noticias",museum,http://www.museo.efe.com/,,,Madrid,"40,473603","-3,675597"
Museo Ejercito-Seccion Delegada de Toledo,museum,Ingen webbplats,2,,Madrid,"40,4454448","-3,6889426"
Museo Fernando Alonso,museum,http://www.fernandoalonso.com/museo/,2,,Madrid,"40,463714","-3,688689"
Museo Geominero De Madrid,museum,https://www.igme.es/museo/,2,,Madrid,"40,4162425","-3,7148527"
Museo Guggenheim,museum,https://www.guggenheim-bilbao.eus/,2,this is in Bilbao,Madrid,"40,4243355","-3,7114848"
Museo ICO,museum,http://www.fundacionico.es/,2,,Madrid,"40,4168361","-3,6977743"
Museo Lazaro,museum,Ingen webbplats,2,duplicated,Madrid,"40,45753","-3,68607"
Museo Metro Chamartin,museum,Ingen webbplats,2,duplicated,Madrid,"40,4732694","-3,683133"
Museo Metro Gran Via,museum,http://www.fundacion.telefonica.com,,,Madrid,"40,420315","-3,702368"
Museo Nacional de Artes Decorativas,museum,http://www.museoartesdecorativas.es/,,,Madrid,"40,4179679","-3,6897778"
Museo Olavide,museum,https://museoolavide.aedv.es/,2,,Madrid,"40,4433871","-3,7230778"
Museo Palacio Real,museum,Ingen webbplats,2,duplicated,Madrid,"40,41486","-3,69483"
Museo Postal y Telegráfico,museum,Ingen webbplats,,,Madrid,"40,467615","-3,7692002"
Museo Postal y Telegráfico,museum,Ingen webbplats,2,duplicated,Madrid,"40,418008","-3,690946"
Museo Real Madrid,museum,http://www.realmadrid.com/entradas/tour-bernabeu,,,Madrid,"40,45313","-3,6894566"
Museo Sala Estudio Familiar Eugenio D Ors,museum,http://www.mcu.es,,,Madrid,"40,427194","-3,718808"
Museo Taurino,museum,http://www.madrid.org,,,Madrid,"40,4312289","-3,6634305"
Museo Taurino de Villanueva del Arzobispo,museum,http://lamoralejaserviciosturisticos.wordpress.com/,2,,Madrid,"40,4265377","-3,6898386"
Museo Tecnológico,museum,http://www.upm.es,,,Madrid,"40,405774","-3,699876"
Museo Tiflológico,museum,http://www.once.es,,,Madrid,"40,4552402","-3,7000514"
Museo Veterinario Complutense,museum,http://www.ucm.es/info/museoveterinariocomplutense/,2,,Madrid,"40,41846","-3,70833"
Museodelescritor,museum,Ingen webbplats,2,,Madrid,"40,43454","-3,71011"
Museos,museum,Ingen webbplats,2,,Madrid,"40,4141889","-3,7250414"
Museum of Illusions Madrid,museum,https://museumofillusions.es/,2,,Madrid,"40,4133284","-3,7038248"
Muséum Reine Sofia a Madrid,museum,http://arzabal.com,2,,Madrid,"40,408505","-3,694011"
Museum Velazquez tech,museum,Ingen webbplats,2,,Madrid,"40,4144507","-3,7045418"
MUSEUMMATE U,museum,http://www.museummate.com/,2,,Madrid,"40,41566","-3,69562"
Nomad Museo Inmersivo,museum,http://www.nomadmuseo.es/,2,,Madrid,"40,423298","-3,7102459"
Observatorio Astronómico de Madrid,museum,http://goo.gl/HOcqK,,,Madrid,"40,409551","-3,688442"
Palacio de Cibeles,museum,http://www.centrocentro.org/centro/home,2,,Madrid,"40,4189064","-3,6919973"
Palacios Y Museos,museum,http://www.palaciosymuseos.com/,2,,Madrid,"40,4465881","-3,695906"
Palacios y Museos,museum,http://www.palaciosymuseos.com,2,,Madrid,"40,449034","-3,643992"
Paseo del Prado,museum,Ingen webbplats,2,duplicated,Madrid,"40,418345","-3,696677"
Piedad y Terror en Picasso,museum,http://www.museoreinasofia.es,2,,Madrid,"40,408616","-3,694216"
Prado Museum Madrid,museum,Ingen webbplats,2,Prado is mentioned in different categories,Madrid,"40,4140743","-3,691844"
Real Fábrica de Tapices,museum,http://www.realfabricadetapices.com/,2,,Madrid,"40,4061133","-3,6824776"
Real Monasterio De San Lorenzo De El Escorial,museum,www.monasteriodelescorial.com,2,,Madrid,"40,418434","-3,705174"
Real Observatorio de Madrid,museum,https://astronomia.ign.es/,2,,Madrid,"40,4086987","-3,6866769"
Sala de Exposiciones Arquería Nuevos Ministerios,museum,http://www.fomento.gob.es/Contraste/MFOM/LANG_CASTELLANO/DIRECCIONES_GENERALES/ARQ_VIVIENDA/ARQUITECTURA/EXPOSICIONES/LAARQUERIA/default.htm,2,,Madrid,"40,4437122","-3,6909061"
Sorolla Museum,museum,http://museosorolla.mcu.es,,,Madrid,"40,4353248","-3,6925589"
Sweet Space,museum,http://www.sweetspace.com/,2,,Madrid,"40,4320599","-3,6872308"
The Grassy Clock and Watch Museum,museum,Ingen webbplats,2,,Madrid,"40,419083","-3,697806"
Tienda-Librería del Museo del Ferrocarril,museum,http://www.museodelferrocarril.org/principal.asp,2,,Madrid,"40,40028","-3,6938"
Vértice,museum,http://www.espaciovertice.com/,2,,Madrid,"40,4096","-3,70851"
Zapadores Ciudad del Arte,museum,http://www.zapadores.org/,2,cerrado,Madrid,"40,49572","-3,6818"
普拉多大道,museum,Ingen webbplats,2,Prado is mentioned in different categories,Madrid,"40,41417","-3,69361"
西班牙皇宮,museum,Ingen webbplats,2,Palacio Real de Madrid but in chinese,Madrid,"40,4387691","-3,6316987"
Arcos Gonzalez,music_and_dvd_store,http://www.arcos-gonzalez.com/,2,,Madrid,"40,4197726","-3,7106577"
ATER COSMO,music_and_dvd_store,Ingen webbplats,2,,Madrid,"40,4221863","-3,7032812"
Central Sindical Independiente y de Funcionarios,music_and_dvd_store,http://www.csi-csif.es,2,,Madrid,"40,4295","-3,70433"
Cinebank Barajas,music_and_dvd_store,Ingen webbplats,2,,Madrid,"40,471632","-3,581142"
Cuervo Store,music_and_dvd_store,http://cuervostore.oleoshop.com/,2,,Madrid,"40,4268218","-3,7032276"
Daily Price Bravo Murillo 218,music_and_dvd_store,http://www.qualityprice.es/,2,,Madrid,"40,4576","-3,701187"
Daily Price Moncloa,music_and_dvd_store,Ingen webbplats,2,,Madrid,"40,4342647","-3,7198701"
Delia Records,music_and_dvd_store,http://www.deliarecords.com/,2,,Madrid,"40,4041919","-3,692439"
Discopolis,music_and_dvd_store,http://www.discopolis.com/,2,,Madrid,"40,4412293","-3,6951217"
Discos Killers,music_and_dvd_store,http://www.discoskillers.com/,2,,Madrid,"40,4186702","-3,7021437"
Discos La Metralleta,music_and_dvd_store,http://lametralleta.es/,2,,Madrid,"40,41829324","-3,706633469"
Discos La Metralleta,music_and_dvd_store,http://lametralleta.es/,2,,Madrid,"40,4186516","-3,7066313"
Discos Satélite,music_and_dvd_store,Ingen webbplats,2,,Madrid,"40,4087514","-3,7074483"
Dvdstorespain,music_and_dvd_store,http://dvdstorespain.es/,2,,Madrid,"40,4479403","-3,5694232"
El Almacén de Discos,music_and_dvd_store,https://www.discogs.com/es/seller/elalmacen/profile,2,,Madrid,"40,42485","-3,70599"
Electrónica Baile,music_and_dvd_store,http://www.electronicabaile.com/,2,,Madrid,"40,4176","-3,67325"
Escridiscos,music_and_dvd_store,http://www.escridiscos.es/,2,,Madrid,"40,4191899","-3,7067295"
ESPEJO DIGITAL ESTUDIO / Duplicación CD y DVD,music_and_dvd_store,http://www.espejodigitalestudio.es/,2,,Madrid,"40,4303968","-3,6631729"
Ferias De Discos,music_and_dvd_store,http://nakasha-spain.com/,2,,Madrid,"40,4325326","-3,7144335"
"Fernando Solar, Luthier",music_and_dvd_store,http://www.mmsolar.com/,2,,Madrid,"40,4278599","-3,7048987"
Fnac España,music_and_dvd_store,Ingen webbplats,2,,Madrid,"40,36955","-3,60445"
Fnac España,music_and_dvd_store,Ingen webbplats,2,ducplicated,Madrid,"40,42483","-3,67983"
Fnac España,music_and_dvd_store,Ingen webbplats,2,ducplicated,Madrid,"40,42443","-3,61924"
Fnac España,music_and_dvd_store,Ingen webbplats,2,ducplicated,Madrid,"40,4749768","-3,6877425"
Gold Price,music_and_dvd_store,Ingen webbplats,2,,Madrid,"40,415767","-3,709936"
Guitarras Juan Alvarez,music_and_dvd_store,https://guitarrasjuanalvarez.com/,2,,Madrid,"40,4120055","-3,694753"
Guitarras Mariano Conde,music_and_dvd_store,http://marianoconde.com/,2,,Madrid,"40,4172555","-3,7100847"
Ingenieros Asociados de Control S.L,music_and_dvd_store,http://www.iacsl.es/,2,,Madrid,"40,4871184","-3,6676608"
Is the Place,music_and_dvd_store,https://www.discogs.com/user/Space_is_the_place,2,,Madrid,"40,4264505","-3,7047958"
Jazzymas.Com,music_and_dvd_store,http://www.jazzymas.com/,2,,Madrid,"40,4263745","-3,7041727"
La Negra,music_and_dvd_store,http://www.lanegrashop.es/,2,,Madrid,"40,4448046","-3,6734606"
Liquidator Music,music_and_dvd_store,http://www.liquidatormusic.com/,2,,Madrid,"40,4103175","-3,7061244"
Marilians Records,music_and_dvd_store,http://www.marilians.com/,2,,Madrid,"40,4256767","-3,7090758"
Melting Pot Records,music_and_dvd_store,http://www.meltingpot-records.net/,2,,Madrid,"40,4473975","-3,6750809"
Musical Domínguez,music_and_dvd_store,https://musicaldominguez.blogspot.com/,2,,Madrid,"40,4355893","-3,6459321"
Musical Princesa,music_and_dvd_store,http://www.musicalprincesa.com/,2,,Madrid,"40,39053","-3,74333"
Musical72 Madrid,music_and_dvd_store,https://www.intermusic-pro.com/,2,,Madrid,"40,4175845","-3,7100603"
Palma39,music_and_dvd_store,http://www.palma39.com/,2,,Madrid,"40,4263551","-3,7047441"
Radical Music,music_and_dvd_store,http://www.radicalmusic.es/,2,,Madrid,"40,4215654","-3,7099925"
Radiocity discos,music_and_dvd_store,http://www.radiocitydiscos.com/,2,,Madrid,"40,426922","-3,710443"
RARA AVIS,music_and_dvd_store,http://www.raraavisstore.com/,2,,Madrid,"40,42647","-3,70503"
Recycled Music Center,music_and_dvd_store,http://www.discogs.com/seller/recycledmusic.es,2,,Madrid,"40,4237876","-3,7022469"
Rock And Roll Circus,music_and_dvd_store,Ingen webbplats,2,,Madrid,"40,4190856","-3,7075181"
Rotor Discos,music_and_dvd_store,http://www.rotordiscos.com/,2,,Madrid,"40,4204669","-3,7048612"
Satanasa,music_and_dvd_store,Ingen webbplats,2,,Madrid,"40,4077647","-3,7089131"
Sin Morralla Records & Books,music_and_dvd_store,https://www.discogs.com/seller/SinMorrallaRecords/profile,2,,Madrid,"40,4091253","-3,7081427"
Sun Records,music_and_dvd_store,https://www.discogs.com/es/seller/Kanvec-SunRecord/profile,2,,Madrid,"40,420543","-3,709053"
TALLER DE INSTRUMENTOS S.L (Luthier y Venta),music_and_dvd_store,http://www.tallerdeinstrumentos.com/,2,,Madrid,"40,447279","-3,675134"
Tauro,music_and_dvd_store,http://www.videotauro.com/,2,,Madrid,"40,426989","-3,650545"
Todonotas,music_and_dvd_store,Ingen webbplats,2,,Madrid,"40,4097462","-3,6961954"
Tununtunumba,music_and_dvd_store,https://tununtunumba.com/,2,,Madrid,"40,4128177","-3,6968928"
Union Musical Española,music_and_dvd_store,Ingen webbplats,2,,Madrid,"40,4174","-3,706798"
Videoclub Arfe,music_and_dvd_store,http://WWW.VIDEOCLUBARFE.COM/,2,,Madrid,"40,4821413","-3,7127769"
Videoclub Cinema Paraíso,music_and_dvd_store,Ingen webbplats,2,,Madrid,"40,421457","-3,6100593"
Videoclub Claqueta Toma 21,music_and_dvd_store,http://www.videoclubsonline.com/new/tipo/avanzado/index.asp?IdVide=10,2,,Madrid,"40,454605","-3,670817"
Wildtrack Sound Library,music_and_dvd_store,http://www.wildtracksoundlibrary.com/,2,,Madrid,"40,40211","-3,7572"
Ziggy Discos,music_and_dvd_store,Ingen webbplats,2,,Madrid,"40,41205","-3,70727"
2RR Music Studio,music_production,http://www.carrancomusic.com/,,,Madrid,"40,41434","-3,69051"
45 Zancadas,music_production,http://www.45zancadas.com/,,,Madrid,"40,43741","-3,66863"
aaldea_music,music_production,Ingen webbplats,2,,Madrid,"40,4518185","-3,7021826"
Aire Estudio de Grabación,music_production,https://www.aire-estudio.es/,,,Madrid,"40,3890665","-3,640101"
Arche Estudio,music_production,http://www.arche-estudio.com/,,,Madrid,"40,442667","-3,6739811"
Astoria Factory,music_production,http://astoriafactory.wix.com/astoriafactory,,,Madrid,"40,4119186","-3,72541"
Atocar Salas de Ensayo,music_production,http://www.atocar.com/,,,Madrid,"40,4321767","-3,723235"
Aural,music_production,http://auralsound.com/,,,Madrid,"40,4116799","-3,70719"
Batcueva,music_production,http://www.partymadrid.com/,,,Madrid,"40,46475","-3,64758"
Beat Music,music_production,http://beatmusic.tv/,,,Madrid,"40,4697992","-3,6616655"
Berlin Invasion Headquarter Madrid,music_production,http://invasion.berlin/,,,Madrid,"40,36295","-3,65466"
Ble Records,music_production,Ingen webbplats,2,,Madrid,"40,4074204","-3,7041105"
BlueCat Music Madrid,music_production,http://www.bluecat-music.com/,,,Madrid,"40,4642778","-3,6338766"
Bohemio Studios,music_production,http://www.bohemiostudios.com/,,,Madrid,"40,4719576","-3,6298211"
BoXinBox Music - Locales de ensayo,music_production,http://www.boxinbox.es/,,,Madrid,"40,448439","-3,6693616"
Camaleon Music Studio,music_production,Ingen webbplats,2,,Madrid,"40,3874907","-3,666235"
Capital Sound,music_production,http://capitalsound.es/,,,Madrid,"40,403271","-3,6908532"
Cargo Music,music_production,https://cargomusic.es/,,,Madrid,"40,4334897","-3,7003614"
Centro de música TALLER57,music_production,http://www.taller57.e.telefonica.net/,,,Madrid,"40,4644333","-3,6469112"
Control Perro Producciones Music,music_production,https://controlperro.jimdo.com/,,,Madrid,"40,4980626","-3,6748614"
Cube studio,music_production,Ingen webbplats,2,,Madrid,"40,3847051","-3,7439035"
Daremmusic,music_production,Ingen webbplats,2,,Madrid,"40,43732","-3,63566"
David Kano,music_production,http://davidkano.studio/,,,Madrid,"40,4233224","-3,7088989"
DRAX audio,music_production,http://www.draxaudio.com/,,,Madrid,"40,4359842","-3,6687013"
ECIS-CSIPM,music_production,https://www.uam.es/uam/csipm,,,Madrid,"40,5452518","-3,6926617"
El Espacio Boutique de las Artes Escénicas,music_production,http://el-espacio.es/,,,Madrid,"40,3991647","-3,7020445"
El Estribillo,music_production,http://www.elestribillo.es/,,,Madrid,"40,4965555","-3,7049669"
Emusic Lab,music_production,http://www.emusiclab.net/,,,Madrid,"40,4075362","-3,6771098"
Estudio de Grabacion KMC,music_production,http://www.kmcedicast.com/,,,Madrid,"40,4590344","-3,6493035"
Estudio Silencio,music_production,Ingen webbplats,2,,Madrid,"40,4232163","-3,7090679"
Estudios Menchaca,music_production,Ingen webbplats,2,,Madrid,"40,41221","-3,72687"
Fania Estudios,music_production,Ingen webbplats,2,,Madrid,"40,4289406","-3,6985028"
Fashion Beat Team Studio,music_production,http://www.fashionbeatteam.com/,,,Madrid,"40,3957981","-3,6956422"
Fast Pig Records,music_production,http://www.fastpigrecords.com/,,,Madrid,"40,3736","-3,65023"
Funky Express Locales de Ensayo,music_production,http://www.localesfunky.com/,,,Madrid,"40,3857488","-3,6981175"
Garlic Records,music_production,http://www.garlicrecords.com/,,,Madrid,"40,4036545","-3,6609799"
Golden Hen Studio,music_production,Ingen webbplats,2,,Madrid,"40,3715863","-3,7492915"
ImaginaPlay,music_production,https://imaginaplay.es/,,,Madrid,"40,3604986","-3,7133789"
Infinity Estudios,music_production,https://www.infinityred.com/,,,Madrid,"40,4706124","-3,6926009"
Jaime Córdoba,music_production,http://www.jaimecordoba.com/,,,Madrid,"40,4062827","-3,6825614"
Javhastudios,music_production,https://www.javhastudios.com/,,,Madrid,"40,43795","-3,63401"
La Casa de Los Musicos,music_production,Ingen webbplats,2,,Madrid,"40,43991","-3,67701"
La Chulona Estudio,music_production,http://lachulona.es/,,,Madrid,"40,4507245","-3,5695468"
LALAVALAB,music_production,http://www.lalavalab.com/,,,Madrid,"40,3715654","-3,7492786"
Lasting Noise Recording Studio,music_production,http://www.lastingnoise.com/,,,Madrid,"40,3867244","-3,7047502"
Locales Tablada25,music_production,https://www.tablada25.info/,,,Madrid,"40,4603957","-3,7018691"
MainTrack Studio - Estudio de grabación,music_production,https://maintrackstudio.com/,,,Madrid,"40,4303182","-3,6450326"
Margarita Estudio de Grabación,music_production,http://margaritaestudio.com/,,,Madrid,"40,4372895","-3,6768629"
Método FAMA,music_production,http://www.metodofama.com/,,,Madrid,"40,3837001","-3,72181"
Metropol Studios,music_production,https://metalfactorystudios.com/,,,Madrid,"40,4094135","-3,7186702"
Ministerio del Estéreo,music_production,http://www.ministeriodelestereo.com/,,,Madrid,"40,4021394","-3,6895429"
Mpire Studio,music_production,http://www.mpirestudio.es/,,,Madrid,"40,3908734","-3,7433269"
Music Library &SFX,music_production,http://musiclibrary.es/es,,,Madrid,"40,4166145","-3,7010154"
Musical Solutions,music_production,http://www.musicalsolutions.es/,,,Madrid,"40,461189","-3,6891598"
Musigrama Estudio de Grabación,music_production,http://www.musigrama.com/,,,Madrid,"40,4020927","-3,746059"
New Light Studio,music_production,https://newlightstudio.es/,,,Madrid,"40,39012","-3,6376963"
NewLife Studios,music_production,http://www.jlstudios.ga/,,,Madrid,"40,3861445","-3,6376624"
OEO & Parser,music_production,http://www.oeomusica.com/,,,Madrid,"40,4285667","-3,671168"
Oktopus Studios Madrid,music_production,http://oktopus-studios.com/,,,Madrid,"40,3376235","-3,7114991"
OMC Estudios - Omar Carrascosa,music_production,http://www.omcestudios.com/,,,Madrid,"40,4040579","-3,7415269"
Pecera Estudio,music_production,http://www.peceraestudio.com/,,,Madrid,"40,403589","-3,7035507"
Perco Blue,music_production,https://open.spotify.com/intl-es/artist/16aUsJHAepEwq6m6ENBtj7?si=d-yf6enwTQSqivtDKMbD1A,2,,Madrid,"40,3834958","-3,7042119"
Phòng thu âm M.O.L STUDIO,music_production,https://forevershikoku.com/,2,,Madrid,"40,40747","-3,68024"
Planet 8 Studios,music_production,http://www.planet8studios.com/,,,Madrid,"40,3773189","-3,6314347"
Producciones Lastra S.L,music_production,http://www.produccioneslastra.com/,,,Madrid,"40,4097188","-3,6672259"
Q-Studios,music_production,https://q-studios.com/,,,Madrid,"40,4367704","-3,6534341"
Quiet Music Studios,music_production,http://www.quietmusicstudios.com/,,,Madrid,"40,4456196","-3,5631974"
Rec Division Studios,music_production,http://www.recdivision.com/,,,Madrid,"40,4233498","-3,7090153"
Red Led,music_production,http://www.redled.com/,,,Madrid,"40,4196467","-3,6672777"
Revirock Studios S.L.,music_production,http://www.revirock.com/,,,Madrid,"40,401746","-3,5907846"
Ritmo y Compás,music_production,http://www.ritmoycompas.com/,,,Madrid,"40,4720054","-3,6298832"
rlm,music_production,http://www.rlm.es/,,,Madrid,"40,4587744","-3,6517018"
Roar studios Madrid,music_production,https://www.roarstudios.es/,,,Madrid,"40,4262189","-3,7092858"
Robin Groove - Estudio de grabación,music_production,http://www.robingroove.com/,,,Madrid,"40,4258166","-3,7045808"
Rompeolas Locales de Ensayo y Aulas de Interpretación y Baile,music_production,http://www.elrompeolas.com/,,,Madrid,"40,40153","-3,69667"
Rose Talent by Larrosa,music_production,http://www.rosetalent.pro/,,,Madrid,"40,4251099","-3,69595"
Rouse Music,music_production,https://www.instagram.com/rouse_music/?hl=es,,,Madrid,"40,4941721","-3,7088123"
SAE Madrid,music_production,https://www.sae.edu/esp/,,,Madrid,"40,47213","-3,64008"
Sauerland Studios & Recording Co.,music_production,http://sauerlandstudios.com/,,,Madrid,"40,4136244","-3,7205131"
Sharemusic Academy,music_production,http://www.sharemusic.es/,,,Madrid,"40,4074292","-3,6978652"
Skyline Studios,music_production,http://www.skylinestudios.es/,,,Madrid,"40,4360112","-3,668653"
Sonido Cronico Estudios,music_production,http://www.sonidocronicoestudios.com/,,,Madrid,"40,3933969","-3,7440592"
Sonobox,music_production,http://sonobox.es/,,,Madrid,"40,4099607","-3,7127644"
Sound Garden producciones,music_production,http://www.soundgarden.es/,,,Madrid,"40,4614023","-3,6816617"
Space Sound Studio,music_production,http://spacesoundstudio.com/,,,Madrid,"40,4807805","-3,7164515"
Studio97MusicLab,music_production,http://www.studio97musiclab.com/,,,Madrid,"40,4035826","-3,6770619"
Vocalstudio,music_production,http://www.vocalstudio.es/,,,Madrid,"40,4483039","-3,6695333"
𝐙𝐄𝐍𝐈𝐓 𝐂𝐨𝐦𝐮𝐧𝐢𝐝𝐚𝐝 𝐌𝐮𝐬𝐢𝐜𝐚𝐥,music_production,https://www.zenitcomunidadmusical.com/,,,Madrid,"40,4492013","-3,6770199"
21st Century Music,music_school,http://escuelademusicamoderna.com/,,,Madrid,"40,4309668","-3,666053"
A Píntega Marela,music_school,http://www.apintegamarela.com/,,,Madrid,"40,3700266","-3,7453197"
"Academia de Música ""Manuel de Falla""",music_school,http://www.academiamanueldefalla.com/,,,Madrid,"40,4089136","-3,6076653"
Academia Fígaro,music_school,http://www.academiafigaro.com,,,Madrid,"40,388427","-3,640115"
Academia Jukebox,music_school,https://www.academiajukebox.com/,,,Madrid,"40,4297412","-3,7217966"
Academia Música Bajo Llave,music_school,http://www.musicabajollave.com/,,,Madrid,"40,4351555","-3,7110614"
Adictos a las Teclas Escuelas de música,music_school,http://www.adictosalasteclas.com/,,,Madrid,"40,4070561","-3,743693"
"AfinArte, proyectando educación musical",music_school,http://www.afinarte.es/,,,Madrid,"40,4483048","-3,6695363"
Alcompás,music_school,http://www.alcompas.org/,,,Madrid,"40,4372032","-3,654221"
ArteSound Madrid,music_school,http://www.artesoundmadrid.com/,,,Madrid,"40,3766081","-3,6935887"
Atalanta Music School,music_school,http://www.atalantamusica.com/,,,Madrid,"40,4014477","-3,5909079"
Ateneo JAZZ,music_school,http://campus-ateneojazz.com/,,,Madrid,"40,43428","-3,6445"
Aula 1 - La Escuela de Música Soto Mesa,music_school,http://www.sotomesa.com/,2,duplicated,Madrid,"40,4811925","-3,712973"
Aula 2 - La Escuela de Música Soto Mesa,music_school,http://www.sotomesa.com/,,,Madrid,"40,410544","-3,636077"
Aula de Músicas,music_school,http://www.aulademusicas.com/,,,Madrid,"40,40058","-3,70324"
Aula Modal,music_school,https://aulamodal.online/,,,Madrid,"40,41147","-3,70109"
Black Light Producciones,music_school,http://www.rebecarods.com/,,,Madrid,"40,4117107","-3,7002101"
Caraban Music School,music_school,Ingen webbplats,,,Madrid,"40,3914962","-3,7326395"
Carabox Locales De Ensayo,music_school,http://carabox.es/,,,Madrid,"40,3684723","-3,7546342"
CAT Arte y Tecnología,music_school,https://catonline.ivanespino.com/,,,Madrid,"40,4053306","-3,7074353"
Cedam Escuela De MÚSica,music_school,http://www.cedam.es/,,,Madrid,"40,4298848","-3,721764"
CEMyNT,music_school,http://www.cemynt.es/,,,Madrid,"40,4711","-3,63757"
Centro Miguel Alonso,music_school,http://www.centromiguelalonso.art/,,,Madrid,"40,43754","-3,70917"
Centro Musica y Talento,music_school,Ingen webbplats,2,,Madrid,"40,3884127","-3,7355918"
Centro Musical Joaquín Turina,music_school,http://www.cursosmusicales.es,,,Madrid,"40,4794272","-3,6674759"
Centro Musical Serra,music_school,http://www.musicalserra.com/,,,Madrid,"40,3964412","-3,761921"
CIEM Federico Moreno Torroba,music_school,http://www.ciemmorenotorroba.com/,,,Madrid,"40,3832169","-3,7347381"
Clases de bateria Madrid -CBM-,music_school,http://www.clasesdebateriamadrid.com/,,,Madrid,"40,4299344","-3,6493613"
Club Pilates Pinar de Chamartín,music_school,https://www.clubpilates.es/location/pinardechamartin,,,Madrid,"40,48090868","-3,67169759"
Conservatorio Santa Cecilia - Escuela de Música en Madrid. Escuela de Danza,music_school,https://www.santacecilia.info/,,,Madrid,"40,4484707","-3,7104532"
"Diego Lázaro Smud Kaminsky, Profesor de Canto.",music_school,https://diegokaminsky.es/,,,Madrid,"40,409888","-3,7360112"
DJP Music School,music_school,http://www.djpmusicschool.com/,,,Madrid,"40,4360048","-3,6718475"
Dubi Dubi - Música y Crecimiento,music_school,http://www.dubidubimusica.es/,,,Madrid,"40,4052778","-3,7111902"
E M Cavatina,music_school,http://www.escuelacavatina.com/,2,,Madrid,"40,4380322","-3,666384"
Enarmonía,music_school,http://www.enarmoniamusica.com/,,,Madrid,"40,4305924","-3,6402765"
Enclave Madrid,music_school,http://www.enclavemusica.com/,,,Madrid,"40,4866694","-3,7005903"
Enclavedesí,music_school,http://www.enclavedesi.com/,,,Madrid,"40,4460009","-3,6759661"
Escuela de Blues de Madrid,music_school,http://www.escueladebluesdemadrid.es/,,,Madrid,"40,3911261","-3,7338313"
Escuela de Canto Raúl Baglietto,music_school,https://raulbaglietto.com/,,,Madrid,"40,3885685","-3,6404543"
Escuela De Música Accion Piano,music_school,https://accionpiano.com/,,,Madrid,"40,4657567","-3,6846465"
Escuela de Música Alameda EMA,music_school,http://escuelademusicaalameda.com/,,,Madrid,"40,4553672","-3,5945155"
Escuela de Música Allegro,music_school,http://www.escuelamusicaallegro.es/,,,Madrid,"40,4289631","-3,6697721"
Escuela de Música Arcos,music_school,http://www.arcosmusica.com/,,,Madrid,"40,4346365","-3,708355"
Escuela de Música Combo,music_school,http://www.escuelacombo.com/,,,Madrid,"40,409571","-3,7286126"
Escuela de Música del Grupo Talía,music_school,http://www.cursosmusicales.es/,,,Madrid,"40,47167","-3,66837"
Escuela de Música Do Mayor,music_school,http://www.escuelademusicadomayor.com/,,,Madrid,"40,4307543","-3,6044516"
Escuela de Música Enclave Rítmico,music_school,http://www.enclaveritmico.com/,,,Madrid,"40,4755012","-3,5792346"
Escuela de Música Fama,music_school,Ingen webbplats,,,Madrid,"40,47999","-3,716005"
Escuela de Música In Vivo,music_school,http://www.esmusicainvivo.com/,,,Madrid,"40,3844035","-3,6253449"
Escuela de Musica Madrigal,music_school,http://www.espaciomadrigal.com,,,Madrid,"40,3956523","-3,6929154"
Escuela de Música Nebolsin,music_school,http://centromusicanebolsin.com/,,,Madrid,"40,445391","-3,649666"
Escuela de Música Pipo Lopez,music_school,http://www.escuelamusicapipolopez.com/,,,Madrid,"40,4397937","-3,6197189"
Escuela de Música Prolat,music_school,http://www.escuelamusicaprolat.org/,,,Madrid,"40,4244742","-3,6724769"
"Escuela de Música y Artes ""Musiarte""",music_school,http://www.musiarteescuela.com/,,,Madrid,"40,4668149","-3,7204949"
Escuela de Musica y Danza La Flauta Magica,music_school,http://www.escuelalaflautamagica.com/,,,Madrid,"40,459182","-3,6585196"
Escuela de Música y Danza Las Rosas,music_school,https://www.musicaviva21.es/,,,Madrid,"40,4281","-3,60058"
Escuela de Nuevas Musicas,music_school,http://www.escueladenuevasmusicas.com/,,,Madrid,"40,4035051","-3,6386401"
Escuela Musical Las Rosas,music_school,http://www.escuelamusicalasrosas.es/,,,Madrid,"40,431431","-3,6072259"
Escuela Soto Mesa Las Rosas,music_school,http://www.sotomesa.com/,,,Madrid,"40,4255243","-3,6006938"
Escuela Superior de Música Reina Sofía,music_school,http://www.escuelasuperiordemusicareinasofia.es/,,,Madrid,"40,4170106","-3,7122"
Escuela Zarzueling,music_school,http://www.draoproducciones.com/,,,Madrid,"40,33506","-3,71523"
Esmuva,music_school,https://esmuva.com/,,,Madrid,"40,3991262","-3,6711064"
Estudio Olga Manzano,music_school,Ingen webbplats,2,,Madrid,"40,398802","-3,759738"
Forum MusiKae - Escuela Superior de Música,music_school,https://www.forummusikae.com/,,,Madrid,"40,4655299","-3,664522"
Instituto CanZion Madrid,music_school,https://es.institutocanzion.com/,,,Madrid,"40,4292436","-3,6504185"
isaacbuendia.com Clases de Guitarra en Madrid,music_school,http://www.isaacbuendia.com/,,,Madrid,"40,4321474","-3,7232564"
La Escuela de Canal: Música y Artes Escénicas.,music_school,http://www.laescueladecanal.com/,,,Madrid,"40,4369655","-3,7030924"
Laboratorio de la Voz,music_school,http://www.laboratoriodelavoz.com/,,,Madrid,"40,414056","-3,711192"
Lakandela,music_school,http://www.lakandela.com/,,,Madrid,"40,4120403","-3,7072922"
Little Musical Steps,music_school,http://www.littlemusicalsteps.com/,,,Madrid,"40,3611476","-3,5536867"
Locales Sonic Boom,music_school,http://www.sonicboom.es/,,,Madrid,"40,4399559","-3,6196705"
Lume de Biqueira Celtic Band,music_school,https://www.lumedebiqueira.es/,,,Madrid,"40,4047811","-3,7532164"
M3 Musiescuela,music_school,http://www.m3musiescuela.com/,,,Madrid,"40,3888621","-3,7559362"
Maestro Barbieri,music_school,http://www.madrid.es,,,Madrid,"40,3728595","-3,7138543"
Magerit Musical,music_school,http://www.mageritmusical.com/,,,Madrid,"40,4306063","-3,6665975"
Mantra Superfood,music_school,https://ueni.com/es-es/negocio/madrid-28023/cursos-de-cocina/mantrasuperfood,,,Madrid,"40,4463365","-3,7884"
Marand Musical,music_school,http://www.marandmusical.com,,,Madrid,"40,3875512","-3,7423237"
"Mi Pequeño Violín, método Suzuki y Mago Diapasón",music_school,https://mipequenoviolin.com/,,,Madrid,"40,500072","-3,6722751"
Microfusa,music_school,Ingen webbplats,2,,Madrid,"40,4038624","-3,7150799"
Murillo Actividades Musicales,music_school,http://www.clasesdemusica-madrid.com,,,Madrid,"40,4683757","-3,722471"
Música con Cabeza,music_school,http://www.musicaconcabeza.com/,,,Madrid,"40,4385093","-3,7152173"
Música Creativa,music_school,http://www.musicacreativa.com/,,,Madrid,"40,4265354","-3,7040838"
musicafama,music_school,https://www.escuelamusicafama.es/es/,,,Madrid,"40,4799422","-3,7162169"
Musical Arts Madrid,music_school,http://www.musicalarts.es/,,,Madrid,"40,4466959","-3,6701305"
Newman's Music,music_school,http://www.clasesdesaxonewman.com/,,,Madrid,"40,4056581","-3,6920421"
Nunavut Escuela de Canciones,music_school,https://www.qdqplus.es/MP/autoescuela-mirasierra/,,,Madrid,"40,4967868","-3,7046557"
Overtónica,music_school,https://www.overtonica.com/,,,Madrid,"40,4096098","-3,7403267"
PequeRitmo,music_school,http://www.pequeritmo.es/,,,Madrid,"40,4014088","-3,7026582"
Promad Escuela de Sonido,music_school,http://promadformacion.com/,,,Madrid,"40,4490078","-3,706046"
Rhythm on beat,music_school,http://www.rhythmonbeat.com/,,,Madrid,"40,4327878","-3,671123"
Rivera de Madrid,music_school,http://www.riverademadrid.com/,,,Madrid,"40,396015","-3,7107"
Rock Guitar Experience,music_school,http://www.rockguitarexperience.es/,,,Madrid,"40,4489023","-3,7078476"
ROCKin' MAD,music_school,https://www.rockinmad.es/,,,Madrid,"40,434028","-3,7170019"
ROCKin' MAD,music_school,https://www.rockinmad.es/,,,Madrid,"40,4340211","-3,7168533"
Soto Mesa,music_school,http://www.sotomesa.com/,,,Madrid,"40,4287763","-3,707313"
Taller Musical David Cebrián,music_school,https://www.youtube.com/@David_Cebrian/videos,,,Madrid,"40,4163193","-3,7035606"
Tempo Musical,music_school,http://www.madrid.es,2,,Madrid,"40,4268704","-3,662277"
VOCACIONAL école de danse et musique,music_school,http://www.escuelavocacional.es/,,,Madrid,"40,4499747","-3,7099907"
Yamaha Music School Madrid Río,music_school,http://www.ymsmadridrio.com/,,,Madrid,"40,3935224","-3,6908711"
YubaDanza Academia de Baile,music_school,http://www.danzayuba.com/,2,dance related,Madrid,"40,3864","-3,70577"
Alevosía,music_venue,http://www.alevosiamadrid.es/,2,,Madrid,"40,4232904","-3,7067229"
Amnistía 5 Madrid,music_venue,Ingen webbplats,2,this is a street,Madrid,"40,41716","-3,71064"
Auditorio Nacional de Musica,music_venue,http://www.auditorionacional.mcu.es,,,Madrid,"40,4460355","-3,6776719"
Bel-Air Club,music_venue,Ingen webbplats,2,,Madrid,"40,4262299","-3,70261"
Bentley's Warner Music Lounge,music_venue,Ingen webbplats,2,,Madrid,"40,4153277","-3,6739434"
Boycott ArtsClub,music_venue,Ingen webbplats,2,,Madrid,"40,41157","-3,70072"
Broadway  DANCE CLUB,music_venue,Ingen webbplats,2,,Madrid,"40,4256824","-3,6508465"
Castle Rock Rehearsal,music_venue,Ingen webbplats,2,,Madrid,"40,3720745","-3,6760888"
Club 54,music_venue,http://www.studio54madrid.com/,2,,Madrid,"40,42098","-3,69823"
Club Bombón,music_venue,https://clubbombon.com/,2,sex workers related,Madrid,"40,3889658","-3,7164219"
Club de Música y Jazz San Juan Evangelista,music_venue,http://www.youtube.com/user/ClubdeMusicaSanJuan,2,,Madrid,"40,446899","-3,720256"
Club de Tiro,music_venue,http://www.clubdetiromadrid.es/,2,,Madrid,"40,4352","-3,73545"
Club Trébol Madrid,music_venue,Ingen webbplats,2,,Madrid,"40,4138024","-3,7122819"
Costello Club,music_venue,http://www.costelloclub.com/,2,,Madrid,"40,4194353","-3,7007801"
Discoteca Ozona Vip,music_venue,http://www.discotecaozonavip.com/,2,,Madrid,"40,40704","-3,67665"
Discoteca Peoples,music_venue,Ingen webbplats,2,,Madrid,"40,3561254","-3,6869402"
El Juglar,music_venue,https://twitter.com/#!/SalaJuglar,2,,Madrid,"40,4097012","-3,7021459"
El Sol,music_venue,http://salaelsol.com/,,,Madrid,"40,4190067","-3,701643"
EMI Music Spain,music_venue,http://www.parlophonemusic.es/,2,,Madrid,"40,4188727","-3,696358"
Escenario Eslava,music_venue,http://joy-eslava.com/organizador/escenario-eslava/,2,,Madrid,"40,41713","-3,70648"
escuchar buena musica,music_venue,Ingen webbplats,2,,Madrid,"40,4103592","-3,7037659"
Escuela de Música Orquesta,music_venue,http://www.escuelademusicaorquesta.es/,,,Madrid,"40,4439474","-3,6517816"
Espacio Ibercaja Delicias,music_venue,https://www.espacioibercajadelicias.com/,,,Madrid,"40,3985146","-3,6900732"
Essential Flamenco Madrid,music_venue,https://essentialflamenco.com/,,,Madrid,"40,4149026","-3,7026821"
Estudio De Grabaciones Y Local De Ensayos G.g. Producciones ,music_venue,http://www.ggproducciones.es/,2,,Madrid,"40,4854922","-3,6987741"
Eventos Arde Madrid,music_venue,Ingen webbplats,2,,Madrid,"40,4194172","-3,6263387"
Factory Air,music_venue,https://factoryair.es/,2,,Madrid,"40,44691","-3,5649905"
FaKclub,music_venue,Ingen webbplats,2,,Madrid,"40,4264754","-3,7110354"
Fundación Conservatorio Flamenco Casa Patas,music_venue,http://www.fundacioncasapatas.com/,2,,Madrid,"40,4127097","-3,7017203"
Fundación Olivar de Castillejo,music_venue,http://www.fundacionolivardecastillejo.org/,2,,Madrid,"40,4596844","-3,6839493"
Galileo Galilei,music_venue,https://salagalileo.es/,,,Madrid,"40,4384696","-3,7098415"
Gran Caiman Madrid,music_venue,Ingen webbplats,2,,Madrid,"40,4544872","-3,6939652"
Hangar Xix Locales de Ensayo,music_venue,http://www.hangar19.es/,2,,Madrid,"40,464658","-3,6475891"
Honky Tonk Bar,music_venue,http://www.clubhonky.com/,2,,Madrid,"40,43023","-3,697703"
HTM Hablatumúsica,music_venue,http://www.hablatumusica.com/,2,,Madrid,"40,43912","-3,70739"
Hysteria,music_venue,http://www.hysteriamadrid.com/,2,,Madrid,"40,4331029","-3,7149294"
Ilemora,music_venue,https://www.youtube.com/@ilemoramusic,2,,Madrid,"40,4168505","-3,7035538"
IPOPYOU,music_venue,http://www.ipopyou.es/,2,,Madrid,"40,419547","-3,698275"
Jacks on the Rocks: Servicio Integral al Músico,music_venue,http://www.jacksontherocks.es,2,,Madrid,"40,3900922","-3,6659447"
K'PEYRA LATINA,music_venue,,2,,Madrid,"40,38184525","-3,67241159"
La Caja de Musica,music_venue,http://www.academialacajademusica.es/,2,,Madrid,"40,4023538","-3,7035562"
La Famille,music_venue,Ingen webbplats,2,,Madrid,"40,3764158","-3,7402381"
La Llamada El Musical,music_venue,Ingen webbplats,2,,Madrid,"40,41333","-3,71223"
La Nueva Década,music_venue,http://www.lanuevadicha.com,2,,Madrid,"40,44516","-3,66986"
La Sala Live,music_venue,http://www.lasala.biz/,,,Madrid,"40,3834818","-3,7474376"
La Tarara,music_venue,Ingen webbplats,2,,Madrid,"40,45645","-3,69205"
La Tardecita,music_venue,http://www.elcallejondeserrano.com/,2,,Madrid,"40,43247","-3,68692"
La Vieja Guardia Nueva,music_venue,Ingen webbplats,2,,Madrid,"40,3908974","-3,7346005"
Level Club Madrid,music_venue,Ingen webbplats,2,,Madrid,"40,43124","-3,69692"
Liber Arte Cantina Cultural,music_venue,Ingen webbplats,2,,Madrid,"40,4103538","-3,7010127"
Liderguerrero8,music_venue,Ingen webbplats,2,,Madrid,"40,3872707","-3,7397249"
Lo+Musical Magazine,music_venue,http://www.lomasmusical.com/,2,,Madrid,"40,39479","-3,7077"
"Locales de ensayo Rufino, Madrid",music_venue,http://www.localesrufino.es/,2,,Madrid,"40,4395911","-3,6276091"
Madreams MUSIC,music_venue,http://madreamsmusic.es/,2,,Madrid,"40,3917039","-3,7324819"
Másmúsica. Locales de ensayo,music_venue,http://www.masmusicalocales.es/,2,,Madrid,"40,3695494","-3,7442871"
Millennials Bar Music,music_venue,Ingen webbplats,2,,Madrid,"40,4189","-3,70863"
Mondo Sonoro,music_venue,Ingen webbplats,2,,Madrid,"40,388007","-3,691909"
MUKI Music & Drinks,music_venue,http://www.musicboxclub.es,2,,Madrid,"40,4351684","-3,6958452"
Música con Corazón,music_venue,http://www.musicaconcorazon.com/,2,,Madrid,"40,4432267","-3,7049291"
Musical Don Juan,music_venue,http://www.donjuanmusical.com/,2,,Madrid,"40,4224014","-3,70894"
New Liver's,music_venue,Ingen webbplats,2,,Madrid,"40,38736","-3,76166"
Pagode do Bernabeu,music_venue,http://www.pagodedobernabeu.blogspot.com/,2,,Madrid,"40,4312706","-3,70017"
Palacio Vistalegre,music_venue,http://www.palaciovistalegre.com/,2,space for concerts,Madrid,"40,386388","-3,7392275"
Pasapoga Music-Hall,music_venue,Ingen webbplats,2,,Madrid,"40,42023","-3,70498"
Planeta Madrid,music_venue,Ingen webbplats,2,,Madrid,"40,4167344","-3,7006283"
Plugged Rockside,music_venue,http://pluggedrockside.com/,2,,Madrid,"40,457095","-3,69374"
Pop'n'Roll,music_venue,http://www.popandroll.es/,2,,Madrid,"40,4469558","-3,6638234"
Random,music_venue,http://www.salarandom.com/,2,,Madrid,"40,42101","-3,70202"
"Reggae, Rap y Dancehall Madrid",music_venue,https://twitter.com/solerosiker,2,,Madrid,"40,428702","-3,687522"
Revi Live,music_venue,https://www.revi.live/,2,,Madrid,"40,4014068","-3,5907426"
Rincon del Arte Nuevo,music_venue,http://www.elrincondelartenuevo.com/,2,,Madrid,"40,4138411","-3,7123812"
Roast Beef Club,music_venue,Ingen webbplats,2,,Madrid,"40,4261","-3,67777"
Rock and Roll Radio Club (RRR CLUB),music_venue,http://www.rockandrollradioclub.com/,2,,Madrid,"40,424169","-3,6954708"
Rock Circus Club,music_venue,http://www.thundercatclub.com/,2,,Madrid,"40,4262546","-3,695681"
Rocka Sonora,music_venue,http://www.rockasonora.es/,2,,Madrid,"40,4581026","-3,6472762"
Rojo Locales De Ensayo,music_venue,http://www.39rojo-rock.com,2,,Madrid,"40,404113","-3,603273"
Ronda 6 Music Bar,music_venue,Ingen webbplats,2,,Madrid,"40,4320799","-3,6085921"
Sala 0 Madrid,music_venue,http://www.super8.es/,2,,Madrid,"40,42048","-3,70587"
Sala De Arte Joven 2.0. Comunidad De Madrid,music_venue,https://www.comunidad.madrid/centros/sala-arte-joven,2,not really a music venue,Madrid,"40,4383452","-3,6762186"
Sala La Caverna Madrid,music_venue,http://salalacaverna.com/,2,,Madrid,"40,4156167","-3,6995633"
Sala Mamerto,music_venue,http://www.salamamerto.com/,2,,Madrid,"40,38097","-3,70327"
Sala Rockville,music_venue,http://www.rockville.es/,2,,Madrid,"40,4537164","-3,6943469"
Sala Temple - Tablao Flamenco en Madrid,music_venue,Ingen webbplats,2,,Madrid,"40,4204398","-3,7177397"
Sala Vesta,music_venue,https://salavesta.com/,2,,Madrid,"40,4229883","-3,6956351"
Saxo Music Bar,music_venue,Ingen webbplats,2,,Madrid,"40,4336052","-3,7155074"
Secret Madrid,music_venue,Ingen webbplats,2,,Madrid,"40,45142","-3,69489"
Shambó,music_venue,http://WWW.SHAMBO.ES/,2,,Madrid,"40,4045157","-3,6784579"
Sleiman Music,music_venue,http://sleimanmusic.com/,2,,Madrid,"40,40417","-3,69303"
Sociedad de Blues de Madrid,music_venue,http://www.sociedaddebluesdemadrid.com/,2,,Madrid,"40,40644","-3,70139"
Sonomedia,music_venue,http://sonomedia.es,2,,Madrid,"40,4429644","-3,6709171"
Stairway bar - Musica en vivo ,music_venue,Ingen webbplats,2,,Madrid,"40,4250387","-3,7099998"
SUBUNDER,music_venue,http://www.subunder.com/,2,,Madrid,"40,455485","-3,700777"
Tablada Venti Cinco,music_venue,http://www.tablada25.com/,2,,Madrid,"40,460355","-3,701933"
Teatro Albéniz,music_venue,http://teatroalbeniz.blogspot.com/,2,,Madrid,"40,4153885","-3,7040878"
The Cover Live Music,music_venue,http://www.thecoverlivemusic.es/,2,,Madrid,"40,4565398","-3,6921185"
The Deer Music Club,music_venue,Ingen webbplats,2,,Madrid,"40,42568","-3,60442"
The Space Cadet,music_venue,Ingen webbplats,2,,Madrid,"40,42224","-3,70384"
Toska Music Estudio,music_venue,http://www.toskaestudio.es/,2,,Madrid,"40,4273941","-3,6761472"
Trashcan Music Club - TCMC,music_venue,Ingen webbplats,2,,Madrid,"40,4315245","-3,7019821"
Villanos madrid,music_venue,http://www.villanos.madrid/,,,Madrid,"40,40399","-3,70003"
Wurlitzer Ballroom,music_venue,https://www.wurlitzerballroom.com/,2,,Madrid,"40,4197456","-3,7025288"
ملعب سانتياغو برنابيو,music_venue,http://cs.wikipedia.org/wiki/index.html?curid=514467,2,,Madrid,"40,453323","-3,689252"
Mariachi Veracruz,musical_band_orchestras_and_symphonies,https://www.mariachiveracruzmadrid.com/,2,,Madrid,"40,4503618","-3,7037824"
Actuaciones Musicales Roseaux,musician,http://actuacionesmusicales.com/,2,,Madrid,"40,4340318","-3,651610136"
Agencia De Prensa France Presse,musician,http://www.afp.com/,2,,Madrid,"40,4219856","-3,6929124"
AudioRock,musician,http://www.audiorock.es/,2,,Madrid,"40,37726043","-3,631809075"
California Studios,musician,http://www.california-studios.com/,2,,Madrid,"40,395491","-3,718119"
Escena Digital Locutores  Agencia de locutores. Locutores profesionales,musician,https://www.locutortv.es/,2,,Madrid,"40,3819046","-3,7804324"
Mariachi Chapala,musician,https://www.mariachichapala.es/,2,,Madrid,"40,3917514","-3,7039038"
Mariachis,musician,http://www.mariachis.eu/,2,,Madrid,"40,47548852","-3,63932374"
Rodra,musician,https://ueni.com/es-es/negocio/madrid-28021/musico/rodra,2,,Madrid,"40,3423475","-3,7054769"
Standart Eventos,musician,https://www.standarteventos.com/,2,,Madrid,"40,4032736","-3,6921055"
Supermercados Dia,musician,https://www.dia.es/compra-online/,2,Dia market (?) are in many categories - Iv'e cleaned them all,Madrid,"40,4204979","-3,7084992"
"ACERMET COMUNICACION, S.L",newspaper_and_magazines_store,https://www.acermetal.es/,2,,Madrid,"40,512523","-3,6728626"
Aquí Actualidad,newspaper_and_magazines_store,http://aquiactualidad.com/,2,,Madrid,"40,40158306","-3,696697205"
Autoservicio La Rápida,newspaper_and_magazines_store,http://www.larapida.es/,2,,Madrid,"40,38782594","-3,731437299"
average - MATERIAL DE OFICINA Y PAPELERÍA,newspaper_and_magazines_store,https://www.average.es/,2,,Madrid,"40,43808129","-3,62194658"
Bantú,newspaper_and_magazines_store,,2,,Madrid,"40,4417261","-3,7122167"
bez. Lo que debes saber,newspaper_and_magazines_store,http://www.bez.es/,2,,Madrid,"40,41977","-3,6993"
Blue Ocean Entertainment Spain,newspaper_and_magazines_store,https://www.blue-ocean-spain.es/,2,,Madrid,"40,4406368","-3,6255079"
Cauce Libros,newspaper_and_magazines_store,http://www.caucelibros.com/,2,,Madrid,"40,4382352","-3,6216332"
Content Ed Net Communications,newspaper_and_magazines_store,http://www.contentednet.com/,2,,Madrid,"40,47389579","-3,674668533"
David Torres Andreu,newspaper_and_magazines_store,http://www.davidtorresandreu.com/,2,,Madrid,"40,4516655","-3,6911484"
DHL Express Service Point (PAPELERIA TINTA DE COLORES),newspaper_and_magazines_store,https://locator.dhl.com/results?address=id:MAD59M&language=es&lc=ES&resultUom=km&clientAppCode=GYD,2,,Madrid,"40,4661901","-3,7200365"
Ediciones Diaz de Santos,newspaper_and_magazines_store,https://www.editdiazdesantos.com/,2,,Madrid,"40,4347779","-3,6349858"
Ediciones PY - Sello Editorial de Autopublicaciones,newspaper_and_magazines_store,https://www.edicionespy.com/,2,,Madrid,"40,4262121","-3,6819692"
Edinumen,newspaper_and_magazines_store,https://edinumen.es/,2,,Madrid,"40,42342271","-3,665191702"
Editar y publicar un libro - Bubok Editorial,newspaper_and_magazines_store,https://www.bubok.es/,2,,Madrid,"40,40468","-3,69506"
Egeomapping ,newspaper_and_magazines_store,https://www.egeomapping.com/,2,,Madrid,"40,44404","-3,58564"
"El Trébol, kiosko de prensa",newspaper_and_magazines_store,Ingen webbplats,2,,Madrid,"40,4072712","-3,670013"
FENITEL | Federación Nacional de Instaladores e Integradores de Telecomunicaciones,newspaper_and_magazines_store,http://www.fenitel.es/,2,,Madrid,"40,4608597","-3,6937038"
Gráficas Hernández,newspaper_and_magazines_store,http://www.graficashernandez.com/,2,,Madrid,"40,40289736","-3,690035603"
HOLA,newspaper_and_magazines_store,,2,,Madrid,"40,434081","-3,683188"
Innovaspain,newspaper_and_magazines_store,https://www.innovaspain.com/,2,,Madrid,"40,45604","-3,6929653"
IT Digital Media Group,newspaper_and_magazines_store,http://www.itdmgroup.es/,2,,Madrid,"40,44356679","-3,668653667"
Kiosco Cortes,newspaper_and_magazines_store,Ingen webbplats,2,,Madrid,"40,4157001","-3,69535"
Kiosco de Prensa Calle Serrano 104,newspaper_and_magazines_store,https://www.kioscodeprensacalleserrano104.es/,2,,Madrid,"40,43435","-3,6866"
Kiosco Manolo KPM,newspaper_and_magazines_store,Ingen webbplats,2,,Madrid,"40,39008","-3,63882"
Kiosco Prensa Mirbith,newspaper_and_magazines_store,https://twitter.com/PrensaMirbith,2,,Madrid,"40,4380705","-3,70409"
La Moda en las Calles,newspaper_and_magazines_store,http://lamodaenlascalles.es/,2,,Madrid,"40,4234732","-3,677554"
La Publicidad - Comunicación Comercial y Marketing Media ,newspaper_and_magazines_store,http://www.lapublicidad.net/,2,,Madrid,"40,43087","-3,67"
Libreria Editorial Jose Purrua Turanza,newspaper_and_magazines_store,http://www.porrualibros.com/,2,,Madrid,"40,425","-3,69214"
Mandala Distribuciones,newspaper_and_magazines_store,https://mandaladistribuciones.es/,2,,Madrid,"40,39083848","-3,719983861"
Mandala Distribuciones,newspaper_and_magazines_store,https://www.mandaladistribuciones.es/,2,,Madrid,"40,40999115","-3,707020856"
Morcix Bergen,newspaper_and_magazines_store,Ingen webbplats,2,,Madrid,"40,3912375","-3,7610259"
Museo Misiones Salesianas,newspaper_and_magazines_store,https://misionessalesianas.org/museo/,2,,Madrid,"40,4323607","-3,7239153"
"Pedro de Valdivia, 10",newspaper_and_magazines_store,https://www.merlinproperties.com/portfolio/pedro-de-valdivia-10/,2,,Madrid,"40,4391142","-3,6892624"
Planes Digitales - Agencia de marketing digital,newspaper_and_magazines_store,https://planesdigitales.com/,2,,Madrid,"40,4617428","-3,6889534"
prnoticias.com,newspaper_and_magazines_store,http://prnoticias.com/,2,,Madrid,"40,4370199","-3,66844"
Reformas Chamberí,newspaper_and_magazines_store,http://www.reformaschamberi.com/,2,,Madrid,"40,43183103","-3,710327506"
Relay,newspaper_and_magazines_store,Ingen webbplats,2,,Madrid,"40,3949982","-3,6780141"
Revista Española De Capital Riesgo,newspaper_and_magazines_store,http://www.recari.es/index.php,2,,Madrid,"40,42805135","-3,71440083"
Revista Zero,newspaper_and_magazines_store,http://www.revistazero.es/,2,,Madrid,"40,4240397","-3,6877463"
Rodilla,newspaper_and_magazines_store,https://www.rodilla.es/,2,,Madrid,"40,480147","-3,70749"
Rodilla,newspaper_and_magazines_store,https://www.rodilla.es/?utm_source=Bing&utm_medium=organic&utm_campaign=local,2,,Madrid,"40,480682","-3,706044"
Sage Products-Antunez,newspaper_and_magazines_store,http://www.antunez.com/,2,,Madrid,"40,43053737","-3,697349072"
Tienda ILUNION - Intercambiador de Moncloa,newspaper_and_magazines_store,https://www.ilunionretail.com/intercambiador-de-moncloa,2,,Madrid,"40,4352724","-3,7191009"
UPA - Unión de Pequeños Agricultores y Ganaderos,newspaper_and_magazines_store,http://www.upa.es/,2,,Madrid,"40,444457","-3,695344"
Zero Consumibles,newspaper_and_magazines_store,https://www.zeroconsumiblesmadrid.es/es/,2,,Madrid,"40,4665749","-3,6523235"
EscénaTe,opera_and_ballet,https://escenate.es/,,,Madrid,"40,3951398","-3,7182168"
Real Teatro de Retiro,opera_and_ballet,https://www.realteatroderetiro.es/,2,theatre ,Madrid,"40,4018501","-3,6767588"
Yo lo Vi Primero ,opera_and_ballet,http://www.yoloviprimero.com/,2,agency ,Madrid,"40,4717221","-3,6630313"
"Academia del Cine, Madrid",performing_arts,http://www.academiadelarte.es,,,Madrid,"40,4274638","-3,6938386"
Acción-Escena Escuela de Actores,performing_arts,http://www.accion-escena.com/,,,Madrid,"40,43624","-3,67196"
Alquiler de Salas Madrid,performing_arts,https://alquilerdesalasmadrid.com/,,,Madrid,"40,4022624","-3,6993162"
AM Estudios,performing_arts,http://www.amescuela.es/,,,Madrid,"40,421951","-3,7084326"
ARA MUSIC GROUP,performing_arts,https://www.patarpromociones.com/,,,Madrid,"40,4337557","-3,6942743"
Ballet Flamenco de María Carrasco,performing_arts,http://www.youtube.com/user/BalletMariaCarrasco,,,Madrid,"40,4125078","-3,6975209"
Bataclán Ideas y Espectáculos,performing_arts,https://www.bataclan.es/,,,Madrid,"40,3886011","-3,7213443"
Benamate,performing_arts,http://www.benamate.com/,,,Madrid,"40,4100532","-3,7099747"
Bogui Jazz,performing_arts,http://www.bogui.es/jazz,,,Madrid,"40,4229363","-3,6955878"
Centro de Investigación de las Artes Escénicas y Audiovisuales La Manada,performing_arts,https://lamanadaescuela.com/,,,Madrid,"40,38565","-3,70108"
CinemaRoom Madrid Acting Studio,performing_arts,http://www.cinemaroom.info/,,,Madrid,"40,41706","-3,70863"
Coraje Teatro,performing_arts,,,,Madrid,"40,41774","-3,67303"
devorador.es escuela de teatro,performing_arts,http://www.devorador.es/,,,Madrid,"40,4006771","-3,7040835"
ECE Actores,performing_arts,https://eceactores.es/escuela-interpretacion/,,,Madrid,"40,4260307","-3,6633605"
ECO (Escuela del Cómico),performing_arts,http://escueladelcomico.wix.com/escueladelcomicowixcom,,,Madrid,"40,4165125","-3,7054503"
EMAD Madrid,performing_arts,https://www.madrid.es/portales/munimadrid/es/EscuelaArteDramatico/Escuela-Municipal-de-Arte-Dramatico/?vgnextfmt=default&vgnextoid=41c0439639562110VgnVCM1000000b205a0aRCRD&vgnextchannel=9cb0439639562110VgnVCM1000000b205a0aRCRD&idCapitulo=10710187,,,Madrid,"40,427732","-3,699053"
Escuela Coral Anton,performing_arts,http://www.coralantonescuela.com/,,,Madrid,"40,3944789","-3,710417"
Escuela de Clown Sarrate,performing_arts,http://escueladeclownsarrate.com/,,,Madrid,"40,3839743","-3,7030517"
Escuela de Interpretación del Teatro del Barrio,performing_arts,http://teatrodelbarrio.com/escuela-de-interpretacion-del-teatro-del-barrio/,,,Madrid,"40,4096587","-3,6992275"
Escuela del Actor Mario Bolaños,performing_arts,http://www.mariobolanos.com/,,,Madrid,"40,43551","-3,67358"
Escuela Internacional de Teatro Arturo Bernal,performing_arts,https://www.escueladeteatroarturobernal.com/,,,Madrid,"40,407525","-3,7052458"
Escuela on SET,performing_arts,https://on-set.es/,,,Madrid,"40,40734","-3,6962"
Escuela para el Arte del Actor. Clara Méndez-Leite,performing_arts,https://escuelamendezleite.com/formacion-integral-en-interpretacion-y-arte-dramatico-2024/,,,Madrid,"40,4263173","-3,7030811"
Estudio 3,performing_arts,Ingen webbplats,,,Madrid,"40,41533","-3,70124"
Estudio Corazza para la Actuación,performing_arts,https://estudiocorazza.com/,,,Madrid,"40,4434448","-3,6795868"
Estudio Teatro Madrid,performing_arts,http://www.estudioteatromadrid.com/,,,Madrid,"40,402241","-3,699483"
Etc (Espacio Teatro Crecimiento),performing_arts,http://www.espacioteatrocrecimiento.com/,,,Madrid,"40,40752","-3,69978"
Expresando,performing_arts,http://www.expresando.es/,,,Madrid,"40,3895237","-3,6945815"
Facultad de Música y Artes Escénicas UAX,performing_arts,http://www.uax.com/,,,Madrid,"40,4654588","-3,6767951"
JC Actors formación y representación de Actores,performing_arts,http://www.jcactors.com/,,,Madrid,"40,4570768","-3,6776472"
La Cía De La Luz,performing_arts,http://www.laciadelaluz.com/,,,Madrid,"40,4682496","-3,7061155"
Laboratorio de Teatro Willian Layton,performing_arts,http://www.laytonlaboratorio.com/,,,Madrid,"40,4225232","-3,72338"
LAD Dance company,performing_arts,http://www.laddancestudio.com/,,,Madrid,"40,4154151","-3,688996"
Quiero Bailar,performing_arts,http://espectaculosparaeventos.com/nuestra-escuela/,,,Madrid,"40,3809509","-3,7319801"
Sala Duncan,performing_arts,http://saladuncan.com/,,,Madrid,"40,4097199","-3,6989442"
Soundub Formación,performing_arts,http://www.soundubformacion.com/,,,Madrid,"40,4394351","-3,6270761"
Verónica Mey Estudio,performing_arts,http://veronicameyestudio.com/,,,Madrid,"40,4058424","-3,6787754"
Alma Estudio Fotográfico,photography_store_and_services,http://alma-fotografos.com/,2,,Madrid,"40,385834","-3,7462141"
Alquiler El Fotomatón de Madrid - Bodas - Comuniones,photography_store_and_services,http://elfotomatondemadrid.es/,2,,Madrid,"40,4569757","-3,7137722"
artofflight.es Drones y fotografía aérea,photography_store_and_services,http://artofflight.es/,2,,Madrid,"40,4472735","-3,6737471"
Aulocenter,photography_store_and_services,http://www.aulocenter.com/,2,,Madrid,"40,42138149","-3,673596246"
Bazar guerra  Esparteros 10,photography_store_and_services,http://www.bazarguerraesparteros10.com/,2,,Madrid,"40,41583","-3,70525"
Camera-studio,photography_store_and_services,http://www.camera-studio.es/,2,,Madrid,"40,4350545","-3,7017509"
Casanova Foto Madrid,photography_store_and_services,http://www.casanovafoto.com/,2,,Madrid,"40,4053601","-3,68197"
Contado Pierde,photography_store_and_services,Ingen webbplats,2,,Madrid,"40,4081902","-3,7090232"
Cuarto Color Lab,photography_store_and_services,https://www.cuartocolorlab.com/,2,,Madrid,"40,3682862","-3,6953533"
Cuarto Color Lab,photography_store_and_services,http://www.cuartocolorlab.com/,2,,Madrid,"40,421396","-3,7063462"
Diafragma,photography_store_and_services,http://www.diafragma.es,2,,Madrid,"40,44436","-3,67409"
El Taller de Fotografia,photography_store_and_services,https://www.eltallerdefotografia.com/,2,,Madrid,"40,33342337","-3,702644572"
Fokus Reparaciones S.l.,photography_store_and_services,http://www.reparacionesfokus.com/,2,,Madrid,"40,4153067","-3,7032541"
Fotex Color,photography_store_and_services,http://fotexcolor.es/,2,,Madrid,"40,4333558","-3,6781602"
Foto Rossny,photography_store_and_services,http://www.fotorossny.es/,2,,Madrid,"40,4297044","-3,6581176"
Fotografía Bebés Niños Debajo de un Botón COMUNIÓN,photography_store_and_services,http://www.debajodeunboton.com/,2,,Madrid,"40,4167647","-3,6772477"
FotoIkatz Carabanchel (Madrid Sur),photography_store_and_services,,2,,Madrid,"40,36121204","-3,75619769"
Fotoprix Chamartín Pío XII,photography_store_and_services,https://www.fotoprix.com/es/,2,,Madrid,"40,4635796","-3,6754431"
Fotoprix El Retiro,photography_store_and_services,https://www.fotoprix.com/es/,2,,Madrid,"40,4158983","-3,6760655"
FotoPrix General Ricardos,photography_store_and_services,https://www.fotoprix.com/es/,2,,Madrid,"40,3895689","-3,7304222"
FotoPrix La Vaguada Madrid,photography_store_and_services,https://www.fotoprix.com/es/,2,,Madrid,"40,479659","-3,705111"
Fotoprix Príncipe Pío,photography_store_and_services,https://fotoprix.com/tiendas/madrid/madrid-principe-pio,2,,Madrid,"40,42211643","-3,719815598"
Fotoprix Santa Engracia,photography_store_and_services,https://www.fotoprix.com/es/,2,,Madrid,"40,4359125","-3,6991767"
FotoPrix Wonder Photo Shop,photography_store_and_services,https://www.fotoprix.com/es/,2,,Madrid,"40,4294196","-3,70274"
Fotos Origen,photography_store_and_services,http://www.fotosorigen.es/,2,,Madrid,"40,43521","-3,6779"
Ladolly,photography_store_and_services,https://ladolly.negocio.site/,2,,Madrid,"40,4591665","-3,6519408"
Lagom Group,photography_store_and_services,http://www.lagomgroup.es/,2,,Madrid,"40,3358722","-3,7144344"
Ojo de Pez Fotógrafos,photography_store_and_services,https://ojodepezkids.com/,2,,Madrid,"40,3883878","-3,7389885"
Oscar Bejarano / Venta de fotos,photography_store_and_services,http://www.ventadefotos.es/,2,,Madrid,"40,40776","-3,606"
ROBISA,photography_store_and_services,http://www.robisa.es/,2,,Madrid,"40,4893602","-3,6921484"
Sofia Rimoldi |Love - Storyteller,photography_store_and_services,https://www.thelovestoryteller.com/,2,,Madrid,"40,4277583","-3,6687284"
Spot Flash,photography_store_and_services,http://www.spotflash.es/,2,,Madrid,"40,3678974","-3,7593146"
Team Foto (FotoSistema-Aluche),photography_store_and_services,http://www.teamfoto.es/,2,,Madrid,"40,3865166","-3,7637312"
unicolor,photography_store_and_services,http://www.unicolorfotografos.com/,2,,Madrid,"40,3691277","-3,7427615"
VisualRent,photography_store_and_services,https://visualrent.es/contacto/,2,,Madrid,"40,4035571","-3,694572"
Wonder Photo Shop Callao,photography_store_and_services,https://printspot.io/wps_callao,2,,Madrid,"40,419795","-3,705927"
ABC.es,print_media,https://www.abc.es/,2,,Madrid,"40,4478664","-3,635119"
Ars Magazine,print_media,http://www.arsmagazine.com/,2,,Madrid,"40,4223303","-3,6941196"
Calicata Magazine,print_media,https://www.calicatamagazine.com/,2,,Madrid,"40,40568","-3,71295"
Car and Driver,print_media,https://www.caranddriver.com/es/,2,,Madrid,"40,4672","-3,68808"
Cinco Días,print_media,https://cincodias.elpais.com/,2,,Madrid,"40,437374","-3,6239424"
Condé Nast Traveler España,print_media,http://www.traveler.es/,2,,Madrid,"40,427542","-3,690533"
Corazón,print_media,http://www.mujerhoy.com/celebrities/corazon/,2,,Madrid,"40,44882","-3,64169"
CORREDOR,print_media,https://www.soycorredor.es/,2,,Madrid,"40,385961","-3,692422"
Corricolari es Correr,print_media,https://twitter.com/RevistaCorrer,2,,Madrid,"40,4235","-3,75406"
Cosmopolitan España,print_media,http://www.cosmopolitan.com/es/,2,,Madrid,"40,49097","-3,68751"
DOSPASSOS,print_media,http://www.dospassos.es/,2,,Madrid,"40,41965","-3,71084"
Durii Editorial,print_media,https://link.duriieditorial.com/cartas,2,,Madrid,"40,394642","-3,722275"
El Periódico de España,print_media,https://www.epe.es/,2,,Madrid,"40,4202917","-3,6905907"
ELLE España,print_media,https://www.elle.com/es/,2,,Madrid,"40,4672","-3,68808"
Eneas Magazine,print_media,http://eneasmagazine.com/,2,,Madrid,"40,4227253","-3,684164"
Escritor Eduardo Trigo Sierra ,print_media,Ingen webbplats,2,,Madrid,"40,42762","-3,7189"
Evangelio y VIDA,print_media,https://www.revistaevangelioyvida.org/,2,,Madrid,"40,4141424","-3,6955977"
FTécnica Industrial,print_media,http://www.tecnicaindustrial.es/,2,,Madrid,"40,4426599","-3,70489"
Gestas de España,print_media,http://historiaparafamilias.com/,2,,Madrid,"40,4","-3,68333"
Hércules Diario,print_media,https://herculesdiario.es/,2,,Madrid,"40,44259","-3,69912"
HitCooking GastroMagazine,print_media,http://www.hitcooking.com/,2,,Madrid,"40,43802","-3,6942"
"Kiosko GRAN VÍA, 39",print_media,http://kioskogranvia39.com/,2,,Madrid,"40,4201436","-3,705313"
La Voce d'Italia,print_media,https://voce.com.ve/,2,,Madrid,"40,42577","-3,68426"
Las Librerías Recomiendan,print_media,http://www.laslibreriasrecomiendan.com/,2,,Madrid,"40,44696","-3,71652"
Libros José María García Páez,print_media,https://libritienda.com/xtosearchadvanced?search_categories=2&search_query=jos%C3%A9+mar%C3%ADa+garc%C3%ADa+pa%C3%A9z,2,,Madrid,"40,4253949","-3,7485286"
MADMEN Magazine,print_media,http://www.madmenmagazine.com/,2,,Madrid,"40,4598123","-3,6906593"
Manualidades Recreo,print_media,http://www.manualidadesrecreo.com/,2,,Madrid,"40,4255105","-3,6519075"
ME DOY,print_media,https://linktr.ee/medoy1805,2,,Madrid,"40,41955","-3,69196"
MisPasatiempos.com,print_media,http://www.mispasatiempos.com/,2,,Madrid,"40,43951","-3,70635"
Mujerhoy,print_media,http://www.mujerhoy.com/,2,,Madrid,"40,44734","-3,63561"
Neo2 Magazine,print_media,https://www.neo2.com/,2,,Madrid,"40,4294022","-3,7011211"
Noticias Obreras,print_media,http://www.noticiasobreras.es/,2,,Madrid,"40,4191656","-3,6905557"
Nuevo Estilo,print_media,https://www.nuevoestilo.es/,2,,Madrid,"40,49097","-3,68751"
Padres e Hijos,print_media,https://www.padresehijos.com.mx/,2,,Madrid,"40,42061","-3,68664"
Reciclibros,print_media,http://www.RecicLibros.com/,2,,Madrid,"40,3894144","-3,6937943"
Restauración News,print_media,http://www.restauracionnews.com/,2,,Madrid,"40,3931","-3,70299"
Revista Campobase,print_media,http://www.eldiario.es/campobase,2,,Madrid,"40,4294692","-3,7204219"
Revista Capital,print_media,http://www.capital.es/,2,,Madrid,"40,415292","-3,6774993"
Revista Diez Minutos,print_media,https://www.diezminutos.es/,2,,Madrid,"40,49097","-3,68751"
Revista Semana,print_media,https://www.semana.es/,2,,Madrid,"40,4745911","-3,6757861"
Revista Trail Run,print_media,http://www.trailrun.es/,2,,Madrid,"40,38595","-3,69228"
Revista Viajar,print_media,https://viajar.elperiodico.com/,2,,Madrid,"40,420323","-3,690596"
Revistas ISP,print_media,http://www.isp-audio.com/,2,,Madrid,"40,43485","-3,6785"
Risbel Magazine,print_media,http://www.risbelmagazine.es/,2,,Madrid,"40,4253711","-3,6757732"
ROOM diseño,print_media,https://www.roomdiseno.com/,2,,Madrid,"40,4116822","-3,7017027"
Ros G. Misis Escritor,print_media,https://www.rosgmisis.com/,2,,Madrid,"40,415705","-3,697145"
Runner's World España,print_media,https://www.runnersworld.com/es/,2,,Madrid,"40,49097","-3,68751"
Se Buscan Lectores,print_media,http://www.sebuscanlectores.com/,2,,Madrid,"40,43595","-3,68263"
Sport Life.es,print_media,https://www.sportlife.es/,2,,Madrid,"40,385922","-3,692425"
SugarBoogermedia,print_media,https://sugarbmd.com/,2,,Madrid,"40,3925807","-3,6859131"
Tapas,print_media,https://tapasmagazine.es/,2,,Madrid,"40,4312","-3,69248"
Trofeo Caza,print_media,http://www.trofeocaza.com/,2,,Madrid,"40,4583869","-3,7821521"
Van G-Muela,print_media,Ingen webbplats,2,,Madrid,"40,4265187","-3,6954459"
Vicious Magazine,print_media,http://viciousmagazine.com/,2,,Madrid,"40,42281","-3,70771"
Woman Madame Figaro,print_media,https://woman.elperiodico.com/,2,,Madrid,"40,4201","-3,69094"
Women's Health España,print_media,https://www.womenshealthmag.com/es/,2,,Madrid,"40,4672","-3,68808"
Ya lo dijo Casimiro Parker,print_media,http://www.yalodijocasimiroparker.es/,2,,Madrid,"40,414883","-3,6824653"
40 Principales,radio_station,http://www.los40.com,,,Madrid,"40,420422","-3,703733"
A la vuelta de la esquina,radio_station,https://www.lhmagazin.com/a-la-vuelta-de-la-esquina/,,,Madrid,"40,4227034","-3,655087"
Ágora Sol Radio,radio_station,https://www.agorasolradio.org/,,,Madrid,"40,3973012","-3,6737744"
Amosdecasa,radio_station,http://www.amosdecasa.com/,,,Madrid,"40,43566","-3,68347"
Barrio Canino,radio_station,http://barriocanino.blogspot.com.es/p/contacto.html,,,Madrid,"40,39701","-3,67352"
BOM Radio,radio_station,https://bomradio.com/,,,Madrid,"40,46025","-3,65805"
CADENA 100,radio_station,http://www.cadena100.es/,,,Madrid,"40,419079","-3,6905712"
Cadena SER,radio_station,https://cadenaser.com/,,,Madrid,"40,4204047","-3,7038138"
Cara B,radio_station,http://www.queradio.com/,,,Madrid,"40,43566","-3,68347"
Cero en Conducta,radio_station,https://www.m21radio.es/programas/cero-en-conducta,,,Madrid,"40,4183645","-3,6919641"
Clickradiotv,radio_station,http://www.clickradiotv.es/,,,Madrid,"40,4408046","-3,6233734"
Differ Club,radio_station,http://www.differclub.com/,,,Madrid,"40,46003","-3,69914"
El placet de Viajar,radio_station,https://radioviajera.com/?s=El+placet+de+viajar,,,Madrid,"40,36706","-3,69114"
Entrelares,radio_station,http://www.radiocirculo.es/,,,Madrid,"40,4188689","-3,6970331"
Espy Fm 879,radio_station,http://www.espyradio.es/,,,Madrid,"40,4468751","-3,7038896"
Formula Activa,radio_station,http://www.richardsotoproductions.com/,,,Madrid,"40,38057","-3,72654"
Fútbol Esradio,radio_station,http://www.esradio.fm/futbol-es-radio.html,,,Madrid,"40,4181925","-3,6646788"
Gestiona Radio,radio_station,http://www.gestionaradio.com/,,,Madrid,"40,4357335","-3,6833653"
GOOD NEWS TELEVISION S.L,radio_station,https://www.welinkagencies.es/agencia/28009-madrid-espana/good-news-television-s-l-70,,,Madrid,"40,421856","-3,682826"
HappyFM,radio_station,http://www.happyfm.es/,,,Madrid,"40,4216289","-3,6795299"
IJS RADIO,radio_station,http://www.jesusesmisalvador.es/,,,Madrid,"40,39136","-3,73123"
In Nomine Music,radio_station,https://63ffaea8ec0b6.site123.me/,,,Madrid,"40,40168","-3,59092"
Kandela Te Prende,radio_station,https://www.kandelateprende.com/,,,Madrid,"40,3660709","-3,7479616"
La Hora In & Out,radio_station,http://www.madridinandout.com/,,,Madrid,"40,44077","-3,69596"
LH Magazin Music,radio_station,http://www.lhmagazin.com/,,,Madrid,"40,4207424","-3,6523227"
LOS40 España,radio_station,https://los40.com/,,,Madrid,"40,4203155","-3,7037751"
Mariopariente Del Paraguay,radio_station,Ingen webbplats,2,,Madrid,"40,45454","-3,691"
MegaStarFM,radio_station,http://www.MegaStar.FM/,,,Madrid,"40,4191383","-3,6905797"
Onda Latina,radio_station,http://www.ondalatina.com.es/,,,Madrid,"40,3976464","-3,7583456"
Orquesta y Coro RTVE,radio_station,http://www.rtve.es/rtve/orquesta-coro/,,,Madrid,"40,41246","-3,69914"
Pc Factory Radio On Line,radio_station,http://www.pcfactorycomputer.com/,,,Madrid,"40,4340456","-3,7166351"
Podium Podcast,radio_station,https://podiumpodcast.com/,,,Madrid,"40,42032","-3,70311"
Poniendo las calles COPE,radio_station,http://www.cope.es/menu/programas/poniendo-las-calles/inicio,,,Madrid,"40,418941","-3,6906287"
PRISA,radio_station,http://prisa.com/,,,Madrid,"40,4204203","-3,7037756"
Punto Rojo Radio,radio_station,http://www.puntorojoradio.com/,,,Madrid,"40,378422","-3,6239822"
Radial Store,radio_station,http://www.radialstore.com/,,,Madrid,"40,4262224","-3,7113151"
Radio Almenara,radio_station,http://www.radioalmenara.net/,,,Madrid,"40,4685194","-3,6925331"
Radio Inter,radio_station,http://www.radiointer.es/,,,Madrid,"40,4617367","-3,6938742"
Radio Libertad,radio_station,https://radiolibertad.es/,,,Madrid,"40,4406358","-3,6959848"
Radio María España,radio_station,https://www.radiomaria.es/,,,Madrid,"40,3789132","-3,7928547"
Radio Relativa,radio_station,http://radiorelativa.eu/,,,Madrid,"40,39315","-3,70837"
Radio Tentación,radio_station,http://www.radiotentacion.com/,,,Madrid,"40,3805834","-3,7265535"
Radio Tv Lavapiés,radio_station,https://linktr.ee/radiolavapies,,,Madrid,"40,4088356","-3,7011427"
Radio Vallekas,radio_station,http://www.radiovallekas.org/,,,Madrid,"40,3847398","-3,658027"
ReviRadio,radio_station,https://reviradio.radio12345.com/,,,Madrid,"40,4020276","-3,5911088"
"RKQNC Radio Kalle ""Que No Calle""",radio_station,https://taplink.cc/rkqnc.radiokalle,,,Madrid,"40,38541","-3,65651"
Rock FM,radio_station,Ingen webbplats,2,,Madrid,"40,4191491","-3,690579"
Salga el sol por donde salga,radio_station,http://www.cope.es/,,,Madrid,"40,41899","-3,69064"
Servicios de Locucion Bernardo Casado,radio_station,http://www.bernardocasado.com/,,,Madrid,"40,3959101","-3,7622172"
Top Radio,radio_station,http://www.topradio.es,,,Madrid,"40,4398366","-3,6231755"
Universo Rock,radio_station,http://www.universorockoficial.es/,,,Madrid,"40,34078","-3,68914"
Verde Esmeralda Radio,radio_station,http://libertadfm.es/frecuencias/,,,Madrid,"40,4601563","-3,6908054"
Viajandodespacio,radio_station,https://www.rutaspangea.com/viajando-despacio/,,,Madrid,"40,39954","-3,71059"
Vozpópuli,radio_station,https://www.vozpopuli.com/,,,Madrid,"40,5007598","-3,6677693"
Bertus Spain,record_label,http://www.bertus.com/,,,Madrid,"40,41653","-3,7057"
Bigote Productions,record_label,http://www.bigoteproductions.com/,,,Madrid,"40,4443399","-3,67576"
Diskover Co.,record_label,http://diskover.co/,,,Madrid,"40,3740177","-3,6496502"
Entik Records,record_label,http://www.entikrecords.com/,,,Madrid,"40,3932647","-3,7570983"
Intromúsica Records,record_label,https://tienda.intromusica.com/,,,Madrid,"40,4289188","-3,7054794"
Kafirun Records,record_label,Ingen webbplats,2,,Madrid,"40,40573","-3,71298"
MARAL Producciones Musicales,record_label,http://www.maralpromusica.com/,,,Madrid,"40,4256553","-3,674694"
MG Records,record_label,http://www.mgrecords.es/,,,Madrid,"40,4600101","-3,6990465"
Nuevacosta,record_label,https://www.nuevacosta.es/,,,Madrid,"40,4660824","-3,68999"
Ramalama Music,record_label,https://www.ramalama.es/,,,Madrid,"40,4831078","-3,7095395"
Sebastian Ledher,record_label,https://linktr.ee/sebastianledher,,,Madrid,"40,5472002","-3,8232422"
Selectors Madrid,record_label,Ingen webbplats,2,,Madrid,"40,4205359","-3,697358"
Universal Music Spain,record_label,http://www.universalmusic.es/,,,Madrid,"40,4481078","-3,6566596"
Clubster53 - Alquiler Plató Madrid,recording_and_rehearsal_studio,https://clubster53.com/,2,,Madrid,"40,4682279","-3,7060416"
Plató Tremendo Studio,recording_and_rehearsal_studio,https://www.tremendostudio.com/,2,,Madrid,"40,4394366","-3,6274927"
DanzationMadrid,salsa_club,http://www.danzationmadrid.com/,,,Madrid,"40,41102","-3,69835"
Latin Classic - estrellita,salsa_club,https://www.youtube.com/c/AlejandroDjChamoSensacion2019,2,,Madrid,"40,3546589","-3,6909464"
Salsa Tabacalera,salsa_club,http://www.asociacionsalsatabacalera.wordpress.com/,,,Madrid,"40,4058333","-3,7027144"
Centro de Ciencia y Fe,science_museum,http://www.cienciayfe.es/,2,,Madrid,"40,4449688","-3,7040426"
Museo Nacional de Ciencias Naturales,science_museum,http://www.mncn.csic.es/,,,Madrid,"40,4411602","-3,6900079"
2dos_serigrafias,screen_printing_t_shirt_printing,Ingen webbplats,2,,Madrid,"40,38798","-3,66188"
Avocart Serigrafía,screen_printing_t_shirt_printing,http://www.avocart.es/,2,,Madrid,"40,42165","-3,70178"
Bordados,screen_printing_t_shirt_printing,http://mascarillaslife.com/,2,,Madrid,"40,45155","-3,69271"
Bordados de Tania,screen_printing_t_shirt_printing,https://bordadosdetania.com/,2,,Madrid,"40,401213","-3,6656307"
Camisetas Douglas,screen_printing_t_shirt_printing,https://douglas-company-camisetas.business.site/,2,,Madrid,"40,43668","-3,6992499"
Consuelo Textil,screen_printing_t_shirt_printing,http://www.consuelotextil.com/,2,,Madrid,"40,43007","-3,64811"
Fabrica-sellos.es,screen_printing_t_shirt_printing,https://www.fabrica-sellos.es/,2,,Madrid,"40,413093","-3,71818"
Fotocopias Baratas,screen_printing_t_shirt_printing,http://www.fotocopiasbaratas.com/,2,,Madrid,"40,42924","-3,68988"
Galasport-Serigrafia,screen_printing_t_shirt_printing,Ingen webbplats,2,,Madrid,"40,38598","-3,71058"
Graffit 31,screen_printing_t_shirt_printing,Ingen webbplats,2,,Madrid,"40,38044","-3,61426"
House Print,screen_printing_t_shirt_printing,https://www.houseprint.es/,2,,Madrid,"40,4686645","-3,6891039"
Imprenta Madrid Impresión total,screen_printing_t_shirt_printing,https://impresiontotal.es/,2,,Madrid,"40,4227329","-3,707362"
Imprenta Madrid Impresiontotal.es,screen_printing_t_shirt_printing,https://impresiontotal.com/contacto/imprenta-madrid/,2,,Madrid,"40,4263083","-3,707424"
La Fábrica del Regalo,screen_printing_t_shirt_printing,https://www.lafabricadelregalo.com/,2,,Madrid,"40,4193943","-3,6979244"
LL Studio,screen_printing_t_shirt_printing,Ingen webbplats,2,,Madrid,"40,38949","-3,70068"
LO BORDO,screen_printing_t_shirt_printing,http://www.bordadoslobordo.com/,2,,Madrid,"40,4257802","-3,682909"
Monsterstamping,screen_printing_t_shirt_printing,Ingen webbplats,2,,Madrid,"40,4343331","-3,7159399"
Nenufero,screen_printing_t_shirt_printing,https://linktr.ee/nenufero,2,,Madrid,"40,3539648","-3,6980818"
Por Fin Studio,screen_printing_t_shirt_printing,Ingen webbplats,2,,Madrid,"40,4056647","-3,7392608"
Printéate Goya,screen_printing_t_shirt_printing,http://www.printeate.es/,2,,Madrid,"40,4244388","-3,6750058"
Punto Creativo Digital,screen_printing_t_shirt_printing,https://puntocreativodigital.com/,2,,Madrid,"40,3697109","-3,6930771"
RÓTULOS SG,screen_printing_t_shirt_printing,https://www.rotulossg.es/,2,,Madrid,"40,4311046","-3,7102028"
Ruda Studio Madrid,screen_printing_t_shirt_printing,http://www.rudastudio.es/,2,,Madrid,"40,4048176","-3,6807046"
Sirius Bordados y Estampados ,screen_printing_t_shirt_printing,http://wa.me/message/QJUN73GX5DF7H1,2,,Madrid,"40,4258216","-3,6553626"
Tecnología Señalética (Tecnoseñal),screen_printing_t_shirt_printing,http://www.tecnosenyal.com/,2,,Madrid,"40,463421","-3,686653"
CLUB DEPORTIVO ELEMENTAL PATINAJE VALLEHERMOSO,social_club,https://www.clasesdepatinaje.com/,2,,Madrid,"40,3505927","-3,7184477"
"RACE, Real Automóvil Club de España. Tienda en Paseo de las Delicias, Madrid",social_club,https://www.race.es/,2,,Madrid,"40,39529","-3,69439"
Suelo Firme,sports_museum,http://www.ensuelofirme.com/,2,,Madrid,"40,4281329","-3,6896896"
Tapicería José María Montero,studio_taping,,2,,Madrid,"40,47772","-3,70199"
The Indie Filmmaker,studio_taping,http://www.theindiefilmmaker.es/,2,agency,Madrid,"40,4656613","-3,5941095"
360 Global Media,television_station,http://www.360globalmedia.es/,2,,Madrid,"40,43463963","-3,711976171"
UNICORN CONTENT .,television_station,https://www.unicorntv.es/formatos/,2,,Madrid,"40,45836639","-3,691436052"
Agencia L&L - Representación autores de artes escénicas ®,theaters_and_performance_venues,https://lylagencia.com/,2,,Madrid,"40,4365156","-3,6227377"
Anfiteatro Romano (Auditorio del Parque Enrique Tierno Galván),theaters_and_performance_venues,Ingen webbplats,2,,Madrid,"40,39041","-3,683804"
¿Quieres pecar conmigo?,theatre,http://Www.quierespecarconmigo.com/,2,,Madrid,"40,42339","-3,67823"
(In)constantes teatro,theatre,http://www.inconstantes.com/,,,Madrid,"40,3944826","-3,7295359"
7 rojo producciones,theatre,http://www.7rojo.com/,,,Madrid,"40,4341552","-3,6367106"
A Leighthouse,theatre,http://aleighthouse.com/,,,Madrid,"40,4241881","-3,7065789"
Acto 1º Teatro,theatre,http://www.acto1teatro.net/,,,Madrid,"40,3928028","-3,6707849"
ADV Acting,theatre,http://www.advteatro.com/,,,Madrid,"40,40832","-3,70444"
AESCENA,theatre,http://aescenagrupo.blogspot.com.es/?m=1,,,Madrid,"40,3800392","-3,7412901"
Aina Compte,theatre,Ingen webbplats,2,,Madrid,"40,42665","-3,70187"
Arte & Desmayo,theatre,http://www.arteydesmayo.com/,,,Madrid,"40,3948312","-3,7136288"
ARTES Escénicas Carlos Lemos,theatre,http://www.esperanzalemos.com/,,,Madrid,"40,4047935","-3,7413853"
Asociacion Cultural 3p3,theatre,Ingen webbplats,2,,Madrid,"40,410809","-3,700389"
Asociación de Directores de Escena de España,theatre,http://www.adeteatro.com/,,,Madrid,"40,4214167","-3,7181019"
Atril,theatre,Ingen webbplats,2,,Madrid,"40,4747604","-3,6409736"
Autoras y Autores de Teatro,theatre,http://www.aat.es/,,,Madrid,"40,4348044","-3,7121147"
Ballet Flamenco De Madrid,theatre,https://gruposmedia.com/cartelera/carmen-ballet-flamenco/,,,Madrid,"40,34434","-3,71156"
Ballet Folclórico de Madrid,theatre,http://www.balletfolcloricodemadrid.es/,,,Madrid,"40,4236123","-3,6797751"
Berlín Teatro,theatre,https://berlinteatro.com/,,,Madrid,"40,4492172","-3,6752127"
Blog Jorge Eines,theatre,http://blog.jorge-eines.com/,,,Madrid,"40,4289781","-3,7048432"
"Borial Management, Oficina de representación de actores",theatre,http://www.borialmanagement.com/,,,Madrid,"40,419431","-3,7064167"
Bululu2120,theatre,http://teatro.bululu2120.com/,,,Madrid,"40,4019508","-3,69649"
"CABARET, El Musical - Oficial",theatre,http://www.elmagopop.com/,2,,Madrid,"40,42028","-3,70578"
Café Teatro Arenal,theatre,http://www.cafeteatroarenal.es/,,,Madrid,"40,4166927","-3,7051006"
Café Teatro Serendipia,theatre,http://www.cafeteatroserendipia.com/,,,Madrid,"40,4351901","-3,6458181"
Caídos del Cielo.ONG,theatre,http://www.caidosdelcielo.org/,,,Madrid,"40,4310783","-3,6692842"
Calatea,theatre,http://www.calatea.es/,,,Madrid,"40,39517","-3,70783"
Carambola Producciones,theatre,http://davearagones.wix.com/carambola,,,Madrid,"40,4085898","-3,7229933"
Centro Ciudad de los Poetas,theatre,https://goo.gl/HDVlkd,2,,Madrid,"40,4659199","-3,71891"
Centro Cultural de la Villa,theatre,Ingen webbplats,2,cultural center,Madrid,"40,4250148","-3,6899074"
Centro Cultural Zazuar,theatre,http://www.madrid.es,2,cultural center,Madrid,"40,3828523","-3,6059384"
Centro Dramático Nacional,theatre,https://dramatico.inaem.gob.es/,,,Madrid,"40,422881","-3,692722"
Cía. de teatro Arriba y Adelante,theatre,Ingen webbplats,2,,Madrid,"40,4547","-3,66235"
Clan De Bichos,theatre,http://www.clandebichos.com/,,,Madrid,"40,3968909","-3,7146536"
CLAP,theatre,http://www.claptolearn.es/es/,,,Madrid,"40,4000924","-3,6607203"
CLUB 32,theatre,http://mossmadrid.com/wordpress/,,,Madrid,"40,4094606","-3,6928439"
Club Smedia Teatro,theatre,http://www.gruposmedia.com,,,Madrid,"40,4178339","-3,69908"
Compañia Nacional Teatro Clasico,theatre,http://teatroclasico.mcu.es,,,Madrid,"40,415554","-3,700377"
Compañia Nacional Teatro Clásico,theatre,Ingen webbplats,2,duplicate,Madrid,"40,4598784","-3,6768914"
Coolturetas,theatre,http://www.coolturetas.es/,,,Madrid,"40,4540863","-3,7051516"
Corral Cervantes,theatre,http://corralcervantes.com/,2,choir,Madrid,"40,3939344","-3,6996938"
Cretinos,theatre,https://www.atrapalo.com/entradas/cretinos_e4872077/,,,Madrid,"40,40453","-3,71216"
CuadroTeatro,theatre,http://www.cuadroteatro.com/,,,Madrid,"40,440861","-3,6718648"
Curtidores de Teatro,theatre,http://www.curtidores.es/,,,Madrid,"40,3903401","-3,7252874"
Devoradores,theatre,http://www.devorador.es,,,Madrid,"40,42368","-3,70281"
DT Espacio Escénico,theatre,http://www.dtespacioescenico.com/,,,Madrid,"40,4204525","-3,700259"
"El Atrio, Espacio de Creación Teatral",theatre,http://elatriomadrid.es/,,,Madrid,"40,3512783","-3,6901438"
El Club de la Impro,theatre,https://www.elclubdelaimpro.com/reservas,,,Madrid,"40,4099959","-3,7081912"
El Corral de Lope,theatre,http://www.artemodusoperandi.com/ElCorralDeLope.php,,,Madrid,"40,4137391","-3,6965487"
El Distinto Madrid - Oficial,theatre,Ingen webbplats,2,,Madrid,"40,3934799","-3,7652"
El Esconditeatro,theatre,http://www.elesconditeatro.com/,,,Madrid,"40,41228","-3,70749"
El Montacargas,theatre,http://www.teatroelmontacargas.com/,,,Madrid,"40,4118054","-3,727886"
El Palacio de Papel,theatre,http://www.elpalaciodepapel.com/,,,Madrid,"40,4015647","-3,6966093"
El Pasillo Verde Teatro,theatre,http://www.elpasilloverdeteatro.com/,,,Madrid,"40,4007816","-3,704129"
El pequeño rey,theatre,https://www.produccioneslavanderiateatro.org/,,,Madrid,"40,4353896","-3,7059328"
"El Rey León, el musical",theatre,http://www.elreyleon.es/,,,Madrid,"40,42189","-3,70886"
El Umbral de Primavera,theatre,http://elumbraldeprimavera.com/,,,Madrid,"40,4095121","-3,7003924"
En Otro Lugar,theatre,https://atmproducciones.com/,,,Madrid,"40,4214763","-3,6890532"
Enebro Producciones,theatre,http://www.artemad.com/,,,Madrid,"40,4512732","-3,6866333"
Entrecajas Producciones Teatrales,theatre,http://www.entrecajas.com/,,,Madrid,"40,4474342","-3,6467774"
Escena 17,theatre,http://www.escena17.com/,,,Madrid,"40,3542855","-3,6988373"
Escuela de Artes Escénicas GLOBO,theatre,https://escenaglobo.es/,,,Madrid,"40,4482155","-3,7006418"
Escuela de Teatro David Amitín,theatre,http://www.davidamitinteatro.com/,,,Madrid,"40,4300359","-3,6976413"
Escuela de Teatro de  Mar Navarro y Andrés Hernández,theatre,http://www.marnavarro.com/,,,Madrid,"40,3856973","-3,7290387"
Escuela de Teatro Lagrada,theatre,http://www.teatrolagrada.com/index.php?mn=2&section=escuela,,,Madrid,"40,40269","-3,70287"
Escuela De Teatro Musical TM 4you,theatre,http://www.escuelatm4you.es/,,,Madrid,"40,4134303","-3,70367"
Escuela de teatro Plot Point,theatre,http://www.escuelasdeteatro.es/,,,Madrid,"40,4019485","-3,7020764"
Escuela de Teatro y Cine Musical María Beltrán,theatre,http://www.escueladeteatromusical.com/,,,Madrid,"40,4133372","-3,6998392"
Escuela Internacional del Gesto,theatre,https://escueladelgesto.com/,,,Madrid,"40,436162","-3,668722"
Escuela Puerta Abierta,theatre,Ingen webbplats,2,,Madrid,"40,4346187","-3,71157"
Espacio Artístico Creativo MT,theatre,http://monicatello.es/espacio-artistico-creativo-mt,,,Madrid,"40,45691","-3,67563"
Espacio Fray,theatre,http://espaciofray.org/,,,Madrid,"40,477806","-3,6479523"
Espacio labruc,theatre,http://www.espaciolabruc.es/,,,Madrid,"40,4262626","-3,7027949"
Espaciogallinero,theatre,http://www.espaciogallinero.com/,,,Madrid,"40,39187","-3,74472"
Estudio Ágora,theatre,https://www.estudioagora.com/,,,Madrid,"40,4099643","-3,7054446"
Estudio Recabarren,theatre,http://www.escuelateatromadrid.com/,,,Madrid,"40,4095842","-3,7123609"
Estudio2Manuel Galiana.,theatre,http://www.estudio2-manuelgaliana.com/,,,Madrid,"40,40321","-3,70265"
Factoría Teatro,theatre,http://www.factoriateatro.com/index_1.html,,,Madrid,"40,41491","-3,71094"
Fernán Gómez Centro Cultural de la Villa - FG.CCV,theatre,http://www.teatrofernangomez.com/,,,Madrid,"40,4250013","-3,6897874"
Festival Internacional de Teatro Clásico de Almagro,theatre,http://festivaldealmagro.com/,,,Madrid,"40,4176145","-3,6974225"
Flamenco Route Madrid,theatre,http://flamencoroutemadrid.com/,,,Madrid,"40,4107833","-3,7068983"
Fundación Progreso y Cultura. Sala Maldonado 53,theatre,http://www.fundacionprogresoycultura.es,,,Madrid,"40,4338035","-3,6786991"
Garaje Lumière,theatre,http://www.garajelumiere.com/,,,Madrid,"40,40003","-3,69496"
Grupo de Teatro Amorevo,theatre,https://linktr.ee/GrupoteatroAmorevo,,,Madrid,"40,4104603","-3,7337708"
Grupo de Teatro Dédalo,theatre,Ingen webbplats,2,,Madrid,"40,4405664","-3,7250816"
Grupo de Teatro Santiago Rusiñol,theatre,http://www.GrupodeTeatroSantiagoRusinol.es/,,,Madrid,"40,4226434","-3,7119058"
Grupo Marquina. Teatros de Madrid,theatre,http://www.grupomarquina.es/,,,Madrid,"40,421953","-3,6936552"
Guindalera,theatre,http://www.guindalera.com/,,,Madrid,"40,43339","-3,66964"
hazteatro MADRID,theatre,http://www.hazteatro.es/,,,Madrid,"40,407418","-3,7054096"
Impro Impar,theatre,http://improimpar.com/,,,Madrid,"40,4777309","-3,6479776"
Impromadrid Teatro,theatre,http://www.impromadrid.com/,,,Madrid,"40,4479079","-3,7094246"
Inaem Compañia Nacional de Teatro Clasico,theatre,Ingen webbplats,2,,Madrid,"40,3971281","-3,6694098"
Interacting Theatre Company,theatre,http://www.interacting.info/,,,Madrid,"40,4329814","-3,6541252"
Janaguin Janaga Infantil,theatre,http://www.janagah.es,,,Madrid,"40,43022","-3,70473"
Kambalache - GSD Moratalaz,theatre,http://www.ampagsdmoratalaz.es/,,,Madrid,"40,40378","-3,6283"
Katum Teatro,theatre,Ingen webbplats,2,,Madrid,"40,4089124","-3,7023702"
Kubik Fabrik,theatre,http://lazonakubik.com/,,,Madrid,"40,380901","-3,709159"
L' Orcasitas Teatro,theatre,Ingen webbplats,,,Madrid,"40,3694","-3,70814"
La Belloch Teatro,theatre,http://www.labellochteatro.com/,,,Madrid,"40,399428","-3,701206"
La Caja Lista,theatre,http://lacajalistateatro.com/,,,Madrid,"40,4420979","-3,6749757"
La Candelita Teatro,theatre,http://www.teatrocandelita.org/,,,Madrid,"40,3850057","-3,7044708"
La Casa de los Jacintos,theatre,http://www.lacasadelosjacintos.net,,,Madrid,"40,4083784","-3,7099188"
La Chocita del Loro,theatre,http://www.lachocitadelloro.com/,,,Madrid,"40,4227054","-3,7095446"
La Cripta Mágica,theatre,https://www.dinaticket.com/es/provider/9808,,,Madrid,"40,4016695","-3,6967962"
La doble vida,theatre,Ingen webbplats,2,,Madrid,"40,44901","-3,70798"
La Encina Teatro,theatre,http://laencinateatro.com/,,,Madrid,"40,4029239","-3,7028406"
La Escalera de Jacob,theatre,http://www.laescaleradejacob.es/,,,Madrid,"40,4113646","-3,7028566"
La Esquinita del Artista,theatre,http://www.laesquinitadelartista.com/,,,Madrid,"40,4161358","-3,6717059"
La Estación Gran Teatro CaixaBank Príncipe Pío,theatre,http://laestacion.com/,,,Madrid,"40,4206905","-3,7188183"
La Filarmónica,theatre,Ingen webbplats,2,,Madrid,"40,41664","-3,69911"
La Gatomaquia,theatre,http://www.lagatomaquia.org/,,,Madrid,"40,409346","-3,698326"
La Glorieta,theatre,https://www.estudiolaglorieta.com/,,,Madrid,"40,4183","-3,71119"
La Horizontal,theatre,http://www.lahorizontal.net/,,,Madrid,"40,3906229","-3,6657936"
La Íntegra Teatro,theatre,http://www.laintegrateatro.com/,,,Madrid,"40,4266993","-3,7090837"
La katarsis del tomatazo,theatre,http://lamirador.com/,,,Madrid,"40,4067543","-3,6988941"
La Lavandería Teatro,theatre,https://www.lavanderiateatro.es/,,,Madrid,"40,4353896","-3,7059328"
La Madrilera,theatre,http://www.lamadrilera.com/,,,Madrid,"40,4245162","-3,7027979"
La Pensión de las Pulgas,theatre,http://www.lapensiondelaspulgas.com/,2,cerrado,Madrid,"40,4132776","-3,6971351"
La Puerta Estrecha,theatre,http://www.teatrolapuertaestrecha.org/,,,Madrid,"40,406323","-3,700518"
"La Red Española de Teatros, Auditorios, Circuitos y Festivales",theatre,http://www.redescena.net/,,,Madrid,"40,4147479","-3,7035008"
La sala Mayko,theatre,http://www.lasalamayko.com/,2,,Madrid,"40,3995801","-3,6990107"
La Tomasa Teatro,theatre,http://www.latomasateatro.com/,,,Madrid,"40,4048","-3,7027"
La Trinchera Cultural,theatre,https://offlatina.com/,,,Madrid,"40,41204","-3,71197"
La Usina,theatre,http://www.lausina.es/,,,Madrid,"40,4026743","-3,7001113"
LaJoven,theatre,http://www.lajoven.es/,,,Madrid,"40,4112266","-3,6999905"
Lapequenacomedia,theatre,https://lapequenacomedia.es/programacion-de-enero-de-2023/,,,Madrid,"40,4339304","-3,6516144"
Las Naves del Matadero,theatre,http://www.mataderomadrid.org/naves-del-espanol.html,2,,Madrid,"40,39164","-3,6975667"
Las Tablas Tablao Flamenco,theatre,http://www.lastablasmadrid.com,,,Madrid,"40,4218734","-3,7135263"
Latinarte,theatre,http://www.madrid.es,,,Madrid,"40,384507","-3,764962"
Locales Emeterio,theatre,Ingen webbplats,,,Madrid,"40,45073","-3,56987"
Loco Bongo,theatre,http://www.locobongo.es/,,,Madrid,"40,4270705","-3,6997374"
Los Sin Miedo en la casa de los esqueletos asustados,theatre,http://www.lossinmiedoteatro.com/,,,Madrid,"40,41345","-3,70367"
MADferia,theatre,https://www.madferia.com/,2,fair,Madrid,"40,41652","-3,70569"
Madrid,theatre,Ingen webbplats,2,,Madrid,"40,4229061","-3,7099162"
MadridTeatro,theatre,http://www.madridteatro.net/,,,Madrid,"40,4439135","-3,6838047"
Malinche El Musical,theatre,http://malinchethemusical.com/,2,,Madrid,"40,4659346","-3,6149089"
Mamma Mia! el musical,theatre,http://www.mammamia.es/,2,,Madrid,"40,4233742","-3,7098659"
Mandanga,theatre,http://www.instagram.com/mandangaclub,,,Madrid,"40,4221136","-3,696599"
Manero Teatro,theatre,Ingen webbplats,,,Madrid,"40,4257957","-3,6641481"
Matadero,theatre,Ingen webbplats,2,duplicado,Madrid,"40,3912146","-3,6960826"
Metropolis Teatro,theatre,https://metropolis-ce.com,2,,Madrid,"40,444962","-3,676111"
Microteatro Por Dinero,theatre,http://www.microteatro.es/,2,,Madrid,"40,421463","-3,7038719"
Microteatro Soho Club Madrid,theatre,https://teatrosohoclub.com/microteatro.php,,,Madrid,"40,4226234","-3,7119645"
MIMOX Teatro JOSÉ PIRIS,theatre,http://www.escuelanouveaucolombier.es/,,,Madrid,"40,39065","-3,73382"
Morning,theatre,http://ece-teatro.es/,2,,Madrid,"40,4260788","-3,66359"
Mr. Fox Estudio,theatre,http://www.mrfoxestudio.com/,2,galeria?,Madrid,"40,4470344","-3,6713174"
Mundo bosco,theatre,http://pintamalasana.com/,2,"festival, no theatre",Madrid,"40,4262314","-3,70261"
ÑAQUE  editorial · libreria de teatro,theatre,https://elblogdenaque.blogspot.com/,2,,Madrid,"40,40244","-3,70932"
Nave 10 Matadero,theatre,http://nave10matadero.es/,,,Madrid,"40,39131","-3,6958"
Nave 73,theatre,http://www.nave73.es/,,,Madrid,"40,4031551","-3,6987494"
Naves del Español,theatre,https://naves.mataderomadrid.org/es,2,,Madrid,"40,39241","-3,69724"
Nu Accents,theatre,http://www.nuaccents.es/contacto.htm,2,,Madrid,"40,3956478","-3,731154"
Nueve Norte teatro,theatre,http://www.nuevenorte.com/,,,Madrid,"40,4260588","-3,7075594"
Nuevo Teatro Alcalá,theatre,http://www.teatroalcalamadrid.com/,,,Madrid,"40,4234144","-3,6782372"
OFF Latina,theatre,https://www.offlatina.com/,2,,Madrid,"40,4120683","-3,7118157"
"Ópera De Madrid, Teatro Real",theatre,http://www.teatro-real.com/es,,,Madrid,"40,4182196","-3,7106908"
Parada Visual Teatro,theatre,https://paradavisualteatro.wordpress.com/,,,Madrid,"40,40262","-3,70011"
Pares y Nines Teatro,theatre,https://www.teatrosgrupomarquina.es/,,,Madrid,"40,41942","-3,70273"
Pentación Espectáculos,theatre,http://www.pentacion.com/,,,Madrid,"40,4113455","-3,7087903"
Peterpanelmusical ,theatre,https://teatromaravillas.entradas.plus/entradas/es/comprarEvento?idEvento=4413,2,,Madrid,"40,42867","-3,70308"
"Plaza de Toros, La Cubierta El Leganes",theatre,http://www.la-cubierta.com,2,,Madrid,"40,412835","-3,6609481"
Primera Toma Coach,theatre,http://www.primeratomacoach.com/,2,,Madrid,"40,4087618","-3,7158604"
Priscilla El Musical,theatre,https://www.twitter.com/viendopriscilla/,2,,Madrid,"40,42339","-3,67823"
Provisional Danza,theatre,https://www.provisionaldanza.com/,2,,Madrid,"40,4604054","-3,7873924"
Réplika Teatro,theatre,http://www.replikateatro.com/,,,Madrid,"40,4482194","-3,7118459"
Residui Teatro,theatre,http://www.residuiteatro.com/,2,,Madrid,"40,40067","-3,70133"
Sala AZarte,theatre,http://www.azarte.com/,2,,Madrid,"40,4214034","-3,698355"
Sala Charivari,theatre,http://www.salacharivari.com/,2,,Madrid,"40,4083505","-3,7068397"
Sala Cuarta Pared,theatre,https://www.cuartapared.es/,2,,Madrid,"40,4027699","-3,70269"
Sala Itaca,theatre,http://www.salaitaca.com/,2,,Madrid,"40,401857","-3,691226"
Sala Mala-Saña,theatre,https://www.salamalasania.es/,2,,Madrid,"40,4317179","-3,7013342"
Sala Metáforas,theatre,http://www.salametaforas.com/,2,,Madrid,"40,3816562","-3,7301308"
Sala Mirador,theatre,https://lamirador.com/,2,,Madrid,"40,4070699","-3,6989023"
Sala NADA,theatre,http://www.escenagodoff.com/teatros/106-Sala-Nada,2,,Madrid,"40,4101455","-3,707956"
Sala Tarambana,theatre,http://www.tarambana.net/,2,,Madrid,"40,3858119","-3,7432699"
Sala Templo Madrid,theatre,http://www.salatemplo.com/,2,,Madrid,"40,4426779","-3,7039356"
Sala Tis,theatre,http://www.teatrotis.com/,2,,Madrid,"40,4095153","-3,7004021"
Sala Triangulo,theatre,http://www.teatrotriangulo.com/,2,,Madrid,"40,4096492","-3,6990249"
Sala Trovador,theatre,http://www.salatrovador.com/,2,,Madrid,"40,4128382","-3,6970389"
Sanroque4 - Local de ensayos en Madrid,theatre,Ingen webbplats,2,,Madrid,"40,4220331","-3,7052461"
Secuencia 3 Artes y Comunicación,theatre,http://www.secuencia3.es/,2,,Madrid,"40,3903143","-3,6889603"
Secuencia de inútiles,theatre,Ingen webbplats,2,,Madrid,"40,4049007","-3,7045123"
SEDA Distribución Teatral,theatre,https://comolaseda.com/,2,,Madrid,"40,4778309","-3,7260672"
Senda Estudio,theatre,http://www.sendaestudio.com/,2,,Madrid,"40,4103034","-3,7058673"
Sexto Derecha,theatre,http://www.sextoderecha.com/,2,,Madrid,"40,4087353","-3,7103823"
Soho Club Teatro,theatre,Ingen webbplats,2,,Madrid,"40,422516","-3,7119563"
SOJO Laboratorio Teatral,theatre,https://www.amazon.com.mx/Libros-Doriam-Sojo/s?rh=n%3A9298576011%2Cp_27%3ADoriam+Sojo,2,,Madrid,"40,4045502","-3,7123325"
SONRISAS Y LAGRIMAS (Página Oficial),theatre,http://www.sonrisasylagrimas.com/,2,,Madrid,"40,423359","-3,709876"
Sudhum,theatre,http://www.sudhum.com/,2,,Madrid,"40,422879","-3,700661"
Tablaito La Gloria,theatre,http://www.atrapalo.com/entradas/flamenco-en-el-tablaito-la-gloria-elena-andujar_e80131/,,,Madrid,"40,408861","-3,7128276"
Tacones Manoli,theatre,https://taconesmanoli.com/,2,,Madrid,"40,4150477","-3,7051175"
Tapasteatro,theatre,http://tapasteatromadrid.wixsite.com/tapas,2,,Madrid,"40,42092","-3,70205"
Tarambana Teatro,theatre,http://www.tarambanateatro.com/,,,Madrid,"40,38598","-3,74355"
Tatira Teatro,theatre,http://www.tatira.com/,,,Madrid,"40,4282339","-3,6405453"
Teatro  Arapiles 16,theatre,https://arapiles16.com/,,,Madrid,"40,433009","-3,7082191"
Teatro Amaya,theatre,https://www.teatroamaya.com/,,,Madrid,"40,4351811","-3,697212"
Teatro Arlequín Gran Vía,theatre,http://teatroarlequingranvia.com/,,,Madrid,"40,4210829","-3,7082536"
Teatro Asura,theatre,http://www.teatroasura.com/,,,Madrid,"40,449812","-3,7071774"
Teatro Bellas Artes,theatre,http://linktr.ee/TeatroBellasArtes,,,Madrid,"40,4184178","-3,6962667"
Teatro Benavente,theatre,Ingen webbplats,,,Madrid,"40,3931589","-3,707622"
Teatro Benavente,theatre,Ingen webbplats,,,Madrid,"40,4026945","-3,7054461"
Teatro Calderón Madrid,theatre,http://teatrocalderon.es/,,,Madrid,"40,41408","-3,7034957"
Teatro Circo Price,theatre,http://www.teatrocircoprice.es/,,,Madrid,"40,4060045","-3,6986468"
Teatro Cofidis Alcázar,theatre,http://www.teatrocofidis.com/,,,Madrid,"40,4178038","-3,6989978"
Teatro Coliseum,theatre,http://www.sonrisasylagrimas.com,,,Madrid,"40,4232792","-3,7102186"
Teatro de Cámara Cervantes,theatre,http://www.tccervantes.com/,,,Madrid,"40,4113953","-3,6971021"
Teatro de La Abadía,theatre,http://www.teatroabadia.com,,,Madrid,"40,435271","-3,7093669"
Teatro de la Comedia,theatre,http://teatroclasico.mcu.es,,,Madrid,"40,4155433","-3,7003831"
Teatro De La Danza De Madrid Tdm,theatre,https://twitter.com/TEATRODELADANZA,,,Madrid,"40,418868","-3,701969"
Teatro de la Zarzuela,theatre,http://teatrodelazarzuela.mcu.es/es/,,,Madrid,"40,4172013","-3,6969142"
Teatro de la Zarzuela,theatre,Ingen webbplats,,,Madrid,"40,44218","-3,63911"
Teatro de las Aguas Madrid,theatre,http://www.teatrodelasaguas.com/,,,Madrid,"40,4108659","-3,712237"
Teatro de las Letras,theatre,https://teatrodelasletras.com/,,,Madrid,"40,4130374","-3,6970099"
Teatro de Madrid,theatre,Ingen webbplats,,,Madrid,"40,4799386","-3,7097456"
Teatro de Salesianos Paseo,theatre,Ingen webbplats,,,Madrid,"40,410407","-3,734066"
Teatro del Arte,theatre,http://www.teatrodelarte.org/,2,duplicate,Madrid,"40,40936","-3,69799"
Teatro del Arte de Madrid,theatre,Ingen webbplats,2,duplicate,Madrid,"40,4628","-3,70294"
Teatro del Barrio,theatre,http://www.teatrodelbarrio.com/,,,Madrid,"40,4096033","-3,69919"
Teatro EDP Gran Vía,theatre,https://gruposmedia.com/,,,Madrid,"40,4223482","-3,7088944"
Teatro Encantado,theatre,http://www.teatroencantado.com/,,,Madrid,"40,3986059","-3,7038858"
Teatro Espada de Madera,theatre,http://madrid.salir.com/teatro_espada_de_madera-calvario_21,,,Madrid,"40,4115555","-3,7020512"
Teatro Español,theatre,https://www.teatroespanol.es/,,,Madrid,"40,4148268","-3,7002277"
Teatro Estudio Tuzla,theatre,http://www.teatroestudiotuzla.com/,,,Madrid,"40,413313","-3,660144"
Teatro Figaro Adolfo Marsillach,theatre,http://www.gruposmedia.com/teatros/teatro-figaro,,,Madrid,"40,4134542","-3,7036621"
Teatro Flamenco Madrid,theatre,http://www.teatroflamencomadrid.com/,,,Madrid,"40,423229","-3,7045339"
Teatro Hair & Care,theatre,http://www.teatrohairandcare.com,,,Madrid,"40,426896","-3,695676"
Teatro Infanta Isabel,theatre,https://www.teatroinfantaisabel.es/,,,Madrid,"40,4222196","-3,6955848"
Teatro infantil colorin colorada,theatre,Ingen webbplats,,,Madrid,"40,391087","-3,6931013"
Teatro Kapital,theatre,http://www.grupo-kapital.com/,,,Madrid,"40,4096861","-3,6931126"
"Teatro Kapital Colonial Norte Loè ""listas VIP""",theatre,Ingen webbplats,2,duplicate,Madrid,"40,4225","-3,72269"
Teatro Karpas,theatre,http://www.karpasteatro.com/,,,Madrid,"40,4104398","-3,6977068"
Teatro La Latina,theatre,https://linktr.ee/TeatroLaLatina,,,Madrid,"40,411382","-3,708758"
Teatro La Maleta,theatre,Ingen webbplats,2,,Madrid,"40,41086","-3,70468"
Teatro Lagrada,theatre,http://www.teatrolagrada.com/,,,Madrid,"40,4026828","-3,7027964"
Teatro Lara,theatre,https://ofertas.teatrolara.com/participa/uAKlfTUilMSTHePf579FbRy6hDLpdI3c,,,Madrid,"40,4221378","-3,7044686"
Teatro Lope de Vega,theatre,http://www.madrid.es/portales/munimadrid/es/inicio/teatro-lope-de-vega?vgnextfmt=default&vgnextoid=79ec8c7c0f91f010vgnvcm1000000b205a0arcrd&vgnextchannel=1ccd566813946010vgnvcm100000dc0ca8c0rcrd,,,Madrid,"40,4218217","-3,7086123"
Teatro Magno,theatre,https://teatromagno.com/espectaculo/,,,Madrid,"40,4173588","-3,69834"
Teatro Maravillas,theatre,http://www.teatromaravillas.com/,,,Madrid,"40,4287591","-3,7031229"
Teatro Monumental,theatre,http://www.rtve.es,,,Madrid,"40,4124778","-3,6991786"
Teatro mundial de opera,theatre,Ingen webbplats,2,,Madrid,"40,42418","-3,72863"
Teatro Muñoz Seca Madrid,theatre,http://www.teatromunozseca.madrid/,,,Madrid,"40,4184486","-3,7032049"
Teatro Musical Infantil Eugenia de Montijo,theatre,http://www.teatroeugeniademontijo.com,,,Madrid,"40,378055","-3,74877"
Teatro Nuevo Alcalá,theatre,http://www.teatroalcalamadrid.com/,,,Madrid,"40,4234704","-3,6783671"
Teatro Nuevo Apolo,theatre,http://www.gruposmedia.com,,,Madrid,"40,4122202","-3,703274"
Teatro Olimpia,theatre,Ingen webbplats,2,,Madrid,"40,408","-3,70047"
Teatro Pavón,theatre,https://elpavonteatro.es/,,,Madrid,"40,41002","-3,70618"
Teatro Pompeya Madrid,theatre,http://www.teatropompeya.com.es/,,,Madrid,"40,422715","-3,709459"
Teatro Pradillo,theatre,http://www.teatropradillo.com/,,,Madrid,"40,4485901","-3,674616"
Teatro Principe Gran Via,theatre,http://teatroprincipegranvia.es/,,,Madrid,"40,4194918","-3,702701"
Teatro Prosperidad,theatre,http://www.teatroprosperidad.com/,,,Madrid,"40,4464607","-3,67573"
Teatro Quinto,theatre,http://www.teatroquinto.com/,,,Madrid,"40,407598","-3,725242"
Teatro Quique San Francisco,theatre,https://teatroquiquesanfrancisco.es/,,,Madrid,"40,4337854","-3,7104644"
Teatro Real,theatre,http://www.teatroreal.es/,,,Madrid,"40,4182819","-3,7101667"
Teatro Reina Victoria,theatre,Ingen webbplats,2,duplicado,Madrid,"40,34935","-3,70372"
Teatro Reina Victoria,theatre,http://www.elteatroreinavictoria.com/,,,Madrid,"40,4165362","-3,6998175"
Teatro Rialto,theatre,http://www.hoynomepuedolevantar.com,,,Madrid,"40,421301","-3,7072389"
Teatro Sanpol,theatre,http://www.teatrosanpol.com/,,,Madrid,"40,4239245","-3,7271446"
Teatro Serrano,theatre,https://bit.ly/TeatroSerrano104,,,Madrid,"40,4342789","-3,6862285"
Teatro Tribueñe,theatre,http://teatrotribuene.com/,,,Madrid,"40,425534","-3,6616199"
Teatro Valle-Inclán,theatre,http://cdn.mcu.es/el-cdn/valle-inclan,,,Madrid,"40,4082781","-3,7004932"
Teatro Victoria,theatre,http://www.teatrovictoria.net/,,,Madrid,"40,4237505","-3,7055343"
Teatro Xtremo,theatre,http://teatroxtremo.com/,,,Madrid,"40,4081491","-3,7099262"
TeatroGoya multiespacio,theatre,http://www.teatrogoya.com/,,,Madrid,"40,4076671","-3,7253799"
Teatrolasvegas,theatre,Ingen webbplats,2,,Madrid,"40,4367625","-3,6366717"
Teatros del Canal,theatre,http://www.teatroscanal.com/,,,Madrid,"40,43905","-3,7172"
Teatros del Canal,theatre,http://www.teatroscanal.com/,,,Madrid,"40,4383841","-3,705103"
Teatros Luchana,theatre,https://www.teatrosluchana.es/,,,Madrid,"40,4319002","-3,6983209"
Teseo Teatro,theatre,http://www.teseoteatro.com/,,,Madrid,"40,4084667","-3,7159474"
The Madrid Players,theatre,http://madridplayers.es/,,,Madrid,"40,4072756","-3,6665219"
Theatre For The People / Adán Black,theatre,http://www.theatreforthepeople.com/,,,Madrid,"40,4231293","-3,7039021"
Trece Gatos,theatre,http://www.trecegatos.com/,,,Madrid,"40,3805659","-3,701428"
UNIR Teatro,theatre,https://teatro.unir.net/,,,Madrid,"40,43312","-3,70815"
URBAN Teatro,theatre,http://urbanteatro.com/,,,Madrid,"40,4329782","-3,6424312"
Villa Rosa Flamenco Events,theatre,https://marketingkultural.wixsite.com/villarosa,,,Madrid,"40,4150269","-3,7015198"
Vince Smeaton-Education through Drama/ Educar a través del Teatro,theatre,http://vincesmeaton.com/,,,Madrid,"40,43497","-3,64059"
Zínico Teatro,theatre,https://zinicoteatro.wixsite.com/zinicoteatro,,,Madrid,"40,4054932","-3,7002105"
Dancing Music Producciones Musicales,theatrical_productions,Ingen webbplats,2,,Madrid,"40,45961","-3,77929"
Drao Producciones,theatrical_productions,http://www.draoproducciones.com/,,,Madrid,"40,371472","-3,75919"
El Tío Caracoles,theatrical_productions,https://linktr.ee/eltiocaracoles,,,Madrid,"40,4176865","-3,6988777"
Escuela Blanca Oteyza,theatrical_productions,https://escuelablancaoteyza.com/,,,Madrid,"40,4264914","-3,7050386"
Eunice producciones,theatrical_productions,https://www.euniceproducciones.com/,,,Madrid,"40,436248","-3,7089309"
La Mayko Producciones,theatrical_productions,https://www.lasalamayko.com/lamaykoproducciones,,,Madrid,"40,3995811","-3,6988542"
Mecanexperience,theatrical_productions,https://mecanexperience.com/,,,Madrid,"40,4232917","-3,6954913"
Metodo Madrid,theatrical_productions,https://www.metodomadrid.es/,,,Madrid,"40,3991474","-3,6950204"
SOM Produce,theatrical_productions,http://www.somproduce.com/,,,Madrid,"40,4334446","-3,703881"
Teatro Farándula,theatrical_productions,http://www.teatro-farandula.com/,,,Madrid,"40,4384038","-3,7098629"
Transeduca,theatrical_productions,http://www.transeduca.com/,,,Madrid,"40,4302236","-3,6254883"
Yllana,theatrical_productions,http://www.yllana.com/,,,Madrid,"40,4237417","-3,704161"
"MR ASOCIADOS FERIAS, ",trade_fair,http://www.mrasociados.es/,,,Madrid,"40,4386987","-3,6229204"
TerraceLab,urban_farm,https://theterracelab.com/,,,Madrid,"40,43595","-3,68263"
-ANEFP,venue_and_event_space,http://www.anefp.org/,2,autocuidado y salud,Madrid,"40,4215661","-3,6897341"
43 Entertainment,venue_and_event_space,https://43entertainment.es/,2,,Madrid,"40,4651164","-3,6467891"
ABARTH STELLANTIS &YOU MADRID - DR ESQUERDO,venue_and_event_space,https://www.stellantisandyou.com/es/nuestros-concesionarios/abarth-stellantis-you-madrid-dr-esquerdo-108059/?utm_campaign=presence_management_ab&utm_medium=SM_NP+P&utm_source=presence_management_website_button,2,,Madrid,"40,415204","-3,670535"
AC Hotel Recoletos,venue_and_event_space,https://www.marriott.com/en-us/hotels/madrc-ac-hotel-recoletos/overview/?scid=cf432f1f-54d2-411a-89ce-225188630324,2,,Madrid,"40,42282","-3,69104"
AC Hotel Recoletos,venue_and_event_space,http://www.ac-hotel-recoletos-by-marriott.findhotel.co/,2,,Madrid,"40,42148","-3,68938"
ACGP arquitectura,venue_and_event_space,http://www.acgparquitectura.es/,2,,Madrid,"40,45851768","-3,58711972"
Alquiler Aulas Madrid,venue_and_event_space,http://www.alquiler-aulas-madrid.com/,2,,Madrid,"40,4235021","-3,6922964"
"ANEFP,",venue_and_event_space,http://www.anefp.org/,2,,Madrid,"40,4215661","-3,6897341"
Ayre Gran Hotel Colón,venue_and_event_space,http://www.ayrehoteles.com/hoteles/ayre-gran-hotel-colon/,2,,Madrid,"40,41301","-3,66923"
BBVA,venue_and_event_space,https://www.bbva.es/,2,,Madrid,"40,4773454","-3,6448264"
Big Eventos,venue_and_event_space,,2,,Madrid,"40,4026909","-3,6937405"
Cámara de Comercio de Madrid,venue_and_event_space,https://www.camaramadrid.es/,2,,Madrid,"40,4201572","-3,6896261"
"Círculo Gran Vía, Autograph Collection",venue_and_event_space,https://www.marriott.com/en-us/hotels/madkv-circulo-gran-via-autograph-collection/overview/?scid=cf432f1f-54d2-411a-89ce-225188630324,2,,Madrid,"40,42022","-3,70193"
Confederación Sindical Independiente Fetico,venue_and_event_space,http://fetico.es/,2,,Madrid,"40,4485407","-3,6951123"
D. Moscardó,venue_and_event_space,https://cdcmoscardo.com/,2,,Madrid,"40,38937866","-3,705985831"
Ediciones Amaniel,venue_and_event_space,http://edicionesamaniel.com/,2,,Madrid,"40,46215","-3,68759"
elPARACAIDISTA.es,venue_and_event_space,,2,,Madrid,"40,4261714","-3,702403"
Espacio Iroko - Alquiler Espacio para Eventos,venue_and_event_space,http://espacioiroko.es/,2,,Madrid,"40,4310872","-3,712494"
Estudio Acto Primero | Páginas Web y Marketing Digital,venue_and_event_space,https://www.estudioactoprimero.com/,2,,Madrid,"40,4425017","-3,6761672"
Europcar Madrid Aeropuerto T1,venue_and_event_space,https://www.europcar.es/es-es/places/alquiler-de-coches-spain/madrid/madrid-airport-t1?utm_campaign=MADT01&utm_medium=organic&utm_source=local,2,,Madrid,"40,4628","-3,5703"
Europcar On Demand (antes Ubeeqo),venue_and_event_space,https://www.ondemand.europcar.com/es-es/car-sharing-madrid?utm_campaign=1600&utm_medium=organic&utm_source=local,2,,Madrid,"40,46840028","-3,570416444"
Eventos teatro Lara,venue_and_event_space,https://eventosteatrolara.com/,2,,Madrid,"40,4225791","-3,7037051"
Fetico Madrid - Sindicato Independiente,venue_and_event_space,http://www.fetico.es/,2,,Madrid,"40,4509378","-3,6969993"
Fide Fundacion,venue_and_event_space,https://thinkfide.com/,2,,Madrid,"40,42570211","-3,697326354"
Fucking Monday Madrid,venue_and_event_space,https://fuckingmondaymadrid.com/,2,,Madrid,"40,4087147","-3,7106068"
Gestion Continuada Asesores,venue_and_event_space,,2,,Madrid,"40,45736694","-3,784937143"
Gran Hotel Colón,venue_and_event_space,,2,,Madrid,"40,41286469","-3,669463158"
grupoSky,venue_and_event_space,https://gruposky.es/,2,,Madrid,"40,4198527","-3,6993808"
"Hotel Palacio Del Retiro, Autograph Collection",venue_and_event_space,http://www.marriott.com/hotels/travel/madre-hotel-palacio-del-retiro-autograph-collection/,2,,Madrid,"40,417785","-3,689089"
"Hotel Santo Mauro, Autograph Collection",venue_and_event_space,http://www.marriott.com/hotels/travel/madma-hotel-santo-mauro-autograph-collection/,2,,Madrid,"40,430673","-3,693546"
Lince Comunicacion ,venue_and_event_space,https://www.lincecomunicacion.net/,2,,Madrid,"40,44694","-3,60865"
Miracom,venue_and_event_space,https://grupomiracom.com/,2,,Madrid,"40,437601","-3,668266"
Momentos Experience,venue_and_event_space,https://tienda.momentoscerveceros.es/,2,,Madrid,"40,4279442","-3,7329336"
Patar Promociones,venue_and_event_space,https://www.patarpromociones.com/,2,,Madrid,"40,4337557","-3,6942743"
Pista de Patinaje Roller Center Madrid,venue_and_event_space,https://www.rollercenter.es/,2,,Madrid,"40,4017318","-3,6407718"
Psicologia del Triunfo Madrid. PSICOLOGOS MADRID. Coaching,venue_and_event_space,https://www.psicologiadeltriunfo.com/,2,,Madrid,"40,39859","-3,67183"
"Sesadis Espectáculos, ",venue_and_event_space,https://www.sesadisespectaculos.com/,2,,Madrid,"40,39558","-3,77188"
TELEPIZZA,venue_and_event_space,https://es.areas.com/es,2,,Madrid,"40,4684535","-3,616839791"
Viajaseguntubolsillo,venue_and_event_space,https://viajaseguntubolsillo.com/,2,,Madrid,"40,4086845","-3,7328098"
Work Lab Business Center,venue_and_event_space,https://www.worklab.es/,2,,Madrid,"40,4204493","-3,7079859"
2Cilindros Laboratorio Creativo Audiovisual,video_film_production,http://2cilindros.com/,2,,Madrid,"40,4506067","-3,6912527"
CAMARADAS CREATIVES ,video_film_production,https://camaradascreatives.com/,2,,Madrid,"40,4262219","-3,7098904"
Colirio Films - Productora Audiovisual Creativa en Madrid,video_film_production,https://coliriofilms.com/,2,,Madrid,"40,4330979","-3,7160083"
"Freshwave Production Media . Camera crew and video production services Madrid, Spain",video_film_production,http://www.freshwaveproduction.com/home/,2,,Madrid,"40,4085796","-3,7146722"
Gabriel Audiovisual,video_film_production,http://www.gabrielaudiovisual.com/,2,,Madrid,"40,39466702","-3,696709627"
La Competencia Producciones,video_film_production,,2,,Madrid,"40,43164","-3,63148"
La Imagería,video_film_production,http://www.laimageria.com/,2,,Madrid,"40,46801","-3,706043"
LALIGA Studios,video_film_production,https://laligastudios.com/,2,,Madrid,"40,4475614","-3,6559567"
Mj Producciones ,video_film_production,https://www.mjproduccionesaudiovisuales.com/,2,,Madrid,"40,4302037","-3,6780955"
MNSTRS Edits,video_film_production,https://www.mnstrsedits.com/,2,,Madrid,"40,43612103","-3,69878191"
Neosigma | VideoMarketing | Edición de Videos,video_film_production,https://videomarketingrrss.com/,2,,Madrid,"40,4377011","-3,7114464"
Oner Estudio Producciones,video_film_production,http://www.onerestudio.es/,2,,Madrid,"40,45707","-3,69364"
Pictures That Move,video_film_production,https://www.ptm.es/,2,,Madrid,"40,4648102","-3,6635518"
Punisher Rabbit Producciones ,video_film_production,http://www.punisherrabbitproducciones.com/,2,,Madrid,"40,3813985","-3,7090086"
SEÑOR MONO A NEWCOM COMPANY,video_film_production,https://www.srmono.com/,2,,Madrid,"40,42989038","-3,699851258"
Streaming Diez,video_film_production,https://streamingdiez.com/,2,,Madrid,"40,4124236","-3,7178324"
The Jump Creative Projects,video_film_production,https://the-jump.es/,2,,Madrid,"40,4088134","-3,7178149"
Alvicius,video_game_store,http://www.alvicius.com,2,,Madrid,"40,478421","-3,7034593"
Centro Comercial Gran Vía de Hortaleza,video_game_store,https://www.granviadehortaleza.es/,2,,Madrid,"40,46961239","-3,641014991"
CeX,video_game_store,https://es.webuy.com/,2,,Madrid,"40,47981742","-3,706634434"
Chollo Games,video_game_store,http://www.chollogames.es,2,,Madrid,"40,4172515","-3,7053892"
Comprar Farmacia - Urbagesa,video_game_store,https://www.comprar-farmacias-urbagesa.es/,2,,Madrid,"40,4369504","-3,6929891"
Dogend Informática,video_game_store,http://www.dogend.es/,2,,Madrid,"40,4772663","-3,7153614"
El Rincon Del Retro,video_game_store,https://elrincondelretro.com/,2,,Madrid,"40,4390488","-3,6538842"
Electronic Arts Software,video_game_store,http://www.ea.com,2,,Madrid,"40,4758516","-3,6350041"
Game,video_game_store,http://www.game.es/,2,,Madrid,"40,41977","-3,7065877"
Game,video_game_store,http://www.game.es/,2,,Madrid,"40,469195","-3,641908"
Game,video_game_store,http://www.game.es/,2,,Madrid,"40,446708","-3,5864613"
GAME Gran Via Hortaleza,video_game_store,https://www.game.es/,2,,Madrid,"40,46947657","-3,64208904"
GAME Islazul,video_game_store,https://www.game.es/,2,,Madrid,"40,363958","-3,737507"
GAME La Gavia,video_game_store,https://www.game.es/,2,,Madrid,"40,368688","-3,598694"
GAME Plaza Rio 2,video_game_store,https://www.game.es/,2,,Madrid,"40,39041","-3,700892"
GAME Plenilunio,video_game_store,https://www.game.es/,2,,Madrid,"40,44756683","-3,587208609"
GAME Rosas,video_game_store,https://www.game.es/,2,,Madrid,"40,418762","-3,621474"
Game Stores Iberica,video_game_store,http://www.game.es/,2,,Madrid,"40,4218721","-3,7203152"
GAME Vaguada,video_game_store,https://www.game.es/,2,,Madrid,"40,479475","-3,707775"
High Score Shop,video_game_store,https://high-score-video-game-store.negocio.site/?m=true,2,,Madrid,"40,4083659","-3,7117481"
Impact Store,video_game_store,http://impactstore.es/,2,,Madrid,"40,4318366","-3,7164248"
Konami,video_game_store,https://www.konami.com/games/eu/es,2,,Madrid,"40,450489","-3,691471"
La Tienda De Videojuegos - LTDV,video_game_store,https://latiendadevideojuegos.com/,2,,Madrid,"40,44726","-3,710449"
Metropolis Center,video_game_store,http://www.mtgmetropolis.com/,2,,Madrid,"40,4324446","-3,7143786"
Mi Tesoro,video_game_store,http://www.mitesorojuegos.com/,2,,Madrid,"40,4094642","-3,6468784"
OverGame,video_game_store,http://www.overgame.es/,2,,Madrid,"40,38651","-3,73727"
Take 2 Interactive,video_game_store,http://www.take2games.com,2,,Madrid,"40,419866","-3,705606"
Tecvia,video_game_store,http://www.inter-hogar.com,2,,Madrid,"40,3877097","-3,6660179"
Videojuegos lavapies,video_game_store,Ingen webbplats,2,,Madrid,"40,4089662","-3,6996462"
Wargen Wargames ,video_game_store,http://www.wargenwargames.com/,2,,Madrid,"40,3843601","-3,7649622"
Armonica Film Spain,videographer,http://www.armonicafilm.es/,2,,Madrid,"40,45128","-3,69009"
Fotomaton360 Eventos,videographer,https://fotomaton360eventos.es/,2,,Madrid,"40,41813","-3,69921"
Lupu Agency | Fotógrafos Madrid,videographer,https://nicoletalupuagency.com/,2,,Madrid,"40,4163282","-3,7073698"
Item Multimedia,vinyl_record_store,http://www.itemmultimedia.es/,2,,Madrid,"40,33526302","-3,707830586"