name,category,website,delete,comments,city,lat,lon
mijabo film,animation_studio,https://patronite.pl/mborucki,,,Gdańsk,54.4948495,18.5378149
Dom Pełen Energii,architect,https://dompelenenergii.pl/,2,,Gdańsk,54.4780764,18.5368879
Projekt Pełen Energii Trójmiasto,architect,http://www.projektpelenenergii.pl/,2,,Gdańsk,54.4687944,18.4982692
Projekt Pełen Energii Trójmiasto,architect,http://www.projektpelenenergii.pl/,2,,Gdańsk,54.4780764,18.5368879
010 Architekci,architectural_designer,https://www.instagram.com/010architekci/,2,,Gdańsk,54.38965,18.61744
1504 Architekci,architectural_designer,http://www.1504.pl/,2,,Gdańsk,54.3501497,18.5939718
3 linie,architectural_designer,http://www.3linie.com/,2,,Gdańsk,54.4154244,18.5633393
3 M. Pracownia Architektoniczna,architectural_designer,http://www.bes-archmed.com/,2,,Gdańsk,54.3605745,18.6457955
3MA Pracownia Architektoniczna,architectural_designer,http://3mastudio.pl/,2,,Gdańsk,54.52078,18.53565
A-Concept,architectural_designer,http://www.a-concept.pl/,2,,Gdańsk,54.3527976,18.6578436
A-Plan Bis,architectural_designer,http://aplan.pl/,2,,Gdańsk,54.4295943,18.5611296
ABC Łazienki | Gdansk,architectural_designer,Ingen webbplats,2,,Gdańsk,54.3888371,18.5906563
Agata Brach Architekt,architectural_designer,http://www.ab-architekt.pl/,2,,Gdańsk,54.4665289,18.5088201
Agnieszka Słoniewska Architekt,architectural_designer,http://architekt-agnieszka-sloniewska.pl/,2,,Gdańsk,54.350679,18.5681933
Andervision Sp. z o.o.,architectural_designer,http://www.andervision.pl/,2,,Gdańsk,54.4928332,18.5383551
ANIEA,architectural_designer,https://aniea.pl/,2,,Gdańsk,54.4781166,18.5191987
APCube,architectural_designer,http://www.apcube.pl/,2,,Gdańsk,54.3221655,18.5076135
APP Pure A,architectural_designer,https://app-pure-a-architekci.business.site/,2,,Gdańsk,54.3893451,18.5813561
Appetite Studio Anna Stawkowska,architectural_designer,Ingen webbplats,2,,Gdańsk,54.3208451,18.575721
Arch-Deco,architectural_designer,http://archdeco.pl/,2,,Gdańsk,54.5209719,18.5334713
Arch-Profi,architectural_designer,http://www.arch-profi.pl/,2,,Gdańsk,54.3987006,18.5820186
Archamo,architectural_designer,http://www.archamo.pl/,2,,Gdańsk,54.5283016,18.4907121
Archander,architectural_designer,http://www.archander.pl/,2,,Gdańsk,54.4638269,18.4954148
Archiplan,architectural_designer,http://archiplan.com.pl/,2,,Gdańsk,54.5212404,18.5389316
ARCHIRO Sp. z o.o.,architectural_designer,http://www.archiro.pl/,2,,Gdańsk,54.5114144,18.5422257
architecto aranżacja wnętrz,architectural_designer,http://architecto.pl/,2,,Gdańsk,54.3738399,18.6098072
Architectonica,architectural_designer,http://www.architectonica.eu/,2,,Gdańsk,54.431784,18.558067
Architekt Marcin Sech,architectural_designer,https://www.sech-architekci.com/,2,,Gdańsk,54.3409869,18.6554769
Architektoniczna Pracownia Muzyczuk-Brożek,architectural_designer,https://constraco.com/pracownia-architektoniczna/,2,,Gdańsk,54.3663808,18.4599045
Architektura Wnetrz,architectural_designer,http://www.in-arch.pl/,2,,Gdańsk,54.3891831,18.5887134
Architektura Wnętrz - Izabela Stańska,architectural_designer,http://izabelastanska.rdl.pl,2,,Gdańsk,54.404922,18.57946
Architonika,architectural_designer,http://www.architonika.pl/,2,,Gdańsk,54.3311811,18.6105223
Archituda Niedziałek Chruściński,architectural_designer,https://www.instagram.com/archituda/?hl=pl,2,,Gdańsk,54.4417791,18.4539954
Archmondo Piotr Kowalczyk,architectural_designer,http://archmondo.pl/,2,,Gdańsk,54.3324836,18.5649101
Ark. Pracownia projektowa. Klepaczko J.,architectural_designer,http://www.ark.net.pl/,2,,Gdańsk,54.4035295,18.5656497
Arkon Atelier Sp. z o.o.,architectural_designer,http://www.arkonatelier.pl/,2,,Gdańsk,54.3987691,18.6117485
Art Architekci,architectural_designer,http://www.art-architekci.pl/,2,,Gdańsk,54.415759,18.5782422
Art Punkt,architectural_designer,http://artpunkt.pl/,2,,Gdańsk,54.3612038,18.5943177
Arte Dizain,architectural_designer,http://www.artedizain.pl/,2,,Gdańsk,54.4406514,18.5720438
Artis Design - Maciej Śliwowski,architectural_designer,Ingen webbplats,2,,Gdańsk,54.4695565,18.4865756
ask architekt szymon kuhn,architectural_designer,http://www.askarchitekt.pl/,2,,Gdańsk,54.3738545,18.6097789
ATA architekci,architectural_designer,http://www.ataarchitekci.pl/,2,,Gdańsk,54.4349937,18.5585274
Atelier Mielniczek Architekci,architectural_designer,http://www.mielniczek.eu/,2,,Gdańsk,54.521131,18.5329268
ATU Pracownia Architektoniczna,architectural_designer,http://atupracownia.com/,2,,Gdańsk,54.3532027,18.6510049
AXMN - Modular Thinking,architectural_designer,Ingen webbplats,2,,Gdańsk,54.33978,18.659
B1 Architekci,architectural_designer,http://www.b1architekci.com/,2,,Gdańsk,54.3744136,18.6194283
BConcept,architectural_designer,http://bconcept.pl/,2,,Gdańsk,54.3505213,18.5364664
BEZ CUKRU studio projektowe | Gdansk,architectural_designer,Ingen webbplats,2,,Gdańsk,54.5264653,18.4930052
Biuro Usług Inżynierskich Marek Karpiński,architectural_designer,Ingen webbplats,2,,Gdańsk,54.1249812,19.3573613
bkm group,architectural_designer,http://bkmgroup.pl/,2,,Gdańsk,54.4447032,18.4182541
BOKA projekt,architectural_designer,http://www.bokaprojekt.pl/,2,,Gdańsk,54.3829464,18.6114816
CKK Architekci Biuro Projektowe S.C.,architectural_designer,http://www.ckkarchitekci.pl/,2,,Gdańsk,54.5117551,18.5393284
Czaplinscy Architekci,architectural_designer,http://czaplinscy-architekci.pl/,2,,Gdańsk,54.5602902,18.40822
CZAR-BUD Jacek Czarkowski,architectural_designer,http://www.czar-bud.com/,2,,Gdańsk,54.5072111,18.542182
Decada-Studio Architektury,architectural_designer,Ingen webbplats,2,,Gdańsk,54.4409333,18.5736171
Deka Design,architectural_designer,http://www.dekadesign.com.pl/,2,,Gdańsk,54.440841,18.5589805
Domino Studio. Pracownia Architektoniczna,architectural_designer,http://www.dominostudio-architekt.com/,2,,Gdańsk,54.5314243,18.4816513
E&S Project,architectural_designer,http://esproject.eu/,2,,Gdańsk,54.245498,18.6322296
em2 Pracownia Projektowa,architectural_designer,Ingen webbplats,2,,Gdańsk,54.37438,18.60842
Epoca Pracownia Projektowa,architectural_designer,http://epoca.pl/,2,,Gdańsk,54.2611823,18.6381671
ER Studio,architectural_designer,http://www.erstudio.pl/,2,,Gdańsk,54.5213472,18.5386993
Europrojekt Gdańsk S.A.,architectural_designer,http://www.europrojekt.pl,2,,Gdańsk,54.3479699,18.8100976
Faktoria Projektow Brygida Mazur,architectural_designer,http://www.faktoriaprojektow.pl/,2,,Gdańsk,54.21326,19.1153544
FALA,architectural_designer,http://falaarchitektura.pl/,2,,Gdańsk,54.3802734,18.6148132
Formativ,architectural_designer,http://www.formativ.pl/,2,,Gdańsk,54.5255369,18.5433701
Fort Targowski,architectural_designer,http://www.fort-targowski.pl/,2,,Gdańsk,54.3880186,18.5895886
GDA Architekci,architectural_designer,http://www.gda-architekci.pl/,2,,Gdańsk,54.3891792,18.5887496
Gdyby,architectural_designer,http://www.gdyby.pl/,2,,Gdańsk,54.3729446,18.6009791
GRUPA MALAGA pracownia architektoniczna,architectural_designer,http://grupamalaga.com/,2,,Gdańsk,54.3734754,18.61823
HAG,architectural_designer,http://www.hag.archi/,2,,Gdańsk,54.3755277,18.6094691
HANU Architekci,architectural_designer,http://www.hanuarchitekci.pl/,2,,Gdańsk,54.4948809,18.5381002
Happy_plants,architectural_designer,http://www.happyplantstudio.pl/,2,,Gdańsk,54.43732,18.56414
Hills Architekci,architectural_designer,http://hills-architekci.pl/,2,,Gdańsk,54.5060508,18.5365701
HOLA,architectural_designer,http://madeinhola.com/,2,,Gdańsk,54.52468,18.54497
Ideograf,architectural_designer,http://ideograf.pl/,2,,Gdańsk,54.4348756,18.560438
Inbalance,architectural_designer,https://www.inbalance.com.pl/,2,,Gdańsk,54.376566,18.6078733
Industria MEP,architectural_designer,https://iplusmed.eu/,2,,Gdańsk,54.3865178,18.4652464
Interurban,architectural_designer,http://www.interurban.pl/,2,,Gdańsk,54.5304847,18.5393857
Intus,architectural_designer,http://www.intus-architekci.pl,2,,Gdańsk,54.4372474,18.5540891
Jacek Szczęsny,architectural_designer,Ingen webbplats,2,,Gdańsk,54.3606636,18.6001617
Jaffa Architekci,architectural_designer,http://www.jaffaarchitekci.pl/,2,,Gdańsk,54.4367837,18.5668721
Jakub Drohomirecki Autentyczna Architektura,architectural_designer,http://www.drohomirecki.pl/,2,,Gdańsk,54.4924638,18.5400153
Jarzyńska Magdalena,architectural_designer,http://www.mj.gda.pl/,2,,Gdańsk,54.3362412,18.5084225
JBB. Chodorowska S.,architectural_designer,http://www.nobilio.pl/,2,,Gdańsk,54.40829,18.55402
JM Architekci Sp. z o.o.,architectural_designer,http://www.jmarchitekci.pl/,2,,Gdańsk,54.3987103,18.6115925
JPP Architekci,architectural_designer,http://jpp-architekci.pl/,2,,Gdańsk,54.5113261,18.5447826
Jurcad Pracownia Architektoniczna Krzysztof Jur,architectural_designer,Ingen webbplats,2,,Gdańsk,54.3607373,18.5919264
JW Team,architectural_designer,http://jwteam.pl/,2,,Gdańsk,54.2819171,18.4906158
K&L Smart Design,architectural_designer,https://www.klad.com.pl/,2,,Gdańsk,54.434402,18.5627704
KaraTe Project,architectural_designer,https://karateproject.pl/,2,,Gdańsk,54.4805025,18.4939461
Katarzyna Kruk Architektura Wnętrz,architectural_designer,http://katarzynakruk.pl/,2,,Gdańsk,54.5114196,18.542202
KDI Project,architectural_designer,http://www.kdiproject.pl/,2,,Gdańsk,54.3439501,18.590734
KŁOs Studio,architectural_designer,http://klos-studio.com/,2,,Gdańsk,54.4384462,18.4540856
kolektywD2,architectural_designer,http://www.kolektywD2.pl/,2,,Gdańsk,54.3277887,18.5951563
Kowalczyk-Gajda Studio Projektowe,architectural_designer,http://www.kowalczyk-gajda.pl/,2,,Gdańsk,54.5100735,18.538367
Krzystep Krzysztof Stępiński,architectural_designer,Ingen webbplats,2,,Gdańsk,54.5092676,18.5473971
Kwadrat,architectural_designer,http://kwadrat-gdynia.pl/,2,,Gdańsk,54.4787527,18.5532017
Landowska Design,architectural_designer,https://landowska-design.pl/,2,,Gdańsk,54.5218515,18.5461705
Lesinska Concept,architectural_designer,http://www.lesinska.com/,2,,Gdańsk,54.5116497,18.5463319
Logos Architekci Sp. z o.o.,architectural_designer,http://logosarchitekci.com/,2,,Gdańsk,54.4299749,18.5557164
M Λ K Λ   studio,architectural_designer,http://maka.studio/,2,,Gdańsk,54.3638234,18.6413366
M-Architektura Wnetrz,architectural_designer,Ingen webbplats,2,,Gdańsk,54.3867554,18.6157973
Make Architekci,architectural_designer,http://www.makearch.pl/,2,,Gdańsk,54.4087623,18.5596836
Marta Koniczuk,architectural_designer,http://www.martakoniczuk.pl/,2,,Gdańsk,54.3485002,18.5657533
MB Studio Architektury Maciej Biarda,architectural_designer,http://www.architektkolbudy.pl/,2,,Gdańsk,54.2477524,18.4740842
Medical Interiors,architectural_designer,https://medical-interiors.com/,2,,Gdańsk,54.4291245,18.5625158
Meso Architekci,architectural_designer,http://www.mesoarchitekci.pl/,2,,Gdańsk,54.3549085,18.6259952
Michał Biela,architectural_designer,http://mbpp.pl/,2,,Gdańsk,54.4379637,18.5640227
Michał Kąkol ECE-PRACOWNIA PROJEKTOWA,architectural_designer,http://ecekonstrukcje.com.pl/,2,,Gdańsk,54.3479688,18.6606535
MIDI,architectural_designer,http://www.midi-architekci.pl/,2,,Gdańsk,54.3545431,18.6848472
MM Architekci Sp. z o.o.,architectural_designer,http://www.fi7.pl/,2,,Gdańsk,54.3873739,18.5805354
Moduł 3000,architectural_designer,http://www.ModulArchitekci.pl/,2,,Gdańsk,54.50866,18.53028
MxD Studio sp. z o.o.,architectural_designer,http://www.mxdstudio.pl/,2,,Gdańsk,54.4777031,18.552658
Nai Studio Katarzyna Najmajer,architectural_designer,https://naistudio.my.canva.site/wiz,2,,Gdańsk,54.3834398,18.6180145
NANU Pracownia Architektoniczna,architectural_designer,http://www.nanu.com.pl/,2,,Gdańsk,54.3740594,18.6034713
NB Architekci,architectural_designer,http://www.nbarchitekci.pl/,2,,Gdańsk,54.3689046,18.6102406
Niva Architekt Wnętrz,architectural_designer,http://nivaarchitekci.pl/,2,,Gdańsk,54.3471788,18.6598371
none studio,architectural_designer,https://www.instagram.com/_nonestudio_/,2,,Gdańsk,54.3730574,18.6008593
Nova,architectural_designer,http://nova7.pl/,2,,Gdańsk,54.3439643,18.6471761
O MM Studio,architectural_designer,http://www.domy-projekt.pl/,2,,Gdańsk,54.510443,18.5399498
Oliwer Rasztawicki Architekci,architectural_designer,http://rasztawicki.com/,2,,Gdańsk,54.4126455,18.5746416
Ornamental Alu,architectural_designer,http://www.ornamental-alu.com/pl,2,,Gdańsk,54.378877,18.5037796
Orso Karolina Spychalska,architectural_designer,http://www.projekt-orso.pl/,2,,Gdańsk,54.51729,18.54002
OSI Architekci,architectural_designer,http://www.m19.pl/,2,,Gdańsk,54.521103,18.5416459
Paczos Projekt,architectural_designer,http://www.paczos-projekt.pl/,2,,Gdańsk,54.4383067,18.5723534
Personal Concept,architectural_designer,http://personalconcept.pl/,2,,Gdańsk,54.4964544,18.5501069
PINOB Sp. z o.o.,architectural_designer,Ingen webbplats,2,,Gdańsk,54.4003697,18.5919905
Planer,architectural_designer,http://planer.com.pl/,2,,Gdańsk,54.3832004,18.6183391
Plawgo Architektura Gdańsk,architectural_designer,http://plawgo.com.pl/,2,,Gdańsk,54.3393232,18.6444828
Poklewscy-Koziello Architecture,architectural_designer,https://www.poklewscy.pl/,2,,Gdańsk,54.3582339,18.6234652
Potearchitekci,architectural_designer,http://www.potearchitekci.pl/,2,,Gdańsk,54.3426373,18.6554013
Pracownia 111,architectural_designer,http://www.pracownia111.pl/,2,,Gdańsk,54.4714792,18.5099277
Pracownia Architektoniczna DG Architekci,architectural_designer,http://www.dgarchitekci.pl/,2,,Gdańsk,54.443406,18.5597306
Pracownia Projektowa DETAL,architectural_designer,Ingen webbplats,2,,Gdańsk,54.4070734,18.5747372
Pracownia Projektowa FRONT sp. z o.o.,architectural_designer,http://www.projektygdynia.pl/,2,,Gdańsk,54.4963564,18.5371609
Pracownia Projektowa Instalacji Elektrycznych Szypowicz A,architectural_designer,http://www.tektoline.pl/,2,,Gdańsk,54.3880155,18.5895819
Pracownia Projektowa JOTA,architectural_designer,http://www.jotaarchitekci.pl/,2,,Gdańsk,54.355311,18.5954364
Pracownia Projektowa Marta Szlachta,architectural_designer,http://www.szlachtapp.pl/,2,,Gdańsk,54.3829299,18.6161965
Pracownia Projektowa Wioleta Stanisławska,architectural_designer,http://www.ppwstanislawska.pl/,2,,Gdańsk,54.4721878,18.471537
Pracownia Zacisze Projektanci i Inżynierowie,architectural_designer,http://www.pracownia-zacisze.pl/,2,,Gdańsk,54.16245,19.39929
Pro-Invest,architectural_designer,http://www.pro-invest.com.pl/,2,,Gdańsk,54.4295902,18.5611214
Projekt Nhplus,architectural_designer,http://www.projektnhplus.pl/,2,,Gdańsk,54.5223689,18.5195596
Promo Pracownia Projektowa,architectural_designer,http://www.promo-projekty.pl/,2,,Gdańsk,54.2608798,18.6332316
Pura Design,architectural_designer,https://puradesign.pl/,2,,Gdańsk,54.5251102,18.5429869
Pyramid - Konstrukcje Budowlane,architectural_designer,http://www.pyramid-konstrukcje.pl/,2,,Gdańsk,54.34646,18.53425
R3D3 Pracownia Architektoniczna,architectural_designer,http://www.r3d3.pl/,2,,Gdańsk,54.5156494,18.5410288
Rayss Group,architectural_designer,http://www.rayssgroup.pl/,2,,Gdańsk,54.4130167,18.446572
RE-Projekt,architectural_designer,http://re-projekt.com/,2,,Gdańsk,54.438557,18.4151958
Rebel Concept Sp. z o. o.,architectural_designer,http://www.rebelconcept.com/index.php?menu_id=kontakt,2,,Gdańsk,54.4017791,18.5786377
Republika Architektury,architectural_designer,http://republikaarchitektury.pl/,2,,Gdańsk,54.4277445,18.5632574
Restudio Sp. z o.o.,architectural_designer,http://www.restudio.com.pl/,2,,Gdańsk,54.3745463,18.6066516
Rolka Pracownia Architektury,architectural_designer,https://www.rolkaarch.com/,2,,Gdańsk,54.3682642,18.6102799
Rzepart Studio,architectural_designer,http://www.rzepart.pl/,2,,Gdańsk,54.4333709,18.4714348
S plus D Architekci,architectural_designer,http://www.sdarch.pl/,2,,Gdańsk,54.522685,18.5535972
Sadowski,architectural_designer,http://www.sadowski.pl/,2,,Gdańsk,54.529202,18.536087
Sikora Wnętrza,architectural_designer,http://www.sikorawnetrza.com/,2,,Gdańsk,54.3619479,18.6530664
Sim Architekci,architectural_designer,http://www.sim-architekci.pl/,2,,Gdańsk,54.3774535,18.5960347
Smart Architektura,architectural_designer,http://www.smartarchitektura.pl/,2,,Gdańsk,54.387652,18.5742688
SML Inżynierowie i Architekci,architectural_designer,http://www.sml.net.pl/,2,,Gdańsk,54.4380605,18.5716644
Stacja Architektura Krzysztof Kulawczuk,architectural_designer,https://stacjaarchitektura.pl/,2,,Gdańsk,54.5755947,18.4204021
Still Motion Studio Wiktor Stankiewicz,architectural_designer,https://www.stillmotion.pl/,2,,Gdańsk,54.4090259,18.5596584
Studio 1111,architectural_designer,http://www.studio1111.pl/,2,,Gdańsk,54.5312791,18.481186
Studio Architektury Krajobrazu Archidea,architectural_designer,Ingen webbplats,2,,Gdańsk,54.4703024,18.4888772
Studio Basta sp. z o. o.,architectural_designer,http://www.studiobasta.pl/,2,,Gdańsk,54.5226409,18.5559884
Studio Deszcz,architectural_designer,http://studio-deszcz.pl/,2,,Gdańsk,54.4834111,18.5469212
Studio Fuego,architectural_designer,http://www.studiofuego.eu/,2,,Gdańsk,54.2500009,18.6319414
Studio Mariba Maria Barnert,architectural_designer,http://www.mariba.pl,2,,Gdańsk,54.3918954,18.591431
Studio Projektowe Oikos,architectural_designer,http://www.studio-oikos.pl/,2,,Gdańsk,54.3732106,18.6152531
Studio Wnętrz Oranż,architectural_designer,http://www.oranz.pl/,2,,Gdańsk,54.3779315,18.6048834
Studio86 - Projektowanie i aranżacje wnętrz,architectural_designer,http://www.studio86.pl/,2,,Gdańsk,54.394103,18.5980029
Studiomodulo,architectural_designer,http://www.studiomodulo.pl/,2,,Gdańsk,54.3868269,18.6156378
Szablowscy Architekci,architectural_designer,Ingen webbplats,2,,Gdańsk,54.373361,18.6192794
T-33 Architekci,architectural_designer,http://t-33.pl/,2,,Gdańsk,54.5133454,18.5458128
Tadam Architekci,architectural_designer,http://tadamarchitekci.pl/,2,,Gdańsk,54.5208021,18.5325607
Terma,architectural_designer,https://www.termaoutlet.pl/,2,,Gdańsk,54.35958,18.43403
TG Studio,architectural_designer,http://www.tgstudio.art.pl/,2,,Gdańsk,54.5201208,18.5378145
TRYDAN Kornel Borowski,architectural_designer,http://www.trydan.pl/,2,,Gdańsk,54.3830758,18.6370643
Tuga Studio,architectural_designer,http://www.tuga.com.pl/,2,,Gdańsk,54.33291,18.58477
U-imagine,architectural_designer,http://www.uimagine.pl,2,,Gdańsk,54.5619933,18.4054859
Usługi Projektowe,architectural_designer,Ingen webbplats,2,,Gdańsk,54.5202664,18.5404844
Wittwornia,architectural_designer,http://www.wittwornia.pl,2,,Gdańsk,54.3807636,18.5864319
Wolski Architekci Sp. z o.o.,architectural_designer,http://www.wolskiarchitekci.pl,2,,Gdańsk,54.4385608,18.5654447
WZAP,architectural_designer,http://wzap.pl/,2,,Gdańsk,54.5100821,18.5383385
ZAPP Aranżacje Sp. z o.o.,architectural_designer,http://www.zapparanzacje.pl/,2,,Gdańsk,54.4080294,18.5741802
Zet Projekt,architectural_designer,http://www.zetprojekt.pl/,2,,Gdańsk,54.3474632,18.5890686
Zuza Gosz architekt wnętrz,architectural_designer,http://www.zuzannagosz.pl/,2,,Gdańsk,54.4196843,18.4776643
Zuzanna Sikora Architekt Wnętrz,architectural_designer,http://www.zuzannasikora.pl/,2,,Gdańsk,54.4668503,18.4584068
ZZAA,architectural_designer,Ingen webbplats,2,,Gdańsk,54.49591,18.5383
Radical Storage - Luggage Storage Krzywy Domek,architecture,https://radicalstorage.com/luggage-storage/sopot/city-center/luggage-storage-krzywy-domek?utm_source=bingplaces&utm_medium=sopot&utm_campaign=krzywydomek&utm_content=websiteclick,2,,Gdańsk,54.444378,18.5676806
Radical Storage - Luggage Storage Sopot Railway Station,architecture,https://radicalstorage.com/luggage-storage/sopot/train-station/luggage-storage-sopot-railway-station?utm_source=bingplaces&utm_medium=sopot&utm_campaign=sopotrailwaystation&utm_content=websiteclick,2,,Gdańsk,54.4414584,18.5636412
Radical Storage - Luggage Storage Sopot Train Station,architecture,https://radicalstorage.com/luggage-storage/sopot/train-station/luggage-storage-sopot-train-station?utm_source=bingplaces&utm_medium=sopot&utm_campaign=sopottrainstation&utm_content=websiteclick,2,,Gdańsk,54.4392356,18.5605652
3RR0R,art_gallery,Ingen webbplats,2,,Gdańsk,54.32489,18.63208
Akwarium Galeria Sztuki,art_gallery,Ingen webbplats,,,Gdańsk,54.51908,18.53957
Art In Architecture,art_gallery,http://gallery.artinarchitecture.pl/,,,Gdańsk,54.3489153,18.6476224
Atelier Magda Beneda,art_gallery,http://www.magdabeneda.pl/,,,Gdańsk,54.3478619,18.651582
Beksiński w Gdańsku,art_gallery,http://www.beksinskiwgdansku.pl/,,,Gdańsk,54.3481322,18.6476106
będzie,art_gallery,Ingen webbplats,2,,Gdańsk,54.4681802,18.4914965
Centrum Sztuki Galeria EL,art_gallery,http://www.galeria-el.pl/,2,,Gdańsk,54.1604722,19.3939471
Centrum Sztuki Współczesnej ŁAŹNIA 1,art_gallery,http://www.laznia.pl/,,,Gdańsk,54.3416171,18.657926
Centrum Sztuki Wspolczesnej Laznia 2,art_gallery,www.laznia.pl,,,Gdańsk,54.3999607,18.6715086
CHODO Studio,art_gallery,Ingen webbplats,2,,Gdańsk,54.3638371,18.6352522
Cosma Gallery,art_gallery,http://www.cosmagallery.com/,,,Gdańsk,54.4020055,18.5636237
Delikatesy Sztuki - galeria młodych,art_gallery,http://delikatesysztuki.blogspot.com/,2,,Gdańsk,54.37732,18.6081
Didado,art_gallery,http://didado.art/,,,Gdańsk,54.4963655,18.5504262
Dom Chodowieckiego i Grassa,art_gallery,http://ggm.gda.pl/,,,Gdańsk,54.35585,18.65626
DoŚrodka,art_gallery,https://www.instagram.com/do_srodka/,2,,Gdańsk,54.3652044,18.648494
Eskaem,art_gallery,https://www.eskaem.pl/,,,Gdańsk,54.360628,18.6452444
Euterus,art_gallery,https://www.euterus.pl/,2,,Gdańsk,54.332039,18.9172435
FijuMiju,art_gallery,http://fijumiju.pl/,2,,Gdańsk,54.4768439,18.5216676
Fine Arts Gallery Szary Ganek,art_gallery,https://szaryganek.pl/,,,Gdańsk,54.2550974,18.6319145
FRIS - Fabryka Rzemiosła I Sztuki,art_gallery,Ingen webbplats,2,,Gdańsk,54.5736625,18.4005058
Fundacja Mewka,art_gallery,http://www.mewka.org/,,,Gdańsk,54.4014717,18.6660809
Galeria,art_gallery,http://fkf-fbg.pl/,2,,Gdańsk,54.353981,18.6499596
Galeria 78,art_gallery,http://www.galeria78.art.pl,,,Gdańsk,54.5139136,18.5399471
Galeria Blik,art_gallery,http://www.galeriablik.pl/,,,Gdańsk,54.3543668,18.6476859
Galeria Debiut,art_gallery,https://www.gov.pl/web/plastykgdynia,,,Gdańsk,54.4813671,18.5638108
Galeria Gdyńskiego Centrum Filmowego,art_gallery,https://gcf.org.pl/galeria/,,,Gdańsk,54.517033,18.543286
Galeria Kwadrat Tomasz Broda,art_gallery,http://www.galeriaognia.pl/,2,,Gdańsk,54.412901,18.5844045
Galeria Lindenau,art_gallery,http://GaleriaLindenau.pl/,,,Gdańsk,54.33555,18.55815
Galeria Mariacka,art_gallery,https://www.civitaschristiana-gdansk-torun.pl/,,,Gdańsk,54.3498731,18.654544
Galeria na Desce,art_gallery,Ingen webbplats,2,,Gdańsk,54.3329395,19.1087835
Galeria Nowy Port,art_gallery,Ingen webbplats,,,Gdańsk,54.401728,18.670914
Galeria Od czasu do czasu...,art_gallery,http://www.galeriaoddo.pl,2,,Gdańsk,54.4861423,18.5492928
Galeria POKÓJ,art_gallery,Ingen webbplats,2,,Gdańsk,54.40828,18.56858
Galeria Pracownia Alla Prima,art_gallery,http://www.allaprima.pl/,2,,Gdańsk,54.355719,18.6629343
Galeria Studencka Start,art_gallery,Ingen webbplats,,,Gdańsk,54.3510361,18.6482086
Galeria Sulmin,art_gallery,http://www.galeriasulmin.pl/,2,,Gdańsk,54.3133224,18.4683524
Galeria Swetra,art_gallery,http://www.magdalenaarlukiewicz.com/,2,,Gdańsk,54.3496652,18.6546922
Galeria Sztuk Roznych Kosycarz i Beneda,art_gallery,Ingen webbplats,,,Gdańsk,54.3479018,18.6516294
Galeria Sztuki Da Vinci s.c,art_gallery,http://www.galeriadavinci.com.pl/,,,Gdańsk,54.3498476,18.6491015
Galeria Sztuki Glaza Expo Design,art_gallery,http://glazadesign.pl/,,,Gdańsk,54.3479511,18.6549224
Galeria Sztuki Kana Art,art_gallery,https://www.galeriawzaulku.com/,,,Gdańsk,54.3570974,18.6505022
Galeria Sztuki Kaszubskiej,art_gallery,http://www.gskart.pl/,2,,Gdańsk,54.3504223,18.6524235
Galeria Sztuki MAG,art_gallery,http://galeriamaggarnizon.pl/,2,,Gdańsk,54.382768,18.5896244
Galeria Sztuki Nowy Warzywniak,art_gallery,http://www.galeriawarzywniak.pl,,,Gdańsk,54.4089133,18.5590369
Galeria ToTo - Pracownia artystyczna,art_gallery,http://www.galeriatoto.pl/,2,,Gdańsk,54.3306497,18.9328069
Galeria UL,art_gallery,https://youtu.be/84QXLgtLWFM,,,Gdańsk,54.3498939,18.6633139
Galeria w Ruchu,art_gallery,Ingen webbplats,,,Gdańsk,54.3605727,18.6613413
Galeria Żuławska,art_gallery,Ingen webbplats,,,Gdańsk,54.136009,19.008931
Galeria Zum,art_gallery,http://www.galeriazum.pl,2,,Gdańsk,54.1592445,19.3971988
Gdansk Gallery Günter Grass,art_gallery,Ingen webbplats,,,Gdańsk,54.3512146,18.6535097
Gdanska Galeria Fotografii,art_gallery,http://mng.gda.pl/oddzialy/dzial-fotografii,,,Gdańsk,54.3506,18.6535
Gdańska Galeria Miejska,art_gallery,Ingen webbplats,,,Gdańsk,54.3472041,18.6549483
Gdańska Galeria Miejska 1,art_gallery,http://ggm.gda.pl/,,,Gdańsk,54.3496533,18.6520475
Gdanskie Towarzystwo Przyjaciol Sztuki,art_gallery,http://www.gtps.art.pl/,,,Gdańsk,54.3489979,18.6537464
Gdynia Design Days,art_gallery,http://www.gdyniadesigndays.eu/,,,Gdańsk,54.4952615,18.5375312
Good Time Art Studio,art_gallery,http://goodtimeart.net/,2,,Gdańsk,54.3580432,18.5814036
GTF Gdańskie Towarzystwo Fotograficzne,art_gallery,http://gtf.org.pl/,,,Gdańsk,54.3868594,18.5900202
Günter Grass Gallery,art_gallery,Ingen webbplats,,,Gdańsk,54.3512302,18.6534273
Halo Kultura,art_gallery,Ingen webbplats,,,Gdańsk,54.5222889,18.5338194
Instytut Sztuki Wyspa,art_gallery,Ingen webbplats,,,Gdańsk,54.3599448,18.6490099
International Amber Association Gallery,art_gallery,http://www.amber.org.pl/,2,,Gdańsk,54.352001,18.657231
Jacek Michalski Galeria Sztuki,art_gallery,http://www.galeriajm.eu/,2,,Gdańsk,54.5177408,18.5441702
Kamyk Studio,art_gallery,http://kamykstudio.pl/,2,,Gdańsk,54.4075924,18.5746735
KIT Pracownia/Galeria,art_gallery,Ingen webbplats,,,Gdańsk,54.44222,18.56108
Kolonia Artystow,art_gallery,https://www.instagram.com/kolonia.artystow/,,,Gdańsk,54.376883,18.611846
Kolonia Artystów Dolne Miasto,art_gallery,https://www.instagram.com/kolonia.artystow.dolne.miasto/,,,Gdańsk,54.3429795,18.6619265
La Jaguara Artistic House,art_gallery,http://airbnb.pl/h/lajaguaragdansk,2,,Gdańsk,54.374575,18.624814
Latający Pies,art_gallery,Ingen webbplats,2,,Gdańsk,54.5165344,18.541574
Malibee,art_gallery,https://malibee.pl/,2,,Gdańsk,54.5083808,18.537585
MetaMistic Project,art_gallery,http://www.metamistic.com/,2,,Gdańsk,54.36214,18.6546
MoKo ceramika,art_gallery,Ingen webbplats,2,,Gdańsk,54.3163137,18.5739176
Momarte,art_gallery,https://momarte.pl/,2,,Gdańsk,54.3487745,18.6547326
Mood Concept Store,art_gallery,Ingen webbplats,2,,Gdańsk,54.3829379,18.5912506
Murale Gdańsk Zaspa,art_gallery,http://muralegdanskzaspa.pl/,,,Gdańsk,54.3923641,18.5915889
Natura Sztuki,art_gallery,http://www.naturasztuki.pl/,2,,Gdańsk,54.4177288,18.4800325
New Modern Art,art_gallery,http://www.galeria-oranz.pl/,2,,Gdańsk,54.378,18.60497
Nowy Warzywniak Art Gallery,art_gallery,https://www.galeriawarzywniak.pl/,,,Gdańsk,54.4089133,18.5590369
Palonka. Pracownia ceramiki,art_gallery,http://palonka.com.pl/,2,,Gdańsk,54.3551396,18.6504215
Państwowa Galeria Sztuki,art_gallery,http://pgs.pl,,,Gdańsk,54.43654,18.56669
Państwowa Galeria Sztuki,art_gallery,http://www.pgs.pl/,,,Gdańsk,54.4454563,18.5697759
Pinakoteka Design,art_gallery,http://www.pinakoteka.pl/,2,,Gdańsk,54.3839028,18.5927516
Pinakoteka Design - Kreatywna Pracownia Ramiarska,art_gallery,Ingen webbplats,2,,Gdańsk,54.3660889,18.4694939
PINAKOTEKA Małgorzata Radomska,art_gallery,https://www.pinakoteka.pl/,2,,Gdańsk,54.3839056,18.5927532
Pionova,art_gallery,http://www.pionova.net.pl/,2,,Gdańsk,54.3546883,18.6545532
Pracownia ceramiki Kasia Olechnicka,art_gallery,http://www.olechnicka.eu/,2,,Gdańsk,54.427421,18.4864038
Pracownia Kunszt - Konserwacja Dzieł Sztuki,art_gallery,http://pracowniakunszt.pl/,2,,Gdańsk,54.51658,18.53141
Pracownia Parter | Gdansk,art_gallery,https://www.instagram.com/pracownia_parter/,2,,Gdańsk,54.3690235,18.6270698
Przypływ,art_gallery,https://linktr.ee/przyplyw,,,Gdańsk,54.51929,18.53582
PUNKT,art_gallery,http://ounktgallery.com/,,,Gdańsk,54.5247927,18.544836
Reset Art & Design Point,art_gallery,http://www.sklep.resetpoint.pl/,2,,Gdańsk,54.511429,18.5395584
Rooms Gallery / galeria fotografii,art_gallery,http://www.roomsgallery.eu/,2,,Gdańsk,54.35446,18.65466
Savchenko Gallery,art_gallery,https://www.instagram.com/savchenkogallery/,,,Gdańsk,54.4089091,18.5682515
Sopocka Galeria Sztuki,art_gallery,http://sopockagaleriasztuki.pl/,,,Gdańsk,54.4358079,18.5615634
Spiek Studio,art_gallery,http://www.spiekstudio.pl/,2,,Gdańsk,54.3752097,18.6164666
studio otwarte TO TU,art_gallery,http://www.studiototu.com/,2,,Gdańsk,54.3762194,18.6141964
Studio Tatuażu Cobra,art_gallery,Ingen webbplats,2,,Gdańsk,54.100361,18.7670885
SZTUCZKI • dom • prezenty • przyjemności,art_gallery,https://www.instagram.com/sztuczki_store/,2,,Gdańsk,54.1588829,19.393998
Traffic Design,art_gallery,http://www.trafficdesign.pl/,,,Gdańsk,54.5211495,18.5448211
Triada,art_gallery,http://www.galeriatriada.pl/,,,Gdańsk,54.3501046,18.6504826
tuBaza,art_gallery,http://tubaza.org/,,,Gdańsk,54.4737021,18.557342
Warszewski - Kamienie Minerały Sztuka,art_gallery,Ingen webbplats,2,,Gdańsk,54.3568272,18.6490349
Wela Ont Ceramika workshops,art_gallery,Ingen webbplats,2,,Gdańsk,54.411711,18.57248
WL4,art_gallery,http://www.wl4.pl/,,,Gdańsk,54.360434,18.662
YAMA,art_gallery,Ingen webbplats,2,,Gdańsk,54.5183541,18.5418637
Zbrojownia Sztuki,art_gallery,http://www.asp.gda.pl/,,,Gdańsk,54.3510361,18.6482086
Galeria Na Wyspie,art_museum,http://www.mdk.elblag.pl/,,,Gdańsk,54.1557715,19.391505
Gdansk Gallery of Photography,art_museum,http://www.mng.gda.pl/,,,Gdańsk,54.3631393,18.6478191
Gdańska Galeria Zmysłów,art_museum,https://gdanskagaleriazmyslow.pl/,,,Gdańsk,54.3488844,18.6465598
Muzeum Miodu i Pszczelarstwa,art_museum,Ingen webbplats,,,Gdańsk,54.1737658,18.7010316
"Wystawa ""Hevelianum bez barier""",art_museum,http://www.hevelianum.pl/,2,,Gdańsk,54.3560633,18.639274
GEMSTRUE,art_restoration,https://www.gemstrue.com/,2,,Gdańsk,54.3751744,18.6091794
Karuzela Pasji,art_restoration,Ingen webbplats,2,,Gdańsk,54.46881,18.48835
Stacjarenowacja,art_restoration,Ingen webbplats,2,,Gdańsk,54.38591,18.5825299
Akademia Artystyczna,art_school,https://akademiaartystyczna.com/,,,Gdańsk,54.3977411,18.5775798
Akademia Realizacji Dźwięku w Gdyni,art_school,http://ard.edu.pl/,2,,Gdańsk,54.54314,18.4547
ARTmania - szkoła artystyczna,art_school,https://www.instagram.com/artmaniaschool/,,,Gdańsk,54.5470297,18.4538522
ArtStudio Oksywie,art_school,Ingen webbplats,,,Gdańsk,54.5533373,18.5338029
Atelier Biscuit ceramika - Pracownia ceramiczna - Warsztaty z ceramiki,art_school,Ingen webbplats,2,,Gdańsk,54.4062023,18.5767891
Centrum Rozwoju Talentow,art_school,http://sztukarium.pl/,,,Gdańsk,54.3589083,18.5833709
Domin Gdańsk Jaśkowa Dolina,art_school,https://domin-gdansk.pl/,,,Gdańsk,54.3765976,18.6078161
Domin Gdynia Nauka Rysunku,art_school,https://domin-gdynia.pl/,,,Gdańsk,54.5203812,18.5258859
DOMINek Gdańsk,art_school,http://domin-gdansk.pl/,,,Gdańsk,54.3739095,18.6241813
Dominika Art,art_school,Ingen webbplats,,,Gdańsk,54.35311,18.65106
Gdańska Szkoła Artystyczna,art_school,http://www.gsa.net.pl/,,,Gdańsk,54.3777286,18.6073512
"JESZCZE RAZ - Kursy szycia, dziergania, szydełkowania, warsztaty kreatywne, rękodzieło, odzież używana",art_school,Ingen webbplats,2,,Gdańsk,54.5198134,18.5357177
Kabuki Studio Szkoła Wizażu,art_school,https://www.kabukistudio.pl/,,,Gdańsk,54.3503835,18.6496761
Kreatywna Akademia KASETA,art_school,http://www.akademiakaseta.pl/,,,Gdańsk,54.3814374,18.6131073
Kunsztownia,art_school,http://eepurl.com/hXLCAn,,,Gdańsk,54.5163312,18.531602
Kuźnia Warsztaty Sztuki,art_school,http://www.kuznia.vpc.pl/,,,Gdańsk,54.3584424,18.6465282
LAS RĄK - Pracownia Wolnego Czasu,art_school,https://pracownialasrak.pl/,,,Gdańsk,54.3801687,18.5989997
Makagigi Studio,art_school,Ingen webbplats,,,Gdańsk,54.1580542,19.397112
Make Up Masters,art_school,Ingen webbplats,2,,Gdańsk,54.4783312,18.5480712
Music Inn,art_school,http://www.musicinn.pl/,,,Gdańsk,54.5671082,18.4039079
Obada Atelier,art_school,http://www.obadatelier.pl/,2,,Gdańsk,54.3217882,18.5924614
Ognisko Wrzeszcz,art_school,http://www.ogniskowrzeszcz.pl/,,,Gdańsk,54.3791012,18.6061224
Passa Wyspa Twórczej Edukacji,art_school,http://www.bialywilk.com.pl/kontakt/,,,Gdańsk,54.421681,18.4543512
Pracownia Malarstwa i Grafiki,art_school,http://www.pracowniamig.pl/,,,Gdańsk,54.542124,18.4621338
Prosta Kreska i Kreseczka,art_school,http://www.prostakreska.com/,2,,Gdańsk,54.3772327,18.6094841
Quatro Rysunek Gdańsk,art_school,http://www.quatrorysunek.pl/,2,,Gdańsk,54.3764968,18.6062837
Republika Marzeń,art_school,http://republikamarzen.com/,,,Gdańsk,54.3807,18.58977
Sala Koncertowa OSM I i II st. w Gdańsku,art_school,https://www.gov.pl/web/osmgdansk/internat,,,Gdańsk,54.3573731,18.6490786
Szkoła artystyczna Port Art,art_school,http://www.portart.pl/,,,Gdańsk,54.3941421,18.4012488
Szkoła Fotografii FOTOMEDIA,art_school,http://www.fotomedia.com.pl/,,,Gdańsk,54.4390668,18.5610355
Warsztaty Graffiti,art_school,https://warsztatygraffiti.pl/,,,Gdańsk,54.3679538,18.6144661
Wydział Wokalno-Aktorski,art_school,"https://amuz.gda.pl/wydzialy/wydzial-i-dyrygentury-kompozycji-i-teorii-muzyki,13",2,,Gdańsk,54.344844,18.662966
Yamaha Music School,art_school,https://yamahagda.pl/,2,,Gdańsk,54.3324458,18.5971262
Zojart,art_school,https://www.zojart.pl/,,,Gdańsk,54.31451,18.59865
2T4U,arts_and_crafts,http://www.2t4u.pl/,2,,Gdańsk,54.4212746,18.4830499
A&R Pracownia pomysłów.,arts_and_crafts,http://pracowniapomyslow.com.pl/,,,Gdańsk,54.2568196,18.6344104
Ale Piernik,arts_and_crafts,http://alepiernik.pl/,2,,Gdańsk,54.3411956,18.5649317
AliLinka Makrama,arts_and_crafts,https://www.instagram.com/alilinka_makrama/,,,Gdańsk,54.5856759,18.4062029
Andero,arts_and_crafts,https://www.andero.pl/,,,Gdańsk,54.301967,18.6087538
Annex Deco,arts_and_crafts,http://www.annexdeco.com/,,,Gdańsk,54.3598867,18.4342362
Arte Fakt,arts_and_crafts,http://www.arte-fakt.org/pl,,,Gdańsk,54.32458,18.63907
Artystyczna Pracownia Ramiarsko-Pozłotnicza Rafał Jakimowicz,arts_and_crafts,https://www.ramytrojmiasto.pl/,2,,Gdańsk,54.3874092,18.6168436
BohoMazy,arts_and_crafts,Ingen webbplats,,,Gdańsk,54.5172974,18.5286525
Boropot,arts_and_crafts,http://Boropot.com/,,,Gdańsk,54.3469392,18.6042902
Butik Esparati - Odzież damska,arts_and_crafts,http://www.eko.esparati.eu/,2,,Gdańsk,54.496971,18.5417274
Deco Hobby,arts_and_crafts,http://www.decohobby.com.pl/,,,Gdańsk,54.5202984,18.5416039
Dekor House,arts_and_crafts,http://www.dekorhouse.pl,,,Gdańsk,54.3767448,18.5648162
Didgeridoo SpaceShip,arts_and_crafts,http://www.didgespace.com/,2,,Gdańsk,54.5227752,18.5338068
DotknijMnie.pl,arts_and_crafts,http://www.dotknijmnie.pl/,2,,Gdańsk,54.349158,18.651544
Drewniana Mama,arts_and_crafts,http://www.drewnianamama.pl/,,,Gdańsk,54.3397005,18.6252025
Eco-Packing,arts_and_crafts,http://www.eco-packing.eu/,,,Gdańsk,54.4922899,18.5334699
Ekologiczne Świece Sojowe Good Energy,arts_and_crafts,https://sklep127.wixsite.com/swiecegoodenergy,,,Gdańsk,54.5156588,18.5387961
Folkstar,arts_and_crafts,Ingen webbplats,,,Gdańsk,54.350077,18.645023
Fun Łata,arts_and_crafts,http://www.funlata.pl/,,,Gdańsk,54.5567345,18.5066414
"Galeria DecoHobby Gdynia, farby kredowe Annie Sloan, woski, lakiery, farby media do decoupage oraz materiały do scrapbookingu",arts_and_crafts,https://www.decohobby.com.pl/,2,,Gdańsk,54.5203207,18.5417033
Galeria DecoHobby stacjonarny i internetowy sklep z artykułami do rękodzieła,arts_and_crafts,https://www.decohobby.com.pl/,2,,Gdańsk,54.5202868,18.5416926
Galeria Grobla,arts_and_crafts,http://www.facebook.com/galeriagrobla,,,Gdańsk,54.3506977,18.6536171
Garncarstwo Rekodzielo Monika Wieczorkowska,arts_and_crafts,http://www.monikawieczorkowska.pl/,,,Gdańsk,54.381819,18.611641
Gdańsk Sklep Firmowy Zakładów Ceramiki Bolesławiec,arts_and_crafts,http://kociowo.pl/,2,,Gdańsk,54.3479219,18.6606952
Glinki Krystynki,arts_and_crafts,http://www.S49.pl/,,,Gdańsk,54.49742,18.49753
Graffi,arts_and_crafts,http://oprawaobrazowgdansk.pl/,,,Gdańsk,54.3880312,18.616244
Hurtownia Jola,arts_and_crafts,http://pasmanteria-jola.pl/,2,,Gdańsk,54.2700929,18.6427232
Justus ceramika,arts_and_crafts,Ingen webbplats,,,Gdańsk,54.4088507,18.5651709
KAGANIEC Monika,arts_and_crafts,http://www.kaganiec.pl/,,,Gdańsk,54.3913082,18.6209605
KokoNove,arts_and_crafts,https://www.kokonove.com/,,,Gdańsk,54.2677333,18.6786717
Kraszewska Pracownia,arts_and_crafts,http://kraszewskapracownia.com/,,,Gdańsk,54.5609367,18.4131454
Kreatywny Zakątek,arts_and_crafts,Ingen webbplats,,,Gdańsk,54.4631648,18.495741
Łapp to! Ceramika,arts_and_crafts,http://www.lapptoceramika.pl/,,,Gdańsk,54.3276797,18.5171634
Let's Art Concept Store,arts_and_crafts,Ingen webbplats,2,,Gdańsk,54.4455035,18.5696747
Lion Candles,arts_and_crafts,Ingen webbplats,,,Gdańsk,54.5142649,18.5374532
Lunarium MoonCenter,arts_and_crafts,Ingen webbplats,,,Gdańsk,54.2610288,18.6538466
Małe Rzeczy,arts_and_crafts,Ingen webbplats,,,Gdańsk,54.4369772,18.5613274
Mandu,arts_and_crafts,Ingen webbplats,,,Gdańsk,54.3784873,18.5059173
My Piece of Wood,arts_and_crafts,https://linktr.ee/mypieceofwood,,,Gdańsk,54.3205452,18.5968112
Ogród Kreatywności Studio B Ceramika,arts_and_crafts,Ingen webbplats,,,Gdańsk,54.5641659,18.4116452
Old fashion ribbons,arts_and_crafts,http://www.oldfashionribbon.com/,,,Gdańsk,54.52701,18.45927
Oprawa Obrazów For Art,arts_and_crafts,Ingen webbplats,2,,Gdańsk,54.5250294,18.5169831
P H U Safex,arts_and_crafts,http://www.plandeki.com.pl/,2,,Gdańsk,54.5573115,18.4700283
PaperConcept,arts_and_crafts,http://paperconcept.pl/,2,,Gdańsk,54.3563328,18.6487756
Papiernik,arts_and_crafts,Ingen webbplats,2,,Gdańsk,54.3297823,18.6036004
Pasmanteria Jola,arts_and_crafts,Ingen webbplats,2,,Gdańsk,54.4090704,18.5898829
Polidruk.Com Marzena Ziomek-Buczek,arts_and_crafts,https://polidruk.com/,2,,Gdańsk,54.3873277,18.6161424
Pracownia Bażyńskiego 29,arts_and_crafts,Ingen webbplats,,,Gdańsk,54.39873,18.56681
Pracownia Bettineum Gdynia,arts_and_crafts,https://bettineum.wixsite.com/bettineum,,,Gdańsk,54.4729367,18.4614687
Pracownia Dziewanna,arts_and_crafts,Ingen webbplats,,,Gdańsk,54.5540106,18.5096242
Pracownia Garncarska Urszula Pietrzak,arts_and_crafts,http://pracowniagarncarska.pl/,,,Gdańsk,54.49449,18.5512
Pracownia Mewa,arts_and_crafts,Ingen webbplats,,,Gdańsk,54.5415138,18.4656188
Pracownia Sikoreczka,arts_and_crafts,https://pracowniasikoreczka.etsy.com/,,,Gdańsk,54.2590302,18.6618466
Roksy Sploty,arts_and_crafts,https://artyferia.pl/butik/roksy-sploty,,,Gdańsk,54.360437,18.578736
Scooll Shoop,arts_and_crafts,Ingen webbplats,2,,Gdańsk,54.3471385,18.6579911
Siennicka 25,arts_and_crafts,Ingen webbplats,2,,Gdańsk,54.3587069,18.6831951
Sopot homemade ceramics,arts_and_crafts,http://sopotdecor.pl/,2,,Gdańsk,54.44293,18.56265
Storm,arts_and_crafts,https://www.stormplastyczny.pl/,2,,Gdańsk,54.3759483,18.6186524
Storm Plastyczny,arts_and_crafts,https://www.stormplastyczny.pl/,2,,Gdańsk,54.5167475,18.5395786
Studio 49,arts_and_crafts,http://s49.pl/,2,,Gdańsk,54.49737,18.4975094
SuszSusz,arts_and_crafts,http://SuszSusz.pl/,2,,Gdańsk,54.3498785,18.6547852
Świat w kuferku,arts_and_crafts,http://www.swiatwkuferku.pl/,2,,Gdańsk,54.49277,18.44011
Szewc,arts_and_crafts,http://www.master-max.pl/,2,,Gdańsk,54.3908222,18.6092595
Sznurkowe_Makramowe,arts_and_crafts,https://sznurkowe-makramowe.pl/,2,,Gdańsk,54.1554065,19.3989714
Terra Sol,arts_and_crafts,http://www.terrasol.pl/,2,,Gdańsk,54.4075577,18.574486
Terra Vibes Pracownia Ceramiki,arts_and_crafts,Ingen webbplats,,,Gdańsk,54.4836829,18.5376504
Touch Wood 888,arts_and_crafts,http://www.TouchWood888.pl/,2,,Gdańsk,54.3943543,18.5827085
Truskawka Sklep papierniczy C.H. Witawa,arts_and_crafts,http://www.etruskawka.pl/,2,,Gdańsk,54.4977909,18.5088751
Wydziergaj swoje,arts_and_crafts,Ingen webbplats,2,,Gdańsk,54.5177,18.5388
Wyplecione. Cuda i Wianki,arts_and_crafts,Ingen webbplats,2,,Gdańsk,54.4414483,18.452154
YARN BOWL pracownia ceramiki,arts_and_crafts,https://yarn-bowl-pracownia-ceramiki.sumupstore.com/,2,,Gdańsk,54.5065783,18.5374021
5 Talentów Pracownia Twórczego Rozwoju,arts_and_entertainment,http://www.5talentow.pl/,?,,Gdańsk,54.2468699,18.4746171
Acartus,arts_and_entertainment,https://www.acartus.pl/,?,,Gdańsk,54.52139,18.5434309
AdvertiSO Kreatywne Upominki,arts_and_entertainment,https://advertiso.pl/,2,,Gdańsk,54.5737075,18.4713938
AirPoint - Symulator lotu,arts_and_entertainment,https://airpoint.eu/,2,,Gdańsk,54.354919,18.662977
Aquamarine Ceramics,arts_and_entertainment,Ingen webbplats,,,Gdańsk,54.56032,18.40803
ArBi Agencja Artystyczna,arts_and_entertainment,Ingen webbplats,,,Gdańsk,54.3963346,18.5970985
Art Babette,arts_and_entertainment,http://www.artbabette.pl/,,,Gdańsk,54.5152688,18.5268206
Art Media,arts_and_entertainment,http://www.artmedia.gda.pl/,,,Gdańsk,54.5227379,18.542638
Atlantic Club,arts_and_entertainment,Ingen webbplats,2,,Gdańsk,54.5190893,18.5349585
Bajkowy Labirynt Designer Outlet Gdańsk,arts_and_entertainment,https://bajkowylabirynt.pl/,2,,Gdańsk,54.3204,18.55145
Be Psychedelic,arts_and_entertainment,https://linktr.ee/bepsychedelic,2,,Gdańsk,54.4754094,18.4633762
Bema10,arts_and_entertainment,http://www.bem.org.pl/,2,,Gdańsk,54.51306,18.541
Bergiela,arts_and_entertainment,Ingen webbplats,2,,Gdańsk,54.3172396,18.5828189
Blok Studio,arts_and_entertainment,http://www.blokstudio.pl/,,,Gdańsk,54.3815856,18.6101864
Bulwar Nadmorski,arts_and_entertainment,Ingen webbplats,2,,Gdańsk,54.5086705,18.5539821
Cech Rzemiosł Artystycznych w Gdansku,arts_and_entertainment,Ingen webbplats,,,Gdańsk,54.3504094,18.6497292
Centrum Haffnera Parking,arts_and_entertainment,Ingen webbplats,2,,Gdańsk,54.4449135,18.5672269
Centrum Kultury w Gdyni,arts_and_entertainment,http://www.ckgdynia.pl/,,,Gdańsk,54.48497,18.5257929
Chlaning w Altaning,arts_and_entertainment,Ingen webbplats,,,Gdańsk,54.33821,18.56458
Chwaszczyno,arts_and_entertainment,http://chwaszczyno.com,,,Gdańsk,54.4433291,18.4191371
CraftRoom w SP27,arts_and_entertainment,http://www.sp27gdansk.pl/,,,Gdańsk,54.3772568,18.5807892
Csg,arts_and_entertainment,Ingen webbplats,,,Gdańsk,54.3604072,18.6487598
Delfinalia,arts_and_entertainment,https://turnup-tickets.pl/delfinalia-2025,,,Gdańsk,54.5188179,18.557716
Diabelski Młyn - Panorama Gdańska,arts_and_entertainment,Ingen webbplats,2,,Gdańsk,54.3479708,18.6572706
Dom House Party,arts_and_entertainment,Ingen webbplats,2,,Gdańsk,54.2593376,18.6633464
DrzewkoMillenium,arts_and_entertainment,https://pl.wikipedia.org/wiki/Drzewo_Millennium,2,,Gdańsk,54.3501003,18.647298
Efect - Widowiskowe Pokazy Laserowe oraz Światła | Trójmiasto,arts_and_entertainment,http://www.efect.pl/,2,,Gdańsk,54.3599475,18.6842263
Escape Me Gdynia,arts_and_entertainment,http://escapemegdynia.pl/,2,,Gdańsk,54.5146789,18.5323009
Eye Vision Group,arts_and_entertainment,Ingen webbplats,2,,Gdańsk,54.422551,18.5655602
Fabryka Piekna,arts_and_entertainment,Ingen webbplats,2,,Gdańsk,54.2712618,18.4638705
Fabryka Słonecznika,arts_and_entertainment,Ingen webbplats,,,Gdańsk,54.37945,18.60782
Film Trójmiasto,arts_and_entertainment,http://www.filmtrojmiasto.pl/,,,Gdańsk,54.3812633,18.5905591
Fundacja Atelier Jerszow,arts_and_entertainment,Ingen webbplats,,,Gdańsk,54.3641476,18.6369654
Garnizon,arts_and_entertainment,http://www.garnizon.pl/,,,Gdańsk,54.3838748,18.5921661
Garnizon Kultury,arts_and_entertainment,http://garnizon.pl/garnizon-kultury.html,,,Gdańsk,54.3817468,18.5951388
Gdansk Molo,arts_and_entertainment,http://www.mosir.gda.pl/pl/dokumenty/molo,2,,Gdańsk,54.413542,18.6245298
Gdańsk Ołowianka 1,arts_and_entertainment,Ingen webbplats,2,,Gdańsk,54.352701,18.6601934
Gdańska Głowa,arts_and_entertainment,Ingen webbplats,2,,Gdańsk,54.266469,18.953299
Gdańskie Stowarzyszenie Fantastyki Alkor,arts_and_entertainment,http://gsf-alkor.pl/,,,Gdańsk,54.376439,18.6072528
Gdynia InfoBox,arts_and_entertainment,http://www.gdynia.pl/infobox,,,Gdańsk,54.5187571,18.5417952
Gdyńskie Centrum Animacji,arts_and_entertainment,http://www.gca.edu.pl/,,,Gdańsk,54.5395739,18.50388
Golden Gate Bistro Bar & Club,arts_and_entertainment,Ingen webbplats,2,,Gdańsk,54.3498794,18.6476621
Heroes of Vintage,arts_and_entertainment,http://www.heroesofvintage.pl/,2,,Gdańsk,54.4500991,18.5669435
illegalbreaks,arts_and_entertainment,http://www.illegalbreaks.com/,2,,Gdańsk,54.4178085,18.4817125
Jeszcze Raz ,arts_and_entertainment,http://jeszczeraz.com.pl/,2,,Gdańsk,54.521564,18.5393736
Kino Letnie w Orłowie,arts_and_entertainment,http://www.kinoletnie.info/,,,Gdańsk,54.4756012,18.5623141
Klub Marynarki Wojennej,arts_and_entertainment,https://klubmw.wp.mil.pl/pl/,2,,Gdańsk,54.5161935,18.5476359
Konfederak Management,arts_and_entertainment,http://www.konfederakmanagement.pl,2,,Gdańsk,54.530489,18.455452
Kreatywnie,arts_and_entertainment,http://kreatywnie.gdansk.pl/,,,Gdańsk,54.3851171,18.5696263
Kultura ma wiele twarzy.,arts_and_entertainment,Ingen webbplats,,,Gdańsk,54.3488152,18.6466657
Kuna Spandor HQ,arts_and_entertainment,Ingen webbplats,2,,Gdańsk,54.350941,18.583359
Kwatera Główna,arts_and_entertainment,Ingen webbplats,2,,Gdańsk,54.5208904,18.526624
Łąka Studio,arts_and_entertainment,Ingen webbplats,,,Gdańsk,54.34193,18.66113
LeArt Studio,arts_and_entertainment,Ingen webbplats,,,Gdańsk,54.51774,18.53625
Liceum Sztuk Plastycznych im. J. Mydlarskiego w Gdańsku,arts_and_entertainment,http://plastyk.gda.pl/lsp/,2,,Gdańsk,54.40249,18.56089
Lilki Szpilki,arts_and_entertainment,http://lilkiszpilki.pl/,,,Gdańsk,54.5127417,18.5404537
Luks Sfera,arts_and_entertainment,https://www.instagram.com/luks.sfera/,,,Gdańsk,54.3651738,18.6483933
Malort,arts_and_entertainment,http://www.malortgdynia.pl/,,,Gdańsk,54.5402462,18.4606187
MBB Mietek Big Band,arts_and_entertainment,http://www.mietekbigband.pl/,2,,Gdańsk,54.2979399,18.6040247
MCA Europe Sp. z o.o.,arts_and_entertainment,http://www.mca-europe.com/,2,,Gdańsk,54.3976146,18.5794276
MOSt Vinyl Shop,arts_and_entertainment,Ingen webbplats,,,Gdańsk,54.5171045,18.5431619
NAGU,arts_and_entertainment,http://www.nagu.pl/,,,Gdańsk,54.3526586,18.6512646
Nibylandia,arts_and_entertainment,http://www.nibylandia-gdynia.pl/,,,Gdańsk,54.5378844,18.4698212
O81 Kolektyw,arts_and_entertainment,Ingen webbplats,,,Gdańsk,54.4774446,18.5526896
"Orłowo, Gdynia",arts_and_entertainment,Ingen webbplats,2,,Gdańsk,54.4836121,18.5502777
Plaża Stogi,arts_and_entertainment,http://www.plazastogi.pl/,2,,Gdańsk,54.3732813,18.7297718
Port morski Gdynia,arts_and_entertainment,http://www.port.gdynia.pl/a_index.php,2,,Gdańsk,54.5189613,18.5481776
Projekt Fan,arts_and_entertainment,Ingen webbplats,,,Gdańsk,54.3479996,18.6515007
Przygody Pana Dziobaka - Inspiracje dla Rodziców,arts_and_entertainment,https://odnowacentrum.pl/,2,,Gdańsk,54.36561,18.63059
Przystanek Skłodowska,arts_and_entertainment,https://www.youtube.com/c/PrzystanekSkłodowska,,,Gdańsk,54.3661,18.62777
Rajska Wyspa,arts_and_entertainment,Ingen webbplats,,,Gdańsk,54.3574677,18.6478252
Scena Karela Kryla pod egidą Degustatorni,arts_and_entertainment,Ingen webbplats,2,,Gdańsk,54.3541302,18.6596076
So So Ceramika,arts_and_entertainment,https://studiososo.pl/,,,Gdańsk,54.336702,18.620596
Sopocka Noc Kabaretu,arts_and_entertainment,http://trendybar.placeweb.site/,,,Gdańsk,54.4447452,18.5449176
Stowarzyszenie Laboratorium Sztuki,arts_and_entertainment,Ingen webbplats,,,Gdańsk,54.1602523,19.3942519
Studio Konsulat,arts_and_entertainment,https://www.gck.gdynia.pl/,,,Gdańsk,54.5232173,18.5379319
Studio Muzyczne Bezpresji,arts_and_entertainment,Ingen webbplats,,,Gdańsk,54.55604,18.48003
Świetlica Wiejska w Straszynie,arts_and_entertainment,Ingen webbplats,,,Gdańsk,54.2703494,18.5712504
Szpilkiwsypialni.pl | Sklep Online,arts_and_entertainment,https://szpilkiwsypialni.pl/,2,,Gdańsk,54.3562864,18.594966
Tajemniczy Las,arts_and_entertainment,http://www.tajemniczylas.pl/,,,Gdańsk,54.4297158,18.5260391
Teatr Na Wodzie,arts_and_entertainment,http://www.teatrnawodzie.pl/,,,Gdańsk,54.39927,18.57639
TERCJA Studio Friends,arts_and_entertainment,http://www.tercja.com.pl/,,,Gdańsk,54.353314,18.515316
Towarzystwo im. Fryderyka Chopina. Koło,arts_and_entertainment,https://tifc.chopin.pl/gdansk/#,,,Gdańsk,54.3575781,18.650642
Travel Show Estrada,arts_and_entertainment,http://www.travelshow.com.pl/,2,,Gdańsk,54.5316946,18.4926093
Tropical Club,arts_and_entertainment,http://www.konfederakmanagement.pl/,2,,Gdańsk,54.2720604,18.7769108
Tutti Szkoła Małych Artystów,arts_and_entertainment,http://www.tutti.edu.pl/,,,Gdańsk,54.2758426,18.5839824
Tworzywo Warsztaty Sztuk Plastycznych,arts_and_entertainment,https://ignatowicz-wisniewska.art/pl/pracownia-tworzywo,,,Gdańsk,54.2594078,18.6741529
Vanilla Custom Leather,arts_and_entertainment,http://vanillacustom.com/,2,,Gdańsk,54.3605524,18.6805351
Video Studio Gdańsk,arts_and_entertainment,http://www.videostudio.com.pl/,2,,Gdańsk,54.3539959,18.6590981
VIPband Polska,arts_and_entertainment,http://www.vipband.pl/,2,,Gdańsk,54.4982189,18.4957827
Visequence Mykhaylo Faydula,arts_and_entertainment,https://visequence.com/,2,,Gdańsk,54.34799,18.66067
VivaOliva,arts_and_entertainment,https://vivaoliva.com/,,,Gdańsk,54.4094459,18.5616564
Warsztaty Jubilerskie Gdańsk,arts_and_entertainment,http://www.kacpermichalski.com/,2,,Gdańsk,54.3623114,18.5662586
Whisky INDEX by Michal Cybulski,arts_and_entertainment,Ingen webbplats,2,,Gdańsk,54.39386,18.5689
White Noise Studio,arts_and_entertainment,http://whitenoisestudio.pl/,,,Gdańsk,54.5247184,18.5178053
Wieża Widokowa - Pachołek w Gdańsk Oliwa,arts_and_entertainment,Ingen webbplats,2,,Gdańsk,54.4065666,18.5540038
Willa,arts_and_entertainment,http://villasopot.com.pl/,2,,Gdańsk,54.4384566,18.5672773
Wolna Przestrzeń Warsztaty,arts_and_entertainment,http://morzeapartamenty.com.pl/wolna-przestrzen/,,,Gdańsk,54.4782547,18.556813
WRZEpracownia,arts_and_entertainment,Ingen webbplats,,,Gdańsk,54.3812072,18.5907984
Wzorowo Sznurki i Akcesoria,arts_and_entertainment,https://wzorowo.com.pl/,2,,Gdańsk,54.2135494,19.1156951
Zabawa Sportowa,arts_and_entertainment,http://www.zabawasportowa.pl/,2,,Gdańsk,54.5008278,18.4390912
Aleja Franciszka Mamuszki,attractions_and_activities,Ingen webbplats,2,,Gdańsk,54.449491,18.5623041
Bastion Żubr,attractions_and_activities,Ingen webbplats,2,,Gdańsk,54.3381604,18.6541432
Droga Królewska,attractions_and_activities,Ingen webbplats,2,,Gdańsk,54.3490209,18.6513787
Garncarska,attractions_and_activities,http://surfburger.pl/,2,,Gdańsk,54.3530857,18.6472021
Góra Donas,attractions_and_activities,http://pl.wikipedia.org/wiki/G%C3%B3ra_Donas,2,,Gdańsk,54.4694444,18.4372222
granica między Sopotem a Gdańskiem,attractions_and_activities,Ingen webbplats,2,,Gdańsk,54.4370797,18.5796631
Harcerski Ogródek Działkowy,attractions_and_activities,http://rodkonopnicka.pl/,2,,Gdańsk,54.3650708,18.7051034
Jagatówka,attractions_and_activities,http://www.jagatowka.com/,2,,Gdańsk,54.2150844,18.5272737
Łąki Rumia Janowo,attractions_and_activities,Ingen webbplats,2,,Gdańsk,54.5706016,18.418395
Las matemblewski,attractions_and_activities,Ingen webbplats,2,,Gdańsk,54.368693,18.587786
M&M's the Red Garden,attractions_and_activities,Ingen webbplats,2,,Gdańsk,54.3367844,18.5405655
Minipark Jaśkowy Zakątek,attractions_and_activities,Ingen webbplats,2,,Gdańsk,54.3698339,18.5963963
Na Skwerku,attractions_and_activities,Ingen webbplats,2,,Gdańsk,54.519081,18.548642
Najniższy Punkt w Polsce,attractions_and_activities,Ingen webbplats,2,,Gdańsk,54.1235021,19.381073
Obwodnica POŁUDNIOWA,attractions_and_activities,Ingen webbplats,2,,Gdańsk,54.2973501,18.6338022
"Ogród & Wielka Majówka - targi, wystawa, piknik rodzinny",attractions_and_activities,http://www.ogrod-gdynia.pl/,,,Gdańsk,54.4732,18.55584
Ogród Społeczny Wrzeszcz,attractions_and_activities,http://fundacjageneracja.pl,,,Gdańsk,54.3839868,18.616431
Ogrod z Elementami Sensorycznymi,attractions_and_activities,Ingen webbplats,,,Gdańsk,54.4140177,18.5686731
Otwarty Ogród Społeczny przy SP 23 w Gdyni,attractions_and_activities,http://sp23gdynia.pl/index.php/projekty-edukacyjne/otwarty-ogrod-spoleczny,,,Gdańsk,54.5177,18.5388
Park dworski im. ks. BRONISŁAWA KABATA,attractions_and_activities,Ingen webbplats,2,,Gdańsk,54.3431751,18.5547867
Park Herbstów,attractions_and_activities,Ingen webbplats,2,,Gdańsk,54.4393655,18.5653456
Park miejski,attractions_and_activities,Ingen webbplats,2,,Gdańsk,54.2581818,18.6376959
Park Na Zboczu,attractions_and_activities,Ingen webbplats,2,,Gdańsk,54.3464909,18.6078343
Park Oruński,attractions_and_activities,http://pl.wikipedia.org/wiki/Park_Oruński,,,Gdańsk,54.3219,18.6265
Park Siennicki,attractions_and_activities,Ingen webbplats,2,,Gdańsk,54.3497615,18.6708387
Park w Królewskiej Dolinie,attractions_and_activities,Ingen webbplats,2,,Gdańsk,54.3521,18.6487
Podleśna Polana,attractions_and_activities,Ingen webbplats,2,,Gdańsk,54.3752324,18.5937114
Polanka,attractions_and_activities,Ingen webbplats,2,,Gdańsk,54.576614,18.544553
Pomnik dr Stefana Michalaka,attractions_and_activities,Ingen webbplats,2,,Gdańsk,54.36614,18.62639
Promenada Brzeźno,attractions_and_activities,Ingen webbplats,2,,Gdańsk,54.4114058,18.6276993
R.O.D.O.S.,attractions_and_activities,Ingen webbplats,2,,Gdańsk,54.4345922,18.5374638
ROD Above Orania,attractions_and_activities,Ingen webbplats,2,,Gdańsk,54.3178391,18.6097236
Rod Im Mikolaja Reja,attractions_and_activities,http://www.rod-mikolajareja-gdynia.pl/,2,,Gdańsk,54.5594956,18.5282834
ROD im. A. Mickiewicza w Gdyni,attractions_and_activities,Ingen webbplats,2,,Gdańsk,54.4908607,18.5339539
ROD Im. A. Mickiewicza w Sopocie,attractions_and_activities,Ingen webbplats,2,,Gdańsk,54.4399907,18.5696731
Rodos Gdynia Oksywie,attractions_and_activities,Ingen webbplats,2,,Gdańsk,54.5594188,18.540257
Rodzinne Ogródki Działkowe,attractions_and_activities,Ingen webbplats,2,,Gdańsk,54.43077,18.5515
Rodzinny Ogrod Dzialkowy im. Miczurina,attractions_and_activities,Ingen webbplats,2,,Gdańsk,54.3578426,18.7209552
Rodzinny Ogród Działkowy Portowiec,attractions_and_activities,Ingen webbplats,2,,Gdańsk,54.4074993,18.4888124
Rodzinny Ogród Działkowy Trzy Nurty,attractions_and_activities,Ingen webbplats,2,,Gdańsk,54.3938169,18.4867364
Ścieżka Rowerowa na Babie Doły,attractions_and_activities,Ingen webbplats,2,,Gdańsk,54.5516706,18.5235169
Ścieżka rowerowa Sopot - Gdańsk,attractions_and_activities,Ingen webbplats,2,,Gdańsk,54.424905,18.5964618
Skwer Czesława Niemena,attractions_and_activities,Ingen webbplats,2,,Gdańsk,54.3521414,18.6446107
Skwer ks. J. Mowińskiego,attractions_and_activities,Ingen webbplats,2,,Gdańsk,54.4945242,18.5082433
Skwer Michała Urbanka,attractions_and_activities,Ingen webbplats,2,,Gdańsk,54.4388196,18.5600036
Skwer Stefana Żeromskiego,attractions_and_activities,Ingen webbplats,2,,Gdańsk,54.5190366,18.5419274
Srebrna,attractions_and_activities,http://www.srebrna.pl,2,,Gdańsk,54.314627,18.603303
Stara Oliwa,attractions_and_activities,Ingen webbplats,2,,Gdańsk,54.4068979,18.5661077
Stumilowy Las,attractions_and_activities,Ingen webbplats,2,,Gdańsk,54.3879821,18.5631982
Torpedownia Hexengrund Gdynia Babie Doły,attractions_and_activities,http://pl.wikipedia.org/wiki/Torpedownia,2,,Gdańsk,54.5850223,18.5414708
Trójmiejski Park Krajobrazowy w Gdyni,attractions_and_activities,Ingen webbplats,2,,Gdańsk,54.5249632,18.503221
Widok na Górnej,attractions_and_activities,Ingen webbplats,2,,Gdańsk,54.325383,18.627622
Wieckowskiego,attractions_and_activities,Ingen webbplats,2,,Gdańsk,54.3343011,18.6124889
Wielka Gwiazda,attractions_and_activities,Ingen webbplats,2,,Gdańsk,54.4458836,18.5241008
Wybieg Dla Psów,attractions_and_activities,Ingen webbplats,2,,Gdańsk,54.4319635,18.5786837
Zawisza Czarny,attractions_and_activities,www.cwm.zhp.pl,2,,Gdańsk,54.5206238,18.5498181
Zespół Parkowo-Pałacowy w Kolibkach,attractions_and_activities,Ingen webbplats,2,,Gdańsk,54.4723971,18.5571488
"Złota Karczma, Ogrodki Działkowe",attractions_and_activities,Ingen webbplats,2,,Gdańsk,54.3704944,18.5235817
Sopocki Dom Aukcyjny,auction_house,http://www.sda.pl,,,Gdańsk,54.4436625,18.5649735
Sopocki Dom Aukcyjny,auction_house,Ingen webbplats,,,Gdańsk,54.3495511,18.6482184
Sala im. Lecha Bądkowskiego,auditorium,Ingen webbplats,,,Gdańsk,54.3442656,18.6464948
Ambelucja,bookstore,http://www.ambelucja.pl/,,,Gdańsk,54.4381876,18.572742
Antykwariat Michał Z. Dankowski,bookstore,http://www.antykwariat-dankowski.pl/,,,Gdańsk,54.5646041,18.4112639
Antykwariat Rejs,bookstore,https://antykwariat-rejs.business.site/,,,Gdańsk,54.3533033,18.6486048
Antykwariat Remus Gdynia,bookstore,https://g.co/kgs/iaeePKL,,,Gdańsk,54.5199834,18.5388462
Ars Dewocjonalia,bookstore,http://www.arsdewocjonalia.pl/,,,Gdańsk,54.5196419,18.5348736
Braterska,bookstore,http://www.braterska.com/,,,Gdańsk,54.4163099,18.55806
Cafe Ksiegarnia Vademecum,bookstore,http://vademecumgdynia.org/,,,Gdańsk,54.5210114,18.5433557
Czec Książki i Upominki folk Kaszubskie,bookstore,http://www.czec.pl/,,,Gdańsk,54.4978822,18.5041367
Dom Książki,bookstore,Ingen webbplats,,,Gdańsk,54.3762191,18.614198
Eme's books Księgarnia Internetowa,bookstore,https://usborne.com/gb/sell-usborne-books/join?partnerCode=c3eb45054aa85bf2027d7a7d4902c22c&utm_source=Partner&utm_medium=Social,,,Gdańsk,54.45,18.5667
Empik,bookstore,http://www.empik.com,2,,Gdańsk,54.3815767,18.5996151
Empik,bookstore,http://www.empik.com,2,,Gdańsk,54.5150833,18.5404029
Fachowa.pl. Księgarnia budowlana,bookstore,http://www.fachowa.pl,,,Gdańsk,54.3899491,18.5877094
Firmin Księgarnia na Lawendowej | Gdansk,bookstore,http://ksiegarnia-firmin.pl/,,,Gdańsk,54.3522089,18.6527616
Gdańska Księgarnia Naukowa,bookstore,http://gkn24.pl,,,Gdańsk,54.3574706,18.6511322
Ichtis. Księgarnia katolicka,bookstore,http://www.ksiegarniaichtis.pl/,,,Gdańsk,54.3498495,18.6514389
In Love with Children's Books,bookstore,https://usborne.com/gb/?partnerCode=253bbbe846d4d11de2f6150ff5eba851&utm_campaign=in_love_with_children-s_books&utm_source=partner-store&utm_medium=link-share,,,Gdańsk,54.4154494,18.5626842
Książnica Polska Księgarnia Portowa,bookstore,https://ksiaznica.pl/,,,Gdańsk,54.5188298,18.5395201
Księgarnia BookBook Gdańsk-Brzeźno,bookstore,Ingen webbplats,,,Gdańsk,54.40674,18.63758
Księgarnia Chylonia,bookstore,https://www.skuppodrecznikowchylonia.pl/,,,Gdańsk,54.5418622,18.461968
Księgarnia Gdynia,bookstore,http://www.7plus24.pl/,,,Gdańsk,54.51787,18.54165
Księgarnia KOGA,bookstore,http://www.ksiegarniakoga.pl/,,,Gdańsk,54.518335,18.5428639
Księgarnia Koliber,bookstore,https://allegro.pl/uzytkownik/KoliberGdansk,,,Gdańsk,54.3697022,18.5044491
Księgarnia Książka dla Ciebie,bookstore,https://koalicjadlasopotu.pl/,,,Gdańsk,54.4446399,18.566095
Księgarnia Muza Wojciech Zieliński,bookstore,http://ksiegarniamuza.pl/,,,Gdańsk,54.3532093,18.6472166
Księgarnia Smak Słowa,bookstore,http://www.sklep.smakslowa.pl/,,,Gdańsk,54.4428801,18.5607393
Księgarnia św. Pawła,bookstore,http://www.ksiegarniaswpawla.pl/,,,Gdańsk,54.5175,18.5424893
Księgarnia Terapeutyczna,bookstore,http://terapeutyczna.pl/,,,Gdańsk,54.42299,18.45804
Księgarnia Trylogia,bookstore,Ingen webbplats,,,Gdańsk,54.3908208,18.610932
Księgarnia Włóczykij,bookstore,Ingen webbplats,,,Gdańsk,54.5165316,18.5414739
L&L Księgarnia internetowa,bookstore,http://ll.com.pl/,2,,Gdańsk,54.3693287,18.5025507
Mały Książek,bookstore,Ingen webbplats,,,Gdańsk,54.1725832,18.6933658
Marszruta.Pl Anetta Romańczuk,bookstore,http://www.marszruta.pl/pomoc.php?subject=11,,,Gdańsk,54.3765722,18.6106091
Medicon.pl,bookstore,http://www.medicon.pl/,2,,Gdańsk,54.34837,18.62627
MINTRA,bookstore,https://allegro.pl/uzytkownik/MintraPoland,,,Gdańsk,54.401057,18.5881507
Muza. Księgarnia,bookstore,http://www.muza.gda.pl,,,Gdańsk,54.3478422,18.6627475
Nasz-Sklep.net,bookstore,http://www.nasz-sklep.net/,2,,Gdańsk,54.36567,18.63464
Nowa Ewangelizacja Karolina Hermann,bookstore,http://www.nowa-ewangelizacja.pl/,2,,Gdańsk,54.4384638,18.5601856
NURTY - księgarnia IKM,bookstore,http://ikm.gda.pl/,,,Gdańsk,54.35079,18.64453
Polanglo,bookstore,http://www.polanglo.pl,,,Gdańsk,54.517191,18.541841
Red Bull MOBILE,bookstore,http://www.redbullmobile.pl/,2,,Gdańsk,54.502724,18.532607
Roza Wiatrow,bookstore,https://ksiaznica.pl/,,,Gdańsk,54.5211157,18.5359857
Sawart Gdansk,bookstore,Ingen webbplats,,,Gdańsk,54.3522045,18.6545684
Science Store Gdynia,bookstore,http://www.sciencestore.pl/,,,Gdańsk,54.4944257,18.5389594
Skup Sprzedaż Podręczników Skup u Radara,bookstore,http://www.skupuradara.pl/,2,,Gdańsk,54.381515,18.6003562
Sopocki Antykwariat,bookstore,http://cienwiatru-antykwariat.pl,,,Gdańsk,54.437971,18.5611212
Świat Książki,bookstore,http://www.swiatksiazki.pl/,2,,Gdańsk,54.3521467,18.5243956
Świat Książki,bookstore,http://www.swiatksiazki.pl/,2,,Gdańsk,54.3829572,18.6058359
Świat Książki,bookstore,http://www.swiatksiazki.pl/,2,,Gdańsk,54.4263722,18.490447
Świat Książki,bookstore,http://www.swiatksiazki.pl/,2,,Gdańsk,54.442446,18.563366
Świat Książki,bookstore,http://www.swiatksiazki.pl/,2,,Gdańsk,54.4095645,18.5925001
Tajne Komplety Gdańsk,bookstore,https://tajnekomplety.pl/,,,Gdańsk,54.3488031,18.6517717
Teresa Przybylska,bookstore,Ingen webbplats,,,Gdańsk,54.4343493,18.5610259
Virgin,bookstore,Ingen webbplats,,,Gdańsk,54.3818944,18.4659837
Wydawnictwo Marpress,bookstore,http://www.marpress.pl/,,,Gdańsk,54.3525643,18.6575161
Yatta.pl : sklep Gdańsk,bookstore,http://yatta.pl/,,,Gdańsk,54.3530884,18.6468906
FestEkipa,broadcasting_media_production,http://festekipa.pl/,2,,Gdańsk,54.37379,18.6099407
Highstory Studio. Filmy Reklamowe Gdańsk,broadcasting_media_production,http://www.highstory.pl/,2,,Gdańsk,54.3548926,18.5792177
Ikat Gazeta Braniewska,broadcasting_media_production,http://braniewo.wm.pl/,2,,Gdańsk,54.15893,19.39443
Lupus Multimedia,broadcasting_media_production,http://lupusmultimedia.pl/,2,,Gdańsk,54.4400508,18.5694469
Radio Kaszëbë,broadcasting_media_production,http://www.radiokaszebe.pl/,,,Gdańsk,54.5281812,18.5018831
Radio Spin,broadcasting_media_production,http://www.toksyna.fm/,,,Gdańsk,54.2702895,18.5710421
Stowarzyszenie Białorusinów na Pomorzu,broadcasting_media_production,http://Sbp-pomorze.com/,,,Gdańsk,54.4511885,18.5509983
Gdańska Karta Mieszkańca,childrens_museum,http://www.jestemzgdanska.pl/,2,,Gdańsk,54.381844,18.598239
ACK Alternator,cinema,http://www.ack.ug.edu.pl/,,,Gdańsk,54.39727,18.57322
BNP Paribas Kino Letnie,cinema,http://www.kinoletnie.pl/,,,Gdańsk,54.4452697,18.569261
Centrum Filmowe UG im. Andrzeja Wajdy,cinema,http://cf.ug.edu.pl/,,,Gdańsk,54.3971397,18.5744968
Cinemundo,cinema,Ingen webbplats,,,Gdańsk,54.30337,18.5393
DKF UG Miłość Blondynki,cinema,https://ekobilet.pl/ack,,,Gdańsk,54.397045,18.572012
Festiwal Filmow Fabularnych Gdynia,cinema,Ingen webbplats,2,,Gdańsk,54.51663,18.54248
Fitness Klub ZDROFIT Gdańsk - Morena,cinema,https://zdrofit.pl/kluby-fitness/gdansk-morena/,2,,Gdańsk,54.3526019,18.5939831
Gdyńskie Centrum Filmowe,cinema,https://gcf.org.pl/,,,Gdańsk,54.517138,18.5432513
Helios,cinema,http://www.heliosnet.pl,2,,Gdańsk,54.4042717,18.5874493
Hoolo.yourdreams,cinema,"https://www.google.com/maps/contrib/117002498607208291834/photos/@54.506132,18.531915,17z/data=!3m1!4b1!4m3!8m2!3m1!1e1",2,,Gdańsk,54.50271,18.53262
Kino 5D Extreme Gdańsk,cinema,http://www.kino5dextreme.pl/gdansk,2,,Gdańsk,54.4094279,18.5913634
Kino 7D Max,cinema,https://gdansk.kino-vr.pl/,2,,Gdańsk,54.3497339,18.6490584
Kino Cinema1 Gdańsk Morena,cinema,https://cinemaone.pl/,2,,Gdańsk,54.351763,18.593972
Kino gdańsk,cinema,Ingen webbplats,,,Gdańsk,54.4032697,18.5877978
Kino Helios,cinema,"https://www.helios.pl/49,Gdansk/StronaGlowna/",2,,Gdańsk,54.3828355,18.605943
Kino Helios,cinema,"https://www.helios.pl/2,Gdansk/StronaGlowna/",2,,Gdańsk,54.4043766,18.5880259
Kino Helios,cinema,"https://www.helios.pl/58,Gdansk/StronaGlowna/",2,,Gdańsk,54.3484415,18.6441101
Kino Helios Polska,cinema,"https://www.helios.pl/42,Gdynia/StronaGlowna/",2,,Gdańsk,54.5050197,18.5322156
Kino IKM,cinema,http://ikm.gda.pl/,,,Gdańsk,54.35079,18.64453
Kino Kameralne Cafe,cinema,https://www.kinokameralnecafe.pl/,,,Gdańsk,54.3494176,18.6508808
Kino Muzeum,cinema,https://muzeum1939.pl/kino-muzeum,,,Gdańsk,54.3559701,18.6609006
Kino na Bursztynowym Szlaku,cinema,https://ckis-pruszcz.bilety24.pl/,,,Gdańsk,54.2609696,18.6438432
Kino na Szekspirowskim,cinema,http://www.kinonaszekspirowskim.pl/,,,Gdańsk,54.3477703,18.6481767
Kino Samochodowe i Plenerowe Sopot,cinema,http://www.kinosopot.pl/,2,,Gdańsk,54.4433428,18.5486379
Kino Spektrum,cinema,Ingen webbplats,,,Gdańsk,54.35233,18.64721
Kino Studyjne W Gcf,cinema,Ingen webbplats,,,Gdańsk,54.5169524,18.5432966
Kino Teatr Grom,cinema,Ingen webbplats,,,Gdańsk,54.542219,18.546437
Kino w Cieplewie,cinema,http://www.oksibp.pruszczgda.pl/,2,,Gdańsk,54.230159,18.640969
Kino w domu Ból i blask pokazy online,cinema,http://www.klubzak.com.pl,2,,Gdańsk,54.386984,18.5920547
Kino Watra,cinema,www.domharcerza.pl,,,Gdańsk,54.3484557,18.6478489
Kino Za Rogiem Stegna,cinema,Ingen webbplats,,,Gdańsk,54.3266279,19.1142682
Kino Żuławy,cinema,http://www.kinozarogiem.pl/nasze-kina/249,,,Gdańsk,54.2134585,19.1132086
KinoPort,cinema,http://laznia.pl/kinoport/,,,Gdańsk,54.40005,18.6716
Klub 3 Flotylli Okrętów,cinema,Ingen webbplats,2,,Gdańsk,54.5420589,18.5465834
"Klub Filmowy ""Horyzont""",cinema,http://www.russcentrum.pl/pl_horyzont.html,,,Gdańsk,54.348773,18.651975
Mova Film,cinema,http://www.movafilm.com/,2,,Gdańsk,54.3472605,18.5296153
Multikino Gdańsk,cinema,http://multikino.pl/pl/wszystkie-kina/gdansk/o-kinie/,2,,Gdańsk,54.3720674,18.6272523
Multikino Gdynia,cinema,http://multikino.pl/,2,,Gdańsk,54.5198262,18.5480888
Multikino Sopot,cinema,Ingen webbplats,2,,Gdańsk,54.4452067,18.5677968
Nautilus Gdynia,cinema,http://batyskafnautilus.pl/,,,Gdańsk,54.5182823,18.5584617
Orange Kino Letnie W Sopocie,cinema,Ingen webbplats,2,,Gdańsk,54.4463302,18.5714715
Szortownia,cinema,http://szortownia.wordpress.com/,,,Gdańsk,54.4801243,18.5644698
Dwór Artusa,civilization_museum,http://www.mhmg.gda.pl/,,,Gdańsk,54.3487987,18.6534827
AleKreska.pl,comic_books_store,http://AleKreska.pl/,2,,Gdańsk,54.3275315,18.601851
Bookbook,comic_books_store,http://www.bookbook.pl/,2,,Gdańsk,54.212436,19.118359
Empik,comic_books_store,Ingen webbplats,2,,Gdańsk,54.4451729,18.5676756
Empik,comic_books_store,Ingen webbplats,2,,Gdańsk,54.5649424,18.5041638
Księgarnia Idea,comic_books_store,Ingen webbplats,,,Gdańsk,54.214125,19.1155935
Yatta.pl : sklep Elbląg,comic_books_store,http://Yatta.pl/,2,,Gdańsk,54.16074,19.39587
Centrum Informacji i Planowania Kariery Zawodowej,community_center,http://wupgdansk.praca.gov.pl/poradnictwo,2,,Gdańsk,54.3432378,18.6480664
Centrum Kultury,community_center,http://ck.morena.com.pl/,,,Gdańsk,54.3598612,18.5900827
Centrum Rozwoju Rodziny,community_center,http://centrumrozwojurodziny.blogspot.com/,,,Gdańsk,54.351604,18.638556
"Dom Kultury ""Janowo""",community_center,http://www.smj-rumia.pl,,,Gdańsk,54.56561,18.41778
"Dom Kultury S.M. ,,Młyniec",community_center,https://smmlyniec.pl/dom-kultury/,,,Gdańsk,54.3923172,18.5965638
Dzivne,community_center,https://www.instagram.com/dzivne?igsh=c2FpNmVvY2pzcmZx,,,Gdańsk,54.342488,18.661319
Gama Gdański Archipelag Kultury,community_center,http://gama.gak.gda.pl/,,,Gdańsk,54.3893068,18.6492493
Gdańsk Miasto Literatury,community_center,https://podcasters.spotify.com/pod/show/gdanskmiastoliteratury,,,Gdańsk,54.3487843,18.6518377
Gedanus Dzielnicowy Dom Kultury,community_center,Ingen webbplats,,,Gdańsk,54.3498908,18.6634827
Gminny Dom Kultury w Pierwoszynie,community_center,http://www.kosakowo.pl/rkis,2,,Gdańsk,54.59389,18.500178
Gminny Ośrodek Kultury w Stegnie,community_center,http://www.stegnagok.pl/,2,,Gdańsk,54.3266848,19.1141848
Gminny Ośrodek Pomocy Społecznej w Suchym Dębie,community_center,Ingen webbplats,2,,Gdańsk,54.2047622,18.7665806
Kaszubskie Forum Kultury,community_center,Ingen webbplats,,,Gdańsk,54.5082691,18.5474899
Klub bolek i lolek,community_center,https://www.przymorze.gda.pl/kluby-osiedlowe/bolek-i-lolek/,,,Gdańsk,54.4072037,18.596726
Młodzieżowy Dom Kultury,community_center,http://www.mdk.elblag.pl/,,,Gdańsk,54.1558189,19.3917385
Młodzieżowy Dom Kultury SOPOT,community_center,http://www.mdk.sopot.pl/,,,Gdańsk,54.4405275,18.5605067
Nowawarszawa,community_center,http://www.nowawarszawa.pl,,,Gdańsk,54.447601,18.568302
Nowostawskie Centrum Kultury i Biblioteki,community_center,http://nckibnowystaw.pl/index.php/kontakt-menu-item,,,Gdańsk,54.1366952,19.007846
O K S i B P,community_center,http://www.kulturatutaj.pl/,,,Gdańsk,54.230262,18.640864
Piwnica Kultury,community_center,Ingen webbplats,,,Gdańsk,54.3289799,19.1722637
Powiatowy Urząd Pracy w Nowym Dworze Gdańskim,community_center,http://nowydworgdanski.praca.gov.pl/,2,,Gdańsk,54.2115367,19.1101068
Pracownia Teatru i Teatru Ruchu w MDK Sopot ,community_center,http://mdk.sopot.pl/,,,Gdańsk,54.44034,18.56071
Projektornia Gdański Archipelag Kultury,community_center,https://gak.gda.pl/placowki/projektornia/,,,Gdańsk,54.4041255,18.6307874
Przedszkole Alternatywne Bose Stopy,community_center,http://bosestopy.com/,,,Gdańsk,54.4643505,18.4862785
Przystań Kajakowa Mokry Dwór,community_center,Ingen webbplats,,,Gdańsk,54.2938101,18.7162711
SAKiS,community_center,https://discord.gg/a6bKbw6u6k,,,Gdańsk,54.2709803,18.4679161
Stacja Orunia Gdański Archipelag Kultury,community_center,http://www.gak.gda.pl/,,,Gdańsk,54.3255078,18.6340997
Stowarzyszenie Aktywne Kosakowo,community_center,https://aktywnekosakowo.pl/,,,Gdańsk,54.5861087,18.4928418
Straż Miejska w Sopocie. Dyżurka,community_center,https://bip.sopot.pl/,,,Gdańsk,54.4400544,18.5648134
Wojewódzki Urząd Ochrony Zabytków,community_center,https://www.ochronazabytkow.gda.pl/konserwator-zabytkow/,,,Gdańsk,54.3593694,18.6454365
Wyspa Skarbów,community_center,http://www.wyspaskarbow.gak.gda.pl/,,,Gdańsk,54.3444146,18.8286855
Żuławski Ośrodek Kultury,community_center,http://www.zok.zokndg.webd.pro/,,,Gdańsk,54.2133657,19.112937
European Solidarity Centre,community_museum,http://www.ecs.gda.pl,,,Gdańsk,54.361024,18.649357
Solidarność Codziennie ECS,community_museum,http://ecs.gda.pl/codziennie,,,Gdańsk,54.36135,18.64939
"1 Gdyńska Gromada Zuchów ""Rycerze z Kamiennej Góry""",community_services_non_profits,http://rycerze.zhr.pl/,2,,Gdańsk,54.511452,18.545342
"11 Nowodworska Drużyna Harcerska ""PŁOMIENIE""",community_services_non_profits,Ingen webbplats,2,,Gdańsk,54.21241,19.11751
"11 Trąbkowska Drużyna Harcerska ""Cegły"" im. Anny Burdówny",community_services_non_profits,https://instagram.com/11gdsh_cegly?igshid=o5dvulo2sltw,2,,Gdańsk,54.17239,18.53918
"18 Gdańska Drużyna Harcerska ""Czarni"" im. Zawiszy Czarnego z Garbowa",community_services_non_profits,Ingen webbplats,2,,Gdańsk,54.33996,18.5084
"21 GDH ""Elizjum""",community_services_non_profits,http://www.21gdh.blogspot.com/,2,,Gdańsk,54.52206,18.54451
"23 GDSH ""Wrota"" im. kmdr. Bolesława Romanowskiego",community_services_non_profits,Ingen webbplats,2,,Gdańsk,54.5480284,18.4470841
"33 Drużyna Harcerska ""Włóczykije""",community_services_non_profits,Ingen webbplats,2,,Gdańsk,54.4212088,18.4795852
"44 Gdańska Gromada Zuchowa ""Magiczne Sówki""",community_services_non_profits,https://gdanskwrzeszczoliwa.zhp.pl/pl/jednostki,2,,Gdańsk,54.38629,18.61187
"50 Wodna Gdyńska Gromada Zuchowa ""Zefirki""",community_services_non_profits,http://50wggzzefirki.blogspot.com/,2,,Gdańsk,54.4943344,18.5101397
"7 Rumska Drużyna Harcerzy ""Essentia""",community_services_non_profits,http://www.flickr.com/photos/146546298@N06/albums,2,,Gdańsk,54.5787732,18.4003142
70 Sopocka Drużyna Harcerzy im. Zawiszy Czarnego herbu Sulima,community_services_non_profits,https://70sopocka.zhr.pl/,2,,Gdańsk,54.4383323,18.5520194
"77 WDH im.""Harcerskiego Batalionu Szturmowego Zośka""",community_services_non_profits,Ingen webbplats,2,,Gdańsk,54.2465052,18.6313685
"7GDH ""Wilki""",community_services_non_profits,Ingen webbplats,2,,Gdańsk,54.5481448,18.446418
"97gdh+2 ""Związek Koniczyn""",community_services_non_profits,Ingen webbplats,2,,Gdańsk,54.3140725,18.60168
Abraham Cami - Mosque,community_services_non_profits,Ingen webbplats,,,Gdańsk,54.3909895,18.5725126
Adapa,community_services_non_profits,http://www.fundacjaadapa.pl/,,,Gdańsk,54.4986656,18.5409946
Aikido Gdynia Ikigai Dojo,community_services_non_profits,Ingen webbplats,2,,Gdańsk,54.553328,18.502972
Akademia Gastronomiczna w Polsce,community_services_non_profits,http://akademiagastronomiczna.org.pl/,2,,Gdańsk,54.3763052,18.593884
Alpha  Gdańsk - Łostowice,community_services_non_profits,http://www.kursalpha.eu/,,,Gdańsk,54.32025,18.59677
Alternatywy 5,community_services_non_profits,Ingen webbplats,,,Gdańsk,54.4606767,18.54967
Amazonki Gdanskie,community_services_non_profits,http://www.amazonki.gdansk.pl/,2,,Gdańsk,54.3728485,18.6199894
Automobilklub Morski,community_services_non_profits,http://www.akmorski.org.pl/,2,,Gdańsk,54.5114925,18.5453424
Azyl Dla Koni,community_services_non_profits,Ingen webbplats,2,,Gdańsk,54.2141242,19.3544315
Baba z Wrzeszcza,community_services_non_profits,http://4fund.com/z/babowoz,,,Gdańsk,54.3741765,18.603349
Bałtyckie Centrum Leczenia Oparzeń,community_services_non_profits,http://oparzenia-bclo.pl,2,,Gdańsk,54.3657225,18.6244208
Bałtyckie Stowarzyszenie Tłumaczy,community_services_non_profits,https://bst.org.pl/,2,,Gdańsk,54.469042,18.503492
Bank Żywności w Trójmieście,community_services_non_profits,http://www.bztrojmiasto.pl/,2,,Gdańsk,54.4066565,18.6266548
Bardziej,community_services_non_profits,http://bardziej.org/,,,Gdańsk,54.3503482,18.6536561
Bazarek Bursztynek,community_services_non_profits,Ingen webbplats,2,,Gdańsk,54.54934,18.54838
BEST Gdańsk,community_services_non_profits,http://www.best.gdansk.pl/,2,,Gdańsk,54.3707158,18.6148752
Between Pomiędzy,community_services_non_profits,https://between.org.pl/,,,Gdańsk,54.4448634,18.559554
Biuro Porad Obywatelskich Stowarzyszenia Razem,community_services_non_profits,https://ovum.org.pl/biuro-porad-obywatelskich-w-gdyni,2,,Gdańsk,54.5119374,18.5380954
Biuro prezydenta Lecha Wałęsy,community_services_non_profits,http://www.ilw.org.pl/,2,,Gdańsk,54.3612326,18.6493766
Biuro Zarządu Regionu Pomorskiego PO,community_services_non_profits,www.gdansk.pl/budzet-obywatelski,2,,Gdańsk,54.3772699,18.6068514
Blokfit Boulder Center,community_services_non_profits,Ingen webbplats,2,,Gdańsk,54.3807,18.58645
Brahma Kumaris Gdansk,community_services_non_profits,http://www.brahmakumaris.pl/,,,Gdańsk,54.3747042,18.6193957
Budżet Obywatelski Gdynia,community_services_non_profits,http://www.bo.gdynia.pl/,2,,Gdańsk,54.52233,18.54494
Cafe Racer Club Poland,community_services_non_profits,http://www.crcp.pl/,,,Gdańsk,54.43942,18.45979
CARITAS Archidiecezji Gdańskiej,community_services_non_profits,http://www.caritas.gda.pl/,2,,Gdańsk,54.4420422,18.5594001
Centrum Integracja Gdynia,community_services_non_profits,http://www.integracja.org/,,,Gdańsk,54.511738,18.538412
Centrum Integracji Na Górce,community_services_non_profits,http://www.u-pallotynek.pl/centrum-integracji-na-gorce-24428/misja-centrum-integracji-24429,,,Gdańsk,54.3488143,18.6328971
Centrum Integracji Społecznej w Gdańsku TPBA koło Gdańskie,community_services_non_profits,http://www.bezdomnosc.org.pl/,,,Gdańsk,54.4012108,18.6730995
Centrum Integracji Społecznej w Gdyni TPBA Koło Gdańskie,community_services_non_profits,http://bezdomnosc.org.pl/index.php/cis-gdynia,,,Gdańsk,54.539797,18.504053
Centrum Integracji Społecznej w Sopocie - TPBA Koło Gdańskie,community_services_non_profits,http://bezdomnosc.org.pl/index.php/punkt-sopot,,,Gdańsk,54.454655,18.558071
Centrum Pomocy Migrantom i Uchodźcom Caritas,community_services_non_profits,https://www.caritas.gda.pl/pomoc-dla-uchodzcow-z-ukrainy-2/,,,Gdańsk,54.3798567,18.5980158
Centrum Praw Kobiet w Gdańsku,community_services_non_profits,http://www.cpk.org.pl/,,,Gdańsk,54.360702,18.6448538
Centrum Rozwoju Talentów,community_services_non_profits,https://edumapa.com/,,,Gdańsk,54.4032801,18.5715669
Centrum Wolontariatu Caritas,community_services_non_profits,https://www.caritas.gda.pl/placowki-cag/wolontariat/,,,Gdańsk,54.3797227,18.5982628
Centrum Wsparcia Imigrantów i Imigrantek,community_services_non_profits,http://cwii.pl/,,,Gdańsk,54.3607071,18.6448512
Chummy House,community_services_non_profits,https://www.chummyhouse.pl/,,,Gdańsk,54.4387055,18.5650713
Cisza,community_services_non_profits,Ingen webbplats,,,Gdańsk,54.5516081,18.5030264
Citizen Project. Fundacja,community_services_non_profits,https://foundationcitizenproject.wordpress.com/,2,,Gdańsk,54.3458329,18.660864
Civitas Christiana,community_services_non_profits,http://www.pomorski.civitaschristiana.pl/,2,,Gdańsk,54.3515788,18.6387192
Dar Serca,community_services_non_profits,http://www.fundacjadarserca.org/,2,,Gdańsk,54.4993128,18.5159658
Dawca.pl - Bądź świadomym dawcą narządów,community_services_non_profits,http://www.dawca.pl/,2,,Gdańsk,54.36074,18.62301
DDP OSP PKM Gdynia,community_services_non_profits,https://linktr.ee/osppkmgdynia,2,,Gdańsk,54.4713843,18.4609956
Deptak Wajdeloty,community_services_non_profits,http://www.wajdeloty.org,2,,Gdańsk,54.3817539,18.6104857
Diakonia Życia Archidiecezji Gdańskiej,community_services_non_profits,http://www.gdansk.oaza.pl/,2,,Gdańsk,54.3862897,18.61306
DKF Kurort,community_services_non_profits,http://www.dkfkurort.pl/,,,Gdańsk,54.4439512,18.5677891
Dogtor. Fundacja,community_services_non_profits,http://www.dogtor.org.pl/,,,Gdańsk,54.5197332,18.528902
Dolnowrzeszczańska Lodówka Społeczna,community_services_non_profits,Ingen webbplats,2,,Gdańsk,54.38292,18.61889
Dom na Skraju,community_services_non_profits,http://domnaskraju.pl/,,,Gdańsk,54.3991828,18.6733042
Dom Pojednania i Spotkań św. Maksymiliana Kolbe,community_services_non_profits,http://www.dmk.pl/,,,Gdańsk,54.3460134,18.6475129
Dom Pomocy Społecznej w Sopocie i Sopockie Centrum Seniora,community_services_non_profits,http://dpssopot.pl/,,,Gdańsk,54.4389,18.54695
Dom Sąsiedzki Jaśkowa,community_services_non_profits,http://morena.org.pl/brand/dom-sasiedzki-jaskowa7/,,,Gdańsk,54.3764866,18.6071304
Dom Sąsiedzki na Osieku,community_services_non_profits,http://fisk-forum.org.pl/,,,Gdańsk,54.3559097,18.6543961
Duszpasterstwo Akademickie Winnica,community_services_non_profits,https://dawinnica.pl/,,,Gdańsk,54.3834143,18.6231021
Dziecko w rozwodzie,community_services_non_profits,https://dzieckowrozwodzie.pl/,2,,Gdańsk,54.379552,18.606903
Elbląski Klaster Turystyczny,community_services_non_profits,http://www.klasterturystyczny.elblag.pl/,2,,Gdańsk,54.1585319,19.3993938
Elbląski Okręgowy Związek Żeglarski,community_services_non_profits,http://www.eozz-elblag.pl/,2,,Gdańsk,54.1748765,19.385745
Elbląskie Towarzystwo Kulturalne,community_services_non_profits,http://www.etk.elblag.pl/,,,Gdańsk,54.1606693,19.3921409
eMBi Crew,community_services_non_profits,Ingen webbplats,2,,Gdańsk,54.565763,18.417611
Equal Sign,community_services_non_profits,Ingen webbplats,2,,Gdańsk,54.3821818,18.6160151
ESN 3city,community_services_non_profits,https://3city.esn.pl/en,2,,Gdańsk,54.4440669,18.556787
ESTIEM LG Gdansk,community_services_non_profits,http://www.estiem.pl,2,,Gdańsk,54.370777,18.615023
euro26.pl,community_services_non_profits,http://www.euro26.pl/,2,,Gdańsk,54.41069,18.56733
Europe Direct Gdańsk,community_services_non_profits,https://morena.org.pl/nasze-marki/36/europe-direct-gdansk,2,,Gdańsk,54.3765175,18.610581
European Foresight Institute,community_services_non_profits,http://efi.com.pl/,2,,Gdańsk,54.375169,18.619883
Europejskie Stowarzyszenie Studentów Prawa ELSA,community_services_non_profits,http://www.rsswpia.ug.edu.pl/,2,,Gdańsk,54.397747,18.5728752
Fab Lab Trójmiasto,community_services_non_profits,http://www.FabLabT.org/,,,Gdańsk,54.4736162,18.5575118
"Forum Dialogu i Współpracy ""Energia i Samorządność""",community_services_non_profits,http://www.energetyka.gpnt.pl/,,,Gdańsk,54.35476,18.5935
Forum Kobiet Sportu,community_services_non_profits,Ingen webbplats,2,,Gdańsk,54.3439755,18.639949
FRAG,community_services_non_profits,https://frag.org.pl/,,,Gdańsk,54.34853,18.64952
Friendship Without Borders Foundation,community_services_non_profits,Ingen webbplats,,,Gdańsk,54.4112213,18.569192
"Fundacja ""Grosik od serca"" - Zwierzakom",community_services_non_profits,http://www.grosikodserca.pl/,2,,Gdańsk,54.52279,18.54252
"Fundacja ""Pokonaj raka""",community_services_non_profits,http://www.pokonajraka.com/,2,,Gdańsk,54.4964832,18.5416542
"Fundacja ""Pomóż i Ty""",community_services_non_profits,http://www.pomozity.org/,2,,Gdańsk,54.4815046,18.5302646
"Fundacja ""Tworzyć Miłością""",community_services_non_profits,http://fundacjatm.pl/,2,,Gdańsk,54.3460531,18.6475396
Fundacja 4x7,community_services_non_profits,http://www.rokor1.pl/,2,,Gdańsk,54.5468499,18.4402654
Fundacja Adaptacja,community_services_non_profits,http://www.adaptacja.info/,2,,Gdańsk,54.5479365,18.4481903
Fundacja Afryka,community_services_non_profits,http://www.fundacjaafryka.pl/,2,,Gdańsk,54.5295892,18.5422691
Fundacja Amber Seaside,community_services_non_profits,https://amberseaside.pl/,,,Gdańsk,54.3471752,18.6598375
"Fundacja Archiwum Filmowe ""Drogi do niepodległości""",community_services_non_profits,http://www.archiwumfilmowe.pl/,,,Gdańsk,54.35434,18.65772
Fundacja Baksztag,community_services_non_profits,http://fundacjabaksztag.pl/,,,Gdańsk,54.3484565,18.6541867
Fundacja Bochińskich,community_services_non_profits,https://fundacjabochinskich.org/,2,,Gdańsk,54.492653,18.5395932
Fundacja BoFolk,community_services_non_profits,https://www.instagram.com/bofolk_foundation?igsh=MWZnYmI1M2NqZnplag%3D%3D,,,Gdańsk,54.361634,18.648013
Fundacja Centrum Solidarności,community_services_non_profits,http://www.solidarnosc.org.pl/,,,Gdańsk,54.3580234,18.6473663
Fundacja Cudow Szafa,community_services_non_profits,http://www.fundacjaszafa.pl/,2,,Gdańsk,54.3593086,18.586559
Fundacja Człowiek w Kulturze,community_services_non_profits,Ingen webbplats,,,Gdańsk,54.4457447,18.5678104
Fundacja Dbam O Mój Zasięg,community_services_non_profits,http://www.dbamomojzasieg.com/,2,,Gdańsk,54.4014309,18.6574298
Fundacja diversityPL,community_services_non_profits,http://www.diversitypl.org/,,,Gdańsk,54.4300167,18.5612721
"Fundacja dla Dziecka i Rodziny ""WSCHODZĄCE SŁOŃCE""",community_services_non_profits,http://www.wschodzaceslonce.org.pl/,2,,Gdańsk,54.3752,18.61982
Fundacja Dobroczyńca,community_services_non_profits,http://www.fundacjadobroczynca.pl/,2,,Gdańsk,54.5629357,18.4084258
Fundacja Dom Otwartych Serc,community_services_non_profits,http://domotwartychserc.org/,2,,Gdańsk,54.4771267,18.5526802
Fundacja Dom Rain Mana KRS 0000243408,community_services_non_profits,https://www.domrainmana.pl/,2,,Gdańsk,54.4570055,18.5391117
Fundacja Druga Szansa,community_services_non_profits,Ingen webbplats,2,,Gdańsk,54.5447163,18.4630254
Fundacja Edukacyjna Oditk,community_services_non_profits,http://www.fundacjaedukacyjnaoditk.pl/,2,,Gdańsk,54.3565831,18.6501563
Fundacja Efekt Motyla,community_services_non_profits,https://www.efektmotyla.ngo/,2,,Gdańsk,54.4814409,18.5302356
Fundacja Ekometropolia,community_services_non_profits,http://www.ekometropolia.pl,,,Gdańsk,54.39092,18.61762
Fundacja FASCYNACJE,community_services_non_profits,https://www.fundacjafascynacje.pl/,,,Gdańsk,54.3762716,18.6150066
Fundacja Feniksa,community_services_non_profits,Ingen webbplats,,,Gdańsk,54.35311,18.65106
Fundacja Fly,community_services_non_profits,http://fundacjafly.pl/,,,Gdańsk,54.518049,18.5417244
Fundacja Gdańska,community_services_non_profits,http://www.fundacjagdanska.pl/,,,Gdańsk,54.3485167,18.6559316
Fundacja Gdyński Most Nadziei,community_services_non_profits,http://www.mostnadziei.pl/,,,Gdańsk,54.5109202,18.5377367
Fundacja Generacja,community_services_non_profits,http://fundacjageneracja.pl/,,,Gdańsk,54.3880035,18.5726718
Fundacja Global Wave,community_services_non_profits,https://web.facebook.com/GlobalWaveFoundation,,,Gdańsk,54.1558287,19.3919658
Fundacja Gospodarcza,community_services_non_profits,http://www.fundacjagospodarcza.pl/,2,,Gdańsk,54.4964945,18.5307689
Fundacja Grupy Ergo Hestia Integralia,community_services_non_profits,http://integralia.pl/,,,Gdańsk,54.4310028,18.5862969
Fundacja Harcerstwa CWM ZHP,community_services_non_profits,http://www.cwm.edu.pl/,2,,Gdańsk,54.5183604,18.5528845
Fundacja im. J. Kaczmarskiego,community_services_non_profits,http://www.fundacja-kaczmarski.org/,2,,Gdańsk,54.4238399,18.4629253
Fundacja im. Ks. Jana Kaczkowskiego,community_services_non_profits,http://fundacjakaczkowskiego.org/,,,Gdańsk,54.4401008,18.570276
Fundacja Imienia Ireny Aleksandrowicz,community_services_non_profits,http://fia.org.pl/,,,Gdańsk,54.4142474,18.5839738
Fundacja Impuls,community_services_non_profits,http://impuls.org.pl/,2,,Gdańsk,54.4096491,18.5768548
Fundacja Incensum,community_services_non_profits,Ingen webbplats,2,,Gdańsk,54.17458,18.69765
Fundacja Indigena,community_services_non_profits,http://www.indigena.pl/,2,,Gdańsk,54.3825643,18.5810463
Fundacja Inicjatyw Społecznie Odpowiedzialnych,community_services_non_profits,http://www.fiso.org.pl/,,,Gdańsk,54.3607023,18.6448531
Fundacja Inicjatyw Społeczno - Kulturalnych FORUM,community_services_non_profits,http://www.fisk-forum.org.pl/,,,Gdańsk,54.3479456,18.6506879
Fundacja Inspirujące Przykłady,community_services_non_profits,http://www.inspirujaceprzyklady.org.pl/,2,,Gdańsk,54.4027692,18.57153
Fundacja Invivo,community_services_non_profits,http://www.invivo.gda.pl/,,,Gdańsk,54.39637,18.5699
Fundacja Jack Strong,community_services_non_profits,http://jackstrong.org.pl/,,,Gdańsk,54.3583683,18.7789402
Fundacja Jeppesena,community_services_non_profits,http://fundacjajeppesena.org/,2,,Gdańsk,54.405136,18.5774641
Fundacja JohnnyBros,community_services_non_profits,https://www.johnnybros.org/,,,Gdańsk,54.3524756,18.6383605
"Fundacja KIWI - Kreatywność, Inicjatywa, Wielokulturowość, Integracja",community_services_non_profits,http://fundacjakiwi.pl/,,,Gdańsk,54.25517,18.63189
Fundacja KOTangens,community_services_non_profits,http://www.kotangens.org/,,,Gdańsk,54.3474644,18.653358
Fundacja Kotikowo,community_services_non_profits,http://www.kotikowo.pl/,2,,Gdańsk,54.3740544,18.6176319
Fundacja Kreska im. Janusza Christy,community_services_non_profits,https://www.fundacjakreska.pl/,,,Gdańsk,54.3775389,18.6072639
Fundacja Krok Przed Rakiem,community_services_non_profits,http://www.krokprzedrakiem.com.pl/,2,,Gdańsk,54.3774918,18.5261561
Fundacja Kultury Zbliżenia,community_services_non_profits,http://www.fkz.org.pl/,,,Gdańsk,54.3780221,18.6053655
Fundacja Lahor,community_services_non_profits,http://fundacjapolanki.pl/,,,Gdańsk,54.348138,18.6499398
Fundacja Leny Grochowskiej,community_services_non_profits,http://www.fundacjalenygrochowskiej.pl/,,,Gdańsk,54.3400474,18.6602509
Fundacja Maja,community_services_non_profits,Ingen webbplats,,,Gdańsk,54.3689939,18.4600839
Fundacja MAMY Rumianki,community_services_non_profits,Ingen webbplats,2,,Gdańsk,54.56558,18.41776
Fundacja Marka Kamińskiego,community_services_non_profits,http://www.opiekadlaseniora.info/,,,Gdańsk,54.375082,18.6197241
Fundacja Mocarzy,community_services_non_profits,http://www.mocarze.org.pl/,,,Gdańsk,54.32062,18.57396
Fundacja Mój Kącik,community_services_non_profits,https://fundacja-mojkacik.pl/,,,Gdańsk,54.261168,18.6378311
"Fundacja Moja głowa, moja decyzja",community_services_non_profits,Ingen webbplats,2,,Gdańsk,54.47328,18.51815
Fundacja Mosty,community_services_non_profits,https://www.centrumosty.pl/fundacja-mosty/,2,,Gdańsk,54.36395,18.6373
Fundacja Motocyklowe Nadzieje,community_services_non_profits,http://na-plus.pl,2,,Gdańsk,54.5235598,18.5428619
Fundacja Mu,community_services_non_profits,http://www.dosc.info/,2,,Gdańsk,54.54995,18.53907
Fundacja Nasz Przyjazny Dom,community_services_non_profits,https://npd.org.pl/,2,,Gdańsk,54.4387167,18.5650668
Fundacja NOVA,community_services_non_profits,http://www.fundacjanova.org.pl/,2,,Gdańsk,54.3447402,18.6234559
Fundacja Nubia,community_services_non_profits,http://www.fundacja-nubia.com.pl/,2,,Gdańsk,54.5605065,18.4091438
Fundacja Obok Ciebie,community_services_non_profits,http://fundacjaobokciebie.com/,2,,Gdańsk,54.346434,18.6460925
Fundacja Obrony Wolności Słowa,community_services_non_profits,http://wolnoscslowa.org/,2,,Gdańsk,54.4409385,18.557355
Fundacja Obudź Nadzieję,community_services_non_profits,http://www.obudznadzieje.pl/,2,,Gdańsk,54.3225701,18.6313871
Fundacja OmeaLife,community_services_non_profits,http://omealife.pl/,2,,Gdańsk,54.3769997,18.6118809
Fundacja Oparcia Spolecznego Aleksandry Fosa,community_services_non_profits,http://www.fundacjafosa.pl/,2,,Gdańsk,54.3860339,18.5812963
Fundacja Plaster,community_services_non_profits,http://fundacjaplaster.org.pl/,2,,Gdańsk,54.3387464,18.5665425
Fundacja Poczuj,community_services_non_profits,Ingen webbplats,2,,Gdańsk,54.43688,18.55681
Fundacja Pomagamy Nie Ziewamy,community_services_non_profits,http://pomagamynieziewamy.pl/,2,,Gdańsk,54.3475377,18.655264
Fundacja Pomoc ofiarom wypadków komunikacyjnych,community_services_non_profits,http://fundacjapowk.org/,2,,Gdańsk,54.3834798,18.6186061
Fundacja Pomorski Dom Nadziei,community_services_non_profits,http://www.pomorskidomnadziei.pl/,2,,Gdańsk,54.3915913,18.5775975
Fundacja Pomoz Zobaczyc Swiat,community_services_non_profits,http://zobaczycswiat.pl/,2,,Gdańsk,54.5492587,18.4346751
Fundacja Poszukiwacze.org,community_services_non_profits,http://www.poszukiwacze.org/,,,Gdańsk,54.3477,18.65143
Fundacja Pro Bono Societas,community_services_non_profits,https://www.kalamo.pl/dzialania-spoleczne/,,,Gdańsk,54.4996395,18.5469837
Fundacja Projekt 22,community_services_non_profits,http://www.fundacjaprojekt22.pl/,2,,Gdańsk,54.4186303,18.5665512
Fundacja Prosto z Serca,community_services_non_profits,Ingen webbplats,2,,Gdańsk,54.4701756,18.4670296
Fundacja Przyjaciół Wyzszego Seminarium Duchownego Diecezji Elbląskiej Amicus,community_services_non_profits,https://youtube.com/@wyzszeseminariumduchownedi2287,2,,Gdańsk,54.1645802,19.3977647
Fundacja PSC,community_services_non_profits,http://www.fundacjapsc.pl/,2,,Gdańsk,54.528181,18.5030396
FUNDACJA R,community_services_non_profits,Ingen webbplats,2,,Gdańsk,54.5201481,18.5377871
Fundacja Raj Dla Zwierząt,community_services_non_profits,Ingen webbplats,2,,Gdańsk,54.32559,19.11856
Fundacja Rodzinny Gdańsk,community_services_non_profits,http://www.rodzinnygdansk.pl/,2,,Gdańsk,54.3348503,18.6535281
Fundacja Rozwoju Integracji Społecznej Akces,community_services_non_profits,http://frisakces.org/,,,Gdańsk,54.3210496,18.6296541
Fundacja Rozwoju Nauki i Gospodarki Lilavati,community_services_non_profits,http://fundacjalilavati.pl/,2,,Gdańsk,54.3509615,18.5627007
Fundacja Rozwoju Uniwersytetu Gdańskiego,community_services_non_profits,http://www.frug.ug.edu.pl/,,,Gdańsk,54.3997189,18.5688771
Fundacja Sar & Work Dogs,community_services_non_profits,Ingen webbplats,2,,Gdańsk,54.5284632,18.4952062
Fundacja SŁOWO,community_services_non_profits,http://www.fundacjaslowo.pl/,,,Gdańsk,54.573536,18.400182
Fundacja Społecznie Bezpieczni,community_services_non_profits,http://www.czystedzwieki.pl/,2,,Gdańsk,54.4012124,18.6730978
Fundacja Sport na Zdrowie,community_services_non_profits,https://sportnazdrowie.org/,2,,Gdańsk,54.43313,18.585
Fundacja Sportu Pozytywnego,community_services_non_profits,http://fundacjasportupozytywnego.pl/,2,,Gdańsk,54.5217677,18.5459431
Fundacja Sprawni Inaczej,community_services_non_profits,https://fsi.gda.pl/,2,,Gdańsk,54.4098023,18.6316976
Fundacja Świadomi Wolni Obywatele,community_services_non_profits,Ingen webbplats,2,,Gdańsk,54.3522667,18.653293
Fundacja Tańcz,community_services_non_profits,http://fundacjatancz.org/,2,,Gdańsk,54.4289528,18.4761037
Fundacja Teatru Snów,community_services_non_profits,http://www.fundacjats.pl/,,,Gdańsk,54.3595559,18.5858712
Fundacja Transplantacja LIVERstrong,community_services_non_profits,Ingen webbplats,2,,Gdańsk,54.32922,18.5998
"Fundacja Unii Kredytowych ""Via Stella""",community_services_non_profits,https://www.viastella.pl/,2,,Gdańsk,54.43561,18.56853
Fundacja Widzialne,community_services_non_profits,https://www.widzialne.com.pl/,2,,Gdańsk,54.3610118,18.6493686
Fundacja Więcej niż Polska,community_services_non_profits,http://www.wiecejnizpolska.pl/,2,,Gdańsk,54.3883403,18.6066255
Fundacja Wróć,community_services_non_profits,http://www.fundacjawroc.pl/,2,,Gdańsk,54.3331408,19.0505641
"Fundacja Wsparcia Osób z Zaburzeniami Komunikacji ""Między Słowami""",community_services_non_profits,http://www.miedzy-slowami.org.pl/,2,,Gdańsk,54.511843,18.5379685
Fundacja Wyspa Progress,community_services_non_profits,http://www.wyspaart.pl/,,,Gdańsk,54.332147,18.9172052
Fundacja Zbieramy Razem - KRS 0000 518 797 - Pomagamy Razem,community_services_non_profits,https://zbieramyrazem.org/,2,,Gdańsk,54.4843608,18.5372186
Fundacja Złote Skrzydła,community_services_non_profits,http://www.zloteskrzydla.org/,,,Gdańsk,54.2920775,18.4275296
Fusion Gdańsk,community_services_non_profits,Ingen webbplats,2,,Gdańsk,54.41285,18.58949
Gaudium Vitae,community_services_non_profits,http://www.gaudium-vitae.eu/index.html,2,,Gdańsk,54.5155907,18.5254993
Gdańsk Foundation for Care and Development,community_services_non_profits,http://www.gftr.pl/,2,,Gdańsk,54.3607913,18.6493425
Gdańsk Tworzą Mieszkańcy,community_services_non_profits,Ingen webbplats,,,Gdańsk,54.40065,18.66163
Gdańska Fundacja i Ty Możesz Wszystko,community_services_non_profits,http://gfitmw.pl/,2,,Gdańsk,54.3810351,18.6122396
Gdańska Fundacja Korczaka,community_services_non_profits,http://korczak.gda.pl/,,,Gdańsk,54.3925417,18.5763026
Gdańska Fundacja Kształcenia Menedżerów,community_services_non_profits,http://www.gfkm.pl,,,Gdańsk,54.4026188,18.571643
Gdańska Rodzina Katyńska,community_services_non_profits,Ingen webbplats,2,,Gdańsk,54.34056,18.64778
Gdanski Animals Towarzystwo Pomocy Zwierzecie,community_services_non_profits,http://gdanskianimals.pl/,2,,Gdańsk,54.3573075,18.5741645
Gdański Klub Go,community_services_non_profits,Ingen webbplats,2,,Gdańsk,54.382733,18.60558
Gdański Ośrodek Promocji Zdrowia i Profilaktyki Uzależnień,community_services_non_profits,http://www.zdrowygdansk.pl/,2,,Gdańsk,54.3602,18.64513
Gdańskie Ratownictwo Wodne,community_services_non_profits,http://grw.pl/,2,,Gdańsk,54.3691849,18.6265027
Gdanskie Stowarzyszenie Przyjaciol Muzyki Koscielnej,community_services_non_profits,http://www.promyknadziei.pl/,,,Gdańsk,54.35711,18.59104
Gdańskie WOPR,community_services_non_profits,https://gdanskiewopr.pl/,2,,Gdańsk,54.375184,18.619799
Gdynia dla Orkiestry,community_services_non_profits,http://www.gdyniadlaorkiestry.pl/,,,Gdańsk,54.5220119,18.5446684
Gdynia OdNowa: Rewitalizacja,community_services_non_profits,https://gdyniaodnowa.pl/,,,Gdańsk,54.52233,18.54494
Gdyńska Rada Rodzinnej Pieczy Zastępczej,community_services_non_profits,Ingen webbplats,2,,Gdańsk,54.4771,18.55267
Gdyńskich Kosynierów,community_services_non_profits,Ingen webbplats,2,,Gdańsk,54.3605985,18.6458367
Gdyńskie Stowarzyszenie Osób Niesłyszących i Ich Rodzin i Przyjaciół Effetha,community_services_non_profits,http://www.effetha.pl/,2,,Gdańsk,54.5125423,18.531901
Gdyńskie Stowarzyszenie Pomocy Zwierzętom,community_services_non_profits,http://www.gspz.pl/,2,,Gdańsk,54.4917948,18.5308035
GKF - Gdański Klub Fantastyki,community_services_non_profits,http://www.gkf.org.pl/,,,Gdańsk,54.405695,18.5851087
Gminny Ośrodek Pomocy Społecznej w Kosakowie,community_services_non_profits,http://gops.kosakowo.com/,2,,Gdańsk,54.5877,18.49241
Grupa Poszukiwawczo-Ratownicza OSP Gdańsk,community_services_non_profits,http://www.psyratownicze.net.pl/,2,,Gdańsk,54.33085,18.56878
Gryf Gospodarczy,community_services_non_profits,https://gryfgospodarczy.pl/,2,,Gdańsk,54.344395,18.646038
GTTF Gdańskie Towarzystwo Twórczości Fotograficznej,community_services_non_profits,http://www.gttf.pl/,,,Gdańsk,54.3574816,18.6520439
GWŻ Gdańsk,community_services_non_profits,http://gdansk.jewish.org.pl/,,,Gdańsk,54.3779602,18.6052608
Hackerspace Pomorze,community_services_non_profits,https://hsp.sh/,2,,Gdańsk,54.3711879,18.6112962
Harcówka ZHR Gdynia,community_services_non_profits,https://www.facebook.com/Warszawska45,2,,Gdańsk,54.515217,18.5315481
Help.NGO Polska,community_services_non_profits,https://www.help.ngo/,2,,Gdańsk,54.4046712,18.5762275
Historical Karrenwall,community_services_non_profits,http://www.karrenwall.eu/,2,,Gdańsk,54.3465528,18.6458203
Holi Holi Ośrodek terapeutyczny dla osób niepełnosprawnych,community_services_non_profits,https://stowarzyszenieholiholi.pl/,2,,Gdańsk,54.34177,18.62126
Hospicjum Dutkiewicza w Gdańsku,community_services_non_profits,http://hospicjum.info/,2,,Gdańsk,54.363002,18.635329
Hospicjum im. św. Judy Tadeusza,community_services_non_profits,http://www.hospicjumjudytadeusza.pl/,2,,Gdańsk,54.3439776,18.5945072
Hospicjum Pomorze Dzieciom,community_services_non_profits,http://www.pomorzedzieciom.pl/,2,,Gdańsk,54.3362465,18.5549455
Hufiec ZHP Gdynia,community_services_non_profits,http://www.zhp.gdynia.pl/,2,,Gdańsk,54.5060268,18.554444
IAESTE Gdańsk,community_services_non_profits,http://www.pgd.iaeste.pl/,2,,Gdańsk,54.3708006,18.6149456
Ilustation,community_services_non_profits,https://www.instagram.com/ilustation,,,Gdańsk,54.34869,18.65519
Iluzjon,community_services_non_profits,http://www.iluzjon.com.pl/,,,Gdańsk,54.4445392,18.5687894
Inkubator Sąsiedzkiej Energii,community_services_non_profits,http://opowiadaczehistorii.pl/,,,Gdańsk,54.33993,18.65933
Inspiar,community_services_non_profits,http://inspiar.ug.edu.pl/,2,,Gdańsk,54.399346,18.572958
Instytut Edukacji i Rozwoju BEZ BARIER,community_services_non_profits,http://ibb.org.pl/,2,,Gdańsk,54.3328858,18.5867674
Instytut Metropolitalny,community_services_non_profits,http://www.im.edu.pl/,,,Gdańsk,54.3752294,18.6198487
Instytut Oceanologii PAN,community_services_non_profits,http://www.iopan.pl/,2,,Gdańsk,54.4507512,18.5638616
Instytut Wspomagania Rozwoju Dziecka,community_services_non_profits,https://www.szkolenia.iwrd.pl/,2,,Gdańsk,54.3489282,18.6314933
International Amber Association,community_services_non_profits,http://www.amber.org.pl/,,,Gdańsk,54.35716,18.65298
J-elita,community_services_non_profits,http://www.j-elita.org.pl/,2,,Gdańsk,54.3915367,18.5778255
Ja też,community_services_non_profits,http://www.jatez.org.pl/,2,,Gdańsk,54.3760615,18.6104324
Jagatowe Wzgórze - Centrum Rehabilitacji i Regeneracji,community_services_non_profits,http://www.jagatowewzgorze.pl/,2,,Gdańsk,54.2175146,18.5515448
Jesteśmy Razem Stowarzyszenie Przyjaciół Szkoły,community_services_non_profits,Ingen webbplats,2,,Gdańsk,54.4130869,18.5746064
Just Futbol - Testy Piłkarskie,community_services_non_profits,https://www.sportmentor.pl/,2,,Gdańsk,54.49271,18.51312
K3-Kulturalne Trójmiasto,community_services_non_profits,https://baptyscigdynia.pl/,,,Gdańsk,54.5194101,18.5280632
Kalamo - warsztaty dla dorosłych,community_services_non_profits,Ingen webbplats,,,Gdańsk,54.49681,18.54314
Kaminski Foundation,community_services_non_profits,https://kaminskifoundation.life/,,,Gdańsk,54.49591,18.5383
KGW Babki w Kleszczach,community_services_non_profits,Ingen webbplats,,,Gdańsk,54.19306,18.51686
"Kiwanis Klub Gdańsk 2 ""Pro Familia""",community_services_non_profits,"http://aktualizacja.onet.pl/zumi/2085910,zglos_blad.html",,,Gdańsk,54.3507928,18.6507782
"Klub 1, 2, 3",community_services_non_profits,Ingen webbplats,,,Gdańsk,54.5156668,18.5310063
Klub Alternative,community_services_non_profits,Ingen webbplats,,,Gdańsk,54.53903,18.49047
Klub Centrum Arrupe w Gdyni,community_services_non_profits,http://www.arrupe.org/,,,Gdańsk,54.515738,18.525401
Klub Felinologiczny Baltic Feline,community_services_non_profits,http://balticfeline.pl/,,,Gdańsk,54.5214289,18.5398726
Klub HDK im. Stoczni Gdynia w Gdyni,community_services_non_profits,http://www.hdkstocznia.pl/,2,,Gdańsk,54.5113632,18.5393588
Klub HDK PCK przy Komendzie Miejskiej Policji w Elblągu,community_services_non_profits,Ingen webbplats,2,,Gdańsk,54.1554065,19.3989714
Klub Honorowych Dawców Krwi „Młodzi” Politechniki Gdańskiej,community_services_non_profits,http://www.hdk-mlodzi.pg.gda.pl/,2,,Gdańsk,54.370684,18.615379
Klub Kickboxingu MAXIMUS,community_services_non_profits,http://www.ksmaximus.pl/,2,,Gdańsk,54.5220835,18.5447396
Klub Krokus,community_services_non_profits,Ingen webbplats,,,Gdańsk,54.5116931,18.5368001
Klub Luzu I Frajdy,community_services_non_profits,Ingen webbplats,2,,Gdańsk,54.48375,18.55505
Klub Nowodworski,community_services_non_profits,http://klubnowodworski.pl/,,,Gdańsk,54.21278,19.113565
Klub Przyjaciół Ludzkiego Życia,community_services_non_profits,https://www.kplz.pl/,2,,Gdańsk,54.3714934,18.5987995
Klub Przyjaciol Strzyzy,community_services_non_profits,http://www.strzyza.org/,,,Gdańsk,54.3861648,18.5828853
Klub Sąsiedzki GARAŻ,community_services_non_profits,Ingen webbplats,,,Gdańsk,54.435285,18.46577
Klub Sąsiedzki VII Dwór,community_services_non_profits,http://www.fundacjageneracja.pl/,,,Gdańsk,54.3877682,18.5706711
Klub Sąsiedzki Wzgórze Mickiewicza,community_services_non_profits,Ingen webbplats,,,Gdańsk,54.34227,18.6081
Klub Wrzeszczaka,community_services_non_profits,http://fundacjageneracja.pl/,,,Gdańsk,54.3814112,18.6082767
Klub Współczesnej Myśli Politycznej,community_services_non_profits,http://klubwmpg.pomorskie.pl/index.html,,,Gdańsk,54.3607018,18.6448554
Klub Zoe,community_services_non_profits,Ingen webbplats,,,Gdańsk,54.4968933,18.5071496
KNR Audytor,community_services_non_profits,http://www.audytor.wzr.pl/,2,,Gdańsk,54.442566,18.555855
Kocham Cię Tato - Fundacja,community_services_non_profits,https://www.fundacjakochamcietato.pl/,2,,Gdańsk,54.49645,18.53099
KoLiber Trójmiasto,community_services_non_profits,https://koliber.org/,,,Gdańsk,54.4084091,18.5625896
Koło Gospodyń Wiejskich w Straszynie,community_services_non_profits,Ingen webbplats,,,Gdańsk,54.27025,18.57108
Koło Miejskie w Gdyni Polskiego Stowarzyszenia Diabetyków,community_services_non_profits,Ingen webbplats,2,,Gdańsk,54.5180448,18.5363588
Koło Naukowe EMPIRIA,community_services_non_profits,http://www.swps.pl/knintegra,,,Gdańsk,54.431323,18.567068
Koło Naukowe Filozofów UG,community_services_non_profits,https://wns.ug.edu.pl/wydzial/instytuty_wns/instytut_filozofii/dzialalnosc_naukowa/kola_filozoficzne/kolo_naukowe_filozofow_ug,2,,Gdańsk,54.3989737,18.5732889
Koło PZW nr 6 w Nowym Dworze Gdańskim,community_services_non_profits,Ingen webbplats,2,,Gdańsk,54.21147,19.11591
KomuKulturka,community_services_non_profits,http://www.komukulturka.org.pl/,,,Gdańsk,54.2706721,18.4688348
Koncerty na Kochanowskiego,community_services_non_profits,Ingen webbplats,,,Gdańsk,54.2598294,18.666144
Kooperacja Sopot,community_services_non_profits,http://kooperacjasopot.org.pl/,,,Gdańsk,54.43933,18.56019
Laboratorium Innowacji Społecznych,community_services_non_profits,http://lis.gdynia.pl/,,,Gdańsk,54.4948856,18.5381054
Latebra,community_services_non_profits,https://www.latebra.org/,2,,Gdańsk,54.4027099,18.6334003
Lean Education,community_services_non_profits,http://www.leaneducation.pl/,2,,Gdańsk,54.3814763,18.581435
Leopolis for Future,community_services_non_profits,https://leopolisforfuture.org/,,,Gdańsk,54.404041,18.5608908
Liga Ochrony Przyrody. Zarząd Okręgu,community_services_non_profits,http://www.lop.gda.pl/,2,,Gdańsk,54.3706916,18.5970486
Lions Club Gdańsk-1,community_services_non_profits,https://gdansk1.lions.org.pl/,,,Gdańsk,54.41495,18.48331
Lions Club Gdynia,community_services_non_profits,http://www.gdynia.lions.org.pl/,,,Gdańsk,54.5172924,18.5418989
Lions Club Gedania,community_services_non_profits,https://www.lions.org.pl/,,,Gdańsk,54.3556357,18.6559749
Lokalna Grupa Działania Trzy Krajobrazy,community_services_non_profits,http://trzykrajobrazy.pl/,,,Gdańsk,54.2509324,18.641311
MAGNOLIA Stowarzyszenie,community_services_non_profits,http://www.magnoliastowarzyszenie.pl/,,,Gdańsk,54.4212736,18.4830453
Metropolia Gdańsk-Gdynia-Sopot,community_services_non_profits,http://www.metropoliagdansk.pl/,2,,Gdańsk,54.3480556,18.6549783
Metropolitalny Zwiazek Komunikacyjny Zatoki Gdanskiej,community_services_non_profits,http://mzkzg.org/,2,,Gdańsk,54.3742562,18.608266
Miejski Ośrodek Pomocy Rodzinie w Gdańsku,community_services_non_profits,http://mopr.gda.pl/,2,,Gdańsk,54.3778013,18.620875
Miejskie WOPR w Gdańsku,community_services_non_profits,http://www.grw.pl/,2,,Gdańsk,54.3691,18.62697
Mikael,community_services_non_profits,http://www.fundacjamikael.pl/,2,,Gdańsk,54.2109771,19.1145721
MKN Project Management,community_services_non_profits,http://www.pm.pg.gda.pl/,2,,Gdańsk,54.370692,18.615367
Młodzieżowy Szopen,community_services_non_profits,http://www.fundacjafosa.pl/,,,Gdańsk,54.3860672,18.5814598
Monar Stowarzyszenie Pomorskie Centrum Pomocy Bliźniemu,community_services_non_profits,http://pcpbmonarmarkot.pl/,2,,Gdańsk,54.3770598,18.626371
Morska Fundacja Historyczna - wystawa i zwiedzanie stoczni z przewodnikiem,community_services_non_profits,http://www.mfh-gdansk.pl/,,,Gdańsk,54.3624423,18.6554101
Morski Związek Wojskowy,community_services_non_profits,http://www.mzw.cba.pl,2,,Gdańsk,54.3553177,18.5114825
Mrowisko - Centrum Reduta,community_services_non_profits,http://www.mrowisko.org.pl/,,,Gdańsk,54.3397956,18.6597095
Mrowisko - Klub Kolbudy,community_services_non_profits,https://www.mrowisko.org.pl/,,,Gdańsk,54.2674578,18.4756136
Nasz Wolontariat,community_services_non_profits,http://mopr.gda.pl/wolontariat,2,,Gdańsk,54.3782196,18.6196499
Neptun. Stowarzyszenie Lions Club Gdańsk,community_services_non_profits,https://gdanskneptun.lions.org.pl/,,,Gdańsk,54.3755,18.6187551
Network of East-West Women,community_services_non_profits,http://www.neww.org.pl/,,,Gdańsk,54.37629,18.61498
Niebieskie Trampki - kroki ku życiu,community_services_non_profits,http://www.niebieskietrampki.pl/,,,Gdańsk,54.3860869,18.5814562
Nieustraszone,community_services_non_profits,http://nieustraszone.eu/kontakt/,2,,Gdańsk,54.35121,18.64397
Niezapomniane obozy z uks Lech,community_services_non_profits,Ingen webbplats,2,,Gdańsk,54.34383,18.56208
Nszz Solidarność Stoczni Gdańskiej,community_services_non_profits,http://www.nszz-stocznia.pl/,2,,Gdańsk,54.3746193,18.6495007
Nzs Pg,community_services_non_profits,https://forms.office.com/pages/responsepage.aspx?id=JU-jGId4jkyeixkW3fMH1X0Ajat63ftGvBig2gwV4w9UMlVTMDBKTlBBWlVWNldJUTBDNUFGODVaRi4u&origin=lprLink,2,,Gdańsk,54.37161,18.61926
Ochotnicza Straż Pożarna,community_services_non_profits,Ingen webbplats,2,,Gdańsk,54.2731807,18.464325
Ochotnicza Straż Pożarna,community_services_non_profits,Ingen webbplats,2,,Gdańsk,54.3262601,19.176618
Ochotnicza Straż Pożarna Kosakowo,community_services_non_profits,Ingen webbplats,2,,Gdańsk,54.58952,18.48101
Ochotnicza Straż Pożarna w Lublewie Gdańskim,community_services_non_profits,Ingen webbplats,2,,Gdańsk,54.2838955,18.5031609
Ochotnicza Straż Pożarna w Nowym Stawie,community_services_non_profits,Ingen webbplats,2,,Gdańsk,54.1354666,19.0165431
Ogniska Nadziei,community_services_non_profits,Ingen webbplats,2,,Gdańsk,54.352407,18.6738095
Ojcowski Klub w Gdańsku Warto być Ojcem,community_services_non_profits,https://wartojcem.blogspot.com/,2,,Gdańsk,54.42131,18.56282
Okręg Pomorski ZHR,community_services_non_profits,http://www.pomorze.zhr.pl/,2,,Gdańsk,54.3799138,18.6096803
Okręgowa Izba Lekarska w Gdańsku,community_services_non_profits,http://oilgdansk.pl/,2,,Gdańsk,54.3638913,18.6296113
Okręgowa Izba Pielęgniarek i Położnych,community_services_non_profits,http://www.oipip.gda.pl/,2,,Gdańsk,54.3421489,18.6547852
Okręgowy Ośrodek Pomocy Pokrzywdzonym Przestępstwem,community_services_non_profits,http://pomoc.integracjaplus.pl/,2,,Gdańsk,54.3564145,18.6501459
Oratorium św. Dominika Savio w Rumi,community_services_non_profits,http://www.oratorium-rumia.salezjanie.pl/,,,Gdańsk,54.5674493,18.4058088
Osiedle Dąbrowskiego,community_services_non_profits,Ingen webbplats,2,,Gdańsk,54.25635,18.668762
OSP KSRG Mierzeszyn,community_services_non_profits,Ingen webbplats,2,,Gdańsk,54.1998083,18.4192545
Osp Ostaszewo,community_services_non_profits,Ingen webbplats,2,,Gdańsk,54.21168,18.95175
"Ośrodek adopcyjny Fundacji ""Dla Rodziny""",community_services_non_profits,https://www.dlarodziny.org/,2,,Gdańsk,54.35026,18.56255
Ośrodek Badań i Analiz Społecznych,community_services_non_profits,http://www.oapp.pl/,2,,Gdańsk,54.3751655,18.6198886
"OTOZ Animals - Schronisko ""Ciapkowo"" w Gdyni",community_services_non_profits,http://www.ciapkowo.pl/,2,,Gdańsk,54.4925765,18.5281045
parkrun Gdańsk,community_services_non_profits,http://www.parkrun.pl/gdansk,2,,Gdańsk,54.4144199,18.6010247
Parlament Studentów Uniwersytetu Morskiego,community_services_non_profits,http://www.psam.am.gdynia.pl/,,,Gdańsk,54.5263669,18.5120044
PNCA,community_services_non_profits,Ingen webbplats,2,,Gdańsk,54.4333909,18.5855513
PO pierwsze DOM,community_services_non_profits,Ingen webbplats,2,,Gdańsk,54.3970791,18.67391
Podaruj Uśmiech,community_services_non_profits,http://www.podarujusmiech.org/,2,,Gdańsk,54.4814473,18.5302631
Polish-Norwegian Chamber of Commerce,community_services_non_profits,http://www.p-ncc.org/,2,,Gdańsk,54.34246,18.68316
Polska Federacja Łodzi Smoczych,community_services_non_profits,http://www.lodziesmocze.pl/,,,Gdańsk,54.382536,18.644383
Polska Federacja Spolecznosci Terapeutycznych,community_services_non_profits,http://www.pfst.pl/,2,,Gdańsk,54.3726164,18.512676
Polska Izba Odzieżowo Tekstylna,community_services_non_profits,http://www.textiles.pl/,2,,Gdańsk,54.5076744,18.5303544
Polski Czerwony Krzyż,community_services_non_profits,http://pck.pomorze.pl/,2,,Gdańsk,54.3532081,18.6380077
Polski Czerwony Krzyż. Warmińsko-Mazurski Zarząd Okręgowy. Zarząd Rejonowy,community_services_non_profits,http://pck.olsztyn.pl/,2,,Gdańsk,54.1590212,19.3997943
Polski Klub Ekologiczny,community_services_non_profits,http://pke.gdansk.pl/,2,,Gdańsk,54.3714221,18.6191368
Polski Touring Klub,community_services_non_profits,http://touringklub.pl/,2,,Gdańsk,54.5115475,18.5430377
Polski Związek Chórów i Orkiestr Oddział Gdański,community_services_non_profits,http://www.pzchio-gdansk.pl/,,,Gdańsk,54.3906409,18.5848164
Polski Związek Głuchych. Oddział,community_services_non_profits,http://www.pzggdansk.pl/,2,,Gdańsk,54.3764866,18.6054275
Polski Zwiazek Niewidomych Okreg Pomorski,community_services_non_profits,http://www.pomorski.pzn.org.pl,2,,Gdańsk,54.3789456,18.5977348
Polskie Centrum Mediacji. Oddział,community_services_non_profits,http://mediacje3miasto.pl/,2,,Gdańsk,54.415884,18.5840788
Polskie Stowarzyszenie Diabetyków Oddział Wojewódzki w Gdańsku,community_services_non_profits,http://www.psd-gdansk.cba.pl,2,,Gdańsk,54.3765357,18.6229816
Polskie Stowarzyszenie Kobiet Biznesu,community_services_non_profits,http://www.pskb.pl/,2,,Gdańsk,54.3751867,18.6197939
Polskie Stowarzyszenie Sportu Powszechnego,community_services_non_profits,http://www.sportpowszechny.pl/,2,,Gdańsk,54.4059709,18.5529495
Polskie Stowarzyszenie Sprawiedliwego Handlu,community_services_non_profits,http://www.sprawiedliwyhandel.pl/,2,,Gdańsk,54.5115465,18.5257291
Polskie Stowarzyszenie Trenerów Koszykówki,community_services_non_profits,http://www.pozkosz.com/,2,,Gdańsk,54.364399,18.6363697
Polskie Towarzystwo Ekonomiczne Oddział w Gdańsku,community_services_non_profits,https://www.gdansk.pte.pl/,2,,Gdańsk,54.446292,18.5567722
Polskie Towarzystwo Histochemików i Cytochemików,community_services_non_profits,https://www.histochemia.pl/,2,,Gdańsk,54.3640555,18.6286098
Polskie Towarzystwo Historyczne Elbląg,community_services_non_profits,http://www.pth.elblag.pl/aktualnosci/,,,Gdańsk,54.1565844,19.3936092
Polskie Towarzystwo Ludoznawcze - Oddział w Gdańsku,community_services_non_profits,http://www.ptl.info.pl/gdansk/,,,Gdańsk,54.4116079,18.5594226
Polskie Towarzystwo Programów Zdrowotnych,community_services_non_profits,http://www.ptpz.pl/,2,,Gdańsk,54.3665209,18.6318193
Polskie Towarzystwo Psychoonkologiczne,community_services_non_profits,http://www.ptpo.org.pl,2,,Gdańsk,54.3635036,18.629189
Polskie Towarzystwo Rakietowe,community_services_non_profits,http://rakiety.org.pl/,2,,Gdańsk,54.5433424,18.4761852
Polskie Towarzystwo Walki z Mukowiscydozą Oddział w Gdańsku,community_services_non_profits,http://www.muko.gda.pl/,2,,Gdańsk,54.3953969,18.5613103
Polsko Chińska Izba Przemysłowo Handlowa,community_services_non_profits,http://www.pchiph.org/,2,,Gdańsk,54.5169948,18.5412408
Pomorska Federacja Sportu,community_services_non_profits,http://pfsg.pl/,2,,Gdańsk,54.3644024,18.63639
Pomorska Fundacja Międzypokoleniowa,community_services_non_profits,http://pomorskafm.pl/,2,,Gdańsk,54.54792,18.44819
Pomorska Izba Rzemieślnicza,community_services_non_profits,http://www.pomorskaizba.pl/,2,,Gdańsk,54.3504094,18.6497292
Pomorska Specjalistyczna Grupa Ratownicza,community_services_non_profits,https://vm.tiktok.com/ZMdbhLNVH/,2,,Gdańsk,54.5185104,18.5519387
Pomorski Klaster ICT,community_services_non_profits,http://www.pomorski-klaster-ict.pl/,2,,Gdańsk,54.37161,18.61926
Pomorski Wojewódzki Związek Brydża Sportowego,community_services_non_profits,http://bridge.gda.pl/,2,,Gdańsk,54.3897253,18.6534639
Pomorskie Forum na Rzecz Wychodzenia z Bezdomności,community_services_non_profits,http://www.pfwb.com.pl/,2,,Gdańsk,54.3799301,18.6099337
Pomorskie Pośrednictwo Nieruchomości,community_services_non_profits,http://www.sppon.pl/,2,,Gdańsk,54.50972,18.5380108
Pomorskie Stowarzyszenie Gmin Wiejskich,community_services_non_profits,http://www.psgw.pl,,,Gdańsk,54.3643891,18.636368
Pomóż Mi Żyć,community_services_non_profits,http://www.pomozmizyc.pl/,2,,Gdańsk,54.3275236,18.5858209
Pomóż Sąsiadowi,community_services_non_profits,Ingen webbplats,2,,Gdańsk,54.5609395,18.4131478
Poradnia Rodzinna U Dominikanow,community_services_non_profits,http://www.poradniadominikanie.pl/,2,,Gdańsk,54.3521865,18.6514698
PORT dla Rodziny,community_services_non_profits,http://www.kackmalykack.pl/,2,,Gdańsk,54.4841026,18.5280958
Pracodawcy Pomorza,community_services_non_profits,http://www.pracodawcypomorza.pl/,,,Gdańsk,54.3748292,18.6209339
Pracownia Ikon Gdańsk,community_services_non_profits,https://pracowniaikongdansk.pl/,,,Gdańsk,54.35218,18.65191
Prawo Morskie,community_services_non_profits,http://prawo-morskie.pl/,2,,Gdańsk,54.4001346,18.572233
Prime Square Real Estate,community_services_non_profits,http://www.primesquare.pl/,2,,Gdańsk,54.4031646,18.5709548
Profes Polonia,community_services_non_profits,Ingen webbplats,2,,Gdańsk,54.5157968,18.5255076
Przychodnia im. Dr Oli,community_services_non_profits,https://www.caritas.gda.pl/placowki-cag/przychodnia-dr-oli/?portfolioCats=22,2,,Gdańsk,54.442096,18.559642
Przyjazna Dłoń,community_services_non_profits,http://www.przyjaznadlon.pl/,2,,Gdańsk,54.3875279,18.6160827
Przystanek Planszówki,community_services_non_profits,Ingen webbplats,,,Gdańsk,54.3254347,18.6338865
PSONI Gdańsk,community_services_non_profits,https://psoni.gda.pl/aktualnosci/projekty/gdanski-asystent-osobisty-2022/,2,,Gdańsk,54.41395,18.59561
PSONI Koło w Elblągu,community_services_non_profits,https://www.elblag.psoni.org.pl/,2,,Gdańsk,54.15954,19.39959
PSONI Koło w Pruszczu Gdańskim,community_services_non_profits,http://www.psouupruszcz.org.pl/,2,,Gdańsk,54.2565824,18.6354726
PSSIAP Trójmiasto,community_services_non_profits,http://www.pssiap.org/,2,,Gdańsk,54.39936,18.57296
PTETiS Oddział Gdański,community_services_non_profits,https://eia.pg.edu.pl/ptetis,2,,Gdańsk,54.37161,18.61926
PTMKŻ,community_services_non_profits,http://www.ptmkz.pl/,2,,Gdańsk,54.5419,18.46268
PTTK Oddział Studencki w Gdańsku,community_services_non_profits,https://os.gdansk.pttk.pl/,2,,Gdańsk,54.3708,18.61536
PZFD Trójmiasto,community_services_non_profits,http://trojmiasto.pzfd.pl/,2,,Gdańsk,54.43271,18.56126
PZFW,community_services_non_profits,http://www.pzfw.pl/,2,,Gdańsk,54.5091795,18.5507676
PZITS,community_services_non_profits,http://pzitsgdansk.pl/,2,,Gdańsk,54.3552988,18.6507035
Rada Dzielnicy Babie Doły,community_services_non_profits,http://www.gdynia-babiedoly.info/,2,,Gdańsk,54.57804,18.53754
Rada Dzielnicy Brzeźno,community_services_non_profits,http://www.radadzielnicybrzezno.pl/,2,,Gdańsk,54.404252,18.6292589
Rada Dzielnicy Brętowo,community_services_non_profits,https://rada.bretowo.pl/,2,,Gdańsk,54.3773727,18.566369
Rada Dzielnicy Jasień,community_services_non_profits,Ingen webbplats,2,,Gdańsk,54.3391731,18.5601935
Rada Dzielnicy Matarnia,community_services_non_profits,http://dzielnicamatarnia.pl/,2,,Gdańsk,54.3775143,18.5086584
Rada Dzielnicy Orłowo,community_services_non_profits,Ingen webbplats,2,,Gdańsk,54.479641,18.5593605
Rada Dzielnicy Orunia Górna-Gdańsk Południe,community_services_non_profits,https://www.gdansk.pl/orunia-gorna,2,,Gdańsk,54.3252557,18.621245
Rada Dzielnicy Piecki-Migowo,community_services_non_profits,http://www.piecki-migowo.pl/,2,,Gdańsk,54.35828,18.58612
Rada Dzielnicy Srodmiescie,community_services_non_profits,https://www.gdansk.pl/srodmiescie,2,,Gdańsk,54.347828,18.6510387
Rada Dzielnicy Ujeścisko - Łostowice Gdańsk,community_services_non_profits,Ingen webbplats,2,,Gdańsk,54.3275484,18.590196
Rada Dzielnicy Witomino,community_services_non_profits,Ingen webbplats,2,,Gdańsk,54.4946341,18.5095588
Rada Dzielnicy Wrzeszcz Dolny,community_services_non_profits,http://www.wrzeszczdolny.org/,2,,Gdańsk,54.3874355,18.626355
Rada Dzielnicy Zaspa Rozstaje,community_services_non_profits,http://www.zaspa-rozstaje.pl/,2,,Gdańsk,54.4019815,18.6038542
Rada Rodziców przy SP nr 76 w Gdańsku,community_services_non_profits,https://zsp1.edu.gdansk.pl/pl/page/dla-rodzica/rada-rodzicow,2,,Gdańsk,54.41286,18.59187
Rada Rodziców SP85 Gdańsk,community_services_non_profits,http://rodzice.sp85.edu.pl/,2,,Gdańsk,54.34383,18.56208
Rajd Śladami Przeszłości Gdańska,community_services_non_profits,http://rspg.gdansk.zhp.pl/,2,,Gdańsk,54.34752,18.65085
Rat24,community_services_non_profits,http://rat24.pl/,2,,Gdańsk,54.410269,18.5677969
Razem. Stowarzyszenie Integracyjne,community_services_non_profits,http://www.razem.elblag.pl/,2,,Gdańsk,54.1807934,19.3944903
Regionalne Centrum Wolontariatu w Gdańsku,community_services_non_profits,Ingen webbplats,2,,Gdańsk,54.3814309,18.6051511
Regionalny Ośrodek Polityki Społecznej UMWP,community_services_non_profits,https://rops.pomorskie.eu/,2,,Gdańsk,54.3442815,18.6460412
ReMisja,community_services_non_profits,http://www.remisja.pl/,2,,Gdańsk,54.4448168,18.5695251
ROD Gdynia im. 25-lecia Wolnej Polski,community_services_non_profits,Ingen webbplats,2,,Gdańsk,54.4869118,18.5427225
Rodzinny Ogród Działkowy  im.Bohaterów Monte Cassino,community_services_non_profits,http://www.gdansk.pzd.pl/,2,,Gdańsk,54.37911,18.63189
Rotary Club Elbląg Centrum,community_services_non_profits,Ingen webbplats,,,Gdańsk,54.1597729,19.3955749
Rotary Klub Gdańsk - Sopot - Gdynia,community_services_non_profits,http://rotary.gdansk.pl/,,,Gdańsk,54.3605158,18.639307
Rowerowy Maj,community_services_non_profits,http://rowerowymaj.eu/,2,,Gdańsk,54.3513809,18.6410238
S/Y Tauri,community_services_non_profits,http://www.jkmgryf.pl.pl/,2,,Gdańsk,54.5181173,18.5512304
Samorząd Doktorantów Politechniki Gdańskiej,community_services_non_profits,http://www.pg.edu.pl/sd,2,,Gdańsk,54.37161,18.61926
Samorząd Studencki WSTiH,community_services_non_profits,http://wstih.pl/organizacje-studenckie/samorzad-studencki,2,,Gdańsk,54.3769755,18.6151068
Samorząd Studentów PG,community_services_non_profits,https://samorzad.pg.edu.pl/,2,,Gdańsk,54.3707418,18.6153612
Samorząd Uczniowski Jezuici,community_services_non_profits,http://www.jezuici.edu.pl/,2,,Gdańsk,54.51537,18.52544
Samorząd Uczniowski XIV LO Gdańsk,community_services_non_profits,http://www.zso8gdansk.pl/lo-samorzad-uczniowski/,2,,Gdańsk,54.40167,18.60487
Save a Life International Polska,community_services_non_profits,https://www.savealifeintl.pl/,2,,Gdańsk,54.3471521,18.6432063
Serce Dzieciom - Fundacja Przyjaciół Wilna i Grodna,community_services_non_profits,http://sercedzieciom.org/,2,,Gdańsk,54.5014379,18.5033942
SKALP,community_services_non_profits,http://www.srskalp.pl/,2,,Gdańsk,54.3546909,18.5935614
Sklep Charytatywny Z głębokiej Szuflady,community_services_non_profits,http://zglebokiejszuflady.pl/,2,,Gdańsk,54.5181155,18.5415422
Sklep Pożarniczy Zwzosp,community_services_non_profits,http://owzosprppomorskie.pl/,2,,Gdańsk,54.2676,18.64508
"SKT PG ""Fify""",community_services_non_profits,http://www.fify.pl/,2,,Gdańsk,54.3703129,18.6146727
SL SALOS Gdańsk,community_services_non_profits,Ingen webbplats,2,,Gdańsk,54.32338,18.63301
Sołectwo Kosakowo,community_services_non_profits,http://www.kosakowo.solectwo.pl/,2,,Gdańsk,54.5894711,18.4904309
Solidarność PG,community_services_non_profits,"http://aktualizacja.onet.pl/zumi/4681428,zglos_blad.html",2,,Gdańsk,54.37161,18.61926
Sopart,community_services_non_profits,http://sopart.pl/,,,Gdańsk,54.44292,18.55908
Sopocki Cech Rzemiosł Różnych,community_services_non_profits,https://cechsopot.pl/konkurs/,2,,Gdańsk,54.4353081,18.5621012
Sopocki Klub Fotograficzny,community_services_non_profits,https://skf.edu.pl/,,,Gdańsk,54.441257,18.560417
Sopockie Centrum Integracji i Wsparcia Cudzoziemców,community_services_non_profits,Ingen webbplats,,,Gdańsk,54.45468,18.55808
Sopockie Centrum Organizacji Pozarządowych i Wolontariatu,community_services_non_profits,http://scop.sopot.pl/,,,Gdańsk,54.4390523,18.5620147
Sopockie Stowarzyszenie Zdrowi i Aktywni,community_services_non_profits,http://www.pmedia.pl/,2,,Gdańsk,54.4407536,18.5584335
Sopockie Towarzystwo Naukowe,community_services_non_profits,http://stn.edu.pl/,,,Gdańsk,54.4507575,18.5638865
Soroptimist International Klub Gdynia,community_services_non_profits,https://soroptimistgdynia.pl/,2,,Gdańsk,54.5223593,18.5435264
SPOT Światłowcy,community_services_non_profits,Ingen webbplats,2,,Gdańsk,54.5439845,18.5311256
Środowiskowy Dom Samopomocy,community_services_non_profits,Ingen webbplats,,,Gdańsk,54.5620024,18.5056544
Środowiskowy Dom Samopomocy SPIR Sternicza,community_services_non_profits,http://www.spir.org.pl/,,,Gdańsk,54.40517,18.63434
Stocznia Gdynia,community_services_non_profits,Ingen webbplats,2,,Gdańsk,54.5367,18.5114
"Stowarzyszenie  ""Kreatywni""",community_services_non_profits,http://kreatywni.ngo/,,,Gdańsk,54.5366399,18.4850413
"Stowarzyszenie ""Inne jest piękne""",community_services_non_profits,http://www.innejestpiekne.org/,,,Gdańsk,54.4352595,18.4656088
"Stowarzyszenie ""Żuławy Gdańskie""",community_services_non_profits,http://www.zulawy.org/,,,Gdańsk,54.2411632,18.8148541
Stowarzyszenie 180 Stopni,community_services_non_profits,Ingen webbplats,2,,Gdańsk,54.4001121,18.6742384
Stowarzyszenie Absolwentów MBA,community_services_non_profits,http://www.mba-absolwenci.pl/,2,,Gdańsk,54.4027667,18.5715278
Stowarzyszenie Aktywnych Na Pomoc,community_services_non_profits,http://aktywni-na-pomoc.pl,2,,Gdańsk,54.3995905,18.5649396
Stowarzyszenie Animacji Skateboardingu,community_services_non_profits,http://deskorolka.org/,2,,Gdańsk,54.35829,18.65246
Stowarzyszenie Antymobbingowe Pod Patronatem Barbary Grabowskiej,community_services_non_profits,http://www.antymobbinggrabowskiej.pl/,2,,Gdańsk,54.3762794,18.6150377
Stowarzyszenie Architektów Polskich Oddział Wybrzeże,community_services_non_profits,http://www.gdansk.sarp.org.pl/,2,,Gdańsk,54.3498376,18.6479993
Stowarzyszenie Autostrada Kultury,community_services_non_profits,http://www.januszplotaart.pl/,,,Gdańsk,54.3488387,18.6485365
Stowarzyszenie Coolturalny Nowy Staw,community_services_non_profits,Ingen webbplats,,,Gdańsk,54.1367801,19.0078451
Stowarzyszenie Dom,community_services_non_profits,Ingen webbplats,2,,Gdańsk,54.2810535,18.47946
Stowarzyszenie Dom Drewniany,community_services_non_profits,http://www.domydrewniane.org/,2,,Gdańsk,54.3773497,18.6090322
Stowarzyszenie Elektryków Polskich,community_services_non_profits,http://sep.gda.pl/,2,,Gdańsk,54.3553,18.6507082
Stowarzyszenie Gdańskiej Zaspy,community_services_non_profits,http://bazy.ngo.pl/search/info.asp?id=106400,,,Gdańsk,54.3925356,18.5968674
Stowarzyszenie Gmin RP. Euroregion Bałtyk,community_services_non_profits,https://eurobalt.org.pl/index.php/contact/,2,,Gdańsk,54.158661,19.3962107
Stowarzyszenie Güntera Grassa w Gdańsku,community_services_non_profits,http://www.grass-gdansk.org/,,,Gdańsk,54.3971481,18.5706558
Stowarzyszenie Historyczne 5 Wileńskiej Brygady AK,community_services_non_profits,http://www.lupaszko.pl/,2,,Gdańsk,54.4418491,18.567856
Stowarzyszenie Historyków Sztuki - Oddział Gdański,community_services_non_profits,http://www.shsgdansk.pl/,,,Gdańsk,54.3495903,18.6509705
Stowarzyszenie Klub Gdyńskiego Kibica Niepełnosprawnego,community_services_non_profits,http://kgkn.pl/,2,,Gdańsk,54.4963526,18.5312533
Stowarzyszenie Kobiety Żeglują,community_services_non_profits,https://www.kobietyzegluja.org/,2,,Gdańsk,54.4042755,18.6437185
Stowarzyszenie Konsulow Honorowych w Polsce,community_services_non_profits,http://www.konsulowiehonorowi.pl/,2,,Gdańsk,54.3492401,18.64926
Stowarzyszenie Kreatywnie dla Kiełpina,community_services_non_profits,http://www.kreatywniedlakielpina.pl/,,,Gdańsk,54.3399815,18.5082223
Stowarzyszenie Księgowych w Polsce,community_services_non_profits,https://gdansk.skwp.pl/,2,,Gdańsk,54.3645412,18.5886791
Stowarzyszenie Kucharzy Polskich,community_services_non_profits,http://www.stowarzyszeniekucharzy.pl/,2,,Gdańsk,54.3811275,18.600632
Stowarzyszenie Kulturalno-Edukacyjne Most,community_services_non_profits,http://www.most-gdansk.pl/,,,Gdańsk,54.3747056,18.6157154
Stowarzyszenie LGR - Rybacka Brać Mierzei,community_services_non_profits,http://rybackabrac.pl/,2,,Gdańsk,54.21381,19.1180496
Stowarzyszenie Mieszkańców Gminy Kosakowo,community_services_non_profits,http://www.kosakowo.org/,,,Gdańsk,54.5491921,18.5147933
Stowarzyszenie Milosierdzia Sw. Wincentego A'Paulo,community_services_non_profits,http://misjonarzesopot.pl/,2,,Gdańsk,54.4565566,18.544022
Stowarzyszenie Miłośników Pojazdów Zabytkowych,community_services_non_profits,http://www.gdynskie-muzeum-motoryzacji.pl,,,Gdańsk,54.5468301,18.4571589
Stowarzyszenie Miłośników Truso,community_services_non_profits,http://www.truso.com.pl/,,,Gdańsk,54.1566011,19.3934492
Stowarzyszenie Morena,community_services_non_profits,http://morena.org.pl/,,,Gdańsk,54.3764054,18.6072339
Stowarzyszenie Muzykow Jazzowych,community_services_non_profits,http://smjazz.pl/,,,Gdańsk,54.4341993,18.5690134
Stowarzyszenie Na Drodze Ekspresji,community_services_non_profits,http://www.ekspresja.org/,,,Gdańsk,54.43865,18.56199
Stowarzyszenie Narodowy Front Polski,community_services_non_profits,Ingen webbplats,2,,Gdańsk,54.3753956,18.60995
Stowarzyszenie Nasze Dzieci w Gdańsku,community_services_non_profits,https://www.pitax.pl/rozliczenie-pit-online-0000014996/,2,,Gdańsk,54.3398058,18.6131409
Stowarzyszenie Nauczycieli Internautów,community_services_non_profits,http://www.sni.edu.pl,2,,Gdańsk,54.5199064,18.5342674
Stowarzyszenie Okno Na Świat,community_services_non_profits,http://oknonaswiat-gdansk.pl/,,,Gdańsk,54.3184031,18.6364491
Stowarzyszenie Opieki nad Młodzieżą i Dziećmi Niepełnosprawnymi „Promyczek”,community_services_non_profits,http://www.stowarzyszenie-promyczek.pl/,2,,Gdańsk,54.42535,18.5649307
Stowarzyszenie OVUM,community_services_non_profits,https://ovum.org.pl/,2,,Gdańsk,54.5117335,18.5387428
Stowarzyszenie Pacjentow z Hiperlipidemia Rodzinna,community_services_non_profits,http://hipercholesterolemia.pl/,2,,Gdańsk,54.3658766,18.6268189
Stowarzyszenie Pamięci Obozu Konzentrationslager Stutthof,community_services_non_profits,Ingen webbplats,,,Gdańsk,54.4356499,18.5653983
Stowarzyszenie PELIKAN,community_services_non_profits,https://www.pelikan.org.pl/,,,Gdańsk,54.379543,18.6068719
Stowarzyszenie Podaj Rękę,community_services_non_profits,http://kilometrydobra.pl/organization/stowarzyszenie-podaj-reke-5/,2,,Gdańsk,54.2681933,18.8154064
Stowarzyszenie Pomocy Dzieciom Chirurgicznie Chorym,community_services_non_profits,https://uck.pl/jednostki-szpitala/klinika-dla-dzieci/klinika-chirurgii-i-urologii-dzieci-i-mlodziezy.html,2,,Gdańsk,54.3658,18.61977
Stowarzyszenie Pomocy Osobom Autystycznym,community_services_non_profits,http://www.spoa.org.pl/,2,,Gdańsk,54.3851118,18.6111043
Stowarzyszenie Praktyków Profilaktyki Społecznej Gdańsk,community_services_non_profits,http://profilaktykaspoleczna.pl/,2,,Gdańsk,54.3614172,18.6498175
Stowarzyszenie Pro Bono,community_services_non_profits,http://probonogdansk.pl/,2,,Gdańsk,54.3849906,18.4033554
Stowarzyszenie Przyjaciol Bezdomnych Kotow w Gdansku,community_services_non_profits,http://www.lwypolnocy.pl/,2,,Gdańsk,54.35339,18.65192
Stowarzyszenie Przyjaciół Pruszcza Gdańskiego,community_services_non_profits,http://www.stow-wiezi.org.pl/,,,Gdańsk,54.2598144,18.6295402
Stowarzyszenie Przyjaciół Wyspy Sobieszewskiej,community_services_non_profits,http://www.spws-wyspa.pl/,,,Gdańsk,54.3443278,18.828776
Stowarzyszenie Przyjaciół Ziemi Żuławskiej,community_services_non_profits,Ingen webbplats,,,Gdańsk,54.32329,18.74259
Stowarzyszenie Psychologów Chrześcijańskich,community_services_non_profits,http://www.spchgdansk.pl/,2,,Gdańsk,54.524241,18.5431533
Stowarzyszenie Rodzin Wielodzietnych Szczęśliwy Dom,community_services_non_profits,http://www.srw.gda.pl/,2,,Gdańsk,54.35476,18.60489
Stowarzyszenie Rodzina Ponarska,community_services_non_profits,http://www.ponary.pl/,2,,Gdańsk,54.4138211,18.5557876
Stowarzyszenie RowerOver,community_services_non_profits,https://macaoph.cc/index?affiliateCode=ph21002,2,,Gdańsk,54.4409371,18.5719132
Stowarzyszenie Ryta,community_services_non_profits,Ingen webbplats,2,,Gdańsk,54.3374313,18.8283491
Stowarzyszenie Sopocki Dom,community_services_non_profits,http://sopockidomsopot.pl/,2,,Gdańsk,54.43832,18.55772
Stowarzyszenie św. Mikołaja Biskupa,community_services_non_profits,http://www.bpmikolaj.pl/,,,Gdańsk,54.5385365,18.4791437
Stowarzyszenie Światło i Cienie,community_services_non_profits,Ingen webbplats,,,Gdańsk,54.34945,18.60968
Stowarzyszenie Szkoła Dla Wszystkich,community_services_non_profits,https://szkoladlawszystkich.wordpress.com/,2,,Gdańsk,54.4110222,18.5983503
Stowarzyszenie Talent,community_services_non_profits,http://talent.edu.pl/,,,Gdańsk,54.4948892,18.5381088
"Stowarzyszenie Teatralne ""Ingenium""",community_services_non_profits,http://www.stowarzyszenieteatralne.pl/,,,Gdańsk,54.4237654,18.4857435
Stowarzyszenie Traugutt.org,community_services_non_profits,http://www.traugutt.org/,2,,Gdańsk,54.2463215,18.6312246
Stowarzyszenie Trefl Pomorze,community_services_non_profits,http://www.treflpomorze.pl/,2,,Gdańsk,54.4255271,18.5782389
"Stowarzyszenie Trzymaj Się, Kocie",community_services_non_profits,http://trzymajsiekocie.com/,2,,Gdańsk,54.34864,18.58554
Stowarzyszenie WAGA,community_services_non_profits,http://www.stowarzyszeniewaga.pl/,,,Gdańsk,54.347198,18.642109
Stowarzyszenie Walki z Rakiem Płuca,community_services_non_profits,http://rakpluca.org.pl/,2,,Gdańsk,54.42262,18.58039
Stowarzyszenie Welcome,community_services_non_profits,https://stowarzyszenie-welcome.pl/,,,Gdańsk,54.39927,18.57639
Stowarzyszenie Wojownicy 15,community_services_non_profits,http://wojownicy15.pl/,2,,Gdańsk,54.3480822,18.6608665
Stowarzyszenie Wolna Przedsiębiorczość,community_services_non_profits,http://www.swp.gda.pl/,2,,Gdańsk,54.3523453,18.5893647
Stowarzyszenie Wspierania Rozwoju Aktywni Razem,community_services_non_profits,Ingen webbplats,2,,Gdańsk,54.3337577,18.958365
Stowarzyszenie Wszystko Dla Gdańska,community_services_non_profits,http://wszystkodlagdanska.pl/,,,Gdańsk,54.3550407,18.654487
Stowarzyszenie Żuławy,community_services_non_profits,http://www.stowarzyszeniezulawy.org.pl,,,Gdańsk,54.2137746,19.1128365
Studencka Poradnia Prawna Uniwersytetu WSB Merito,community_services_non_profits,Ingen webbplats,2,,Gdańsk,54.38907,18.58428
Świetlica Caritas im. Bł Carlo Acutisa,community_services_non_profits,https://www.caritas.gda.pl/placowki-cag/swietlica-ujescisko/?portfolioCats=109,,,Gdańsk,54.327604,18.590035
ŚWIETLICA collective space,community_services_non_profits,https://www.swietlicacowork.pl/,,,Gdańsk,54.37653,18.60793
Świetlica Krytyki Politycznej,community_services_non_profits,http://www.krytykapolityczna.pl/,,,Gdańsk,54.351616,18.6385165
Świetlica w Lipince NCKiB,community_services_non_profits,Ingen webbplats,,,Gdańsk,54.12162,19.12209
Świetlica w Tralewie NCKiB,community_services_non_profits,https://www.facebook.com/nckibtralewo,,,Gdańsk,54.10298,19.00109
Szafarnia Gdańsk,community_services_non_profits,Ingen webbplats,,,Gdańsk,54.3494783,18.6603156
Szansa-Start Gdańsk,community_services_non_profits,https://szansa-gdansk.pl/,2,,Gdańsk,54.3728561,18.6199551
Szanujmy Wspomnienia,community_services_non_profits,Ingen webbplats,,,Gdańsk,54.3813215,18.6013193
Szczep 31 Gdańsk Royal Rangers Polska,community_services_non_profits,http://www.royalrangers.pl/,2,,Gdańsk,54.41306,18.59077
Szczep Watra im. Floriana Marciniaka,community_services_non_profits,Ingen webbplats,2,,Gdańsk,54.3587333,18.5925529
Szkoła Podstawowa im. Św. Ojca Pio w Gdańsku,community_services_non_profits,Ingen webbplats,2,,Gdańsk,54.3343108,18.8428621
Szkwał-Morze Dla Młodzieży,community_services_non_profits,http://www.fundacjaszkwal.pl/,2,,Gdańsk,54.3792009,18.6009087
Team Gdańsk DLA Dzieci ,community_services_non_profits,https://www.siepomaga.pl/pomagacze/teamgdanskdladzieci_1,2,,Gdańsk,54.40777,18.56145
TKKF ORLEN,community_services_non_profits,http://tkkflorlen.pl/,2,,Gdańsk,54.34511,18.72384
Toastmasters Gdańsk,community_services_non_profits,http://www.toastmastersgdansk.pl/,2,,Gdańsk,54.4041621,18.5650375
Toastmasters Gdynia,community_services_non_profits,https://toastmastersgdynia.pl/,2,,Gdańsk,54.5189602,18.5358245
Toastmasters Sopot Leaders,community_services_non_profits,http://leadersacademy.pl/,2,,Gdańsk,54.3889264,18.5845365
Tolerado Stowarzyszenie na rzecz osób LGBT+,community_services_non_profits,http://www.tolerado.org/,,,Gdańsk,54.3762868,18.6151443
Towarzystwo Edukacyjne Wiedza Powszechna,community_services_non_profits,http://tewp.org.pl/,,,Gdańsk,54.3916402,18.5776206
Towarzystwo Miłośników Gdyni,community_services_non_profits,https://tmg.org.pl/,,,Gdańsk,54.5109573,18.5377811
Towarzystwo Przyjaciol Orlowa,community_services_non_profits,http://www.orlowo.gdynia.pl/,,,Gdańsk,54.481505,18.5640189
Towarzystwo Przyjazni Polsko-Francuskiej,community_services_non_profits,https://tppfgdynia.com.pl/,,,Gdańsk,54.5132563,18.5399328
Trójmiejska Grupa Poszukiwawczo-Ratownicza TGPR,community_services_non_profits,Ingen webbplats,2,,Gdańsk,54.4461904,18.556906
Trójmiejski Klub Kociewiaków,community_services_non_profits,Ingen webbplats,,,Gdańsk,54.3544693,18.6479702
Trójmiejski Patrol Obrony Praw Zwierząt,community_services_non_profits,http://www.tpopz.pl/,2,,Gdańsk,54.3734444,18.6247223
Trójmiejskie Ścieżki MTB,community_services_non_profits,https://zrzutka.pl/eexeu6,2,,Gdańsk,54.37157,18.63588
Trójmiejskie Stowarzyszenie Krótkofalowców,community_services_non_profits,http://sp2kds.pl/,,,Gdańsk,54.3493209,18.7057617
Uczelniana Rada Samorządu Studenckiego ASP w Gdańsku,community_services_non_profits,http://asp.gda.pl/pl/dzialalnosc_studencka_chor_asp,2,,Gdańsk,54.3503912,18.649013
Union of the Baltic Cities,community_services_non_profits,http://www.ubc.net/,,,Gdańsk,54.3523732,18.6455666
Up Foundation,community_services_non_profits,http://upfoundation.pl/,2,,Gdańsk,54.3755876,18.6062542
Urząd Miasta. Rada Dzielnicy Karwiny,community_services_non_profits,"https://bip.um.gdynia.pl/rada-dzielnicy-karwiny,1603/rada-dzielnicy-karwiny,363919",2,,Gdańsk,54.4725187,18.4968952
Urząd Miasta. Rada Dzielnicy Mały Kack,community_services_non_profits,"https://bip.um.gdynia.pl/rada-dzielnicy-maly-kack,1605/rada-dzielnicy-maly-kack,363921",2,,Gdańsk,54.4849084,18.5258829
Wanda Prątnicka - Fundacja,community_services_non_profits,https://wandapratnicka.pl/opetanie-przez-duchy/wstep/,2,,Gdańsk,54.516267,18.541217
Warsztat Terapii Zajęciowej w SPiR,community_services_non_profits,http://spir.org.pl/,2,,Gdańsk,54.375732,18.603375
Wawelska Gdańsk,community_services_non_profits,Ingen webbplats,2,,Gdańsk,54.328952,18.6132963
Wiesz Jak Nie Jest,community_services_non_profits,http://www.wieszjakniejest.pl/,2,,Gdańsk,54.34695,18.65708
Wolontariatgdansk,community_services_non_profits,http://www.wolontariatgdansk.pl/,2,,Gdańsk,54.3613448,18.6496898
WordCamp Gdynia,community_services_non_profits,https://gdynia.wordcamp.org/2025/,2,,Gdańsk,54.51612,18.54786
Woreczek Ryżu ogólnopolska akcja pomocy dzieciom,community_services_non_profits,https://woreczekryzu.pl/,2,,Gdańsk,54.5064827,18.5398149
WRS EiA,community_services_non_profits,https://eia.pg.edu.pl/organizacje,2,,Gdańsk,54.36842,18.61316
WRS ETI,community_services_non_profits,http://ftims.pg.edu.pl/wydzialowa-rada-studentow-ftims,2,,Gdańsk,54.37255,18.61994
"WTZ ""Bolek i Lolek""",community_services_non_profits,http://www.wtz-gdansk.pl/,,,Gdańsk,54.4071884,18.5966206
Yacht Club Gdańsk,community_services_non_profits,http://www.ycg.org.pl/,2,,Gdańsk,54.3494908,18.6601281
Yutube  Pomorska Telewizja Narodowa,community_services_non_profits,http://www.prezydentbezpartyjny.pl/,2,,Gdańsk,54.3957901,18.5720387
Zarząd Oddziałowy NSZZ FSG Przy Bieszczadzkim Oddziale Straży Granicznej,community_services_non_profits,http://www.morski.strazgraniczna.org/,2,,Gdańsk,54.40376,18.6521
Zarzad Regionu Gdańskiego NSZZ Solidarność,community_services_non_profits,http://www.solidarnosc.gda.pl/,2,,Gdańsk,54.3581029,18.6474193
"Zastęp ""Apatura Iris"" 13 KDH-ek ""Chata"" im. Krystyny Krahelskiej",community_services_non_profits,Ingen webbplats,2,,Gdańsk,54.5509605,18.5379791
Zatoka Marzeń,community_services_non_profits,http://stowarzyszeniezatokamarzen.prv.pl/,,,Gdańsk,54.3751832,18.6197907
ZHP Komenda Chorągwi Gdańskiej,community_services_non_profits,https://gdanska.zhp.pl/,,,Gdańsk,54.3484548,18.647807
Zjednoczeni Gdańsk/ Об'єднані Гданськ,community_services_non_profits,https://linktr.ee/zjednoczeni_gdansk?fbclid=PAAaZu2swpe-4k6l4VLuVHHtZNEM6KlguqtaSgHPRNi9oEqqO5--rNSTpEEzg,,,Gdańsk,54.4042157,18.5650614
ZNP Oddział w Gdyni,community_services_non_profits,http://www.znpgdynia.pl/,2,,Gdańsk,54.5142957,18.5303922
Zrzeszenie Kaszubsko -Pomorskie Pruszcz Gdański,community_services_non_profits,https://kaszubi.pl/o/pruszczgdanski,,,Gdańsk,54.26101,18.64373
Zrzeszenie Kaszubsko-Pomorskie,community_services_non_profits,https://kaszubi.pl/part/gdansk/index,,,Gdańsk,54.3503641,18.6522348
Zrzeszenie Kaszubsko-Pomorskie,community_services_non_profits,http://www.kaszubi.pl/,,,Gdańsk,54.3523152,18.6562953
Zrzeszenie Kaszubsko-Pomorskie,community_services_non_profits,https://kaszubi.pl/part/gdynia/index,,,Gdańsk,54.5128058,18.5417094
Zrzeszenie Kaszubsko-Pomorskie o/ Dębogórze Kosakowo,community_services_non_profits,http://www.fb.com/zkp.debogorze,,,Gdańsk,54.5898505,18.4813604
Żuławska LGD,community_services_non_profits,http://www.zulawskalgd.pl/,2,,Gdańsk,54.21463,19.11551
Zupa Niepokalanej,community_services_non_profits,https://www.redemptoryscigdynia.info/wspolnoty-parafialne/wolontariat-zupa-niepokalanej/wolontariat-zupa-niepokalanej/,2,,Gdańsk,54.5245099,18.5422076
Związek Gmin Pomorskich,community_services_non_profits,http://zgp.com.pl/,2,,Gdańsk,54.3435196,18.6460969
Związek Harcerstwa Polskiego Chorągiew Gdańska Hufiec Sopot,community_services_non_profits,http://www.sopot.zhp.pl/,2,,Gdańsk,54.4309504,18.5621907
Związek Harcerstwa Polskiego. Komenda Hufca Gdańsk - Portowa,community_services_non_profits,http://www.gdanskportowa.zhp.pl/,2,,Gdańsk,54.3484786,18.6478699
Związek Kynologiczny w Polsce,community_services_non_profits,http://www.zkwpgdynia.com/,2,,Gdańsk,54.5403445,18.4644479
Zwiazek Ludnosci Niemieckiej W Gdyni,community_services_non_profits,Ingen webbplats,,,Gdańsk,54.55486,18.48905
Związek Miast i Gmin Morskich,community_services_non_profits,http://zmigm.org.pl/,,,Gdańsk,54.3524229,18.6451841
Związek Piłsudczyków RP,community_services_non_profits,https://www.gdynia-pilsudski.pl/,2,,Gdańsk,54.5161535,18.5470865
Ad Libitum - Agencja Artystyczna ,cultural_center,http://www.youtube.com/@AdLibitum-AgencjaArtystyczna,2,,Gdańsk,54.1554065,19.3989714
Art 39,cultural_center,http://www.art39.pl/,,,Gdańsk,54.4798538,18.5568724
"Białoruskie Towarzystwo Kulturalne ""Chatka""",cultural_center,https://www.btkchatka.org/,,,Gdańsk,54.43485,18.56217
Domowa Klubokawiarnia w laczkach,cultural_center,https://www.instagram.com/w_laczkach_klubokawiarnia,,,Gdańsk,54.413701,18.5861421
Fundacja Chillout Classic,cultural_center,http://www.chilloutclassic.com/,,,Gdańsk,54.2831,18.5752
Fundacja Ogród Kreacji,cultural_center,http://ogrodkreacji.pl/,,,Gdańsk,54.4615846,18.5430143
Gdański Obszar Metropolitalny,cultural_center,https://www.instagram.com/gdansk.wizualnie/,2,,Gdańsk,54.3484577,18.6534729
Gdańskie Stowarzyszenie Jaś i Małgosia,cultural_center,http://www.jasimalgosia.org.pl/,,,Gdańsk,54.360701,18.6448579
Gdyńskie Centrum Kultury,cultural_center,http://www.konsulatkultury.pl/,,,Gdańsk,54.52319,18.53796
Goyki 3 Art Inkubator,cultural_center,http://www.goyki3.pl/,,,Gdańsk,54.4487001,18.5598597
kARTon,cultural_center,http://karton.network/,,,Gdańsk,54.3681179,18.61416
Kosakowskie Centrum Kultury,cultural_center,http://www.kulturakosakowo.pl/,,,Gdańsk,54.5938805,18.5002662
LASY,cultural_center,http://www.operalesna.pl/,,,Gdańsk,54.44468,18.54549
Mamuszki 14,cultural_center,Ingen webbplats,,,Gdańsk,54.451,18.56593
Morska 34 - Niezależny Dom Kultury,cultural_center,https://ndkm34.pl/,,,Gdańsk,54.5250324,18.5170323
Oliwski Ratusz Kultury,cultural_center,http://www.ratuszkultury.pl/,,,Gdańsk,54.4089089,18.5590012
Pałac Młodzieży im. Obrońców Poczty Polskiej w Gdańsku,cultural_center,http://pm.edu.gdansk.pl/,,,Gdańsk,54.3469298,18.6533314
Scena Muzyczna,cultural_center,https://gak.gda.pl/placowki/scena-muzyczna/,,,Gdańsk,54.32146,18.6296
Świetlica Wiejska w Różynach,cultural_center,Ingen webbplats,,,Gdańsk,54.20552,18.66453
The Baltic Sea Cultural Center,cultural_center,http://www.nck.org.pl/,,,Gdańsk,54.3539863,18.6481391
Zakład Kulturalny,cultural_center,http://zakladkulturalny.pl/,,,Gdańsk,54.4003614,18.5919989
Żuławski Ośrodek Kultury i Sportu,cultural_center,http://www.zokis.eu/,,,Gdańsk,54.2517099,18.8455911
Związek Ormiański w Gdańsku,cultural_center,Ingen webbplats,,,Gdańsk,54.34964,18.65608
3 City Voices,dance_school,http://www.3cityvoices.pl/,2,,Gdańsk,54.5481211,18.4677203
Aerial Dance S & silk Studio tańca w powietrzu i szpagatu,dance_school,Ingen webbplats,2,,Gdańsk,54.34383,18.6481687
Akademia Stepowania,dance_school,http://www.akademiastepowania.pl/,2,,Gdańsk,54.4345701,18.5610351
Akademia Sztuki Baletowej,dance_school,http://www.asb-balet.pl/,2,,Gdańsk,54.1560311,19.3933977
Akademia Talent. Grochowska R.,dance_school,https://akademiatalent.pl/,2,,Gdańsk,54.4162442,18.4508514
Akademia Tańca Smooth Pruszcz Gdański,dance_school,https://akademiatancasmooth.pl/,2,,Gdańsk,54.25307,18.64258
Artemida Pole Fitness Studio Sopot,dance_school,https://www.instagram.com/artemida_pole_fitness_sopot/,2,,Gdańsk,54.44456,18.55962
BLACK DANCE studio tańca,dance_school,Ingen webbplats,2,,Gdańsk,54.3277878,18.614545
Bodymental,dance_school,https://bodymental.eu/,2,,Gdańsk,54.4506266,18.5621977
Boso Dance Sopot,dance_school,http://www.bosodance.com/,2,,Gdańsk,54.4353,18.5621
Campania Taneczna,dance_school,http://www.campaniataneczna.pl/,2,,Gdańsk,54.2544948,18.6302547
Centrum Akrobatyki i Tańca / Pomorski Break Skills,dance_school,Ingen webbplats,2,,Gdańsk,54.3136258,18.5636303
Centrum Tańca Szczepan,dance_school,http://www.centrumtancaszczepan.pl,2,,Gdańsk,54.5214957,18.5206975
Confidance,dance_school,Ingen webbplats,2,,Gdańsk,54.4985992,18.4939787
Conga Dance,dance_school,https://congadance.pl/,2,,Gdańsk,54.4012865,18.6421518
Creative Dance Rumia,dance_school,http://www.creativedance.pl/,,,Gdańsk,54.5711686,18.4081442
Dagmara Dance Studio,dance_school,Ingen webbplats,2,,Gdańsk,54.500707,18.4575371
Dance Atelier Barbara Materka,dance_school,http://www.danceatelier.pl/,2,,Gdańsk,54.3931023,18.5838244
Dance Fusion,dance_school,http://www.dancefusion.com.pl/,,,Gdańsk,54.5161875,18.5343849
Dance Ocean Gdynia by Agnieszka Majsterek-Madajczak,dance_school,http://www.danceocean.pl/,2,,Gdańsk,54.5280993,18.5160757
DancePRO,dance_school,http://www.e-dancepro.pl/,2,,Gdańsk,54.3136255,18.5636355
El Dance,dance_school,http://www.eldance.pl/,2,,Gdańsk,54.5204633,18.5369723
Elite Pole Dance Studio,dance_school,http://www.polestudio-elite.pl/,2,,Gdańsk,54.3470407,18.5848725
Enzym Studio,dance_school,http://www.enzymstudio.pl/,2,,Gdańsk,54.3519289,18.5902145
ESENSAI Pole Dance Studio,dance_school,http://www.esensai.pl/,2,,Gdańsk,54.4072479,18.5702063
Fly Kids Dance Studio,dance_school,Ingen webbplats,2,,Gdańsk,54.2732345,18.5821078
Fred Astaire Dance Studio Gdańsk,dance_school,Ingen webbplats,2,,Gdańsk,54.3902104,18.5883272
Full Moon pole dance & stretching studio,dance_school,https://www.fullmoonstudio.pl/,2,,Gdańsk,54.343584,18.6485053
Fundacja Akademia Sztuki Baletowej,dance_school,http://www.asb-balet.pl/,,,Gdańsk,54.4572345,18.5353099
GDancing,dance_school,http://www.gdancing.pl/,2,,Gdańsk,54.50082,18.45704
ISTA School Poland,dance_school,http://istafeis.info/,2,,Gdańsk,54.421188,18.5698428
Just Dance,dance_school,https://www.justdance.pl/,2,,Gdańsk,54.3313145,18.5653073
JW Studio,dance_school,https://www.paypal.me/wereldancestudio,2,,Gdańsk,54.3512988,18.65446
K&W dance kids fun,dance_school,Ingen webbplats,2,,Gdańsk,54.3685161,18.6243959
Kamilla Studio - szkoła tańca,dance_school,Ingen webbplats,2,,Gdańsk,54.39766,18.578374
Klub Sportowy Kokartka,dance_school,http://www.kokartkamucha.pl/,2,,Gdańsk,54.5025032,18.5413318
Kolektyw RUCHU,dance_school,http://www.kolektyw-ruchu.pl/,2,,Gdańsk,54.407222,18.5715839
Kora Up,dance_school,Ingen webbplats,2,,Gdańsk,54.5582629,18.5056018
La Pasion dance studio.,dance_school,http://www.lapasion.pl/,2,,Gdańsk,54.3920553,18.5964452
Lejdis Studio Gdynia,dance_school,https://gdynia.lejdisstudio.com/,2,,Gdańsk,54.4837507,18.5478468
My Pole,dance_school,Ingen webbplats,2,,Gdańsk,54.3609708,18.7159926
MyWay Dance Academy,dance_school,http://mywaydance.pl/,2,,Gdańsk,54.34435,18.6523
Panther Dance,dance_school,http://www.panther-dance.com/,2,,Gdańsk,54.5541797,18.4994276
Peepsfeelvibe ,dance_school,Ingen webbplats,2,,Gdańsk,54.3150702,18.6277989
Pole Dance Skypole Pruszcz Gdański,dance_school,http://www.skypolegdansk.pl/,2,,Gdańsk,54.2645355,18.6333063
Salsa Club,dance_school,http://www.salsaclub.pl/,2,,Gdańsk,54.4175892,18.5724652
Skypole Aerial Studio,dance_school,http://www.skypolegdansk.pl/,2,,Gdańsk,54.3595696,18.5894781
Skypole Dance Studio Gdynia,dance_school,http://skypolegdansk.pl/,2,,Gdańsk,54.4690621,18.5038407
Smiley Vibes Dance Studio,dance_school,http://www.smileyvibes.pl/,2,,Gdańsk,54.3291378,18.5964867
So Fly Dance Studio,dance_school,http://www.so-fly.pl/,2,,Gdańsk,54.3740481,18.6116933
SoSalsa - Solidarity of Salsa,dance_school,http://www.sosalsa.pl/,2,,Gdańsk,54.3646902,18.6483899
Soszyńska Dance Academy,dance_school,http://www.soszynskadance.com/,2,,Gdańsk,54.38387,18.60672
STEP BY STEP - Twoja szkoła tańca w Trójmieście,dance_school,http://www.stepgdynia.pl/,2,,Gdańsk,54.58061,18.49214
Strefa Bez Grawitacji,dance_school,Ingen webbplats,2,,Gdańsk,54.5167358,18.5402229
Studio Tańca Artistic w Garnizonie Kultury,dance_school,http://studioartistic.pl/,,,Gdańsk,54.3807,18.58977
Studio Tańca DIAMONDS,dance_school,Ingen webbplats,2,,Gdańsk,54.2548213,18.6736023
Studio Tańca First Steps,dance_school,Ingen webbplats,2,,Gdańsk,54.5596389,18.4115186
Studio tańca Latino Cafe,dance_school,http://latinocafe.gd.pl/,2,,Gdańsk,54.5050754,18.5475083
Studio Tańca Mambo,dance_school,http://www.studio-tanca-mambo.pl/,2,,Gdańsk,54.3921179,18.406235
Studio Tańca PASJA,dance_school,Ingen webbplats,2,,Gdańsk,54.3917586,18.5812024
Studio Tańca SIEMANKO,dance_school,http://siemankostudio.pl/,2,,Gdańsk,54.3829129,18.6052715
Studio tańca towarzyskiego Tango,dance_school,http://www.tango.com.pl/,2,,Gdańsk,54.5571461,18.5476432
Swing Revolution,dance_school,https://swingrevolution.pl/,2,,Gdańsk,54.3415815,18.6610169
Szkoła Flamenco El Patio Gdynia,dance_school,Ingen webbplats,2,,Gdańsk,54.47088,18.46317
Szkoła Flamenco Gato Verde,dance_school,http://www.gatoverde.eu/,2,,Gdańsk,54.3780737,18.6054386
Szkoła Tańca Dance Avenue,dance_school,http://www.danceavenue.eu/,2,,Gdańsk,54.3777223,18.6209973
Szkoła Tańca Desire Dance,dance_school,http://desiredance.odoo.com/,2,,Gdańsk,54.5022954,18.4133932
Szkoła Tańca Iris,dance_school,http://www.tanieciris.pl/,2,,Gdańsk,54.3924333,18.5966036
Szkoła Tańca Towarzyskiego Wigor,dance_school,http://www.wigortaniec.com.pl/,2,,Gdańsk,54.4136919,18.5956339
Takie Studio Tańca,dance_school,http://www.takie.studio/,2,,Gdańsk,54.5250951,18.5368835
Tango Argentino Trójmiasto,dance_school,http://www.tangoargentino.pl/,2,,Gdańsk,54.3760719,18.5637303
Teal Dance Studio,dance_school,http://www.tealdance.pl/,2,,Gdańsk,54.4113895,18.5843161
Teatr Tańca dla dzieci Gdynia,dance_school,https://teatrtiyoway.pl/,,,Gdańsk,54.5359409,18.4894056
TOPdance Dance Studio,dance_school,http://www.topdance.pl/,2,,Gdańsk,54.4178836,18.5687006
Victory Dance Gdynia,dance_school,Ingen webbplats,2,,Gdańsk,54.5152005,18.5410047
Z-Dance Studio,dance_school,http://z-dance.pl/,2,,Gdańsk,54.4008225,18.595037
Z-dancing Kids,dance_school,http://www.zdancingkids.pl/,2,,Gdańsk,54.39907,18.6673699
Zespół SPIN,dance_school,https://spin-rumia.pl/,,,Gdańsk,54.5776807,18.4000231
ZUZANNAstudio,dance_school,http://ZUZANNAstudio.com/,2,,Gdańsk,54.5115345,18.5407081
ASICS,designer_clothing,https://www.asics.com/,2,,Gdańsk,54.3183109,18.5520243
Cinema City Krewetka,drive_in_theater,http://www.cinema-city.pl,2,,Gdańsk,54.3548797,18.6466655
Kino Pro,drive_in_theater,http://www.kinopro.pl/,2,,Gdańsk,54.4443183,18.5631612
Kino Helios,fair,"https://www.helios.pl/58,Gdansk/StronaGlowna/",2,,Gdańsk,54.3495189,18.6441375
Arbisz Jewellery,fashion,https://www.jubilerarbiszgdansk.pl/,2,,Gdańsk,54.3503149,18.6523855
Ateco,fashion,Ingen webbplats,2,,Gdańsk,54.3246816,18.6237138
BHPOWNIA,fashion,http://www.bhpownia.pl/,2,,Gdańsk,54.548686,18.467228
Bursztynowa Miss,fashion,http://www.bursztynowamiss.pl/,2,,Gdańsk,54.1600956,19.3932884
Centrum Kuźniczki,fashion,Ingen webbplats,,,Gdańsk,54.3817743,18.6084598
CICADA,fashion,https://cicadawatches.com/,2,,Gdańsk,54.5185,18.53508
Diamante Wear,fashion,http://diamante-wear.com/,2,,Gdańsk,54.4704467,18.4969044
Diamenty Kamila Jarczewska,fashion,http://Instagram.com/Diamentyjarczewska,2,,Gdańsk,54.35176,18.65042
Door Decor,fashion,http://www.doordecor.pl/,2,,Gdańsk,54.4219434,18.4426954
Eyephoria Sopot,fashion,Ingen webbplats,2,,Gdańsk,54.4435249,18.5650318
FALE,fashion,Ingen webbplats,2,,Gdańsk,54.451,18.56593
Grabowa 19,fashion,Ingen webbplats,2,,Gdańsk,54.37487,18.60447
Inmedio Trendy,fashion,Ingen webbplats,2,,Gdańsk,54.3911966,18.6096435
Intensywne Kursy Szycia IKS,fashion,http://www.emwudesign.com/,2,,Gdańsk,54.34177,18.62126
"Joanna Szymańska Krawiectwo i kaletnictwo ""żaba""",fashion,Ingen webbplats,2,,Gdańsk,54.259116,18.650948
Juszka,fashion,Ingen webbplats,2,,Gdańsk,54.50124,18.5381
Komis sukien ślubnych „Eleonora”,fashion,https://docs.google.com/forms/d/e/1FAIpQLScC5NUvOqmr1qyc9Fcrspq8w1UV3lQgi_792TR6pP0T56k9qw/viewform,2,,Gdańsk,54.36262,18.59241
L'Angella Butik - transmisje sprzedażowe live,fashion,http://langella.pl/,2,,Gdańsk,54.15859,19.36106
Lele Studio,fashion,http://www.lelestudio.pl/,2,,Gdańsk,54.5171385,18.5418051
Light Fragrance Cosmetics,fashion,https://lightfragrance.pasaz24.pl/,2,,Gdańsk,54.5048912,18.5427433
MAJA - Producent czapek dla dzieci,fashion,http://www.majagdynia.pl/,2,,Gdańsk,54.5499009,18.4424801
Mona Rena Studio,fashion,http://www.monarena.studio/,2,,Gdańsk,54.3859987,18.616601
"Motyle Sopot -atelier, workshop",fashion,http://www.motyle.net/,2,,Gdańsk,54.4408107,18.5723448
Nieszablonovo,fashion,Ingen webbplats,2,,Gdańsk,54.55424,18.52517
Parts MK Service,fashion,Ingen webbplats,2,,Gdańsk,54.442349,18.4178869
PHUP ZODIAK Jacek Gorzoch,fashion,https://www.trojmiasto.pl/Zodiak-J-Gorzoch-o40269.html,2,,Gdańsk,54.2561828,18.6382534
Pracownia Architektury Wnetrz Joanna Moldawiak,fashion,https://www.behance.net/pmoldawiak,2,,Gdańsk,54.1626129,19.3998226
Pracownia krawiecka i Warsztaty Nauki szycia Pomysl na Szycie,fashion,Ingen webbplats,2,,Gdańsk,54.383018,18.6215644
Pracownia Projektowa Kolomiyets&Moins,fashion,Ingen webbplats,2,,Gdańsk,54.34484,18.59075
Qmo Lumpek,fashion,Ingen webbplats,2,,Gdańsk,54.22682,18.62481
Robot s.c.,fashion,http://www.robot-24.pl/,2,,Gdańsk,54.5547196,18.5133518
Salonik Krawiecki Sofii,fashion,Ingen webbplats,2,,Gdańsk,54.4008451,18.6596205
Salonik u Ani,fashion,Ingen webbplats,2,,Gdańsk,54.26064,18.63674
Second Hand Gdynia,fashion,Ingen webbplats,2,,Gdańsk,54.5294,18.50446
Skandynawskie Uchwyty,fashion,https://skandynawskieuchwyty.pl/,2,,Gdańsk,54.3258694,18.6432187
Studio 1:1,fashion,http://www.studio-a-propos.com/,2,,Gdańsk,54.3605425,18.6500068
Studio Loko,fashion,http://www.loko.shop/,2,,Gdańsk,54.4440432,18.5606198
Studio Minka,fashion,Ingen webbplats,2,,Gdańsk,54.34885,18.59039
SuitMe,fashion,https://www.pawpalace.site/,2,,Gdańsk,54.55105,18.52341
Surprisebukiet,fashion,https://instagram.com/surprisebukiet?igshid=YmMyMTA2M2Y%3D,2,,Gdańsk,54.4064628,18.5804472
Tailors Club,fashion,https://tailorsclub.uk/,2,,Gdańsk,54.3828475,18.5895352
Tatuum,fashion,Ingen webbplats,2,,Gdańsk,54.3521534,18.5934406
Tatuum,fashion,Ingen webbplats,2,,Gdańsk,54.4041578,18.587873
Terranova,fashion,https://www.terranovastyle.com/,2,,Gdańsk,54.3565723,18.6488028
Textilmar,fashion,Ingen webbplats,2,,Gdańsk,54.54221,18.47162
Transam-Printmax,fashion,http://www.transam.com.pl/,2,,Gdańsk,54.3083886,18.6313715
tuuli concept,fashion,http://www.tuuliconcept.com/,2,,Gdańsk,54.5144225,18.5406196
Vicante Sklep Taneczny,fashion,http://www.vicante.com/,2,,Gdańsk,54.5506389,18.536332
W Hand Works,fashion,https://whandworks.com/,2,,Gdańsk,54.35766,18.68271
Wonder Flower Embroidery. Jewelry with miniatures,fashion,https://www.etsy.com/shop/WonderFlowerland,2,,Gdańsk,54.3283704,18.6107877
Zoi Atelier,fashion,Ingen webbplats,2,,Gdańsk,54.5112544,18.5463925
Forever Entertainment S.A.,game_publisher,http://www.forever-entertainment.com/,2,,Gdańsk,54.4958753,18.5381533
Forever Limited,game_publisher,http://www.forever-limited.com/,2,,Gdańsk,54.5198134,18.5357177
Trefl,game_publisher,http://www.trefl.com/,2,,Gdańsk,54.552211,18.4859753
Weird Johnny Studio,game_publisher,https://www.patreon.com/weirdjohnny,2,,Gdańsk,54.4003682,18.5919984
What The Frog,game_publisher,https://whatthefrog.pl/,2,,Gdańsk,54.35842,18.6466
247 Studio,graphic_designer,http://www.247studio.co/,2,,Gdańsk,54.523093,18.5547959
art24.pl,graphic_designer,http://art24.pl/,2,,Gdańsk,54.350212,18.6236382
Aspect,graphic_designer,https://aspect-creative.com/,2,,Gdańsk,54.3825638,18.6102233
Avocado Pracownia Twórcza,graphic_designer,http://www.avocadopt.com/,2,,Gdańsk,54.3586189,18.6834997
BratBrat Studio,graphic_designer,http://www.bratbrat.pl/,2,,Gdańsk,54.3507512,18.6517655
DDMS-Graphics,graphic_designer,https://www.ddms-graphics.com/,2,,Gdańsk,54.4997624,18.5062627
Design Port Łukasz Kotwica,graphic_designer,http://www.designport.pl/,2,,Gdańsk,54.5463938,18.5217487
Dom Liter,graphic_designer,Ingen webbplats,2,,Gdańsk,54.35052,18.64995
Drukomania.pl,graphic_designer,http://drukomania.pl/,2,,Gdańsk,54.33965,18.56324
Empressart Sylwia Mielczarek,graphic_designer,http://empressart.pl/,2,,Gdańsk,54.466781,18.4663196
Essentium,graphic_designer,http://www.essentium.pro/,2,,Gdańsk,54.3523855,18.6383396
EVC design studio,graphic_designer,https://www.behance.net/EVCdesignstudio,2,,Gdańsk,54.3828137,18.5895284
expertem,graphic_designer,https://expertem.wordpress.com/,2,,Gdańsk,54.3462426,18.529492
Foto Kadr,graphic_designer,http://www.fotokadr.pl/,2,,Gdańsk,54.4022287,18.5797679
GOOD BRAIN Studio,graphic_designer,https://gooodbrain.pl/,2,,Gdańsk,54.5010105,18.5156215
Graphoom,graphic_designer,http://www.graphoom.com/,2,,Gdańsk,54.56895,18.40324
Ilustracje Daniel Włodarski,graphic_designer,https://linktr.ee/danielwlodarski,2,,Gdańsk,54.5720617,19.3359375
JPP Projekt 3D,graphic_designer,http://www.jpp-5d.pl/,2,,Gdańsk,54.5431515,18.4616871
K16,graphic_designer,http://k16.com.pl/,2,,Gdańsk,54.4097757,18.569725
Karol Imiałkowski Many Colors,graphic_designer,http://www.manycolors.pl/,2,,Gdańsk,54.5136108,18.5298309
KASJO,graphic_designer,http://www.kasjo.pl/,2,,Gdańsk,54.538521,18.461693
KKT Studio,graphic_designer,http://www.kktstudio.pl/,2,,Gdańsk,54.4718863,18.4683274
Make Me Agencja Reklamowa,graphic_designer,http://www.make.com.pl/,2,,Gdańsk,54.5171178,18.5427261
PAN DRAGON Sp.z.o.o.,graphic_designer,http://www.pandragon.com.pl/,2,,Gdańsk,54.3742281,18.6239531
ParePikseli Agencja Interaktywna,graphic_designer,http://www.parepikseli.com/,2,,Gdańsk,54.4080835,18.5938434
ponad.pl,graphic_designer,https://ponad.pl/,2,,Gdańsk,54.4236383,18.4797227
prabucki.art,graphic_designer,http://www.prabucki-art.pl/,2,,Gdańsk,54.4130287,18.595099
PRACOWNIA,graphic_designer,http://www.pracownia.pl/,2,,Gdańsk,54.370689,18.508973
Pracownia Sita Suzito,graphic_designer,http://www.halokultura.org/,2,,Gdańsk,54.5222241,18.5339624
Prezentacje Multimedialne dla Firm i Design Re-Prezentacja,graphic_designer,https://re-prezentacja.pl/,2,,Gdańsk,54.4097778,18.5697229
Print Shaker,graphic_designer,http://printshaker.com/,2,,Gdańsk,54.5065014,18.5443283
Roche Studio,graphic_designer,https://www.rochestudio.eu/,2,,Gdańsk,54.3036793,18.614681
Solid Studio AB,graphic_designer,https://www.behance.net/alanbrzeziski,2,,Gdańsk,54.41396,18.58433
SOMI,graphic_designer,https://kontaktsomi.wixsite.com/somi-1,2,,Gdańsk,54.55108,18.50862
Studio 102 Sp. o.o.,graphic_designer,http://www.studio102.pl/,2,,Gdańsk,54.495898,18.5089495
Studio A4,graphic_designer,https://www.sa4.pl/,2,,Gdańsk,54.4709746,18.4720611
Studio Art and Chips,graphic_designer,https://www.behance.net/artandchips,2,,Gdańsk,54.440774,18.5589844
Studio graficzne Bang Bang Design,graphic_designer,http://bangbangdesign.pl/,2,,Gdańsk,54.3364255,18.5187943
Studio Graficzne Spectro,graphic_designer,http://studiospectro.pl/,2,,Gdańsk,54.4487123,18.5599042
Studio Graficzne Tomecki,graphic_designer,http://www.tomecki.pl/,2,,Gdańsk,54.2963034,18.5885437
Studio Grafiki i Reklamy,graphic_designer,https://studio-gr.pl/,2,,Gdańsk,54.5133368,18.537424
Studio KOZA,graphic_designer,https://studiokoza.pl/,2,,Gdańsk,54.38189,18.612189
Studio kreatywne Karolina Wieteska,graphic_designer,https://wieteska.net/,2,,Gdańsk,54.302698,18.6131103
Studio MF,graphic_designer,Ingen webbplats,2,,Gdańsk,54.5226377,18.542703
Studio Minuta 8,graphic_designer,http://www.minuta8.pl/,2,,Gdańsk,54.5213004,18.5368731
Szast i Prast,graphic_designer,https://szastiprast.pl/,2,,Gdańsk,54.4926174,18.4340901
Sztuka Projektowania,graphic_designer,https://sztuka-projektowania.pl/,2,,Gdańsk,54.3808954,18.5904034
Szymon Kaczmarek Design,graphic_designer,https://szymonkaczmarekdesign.myportfolio.com/,2,,Gdańsk,54.3496165,18.5629451
TOFU Studio,graphic_designer,http://www.tofu.pl/,2,,Gdańsk,54.3820562,18.6126397
TuszTusz,graphic_designer,http://tusztusz.com/,2,,Gdańsk,54.3809438,18.6161601
Unico-IT Sergiusz Kot,graphic_designer,http://www.unico-it.com/,2,,Gdańsk,54.5646816,18.4996149
Veksdesign Studio Graficzne,graphic_designer,http://www.veksdesign.pl/,2,,Gdańsk,54.5207379,18.5227845
We Mark,graphic_designer,http://www.wemark.pl/,2,,Gdańsk,54.4865837,18.4245952
whitegraphic,graphic_designer,http://www.whitegraphic.eu/,2,,Gdańsk,54.3389944,18.5189626
Yoiomi Studio,graphic_designer,https://yoiomi.com/,2,,Gdańsk,54.4605494,18.5496165
Zieleniarium Rayss Group,graphic_designer,https://rayssgroup.pl/,2,,Gdańsk,54.4313223,18.4703469
Archiwum Państwowe w Gdańsku,history_museum,http://www.gdansk.ap.gov.pl,2,,Gdańsk,54.357932,18.648114
Danzig - Westerplatte,history_museum,Ingen webbplats,2,,Gdańsk,54.4065375,18.6670022
DETEKT Usługi Archeologiczne,history_museum,https://www.detekt.com.pl/,2,,Gdańsk,54.3377468,18.5852876
Dwor Artusa,history_museum,http://www.muzeumgdansk.pl/,,,Gdańsk,54.3486844,18.6535951
Faktoria Pruszcz Gdański,history_museum,http://www.faktoria-pruszcz.pl/,,,Gdańsk,54.2498616,18.6233026
Fort Góry Gradowej,history_museum,Ingen webbplats,,,Gdańsk,54.355826,18.6385717
Fundacja Pomorska Inicjatywa Historyczna,history_museum,http://www.fundacja-pih.pl/,,,Gdańsk,54.5195629,18.5291843
Galeria Starych Zabawek,history_museum,http://www.stare-zabawki.pl/,,,Gdańsk,54.3499011,18.6513933
Gedania - STOP bezprawiu na historycznych terenach,history_museum,Ingen webbplats,2,,Gdańsk,54.3878,18.61312
Muzeum Archeologiczne w Gdańsku,history_museum,http://www.archeologia.pl/,,,Gdańsk,54.34932,18.65642
Muzeum II Wojny Światowej,history_museum,http://www.muzeum1939.pl/,,,Gdańsk,54.3558333,18.6605556
Muzeum Sopotu,history_museum,http://www.muzeumsopotu.pl/,,,Gdańsk,54.4399975,18.5760659
Muzeum Stutthof,history_museum,http://www.stutthof.org/,,,Gdańsk,54.3282215,19.1539532
Muzeum w Elblągu,history_museum,http://www.muzeum.elblag.pl/,,,Gdańsk,54.1567162,19.3942909
Oddział Pomorski Stowarzyszenia Muzealników Polskich,history_museum,http://muzealnicy.pomorze.pl/,,,Gdańsk,54.3505294,18.6573945
"ORP ""Błyskawica"" -  w marynarskich życiorysach",history_museum,http://www.muzeummw.pl/,2,,Gdańsk,54.51612,18.54786
ORP „Wicher” - wspomnienia,history_museum,Ingen webbplats,2,,Gdańsk,54.51836,18.55732
ORP Błyskawica,history_museum,http://www.muzeummw.pl,,,Gdańsk,54.519589,18.5509128
Ratusz Głównego Miasta,history_museum,http://www.muzeumgdansk.pl/,,,Gdańsk,54.3488781,18.6524072
Rybackie Mini Muzeum w Sopocie,history_museum,Ingen webbplats,,,Gdańsk,54.4374903,18.5795976
"Ship Museum ORP ""błyskawica"", Gdynia",history_museum,Ingen webbplats,,,Gdańsk,54.51841,18.55718
Stocznia Gdanska brama historyczna nr 2,history_museum,Ingen webbplats,,,Gdańsk,54.3605431,18.6487205
Strefa Historyczna Wolne Miasto Gdańsk,history_museum,http://www.strefahistorycznawmg.pl/,,,Gdańsk,54.34819,18.6556
Towarzystwo Przyjaciół Gdańska,history_museum,Ingen webbplats,,,Gdańsk,54.3516327,18.6576195
Twierdza Wisłoujście - Muzeum Historyczne Miasta Gdańska,history_museum,Ingen webbplats,,,Gdańsk,54.4368315,18.5705231
Westerplatte Walczy - Załoga,history_museum,Ingen webbplats,2,,Gdańsk,54.39262,18.69682
Wincenty Pol na Wyspie,history_museum,https://gak.gda.pl/placowki/wyspa-skarbow/muzeum/,2,,Gdańsk,54.3441882,18.8283024
Zuraw,history_museum,http://www.cmm.pl/zuraw,,,Gdańsk,54.3504822,18.6575003
Creative Make Up School Anna Żywiecka,image_consultant,https://www.instagram.com/anna_zywiecka_make_up/,2,,Gdańsk,54.4252689,18.4865811
Make Up Magdalena Wozińska,image_consultant,https://instagram.com/magdawozinska_makeup?igshid=YmMyMTA2M2Y%3D,2,,Gdańsk,54.4716037,18.5115178
Monika Deka GLAM Makeup,image_consultant,https://instagram.com/monika.deka.glam?igshid=MzRlODBiNWFlZA%3D%3D,2,,Gdańsk,54.4503367,18.5534717
VB Styl Wioletta Bartołd,image_consultant,https://www.vbstyl.pl/,2,,Gdańsk,54.4511067,18.5556426
4Rooms Studio,interior_design,http://4rooms-studio.pl/,2,,Gdańsk,54.2604455,18.6367936
Abu Dekorator Maciej Zaorski,interior_design,http://www.abu-dekorator.pl/,2,,Gdańsk,54.3447856,18.5540325
Achprojekt,interior_design,http://achprojekt.pl/,2,,Gdańsk,54.3549371,18.6639258
Adelina Interiors,interior_design,https://www.adelina-interiors.co/,2,,Gdańsk,54.35119,18.58706
AG Home-Project,interior_design,Ingen webbplats,2,,Gdańsk,54.321919,18.5824441
Agnieszka Kornacka Wykrój Wnętrza,interior_design,http://www.wykrojwnetrza.pl/,2,,Gdańsk,54.3271553,18.5956892
AJOT Pracownia Projektowa,interior_design,http://www.ajot-aranzacje.pl/,2,,Gdańsk,54.35646,18.65058
AKMO,interior_design,https://www.akmo.pl/,2,,Gdańsk,54.3893844,18.5980766
Alaska Studio,interior_design,http://www.studioalaska.pl/,2,,Gdańsk,54.5213775,18.5398933
Algorytmy,interior_design,https://algorytmy-pracownia-projektowa.business.site/,2,,Gdańsk,54.2637745,18.636248
Alkierz Architekci,interior_design,https://www.alkierzarchitekci.com/,2,,Gdańsk,54.5715469,18.4233249
All Space Pracownia Wnętrz,interior_design,http://www.domcerto.pl/,2,,Gdańsk,54.3564961,18.6500787
Allora Design,interior_design,http://www.allora.design/,2,,Gdańsk,54.4287387,18.5617447
Alternatywne.studio,interior_design,http://alternatywne.studio/,2,,Gdańsk,54.4062034,18.5569399
Anna Serafin Architektura Wnętrz,interior_design,Ingen webbplats,2,,Gdańsk,54.5089045,18.5320256
Arch-Boom,interior_design,http://arch-boom.com/,2,,Gdańsk,54.2487533,18.631022
Architekci.tech,interior_design,http://architekci.tech/,2,,Gdańsk,54.4296577,18.5624978
Architektów 21,interior_design,Ingen webbplats,2,,Gdańsk,54.47955,18.54289
Architektura Wnetrz Faltus Design,interior_design,http://faltusdesign.com/,2,,Gdańsk,54.5214046,18.5409278
Architektura Wnętrz Katarzyna Tumielewicz | Gdynia,interior_design,Ingen webbplats,2,,Gdańsk,54.4931083,18.4329712
Arpi Polska,interior_design,http://arpidesign.pl/pl/,2,,Gdańsk,54.3947264,18.5816303
Artbazastudio,interior_design,Ingen webbplats,2,,Gdańsk,54.4940213,18.5546229
ARTE interni Pracownia wnętrz,interior_design,http://www.arteinterni.pl/,2,,Gdańsk,54.4943275,18.4441962
Artemia Design,interior_design,http://www.artemiadesign.pl/,2,,Gdańsk,54.3854595,18.5916172
Arteska Helena Korzeniewska,interior_design,http://www.arteska.pl/,2,,Gdańsk,54.4946546,18.5437606
Asymetric studio,interior_design,http://asymetric-studio.com/,2,,Gdańsk,54.4283677,18.5619593
B Form Studio Projektowe,interior_design,http://b-formstudio.pl/,2,,Gdańsk,54.5828178,18.4811365
Baltic Interiors,interior_design,http://www.baltic-interiors.com/,2,,Gdańsk,54.4288842,18.5618755
Bene Studio,interior_design,https://benestudio.pl/,2,,Gdańsk,54.5406487,18.4681552
Besign Studio,interior_design,http://studiobesign.pl/,2,,Gdańsk,54.4806696,18.5567371
Biuro kreacja,interior_design,http://www.biuro-kreacja.pl/,2,,Gdańsk,54.5212185,18.5413599
BK-Art Projektowanie wnetrz,interior_design,http://www.bk-art.pl/,2,,Gdańsk,54.3176368,18.581524
Black Flamingo Projektowanie Wnętrz,interior_design,http://www.blackflamingo.com.pl/,2,,Gdańsk,54.4231659,18.5621621
CHATANOWA projektowanie i wykonawstwo,interior_design,https://chatanowa.pl/,2,,Gdańsk,54.4775922,18.5434399
City Code Design Aleksandra Narewska,interior_design,http://myfolio.com/aleksandra_narewska,2,,Gdańsk,54.3481357,18.5794269
"CONCEPTOWNIA | wykończenia pod klucz, projekty i remonty wnętrz",interior_design,http://conceptownia.com/,2,,Gdańsk,54.5201012,18.5338417
Cud Mood,interior_design,Ingen webbplats,2,,Gdańsk,54.43626,18.574611
D-Zone,interior_design,https://www.instagram.com/d____zone/,2,,Gdańsk,54.3599178,18.6271484
D' Interior. Architekt Wnętrz,interior_design,https://d-interior.pl/,2,,Gdańsk,54.3881688,18.5899323
D'Interior,interior_design,https://d-interior.pl/,2,,Gdańsk,54.4802732,18.5531642
Damson Interiors,interior_design,Ingen webbplats,2,,Gdańsk,54.4442384,18.5633379
Decoretti,interior_design,http://www.decoretti.pl/,2,,Gdańsk,54.3563268,18.6500974
DEEP,interior_design,http://www.deeppracownia.pl/,2,,Gdańsk,54.5200303,18.5255636
Dekorian Home,interior_design,Ingen webbplats,2,,Gdańsk,54.4072389,18.569073
Design Me Studio,interior_design,Ingen webbplats,2,,Gdańsk,54.2668447,18.6637422
Deso Studio,interior_design,http://www.desostudio.pl/,2,,Gdańsk,54.4110997,18.5771616
Dirham Dekoracje,interior_design,http://www.dirham.pl/,2,,Gdańsk,54.441641,18.5547619
Dizain Rum,interior_design,http://www.dizainrum.pl/,2,,Gdańsk,54.4016333,18.5907522
Dizard Studio Projektowania Wnętrz,interior_design,https://www.instagram.com/dizaro_studio/,2,,Gdańsk,54.3795638,18.5803297
Dobra Robota,interior_design,Ingen webbplats,2,,Gdańsk,54.3515345,18.5927177
Dobre Projekty,interior_design,http://www.dobreprojekty.com/,2,,Gdańsk,54.3381887,18.5680769
Doktor Trawnik,interior_design,http://www.doktortrawnik.pl/,2,,Gdańsk,54.4948443,18.4183511
Dominik Ozog Tamarind,interior_design,http://www.tamarind.pl/,2,,Gdańsk,54.4838914,18.5285798
Dos Cha Studio Julia Chalimoniuk,interior_design,https://www.doschastudio.pl/,2,,Gdańsk,54.5156635,18.5326202
Dubiński Pracownia Stolarki Artystycznej,interior_design,http://www.dubinski.pl/,2,,Gdańsk,54.10005,18.78061
EGAD Ewa Gruda Architecture and Design,interior_design,http://www.ewagruda.pl/,2,,Gdańsk,54.3837432,18.5822536
El-Projekt,interior_design,http://www.el-projekty.pl/,2,,Gdańsk,54.5283963,18.4994835
Elite Create Estate,interior_design,https://www.elitecreategroup.com/,2,,Gdańsk,54.44405,18.56062
Fabryka Wnętrz Lucyna Stanek,interior_design,http://www.fabrykawnetrz-fw.pl/,2,,Gdańsk,54.384142,18.6088205
FAVA Studio,interior_design,http://www.favastudio.pl/,2,,Gdańsk,54.3759196,18.6109116
Feng-Shui Senska,interior_design,http://www.fengshui99.pl/,2,,Gdańsk,54.4086238,18.5643536
FLK ARCHITEKTURA Piotr Flisikowski,interior_design,https://www.flkarchitektura.com/,2,,Gdańsk,54.3478958,18.6089599
FloorMos,interior_design,http://www.floormos.pl/,2,,Gdańsk,54.4408249,18.4139354
Flow Interiors,interior_design,http://flowinteriors.pl/,2,,Gdańsk,54.34265,18.6549412
Form Design,interior_design,http://www.form-design.pl/,2,,Gdańsk,54.5251629,18.5418939
Forma Collection,interior_design,http://www.studioforma.com.pl/,2,,Gdańsk,54.4788643,18.5532361
Galeria Drzwi Prestige w Sopocie,interior_design,https://www.galeria-prestige.pl/,2,,Gdańsk,54.4495667,18.5564215
Galerie Venis | Trójmiasto,interior_design,https://galerievenis.pl/,2,,Gdańsk,54.4806222,18.5518969
Gdprojekt Sp. z o.o.,interior_design,http://gdprojekt.pl,2,,Gdańsk,54.2699284,18.6265942
Gdyńska Ekipa - Remonty i wykończenia wnętrz,interior_design,https://gdynskaekipa.pl/,2,,Gdańsk,54.5004563,18.4722438
Glaza Interiors,interior_design,https://glazainteriors.pl/,2,,Gdańsk,54.39076,18.5758
Gołębiewscy Wnętrza,interior_design,http://www.golebiewscywnetrza.pl/,2,,Gdańsk,54.3463385,18.6013583
Grast & MTB Designer,interior_design,http://podklucz.grast-mtb.pl/,2,,Gdańsk,54.3491667,18.6664395
Green Step,interior_design,http://greenstep.pl/,2,,Gdańsk,54.3239369,18.5491532
GT Projekt,interior_design,http://www.gtprojekt.com.pl/,2,,Gdańsk,54.301067,18.592639
Halo Wnętrza,interior_design,https://halownetrza.pl/,2,,Gdańsk,54.4158272,18.5619487
Hatch Studio,interior_design,http://www.hatchstudio.pl/,2,,Gdańsk,54.5232467,18.545147
Healthy Beauty Studio Beata Krasińska,interior_design,Ingen webbplats,2,,Gdańsk,54.2969108,18.591024
Home Effect,interior_design,http://www.homeeffect.pl/,2,,Gdańsk,54.3468192,18.5900272
Home England,interior_design,http://www.homeengland.pl/,2,,Gdańsk,54.3919745,18.5846914
Home Staging i Projektowanie Wnętrz Anna Pilch,interior_design,Ingen webbplats,2,,Gdańsk,54.26762,18.6743
IDEALNIE Pracownia Projektowa,interior_design,http://www.pracowniaidealnie.pl/,2,,Gdańsk,54.3813436,18.5906149
Innova Studio,interior_design,http://www.innovastudio.pl/,2,,Gdańsk,54.3440765,18.5959628
Interior Design Dubaj Magdalena,interior_design,http://dubaj.net.pl/,2,,Gdańsk,54.4750779,18.5042825
Intermixtura,interior_design,https://intermikstura.wixsite.com/intermikstura,2,,Gdańsk,54.3550667,18.4184874
IR-KO Ireneusz Kot,interior_design,Ingen webbplats,2,,Gdańsk,54.1347146,19.007666
Jazda Próbna Kuchni HORST,interior_design,http://www.horst.pl/jazdaprobnakuchni,2,,Gdańsk,54.5397,18.48922
Jedna Druga,interior_design,https://www.jednadruga.com/,2,,Gdańsk,54.3752051,18.6164737
Jedyne Takie Wnetrza,interior_design,https://www.jedynetakiewnetrza.pl/,2,,Gdańsk,54.3839558,18.6079634
Jera Design,interior_design,https://jeradesign.pl/,2,,Gdańsk,54.4542835,18.5495626
Joanna Bandurska Design,interior_design,Ingen webbplats,2,,Gdańsk,54.1587658,19.3935579
JoEmi Home Aranżacja Wnętrz,interior_design,https://www.instagram.com/joemi_home_aranzacja_wnetrz/,2,,Gdańsk,54.3870311,18.6219854
Jt Grupa Architekci,interior_design,http://www.jtgrupa.pl/,2,,Gdańsk,54.3740213,18.6023403
Kaan Wnętrza,interior_design,http://www.kaanwnetrza.pl/,2,,Gdańsk,54.3159757,18.604065
KAKAWO Projektowanie i Zabudowa Wnętrz,interior_design,http://kakawo.pl/,2,,Gdańsk,54.3892411,18.5888951
Karo Realizacje,interior_design,http://www.karorealizacje.pl/,2,,Gdańsk,54.3446958,18.6229659
KartA Pracownia Projektowa Katarzyna Cimochowska,interior_design,http://pracowniakarta.pl/,2,,Gdańsk,54.3969791,18.6001928
Katarzyna Lewicka,interior_design,http://www.katarzynalewicka.pl/,2,,Gdańsk,54.3506353,18.6568577
KoKa Design,interior_design,Ingen webbplats,2,,Gdańsk,54.3988261,18.6463183
kolorum,interior_design,http://www.kolorum.pl/,2,,Gdańsk,54.16144,19.39924
Krzysztof Kowalski Sprzedaż Artykułów Wyposażenia Wnętrz,interior_design,Ingen webbplats,2,,Gdańsk,54.3908327,18.6107405
Kształt Rzeczy,interior_design,http://www.ksztaltrzeczy.pl/,2,,Gdańsk,54.380851,18.625756
KubisBud Wykończenia Wnętrz Szymon Kubiś,interior_design,Ingen webbplats,2,,Gdańsk,54.3756635,18.6070906
Kuldesign,interior_design,http://www.kuldesign.pl/,2,,Gdańsk,54.3023754,18.6135435
KZB Design Studio projektowe Kamila Zofia Bednarz,interior_design,https://kzb-design.pl/,2,,Gdańsk,54.329338,18.6987305
Ladeco,interior_design,http://www.ladeco.pl/,2,,Gdańsk,54.5305365,18.5396754
Ładniak Design,interior_design,Ingen webbplats,2,,Gdańsk,54.476716,18.5051651
Ładny Projekt,interior_design,http://ladny-projekt.pl/,2,,Gdańsk,54.3765869,18.6078008
Lass.Form.,interior_design,Ingen webbplats,2,,Gdańsk,54.479969,18.553122
Leipuri Interiors,interior_design,https://leipuri.com.pl/,2,,Gdańsk,54.3443983,18.584485
LOFT Magdalena Adamus,interior_design,https://www.loft-architekci.pl/,2,,Gdańsk,54.43279,18.55846
LOQM Zuzanna Motus Architektura Wnętrz,interior_design,http://www.LOQM.pl/,2,,Gdańsk,54.321548,18.5784778
Lovedoors by Magdalena Sidoruk,interior_design,https://www.lovedoors.pl/,2,,Gdańsk,54.1600798,19.3960115
Lussoo Design | Biuro projektowania wnętrz,interior_design,http://lussoo.design/,2,,Gdańsk,54.3084193,18.6025182
Lux Interiors,interior_design,https://luxinteriors.com.pl/,2,,Gdańsk,54.4400999,18.5581905
M2O Studio,interior_design,http://www.m2ostudio.pl/,2,,Gdańsk,54.515453,18.5411153
M3 Studio Wnetrz,interior_design,https://www.m3studiownetrz.pl/,2,,Gdańsk,54.4030242,18.4005376
MA concept,interior_design,http://www.ma-concept.pl/,2,,Gdańsk,54.523572,18.5441261
Magnetic World Arkadiusz Wojciech Nieznalski,interior_design,http://worldartdesign.pl/,2,,Gdańsk,54.3433862,18.663829
Mania Design,interior_design,Ingen webbplats,2,,Gdańsk,54.46797,18.483
MAPI studio,interior_design,http://mapistudio.pl/,2,,Gdańsk,54.3468878,18.602782
Mari Home,interior_design,http://www.instagram.com/marihome.gdynia,2,,Gdańsk,54.5106768,18.5377271
Mark Construction Sp. z o.o.,interior_design,http://www.mark-remonty.pl/,2,,Gdańsk,54.3628554,18.7066385
Masalon Design,interior_design,https://masalondesign.pl/,2,,Gdańsk,54.401487,18.6443831
Masz Design,interior_design,http://www.maszdesign.pl/,2,,Gdańsk,54.5249685,18.5416884
MdoKwadratu,interior_design,http://mdokwadratu.pl/,2,,Gdańsk,54.5609507,18.4009693
Meblościanka Studio,interior_design,http://www.mebloscianka-studio.pl/,2,,Gdańsk,54.45589,18.54006
Meteor Studio,interior_design,http://meteorstudio.pl/,2,,Gdańsk,54.4378387,18.5646685
MINT Studio Wnętrz,interior_design,http://www.mintstudiownetrz.pl/,2,,Gdańsk,54.3956067,18.6028491
mJoy,interior_design,https://mjoy.pl/,2,,Gdańsk,54.3483068,18.6618429
Morskie Wnętrza,interior_design,http://morskiewnetrza.pl/,2,,Gdańsk,54.4230234,18.5616303
MPRO,interior_design,http://mpro3m.pl/,2,,Gdańsk,54.2590329,18.6258061
MProjekt Milena Baranowska Paliwoda,interior_design,http://www.mprojekt-studio.pl/,2,,Gdańsk,54.5473426,18.5208529
Mucha Design,interior_design,http://www.mucha-design.pl/,2,,Gdańsk,54.4816946,18.5322697
Niebanalne wnętrza,interior_design,http://niebanalnewnetrza.pl/,2,,Gdańsk,54.3599037,18.4577892
NOTO PLAN Magdalena Abraham,interior_design,Ingen webbplats,2,,Gdańsk,54.5506877,18.4354155
Nouvelle sp. z o.o.,interior_design,Ingen webbplats,2,,Gdańsk,54.4843583,18.53721
NoWazka design,interior_design,http://nowazkadesign.pl/,2,,Gdańsk,54.51853,18.53803
Nurt.studio Justyna Marczak,interior_design,http://nurt.studio/,2,,Gdańsk,54.4118757,18.6021213
Odnova Wnetrza,interior_design,https://odnova-wnetrza.pl/,2,,Gdańsk,54.3347848,18.5027036
Ojasumi Projekt Studio,interior_design,http://www.ojasumi.pl/,2,,Gdańsk,54.2554735,18.5951927
ONAdesign,interior_design,http://www.onadesign.pl/,2,,Gdańsk,54.438649,18.5702836
Ordinato Projektowa Wnętrz,interior_design,http://ordinato.pl/,2,,Gdańsk,54.3581084,18.6474132
Paslani Studio,interior_design,Ingen webbplats,2,,Gdańsk,54.39987,18.40214
Perspektywa Studio Projektowe,interior_design,http://www.perspektywa-studio.pl/,2,,Gdańsk,54.3560223,18.6687365
POKA POKA Apartments Interiors Design,interior_design,http://www.pokapokadesign.pl/,2,,Gdańsk,54.399031,18.610775
Pracownia 63A,interior_design,http://www.pracownia63a.pl/,2,,Gdańsk,54.439619,18.5745523
Pracownia Dobrych Wnetrz,interior_design,http://www.pracowniadobrychwnetrz.pl/,2,,Gdańsk,54.3413866,18.5691115
Pracownia Projektowa F-Studio,interior_design,https://pracowniafstudio.pl/,2,,Gdańsk,54.5247056,18.543149
Pracownia Projektowa Jakub Lemka,interior_design,http://domilimetra.pl/,2,,Gdańsk,54.4429811,18.5583769
Pracownia Projektowa JMC,interior_design,http://jmc-pracownia.pl/,2,,Gdańsk,54.3181344,18.5613273
Pracownia Projektowa Patrycja Majewicz,interior_design,http://www.pmajewicz.pl/,2,,Gdańsk,54.4996424,18.5162943
Pracownia Wnętrz | Gdansk,interior_design,Ingen webbplats,2,,Gdańsk,54.4027688,18.571525
Pracownia Wnętrz Strefa Zmian,interior_design,https://pracowniastrefazmian.pl/,2,,Gdańsk,54.401469,18.5979474
Pracowniapolka,interior_design,http://www.pracowniapolka.pl/,2,,Gdańsk,54.3885511,18.5904759
Projectoria Ela Watras,interior_design,http://www.projectoria.pl/,2,,Gdańsk,54.4799482,18.5557821
Projekt 5R,interior_design,https://www.projekt5r.pl/,2,,Gdańsk,54.4366232,18.5613126
Projektooje,interior_design,http://www.projektooje.pl/,2,,Gdańsk,54.33518,18.56151
Projektowanie wnętrz - Create Design,interior_design,http://www.createdesign.pl/,2,,Gdańsk,54.4226385,18.4754121
Projektowanie wnętrz Indygo Wnętrza,interior_design,https://indygo-wnetrza.pl/,2,,Gdańsk,54.3569972,18.6812409
Projektownia,interior_design,http://projekty-sklepow.pl/,2,,Gdańsk,54.52835,18.5335516
Przestrzeń Kreatywna,interior_design,https://przestrzen-kreatywna.pl/,2,,Gdańsk,54.34864,18.58554
Qroom Design,interior_design,https://www.qroomdesign.com/pl,2,,Gdańsk,54.5129302,18.5399293
Raca Studio,interior_design,http://racastudio.pl/,2,,Gdańsk,54.3729446,18.6009793
Rapan.pl Rafał Pankowski,interior_design,http://rapan.pl/,2,,Gdańsk,54.51739,18.5432
Reiter: ogrodzenia i bramy,interior_design,http://www.reiter.org.pl/,2,,Gdańsk,54.3363187,18.559511
Remont mieszkań Gdańsk - Your Interior,interior_design,http://www.cob-inwestycje.eu/,2,,Gdańsk,54.350781,18.5869471
Rockbird,interior_design,Ingen webbplats,2,,Gdańsk,54.3582155,18.6463807
Ryszard Fedorowicz Oversize,interior_design,http://studioprzekaz.pl,2,,Gdańsk,54.4712108,18.5039521
Safranow Architektura i wnętrza,interior_design,https://safranow.pl/,2,,Gdańsk,54.3815104,18.5876665
Sempre Art,interior_design,https://sempreart.pl/,2,,Gdańsk,54.3175405,18.5559184
SMart studio,interior_design,http://www.studio-smart.pl/,2,,Gdańsk,54.3891737,18.5887368
Smola Wnętrza,interior_design,Ingen webbplats,2,,Gdańsk,54.4080779,18.5935432
Soho Interior Design Sp. z o.o.,interior_design,Ingen webbplats,2,,Gdańsk,54.3486799,18.6605643
Sota Studio architektura wnętrz,interior_design,Ingen webbplats,2,,Gdańsk,54.3470746,18.548984
SPATIO Projektowanie Wnętrz,interior_design,https://spatioprojekty.pl/,2,,Gdańsk,54.3551155,18.5096046
Strefa Architektury,interior_design,http://www.strefaarchitektury.com.pl/,2,,Gdańsk,54.4074703,18.5744629
Studio 360,interior_design,http://www.studio360.com.pl/,2,,Gdańsk,54.4151877,18.5747407
STUDIO annastasyk,interior_design,https://www.annastasyk.com/,2,,Gdańsk,54.4039781,18.5713
studio Potorska,interior_design,http://studioPotorska.com/,2,,Gdańsk,54.3913573,18.5735874
Studio PROTZA,interior_design,http://www.protza.com/,2,,Gdańsk,54.3729756,18.6010802
StudioPoziom,interior_design,https://studiopoziom.pl/,2,,Gdańsk,54.5241436,18.5139894
Szafranova Studio,interior_design,http://szafranovastudio.com/,2,,Gdańsk,54.2691153,18.5610488
Szydlik Wnętrza,interior_design,http://szydlikwnetrza.pl/,2,,Gdańsk,54.4639933,18.4546689
Tall Studio. Meble kuchenne,interior_design,http://tallstudio.com.pl/,2,,Gdańsk,54.3550323,18.5221836
TeWnetrza,interior_design,http://www.aranzacjepodklucz.pl/,2,,Gdańsk,54.5084488,18.5313373
Uklad Idealny,interior_design,http://uklad-idealny.pl/,2,,Gdańsk,54.4011877,18.5660765
Urban Stories,interior_design,http://www.urbanstories.pl/,2,,Gdańsk,54.4915067,18.542736
UrboDomus,interior_design,http://urbodomus.pl/,2,,Gdańsk,54.4079816,18.574326
Wojrem Usługi Remontowo-Wykończeniowe,interior_design,Ingen webbplats,2,,Gdańsk,54.3242454,18.6134056
Wsedno,interior_design,http://biurowsedno.pl/,2,,Gdańsk,54.3427869,18.6639947
Wykrzyknik Studio,interior_design,http://wykrzyknikstudio.com.pl/,2,,Gdańsk,54.4388107,18.5591589
Wytwórnia Wnętrz,interior_design,Ingen webbplats,2,,Gdańsk,54.2600014,18.6479474
yop_pracownia projektowa,interior_design,http://www.yopdesign.pl/,2,,Gdańsk,54.50658,18.54617
Zdrodowska Wnętrza,interior_design,http://www.zdrodowskawnetrza.pl/,2,,Gdańsk,54.445593,18.5614295
Zdybel Wnętrza,interior_design,Ingen webbplats,2,,Gdańsk,54.3604298,18.581766
Zig Zag Projektowanie Wnętrz,interior_design,https://www.zigzag.com.pl/,2,,Gdańsk,54.5232622,18.5451321
ZONA Interior Design,interior_design,http://www.zonainteriors.com/,2,,Gdańsk,54.3748424,18.604602
Zu.art Zuzanna Komenda,interior_design,https://www.instagram.com/zu.art___/,2,,Gdańsk,54.3563767,18.5699967
Zuzaprojektuje,interior_design,https://zuzaprojektuje.pl/,2,,Gdańsk,54.3885132,18.5983124
American Corner Gdansk,library,http://www.wbpg.org.pl/american_corner_gdansk,,,Gdańsk,54.3512741,18.6439375
Biblioteczka Osowska,library,Ingen webbplats,,,Gdańsk,54.4251194,18.4740953
Biblioteczka w Kasztanowcu,library,Ingen webbplats,,,Gdańsk,54.2850066,18.6381361
Biblioteka Akademii Muzycznej,library,http://biblioteka.amuz.gda.pl/,,,Gdańsk,54.344738,18.6626996
Biblioteka Elblaska,library,http://www.bibliotekaelblaska.pl/,,,Gdańsk,54.1573989,19.393674
Biblioteka Gdańskich Szkół Autonomicznych,library,Ingen webbplats,,,Gdańsk,54.3559474,18.6562031
Biblioteka Gdynia. Dyrekcja,library,http://www.bibliotekagdynia.pl/,,,Gdańsk,54.5055801,18.5364931
Biblioteka Główna AMW,library,http://www.bg.amw.gdynia.pl/,,,Gdańsk,54.5436986,18.5417833
Biblioteka Główna Uniwersytetu Gdańskiego,library,http://ug.edu.pl/uniwersytet/struktura_ug/library_university_gdansk,,,Gdańsk,54.3971352,18.5745654
Biblioteka Historii Kultury,library,https://etnologia.ug.edu.pl/biblioteka_antropologiczna,,,Gdańsk,54.3537087,18.6474554
Biblioteka i świetlica w Tujsku,library,Ingen webbplats,,,Gdańsk,54.27561,19.13575
Biblioteka Lawendowa,library,Ingen webbplats,,,Gdańsk,54.3267329,18.5676964
Biblioteka Manhattan,library,http://www.bibliotekamanhattan.pl,,,Gdańsk,54.3772964,18.6072806
Biblioteka Miejska Filia nr 7,library,Ingen webbplats,,,Gdańsk,54.51343,18.53276
Biblioteka Młodego Czytelnika BULAJ,library,Ingen webbplats,,,Gdańsk,54.1573757,19.3949899
Biblioteka Morskiej Szkoły Podstawowej w Gdańsku,library,"http://morskaszkola.pl/biblioteka,947,pl.html",,,Gdańsk,54.3322802,18.5972196
Biblioteka na Żuławach,library,http://kulturatutaj.pl/,,,Gdańsk,54.2926508,18.7217748
Biblioteka Obłuże,library,bibliotekagdynia.pl,,,Gdańsk,54.5518184,18.5022108
Biblioteka Oliwska,library,http://www.wbpg.org.pl/filia_nr_2,,,Gdańsk,54.4097567,18.5642433
Biblioteka Pilotów,library,Ingen webbplats,,,Gdańsk,54.3924723,18.5970618
Biblioteka pod Kotem i Mysza,library,http://www.wbpg.org.pl/filia_nr_7,,,Gdańsk,54.383422,18.6134176
Biblioteka Pod Żabką,library,Ingen webbplats,,,Gdańsk,54.54292,18.46077
Biblioteka pod Żółwiem,library,http://www.wbpg.org.pl/biblioteka_pod_zolwiem,,,Gdańsk,54.3501967,18.6560166
Biblioteka Politechniki Gdańskiej / Gdańsk Tech Library,library,http://pg.edu.pl/biblioteka-pg/,,,Gdańsk,54.37161,18.61926
Biblioteka Publiczna Gminna Muzeum miodu,library,http://gbppszczolki.pl/,,,Gdańsk,54.1734106,18.7007461
Biblioteka Publiczna Gminy Kosakowo,library,http://www.biblioteka.kosakowo.eu/,,,Gdańsk,54.5876269,18.4922004
Biblioteka Publiczna Gminy Sztutowo,library,http://www.bpsztutowo.pl/,,,Gdańsk,54.3293599,19.1717532
Biblioteka Publiczna Miasta i Gminy Nowy Dwór Gdański,library,http://bpndg.org/,,,Gdańsk,54.2139303,19.1130192
"Biblioteka Publiczna nr.26, Gospody 3b",library,Ingen webbplats,,,Gdańsk,54.4207903,18.5839392
Biblioteka Publiczna w Ostaszewie,library,Ingen webbplats,,,Gdańsk,54.21442,18.9498
Biblioteka Sopocka,library,http://mbp.sopot.pl/,,,Gdańsk,54.4482652,18.5594888
"Biblioteka Społeczna Stowarzyszenia ""Przyjazne Pomorze""",library,http://www.bibliotekapp.pl/,,,Gdańsk,54.3605409,18.7119011
Biblioteka Topolówka,library,http://lo3.edu.gdansk.pl/pl,,,Gdańsk,54.3773,18.59564
Biblioteka Ukraińska w Gdańsku,library,Ingen webbplats,,,Gdańsk,54.4040931,18.56505
Biblioteka Uniwersytetu Gdańskiego,library,http://www.bg.ug.edu.pl/,,,Gdańsk,54.3971486,18.5744551
Biblioteka Uniwersytetu WSB Merito w Gdańsku,library,https://biblioteka.gdansk.merito.pl/?bID=93,,,Gdańsk,54.3906,18.58492
Biblioteka w Jantarze,library,Ingen webbplats,,,Gdańsk,54.3323,19.03452
Biblioteka z Pasją,library,Ingen webbplats,,,Gdańsk,54.4967303,18.5380212
Biblioteka Zssims,library,Ingen webbplats,,,Gdańsk,54.41974,18.57289
Cyberiada,library,http://www.bibliotekaelblaska.pl/,2,,Gdańsk,54.1554065,19.3989714
Dom Sąsiedzki Nasze Ujeścisko,library,http://www.naszeujescisko.pl/,,,Gdańsk,54.3289926,18.5874784
Elbląska Biblioteka Cyfrowa,library,http://dlibra.bibliotekaelblaska.pl/,2,,Gdańsk,54.1574832,19.3941108
Filia Biblioteczna w Rybinie,library,https://www.stegnagok.pl/biblioteka,,,Gdańsk,54.28994,19.12878
Filia Gdańska Wojewódzkiej i Miejskiej Biblioteki Publicznej w Gdańsku,library,http://www.wbpg.org.pl/,,,Gdańsk,54.34973,18.65513
Filia Naukowa,library,http://www.wbpg.org.pl/filia_naukowa,,,Gdańsk,54.4090973,18.5982994
Gminna Bibioteka Publiczna,library,http://zokis.eu/strona-gminna-biblioteka-publiczna#o-nas,,,Gdańsk,54.2487889,18.8454319
Gminna Biblioteka Publiczna im. Stefana .Zeromskiego,library,http://www.biblioteka-stegna.gokstegna.pl/,,,Gdańsk,54.3273213,19.1119877
"Gminna Biblioteka Publiczna, Trąbki Wielkie",library,http://www.gbp-trabkiwielkie.pl/,,,Gdańsk,54.1728519,18.5365082
Kostka - Biblioteka,library,Ingen webbplats,,,Gdańsk,54.1887,19.39776
Mediateka,library,Ingen webbplats,,,Gdańsk,54.377696,18.6069605
Mediateka w Straszynie,library,http://www.oksibp.pruszczgda.pl/,,,Gdańsk,54.2702585,18.571111
Miejska Biblioteka Publiczna Filia nr 18,library,http://www.mbpgdynia.pl,,,Gdańsk,54.5430976,18.4610674
Miejska Biblioteka Publiczna Filia nr 2,library,http://www.mbpgdynia.pl,,,Gdańsk,54.52097,18.54469
Miejska Biblioteka Publiczna Filia nr 4,library,Ingen webbplats,,,Gdańsk,54.104012,18.8045875
Miejska Biblioteka Publiczna im. J. Wybickiego Filia nr 5,library,Ingen webbplats,,,Gdańsk,54.4385651,18.5730731
Miejska Biblioteka Publiczna. Filia nr 16,library,http://www.mbpgdynia.pl,,,Gdańsk,54.51955,18.528265
Miejska Biblioteka Publiczna. Wypożyczalnia Centralna,library,http://www.mbpgdynia.pl,,,Gdańsk,54.5148515,18.5388433
Miejska i Wojewódzka Biblioteka Publiczna w Gdańsku,library,http://www.wbpg.org.pl/filia_nr_71,,,Gdańsk,54.3522589,18.5115176
PAN Biblioteka Gdańska,library,http://www.bgpan.gda.pl/,,,Gdańsk,54.35837,18.64954
Pomorska Biblioteka Pedagogiczna im. Gdańskiej Macierzy Szkolnej w Gdańsku,library,http://www.pbp.gda.pl/,,,Gdańsk,54.3769581,18.6225003
Powiatowa i Miejska Biblioteka Publiczna,library,http://www.biblioteka-pruszcz.pl/,,,Gdańsk,54.25762,18.63286
Sopoteka,library,http://www.mbp.sopot.pl/,,,Gdańsk,54.44124,18.56293
Społeczna Biblioteka Historyczna / Pruszcz Gdański,library,Ingen webbplats,,,Gdańsk,54.2462713,18.6314178
Vlo,library,http://www.vlo.gda.pl,2,,Gdańsk,54.4069188,18.5590908
Warmińsko-Mazurska Biblioteka Pedagogiczna w Elblągu,library,http://www.wmbp.edu.pl/,,,Gdańsk,54.1577035,19.3942823
WiMP Filia Naukowa,library,http://www.wbpg.org.pl,,,Gdańsk,54.4091271,18.5978154
Wojewódzka Biblioteka Publiczna Filia nr 13,library,Ingen webbplats,,,Gdańsk,54.3538222,18.6535274
Wojewódzka I Miejska Biblioteka Publiczna,library,Ingen webbplats,,,Gdańsk,54.34956,18.65505
Wojewodzka i Miejska Biblioteka Publiczna w Gdansku,library,http://www.wbpg.org.pl,,,Gdańsk,54.3512123,18.6439858
Zespół Szkolno Przedszkolny Gimnazjum im. Marii Skłodowskiej Curie,library,http://www.zspgimnowystaw.szkolna.net/,2,,Gdańsk,54.1330766,18.9980875
Aesir Media Vikings,movie_television_studio,https://www.aesir.tv/,2,,Gdańsk,54.4046753,18.5762288
Azazyl Film,movie_television_studio,http://azazylfilm.pl/,2,,Gdańsk,54.3468052,18.5625006
B85 Studio,movie_television_studio,https://www.b85studio.pl/,2,,Gdańsk,54.4044563,18.5817924
F8 Rent,movie_television_studio,Ingen webbplats,2,,Gdańsk,54.5171137,18.5427282
G58,movie_television_studio,http://g58.pl/#contact,2,,Gdańsk,54.37606,18.6095
Kulczyński Filmlab,movie_television_studio,http://www.k-filmlab.com/,,,Gdańsk,54.448713,18.5599039
Luminaris Dom Produkcyjny,movie_television_studio,http://www.luminaris.pl/,2,,Gdańsk,54.3839796,18.6111771
Maj Film Produkcja Filmowa,movie_television_studio,http://www.majfilm.pl/,,,Gdańsk,54.4967331,18.5380249
MD FILM Produkcja Filmowa,movie_television_studio,http://www.md-film.pl/,2,,Gdańsk,54.1018,18.77873
Soundtrack Studio,movie_television_studio,http://www.filmpolski.pl/fp/index.php?osoba=1161007,2,,Gdańsk,54.51662,18.54198
Splash Media,movie_television_studio,http://splashmedia.pl/,2,,Gdańsk,54.4187733,18.4700455
Spokooko Wojciech Podlecki kamerzysta,movie_television_studio,http://spokooko.pl/kontakt/,2,,Gdańsk,54.3254603,18.6261933
Studio Filmowe Blackstork,movie_television_studio,http://www.blackstorkstudio.com/,2,,Gdańsk,54.40617,18.55634
Studio Filmowe Operator,movie_television_studio,http://www.operatorfilms.pl/,2,,Gdańsk,54.2792704,18.9685732
Studio Filmowe Panika S.A.,movie_television_studio,https://www.linkedin.com/company/studio-filmowe-panika-s-a/,2,,Gdańsk,54.456017,18.4444018
Studio Manilov,movie_television_studio,http://www.studiomanilov.eu/,2,,Gdańsk,54.3748799,18.6136653
Studio306,movie_television_studio,http://studio306.live/,2,,Gdańsk,54.52012,18.54049
T.J.Viking Entertainment,movie_television_studio,http://www.tjviking.com/,2,,Gdańsk,54.4977812,18.5082267
TBN Polska,movie_television_studio,https://www.tbnpolska.tv/,2,,Gdańsk,54.4970165,18.5066729
TVN24,movie_television_studio,Ingen webbplats,2,,Gdańsk,54.3584489,18.6465262
TVP3 Gdańsk,movie_television_studio,http://www.gdansk.tvp.pl/,,,Gdańsk,54.4143413,18.561071
Wytwórnia Filmów Wariacja,movie_television_studio,http://wariacja.pl/,,,Gdańsk,54.5018252,18.4196559
Brama Żuraw,museum,http://www.restauracjazuraw.pl,,,Gdańsk,54.3504525,18.6573801
Dar Pomorza,museum,https://nmm.pl/dar-pomorza/,,,Gdańsk,54.5194323,18.5528066
DeJa Vu Muzeum,museum,http://www.dejavumuzeum.pl/,2,,Gdańsk,54.3472978,18.663263
Dom Uphagena,museum,https://muzeumgdansk.pl/,,,Gdańsk,54.3492602,18.6492255
Europejskie Centrum Solidarności  I  European Solidarity Centre,museum,https://bilety.ecs.gda.pl/,,,Gdańsk,54.3613017,18.649906
Galeria Domowa,museum,http://galeriadomowa-darobike.shoparena.pl/,2,,Gdańsk,54.4345694,18.4672061
Galeria Site Specific Klub Morza Zejman,museum,http://galeriasitespecific.blogspot.com/,,,Gdańsk,54.348343,18.657947
Gdansk Katownia,museum,http://www.mhmg.pl/oddzial/8/muzeum-bursztynu,,,Gdańsk,54.3499,18.647031
Gdynia Motor Museum,museum,Ingen webbplats,2,,Gdańsk,54.5468747,18.4571351
Gdyńskie Muzeum Motoryzacji,museum,http://www.gdynskie-muzeum-motoryzacji.pl,,,Gdańsk,54.5468747,18.4571351
Grodzisko w Sopocie,museum,https://archeologia.pl/oddzialy/grodzisko-w-sopocie/,,,Gdańsk,54.4520166,18.5607522
Hevelianum,museum,http://hevelianum.pl/,,,Gdańsk,54.3565653,18.6390549
Jantarvia Car Museum,museum,http://jantarvia.pl/,,,Gdańsk,54.3323841,19.0463991
Kawiarenka Grodzisko Sopot,museum,http://www.archeologia.pl/grodziskosopot/sklepik_f.html,2,,Gdańsk,54.4506399,18.5609887
Makabra XX Wieku,museum,Ingen webbplats,2,,Gdańsk,54.5967225,18.8124042
Mini Muzeum Gdyni,museum,Ingen webbplats,,,Gdańsk,54.5192831,18.5358228
Morskie Tajemnice,museum,https://morskietajemnice.pl/,,,Gdańsk,54.595963,18.811287
Museum of Archeology and History,museum,http://www.muzeum.elblag.pl/,,,Gdańsk,54.1565877,19.3939248
Museum of Gdańsk,museum,https://linktr.ee/muzeumgdanska,,,Gdańsk,54.348779,18.6526641
Museum Of Gdańsk Science,museum,http://www.muzeumgdansk.pl/,,,Gdańsk,54.3541976,18.6504896
Museum of World War II in Gdańsk,museum,http://www.muzeum1939.pl/en/home-page,,,Gdańsk,54.355833,18.660556
Muzeum Archidiecezjalne,museum,http://www.diecezja.gda.pl,,,Gdańsk,54.4108556,18.5584001
Muzeum Bistro,museum,http://www.zjedzwmuzeum.pl/,2,,Gdańsk,54.3571002,18.659538
Muzeum Bursztynu Bursztynowa Komnata,museum,http://www.bursztynowakomnata.com/,,,Gdańsk,54.326624,19.1131235
Muzeum Bursztynu. Oddział Muzeum Gdańska,museum,http://www.muzeumgdansk.pl/,,,Gdańsk,54.3540547,18.6501462
Muzeum Emigracji w Gdyni,museum,https://polska1.pl/,,,Gdańsk,54.5330809,18.5478497
Muzeum II Wojny Swiatowej w Gdansku,museum,http://www.muzeum1939.pl,,,Gdańsk,54.349675,18.648437
Muzeum Kameralne,museum,https://www.haletargowegdynia.pl/,,,Gdańsk,54.522388,18.5346566
Muzeum Kinder Niespodzianka,museum,Ingen webbplats,2,,Gdańsk,54.3266727,19.1142819
Muzeum Kryminalistyki w Gdańsku,museum,Ingen webbplats,,,Gdańsk,54.3987302,18.5715914
Muzeum Lechii Gdańsk,museum,http://Lechia.pl/,,,Gdańsk,54.3908392,18.6391237
Muzeum Marynarki Wojennej w Gdyni,museum,http://www.muzeummw.pl/,,,Gdańsk,54.5158383,18.5479557
Muzeum Miasta Gdyni,museum,http://muzeumgdynia.pl/,,,Gdańsk,54.5159425,18.5473088
Muzeum Narodowe,museum,http://mng.gda.pl/,,,Gdańsk,54.3454254,18.6468975
Muzeum Poczty Polskiej - Muzeum Gdańska,museum,https://muzeumgdansk.pl/oddzialy-muzeum/muzeum-poczty-polskiej-w-gdansku,,,Gdańsk,54.3552544,18.6567343
Muzeum Sztuki Polskiej w Sopocie,museum,Ingen webbplats,,,Gdańsk,54.4487,18.56346
Muzeum Techniki ZSŁ Gdańsk,museum,https://muzeum.zsl.gda.pl/,,,Gdańsk,54.353937,18.657073
Muzeum Uniwersytetu Gdańskiego,museum,https://muzeum.ug.edu.pl/,,,Gdańsk,54.35384,18.64735
Muzeum Zegarów Wieżowych,museum,http://www.mhmg.pl,,,Gdańsk,54.3539924,18.6508594
Muzeum Żuławskie,museum,http://www.klubnowodworski.pl,,,Gdańsk,54.212903,19.1133616
Narodowe Muzeum Morskie w Gdańsku,museum,http://www.nmm.pl/,,,Gdańsk,54.3510278,18.6579477
NOMUS Nowe Muzeum Sztuki w Gdańsku,museum,http://www.nomus.gda.pl/,,,Gdańsk,54.3631174,18.6478636
Oddział Etnografii Muzeum Narodowego w Gdańsku,museum,http://www.mng.gda.pl/,,,Gdańsk,54.4116079,18.5594226
Oddział Sztuki Nowoczesnej Muzeum Narodowe w Gdańsku,museum,https://www.mng.gda.pl/,,,Gdańsk,54.4110011,18.5598993
Ośrodek Kultury Morskiej,museum,https://www.nmm.pl/osrodek-kultury-morskiej,,,Gdańsk,54.3510627,18.657312
Piwnica Romanska,museum,http://www.archeologia.pl/oddzialy/piwnica-romanska,,,Gdańsk,54.3525111,18.6518224
Pomorskie Muzeum Motoryzacji i Techniki w Gdyni,museum,Ingen webbplats,,,Gdańsk,54.51144,18.54528
Pęd Sztuki - Galeria,museum,Ingen webbplats,,,Gdańsk,54.521623,18.529455
Sala BHP,museum,http://www.salabhp.pl/,,,Gdańsk,54.3614686,18.6519404
Skansen Pszczelarski w Karczowiskach,museum,http://www.skansenpszczelarski.pl/,,,Gdańsk,54.1174301,19.360284
"Spichlerz ""Błękitny Baranek""",museum,http://www.archeologia.pl/oddzialy/blekitny-baranek,,,Gdańsk,54.344867,18.655213
Spichlerz Opacki,museum,Ingen webbplats,,,Gdańsk,54.4115359,18.5593291
Tower Clock Museum,museum,Ingen webbplats,,,Gdańsk,54.3540395,18.6510317
Ulica Brydżowa. Muzeum Kart Do Gry,museum,http://www.fundacja.trefl.com/,,,Gdańsk,54.5399511,18.5042851
Wartownia nr 1 na Westerplatte - Muzeum Gdańska,museum,https://muzeumgdansk.pl/oddzialy-muzeum/wartownia-nr1-westerplatte/,,,Gdańsk,54.4061303,18.6762323
Westerplatte Museum,museum,Ingen webbplats,,,Gdańsk,54.40652,18.6667438
Zabytkowa Kuźnia Wodna,museum,http://www.muzeumgdansk.pl/,,,Gdańsk,54.4067415,18.5392166
Zielona Brama Muzeum Narodowe w Gdańsku,museum,http://www.mng.gda.pl/,,,Gdańsk,54.3479378,18.6558064
Żuławski Park Historyczny,museum,http://www.zph.org.pl/,,,Gdańsk,54.2129997,19.1133225
Ambit Music sklep muzyczny,music_and_dvd_store,https://ambitmusic.pl/,2,,Gdańsk,54.5131219,18.5317393
Bismusic.pl,music_and_dvd_store,http://bismusic.pl/sklep/,,,Gdańsk,54.5348,18.48683
Cyman Records,music_and_dvd_store,https://cyman-records.com/,,,Gdańsk,54.3772538,18.609096
drumPartners,music_and_dvd_store,http://www.drumpartners.pl/,,,Gdańsk,54.5247358,18.5412736
Gama,music_and_dvd_store,http://www.gama.gda.pl,,,Gdańsk,54.3553711,18.6478606
Mayones Guitars Basses,music_and_dvd_store,http://www.mayones.com/,,,Gdańsk,54.38578,18.63147
Muzyczna Piwnica,music_and_dvd_store,http://www.muzycznapiwnica.pl,,,Gdańsk,54.402987,18.5925313
przeto.pl - sklep płytowy,music_and_dvd_store,Ingen webbplats,,,Gdańsk,54.3367842,18.612534
RIFF Salon Muzyczny,music_and_dvd_store,http://www.riff.net.pl,,,Gdańsk,54.3974624,18.5780054
Salon Muzyczny Puls,music_and_dvd_store,Ingen webbplats,,,Gdańsk,54.5219605,18.5326168
Sklep muzyczny Presto,music_and_dvd_store,Ingen webbplats,,,Gdańsk,54.374831,18.618552
Sonar Record Store,music_and_dvd_store,https://youtu.be/s6MiKM45Slk?si=Q2o6djgB-gv8T5JB,,,Gdańsk,54.3817771,18.6143712
uzywanamuzyka.pl,music_and_dvd_store,http://www.uzywanamuzyka.pl/,2,,Gdańsk,54.5200852,18.5353732
Video-Wojtek Wypożyczalnia Filmów,music_and_dvd_store,Ingen webbplats,2,,Gdańsk,54.5107289,18.5426825
Askro Studio,music_production,https://www.olx.pl/d/oferta/obrobka-wokalu-mix-mastering-online-askro-studio-CID619-IDL8Oc8.html,2,,Gdańsk,54.555174,18.5200063
Black Peak Records,music_production,Ingen webbplats,,,Gdańsk,54.41387,18.59814
Casa del Kieras Studio,music_production,Ingen webbplats,,,Gdańsk,54.4191093,18.5824032
centrala_gdynia - studio nagrań i sala prób muzycznych,music_production,https://centralagdynia.pl/,,,Gdańsk,54.516302,18.5402475
Custom 34,music_production,http://www.custom34.com/,,,Gdańsk,54.4212855,18.4609369
Fader Up Studio,music_production,https://faderup.studio/,,,Gdańsk,54.4965236,18.5069558
GoHome Studio nagrań,music_production,Ingen webbplats,,,Gdańsk,54.3758891,18.6352219
Grustudios,music_production,https://grustudios.wordpress.com/realizacje/,,,Gdańsk,54.419584,18.4762593
Humidor Records Sp. z o.o.,music_production,http://www.humidorrecords.com/,,,Gdańsk,54.4258947,18.5647876
I&O Audio,music_production,https://www.ioaudio.pl/,,,Gdańsk,54.4049429,18.6079169
Lud Hauza Music Producers,music_production,http://www.ludhauza.bandcamp.com/,,,Gdańsk,54.43364,18.46599
Lunar Sounds,music_production,https://lunarsounds.pl/,,,Gdańsk,54.3586819,18.6835466
Maro Records,music_production,http://www.marorecords.com/,,,Gdańsk,54.4870333,18.5212082
Moje Studio     /      My Studio,music_production,https://twitter.com/softaudio,,,Gdańsk,54.3983,18.66693
Nord Audio Project Studio,music_production,Ingen webbplats,,,Gdańsk,54.2461651,18.6253093
NXL Records,music_production,Ingen webbplats,,,Gdańsk,54.358689,18.683545
Osso Studio,music_production,https://ossostudio.pl/,,,Gdańsk,54.4336896,18.4658613
Otwarta Pracownia G52,music_production,Ingen webbplats,,,Gdańsk,54.37621,18.61232
PRI Zone Studio Nagrań,music_production,http://prizone.pl/,,,Gdańsk,54.5569596,18.4768038
Rehearsal Ramtamtam,music_production,http://ramtamtam.pl/,,,Gdańsk,54.442597,18.5591452
Sala Prób Baduuum,music_production,http://www.baduuum.pl/,,,Gdańsk,54.4084619,18.5665424
Selektastudio,music_production,http://www.selektastudio.pl/,,,Gdańsk,54.3626228,18.6121647
SHR Events,music_production,https://shr-events.business.site/,,,Gdańsk,54.489004,18.5476261
SHR Studios Dominik Szumny,music_production,https://shrstudios.pl/,,,Gdańsk,54.488941,18.5475484
SL Sound,music_production,http://www.slsound.pl/,,,Gdańsk,54.4274832,18.4649976
Soul Gang Studio,music_production,Ingen webbplats,,,Gdańsk,54.3757073,18.6349737
Sound 8,music_production,http://www.sound8.pl/,,,Gdańsk,54.5122568,18.5405524
SRS Studio,music_production,Ingen webbplats,,,Gdańsk,54.5455071,18.4705384
Strefa Dźwięku - Sala Prób,music_production,http://www.proxim-wybrzeze.pl/strefa-dzwieku/,,,Gdańsk,54.5518,18.50229
Studio MTS,music_production,http://www.studiomts.pl/,,,Gdańsk,54.3370884,18.6030456
Studio Nagrań ARD Gdynia,music_production,http://ard.edu.pl/,,,Gdańsk,54.543081,18.454788
Studio Pro Arte,music_production,Ingen webbplats,,,Gdańsk,54.4196465,18.4788838
Studio Zbrodnia,music_production,https://www.instagram.com/studio_zbrodnia/,,,Gdańsk,54.3586813,18.6835451
Tall Pine Records,music_production,http://www.tallpine.pl/,,,Gdańsk,54.2695172,18.4595932
Tridente Art Studio,music_production,Ingen webbplats,,,Gdańsk,54.5559966,18.4534323
Trytom. Tomasz Trymbulak,music_production,http://www.trytomstudio.com/,,,Gdańsk,54.4845109,18.5364296
Vagon Studio,music_production,http://vagonstudio.pl/,,,Gdańsk,54.3587132,18.6833185
Wrzeszcz Pointz,music_production,Ingen webbplats,,,Gdańsk,54.3749167,18.6156464
Педагог Музыки ВОКАЛ Ф-НО,music_production,Ingen webbplats,2,,Gdańsk,54.35089,18.64682
Amadeus - Akademia grania i muzykowania,music_school,http://www.amadeus-art.pl/index.php,2,,Gdańsk,54.40594,18.58504
ARTIS. Szkoła Muzyczna,music_school,http://www.nsmartis.org/,,,Gdańsk,54.3058052,18.5694956
BUZZArt,music_school,Ingen webbplats,,,Gdańsk,54.3819202,18.6066208
Concertino,music_school,http://www.concertino.pl,,,Gdańsk,54.4785465,18.5537451
Ecekon,music_school,http://www.ecekon.pl/,,,Gdańsk,54.3576409,18.6518858
Empire Music School,music_school,http://szkolamuzyczna.empiremusic.pl/,,,Gdańsk,54.4278416,18.4774295
Gdańska Prywatna Szkoła Umuzykalniająca ROMA,music_school,http://www.gssmiu.nazwa.pl/1,,,Gdańsk,54.3577828,18.5907022
Gdańska Społeczna Szkoła Muzyczna,music_school,http://www.facebook.com/muzycznaMorena,,,Gdańsk,54.3578246,18.5906814
Grajnaperkusji,music_school,Ingen webbplats,2,,Gdańsk,54.3836579,18.6321756
Home Stage Music Studio,music_school,https://homestagemusic.pl/,,,Gdańsk,54.3951892,18.6390737
Kostka Studio,music_school,Ingen webbplats,,,Gdańsk,54.3367735,18.596595
Lira,music_school,http://www.naprawa-gitar.er.pl,,,Gdańsk,54.4119778,18.5726648
Logic Music Studio,music_school,http://logicmusicstudio.business.site/,,,Gdańsk,54.5110947,18.5342244
Melody Pracownia Muzyczna,music_school,http://piotrnabrdalik.pl/,,,Gdańsk,54.3601769,18.5903574
Musicflow,music_school,https://www.youtube.com/@szkolamuzycznamusicflow,,,Gdańsk,54.3946284,18.6085299
Musicollective,music_school,http://www.musicollectivestudio.pl/,,,Gdańsk,54.4845998,18.5363805
Niepubliczna Szkoła Muzyczna I stopnia w Gdańsku,music_school,Ingen webbplats,,,Gdańsk,54.3492535,18.5077323
Ognisko Muzyczne AKOLADA Strzyża,music_school,http://www.ogniskoakolada.com/,,,Gdańsk,54.3843601,18.5781977
Ogólnokształcąca Szkoła Muzyczna I i II stopnia,music_school,http://www.osm.gdansk.pl,,,Gdańsk,54.35736,18.64956
Orkiestra Vita Activa,music_school,http://www.orkiestra-vita-activa.pl/,,,Gdańsk,54.3575413,18.6519108
Państwowa Szkoła Muzyczna II stopnia,music_school,http://www.zsm-gdansk.edu.pl/,,,Gdańsk,54.3785646,18.6027588
Pracownia Muzyczna Muzykon,music_school,http://www.muzykon.pl/,,,Gdańsk,54.3807007,18.5900692
Przystań Muzyka,music_school,http://www.przystanmuzyka.pl/,,,Gdańsk,54.4957644,18.4328453
Rozgłos Gdyńska Akademia Dźwięku,music_school,http://www.akademiarozglos.com/,,,Gdańsk,54.4970946,18.4124276
Sala prób Pszczółki,music_school,Ingen webbplats,2,,Gdańsk,54.1721687,18.6850491
SING Pracownia Wokalna,music_school,https://singpracowniawokalna.as.me/,,,Gdańsk,54.4912033,18.5333062
Straż Rytmiczna,music_school,http://straz-rytmiczna.pl/,,,Gdańsk,54.3747605,18.604523
Studio Artystyczne Marty Kozakiewicz,music_school,Ingen webbplats,,,Gdańsk,54.2095772,19.1327669
Studio Wokalne UG,music_school,http://ack.ug.edu.pl/,,,Gdańsk,54.39637,18.5699
Szkoła Muzyczna FURS MUSIC,music_school,http://www.szkolamuzyczna.elblag.pl/,,,Gdańsk,54.1588755,19.3964398
Szkoła Muzyczna I st. im. Grażyny Bacewicz w Gdańsku-Wrzeszczu,music_school,http://www.zsm-gdansk.edu.pl/SM1st.htm,,,Gdańsk,54.3791069,18.6061119
Szkoła Muzyczna im. Z. Noskowskiego w Gdyni,music_school,http://www.szkolamuzgdynia.pl,,,Gdańsk,54.5050339,18.5382306
Szkoła Muzyczna Yamaha Pruszcz Gdański | Pruszcz Gdanski,music_school,http://www.pruszcz.yamahaszkola.pl/,,,Gdańsk,54.2627271,18.6377155
Szymon Chyliński,music_school,http://www.szymonchylinski.pl/,2,,Gdańsk,54.3362176,18.6269579
Virtuo Music & Dance,music_school,http://www.centrumvirtuo.pl/,,,Gdańsk,54.518069,18.5418434
Warsztat,music_school,Ingen webbplats,2,,Gdańsk,54.4234198,18.5624403
B90 Club,music_venue,http://b90.pl/,,,Gdańsk,54.3645896,18.6483604
Dni Muzyki Nowej,music_venue,http://klubzak.com.pl/,2,,Gdańsk,54.3870407,18.5924114
Ggog,music_venue,Ingen webbplats,,,Gdańsk,54.3656603,18.6346748
Klub Muzyczny Dobry Wieczór,music_venue,Ingen webbplats,,,Gdańsk,54.3808332,18.5961486
Leśna Wioska,music_venue,http://instagram.com/lesnawioska,,,Gdańsk,54.462279,18.540944
"Międzynarodowy Festiwal Muzyki Organowej, Chóralnej i Kameralnej",music_venue,https://festiwalorganowy.pl/,,,Gdańsk,54.3498097,18.6530685
Muzyczna Kuźnia Talentów,music_venue,http://muzycznakuzniatalentow.com.pl/,,,Gdańsk,54.186085,18.6876617
Muzyczna Stacja Chylonia,music_venue,Ingen webbplats,,,Gdańsk,54.5453847,18.47085
Muzyka i Technologia,music_venue,http://www.muzykaitechnologia.pl/,,,Gdańsk,54.48834,18.421465
Muzyka u Uphagena,music_venue,https://www.fundacjahanseatica.com/,,,Gdańsk,54.3752,18.61982
Pick&Roll Club,music_venue,http://www.aquaparksopot.pl/,,,Gdańsk,54.4595047,18.5574931
Planty,music_venue,http://www.halaolivia.pl/,,,Gdańsk,54.40146,18.57248
Podwórko Art,music_venue,https://www.podworko.art/,,,Gdańsk,54.5244824,18.5466564
Polish Baltic Frédéric Chopin Philharmonic,music_venue,Ingen webbplats,,,Gdańsk,54.3523118,18.6598791
Protokultura - Klub Sztuki Alternatywnej,music_venue,http://www.protokultura.pl/,,,Gdańsk,54.3650645,18.6457193
Rock Cafe - Muzeum Polskiego Rocka,music_venue,http://www.muzeumpolskiegorocka.pl/,,,Gdańsk,54.350193,18.648959
Scena Sopot,music_venue,http://www.scenasopot.pl/,,,Gdańsk,54.4484055,18.5683866
scrapYard,music_venue,http://instagram.com/scrapyardgd,,,Gdańsk,54.3644679,18.6460835
Specjalistyczna Praktyka Lekarska lek. med. Katarzyna Sulak,music_venue,Ingen webbplats,2,,Gdańsk,54.3500535,18.6491976
Szafa grająca. Imprezownia Gdynia.,music_venue,Ingen webbplats,,,Gdańsk,54.5585911,18.512812
Ucho,music_venue,Ingen webbplats,,,Gdańsk,54.5244813,18.5467406
Ulica Elektryków,music_venue,http://www.elektrykow.com/,,,Gdańsk,54.3643492,18.6484465
Universal Music Publishing,music_venue,http://www.universalproductionmusic.com/pl-pl,,,Gdańsk,54.3755477,18.6112707
Złomowiec. Bar Mieszczański Vel Kaffehauze Pod Klonem,music_venue,Ingen webbplats,,,Gdańsk,54.5569833,18.4743261
DAC.digital,newspaper_and_magazines_store,https://dac.digital/,2,,Gdańsk,54.4030487,18.5724666
Gdańska Fundacja Kształcenia Menedżerów,newspaper_and_magazines_store,https://gfkm.pl/,2,,Gdańsk,54.40268833,18.57178697
Potearchitekci - Kreatywna Pracownia Architektoniczna,newspaper_and_magazines_store,http://www.potearchitekci.pl/,2,,Gdańsk,54.3419413,18.6540878
Region. Wydawnictwo Jarosław Ellwart,newspaper_and_magazines_store,http://www.wydawnictworegion.pl/,2,,Gdańsk,54.46306753,18.49253167
Western Union,newspaper_and_magazines_store,,2,,Gdańsk,54.3738157,18.5180324
Western Union,newspaper_and_magazines_store,,2,,Gdańsk,54.3251169,18.6184927
Western Union,newspaper_and_magazines_store,,2,,Gdańsk,54.3371804,18.6207769
Western Union,newspaper_and_magazines_store,,2,,Gdańsk,54.3894056,18.6090615
Edukacja w Operze Bałtyckiej,opera_and_ballet,http://operabaltycka.pl/pl/edukacja,,,Gdańsk,54.37255,18.62513
Opera,opera_and_ballet,http://www.operabaltycka.pl/,,,Gdańsk,54.3725038,18.6250358
Brillux,paint_store,http://bxqr.de/n/227?pl,2,,Gdańsk,54.34925487,18.51004521
Farby PARA & SCALA,paint_store,http://para.pl/,2,,Gdańsk,54.4073203,18.5694657
Flügger farby,paint_store,http://flugger.pl/,2,,Gdańsk,54.37217733,18.5201785
Flügger farby,paint_store,http://flugger.pl/,2,,Gdańsk,54.32317095,18.5521077
Flügger farby,paint_store,http://flugger.pl/,2,,Gdańsk,54.34666994,18.60221709
Flügger farby,paint_store,http://flugger.pl/,2,,Gdańsk,54.3892641,18.589878
Flügger farby,paint_store,http://flugger.pl/,2,,Gdańsk,54.470738,18.48784
Flügger farby,paint_store,http://flugger.pl/,2,,Gdańsk,54.51053151,18.53758872
Akademia Muzyki Rozrywkowej,performing_arts,http://www.akademiamr.com/,2,,Gdańsk,54.53588,18.4893264
Cewe Fotojoker,photography_store_and_services,https://fotojoker.pl/,2,,Gdańsk,54.3828258,18.6002232
Cyfrowe.pl Centrala Gdańsk,photography_store_and_services,http://www.cyfrowe.pl/,2,,Gdańsk,54.3494355,18.6124473
Foto Fokus,photography_store_and_services,http://sklep.fokus.com.pl/,2,,Gdańsk,54.3488734,18.6550983
Fotopunkt,photography_store_and_services,http://www.fotopunkt.com.pl/,2,,Gdańsk,54.3749599,18.6142404
"KB Fotografia Katarzyna Bieszke. Fotografia ślubna, okolicznościowa, dziecięca.",photography_store_and_services,,2,,Gdańsk,54.5674596,18.4168228
Market Zone,photography_store_and_services,http://www.market-zone.pl/,2,,Gdańsk,54.4047164,18.5853957
Photo Repair Complex. Shop. Commission,photography_store_and_services,https://www.fotocomplex.pl/,2,,Gdańsk,54.5174173,18.5407378
Szlachetna Fotografia,photography_store_and_services,http://szlachetnafotografia.com/,2,,Gdańsk,54.1719495,18.5232242
Alfa Warehouses,print_media,https://alfamagazyn.pl/,2,,Gdańsk,54.340591,18.71905
Antałki,print_media,https://antalki.com/,2,,Gdańsk,54.3927,18.60689
Błękitne opowieści,print_media,https://bekitne-opowiesci.business.site/?m=true,2,,Gdańsk,54.3288907,19.1160531
Centrum Dystrybucji Lidl,print_media,Ingen webbplats,2,,Gdańsk,54.2370895,18.6265179
Czytaj Dzieciom,print_media,http://czytajdzieciom.pl/,,,Gdańsk,54.2824843,18.595277
Gazeta GUMed,print_media,http://gazeta.gumed.edu.pl/,2,,Gdańsk,54.3637268,18.6279684
Gdańskie Targi Książki,print_media,http://www.gdanskietargiksiazki.pl/,,,Gdańsk,54.359923,18.649148
InsideLog,print_media,https://insidelog.pl/,2,,Gdańsk,54.5605227,18.4279814
Magazyn Na Szczycie,print_media,http://www.magazynnaszczycie.pl/,2,,Gdańsk,54.443044,18.563357
MAK,print_media,Ingen webbplats,,,Gdańsk,54.5203311,18.5360872
Potrzeby to podstawa,print_media,https://potrzebytopodstawa.pl/,2,,Gdańsk,54.411809,18.581476
Terminal Cukrowy Gdańsk Ul. Chodackiego,print_media,Ingen webbplats,,,Gdańsk,54.3857107,18.6610336
Zawsze Pomorze,print_media,https://facebook.com/zawszepomorze,2,,Gdańsk,54.3552937,18.650708
Gdynia Radio,radio_station,http://gdyniaradio.com/,,,Gdańsk,54.5214855,18.5407405
Radio Eska Trójmiasto - Redakcja Informacyjna Gdańsk,radio_station,Ingen webbplats,,,Gdańsk,54.41552,18.558639
Radio Gdańsk,radio_station,http://www.radiogdansk.pl/,,,Gdańsk,54.3749732,18.6173415
Radio Plus Gdańsk,radio_station,http://gdansk.radioplus.pl/,,,Gdańsk,54.3639525,18.6058022
Radio SAR,radio_station,http://www.radiosar.pl/,,,Gdańsk,54.3696984,18.6073008
Radio Sopocki,radio_station,http://www.sopocki.com/,,,Gdańsk,54.430647,18.5622535
Radio UG MORS - Mega Otwarte Radio Studenckie,radio_station,http://mors.ug.edu.pl/,,,Gdańsk,54.39936,18.57296
Maska Studio,record_label,https://maskastudio.pl/,,,Gdańsk,54.3539879,18.5619244
S7 Records,record_label,http://s7records.pl/,,,Gdańsk,54.4968745,18.5480064
Studio 147,record_label,http://www.studio147.pl/,,,Gdańsk,54.3494839,18.613116
Centrum Nauki Experyment,science_museum,https://experyment.gdynia.pl/,,,Gdańsk,54.4948276,18.5384148
Kosmiczna Baza - Mobilne Centrum Nauki,science_museum,https://www.kosmicznabaza.pl/,,,Gdańsk,54.3560347,18.6392814
Robopark Olsztyn,science_museum,https://robo-park.pl/gdansk/,2,,Gdańsk,54.3488842,18.6434347
Pomnik Gdynian Wysiedlonych,sculpture_statue,Ingen webbplats,2,,Gdańsk,54.5210191,18.5323822
Pomnik Poległych Grudnia 1970,sculpture_statue,Ingen webbplats,2,,Gdańsk,54.508973,18.540532
Termometr Fahrenhaita,sculpture_statue,Ingen webbplats,2,,Gdańsk,54.3482291,18.6541605
Adtran Polska,software_development,http://www.adtran.com/,2,,Gdańsk,54.4941873,18.5332033
AI Factory,software_development,http://www.ai-factory.pl/,2,,Gdańsk,54.3400224,18.6594033
Amazon Development Center Poland,software_development,https://www.aboutamazon.pl/nasze-miejsce-pracy/amazon-development-center,2,,Gdańsk,54.4034987,18.5720546
ARforce Sp. z o.o.,software_development,http://www.arforce.pl/,2,,Gdańsk,54.4302398,18.5546759
ARTOE,software_development,http://www.tofis.pl/,2,,Gdańsk,54.40457,18.57636
Audit 24,software_development,https://www.audit24.pl/,2,,Gdańsk,54.354691,18.5935682
Automex Group,software_development,Ingen webbplats,2,,Gdańsk,54.3584486,18.6465257
Bikop,software_development,http://www.bikop.pl/,2,,Gdańsk,54.4057399,18.5651304
BinOwl IT Solutions,software_development,https://binowl.com/,2,,Gdańsk,54.31388,18.6094391
Bitdefender Polska,software_development,https://bitdefender.pl/kontakt,2,,Gdańsk,54.521717,18.54446
Bling SH,software_development,https://bling.sh/,2,,Gdańsk,54.3793689,18.6050665
Bright Inventions,software_development,http://brightinventions.pl/,2,,Gdańsk,54.3759801,18.6083809
Chronospace,software_development,http://www.chronospace.com/,2,,Gdańsk,54.4444934,18.5599855
Ciklum,software_development,http://www.ciklum.com/,2,,Gdańsk,54.3603377,18.6471187
ClickMeeting,software_development,http://clickmeeting.com/,2,,Gdańsk,54.3999222,18.5757945
CRM VISION,software_development,http://www.crmvision.pl/,2,,Gdańsk,54.4020013,18.5778509
CStore,software_development,http://www.cstore.pl/,2,,Gdańsk,54.49591,18.5383
DevBrother,software_development,http://devideal.com/,2,,Gdańsk,54.40354,18.57141
Digital Development,software_development,https://meetings-eu1.hubspot.com/bszczesniak/spotkanie-standard?uuid=9666aad1-035f-42a8-9648-fe56d9d596a6,2,,Gdańsk,54.3486957,18.6608075
Digiteum Sp. z o.o.,software_development,https://www.digiteum.com/,2,,Gdańsk,54.3479634,18.6606596
Dynatrace Polska,software_development,Ingen webbplats,2,,Gdańsk,54.399555,18.576103
eCreative,software_development,http://www.ecreative.pl/#contact,2,,Gdańsk,54.3531658,18.6471898
Ekoncept,software_development,http://www.ekoncept.pl/,2,,Gdańsk,54.4300069,18.5648805
Enterosoft sp zoo,software_development,https://enterosoft.com/,2,,Gdańsk,54.3495403,18.610909
Envit Sp. z o.o.,software_development,http://www.envit.pl/,2,,Gdańsk,54.3570032,18.6467497
eRUM,software_development,http://www.erum.pl/,2,,Gdańsk,54.4100092,18.5732011
Estomed Dental Software,software_development,http://www.estomed.pl/,2,,Gdańsk,54.3905343,18.593176
Exposit,software_development,https://www.exposit.com/,2,,Gdańsk,54.3564129,18.6501431
Fakt Dystrybucja Sp. z o.o.,software_development,http://www.fakt.com.pl/,2,,Gdańsk,54.4838943,18.5409059
GMI Software,software_development,https://www.gmihub.com/,2,,Gdańsk,54.3564131,18.6501464
H2B Group,software_development,https://h2b-group.com/,2,,Gdańsk,54.3929899,18.5802462
Hauron,software_development,https://hauron.com/,2,,Gdańsk,54.3768276,18.6158109
Honeti,software_development,https://honeti.com/,2,,Gdańsk,54.4174134,18.4840576
HRnest Sp. z o.o.,software_development,https://hrnest.io/kontakt,2,,Gdańsk,54.4925899,18.5395095
Idego Group,software_development,http://idego.io/,2,,Gdańsk,54.4946921,18.5381234
IDO Electronics,software_development,http://idoelectronics.eu/,2,,Gdańsk,54.3546902,18.5935672
IFS Gdansk,software_development,https://www.ifs.com/,2,,Gdańsk,54.3717842,18.6337414
Innokrea sp. z o.o.,software_development,http://www.innokrea.pl/,2,,Gdańsk,54.3803841,18.5982873
iteo Digital Product Studio,software_development,https://digitalpowerhouse.wordpress.com/,2,,Gdańsk,54.3996141,18.5768134
Jit Team,software_development,https://jit.team/,2,,Gdańsk,54.4928607,18.532832
JMB Lab,software_development,http://jmblab.com/,2,,Gdańsk,54.3752195,18.6041651
JohnnyBros,software_development,https://johnnybros.com/,2,,Gdańsk,54.3524479,18.6383361
Kainos,software_development,http://www.kainos.com/,2,,Gdańsk,54.3604015,18.647229
KingAPP.pl Sp. z o.o.,software_development,http://www.KingAPP.pl/,2,,Gdańsk,54.3524632,18.5972743
KNX Control,software_development,http://BrandControl.pl/,2,,Gdańsk,54.3492011,18.6537466
Komijo - Eksperci PrestaShop,software_development,Ingen webbplats,2,,Gdańsk,54.4045546,18.5768141
Luware Poland,software_development,lhsystems.pl,2,,Gdańsk,54.3711901,18.6280009
MFX,software_development,http://mfx.ovh/,2,,Gdańsk,54.5192994,18.5384025
MountDevs,software_development,https://www.linkedin.com/company/mountdevs,2,,Gdańsk,54.4686843,18.507553
MSM Studio,software_development,http://www.msmstudio.eu/,2,,Gdańsk,54.4955034,18.5378559
MZM IT,software_development,http://www.mzmit.pl/,2,,Gdańsk,54.5476135,18.5336557
Neoteric,software_development,https://www.neoteric.eu/,2,,Gdańsk,54.371974,18.6341387
Nethos Sp. z o.o.,software_development,http://nethos.pl/,2,,Gdańsk,54.3704811,18.615436
Nublado,software_development,https://nublado.pl/,2,,Gdańsk,54.4031475,18.5698108
Penpower Technologies Ltd,software_development,http://www.penpower.pl/,2,,Gdańsk,54.4130286,18.5950913
Pirxon,software_development,https://pirxon.com/,2,,Gdańsk,54.35476,18.5935
Pomorska Grupa Informatyczna Sp. z o.o.,software_development,https://www.pgi.pl/,2,,Gdańsk,54.4148631,18.4559926
Previo Polska,software_development,https://www.previo.com.pl/,2,,Gdańsk,54.51579,18.54126
Professor Why S.A.,software_development,http://www.professor-why.com/,2,,Gdańsk,54.3400927,18.6594753
Python Software House Profil Software,software_development,https://profil-software.com/,2,,Gdańsk,54.4972638,18.5345147
QB-Mobile,software_development,https://qb-mobile.com/,2,,Gdańsk,54.4943016,18.5388152
Quatraco Sp. z o.o.,software_development,https://www.quatraco.pl/,2,,Gdańsk,54.3999287,18.5757922
Reservado CIS Software,software_development,https://reservado.pl/,2,,Gdańsk,54.3763912,18.6117195
RTCLab,software_development,https://www.rtclab.com/,2,,Gdańsk,54.3880139,18.5896216
Seargin Sp. z o.o.,software_development,http://www.searaia.com/,2,,Gdańsk,54.3824767,18.5859448
Simployer Tech Polska,software_development,http://simployer.pl/,2,,Gdańsk,54.3619891,18.6478438
Software Bay,software_development,https://softwarebay.io/en,2,,Gdańsk,54.322029,18.6012002
"SOLIDEXPERT | SOLIDWORKS, 3DEXPERIENCE, Oprogramowanie CAD / ERP / CAM",software_development,https://solidexpert.com/,2,,Gdańsk,54.3865854,18.4653239
"Soluma Interactive, oddział Gdańsk",software_development,https://solumagroup.pl/dolacz-do-nas/na-czym-to-polega,2,,Gdańsk,54.412431,18.5922068
Spartez Software,software_development,https://spartez.com/,2,,Gdańsk,54.3823495,18.5860299
Speednet Sp. o.o.,software_development,https://speednet.pl/,2,,Gdańsk,54.4033891,18.5705052
sportbm - system zarządzania klubem sportowym,software_development,https://sportbm.com/,2,,Gdańsk,54.4464513,18.5659021
Sportdata Serwis,software_development,http://sportdata.pl/,2,,Gdańsk,54.4816684,18.5462041
STX Next,software_development,https://stxnext.com/,2,,Gdańsk,54.3740629,18.6039485
Toolla,software_development,https://toolla.net/,2,,Gdańsk,54.354403,18.5920122
Trusted Twin,software_development,https://trustedtwin.com/,2,,Gdańsk,54.3839476,18.5932298
VoiceLab,software_development,http://www.voicelab.ai/,2,,Gdańsk,54.3814383,18.5998518
Amfiteatr Orunia,theaters_and_performance_venues,Ingen webbplats,2,,Gdańsk,54.3210385,18.6234453
Forest Opera,theaters_and_performance_venues,http://www.operalesna.pl/,,,Gdańsk,54.44468,18.54549
Tarasy Przy Aquaparku,theaters_and_performance_venues,Ingen webbplats,2,,Gdańsk,54.4594067,18.557226
Akrobatyczny Teatr Tańca Mira-Art,theatre,http://www.mira.art.pl/,2,,Gdańsk,54.5443329,18.4804406
Amfiteatr Orana - Park Oruński,theatre,Ingen webbplats,,,Gdańsk,54.32146,18.6296
Bart. Bałtycka Agencja Artystyczna,theatre,http://www.bart.sopot.pl/,,,Gdańsk,54.4446088,18.5444789
Błękitny Baranek-Centrum Edukacji Archeologicznej,theatre,Ingen webbplats,,,Gdańsk,54.34484,18.6550699
Faktoria Kultury,theatre,http://www.faktoriakultury.pl/,,,Gdańsk,54.2521314,18.6288198
FETA,theatre,http://www.feta.pl/,,,Gdańsk,54.35,18.6667
Forum Teatrów Chrześcijańskich,theatre,http://kurtynamalykack.pl/,,,Gdańsk,54.4881223,18.5295096
Fundacja Teatru Komedii Valldal,theatre,http://teatrkomediivalldal.com/,,,Gdańsk,54.5215478,18.5489315
Gdańsk Shakespeare Theater,theatre,http://www.teatrszekspirowski.pl/,,,Gdańsk,54.3479406,18.6480298
Gdański Teatr Szekspirowski,theatre,http://www.festiwalszekspirowski.pl/,,,Gdańsk,54.3480194,18.6477877
Globaltica,theatre,https://globaltica.pl/,,,Gdańsk,54.4730935,18.555908
Impresariat 34art.pl,theatre,https://34art.pl/,2,,Gdańsk,54.3782043,18.588728
Klub Żak,theatre,http://www.klubzak.com.pl/,,,Gdańsk,54.3871485,18.5921951
Kurtyna,theatre,http://www.kurtynamalykack.pl/,,,Gdańsk,54.48866,18.53017
Monoteatr,theatre,https://teatrwoknie.pl/projekty/,,,Gdańsk,54.349,18.65211
Polska Filharmonia Baltycka im. Fryderyka Chopina w Gdansku,theatre,https://www.filharmonia.gda.pl/,,,Gdańsk,54.3523815,18.6598094
Polski Chór Kameralny Schola Cantorum Gedanensis,theatre,http://www.polskichorkameralny.pl/,,,Gdańsk,54.4090909,18.5596146
Scena Letnia Teatru Miejskiego w Gdyni,theatre,Ingen webbplats,,,Gdańsk,54.4757256,18.5623435
Scena Teatralna NOT,theatre,http://gdansk.enot.pl/,,,Gdańsk,54.3553503,18.6506801
Setlight,theatre,http://www.setlight.pl/,2,,Gdańsk,54.5133395,18.5396281
Sopocki Teatr Muzyczny Baabus Musicalis,theatre,https://forms.gle/4viFjDW5oC47y5hX8,,,Gdańsk,54.4486026,18.5683139
Standby Studio,theatre,https://standbystudio.pl/,,,Gdańsk,54.3963579,18.5698167
Studio baletowe- Pas de deux,theatre,http://www.naukabaletu.pl/,,,Gdańsk,54.4357963,18.5584866
Teatr 3Arts,theatre,Ingen webbplats,,,Gdańsk,54.47665,18.51113
Teatr Ambasador,theatre,Ingen webbplats,,,Gdańsk,54.34028,18.62221
Teatr Atelier im. Agnieszki Osieckiej,theatre,https://teatratelier.pl/,,,Gdańsk,54.4453437,18.5662657
Teatr Barnaby - Barnaby's Puppet Theatre,theatre,https://www.teatrbarnaby.net/,,,Gdańsk,54.3933522,18.6328125
Teatr BOTO,theatre,http://boto.art.pl/,,,Gdańsk,54.4440932,18.5676912
Teatr Czwarte Miasto,theatre,http://www.teatr4miasto.com/,,,Gdańsk,54.5657501,18.4090245
Teatr Gargulec czyli teatr dla dzieci,theatre,http://www.teatrgargulec.pl/,,,Gdańsk,54.5139072,18.5325855
Teatr Gdynia Główna,theatre,http://teatrgdyniaglowna.pl/,,,Gdańsk,54.5212341,18.5304946
Teatr GIGANT,theatre,http://www.teatrminiatura.pl/,,,Gdańsk,54.3750094,18.6179805
Teatr Korkoro,theatre,Ingen webbplats,,,Gdańsk,54.4484011,18.5683864
Teatr Miejski im. Witolda Gombrowicza,theatre,http://www.teatrgombrowicza.art.pl/,,,Gdańsk,54.5104399,18.5396036
Teatr Młodzieżowy Gminy Kosakowo,theatre,Ingen webbplats,,,Gdańsk,54.5884094,18.4927807
Teatr Mostownia,theatre,https://www.bilety24.pl/organizator/teatr-mostownia-1563.html,,,Gdańsk,54.3762543,18.614001
Teatr Muzyczny im. Danuty Baduszkowej,theatre,http://www.muzyczny.org/,,,Gdańsk,54.5164444,18.5456185
Teatr Na Plaży,theatre,http://www.teatrnaplazy.pl/,,,Gdańsk,54.4484176,18.5684239
Teatr niezależny Maszoperia,theatre,http://www.maszoperia-art.com/teatr.php,,,Gdańsk,54.5195837,18.5351681
Teatr Pinezka,theatre,https://teatrpinezka.blogi.pl/,,,Gdańsk,54.411217,18.5911374
Teatr Ubogi Relacji,theatre,Ingen webbplats,,,Gdańsk,54.43976,18.57063
Teatr w Blokowisku,theatre,www.plama.art.pl,,,Gdańsk,54.3923313,18.5915909
Teatr Wybrzeże - Scena Kameralna,theatre,http://www.teatrwybrzeze.pl/scena-kameralna,,,Gdańsk,54.4435278,18.5653947
Teatr ZNAK,theatre,http://www.gsa.net.pl/,,,Gdańsk,54.3774281,18.608613
Two Windows Theatre,theatre,http://teatrwoknie.pl/,,,Gdańsk,54.349021,18.6519911
Ukryte Miejsce,theatre,https://ukrytemiejsce.pl/,,,Gdańsk,54.4426304,18.5603562
Wybrzeze Theatre,theatre,http://www.teatrwybrzeze.pl/,,,Gdańsk,54.3512751,18.6486621
Teatr OFF Junior,theatrical_productions,https://www.muzyczny.org/pl/edukacja/teatr-muzyczny-junior/teatr-off-junior.html,,,Gdańsk,54.5169014,18.5460841
Dyniowy Raj,urban_farm,Ingen webbplats,2,,Gdańsk,54.12996,18.74265
"Eco Line - donice ceramiczne, nawozy ekologiczne",urban_farm,http://www.ecolinepoland.pl/,2,,Gdańsk,54.4603085,18.553507
Ogrodnictwo Lawenda,urban_farm,http://ogrodnictwolawenda.pl/,2,,Gdańsk,54.3113062,18.6357502
Sadovnia,urban_farm,Ingen webbplats,2,,Gdańsk,54.3123756,18.5628028
Dworek Kleszczewo | Sala weselna | Pruszcz Gdański | Gdańsk | Komunie,venue_and_event_space,http://dworekkleszczewo.pl/,2,,Gdańsk,54.2088976,18.5217704
Styl - Meble kuchenne na wymiar Gdańsk,video_film_production,https://styl-meble.pl/gdansk/,2,,Gdańsk,54.4022084,18.5806069
TM Technologie,video_film_production,https://tmtechnologie.pl/,2,,Gdańsk,54.5541609,18.4356526
Sklep Joystick,video_game_store,Ingen webbplats,2,,Gdańsk,54.5202967,18.5352917
Strefa Gracza,video_game_store,Ingen webbplats,2,,Gdańsk,54.4094626,18.5921111
Banqsoft,vinyl_record_store,https://www.banqsoft.com/,2,,Gdańsk,54.386419,18.4652626
BigLetter - Biuro Tłumaczeń Gdańsk - Translation Office in Gdansk,vinyl_record_store,http://www.bigletter.pl/,2,,Gdańsk,54.403294,18.56978501
Fotograf Obłuże - Ewa Konkol Fotografia,vinyl_record_store,https://ewafoto.pl/,2,,Gdańsk,54.575146,18.409664
Fotograf Obłuże - Ewa Konkol Fotografia,vinyl_record_store,https://ewafoto.pl/,2,,Gdańsk,54.5507489,18.5096348
"KOZAK.pl - sklep komputerowy, drukarki, tusze, tonery",vinyl_record_store,https://www.kozak.pl/,2,,Gdańsk,54.3491975,18.5911114
Sklep-Sandra Ksero & Tusze Tonery & RTV & Pralnia Żabianka,vinyl_record_store,,2,,Gdańsk,54.421,18.5719
Ultra NDT  badania nieniszczące NDT,vinyl_record_store,https://www.ultrandt.pl/,2,,Gdańsk,54.5296106,18.5135346