name,category,website,delete,comments,city,lat,lon,
FFAR Forum för arkitektur,architectural_designer,http://www.ffar.se/,1,Praesidium???,Stockholm,"59,3088186","18,0813641",
ccap,arts_and_entertainment,http://www.ccap.se/,1,praesidium?,Stockholm,"59,3492257","18,0626517",
Cyklopen,arts_and_entertainment,http://www.cyklopen.se/,1,praesidium? ,Stockholm,"59,259175","18,040922",
Husby-gård,arts_and_entertainment,http://www.husbygard.nu,1,Praesidium?,Stockholm,"59,40719","17,9197712",
Kastanjegården,arts_and_entertainment,Ingen webbplats,1,praesidia? Kolla med Per vad som händer på Kastanjegården,Stockholm,"59,2593153","18,0952345",
Slipvillan,arts_and_entertainment,http://www.slipvillan.org/,1,praesidia?,Stockholm,"59,3212209","18,0377396",
Sprallen,arts_and_entertainment,https://m.facebook.com/sprallendansbana/,1,Praesidia? dans,Stockholm,"59,30378","18,0722105",
Spånga Folkan,arts_and_entertainment,https://spangafolkan.se/,1,praesidia?,Stockholm,"59,373071","17,8994659",
Larrys Corner,bookstore,http://www.larryscorner.se,1,"Har konsert- och utställningsverksamhet, filmklubb etc",Stockholm,"59,3092466","18,0673274",
Munnen,community_center,https://munnen.ooo/,1,,Stockholm,"59,280543","18,131588",
Free Flow Sthlm,dance_club,https://www.noden.org/membership,1,praesidia? community meeting place etc,Stockholm,"59,34297","18,11638",
Elektronmusikstudion EMS Stockholm,music_production,http://www.elektronmusikstudion.se,1,important place for the local electro-acoustic music scene,Stockholm,"59,3209077","18,0538197",
Stockholm VR Center,arcade,https://vr-center.se/,2,Closed,Stockholm,"59,2937335","18,0801633",
722 Architects,architect,https://www.block722.com/,2,,Stockholm,"59,336212","18,073596",
Areamätning Areaberäkning i Stockholm / Arkitekt Mikael Hådell,architect,https://areaberakning.se/,2,,Stockholm,"59,325722","17,9917353",
BBH Arkitekter & Ingenjörer,architect,http://www.bbh.se/,2,,Stockholm,"59,31491673","18,05384614",
Stina Larsson Arkitekt,architect,,2,,Stockholm,"59,34448815","18,04488414",
Zynka BIM,architect,https://bim.zynka.se/,2,,Stockholm,"59,3331111","18,057368",
Amneby Forslund Arkitekter,architectural_designer,https://amnebyforslund.se/,2,No web page,Stockholm,"59,3352007","18,0348286",
Arkitektstudio Widjedal Racki AB,architectural_designer,http://www.wrark.se/,2,Based in Trosa,Stockholm,"59,334733","18,081854",
Arkitema,architectural_designer,http://www.arkitema.com,2,Based in Solna,Stockholm,"59,312037","18,058454",
Arklab,architectural_designer,http://www.arklab.se/,2,Seems like a resting company - not much activity,Stockholm,"59,314315","18,056673",
Arthur Sundqvist Arkitekt,architectural_designer,http://www.arthur-sundqvist.se,2,no web page,Stockholm,"59,312561","18,0626392",
"Barkk - byggnadskonst, arkitektur och konst AB",architectural_designer,http://www.byggnadskonst.com,2,No web page,Stockholm,"59,329065","18,0378629",
Berndtsson arkitekter,architectural_designer,http://www.berndtsson.se,2,no web page,Stockholm,"59,348515","18,068467",
BygglovX,architectural_designer,http://www.bygglovx.se/,2,"Based in Umeå, focus on permits",Stockholm,"59,3069128","18,0766296",
Byrån för Arkitektur och Konstruktion Stockholm Hongkong AB,architectural_designer,http://www.stockholmhongkong.com/,2,No web page,Stockholm,"59,3281734","18,0163154",
D2 Arkitektur & Projektledning,architectural_designer,http://d2arkitektur.se/,2,No web page,Stockholm,"59,3145912","18,0577986",
Dahlberg Busnardo,architectural_designer,http://dabuark.se/,2,Based in Nacka,Stockholm,"59,30683","18,07141",
Economy,architectural_designer,http://this-is-economy.com/,2,No web page,Stockholm,"59,31795","18,07678",
Erséus Arkitekter,architectural_designer,http://www.erseus.se,2,Based in Göteborg,Stockholm,"59,31799","18,07593",
Jubile AB,architectural_designer,http://www.jubile.se/,2,Based in Åkersberga,Stockholm,"59,31351","18,08319",
Megaron Arkitekter AB,architectural_designer,https://formaarkitekter.se/om-oss/,2,Verkar ha upphört och gått i i Forma men finns kvar på facebook,Stockholm,"59,3366609","18,0639155",
Millimeter Arkitekter AB,architectural_designer,http://www.millimeter.se/,2,"Double, see row above",Stockholm,"59,34063","18,04839",
MØKT,architectural_designer,https://www.moekt.com/,2,Based in Denmark and have splitted and changed name.,Stockholm,"59,31295","18,06828",
OPI Lab,architectural_designer,Ingen webbplats,2,This is a art and architecture one year course,Stockholm,"59,314312","18,0159381",
Pnthaus,architectural_designer,Ingen webbplats,2,Based in Solna and about permits etc,Stockholm,"59,332116","17,975659",
Projit,architectural_designer,http://www.projit.se/,2,"building engeneering, not architecture. Based on Fiskargatan 8 as several above are too.",Stockholm,"59,3180336","18,0757917",
pS Arkitektur,architectural_designer,http://www.reformark.se/,2,"Interior design, and new name Reform (not pS Arkitektur)",Stockholm,"59,3138376","18,067895",
Refine Design Studio,architectural_designer,http://refinedesignstudio.se/,2,Interior design ,Stockholm,"59,3462006","18,0442661",
Sundell Arkitekter,architectural_designer,http://www.sundellarkitekter.se/,2,"Merged with Witte, see WitteSundell below",Stockholm,"59,3209288","18,0506349",
Sveriges Arkitekter,architectural_designer,http://www.arkitekt.se/,2,Organisation for architects,Stockholm,"59,3340771","18,0901014",
Sveriges Arkitekter Konstfack,architectural_designer,https://www.arkitekt.se/,2,See above,Stockholm,"59,29978","17,9943",
APA Gallery,art_gallery,http://www.apagallery.se/,2,Closed,Stockholm,"59,345172","18,038295",
Area 52,art_gallery,http://www.area52gallery.com/,2,Closed,Stockholm,"59,33983","18,08155",
ARGO Galleri&konstdepå,art_gallery,http://www.argo.se/,2,Blogg,Stockholm,"59,343164","18,035634",
Arkitekterna Modern Art,art_gallery,http://www.arkitekternamodernart.se/,2,Closed,Stockholm,"59,3124625","18,0773238",
Art Concept Store,art_gallery,http://www.artconceptstore.se/,2,Closed,Stockholm,"59,309811","18,081064",
Art Kiss - The International Art Gallery,art_gallery,Ingen webbplats,2,In active,Stockholm,"59,27705","18,1332",
Artbyheart,art_gallery,http://www.artbyheart.se/,2,Individual ,Stockholm,"59,35975","18,09652",
Atelier 123,art_gallery,Ingen webbplats,2,Closed,Stockholm,"59,25306","18,079545",
Atelier Landberg,art_gallery,https://www.atelierlandberg.se/,2,Individual ,Stockholm,"59,3069156","18,0059797",
Ateljè Galleri Bellange,art_gallery,http://www.bellangegalleri.com/,2,Closed,Stockholm,"59,3417542","18,0299596",
Ateljén,art_gallery,Ingen webbplats,2,?,Stockholm,"59,2782446","18,0327208",
Betonggalleriet,art_gallery,http://www.betonggalleriet.se,2,Closed,Stockholm,"59,314897","18,020345",
Bildbunkern,art_gallery,http://www.bildbunkern.se/,2,Closed,Stockholm,"59,33527","18,03107",
C/o Bauer Gallery,art_gallery,http://www.cobauer.com/,2,Individual ,Stockholm,"59,3250619","18,0736362",
C/o Indigo,art_gallery,Ingen webbplats,2,Closed,Stockholm,"59,34192","18,04138",
CloudyBay,art_gallery,http://www.cloudybay.se/,2,Closed,Stockholm,"59,345479","18,051818",
Couture Galleri,art_gallery,http://www.couturegalleri.se/,2,Not relevant,Stockholm,"59,3370898","18,0711898",
Creative Gallery,art_gallery,http://creativecoatings.se/,2,Not relevant,Stockholm,"59,3593375","17,8741683",
Design Hall,art_gallery,Ingen webbplats,2,Closed,Stockholm,"59,299919","17,994149",
Designgalleriet Kammakargatan,art_gallery,http://designgalleriet.com/,2,Not relevant,Stockholm,"59,3373985","18,0552692",
Elastic Gallery,art_gallery,http://www.elasticgallery.com/,2,Not in Stockholm,Stockholm,"59,34563","18,03743",
Fakt,art_gallery,http://fakt.app/,2,Not relevant,Stockholm,"59,3368637","18,03277",
Folksalongen,art_gallery,Ingen webbplats,2,Not relevant,Stockholm,"59,32781","18,08279",
Förstoringsateljén AB,art_gallery,http://www.forstoringsateljen.se/,2,Print shop,Stockholm,"59,2655971","18,0096208",
Gaimer Art,art_gallery,http://gaimersgalleri.se/,2,Individual ,Stockholm,"59,3013252","18,0077002",
Galerie Helena,art_gallery,http://www.galeriehelena.se/,2,Closed,Stockholm,"59,331815","18,083422",
Galerie North,art_gallery,http://www.galerienorth.com/,2,Interior design shop,Stockholm,"59,3338164","18,0834837",
Galerie Plomberie,art_gallery,https://galerieplomberie.se/,2,Closed,Stockholm,"59,3237047","18,072866",
Galleri 53,art_gallery,https://www.ramdesign.se/sv/stalla-ut-hos-ramdesign,2,Closed,Stockholm,"59,3355399","18,0332143",
Galleri 67 - Gamla Stan,art_gallery,http://www.konstexpo.se/,2,Printshop,Stockholm,"59,3235921","18,0715679",
Galleri Bon,art_gallery,http://bon.se/,2,Magazine,Stockholm,"59,317444","18,077538",
Galleri Carl ,art_gallery,https://www.kallakerart.se/,2,Individual ,Stockholm,"59,3326002","18,0817938",
"Galleri Engleson, Storkyrkobrinken 10",art_gallery,Ingen webbplats,2,Closed,Stockholm,"59,3257609","18,0683032",
Galleri Gunnar Olsson,art_gallery,Ingen webbplats,2,Closed,Stockholm,"59,34395","18,06953",
Galleri Kocks på Kocksgatan 18,art_gallery,http://www.gallerikocks.com/,2,Closed,Stockholm,"59,3140175","18,0772753",
Galleri Monica,art_gallery,http://www.gallerimonica.se/,2,Individual ,Stockholm,"59,325098","18,0720122",
Galleri Mårtenson & Persson,art_gallery,http://www.gallerimartenson-persson.se/,2,Closed,Stockholm,"59,342717","18,068048",
Galleri Puckeln,art_gallery,https://www.facebook.com/people/Galleri-Puckeln/100054542646637/,2,Closed,Stockholm,"59,3195922","18,0673211",
Galleri Sebastian Schildt,art_gallery,http://www.sebastianschildt.se/,2,silversmith,Stockholm,"59,33233","18,07901",
Galleri Stenlander,art_gallery,http://www.larissastenlander.com/,2,Individual ,Stockholm,"59,3383735","18,08128",
Galleri Taktil,art_gallery,https://www.kursplats.nu/galleri-taktil/,2,Closed,Stockholm,"59,3235545","18,0734278",
Galleri Taktil Konst,art_gallery,http://www.kursplats.nu,2,Therapy/Courses ,Stockholm,"59,32503","18,07032",
Galleri Vamanashi,art_gallery,http://galleri-yamanashi.com/,2,Introducing art from Japan,Stockholm,"59,3250555","18,0736269",
Galleriet i min mammas lägenhet,art_gallery,Ingen webbplats,2,Closed,Stockholm,"59,340464","18,06394",
Galleristockholm.se,art_gallery,Individual ,2,Appears twice ,Stockholm,"59,3394841","18,0822789",
Gallery Frameland - Mikazuki,art_gallery,Ingen webbplats,2,framing shop,Stockholm,"59,3363343","18,0571145",
Gallery Magno Art - Stockholm,art_gallery,http://magno-art.se/,2,Closed,Stockholm,"59,3349365","18,0787462",
Gallery Pascale,art_gallery,http://www.gallerypascale.com,2,Closed,Stockholm,"59,336598","18,075439",
Gamla stans galleri Stockholm,art_gallery,http://www.gamlastansgalleri.se/kontakt,2,Closed,Stockholm,"59,3251501","18,0717525",
GJK Showroom,art_gallery,http://www.galleri-kleerup.se/,2,Not relevant ,Stockholm,"59,3303178","18,0711206",
Gudrun Stålnacke,art_gallery,http://Konst.se/stalnacke,2,Individual ,Stockholm,"59,31714","18,00602",
Gunilla Manns Konsthall i Rörum,art_gallery,http://www.gunillamann.se/,2,Individual ,Stockholm,"59,3176315","18,0435815",
Hammarby ArtPort,art_gallery,Ingen webbplats,2,Closed,Stockholm,"59,301406","18,0982213",
Hammarby Konsthandel AB,art_gallery,http://www.hammarbykonst.se/,2,framing shop,Stockholm,"59,310573","18,0590915",
Helena Mernissi Art & Design,art_gallery,http://www.helenamernissi.se/,2,Individual ,Stockholm,"59,313946","18,019394",
HL Gallery,art_gallery,http://hlgallery.se/,2,CLosed,Stockholm,"59,338045","18,03574",
HM:s Mattgalleri,art_gallery,http://www.hmsmattgalleri.se/,2,Persian rugs,Stockholm,"59,34021","18,0302599",
Honey Gallery,art_gallery,http://sara-mara.se/,2,Individual,Stockholm,"59,3238181","17,956969",
Hökarängen Designcentral,art_gallery,http://www.tapetserargruppen.com/,2,Upholsterer,Stockholm,"59,25691","18,0814",
Hörnan inredning,art_gallery,https://www.hornaninredning.se/,2,Closed design,Stockholm,"59,2897245","18,1202971",
Ingela S Gallery,art_gallery,http://www.ingelasgallery.com/,2,Blog,Stockholm,"59,3402259","18,0610299",
Iris Galerie Sverige,art_gallery,https://en.irisgalerie.com/,2, Iris photography shop,Stockholm,"59,3312279","18,0674606",
Jarla Partilager,art_gallery,Ingen webbplats,2,Closed,Stockholm,"59,34448","18,065155",
Kadmos One,art_gallery,http://www.kadmos.one/,2,Closed,Stockholm,"59,3222","18,07401",
Karin Gissbergs ateljé och konstkurser,art_gallery,http://www.karingissberg.se/,2,Individual,Stockholm,"59,348043","17,882764",
Konstart,art_gallery,http://www.konstart.eu/,2,Closed,Stockholm,"59,318188","18,0733693",
Konstattack,art_gallery,Ingen webbplats,2,Closed,Stockholm,"59,3183212","18,0743103",
Konstguiden,art_gallery,http://www.konstguiden.com/,2,Art guide,Stockholm,"59,3183913","18,0581547",
Konstiga fönstret Hökarängen,art_gallery,Ingen webbplats,2,Closed,Stockholm,"59,256093","18,082157",
Konstkompaniet,art_gallery,http://www.konstkompaniet.se/,2,Closed,Stockholm,"59,3458129","18,064276",
Lars Wallin,art_gallery,http://www.larswallin.com/,2,Designer,Stockholm,"59,3429975","18,064227",
Le Studio 5,art_gallery,http://www.le-studio5.se,2,Closed / popup,Stockholm,"59,3335","18,09521",
Leif Söderströms Konst,art_gallery,http://www.soderstromskonsthandel.com/,2,CLosed,Stockholm,"59,323183","18,071033",
Lisa & Eva,art_gallery,https://lisaocheva.wordpress.com/,2,Jewellery,Stockholm,"59,319415","18,0595042",
Livstycket Kunskaps- och designcenter,art_gallery,http://www.livstycket.se,2,Closed,Stockholm,"59,394425","17,902886",
Lokalen,art_gallery,Ingen webbplats,2,???,Stockholm,"59,3400183","18,036644",
Lumas Sturegatan 16,art_gallery,Ingen webbplats,2,Closed,Stockholm,"59,337793","18,074311",
M Ross Gallery,art_gallery,http://metteross.com/,2,Individual,Stockholm,"59,3366079","18,0850666",
Mag Blue Fine Art,art_gallery,https://magblueart.se/,2,Individual,Stockholm,"59,3011821","17,9953051",
Magasin III Museum for Contemporary Art,art_gallery,http://www.magasin3.com/,2,Closed -> Jaffa,Stockholm,"59,3429924","18,1194815",
Mankovsky Gallery,art_gallery,https://mankovskygallery.com/,2,Gothenburg,Stockholm,"59,3372167","18,0864143",
"Mann Gunilla, Ateljé",art_gallery,,2,Individual,Stockholm,"59,3117648","18,0843518",
Marina Stenby Studio,art_gallery,https://marinastenby.com/,2,Individual,Stockholm,"59,32176","17,9911299",
Milliken Gallery,art_gallery,http://www.millikengallery.com,2,Closed,Stockholm,"59,342471","18,058832",
Mindepartementet,art_gallery,http://mindepartementet.org/,2,Closed,Stockholm,"59,3277198","18,0826111",
MLG gallery,art_gallery,https://www.mlg-gallery.com/,2,Closed,Stockholm,"59,312256","18,08075",
Modern konst Inessa Artstudio Stockholm,art_gallery,http://www.innaahlstrom.se/,2,Individual,Stockholm,"59,36739","17,817",
NAU Gallery,art_gallery,http://naugallery.se/,2,Not relevant ,Stockholm,"59,346022","18,038015",
Nedre Manilla,art_gallery,https://sv.wikipedia.org/wiki/Nedre_Manilla,2,Not relevant ,Stockholm,"59,3228978","18,1364672",
Norra Raiden,art_gallery,http://www.norraraiden.se,2,closed,Stockholm,"59,322949","18,072561",
North Sweden Stockholm Office,art_gallery,Ingen webbplats,2,Not relevant,Stockholm,"59,333393","18,0598702",
Oxenstiernska Malmgården,art_gallery,https://lagerlingsostermalm.se/restaurang/oxenstiernska-malmgarden-blir-restaurang/,2,Not relevant,Stockholm,"59,3345851","18,0886369",
Paula Rindborg - Art & Design,art_gallery,http://www.paularindborg.com/,2,Individual,Stockholm,"59,3457002","18,0380836",
Peppas Art Gallery,art_gallery,Ingen webbplats,2,Individual,Stockholm,"59,3257677","18,0684944",
Pictufy,art_gallery,http://pictufy.com/,2,Not relevant,Stockholm,"59,33219","18,0679",
Planeten Jorden,art_gallery,Ingen webbplats,2,Closed,Stockholm,"59,3310278","17,9311714",
Polymorph,art_gallery,Ingen webbplats,2,Popup,Stockholm,"59,253931","18,0786",
Pop Up Gallery,art_gallery,Ingen webbplats,2,???,Stockholm,"59,34091","18,06721",
Ramverkstan Södermalm,art_gallery,http://www.ramverkstan.se/,2,Framing shop,Stockholm,"59,3117165","18,0789516",
Rififi Art Shop,art_gallery,http://www.rififiart.com/,2,Closed,Stockholm,"59,3155535","18,034987",
Skanegatan 70,art_gallery,http://www.greenworks.eu/,2,Not relevant,Stockholm,"59,3118996","18,0781839",
skomakeriet,art_gallery,http://galleriskomakeriet.se/,2,Closed,Stockholm,"59,31716","18,07646",
Snösätra Graffiti,art_gallery,https://www.visitstockholm.com/sv/se--gora/sevardheter/snosatra-graffiti-wall-of-fame/,2,Included as Kulturkvarter Snösätra,Stockholm,"59,248037","18,043661",
Snösätra industriområde,art_gallery,Ingen webbplats,2,Included as Kulturkvarter Snösätra,Stockholm,"59,2504804","18,0406565",
Studio Amsterdam Living,art_gallery,Ingen webbplats,2,Closed,Stockholm,"59,3416302","18,0356831",
Studio Celine W,art_gallery,https://www.studiocelinew.com/,2,Individual,Stockholm,"59,3417403","18,0391423",
Studio Skuggsidan,art_gallery,Ingen webbplats,2,Closed,Stockholm,"59,3135071","18,0916176",
Sturegallerian,art_gallery,http://www.sturegallerian.se,2,Shopping mall,Stockholm,"59,335975","18,075444",
Södrasidan,art_gallery,Ingen webbplats,2,Magazin - music group,Stockholm,"59,286062","18,0982",
TEGEL stockholm,art_gallery,Ingen webbplats,2,Closed,Stockholm,"59,31091","18,09847",
Tellus grafik,art_gallery,www.tellusgrafik.se,2,printshop,Stockholm,"59,3013056","18,0015283",
Temporärt,art_gallery,http://www.temporartshop.com/,2,???,Stockholm,"59,3319199","18,0330594",
TINY gallery,art_gallery,http://www.cu-be.se/,2,Closed,Stockholm,"59,3096764","18,0670802",
Tobbo Galleri,art_gallery,http://tobbo.gallery/,2,Not relevant,Stockholm,"59,316021","18,081775",
Toppen,art_gallery,http://fargkontoret.se/toppen.html,2,Closed,Stockholm,"59,313961","18,019866",
Trovaj Watercolor,art_gallery,http://www.trovaj.com/,2,Individual,Stockholm,"59,278235","18,032802",
Uppsala Auktionskammare,art_gallery,https://www.uppsalaauktion.se/,2,Not relevant - outside Stockholm,Stockholm,"59,3350855","18,0780547",
Vårsalongen,art_gallery,http://www.liljevalchs.se/utstallningar/varsalongen-2016,2,Annual exhibition,Stockholm,"59,3324475","18,0668439",
WahlborgArt,art_gallery,http://www.dianawahlborg.se/,2,Individual,Stockholm,"59,3359692","18,0518894",
WAY gallery Sthlm,art_gallery,https://www.waygallerysthlm.com/,2,Location for events,Stockholm,"59,3433124","18,0475789",
Wiréhn Art Gallery,art_gallery,http://www.wirehn.com/,2,Individual,Stockholm,"59,3462462","18,0535925",
Xiko,art_gallery,http://www.xikoart.com/,2,Closed,Stockholm,"59,3320089","18,0447186",
YellowKorner,art_gallery,http://www.yellowkorner.com/,2,Not in Stockholm,Stockholm,"59,3342977","18,0678801",
Bromma Betong,art_museum,Ingen webbplats,2,Closed 2018,Stockholm,"59,3360087","17,9280015",
Fotografins Hus,art_museum,Ingen webbplats,2,Closed,Stockholm,"59,333641","18,074642",
Glas & Hantverks Center,art_museum,Ingen webbplats,2,,Stockholm,"59,3453536","18,0963915",
Hilma af Klint - Pioneer of Abstraction,art_museum,Ingen webbplats,2,,Stockholm,"59,3261375","18,083971",
Knyaz Rikard,art_museum,http://vanabolaget.se/,2,,Stockholm,"59,34238","18,09765",
kulturistan.se,art_museum,http://www.kulturistan.se/,2,Digital plats,Stockholm,"59,34695","18,11442",
Milajki,art_museum,http://www.milajki.com/,2,"Not a museum, sole person",Stockholm,"59,332966","18,0643285",
Stiftelsen Internationella Vadstena-Akademien,art_museum,http://www.vadstena-akademien.org/,2,Only office in Stockholm,Stockholm,"59,34387055","18,05100723",
Національний музей Швеції,art_museum,http://zh.wikipedia.org/zh-tw/%5E%78%0B%CB%5A%69%28,2,,Stockholm,"59,328611","18,078333",
瑞典历史博物馆,art_museum,http://fr.wikipedia.org/wiki/Mus%E9e_historique_de_Stockholm,2,,Stockholm,"59,334722","18,090278",
Apans Regnrock,art_school,Ingen webbplats,2,Not relevant,Stockholm,"59,341552","18,04479",
Bold Faces,art_school,http://www.boldfaces.com/,2,Not relevant,Stockholm,"59,311433","18,08598",
Granaten Kultur & Evenemang,art_school,Ingen webbplats,2,,Stockholm,"59,382754","17,846809",
Hallstrom Elisabeth,art_school,Ingen webbplats,2,,Stockholm,"59,30778","18,11014",
"Inslag, hjärtslag",art_school,Ingen webbplats,2,Student Exhibition,Stockholm,"59,32359","18,09987",
Inst For Hogre TV Utbildning i Goteborg,art_school,Ingen webbplats,2,Göteborg,Stockholm,"59,33708","18,06206",
KUL akademi AB,art_school,http://Www.kulakademi.se/,2,Closed,Stockholm,"59,2846701","18,1020222",
Pedagogik & Innovation i Stockholm,art_school,Ingen webbplats,2,Closed,Stockholm,"59,328568","18,034479",
Piano Jussi,art_school,Ingen webbplats,2,Not relevant,Stockholm,"59,2813452","18,0906012",
Ronny Bergfeldt,art_school,http://ronnybergfeldt.com,2,Individual courses,Stockholm,"59,333072","18,0874894",
Sofiagatan 5,art_school,Ingen webbplats,2,Not relevant,Stockholm,"59,31163","18,08242",
Sound Appeal,art_school,http://www.soundappeal.se/,2,Recording studio,Stockholm,"59,31756","18,02263",
St Strakinstrumentfond T Minne av Lars Jarnaker,art_school,Ingen webbplats,2,Not relevant,Stockholm,"59,330592","18,075788",
Stockholms Konstskola Paletten,art_school,Ingen webbplats,2,Closed,Stockholm,"59,334538","18,030633",
Terraforming,art_school,Ingen webbplats,2,Not relevant,Stockholm,"59,267661","18,124467",
Alexandra JS Design,arts_and_crafts,http://www.alexandrajs.com/,2,Closed,Stockholm,"59,2576231","18,0215625",
ArtyAttitude,arts_and_crafts,http://www.artyattitude.com/,2,Closed,Stockholm,"59,313295","18,083239",
Bandhagens Glasmästeri & Ramaffär,arts_and_crafts,http://www.bandhagensglas.se/,2,Not relevant,Stockholm,"59,27077","18,0453441",
Birkagatan Ett,arts_and_crafts,http://www.birkagatanett.se/,2,Co-working,Stockholm,"59,3393919","18,0322023",
Bärndal & Lindholm,arts_and_crafts,Ingen webbplats,2,closed industridesigner och guldsmed,Stockholm,"59,3172332","18,0794594",
Colours of Africa,arts_and_crafts,http://www.coloursofafrica.se/,2,Individual craft pop up shop,Stockholm,"59,3127509","18,0773208",
DalaHund,arts_and_crafts,http://www.dalahund.com/,2,Individual craft pop up shop,Stockholm,"59,3392631","18,0502392",
Design Lena Larsson,arts_and_crafts,https://www.designlenalarsson.com/,2,Individual ,Stockholm,"59,3101158","18,0828063",
Dragonhill,arts_and_crafts,Ingen webbplats,2,Closed,Stockholm,"59,3156528","18,0382736",
Drejeriet,arts_and_crafts,http://www.drejeriet.com/,2,Courses,Stockholm,"59,3388279","18,0145258",
Drejstugan,arts_and_crafts,http://Www.drejstugan.se/,2,Closed,Stockholm,"59,2685","17,97242",
Ejes Garn,arts_and_crafts,http://www.ejesgarn.se/,2,Shop Fabric and patterns,Stockholm,"59,3799724","17,8176482",
Emmeli Holm Metallformgivning,arts_and_crafts,https://emmetall.com/,2,Silversmith,Stockholm,"59,3451907","17,8868354",
Engwall o. Claesson,arts_and_crafts,http://eoc.se/,2,Paint store,Stockholm,"59,2670724","18,0080936",
Erika Petersdotter Keramik,arts_and_crafts,http://erika-Petersdotter.se/,2,Workshop and shop,Stockholm,"59,3182655","18,0688503",
Eye Shut Island,arts_and_crafts,http://eyeshutisland.com/,2,Online shop toys/design,Stockholm,"59,3239002","18,0709724",
Fill&Mix,arts_and_crafts,Ingen webbplats,2,Not relevant,Stockholm,"59,38183","17,89888",
Fingerborg,arts_and_crafts,http://fingerborgbutik.se/,2,yarns and wool.,Stockholm,"59,3134161","18,0781736",
"Flux Shop, Stockholm",arts_and_crafts,Ingen webbplats,2,Pop up shop,Stockholm,"59,3150941","18,0760169",
Frameit Konserthuset,arts_and_crafts,https://frameit.se/,2,frame shop,Stockholm,"59,33534","18,06327",
Galleri Smedja Volund,arts_and_crafts,https://www.volundmetalartschool.com/,2,Smiths school moved from Stockholm,Stockholm,"59,31956","18,0670499",
Garn & Sybehör,arts_and_crafts,http://www.garnistockholm.se,2,Yarns and wool,Stockholm,"59,311546","18,0820924",
Glasprinsen,arts_and_crafts,http://Www.glasprinsen.se/,2,Glas design shop,Stockholm,"59,3164664","18,038376",
GROSS Ateljéverkstad,arts_and_crafts,https://www.picturepressplay.com/gross,2,Designer,Stockholm,"59,31467","18,0056",
Handkraft Swea,arts_and_crafts,Ingen webbplats,2,Shop Swedish handicraft,Stockholm,"59,3251889","18,0691004",
High And Low Painters AB,arts_and_crafts,https://highandlowpainters.com/,2,Paiters,Stockholm,"59,3338401","18,0448548",
Highlights,arts_and_crafts,https://hlstore.com/,2,Paint shop,Stockholm,"59,3151178","18,0755298",
Holdens Keramik,arts_and_crafts,https://holdenskeramik.myshopify.com/,2,Closed,Stockholm,"59,34202","18,03927",
Hultbergs Eftr. Ram & Förgyllning,arts_and_crafts,http://www.hultbergsram.se,2,frame shop,Stockholm,"59,3452666","18,0519581",
Iris Hantverk Butiker,arts_and_crafts,http://www.irishantverk.se/,2,handicraft shop,Stockholm,"59,3342269","18,058697",
Japansk Designbutik KIKI,arts_and_crafts,http://ki-ki.se/,2,Closed,Stockholm,"59,32449","18,07146",
Jennys smycken ,arts_and_crafts,Ingen webbplats,2,Closed,Stockholm,"59,2615","18,02815",
Kalenderjavulen,arts_and_crafts,http://www.kalenderjavulen.com/,2,Webshop,Stockholm,"59,29978","17,9943",
Keramiker Helena Sundstedt,arts_and_crafts,https://keramiker-helena-sundstedt.myshopify.com,2,Artist,Stockholm,"59,3175154","18,0287907",
Keramikerna,arts_and_crafts,Ingen webbplats,2,Closed,Stockholm,"59,314338","18,083992",
Keramikverkstan Salong Pottan,arts_and_crafts,http://www.salongpottan.se,2,Pottery studio and shop,Stockholm,"59,3402347","18,032744",
Klässbols Linneväveri AB,arts_and_crafts,http://www.klassbols.se,2,Craft linen weaving,Stockholm,"59,342919","18,05689",
Kobolt Krukmakeri,arts_and_crafts,https://koboltkrukmakeri.com/,2,Closed,Stockholm,"59,3361316","18,0494342",
Konstinramningar AB Caroline Ericson,arts_and_crafts,Ingen webbplats,2,Frame shop,Stockholm,"59,3198468","18,0697624",
Konstnärernas Centralköp,arts_and_crafts,http://www.konstnarernas.se/,2,Shop,Stockholm,"59,3181232","18,0751758",
Konstnärshandeln Jordi,arts_and_crafts,http://www.konstnarshandelnjordi.se,2,Shop,Stockholm,"59,3182807","18,055291",
Kreatima,arts_and_crafts,http://www.kreatima.se,2,Shop,Stockholm,"59,334483","18,0590264",
Krets,arts_and_crafts,http://kretsdesign.se/,2,Tattoo studio,Stockholm,"59,3015681","18,007219",
Krukmakeriet Anne Junsjö,arts_and_crafts,http://www.annejunsjo.se/,2,pottery workshop,Stockholm,"59,3130437","18,0805248",
Kulturhantverkarna Norrtull,arts_and_crafts,Ingen webbplats,2,Shop,Stockholm,"59,350105","18,043439",
"La Petite Mort, Stockholm",arts_and_crafts,http://www.lapetitemort.se/,2,Fashion shop,Stockholm,"59,3386003","18,0883385",
Lejonkulans Läderhantverk,arts_and_crafts,http://www.lejonkulan.se/,2,Leather craft shop,Stockholm,"59,3189301","18,0357082",
Litet nystan,arts_and_crafts,http://www.litetnystan.se/,2,yarns and wool.,Stockholm,"59,3153098","18,0825412",
Madame Zoller Gallery,arts_and_crafts,https://madamezoller.com/,2,Medium and artist,Stockholm,"59,3252797","18,0701161",
Majasbok,arts_and_crafts,http://majasbokshop.com,2,Graphic designer,Stockholm,"59,3408168","18,0302992",
Makeri 14,arts_and_crafts,http://www.makeri14.com/,2,Closed yarn shop,Stockholm,"59,3250813","18,0722882",
Maleras Crystal Stockholm,arts_and_crafts,http://malerasstockholm.se/,2,Crystal store,Stockholm,"59,32956","18,06582",
Malmstenbutiken,arts_and_crafts,http://www.malmsten.se/,2,Design shop,Stockholm,"59,3366039","18,0756389",
Materialbutiken,arts_and_crafts,https://www.materialbutiken.se/,2,Paint shop,Stockholm,"59,3143916","18,0763682",
Matton,arts_and_crafts,http://www.mattonbutiken.se/,2,Paint shop,Stockholm,"59,341426","18,059898",
Metallinramningar,arts_and_crafts,http://www.metallinramningar.se/,2,Frame shop,Stockholm,"59,340739","18,059023",
Nanni's,arts_and_crafts,https://nannipilhjarta.com/,2,pop-up restaurant at home and Finnish courses,Stockholm,"59,34552","18,10565",
Oängslig Keramik,arts_and_crafts,http://oangsligkeramik.se/,2,pottery courses,Stockholm,"59,2775657","17,9657622",
Party Land Sweden,arts_and_crafts,http://party-land.se/start/,2,Not relevant,Stockholm,"59,2423261","18,0921066",
Pen Store,arts_and_crafts,http://www.penstore.se/,2,Paint shop,Stockholm,"59,3176204","18,0518619",
PlanticumWorld,arts_and_crafts,http://planticum.com/,2, Plants and garden shop ,Stockholm,"59,33547","18,08171",
Poppy Posters,arts_and_crafts,http://www.poppyposters.se/,2,Art prints,Stockholm,"59,3153813","18,099929",
Posterhead,arts_and_crafts,https://posterhead.se/,2,Closed,Stockholm,"59,3974","17,94816",
RamSyd,arts_and_crafts,http://www.ramsyd.se/,2,Frame shop,Stockholm,"59,2537182","18,0787188",
Screentec AB - Screentrycksmaterial,arts_and_crafts,http://screentec.se/,2,Paint shop,Stockholm,"59,2970634","18,0158824",
Sebastian Schildt,arts_and_crafts,http://sebastianschildt.se/,2,silversmith ,Stockholm,"59,3344878","18,0885156",
Seemann,arts_and_crafts,http://www.seemann.nu,2,Pottery,Stockholm,"59,326857","18,045469",
Sidencarlson,arts_and_crafts,http://www.sidencarlson.com/,2,Fabric shop,Stockholm,"59,3351873","18,0601839",
Simbra Siden,arts_and_crafts,http://www.simbrasiden.se/,2,Fabric shop,Stockholm,"59,339386","18,052166",
Sirocco Mosaïque,arts_and_crafts,http://www.mosaikdesign.se/,2,Design shop,Stockholm,"59,329873","18,029423",
Skansenbutiken,arts_and_crafts,http://www.skansenbutiken.se/,2,Craft shop,Stockholm,"59,32448","18,1004462",
Steven Taipale konstnär,arts_and_crafts,http://www.steventaipale.se/,2,Artist frame shop,Stockholm,"59,3379822","18,0917491",
Stockholms Förgyllning & Bildhuggeri,arts_and_crafts,http://www.xn--stockholmsfrgyllning-ebc.se/,2,Woodcarving gilding,Stockholm,"59,3441565","18,0473108",
Studio Clay Stockholm,arts_and_crafts,http://www.studioclay.se/,2,Pottery courses,Stockholm,"59,34925","18,04451",
Svensk hemslöjd,arts_and_crafts,http://www.svenskhemslojd.com/,2,Craft shop,Stockholm,"59,335351","18,07134",
Svensk SlÖJd,arts_and_crafts,http://www.svenskslojd.se/,2,Closed,Stockholm,"59,33534","18,07778",
Södermalms Konsthall,arts_and_crafts,http://www.sodermalmskonsthall.se/,2,Print shop,Stockholm,"59,3116607","18,0756982",
Söders Tyger,arts_and_crafts,http://www.soderstyger.se/,2,Fabric shop,Stockholm,"59,318028","18,0565229",
Søstrene Grene,arts_and_crafts,https://sostrenegrene.com/se/butiker/liljeholmstorget-stockholm-s-2022,2,Not relevant,Stockholm,"59,3093149","18,0223651",
Tavelbutiken,arts_and_crafts,https://tavelbutiken.com/,2,Print shop,Stockholm,"59,27064","18,03906",
Teitur.lab,arts_and_crafts,https://www.teiturardal.com/,2,Fashion photography,Stockholm,"59,30671","18,07738",
The Creativity House,arts_and_crafts,http://www.thecreativityhouse.se,2,Pottery courses,Stockholm,"59,3317333","18,0264268",
Tomtar & Troll,arts_and_crafts,http://www.tomtar-troll.com,2,Pop up trolls shop,Stockholm,"59,323367","18,073321",
Trollgods keramik,arts_and_crafts,http://www.trollgods.se/,2,Craft shop,Stockholm,"59,3457972","18,0978252",
Tufterian,arts_and_crafts,https://tufterian.se/,2,Tufting workshop,Stockholm,"59,3118254","18,0755868",
Tygverket Stockholm,arts_and_crafts,http://www.tygverket.se/,2,Fabric shop,Stockholm,"59,3179915","18,0669428",
Wincent Garner,arts_and_crafts,http://www.wincentgarner.se/,2,yarns and wool.,Stockholm,"59,3440585","18,049779",
Yachoh Skomakeri,arts_and_crafts,Ingen webbplats,2,Not relevant,Stockholm,"59,336584","18,06505",
Åsa Lindström Keramik,arts_and_crafts,http://www.asalindstrom.com/,2,Pottery design shop,Stockholm,"59,3152001","18,0759932",
#Stockholmsjul,arts_and_entertainment,https://stockholmsjul.se/,2,,Stockholm,"59,3334503","18,0606098",
202 Entertainment,arts_and_entertainment,Ingen webbplats,2,Not based in Stockholm,Stockholm,"59,3466865","18,0570144",
2dance,arts_and_entertainment,http://www.2dance.se/,2,Mobile service,Stockholm,"59,341624","18,046569",
A Love Supreme,arts_and_entertainment,http://www.alovesupreme.se/,2,Agentur,Stockholm,"59,3138343","18,0729336",
A4,arts_and_entertainment,http://atelje4.com/,2,closed,Stockholm,"59,3069","18,07021",
Afro Talent,arts_and_entertainment,https://www.afrotalent.nu/,2,closed?,Stockholm,"59,2781909","17,9058239",
Afrodance Sweden,arts_and_entertainment,http://www.afrodancesweden.com/,2,???,Stockholm,"59,34629","18,05133",
Alem Event,arts_and_entertainment,http://www.alemevent.com/,2,agency,Stockholm,"59,33899","18,00904",
Allkonstrummet,arts_and_entertainment,http://www.allkonstrummet.se/,2,closed,Stockholm,"59,3479228","18,1115627",
Anders Hanser Produktion,arts_and_entertainment,http://www.hanser.se,2,produktionsbolag,Stockholm,"59,337878","18,083119",
Artist & Eventbolaget,arts_and_entertainment,http://www.artistocheventbolaget.com/,2,en slags bokningsservice,Stockholm,"59,333064","18,056332",
Artisttorget,arts_and_entertainment,http://www.artisttorget.se/,2,bokningsservice,Stockholm,"59,38229","17,84754",
Ateljé Donna dell'Arte,arts_and_entertainment,http://www.donnadellarte.se/,2,företag,Stockholm,"59,2879502","18,0665021",
Ateljeföreningen Kattrumpan,arts_and_entertainment,Ingen webbplats,2,seems closed  ,Stockholm,"59,31982","18,05913",
Avalanche Studios Group,arts_and_entertainment,http://www.avalanchestudios.com/,2,Gaming bolag,Stockholm,"59,31323","18,07129",
Avemo Kerstin,arts_and_entertainment,Ingen webbplats,2,Enskild person,Stockholm,"59,329114","18,067881",
Barnens Allsång,arts_and_entertainment,http://www.svt.se/allsang/,2,,Stockholm,"59,325408","18,10214",
Barnkanalen,arts_and_entertainment,http://barnkanalen.se,2,,Stockholm,"59,3367324","18,1036293",
Barra Querida,arts_and_entertainment,http://www.barraquerida.se/,2,enskild person?,Stockholm,"59,3175577","18,0521557",
Basar Under,arts_and_entertainment,http://www.basarunder.com/,2,seems closed,Stockholm,"59,3122016","18,0741739",
BEEP Multimedia & Musik,arts_and_entertainment,http://www.beep.nu/,2,agentur av nåt slag,Stockholm,"59,320107","17,98626",
"Bengt Ahlin, Marius Gran, Ulf Wagner. Ljusinstallationer Bellevueparken",arts_and_entertainment,http://haga-brunnsviken.org/wp-content/uploads/2013/06/Ljusfest2015.pdf,2,grej från 2015,Stockholm,"59,351942","18,045495",
Besöksliv,arts_and_entertainment,http://www.besoksliv.se/,2,nyhetsbrev,Stockholm,"59,314","18,05689",
Borgbaletten,arts_and_entertainment,http://www.borgbaletten.se/,2,closed 2023?,Stockholm,"59,3466682","18,0547695",
Boulbaren,arts_and_entertainment,Ingen webbplats,2,,Stockholm,"59,31197","18,08212",
Boulebar Rådhuset,arts_and_entertainment,http://www.boulebar.se/stockholm,2,,Stockholm,"59,32764","18,054795",
Calegie Events,arts_and_entertainment,http://www.calegie.se/,2,,Stockholm,"59,32627","18,08217",
ChorusClass,arts_and_entertainment,https://www.chorusclass.com/,2,digitial,Stockholm,"59,33574","18,06596",
Club 666 Ozzy Army A20,arts_and_entertainment,www.ozzyarmy.nu,2,,Stockholm,"59,294906","18,0829218",
Club Privé,arts_and_entertainment,http://www.privesthlm.com,2,,Stockholm,"59,341225","18,060898",
Cool Magic Stockholm,arts_and_entertainment,http://www.coolmagic.se,2,enskild,Stockholm,"59,353768","18,0961669",
dfm,arts_and_entertainment,http://www.dfm.se/,2,based in Malmö,Stockholm,"59,346915","18,038125",
DIF Ungdomskansli,arts_and_entertainment,http://dif.se,2,,Stockholm,"59,355745","18,095949",
Djurgården Hockey,arts_and_entertainment,http://www.difhockey.se,2,,Stockholm,"59,2940716","18,0661695",
Ebbas Värld,arts_and_entertainment,https://ebbasvarld.se/,2,"enskild, bas i Tyresö",Stockholm,"59,341205","18,033598",
Evropi Nöjen,arts_and_entertainment,https://billetto.se/e/a-tribute-to-legendary-singer-stelios-kazantzidis,2,biljettförsäljning,Stockholm,"59,4088821","17,9381866",
Exit Stockholm AB,arts_and_entertainment,http://www.exit-stockholm.se/,2,socialt arbete,Stockholm,"59,4082988","17,9290993",
Fantastiska Nöjen vid Globen,arts_and_entertainment,http://www.nojestorget.se,2,,Stockholm,"59,2952897","18,0800388",
Farmer street,arts_and_entertainment,http://www.lundgrenmusic.com/,2,enskild,Stockholm,"59,3122385","18,0762911",
Favela Viking club,arts_and_entertainment,Ingen webbplats,2,closed,Stockholm,"59,2948799","18,0929108",
Felicias keramik,arts_and_entertainment,http://saranermansdotter.wixsite.com/nermansdotter,2,enskild,Stockholm,"59,33354","18,00013",
Festvåning Istanbul,arts_and_entertainment,http://festvaningistanbul.se/,2,festvånging,Stockholm,"59,29065","18,01737",
Filmpolis.se,arts_and_entertainment,http://www.filmpolis.se/,2,teaterrekvisita,Stockholm,"59,335447","18,029014",
Filmregion Stockholm-Mälardalen,arts_and_entertainment,http://www.frsm.se,2,film produktionsbolag,Stockholm,"59,35627","18,05748",
Financial investment guru   4,arts_and_entertainment,Ingen webbplats,2,closed 2022,Stockholm,"59,29418","18,02858",
Fiskargatan 9,arts_and_entertainment,Ingen webbplats,2,,Stockholm,"59,3180727","18,0764113",
"Flashdance The Musical, Sweden",arts_and_entertainment,http://www.flashdance-themusical.se/,2,,Stockholm,"59,3325401","18,0734767",
Flippergubben,arts_and_entertainment,http://www.flippergubben.se/,2,,Stockholm,"59,333265","18,0338302",
Francis Floor,arts_and_entertainment,http://francisfloor.com/,2,closed 2020,Stockholm,"59,31392","18,08017",
Fridhems Akvarier,arts_and_entertainment,http://ru.wikipedia.org/wiki/%24%40%38%34%45%35%3C%41%3F%3B%30%3D_(%41%42%30%3D%46%38%4F_%3C%35%42%40%3E),2,,Stockholm,"59,3325","18,030556",
Fritz's Corner,arts_and_entertainment,http://www.fritzscorner.se/,2,,Stockholm,"59,3117913","18,0748063",
Fritzs Corner,arts_and_entertainment,Ingen webbplats,2,,Stockholm,"59,309778","18,067217",
Galleri Sköld,arts_and_entertainment,Ingen webbplats,2,digitalt bara???,Stockholm,"59,342779","17,9040552",
Gallerizoo,arts_and_entertainment,http://www.gallerizoo.se/se,2,knapp digital närvar,Stockholm,"59,33776","18,06715",
Glada Sprutan,arts_and_entertainment,Ingen webbplats,2,huset revs 2025,Stockholm,"59,3076693","17,9712323",
Gruvan,arts_and_entertainment,https://johandahlberg.org/,2,enskild,Stockholm,"59,331802","18,015254",
Gruvan INC,arts_and_entertainment,Ingen webbplats,2,closed 2018,Stockholm,"59,31898","18,03424",
Handelsspexet,arts_and_entertainment,https://www.sasse.se/handelsspexet,2,,Stockholm,"59,34169","18,05724",
Hedesundavävarna - EVA Forsberg,arts_and_entertainment,Ingen webbplats,2,Not based in Stockholm?,Stockholm,"59,3151483","18,062768",
Hedvig Eleonora Vokalensemble,arts_and_entertainment,http://www.hedvigeleonoravokalensemble.se/,2,,Stockholm,"59,335825","18,080846",
Howcom Evolution,arts_and_entertainment,http://www.howcom.se,2,"PR, Mediabyrå",Stockholm,"59,334388","18,063951",
Hälsovillan,arts_and_entertainment,http://numberoneyou.se/,2,,Stockholm,"59,391133","17,772026",
Jacob Dahlgren,arts_and_entertainment,http://www.jacobdahlgren.com/,2,enskild,Stockholm,"59,31251","18,07573",
Jonjons & Gräll frilansbyrå AB,arts_and_entertainment,http://blogg.jonjonsgrall.se/,2,företag low digital precence,Stockholm,"59,341412","18,036942",
Julias dansevent,arts_and_entertainment,http://www.juliasdansevent.se/,2,closed,Stockholm,"59,3141652","18,0829043",
Kaffemissionären,arts_and_entertainment,https://www.kaffemissionaren.se/,2,,Stockholm,"59,3159014","18,0723265",
Kahlo,arts_and_entertainment,http://www.kahlo.se/,2,agentur,Stockholm,"59,33638","18,05421",
Keramiker Eva D'art,arts_and_entertainment,http://www.evadart.se/,2,webbutik,Stockholm,"59,31499","18,07529",
Keystothecity,arts_and_entertainment,www.keystothecity.se,2,closed sedan 2022?,Stockholm,"59,31878","18,05964",
Klubb Backen,arts_and_entertainment,Ingen webbplats,2,no digital presence,Stockholm,"59,3061726","17,9667038",
Konstnären Mats Arrhénborg,arts_and_entertainment,http://Scenograf.se/,2,enskild och baserad i Haninge,Stockholm,"59,341378","18,041463",
Kulturhuset Fjället,arts_and_entertainment,Ingen webbplats,2,No digigal presence,Stockholm,"59,3173978","18,0867785",
Kulturnatt Stockholm,arts_and_entertainment,http://www.kulturnattstockholm.se/,2,,Stockholm,"59,37982","17,88477",
Kyss,arts_and_entertainment,Ingen webbplats,2,,Stockholm,"59,339463","18,080057",
Lattjobolaget,arts_and_entertainment,http://www.lattjobolaget.se,2,,Stockholm,"59,290629","18,01735",
Lebanese Club Stockholm,arts_and_entertainment,http://www.lebaneseclub.se/,2,,Stockholm,"59,372644","17,855865",
Lifeline Entertainment,arts_and_entertainment,http://www.lifeline.se/,2,produktionsbolag,Stockholm,"59,334069","18,097432",
Lights Festival,arts_and_entertainment,http://lightsfestival.se/,2,,Stockholm,"59,29416","18,08081",
Live Nation Entertainment Office,arts_and_entertainment,,2,,Stockholm,"59,334063","18,098238",
Lou-Lou Pettersson - Illustratör & Konstnär,arts_and_entertainment,http://www.lou-lou.se/,2,enskild illustratör,Stockholm,"59,34531","18,09939",
LUSTLY,arts_and_entertainment,https://lustly.se/,2,webbutik vuxenleksaker,Stockholm,"59,33958425","18,06291047",
Läkarförbundet,arts_and_entertainment,https://slf.se/app/uploads/2024/01/lakarforbundets-riktlinjer-for-kommentarshantering-i-sociala-medier.pdf,2,,Stockholm,"59,34219","18,07294",
Magdalena Kellerman konstterapi,arts_and_entertainment,http://www.magdalenakellerman.com/,2,enskild konstterapi,Stockholm,"59,25702","18,00795",
Magine HQ,arts_and_entertainment,http://www.magine.com/,2,"streamingtjänster, teknologi",Stockholm,"59,3317291","18,0679629",
Magritte,arts_and_entertainment,Ingen webbplats,2,,Stockholm,"59,313732","18,089247",
Max Wikdahl Illustration,arts_and_entertainment,http://www.maxwikdahl.com/,2,"enskild, not based in stockholm",Stockholm,"59,34545","18,038314",
Might and Delight,arts_and_entertainment,https://store.steampowered.com/developer/mightanddelight/,2,"digital butik, gaming",Stockholm,"59,31842","17,98212",
Mordmysteriet med middag,arts_and_entertainment,http://www.gamlastanevent.com/,2,,Stockholm,"59,3240155","18,0711364",
Mosebacke Café,arts_and_entertainment,Ingen webbplats,2,,Stockholm,"59,317823","18,074483",
Mosebacke Design District,arts_and_entertainment,http://www.mosebackedesigndistrict.se/,2,closed 2022,Stockholm,"59,3181992","18,073399",
MP Games,arts_and_entertainment,http://www.mpgames.se/,2,chokladhjul mm,Stockholm,"59,323175","18,0971959",
Nadja Wedin design,arts_and_entertainment,http://www.nadjawedin.com/,2,"enskild mönster, textil",Stockholm,"59,246602","18,082178",
"Norr Mälarstrand, Kungsholmen",arts_and_entertainment,Ingen webbplats,2,,Stockholm,"59,3269893","18,050537",
Orkesterdiket,arts_and_entertainment,Ingen webbplats,2,,Stockholm,"59,3292184","18,0701616",
Persian Stage,arts_and_entertainment,https://www.gisheh.se/,2,biljettförsälning,Stockholm,"59,33258","18,06683",
Peter Bergman,arts_and_entertainment,Ingen webbplats,2,"enskild, baserad på Värmdö",Stockholm,"59,3405278","18,0381389",
Photo exhibition,arts_and_entertainment,http://Leidnerimaging.se/,2,enskild ,Stockholm,"59,31922","18,06434",
Piraja Student,arts_and_entertainment,https://piraja.se/,2,,Stockholm,"59,33563","18,0752",
POTEMKIN,arts_and_entertainment,http://www.potemkin.se/,2,"enskild, games, storytelling",Stockholm,"59,31738","18,05583",
Public Speaking,arts_and_entertainment,http://www.publicspeaking.se/,2,,Stockholm,"59,334156","18,057379",
Pumpan,arts_and_entertainment,http://www.stockholm.se/-/serviceenhetsdetaljer/?enhet=8a2a73c698834695b4733f21d69e954f,2,Finns en lokal som man kan /kunde hyra av kommunen men den hemsidan är nere,Stockholm,"59,3084353","18,0924684",
PÅTAKET,arts_and_entertainment,http://www.PaTaket.se/,2,,Stockholm,"59,33279","18,0642",
"Ranhammarsvägen Hells Angels Motorcykelklubb, Bromma",arts_and_entertainment,http://bit.ly/HellsAngelsMC,2,,Stockholm,"59,3491679","17,9602033",
Red Salt,arts_and_entertainment,http://www.andrejzverev.com/,2,enskild,Stockholm,"59,2942818","17,9665303",
Robert Haglund,arts_and_entertainment,alkobrallan.blogspot.se,2,closed,Stockholm,"59,2885929","17,9733189",
RockArt,arts_and_entertainment,https://www.rockartprint.com/,2,"digital butik, enskild",Stockholm,"59,30316","18,0908",
Rävudden,arts_and_entertainment,http://www.ravudden.se/,2,ingen digital presence,Stockholm,"59,344545","18,045724",
Rökridån,arts_and_entertainment,www.rokridan.se,2,closed 2016?,Stockholm,"59,292747","18,07933",
Sagotåget,arts_and_entertainment,Ingen webbplats,2,,Stockholm,"59,3293978","18,0886218",
SBG18,arts_and_entertainment,http://www.sbg18.se/,2,closed 2024,Stockholm,"59,314572","18,064434",
Showroom 57,arts_and_entertainment,http://www.showroom57.com/,2,"konstgalleri, closed 2014?",Stockholm,"59,3432004","18,0477638",
Silversmed - Karolin Ohlsson,arts_and_entertainment,http://www.kohlsson.se/,2,digital butik silversmed enskild,Stockholm,"59,31859","18,0735",
Skap,arts_and_entertainment,http://www.skap.se,2,organisation för musiker,Stockholm,"59,31897","18,06427",
Slick,arts_and_entertainment,http://www.klubbslick.se/,2,"closed 2020? dj, klubb",Stockholm,"59,318645","18,075415",
So Stockholm Gallery,arts_and_entertainment,http://www.sostockholm.com/,2,closed 2016,Stockholm,"59,3308296","18,0707337",
Solen - studio,arts_and_entertainment,Ingen webbplats,2,closed 2018,Stockholm,"59,3404111","18,0470029",
Soul Södermalm,arts_and_entertainment,http://www.soulsodermalm.se/,2,frisörsalong,Stockholm,"59,3134042","18,0773899",
Speedd8,arts_and_entertainment,http://www.speedd8.se/,2,"Dating events, Speed dating etc",Stockholm,"59,37982","17,88477",
Stadion - Summerburst 2013,arts_and_entertainment,Ingen webbplats,2,"closed, eventually now in Göteborg",Stockholm,"59,331308","18,045312",
Stadsgårdshamnen,arts_and_entertainment,https://sv.wikipedia.org/wiki/Stadsg%C3%A5rdshissen,2,,Stockholm,"59,317866","18,086748",
Stadslabbet Söderstaden,arts_and_entertainment,https://www.facebook.com/Stadslabbet/,2,closed 2023?,Stockholm,"59,2944023","18,08061",
"SthlmOnline, dag för dag",arts_and_entertainment,http://www.sthlmonline.se/index.php/kontakta-oss,2,digital kalender,Stockholm,"59,34346","18,09385",
Stockholm Art Week,arts_and_entertainment,http://www.stockholmartweek.se/,2,"Bra hemsida, mycket konst, men digital sammanställning",Stockholm,"59,3234","18,06916",
Stockholm Fashion Week,arts_and_entertainment,http://www.stockholmfashionweek.se/,2,"fashion shows, digital sammanställning, bra hemsida",Stockholm,"59,3355","18,07915",
Stockholm Ghost Walk,arts_and_entertainment,https://www.stockholmghostwalk.com/,2,stadsvandring,Stockholm,"59,3239871","18,0711916",
Stockholm Studios,arts_and_entertainment,https://www.stockholmstudios.com/,2,digital sammanställning av musik studior,Stockholm,"59,329359","18,068712",
Stockholm Underground,arts_and_entertainment,https://www.stockholmunderground.com/,2,"ticket sales, event manager",Stockholm,"59,29177","18,07938",
Stockholms Husesyn,arts_and_entertainment,Ingen webbplats,2,enskild utställning,Stockholm,"59,3735274","17,9197342",
Stockholmsjul #Drottninggatan,arts_and_entertainment,http://www.stockholmsjul.se,2,"julbelysning, bra sida",Stockholm,"59,31424","18,07276",
Stokholmo Rotušė,arts_and_entertainment,http://ko.wikipedia.org/wiki/%A4%A1%40%84_%DC%AD,2,"stadshuset, info om",Stockholm,"59,3275","18,055",
Studio 26 Highvalley District,arts_and_entertainment,Ingen webbplats,2,closed 2016,Stockholm,"59,265329","18,0459362",
Studion,arts_and_entertainment,http://www.studioplan.se/,2,,Stockholm,"59,3359776","18,0711888",
Svarta Hästen Schack & Vin,arts_and_entertainment,Ingen webbplats,2,"bar, focus schack",Stockholm,"59,3367098","18,072204",
Synk Casting,arts_and_entertainment,http://www.synkcasting.se/,2,modellagentur,Stockholm,"59,3434886","18,0574984",
The Garage Stockholm,arts_and_entertainment,http://www.thegaragestockholm.se/,2,unclear what this is,Stockholm,"59,3005955","18,0334637",
The Great Scandinavian Guitarshow,arts_and_entertainment,http://www.scandinavianguitarshow.se/,2,mässa för gitarrer,Stockholm,"59,301114","18,0888629",
The Lobby Humidor,arts_and_entertainment,http://www.thelobby.se,2,"cigarrställe, closed 2012?",Stockholm,"59,34109","18,06084",
TICSiR - Live Sports&Entertainment,arts_and_entertainment,http://www.ticsir.se/,2,Biljettförsäljning,Stockholm,"59,335379","18,074686",
Tripudium,arts_and_entertainment,Ingen webbplats,2,closed 2015?,Stockholm,"59,29177","18,079382",
Unipeg Riviera,arts_and_entertainment,http://www.unipeg.se/,2,"Golf, sport",Stockholm,"59,33799","18,06154",
Veronica Maggio,arts_and_entertainment,Ingen webbplats,2,enskild sångerska,Stockholm,"59,314292","18,09247",
Vinterträdgården,arts_and_entertainment,Ingen webbplats,2,,Stockholm,"59,330147","18,075787",
Visuals,arts_and_entertainment,http://www.visuals.se/,2,,Stockholm,"59,316343","18,027315",
von Walden Medical,arts_and_entertainment,Ingen webbplats,2,läkare,Stockholm,"59,3491714","18,0594674",
Wall of Art,arts_and_entertainment,https://wallofart.com/,2,digital butik för konst,Stockholm,"59,3174949","18,0719244",
YOF Creative Partners,arts_and_entertainment,http://www.yof.live/,2,konsertarrangör,Stockholm,"59,31005","18,0941",
You Against You,arts_and_entertainment,http://www.youagainstyou.com/,2,"digital butik, fashion",Stockholm,"59,3112106","18,0235105",
"Yxsmedsgränd 1 - teater, föreningar, festligheter sub-city",arts_and_entertainment,https://www.facebook.com/yxsmedsgrand1/?locale=sv_SE,2,closed 2022,Stockholm,"59,32475","18,06931",
Årstavikens Gröna Båtklubb,arts_and_entertainment,Ingen webbplats,2,,Stockholm,"59,30991","18,0482799",
Åttifjärde konsthallen,arts_and_entertainment,https://www.facebook.com/8ttifj4rde/,2,closed 2023?,Stockholm,"59,30806","17,97091",
Örby Slott,arts_and_entertainment,Ingen webbplats,2,,Stockholm,"59,2807478","18,0327324",
Ελλήνων Ήχοι,arts_and_entertainment,https://youtube.com/@Ellinonhxoi,2,,Stockholm,"59,3239073","18,0712051",
賽格爾廣場,arts_and_entertainment,http://fi.wikipedia.org/wiki/index.html?curid=198040,2,,Stockholm,"59,3325","18,064444",
Almhöjden,attractions_and_activities,Ingen webbplats,2,Public place,Stockholm,"59,27636","18,098004",
Backlura,attractions_and_activities,Ingen webbplats,2,Public place,Stockholm,"59,3936298","17,8219973",
Badberget Örnsberg,attractions_and_activities,Ingen webbplats,2,Public place,Stockholm,"59,3095911","17,9825021",
Badbryggan Liljeholmskajen,attractions_and_activities,http://www.indiangarden.nu/,2,Public place,Stockholm,"59,3071837","18,0330936",
Begravningsbyrån Alviks Strand,attractions_and_activities,http://www.bgbas.se/,2,Not relevant,Stockholm,"59,3329722","17,9809627",
Blecktornsparken,attractions_and_activities,http://sv.wikipedia.org/wiki/Lilla_Blecktornsparken,2,Public place,Stockholm,"59,307531","18,086079",
Bänken vid Tunnelbanan,attractions_and_activities,Ingen webbplats,2,Public place,Stockholm,"59,364697","17,87002",
Ekermanska Malmgården Högalids Hembygdsförening,attractions_and_activities,http://www.ekermanska.se/,2,hembygdsförening,Stockholm,"59,312311","18,0523875",
Eklunds Hage,attractions_and_activities,Ingen webbplats,2,Public place,Stockholm,"59,2549287","18,104926",
Folkungatrappan,attractions_and_activities,Ingen webbplats,2,Public place,Stockholm,"59,3138818","18,0709971",
Gläntan,attractions_and_activities,Ingen webbplats,2,Public place,Stockholm,"59,378393","17,882987",
Grimsta Utegym,attractions_and_activities,http://www.stockholm.se/-/Serviceenhetsdetaljer/?enhet=2eec914c595d414885cb97b35c7694d2,2,Public place,Stockholm,"59,3599332","17,8662901",
Guldkusten kyrkhamn,attractions_and_activities,Ingen webbplats,2,Public place,Stockholm,"59,3889","17,780888",
Hammarbyhöjden,attractions_and_activities,Ingen webbplats,2,Public place,Stockholm,"59,2942924","18,0988331",
Hansta Naturreservat,attractions_and_activities,Ingen webbplats,2,Public place,Stockholm,"59,423338","17,901878",
Humlegården,attractions_and_activities,http://www.stockholm.se/-/Serviceenhetsdetaljer/?enhet=72ad48c7398844bba064f76f3de670e7,2,Public place,Stockholm,"59,340786","18,073466",
Karl O Kristinas Torpet Pungpinan,attractions_and_activities,https://www.karlokristinas.com/,2,Not relevant,Stockholm,"59,2725134","18,1106473",
Katarina Bangatas Allé,attractions_and_activities,Ingen webbplats,2,Public place,Stockholm,"59,3119732","18,0745218",
Kungsholms strandstig,attractions_and_activities,Ingen webbplats,2,Public place,Stockholm,"59,333843","18,048103",
Larsbodavägen 55,attractions_and_activities,Ingen webbplats,2,Public place,Stockholm,"59,24499","18,094265",
Leksandsvägen,attractions_and_activities,Ingen webbplats,2,Public place,Stockholm,"59,325279","17,927406",
Lidéns Hängmatta,attractions_and_activities,Ingen webbplats,2,Not relevant,Stockholm,"59,3620855","17,8849043",
Lill-Jansskogen,attractions_and_activities,Ingen webbplats,2,Public place,Stockholm,"59,349356","18,076104",
Lilla Skuggan,attractions_and_activities,Ingen webbplats,2,Public place,Stockholm,"59,3674133","18,0867833",
Lindhagensterrassen,attractions_and_activities,Ingen webbplats,2,Public place,Stockholm,"59,334876","18,015283",
"Långhalsvägen 14, Årsta",attractions_and_activities,Ingen webbplats,2,Public place,Stockholm,"59,2973784","18,0573737",
Nalsta Parkourpark,attractions_and_activities,Ingen webbplats,2,Public place,Stockholm,"59,3688854","17,8854244",
Norra Länken Roslagstull,attractions_and_activities,Ingen webbplats,2,Public place,Stockholm,"59,3512135","18,0554589",
Nälsta ängar,attractions_and_activities,Ingen webbplats,2,Public place,Stockholm,"59,3751029","17,8807554",
Piknik area,attractions_and_activities,Ingen webbplats,2,??,Stockholm,"59,32596","18,10866",
Plankanparkens Vänner,attractions_and_activities,http://kvarteretplankan.se/,2,Protest group,Stockholm,"59,31703","18,0424",
Rosenhill,attractions_and_activities,Ingen webbplats,2,Public place,Stockholm,"59,328922","18,141081",
Rosenlundsparken,attractions_and_activities,http://sv.wikipedia.org/wiki/Rosenlundsparken,2,Public place,Stockholm,"59,3109801","18,0680021",
Rålambshovsparken,attractions_and_activities,http://www.visitstockholm.com/en/See--do/Attractions/ralambshovsparken,2,Public place,Stockholm,"59,3287133","18,0247722",
Sickla Sluss,attractions_and_activities,Ingen webbplats,2,Public place,Stockholm,"59,3026959","18,1088823",
Skarpnäck sportfält,attractions_and_activities,Ingen webbplats,2,Public place,Stockholm,"59,269579","18,1196939",
Skinnarviksparken,attractions_and_activities,http://sv.wikipedia.org/wiki/Skinnarviksparken,2,Public place,Stockholm,"59,3194841","18,0482707",
Stockholms Bågskjutningsklubb,attractions_and_activities,Ingen webbplats,2,Not relevant,Stockholm,"59,3502357","18,0841111",
Sätraskogens Naturreservat,attractions_and_activities,Ingen webbplats,2,Public place,Stockholm,"59,2825486","17,9023459",
The Park,attractions_and_activities,http://www.thepark.se/,2,Business network,Stockholm,"59,34245","18,05734",
Vinterviken Country & Bluegrass Festival,attractions_and_activities,https://amerikanska-folkmusikforeningen.webnode.se/,2,Festival,Stockholm,"59,311308","17,9996746",
Vitabergsparken,attractions_and_activities,http://sv.wikipedia.org/wiki/Vita_bergen,2,Public place,Stockholm,"59,3109642","18,0901421",
Åkeriringen Magasinering,attractions_and_activities,Ingen webbplats,2,Not relvant,Stockholm,"59,34799","18,040405",
Ålstensängen,attractions_and_activities,Ingen webbplats,2,Public place,Stockholm,"59,316856","17,95273",
Älvrosgården,attractions_and_activities,Ingen webbplats,2,Public place,Stockholm,"59,326807","18,102582",
Örnsbergsklipporna,attractions_and_activities,Ingen webbplats,2,Public place,Stockholm,"59,309513","17,98273",
Andrakammarsalen,auditorium,Ingen webbplats,2,,Stockholm,"59,3274467","18,0686522",
Hörsal D7,auditorium,Ingen webbplats,2,,Stockholm,"59,3631815","18,061064",
JENSEN Yrkeshögskola,auditorium,Ingen webbplats,2,,Stockholm,"59,3481866","18,0571213",
RÖ2 Mittpoolen,auditorium,Ingen webbplats,2,,Stockholm,"59,327531","18,067812",
Sal F1,auditorium,Ingen webbplats,2,,Stockholm,"59,348121","18,07493",
Skandiasalen,auditorium,https://www.skandia.se,2,,Stockholm,"59,3267106","18,0690111",
Wallenbergssalen,auditorium,Ingen webbplats,2,,Stockholm,"59,357553","18,054177",
Gasoline Magazine,book_magazine_distribution,http://www.Gasolinemagazine.se/,2,,Stockholm,"59,305582","18,085383",
MacWorld,book_magazine_distribution,https://macworld.se/,2,,Stockholm,"59,31295","18,06828",
Aderton Antikvariat,book_magazine_distribution,https://www.svenskdam.se/,2,,Stockholm,"59,3364811","18,0773084",
AdlibrisStockholm,bookstore,https://www.adlibris.com/se/kundtjanst/store,2,,Stockholm,"59,3359051","18,0690113",
Akademibokhandeln,bookstore,http://www.akademibokhandeln.se,2,,Stockholm,"59,4027225","17,9464774",
Akademibokhandeln,bookstore,https://www.akademibokhandeln.se/butik/bromma-blocks/,2,,Stockholm,"59,3555983","17,9566034",
Akademibokhandeln,bookstore,http://www.akademibokhandeln.se/butik/stockholm-liljeholmen/,2,,Stockholm,"59,3093657","18,022644",
Akademibokhandeln,bookstore,http://www.akademibokhandeln.se/butik/stockholm-kungsholmen/,2,,Stockholm,"59,3337431","18,0322958",
Akademibokhandeln,bookstore,http://www.akademibokhandeln.se/,2,,Stockholm,"59,3163485","18,0337722",
Akademibokhandeln,bookstore,http://www.akademibokhandeln.se/butik/stockholm-ringen/,2,,Stockholm,"59,308505","18,0757918",
Akademibokhandeln,bookstore,http://www.akademibokhandeln.se/,2,,Stockholm,"59,2433143","18,0916123",
Akademibokhandeln,bookstore,http://www.akademibokhandeln.se/butik/stockholm-frescati/,2,,Stockholm,"59,363295","18,0579092",
Akademibokhandeln,bookstore,http://www.akademibokhandeln.se/butik/stockholm-gallerian/,2,,Stockholm,"59,3323851","18,0670837",
Akademibokhandeln,bookstore,http://www.akademibokhandeln.se/butik/stockholm-master-samuelsgatan/,2,,Stockholm,"59,3341188","18,0673148",
Akademibokhandeln,bookstore,http://www.akademibokhandeln.se/butik/stockholm-faltoversten/,2,,Stockholm,"59,3403351","18,0904728",
Akademibokhandeln HK,bookstore,http://www.akademibokhandeln.se,2,,Stockholm,"59,319517","18,073783",
Akademibokhandeln Odenplan,bookstore,http://www.akademibokhandeln.se/butik/stockholm-odenplan/,2,,Stockholm,"59,3427766","18,0512701",
Alfa Antikvariat,bookstore,http://www.alfaantikvariat.se/,2,lacks physical location,Stockholm,"59,3356934","18,0585386",
Ameenas resa,bookstore,Ingen webbplats,2,,Stockholm,"59,3103792","18,0794563",
Angelmans Antikvariat,bookstore,https://www.tradera.com/profile/items/2341377/angelmansantikvariat?sortBy=TimeLeft,2,lacks physical location,Stockholm,"59,313001","18,084362",
Antikvariat Bengt Alden,bookstore,Ingen webbplats,2,lacks physical location,Stockholm,"59,3344798","17,9414213",
Antikvariat Eken,bookstore,Ingen webbplats,2,lacks physical location,Stockholm,"59,256312","18,085497",
Antikvariat Erato,bookstore,http://www.antikvariaterato.se,2,closed,Stockholm,"59,343442","18,066574",
Antikvariat Köpenbok,bookstore,http://www.kopenbok.nu/,2,lacks physical location,Stockholm,"59,33289","18,04365",
Art & Books Europe,bookstore,http://www.artandoffice.se/,2,does not seem to exist anymore,Stockholm,"59,32409","18,06953",
Aspingtons Antikvariat,bookstore,http://www.aspingtons.se,2,closed,Stockholm,"59,34132","18,096066",
Aspuddens Antikvariat,bookstore,http://www.stigsjodinsallskapet.se,2,closed,Stockholm,"59,302546","17,999989",
Aspuddens bokhandel,bookstore,http://www.aspuddensbokhandel.se/,2,closed,Stockholm,"59,3056312","18,0008852",
Bokhandel Jonsson,bookstore,Ingen webbplats,2,closed,Stockholm,"59,3292645","18,0658896",
Bokia,bookstore,http://www.bokia.se,2,closed,Stockholm,"59,243096","18,091291",
Bokus.com,bookstore,https://www.bokus.com/,2,,Stockholm,"59,3323795","18,0185974",
Brooklyn Books,bookstore,http://www.brooklyn.se,2,closed,Stockholm,"59,33426","18,025679",
Campusbutiken,bookstore,http://www.campusbutiken.se,2,,Stockholm,"59,36365","18,058175",
Hallongrottan Böcker och Kuriosa,bookstore,http://www.hallongrottan.com,2,closed ,Stockholm,"59,315866","18,029901",
"Hans-Olov Öberg, the Author",bookstore,http://www.southsidestories.se/,2,,Stockholm,"59,3161529","18,083429",
I Huvudet på en Magdansös,bookstore,http://www.rozita.se/,2,,Stockholm,"59,31374","18,06265",
Kartbutiken,bookstore,http://www.kartbutiken.se/,2,,Stockholm,"59,3327823","18,0615059",
Kungsholmen trading,bookstore,Ingen webbplats,2,,Stockholm,"59,329276","18,042043",
Kårbokhandeln,bookstore,http://karbokhandeln.se/,2,,Stockholm,"59,3474201","18,0708837",
Lärarförlaget,bookstore,http://www.lararforlaget.se/,2,,Stockholm,"59,31937","18,0693",
Norstedts Outdoorkartan,bookstore,http://www.norstedtskartor.se/,2,,Stockholm,"59,33564","18,06464",
Pocket Shop,bookstore,http://www.pocketshop.se/,2,,Stockholm,"59,356161","17,945513",
Pocket Shop,bookstore,http://www.pocketshop.se/,2,,Stockholm,"59,3346432","18,0324307",
Pocket Shop,bookstore,http://www.pocketshop.se/,2,,Stockholm,"59,3166066","18,0720231",
Presentboken.se,bookstore,http://www.presentboken.se/,2,,Stockholm,"59,344179","18,044261",
Sagarana,bookstore,http://www.sagaranabooks.com/,2,lacks physical location,Stockholm,"59,30219","18,09695",
Språkskolan Lingua Language Services C Breet,bookstore,Ingen webbplats,2,,Stockholm,"59,319485","17,954697",
TA Det Lugnt,bookstore,Ingen webbplats,2,,Stockholm,"59,309284","18,079367",
Universitetsbokhandeln,bookstore,http://www.universitetsbokhandeln.se,2,,Stockholm,"59,363357","18,057003",
Aftonbladet,broadcasting_media_production,http://aftonbladet.se/,2,,Stockholm,"59,3323228","18,0527597",
Another Brother,broadcasting_media_production,http://www.another-brother.se/,2,Media company,Stockholm,"59,34817","18,04451",
Art & Bob,broadcasting_media_production,https://artbob.se/,2,Media company,Stockholm,"59,3459639","18,0687056",
Blackbox,broadcasting_media_production,http://www.blackbox.se/,2,Media company,Stockholm,"59,291302","18,0813798",
Blank Spot Project,broadcasting_media_production,https://www.blankspot.se/,2,Media company,Stockholm,"59,3359975","18,0516542",
BR•F Stockholm,broadcasting_media_production,Ingen webbplats,2,???,Stockholm,"59,31484","18,0742",
Broadcast House,broadcasting_media_production,Ingen webbplats,2,Closed,Stockholm,"59,344694","18,099679",
Camp David Film,broadcasting_media_production,http://www.campdavidfilm.com/,2,Media company,Stockholm,"59,3355206","18,0794104",
Colony Agency Production,broadcasting_media_production,http://www.colony.se/,2,Media company,Stockholm,"59,338786","18,057624",
Digitalstudion,broadcasting_media_production,https://digitalstudion.nu/,2,Media company,Stockholm,"59,3398371","18,1154397",
Direkt Studios,broadcasting_media_production,http://www.youtube.com/user/playdirekt,2,Media company,Stockholm,"59,3347247","18,0698813",
Discovery Networks Nordic,broadcasting_media_production,http://www.discoverychannel.se,2,Media company,Stockholm,"59,336565","18,069803",
Djurgårdsrundan,broadcasting_media_production,Ingen webbplats,2,Public place,Stockholm,"59,3320342","18,1144872",
DMC Production,broadcasting_media_production,http://www.dmcproduction.com/,2,Media company,Stockholm,"59,3016212","18,0935413",
Docurama AB,broadcasting_media_production,http://www.docurama.tv/,2,Closed,Stockholm,"59,3415897","18,0856544",
Eccho Rights,broadcasting_media_production,http://www.ecchorights.com/,2,Media company,Stockholm,"59,3351411","18,0614418",
Expressen,broadcasting_media_production,http://www.expressen.se/,2,Media company,Stockholm,"59,3270366","18,0155634",
Faktabruket,broadcasting_media_production,http://faktabruket.se/,2,Media company,Stockholm,"59,3174888","18,0660363",
FILMIC ART,broadcasting_media_production,http://www.filmicart.com/,2,Media company,Stockholm,"59,3229577","18,0699748",
Fosfen Films,broadcasting_media_production,http://www.fosfenfilms.com/,2,Media company,Stockholm,"59,31484","18,0742",
Full Contact Pétanque,broadcasting_media_production,http://www.fullcontactpetanque.com/,2,Media company,Stockholm,"59,3015838","18,0115378",
Hd Solutions Sweden,broadcasting_media_production,http://www.hdresources.se,2,Media company,Stockholm,"59,34846","18,11101",
Hellman Media AB,broadcasting_media_production,http://www.hellmanmedia.com/,2,Media company,Stockholm,"59,3355658","18,0406292",
HopeChannel Sverige,broadcasting_media_production,https://hopechannel.se/,2,Media company,Stockholm,"59,3611955","18,0505371",
IMA Content,broadcasting_media_production,http://www.imacontent.com/,2,Media company,Stockholm,"59,3452709","18,054167",
Ingmar Sthlm,broadcasting_media_production,http://www.ingmarsthlm.se/,2,Media company,Stockholm,"59,32445","18,07492",
ITV Studios Sweden,broadcasting_media_production,https://www.itvstudiossweden.com/,2,Media company,Stockholm,"59,3208022","18,0532118",
IVAR Studios,broadcasting_media_production,https://ivar.studio/,2,Media company,Stockholm,"59,3176224","18,0476374",
Iyuno Sweden,broadcasting_media_production,http://www.iyunomg.com/,2,Media company,Stockholm,"59,3300216","18,0514834",
K-WERKS,broadcasting_media_production,https://www.k-werks.com/,2,Media company,Stockholm,"59,2909989","18,0813445",
Kanal 5,broadcasting_media_production,http://www.kanal5.se,2,Media company,Stockholm,"59,341353","18,061459",
Kanal 75,broadcasting_media_production,http://www.kanal75.se,2,Media company,Stockholm,"59,365702","17,942688",
Kanal 75,broadcasting_media_production,Ingen webbplats,2,???,Stockholm,"59,3485097","18,1114177",
Kc Urban Escape,broadcasting_media_production,,2,Co working,Stockholm,"59,3308933","18,068133",
KZINE,broadcasting_media_production,http://www.kzine.se/,2,Closed,Stockholm,"59,3300514","18,0347099",
Lejon Media Gruppen AB,broadcasting_media_production,http://www.lejonmedia.se/,2,Media company,Stockholm,"59,3385094","18,0936192",
Levande Video,broadcasting_media_production,http://levandevideo.se/kontakt/,2,Media company,Stockholm,"59,3017909","18,0161027",
Ligist,broadcasting_media_production,http://ligist.co/,2,Media company,Stockholm,"59,3191406","18,0594404",
Ljudbang AB,broadcasting_media_production,http://www.ljudbang.se/,2,Media company,Stockholm,"59,3209277","18,050542",
Mindpool AB - Creative Film Stockholm,broadcasting_media_production,http://www.mindpool.se/,2,Media company,Stockholm,"59,334328","18,071407",
MPEG Production AB,broadcasting_media_production,http://www.mpeg.se/,2,Media company,Stockholm,"59,3469389","18,0519079",
MTGx,broadcasting_media_production,http://mtgx.se/,2,Closed,Stockholm,"59,309864","18,059622",
NEP Sweden,broadcasting_media_production,http://www.nepsweden.com/,2,Media company,Stockholm,"59,34846","18,11101",
Newsfactory Media Group,broadcasting_media_production,http://www.newsfactory.se/,2,Media company,Stockholm,"59,3411216","18,1118716",
Nexiko,broadcasting_media_production,http://www.nexiko.com/,2,Media company,Stockholm,"59,3035763","18,0768312",
Nyheter från Sveriges Radio Ekot,broadcasting_media_production,http://sverigesradio.se/ekot,2,Media company,Stockholm,"59,3342428","18,1021093",
OTW,broadcasting_media_production,http://www.otw.se/,2,Media company,Stockholm,"59,3363899","18,07719",
P4 Extra,broadcasting_media_production,http://sverigesradio.se/p4extra,2,Media company,Stockholm,"59,33464","18,10133",
P4 Stockholm Sveriges Radio,broadcasting_media_production,http://sverigesradio.se/stockholm,2,Media company,Stockholm,"59,3346234","18,1019337",
ParaPix,broadcasting_media_production,http://www.parapix.tv/,2,Media company,Stockholm,"59,3321904","18,0448686",
Patrik Sthlm,broadcasting_media_production,http://www.patriksthlm.com/,2,Media company,Stockholm,"59,3009541","18,098107",
Perfect Day Media,broadcasting_media_production,http://www.perfectdaymedia.se/,2,Media company,Stockholm,"59,3378437","18,0743951",
Pointbreak Media,broadcasting_media_production,http://www.pointbreak.se/kontakta-oss/,2,Closed,Stockholm,"59,3405627","18,0878258",
Pratmaskinen,broadcasting_media_production,http://www.pratmaskinen.se/,2,Media company,Stockholm,"59,27842","18,00682",
Prizma Visuals,broadcasting_media_production,https://www.prizmavisuals.com/,2,Media company,Stockholm,"59,33683","17,95363",
Promotor Media,broadcasting_media_production,http://www.promotormedia.se/,2,Media company,Stockholm,"59,3139326","18,0900871",
Raadiyaha Iswiidhen - Radio Sweden Somali,broadcasting_media_production,http://sverigesradio.se/somaliska,2,Media company,Stockholm,"59,33464","18,10133",
Radio Match,broadcasting_media_production,http://www.sbsradio.se,2,Closed,Stockholm,"59,327088","18,0155649",
Radio Sweden på lätt svenska,broadcasting_media_production,http://sverigesradio.se/lattsvenska,2,Media company,Stockholm,"59,33464","18,10133",
Rundfunk Media AB,broadcasting_media_production,http://www.rundfunkmedia.se/,2,Media company,Stockholm,"59,3202578","18,0526537",
Saivision,broadcasting_media_production,http://saivision.se/,2,Closed,Stockholm,"59,340062","18,048461",
Scandinavian Content Group,broadcasting_media_production,http://scandinaviancontentgroup.com/,2,Media company,Stockholm,"59,3379209","18,0235515",
Septemberfilm.se,broadcasting_media_production,http://www.septemberfilm.se/,2,Media company,Stockholm,"59,3181529","18,0680462",
ShowHeroes Nordics,broadcasting_media_production,http://www.showheroes.com/,2,Media company,Stockholm,"59,3372652","18,0768739",
Sightline Vision AB,broadcasting_media_production,http://www.sightline.se/,2,Media company,Stockholm,"59,3401995","18,0388618",
Skavlan @ SVT,broadcasting_media_production,www.skavlan.se,2,Media company,Stockholm,"59,336839","18,103296",
SMT Radio,broadcasting_media_production,Ingen webbplats,2,Media company,Stockholm,"59,3178641","18,04446",
Spelvärde.se,broadcasting_media_production,http://www.spelvarde.se/,2,Media company,Stockholm,"59,3564","17,94804",
Stakston,broadcasting_media_production,http://stakston.se/,2,Media company,Stockholm,"59,3359718","18,0518894",
Stora Ord,broadcasting_media_production,http://www.storaord.se/,2,Media company,Stockholm,"59,34464","17,90483",
Svep Studios,broadcasting_media_production,http://svepstudios.se/,2,Media company,Stockholm,"59,3150034","18,0753129",
Sveriges Radio,broadcasting_media_production,http://www.sverigesradio.se/,2,Media company,Stockholm,"59,3346806","18,1012778",
Tangy,broadcasting_media_production,http://www.tangy.se/,2,Media company,Stockholm,"59,3092264","18,0687382",
Testfakta,broadcasting_media_production,http://testfakta.se/,2,Media company,Stockholm,"59,3379152","18,0569431",
The Line,broadcasting_media_production,http://www.theline.se/,2,Media company,Stockholm,"59,3361589","18,0700192",
The Works of Art,broadcasting_media_production,http://theworksofart.se/,2,Media company,Stockholm,"59,2781122","18,1366646",
"Tinker, tailor",broadcasting_media_production,https://www.tinker-tailor.se/,2,Media company,Stockholm,"59,3091666","18,074721",
To The Moon,broadcasting_media_production,http://tothemoon.se/,2,closed,Stockholm,"59,3396768","18,1122506",
Tonic Produktion,broadcasting_media_production,http://www.tonic.se,2,Media company,Stockholm,"59,3466805","18,0622468",
Trafikredaktionen Sveriges Radio,broadcasting_media_production,http://sverigesradio.se/trafik,2,Media company,Stockholm,"59,33464","18,10133",
TT Nyhetsbyrån,broadcasting_media_production,http://tt.se/,2,Media company,Stockholm,"59,3190887","18,0753096",
TUKIO,broadcasting_media_production,http://www.tukio.se/,2,Closed,Stockholm,"59,2918076","18,0773007",
Tv Kista,broadcasting_media_production,Ingen webbplats,2,Media company,Stockholm,"59,412816","17,921162",
Twenty Studios,broadcasting_media_production,http://www.twenty.se/,2,Media company,Stockholm,"59,3425649","18,0653194",
UR,broadcasting_media_production,http://www.urplay.se/,2,Media company,Stockholm,"59,3358958","18,1034315",
WAKAI,broadcasting_media_production,http://www.wakai.se/,2,Media company,Stockholm,"59,3436915","18,0698357",
Warner Bros. International Television Production Sverige,broadcasting_media_production,https://www.wbitvpsweden.com/,2,Media company,Stockholm,"59,3254256","18,0639257",
We Are Era,broadcasting_media_production,http://weareera.com/,2,Media company,Stockholm,"59,3375511","18,0563297",
Xantippa Film & Television KB,broadcasting_media_production,http://www.xantippa.se,2,Media company,Stockholm,"59,341581","18,085437",
رادیو سوئد - رادیوی سویدن  - Radio Sweden Farsi/Dari,broadcasting_media_production,http://sverigesradio.se/persiska,2,Media company,Stockholm,"59,33464","18,10133",
jordklok.se,childrens_museum,https://www.jordklok.se/,2,,Stockholm,"59,35588","17,95924",
Biograf Grand Stockholm Svenska Bio,cinema,http://www.svenskabio.se,2,,Stockholm,"59,3391606","18,0599075",
Biopalatset,cinema,filmstaden.se,2,,Stockholm,"59,314053","18,07117",
Bjerkner Filmproduktion,cinema,Ingen webbplats,2,,Stockholm,"59,315978","18,045098",
Bo Ohlen Film,cinema,Ingen webbplats,2,,Stockholm,"59,339041","18,049374",
Bolandcity,cinema,https://bolandcity.se/,2,,Stockholm,"59,3387413","18,0347195",
Broman Ruben Gustaf,cinema,Ingen webbplats,2,,Stockholm,"59,309941","18,087048",
Bromma-Teatern,cinema,Ingen webbplats,2,closed in 1971,Stockholm,"59,3333333","17,9775",
Bruno,cinema,Ingen webbplats,2,,Stockholm,"59,317116","18,071694",
CinemaNord,cinema,http://www.cinemanord.com/,2,,Stockholm,"59,3369145","18,0274642",
Crème Filmhuset Bar & Bistro,cinema,http://cremefilmhuset.se/,2,,Stockholm,"59,3400291","18,1039225",
Enskede Kvarn,cinema,Ingen webbplats,2,closed 1961,Stockholm,"59,2851667","18,0898889",
Faltoversten,cinema,Ingen webbplats,2,,Stockholm,"59,339514","18,090811",
Film de Liberté,cinema,http://filmdeliberte.com/contact/,2,,Stockholm,"59,3227227","18,0726903",
Filmstaden,cinema,https://www.filmstaden.se/biograf/NCG16299/filmstaden-heron-city,2,,Stockholm,"59,29998","17,99145",
Filmstaden,cinema,https://www.filmstaden.se/biograf/NCG37226/filmstaden-soder,2,,Stockholm,"59,314521","18,07083",
Filmstaden,cinema,https://www.filmstaden.se/biograf/NCG95905/filmstaden-rasunda,2,,Stockholm,"59,35627","18,05748",
Filmstaden,cinema,https://www.filmstaden.se/biograf/NCG78594/filmstaden-vallingby,2,,Stockholm,"59,3627222","17,8719207",
Filmstaden Kista,cinema,http://www.sf.se,2,,Stockholm,"59,404012","17,942795",
Flodellfilm,cinema,http://www.flodellfilm.se/,2,,Stockholm,"59,340166","18,039008",
Mikael Blomkvist,cinema,Ingen webbplats,2,,Stockholm,"59,3206","18,0647",
Moviemall,cinema,http://www.moviemall.se,2,,Stockholm,"59,313119","18,076108",
Ovgard Film AB,cinema,http://www.peterovgard.se/,2,,Stockholm,"59,29512","18,0763399",
Park Teatern,cinema,http://www.sf.se,2,,Stockholm,"59,33797","18,07455",
Prisma,cinema,Ingen webbplats,2,closed in 84,Stockholm,"59,3677778","17,8419444",
"Rialto, biograf",cinema,Ingen webbplats,2,closed in 1986,Stockholm,"59,3438611","18,0559444",
Ringen,cinema,Ingen webbplats,2,closed,Stockholm,"59,3088028","18,0761861",
Royal Sandrew,cinema,Ingen webbplats,2,closed,Stockholm,"59,3356278","18,0645472",
Röda Kvarn Sf Bio,cinema,Ingen webbplats,2,closed,Stockholm,"59,332306","18,0712032",
Saga SF Bio,cinema,http://www.sf.se,2,,Stockholm,"59,336088","18,0670653",
Salong V,cinema,Ingen webbplats,2,hairdresser :),Stockholm,"59,3339894","18,0627774",
SF Anytime,cinema,https://www.sfanytime.com/,2,,Stockholm,"59,3385831","18,0620131",
SF Bio,cinema,http://www.sf.se,2,,Stockholm,"59,404111","17,943264",
SF Bio HK,cinema,http://www.sf.se,2,,Stockholm,"59,35627","18,05748",
SF Bio Konferens & Event,cinema,http://www.sf.se/foretag/konferens-och-event,2,,Stockholm,"59,3342191","18,0631524",
SF Bio Konferens & Event,cinema,http://www.filmstaden.se/biografer,2,,Stockholm,"59,3361177","18,0682577",
Sibyllan,cinema,Ingen webbplats,2,closed in 44,Stockholm,"59,3336944","18,0769722",
"Spegeln, Stockholm",cinema,Ingen webbplats,2,,Stockholm,"59,3349722","18,0741944",
Teknik Planeten,cinema,Ingen webbplats,2,,Stockholm,"59,338662","18,039492",
Hoffman Circus Music,circus,Ingen webbplats,2,,Stockholm,"59,372301","17,904321",
Pocket Shop,comic_books_store,http://www.pocketshop.se,2,,Stockholm,"59,330416","18,0576534",
20FEM,community_center,https://stockholm.adventkyrka.se/20fem-814-1,2,,Stockholm,"59,33489","18,0564",
Amsler Hiss,community_center,http://www.amslerhiss.se,2,,Stockholm,"59,2579475","18,0305996",
Bromma Stadsdelsförvaltning,community_center,http://www.stockholm.se/bromma/nyheter,2,,Stockholm,"59,3332999","17,9789385",
Mode i Stockholm,community_center,http://www.sthlmode.se/,2,"Seems to be closed, however a dance school is currently at the same adress, see additions at the end of the document",Stockholm,"59,3012087","18,0878108",
Svenskar i Kroatien,community_center,Ingen webbplats,2,,Stockholm,"59,34163","18,05832",
"1,6 & 2,6 miljonerklubben",community_services_non_profits,http://www.1.6miljonerklubben.com/,2,,Stockholm,"59,33725","18,076725",
1000 Möjligheter,community_services_non_profits,http://www.1000mojligheter.se/,2,,Stockholm,"59,334389","18,0929306",
2022 Initiative Foundation,community_services_non_profits,https://www.2022initiative.org/,2,,Stockholm,"59,33273","18,0577",
4u فور يو للميديا المسيحية,community_services_non_profits,http://www.4u-fcm.com/,2,,Stockholm,"59,35467","17,884",
A Million Minds,community_services_non_profits,http://www.amillionminds.se/,2,,Stockholm,"59,4069509","17,946167",
A-reco Stockholm,community_services_non_profits,http://www.a-reco.se/,2,,Stockholm,"59,31378","18,02757",
Academica Institutet Sverige AB,community_services_non_profits,http://www.academica.se/,2,,Stockholm,"59,320401","17,971587",
Accademia Svedese,community_services_non_profits,Ingen webbplats,2,,Stockholm,"59,3252778","18,0705556",
Action10,community_services_non_profits,https://www.action10.org/,2,,Stockholm,"59,3326914","17,915493",
ActionAid Sweden,community_services_non_profits,http://www.actionaid.se/,2,,Stockholm,"59,31372","18,10238",
Active Sweden,community_services_non_profits,https://activesweden.org/,2,,Stockholm,"59,34086","18,07633",
Adolf Fredriks Scoutkår,community_services_non_profits,http://afscout.se/,2,,Stockholm,"59,338493","18,059295",
ADRA Sverige,community_services_non_profits,http://www.adra.se/,2,,Stockholm,"59,334922","18,0564",
Afasicenter Stockholm,community_services_non_profits,http://afasicenter.se/index.php/om-oss/kontakt/,2,,Stockholm,"59,33783","18,0427",
Afasiförbundet,community_services_non_profits,http://www.afasi.se/,2,,Stockholm,"59,3463034","18,1032367",
African-European Development Agency,community_services_non_profits,http://www.adeva.eu/,2,,Stockholm,"59,4038747","17,948359",
Afrikagrupperna,community_services_non_profits,https://afrikagrupperna.se/,2,,Stockholm,"59,3093074","18,0968763",
AFS Interkultur Sverige,community_services_non_profits,http://www.afs.se/,2,,Stockholm,"59,3325576","17,9831002",
Agape Sverige,community_services_non_profits,http://www.agapesverige.se/,2,,Stockholm,"59,280003","17,894672",
Ahad Skolan,community_services_non_profits,Ingen webbplats,2,,Stockholm,"59,28409","17,92185",
Aktiespararna,community_services_non_profits,http://www.aktiespararna.se/,2,,Stockholm,"59,3414208","18,0768344",
Aktiva Synskadade,community_services_non_profits,http://www.aktivasynskadade.org/,2,,Stockholm,"59,2985755","18,0144781",
Akutgruppen - katthem,community_services_non_profits,http://www.akutgruppen.com/,2,,Stockholm,"59,3323288","18,0629292",
Albaeco,community_services_non_profits,http://www.albaeco.se/,2,,Stockholm,"59,32323","18,0709",
Albano Båtklubb,community_services_non_profits,http://www.albano.se/,2,,Stockholm,"59,3554534","18,0533984",
AllBright,community_services_non_profits,http://www.allbright.se/,2,,Stockholm,"59,3223822","18,074173",
Amazon Watch Sverige,community_services_non_profits,http://www.amazonwatch.se/,2,,Stockholm,"59,3437306","18,0765187",
Amnesty International Sverige,community_services_non_profits,http://www.amnesty.se/,2,,Stockholm,"59,33258","18,06683",
Anders Walls Stiftelse,community_services_non_profits,http://www.wallstiftelsen.se/,2,,Stockholm,"59,3323708","18,0783501",
Animalkind Sverige,community_services_non_profits,http://www.animalkind.se/,2,,Stockholm,"59,31484","18,08559",
Antidoping Sverige,community_services_non_profits,http://www.antidoping.se/,2,,Stockholm,"59,30134","18,09079",
AOPA Sweden,community_services_non_profits,http://www.aopa.se/,2,,Stockholm,"59,34486","17,950197",
Apelsinlunden Stockholm,community_services_non_profits,http://www.apelsinlunden.se/,2,,Stockholm,"59,28599","18,01565",
Apologia - Centrum för kristen apologetik,community_services_non_profits,http://www.apologia.se/,2,,Stockholm,"59,33784","18,06846",
Arab Initiative المبادرة العربية,community_services_non_profits,http://www.arabinitiative.org/,2,,Stockholm,"59,344192","18,052006",
Ard Alsalam Well Drilling,community_services_non_profits,https://www.fridforbarn.se/,2,,Stockholm,"59,38538","17,9267",
ART_Value,community_services_non_profits,https://artvalue.org/,2,lacks physical location ,Stockholm,"59,3494833","18,0717574",
Artikel2,community_services_non_profits,https://www.tradera.com/profile/items/4984025/artikel2-tidigare-emmausstockholm?fbclid=IwAR0ITuEyghIUeeV9ptwSEWGaEIHWNljybDaA9tgvpIWkx4dl0BciDOSJU80,2,,Stockholm,"59,3193976","18,0704524",
Assistentjobb i JAG,community_services_non_profits,https://jag.se/personlig-assistent/,2,,Stockholm,"59,3303795","18,0616398",
Asylrättscentrum,community_services_non_profits,http://www.asylrattscentrum.se/,2,,Stockholm,"59,32842","17,98456",
Atsub,community_services_non_profits,http://www.atsub.se/,2,,Stockholm,"59,31922","18,06086",
Attention UNG,community_services_non_profits,https://attention-stockholm.se/,2,,Stockholm,"59,3154877","18,086533",
Autism Stockholms län,community_services_non_profits,http://www.autism.se/stockholm,2,,Stockholm,"59,3177247","18,0509887",
AVA-sccck,community_services_non_profits,http://www.SCCCK.org/,2,,Stockholm,"59,356581","17,90979",
Axfoundation,community_services_non_profits,http://www.axfoundation.se/,2,,Stockholm,"59,3425413","18,073881",
Bajit,community_services_non_profits,http://bajitkaffe.business.site/,2,,Stockholm,"59,3352287","18,0763114",
Bambi ekonomisk förening,community_services_non_profits,http://www.bambi.se/,2,,Stockholm,"59,3206708","18,0670569",
Bandhagens Scoutkår,community_services_non_profits,http://bandhagen.scout.se/,2,,Stockholm,"59,26406","18,01191",
Bandyvägens Villaförening,community_services_non_profits,Ingen webbplats,2,,Stockholm,"59,2905762","17,978331",
Bara Vanlig,community_services_non_profits,https://www.youtube.com/@baravanlig,2,,Stockholm,"59,3028366","18,0938097",
Barncancerfonden,community_services_non_profits,https://www.barncancerfonden.se/,2,,Stockholm,"59,3341188","18,0661054",
Barnhusgatan 16,community_services_non_profits,Ingen webbplats,2,,Stockholm,"59,335939","18,055426",
Be Still Holistic Wellness,community_services_non_profits,https://www.bestillholisticwellness.com/,2,,Stockholm,"59,308845","18,087151",
Beckomberga Hälsovårdens samfällighetsförening,community_services_non_profits,http://www.halsovardenssff.se/,2,,Stockholm,"59,3560227","17,9046464",
Bellmans Trädgårdar,community_services_non_profits,www.bellmanstradgardar.se,2,,Stockholm,"59,307375","17,964976",
Beridna Högvakten,community_services_non_profits,https://www.beridnahogvakten.se/,2,,Stockholm,"59,333917","18,079707",
Berzeliusdagarna,community_services_non_profits,http://www.berzeliusdagarna.se/,2,,Stockholm,"59,362874","18,055622",
Beteendeterapeutiska Föreningen - BTF,community_services_non_profits,https://www.beteendeterapeutiska.org/,2,,Stockholm,"59,3049","18,08347",
Better Shelter,community_services_non_profits,http://bettershelter.org/,2,,Stockholm,"59,2980194","17,9914799",
Bevara Bromma Grönt,community_services_non_profits,http://www.bevarabrommagront.org/,2,,Stockholm,"59,32687","17,93929",
Bilkåren - Sveriges Bilkårers Riksförbund,community_services_non_profits,http://www.bilkaren.se/,2,,Stockholm,"59,3296189","18,0591828",
Birka Scoutdistrikt,community_services_non_profits,https://scoutkansliet.se/roslagens-scoutdistrikt-2/,2,,Stockholm,"59,33033","18,02728",
Björklunds Hage 4H,community_services_non_profits,http://www.4h.se/bjorklundshage,2,,Stockholm,"59,3488492","17,9013615",
BLING,community_services_non_profits,http://www.blingstartup.se/,2,,Stockholm,"59,40539","17,94562",
Blodbussen,community_services_non_profits,https://geblod.nu/ge-blod-har/blodbussar,2,,Stockholm,"59,4024626","17,9475688",
Blodbussen Vällingby,community_services_non_profits,Ingen webbplats,2,,Stockholm,"59,3634573","17,8710298",
Blodcancerförbundet,community_services_non_profits,http://www.blodcancerforbundet.se/,2,,Stockholm,"59,3393302","18,0061255",
Blå Bandet,community_services_non_profits,http://www.blabandet.se/,2,,Stockholm,"59,3326247","18,102288",
Bogemenskapen Sjöfarten,community_services_non_profits,http://www.sjofarten.se/,2,,Stockholm,"59,30296","18,09345",
Borlången 5,community_services_non_profits,http://www.borlangen.se/,2,,Stockholm,"59,293933","18,04754",
"Bosse- Råd, Stöd & Kunskapscenter",community_services_non_profits,http://www.bosse-kunskapscenter.se/kollo,2,,Stockholm,"59,3428744","18,0591879",
Bostadsrättsföreningen Bergsund 37,community_services_non_profits,Ingen webbplats,2,,Stockholm,"59,316077","18,029371",
Bostadsrättsföreningen Fanö,community_services_non_profits,http://www.fano.se/,2,,Stockholm,"59,4053166","17,9363992",
Bostadsrättsföreningen Stengodset 6,community_services_non_profits,http://www.stengodset6.se/,2,,Stockholm,"59,338546","18,034209",
BP Kansli,community_services_non_profits,Ingen webbplats,2,,Stockholm,"59,3625029","17,8532579",
Brandmännens Riksförbund,community_services_non_profits,http://www.brandfacket.se/,2,,Stockholm,"59,3012444","18,0832748",
Brandmännens Riksförbund,community_services_non_profits,http://www.brandmannensriksforbund.se/,2,,Stockholm,"59,335559","18,064528",
BRF Arninge 1,community_services_non_profits,http://www.arninge1.se/,2,,Stockholm,"59,3887","17,90896",
BRF Bäckvägen 46-52,community_services_non_profits,http://www.backvagen4652.se/,2,,Stockholm,"59,303411","17,998807",
Brf Bällstablick,community_services_non_profits,https://www.brfballstablick.se/,2,,Stockholm,"59,36293","17,953876",
BRF Drivbänken,community_services_non_profits,http://drivbanken1.se/,2,,Stockholm,"59,332597","17,975407",
Brf Engelsmannen 4,community_services_non_profits,http://engelsmannen4.se/,2,,Stockholm,"59,3461348","17,8801388",
Brf Förmannen,community_services_non_profits,http://www.formannen.net/,2,,Stockholm,"59,344252","17,963964",
Brf Kadetten 14,community_services_non_profits,Ingen webbplats,2,,Stockholm,"59,341898","18,030714",
Brf Lilla Tullen,community_services_non_profits,http://www.brflillatullen.se/,2,,Stockholm,"59,308693","18,091166",
Brf Lysbomben,community_services_non_profits,http://www.lysbomben.se/,2,,Stockholm,"59,326412","18,021292",
Brf Malmingen,community_services_non_profits,http://www.malmingen.se/,2,,Stockholm,"59,29511","18,05969",
Brf Marmorn,community_services_non_profits,http://www.marmorn.se/,2,,Stockholm,"59,3187617","18,0451083",
Brf Midsommarbuketten,community_services_non_profits,http://www.midsommarbuketten.se/,2,,Stockholm,"59,2992468","18,0043903",
Brf Odense,community_services_non_profits,http://brfodense.com/,2,,Stockholm,"59,403399","17,933457",
BRF Paternoster,community_services_non_profits,http://www.brfpaternoster.se/,2,,Stockholm,"59,291231","18,09782",
BRF Peppardosan,community_services_non_profits,http://www.peppardosan.se/,2,,Stockholm,"59,2531","18,08744",
BRF Pollux 6,community_services_non_profits,Ingen webbplats,2,,Stockholm,"59,32477","18,0744",
BRF Primusbacken,community_services_non_profits,https://varbrf.sbc.se/primusbacken,2,,Stockholm,"59,3250885","18,0050697",
Brf Riksbyhöjden,community_services_non_profits,http://www.riksbyhojden.se/,2,,Stockholm,"59,3454449","17,9318333",
Brf Skattsedeln 1,community_services_non_profits,http://www.skattsedeln1.se/,2,,Stockholm,"59,296711","17,9789391",
Brf Snöfrid,community_services_non_profits,http://www.snofrid.com/,2,,Stockholm,"59,3298","18,00861",
Brf Snökristallen,community_services_non_profits,http://www.brfsnokristallen.se/,2,,Stockholm,"59,292529","17,972698",
Brf Storuven,community_services_non_profits,http://storuven.se/,2,,Stockholm,"59,318253","18,053352",
Brf Strålgatan 21-23,community_services_non_profits,http://www.boappa.se/,2,,Stockholm,"59,3241853","18,0056176",
BRF Svavlet4,community_services_non_profits,http://svavlet4.se/,2,,Stockholm,"59,3541076","17,878978",
Brf Trivselgruppen ,community_services_non_profits,http://Www.insteget.se/,2,,Stockholm,"59,29879","18,002001",
BRF Trollskogen Mariehäll,community_services_non_profits,http://www.trollskogen.org/,2,,Stockholm,"59,36255","17,9477699",
Brf Tvålflingan,community_services_non_profits,http://www.tvalflingan.se/,2,,Stockholm,"59,32099","17,99393",
Brfflygvärdinnan1,community_services_non_profits,http://brfflygvardinnan1.se/,2,,Stockholm,"59,2699278","18,1284581",
Brottsofferjouren i Västerort,community_services_non_profits,http://www.vasterort.boj.se/,2,,Stockholm,"59,3684291","17,8371136",
Brottsofferjouren Sverige,community_services_non_profits,http://www.brottsofferjouren.se/,2,,Stockholm,"59,3009425","18,092764",
Bröstcancerförbundet,community_services_non_profits,http://www.brostcancerforbundet.se/,2,,Stockholm,"59,3285355","18,0457696",
Bröstcancerföreningen Amazona Stockholm,community_services_non_profits,http://www.amazona.se/,2,,Stockholm,"59,3436759","18,0423144",
Bufff,community_services_non_profits,http://www.bufff.se/,2,,Stockholm,"59,2802824","18,0121777",
Byggcheferna,community_services_non_profits,http://www.byggcheferna.se/,2,,Stockholm,"59,3323698","18,0318395",
Byggnads,community_services_non_profits,http://www.byggnads.se/,2,,Stockholm,"59,3439351","18,0532992",
CAN,community_services_non_profits,http://www.can.se/,2,,Stockholm,"59,3319517","18,0591417",
Cancerfonden,community_services_non_profits,http://www.cancerfonden.se/,2,,Stockholm,"59,3372529","18,0694044",
Cancerrehabfonden,community_services_non_profits,https://www.cancerrehabfonden.se/,2,,Stockholm,"59,3402998","18,0688003",
Casa Perú IF,community_services_non_profits,Ingen webbplats,2,,Stockholm,"59,31352","18,08023",
CCY Tanzania,community_services_non_profits,http://www.ccytanzania.com/,2,,Stockholm,"59,28867","17,90827",
Celiakiföreningen i Stockholms län,community_services_non_profits,https://www.celiaki.se/foreningar/stockholms-lan/,2,,Stockholm,"59,3158654","18,070462",
Centrum för Näringslivshistoria,community_services_non_profits,http://www.naringslivshistoria.se/,2,,Stockholm,"59,339612","17,9742972",
Christian Democratic International Center - KIC,community_services_non_profits,http://www.kicsweden.org/,2,,Stockholm,"59,3224906","18,0724214",
Civil Rights Defenders,community_services_non_profits,https://crd.org/,2,,Stockholm,"59,3054743","18,080852",
Closed,community_services_non_profits,http://www.analogfotograferna.se/,2,Closed :(,Stockholm,"59,33331","18,0382",
Collective Sunshine,community_services_non_profits,http://www.collectivesunshine.se/,2,,Stockholm,"59,369059","17,9150299",
Colombiagruppen,community_services_non_profits,http://colombiagruppen.se/,2,,Stockholm,"59,330314","18,061673",
Comisión Nacional de Derechos Humanos - Chile -Suecia,community_services_non_profits,Ingen webbplats,2,,Stockholm,"59,30941","18,0968",
Compassion Sverige,community_services_non_profits,http://www.compassion.se/,2,,Stockholm,"59,3368099","18,02959",
Convenience Stores Sweden,community_services_non_profits,http://www.conveniencestores.se/,2,,Stockholm,"59,33282","18,0802",
Coop Östra,community_services_non_profits,http://coopostra.se/,2,,Stockholm,"59,33484","18,06966",
Credo Sverige,community_services_non_profits,http://www.credosverige.se,2,,Stockholm,"59,343","18,058592",
CSES (Center för Socialt Entreprenörskap Stockholm),community_services_non_profits,http://cses.se/,2,,Stockholm,"59,3261719","18,0739307",
D-rektoratet,community_services_non_profits,https://datasektionen.se/,2,,Stockholm,"59,348136","18,071524",
DAA Södergrppen,community_services_non_profits,daa.nu,2,,Stockholm,"59,3171302","18,0602996",
Dahira Mame Diarra Bousso,community_services_non_profits,http://www.mamediarra.se,2,,Stockholm,"59,3277648","18,0688029",
Degeln1,community_services_non_profits,http://www.degeln1.se/,2,,Stockholm,"59,3417892","18,0376396",
Demensföreningen Stockholm,community_services_non_profits,http://www.demensforeningen-sthlm.com,2,,Stockholm,"59,32941","18,0523",
DHR,community_services_non_profits,http://www.dhr.se/,2,,Stockholm,"59,2417099","18,0937357",
Di Close Chefsnätverket,community_services_non_profits,http://www.close.se/,2,,Stockholm,"59,3195448","18,06949",
Diabetes Stockholm,community_services_non_profits,http://www.diabetesstockholm.se/,2,,Stockholm,"59,3363816","18,0546391",
Dianova Sverige,community_services_non_profits,http://www.dianovasverige.org/,2,,Stockholm,"59,3089539","18,0872342",
Disabled Refugees Welcome,community_services_non_profits,http://www.disabledrefugeeswelcome.se/,2,,Stockholm,"59,24145","18,09408",
Djurgårdslinjen - ᴅᴇᴛ ʀöʀʟɪɢᴀ ᴋᴜʟᴛᴜʀᴀʀᴠᴇᴛ,community_services_non_profits,http://djurgardslinjen.se/,2,,Stockholm,"59,325533","18,0948901",
Djurhajkerna i KFUM,community_services_non_profits,http://www.kfum.se/,2,,Stockholm,"59,33958","18,06229",
Drivhuset Norden,community_services_non_profits,http://www.drivhuset.se/,2,,Stockholm,"59,334924","18,088603",
Drucksache,community_services_non_profits,http://www.drucksache.se/,2,,Stockholm,"59,316799","18,06428",
Drömmen om det goda,community_services_non_profits,https://drommenomdetgoda.se/,2,,Stockholm,"59,322658","18,0703098",
Dutch Chamber of Commerce in Sweden,community_services_non_profits,http://www.dutchchamber.se/,2,,Stockholm,"59,319298","18,0703909",
Dyslexiförbundet,community_services_non_profits,https://www.dyslexi.org/,2,,Stockholm,"59,3812224","17,8990273",
Dövas Kvinnoförening i Stockholm,community_services_non_profits,http://dvkf.se/,2,,Stockholm,"59,3145772","18,0336583",
ECPAT Sverige,community_services_non_profits,http://www.ecpat.se/,2,,Stockholm,"59,3285795","18,0418826",
Edelcrantzloppisen i Mälarhöjden,community_services_non_profits,Ingen webbplats,2,,Stockholm,"59,301038","17,974487",
Ekonomiska Föreningen Runmarö,community_services_non_profits,http://ef-runmaro.se/,2,,Stockholm,"59,2377293","18,089393",
Elektrikerna,community_services_non_profits,https://www.sef.se/,2,,Stockholm,"59,3439","18,05319",
Elevkåren Vid Östra Real,community_services_non_profits,http://elevkarenvidostrareal.com/,2,,Stockholm,"59,33946","18,08622",
Ellencentret,community_services_non_profits,http://www.ellencentret.se/,2,,Stockholm,"59,3342","18,09267",
Elöverkänsligas Riksförbund,community_services_non_profits,https://eloverkanslig.org/,2,,Stockholm,"59,2896188","18,0903255",
En chans på tusen - MHF:s lotteri,community_services_non_profits,http://enchanspatusen.se/,2,,Stockholm,"59,3009","18,09273",
En Frisk Generation,community_services_non_profits,http://www.enfriskgeneration.se/,2,,Stockholm,"59,3393111","18,0107216",
En stärkt röst,community_services_non_profits,Ingen webbplats,2,,Stockholm,"59,334002","18,028088",
Encourage Development South,community_services_non_profits,Ingen webbplats,2,,Stockholm,"59,277343","17,881865",
End The Fires In Freetown,community_services_non_profits,http://inug.se/stockholm/projekt/integrated-sustainable-solid-waste-management-in-freetown/,2,,Stockholm,"59,31579","18,06795",
"Eneff, Energieffektiviseringsföreningen",community_services_non_profits,https://eneff.se/,2,,Stockholm,"59,30717","18,07551",
Energi- och Miljötekniska Föreningen EMTF,community_services_non_profits,http://www.emtf.se/,2,,Stockholm,"59,35729","17,95361",
Energiföretagen Sverige,community_services_non_profits,http://www.energiforetagen.se/,2,,Stockholm,"59,33444","18,0547",
Enskede Skolas Föräldraförening,community_services_non_profits,https://m.facebook.com/groups/enskedeskolaff/,2,,Stockholm,"59,283","18,08512",
Entreprenörskapsforum,community_services_non_profits,http://www.entreprenorskapsforum.se/,2,,Stockholm,"59,3398244","18,0580678",
Entreprenörskapsforum,community_services_non_profits,http://www.entreprenorskapsforum.se,2,,Stockholm,"59,334814","18,08567",
Equal -För ett jämlikt Stockholm,community_services_non_profits,https://www.equalsthlm.se/,2,,Stockholm,"59,3090211","18,0674183",
Ericastiftelsen,community_services_non_profits,https://ericastiftelsen.se/,2,,Stockholm,"59,3464536","18,0659432",
Ersta diakoni,community_services_non_profits,http://www.erstadiakoni.se/,2,,Stockholm,"59,3168752","18,0900464",
Ersta Vändpunkten,community_services_non_profits,http://www.erstavandpunkten.se/,2,,Stockholm,"59,3165758","18,0901646",
Estlandssvenskarna SOV,community_services_non_profits,http://www.estlandssvenskarna.org/,2,,Stockholm,"59,3361662","18,0537558",
Estonian Swedish Chamber of Commerce,community_services_non_profits,http://www.estochamber.se/,2,,Stockholm,"59,3362503","18,0537178",
Ethiopiancommunity.swedengmail.com,community_services_non_profits,Ingen webbplats,2,,Stockholm,"59,27519","17,90466",
EU Diaspora Council,community_services_non_profits,http://eudiasporacouncil.org/,2,,Stockholm,"59,3880187","17,9249188",
EU-center,community_services_non_profits,https://www.fralsningsarmen.se/eu-center/,2,,Stockholm,"59,3331495","18,0321665",
European Youth Parliament Sweden - EUP Sverige,community_services_non_profits,https://eup.se/,2,,Stockholm,"59,3262104","18,0739304",
Eveo,community_services_non_profits,http://www.eveo.se/,2,,Stockholm,"59,3152079","18,0392591",
Evxinos Pontos Stockholm,community_services_non_profits,http://www.evxinospontos.com/,2,,Stockholm,"59,390062","17,908519",
Excitera Mobile Cup,community_services_non_profits,http://www.mobilecup.se/,2,,Stockholm,"59,348839","18,075159",
Exilsnokarna Stockholm,community_services_non_profits,http://www.exilsnokarna.se/,2,,Stockholm,"59,32237","18,0731",
Fackförbundet ST,community_services_non_profits,http://www.st.org/,2,,Stockholm,"59,3413639","18,0767224",
Fackförbundet ST vid Stockholms universitet,community_services_non_profits,https://st.org/st-inom-universitets-och-hogskoleomradet/stockholms-universitet,2,,Stockholm,"59,3639498","18,0600871",
Fair Action,community_services_non_profits,http://www.fairaction.se/,2,,Stockholm,"59,3012866","18,103514",
Fairtrade Sverige,community_services_non_profits,http://www.fairtrade.se/,2,,Stockholm,"59,3133923","18,0762005",
Famna,community_services_non_profits,http://www.famna.org/,2,,Stockholm,"59,3172048","18,0566776",
FAR,community_services_non_profits,http://www.far.se/,2,,Stockholm,"59,332415","18,0476889",
Farstanäsets stugförening,community_services_non_profits,https://www.farstanaset.com/,2,,Stockholm,"59,2369694","18,0758034",
Fastella,community_services_non_profits,http://www.fastighetsagarna.se/medlem/medlemsformaner/natverk/for-kvinnor/fastella/,2,,Stockholm,"59,335977","18,030611",
Fastighetsbranschens Utbildningsnämnd,community_services_non_profits,https://twitter.com/MadeleineRietsc,2,,Stockholm,"59,33663","18,06214",
FEGIS,community_services_non_profits,https://www.slussen.biz/Home/MainOrganizationPage?orgId=13327,2,,Stockholm,"59,35509","17,95989",
Feminvest,community_services_non_profits,http://www.feminvest.se/,2,,Stockholm,"59,3389702","18,0678005",
Fempowerment,community_services_non_profits,http://www.fempowerment.se/,2,,Stockholm,"59,3378073","18,011868",
Fenerbahce Förening Stockholm,community_services_non_profits,www.fenerbahcem.se,2,,Stockholm,"59,3368696","18,0541383",
Finans & Försäkringsbranschens A-kassa,community_services_non_profits,http://ffakassan.se/,2,,Stockholm,"59,3354422","18,0653492",
Finansförbundet,community_services_non_profits,http://www.finansforbundet.se/,2,,Stockholm,"59,2942992","18,0797973",
Finlands Krigsinvaliders Sverigedistrikt,community_services_non_profits,http://www.krigsinvaliderna.se/,2,,Stockholm,"59,26911","18,03737",
Finsk-svenska handelskammaren/    Suomalais-ruotsalainen kauppakamari,community_services_non_profits,http://www.finsve.com/,2,,Stockholm,"59,3355965","18,1068941",
FishSec - The Fisheries Secretariat,community_services_non_profits,http://www.fishsec.org/,2,,Stockholm,"59,3093725","18,0969676",
Fit4life SoFo,community_services_non_profits,Ingen webbplats,2,,Stockholm,"59,31114","18,08118",
Flatenbastun,community_services_non_profits,http://flatenbastun.se/,2,,Stockholm,"59,3145785","18,0758004",
Flottans män Stockholm,community_services_non_profits,http://www.flottansman.se/,2,,Stockholm,"59,3303299","18,0772209",
Flottens träfflokal,community_services_non_profits,http://www.stockholm.se/-/Serviceenhetsdetaljer/?enhet=17ca2593500d461a8978b3f5c5c58f0e,2,,Stockholm,"59,2973","18,05278",
Flygande Veteraner,community_services_non_profits,http://www.flygandeveteraner.se/,2,,Stockholm,"59,35571","17,94591",
Flygklubben Indoor Wingsuiting - inomhus vingdräktsflygarklubben,community_services_non_profits,http://indoorwingsuitingclub.com/,2,,Stockholm,"59,34821","17,96135",
Flygsektionen,community_services_non_profits,http://flygsektionen.se/,2,,Stockholm,"59,34811","18,06881",
Flygteknikerna,community_services_non_profits,http://www.flygtekniker.se/,2,,Stockholm,"59,335012","18,066001",
FMN - Storstockholm,community_services_non_profits,http://www.fmn-sthlm.se/,2,,Stockholm,"59,318105","18,068299",
Fonden för mänskliga rättigheter (MR-Fonden),community_services_non_profits,http://www.humanrights.se/,2,,Stockholm,"59,33037","18,0616833",
Fontänhuset Sköndal,community_services_non_profits,http://www.fhskondal.se/,2,,Stockholm,"59,251139","18,1232389",
Forena Länsförsäkringar,community_services_non_profits,http://Forena.se/,2,,Stockholm,"59,3495","18,10216",
Fores,community_services_non_profits,http://www.fores.se/,2,,Stockholm,"59,340731","18,0583366",
Forum - Idéburna organisationer med social inriktning,community_services_non_profits,http://www.socialforum.se/,2,,Stockholm,"59,3270974","18,0508783",
Forum för Health Policy,community_services_non_profits,http://www.healthpolicy.se/,2,,Stockholm,"59,339442","18,032108",
ForumCiv,community_services_non_profits,http://www.forumciv.org/,2,,Stockholm,"59,3129903","18,1013216",
Founders Alliance,community_services_non_profits,https://www.foundersalliance.com/membership/apply-for-membership/,2,,Stockholm,"59,3373426","18,0717885",
Fountain House,community_services_non_profits,http://www.fountainhouse.se/,2,,Stockholm,"59,3168418","18,0719113",
"FQ, Forum - Kvinnor och Funktionshinder",community_services_non_profits,http://www.kvinnor-funktionshinder.se/,2,,Stockholm,"59,2419","18,09362",
Fralsningsarmen,community_services_non_profits,Ingen webbplats,2,,Stockholm,"59,341046","18,051671",
Framtidsjorden,community_services_non_profits,http://www.framtidsjorden.se,2,,Stockholm,"59,3093094","18,0968716",
Friluftsfrämjandet,community_services_non_profits,http://www.friluftsframjandet.se/,2,,Stockholm,"59,332312","18,062922",
Friluftsfrämjandet Region Mälardalen,community_services_non_profits,http://www.friluftsframjandet.se/regionmalardalen,2,,Stockholm,"59,3129845","18,1013427",
Fritidsforum,community_services_non_profits,https://www.fritidsforum.se/arets-program,2,,Stockholm,"59,33656","18,0309",
Frivillig Väntjänst,community_services_non_profits,http://www.frivilligvantjanst.se/,2,,Stockholm,"59,262281","18,0409565",
"Frälsningsarméns Sociala Center, Hornstull",community_services_non_profits,https://www.fralsningsarmen.se/sociala-centret/,2,,Stockholm,"59,3161548","18,0333239",
FSDB - Förbundet Sveriges Dövblinda,community_services_non_profits,http://www.fsdb.se/,2,,Stockholm,"59,2766162","18,0941733",
FUB Stockholm,community_services_non_profits,http://www.fubstockholm.se/,2,,Stockholm,"59,3177222","18,0509807",
FUF - Föreningen för Utvecklingsfrågor,community_services_non_profits,http://fuf.se/,2,,Stockholm,"59,328383","18,034308",
Funktionsnedsättning SV Stockholm,community_services_non_profits,http://www.sv.se/stockholm,2,,Stockholm,"59,31489","18,07453",
Funktionsrätt Stockholms län,community_services_non_profits,https://funktionsrattstockholmslan.se/,2,,Stockholm,"59,3338292","18,0282398",
Fysiks klubbmästeri,community_services_non_profits,http://f.kth.se/namnder/fkm,2,,Stockholm,"59,3539968","18,0656009",
Fältbiologerna Stockholm-Uppland-Gotland,community_services_non_profits,https://faltbiologerna.se/distriktet-stockholm-uppland-gotland/,2,,Stockholm,"59,3135276","18,0755763",
Förbundet Unga Rörelsehindrade,community_services_non_profits,https://linktr.ee/ungarorelsehindrade,2,,Stockholm,"59,2416913","18,0937313",
Förbundet Vi Unga,community_services_non_profits,https://linktr.ee/viunga,2,,Stockholm,"59,3395073","18,0137933",
Förenade Israelinsamlingen - Keren Hayesod,community_services_non_profits,http://www.israelinsamlingen.org/,2,,Stockholm,"59,3321237","18,0738534",
Föreningen Ekonomerna - The Business Association at Stockholm University,community_services_non_profits,http://www.fest.se/,2,,Stockholm,"59,3550456","18,0552878",
Föreningen Framtidståget,community_services_non_profits,https://linktr.ee/futuretrain,2,,Stockholm,"59,3066378","17,9830185",
Föreningen Försvara Elefanterna,community_services_non_profits,http://www.forsvaraelefanterna.nu/,2,,Stockholm,"59,30716","18,07174",
Föreningen grävande journalister,community_services_non_profits,http://www.fgj.se/,2,,Stockholm,"59,3250129","18,0736764",
Föreningen KTH X,community_services_non_profits,http://www.kth.se/foreningar/kthx/,2,,Stockholm,"59,3475034","18,0727663",
Föreningen Norden,community_services_non_profits,http://www.norden.se/,2,,Stockholm,"59,3322624","18,0579623",
Föreningen Stockholms Företagsminnen,community_services_non_profits,http://www.foretagsminnen.se/,2,,Stockholm,"59,339487","17,974498",
Föreningen Sveriges Stadsbyggare,community_services_non_profits,http://www.sverigesstadsbyggare.se/,2,,Stockholm,"59,30683","18,07054",
Föreningsarkiven i Stockholms län,community_services_non_profits,http://fslarkiv.se/,2,,Stockholm,"59,33015","18,04952",
Föreningshuset,community_services_non_profits,https://www.foreningshuset.se/,2,,Stockholm,"59,3054278","18,095332",
Företagarna,community_services_non_profits,http://www.foretagarna.se/,2,,Stockholm,"59,3413626","18,0620632",
Förskoledagarna,community_services_non_profits,https://www.sefif.se/,2,,Stockholm,"59,278438","18,0141496",
Försvarsförbundet,community_services_non_profits,http://www.forsvarsforbundet.se/,2,,Stockholm,"59,3379023","18,0765927",
Försvarsutbildarna,community_services_non_profits,http://www.forsvarsutbildarna.se/,2,,Stockholm,"59,3395649","18,0818316",
GAF - Golf Management Sverige,community_services_non_profits,http://www.gafsverige.se/,2,,Stockholm,"59,3053821","18,0789256",
GAPF - Glöm Aldrig Pela och Fadime,community_services_non_profits,https://gapf.se/,2,,Stockholm,"59,3308621","18,0653068",
Ge Effektivt,community_services_non_profits,https://www.geeffektivt.se/,2,,Stockholm,"59,291","18,08169",
Gebers,community_services_non_profits,http://www.gebers.se/,2,,Stockholm,"59,2450945","18,1360325",
Generation Pep,community_services_non_profits,http://generationpep.se/,2,,Stockholm,"59,3334279","18,0580365",
Global Action Plan Sverige (GAP),community_services_non_profits,http://www.globalactionplan.se/,2,,Stockholm,"59,3167114","18,0387306",
Global Challenges Foundation,community_services_non_profits,https://globalchallenges.org/,2,,Stockholm,"59,3371248","18,0771402",
Global Friends KI,community_services_non_profits,http://www.medicinskaforeningen.se/sv/sections/psychology/,2,,Stockholm,"59,3320933","18,1034887",
Global Utmaning,community_services_non_profits,http://www.globalutmaning.se/,2,,Stockholm,"59,3413477","18,0644114",
Globala Pedagoger,community_services_non_profits,https://www.globalapedagoger.se/,2,,Stockholm,"59,3928611","17,9026514",
Globalportalen.org,community_services_non_profits,http://www.globalportalen.org/,2,,Stockholm,"59,3128976","18,101596",
Goodsport Foundation,community_services_non_profits,http://www.goodsport.se/,2,,Stockholm,"59,3091","18,07396",
Goto 10,community_services_non_profits,https://www.goto10.se/,2,Only has physical locations in Malmö and Linköping,Stockholm,"59,3035901","18,0835643",
Governo,community_services_non_profits,http://www.governo.se/,2,,Stockholm,"59,31669","18,0709374",
"Green Agenda for Armenia, Georgia, Moldova and Ukraine",community_services_non_profits,http://www.green-agenda.org/,2,,Stockholm,"59,3345","18,09699",
Green Forum,community_services_non_profits,http://www.greenforum.se/,2,,Stockholm,"59,3158605","18,0704625",
Gröna arbetsgivare,community_services_non_profits,http://www.grona.org/,2,,Stockholm,"59,3351956","18,0829799",
GS,community_services_non_profits,http://www.gsfacket.se/,2,,Stockholm,"59,3344188","18,0547151",
Gundua Foundation,community_services_non_profits,http://gunduafoundation.org/,2,,Stockholm,"59,33282","18,0802",
Gymnastikförbundet - Svensk Gymnastik,community_services_non_profits,http://www.gymnastik.se/,2,,Stockholm,"59,30555","18,0789",
Gålöstiftelsen,community_services_non_profits,http://www.galostiftelsen.se/,2,,Stockholm,"59,334155","18,071644",
Hammarby Fotboll auf deutsch,community_services_non_profits,http://www.hammarbyfotboll.se/,2,,Stockholm,"59,29471","18,0695",
Hammarby Sjöstadsverk,community_services_non_profits,http://www.sjostadsverket.se/,2,,Stockholm,"59,309886","18,108488",
Hand in Hand Sweden,community_services_non_profits,http://www.handinhandsweden.se/,2,,Stockholm,"59,3371073","18,0793548",
Handels avd 20,community_services_non_profits,http://www.handels.se/stockholm,2,,Stockholm,"59,3365816","18,0543277",
Handelsanställdas förbund,community_services_non_profits,http://www.handels.se/,2,,Stockholm,"59,3414295","18,0583202",
Hartwickska Huset,community_services_non_profits,http://www.hartwickska.se,2,,Stockholm,"59,3171673","18,0602944",
Hattens behandlingshem,community_services_non_profits,http://www.hatten.se/,2,,Stockholm,"59,283448","17,994418",
HBV - Allmännyttans inköpsfunktion,community_services_non_profits,http://www.hbv.se/,2,,Stockholm,"59,2922112","18,0824723",
Heartfulness Stockholm,community_services_non_profits,http://www.heartfulnessmeditation.se/,2,,Stockholm,"59,32538","18,07246",
Hedvig Eleonora Scoutkår,community_services_non_profits,http://he.scout.se/,2,,Stockholm,"59,34195","18,095583",
Hem & Skola,community_services_non_profits,http://www.hemochskola.se/,2,,Stockholm,"59,3364411","18,0541666",
Historisk tidskrift,community_services_non_profits,https://www.historisktidskrift.se/,2,,Stockholm,"59,3632554","18,0586319",
Hjärnkoll Stockholm,community_services_non_profits,http://www.hjarnkollstockholm.se/,2,,Stockholm,"59,3120224","18,0810898",
Hjärnkraft Stockholms län,community_services_non_profits,http://hjarnkraft.se/stockholm,2,,Stockholm,"59,30842","18,01851",
Hjärnskadeförbundet Hjärnkraft,community_services_non_profits,http://www.hjarnkraft.se/,2,,Stockholm,"59,3085968","18,0178313",
Hjärtebarnsfonden,community_services_non_profits,http://www.hjartebarnsfonden.se/,2,,Stockholm,"59,3315978","18,047847",
HLL Hyreslandslaget,community_services_non_profits,https://www.hyreslandslaget.se/depa/hogdalen/,2,,Stockholm,"59,2623887","18,0599216",
HOPP Stockholm,community_services_non_profits,http://www.hoppstockholm.se/,2,,Stockholm,"59,341511","18,065827",
Horisont Förening,community_services_non_profits,http://www.horisontforening.org/,2,,Stockholm,"59,304424","18,087446",
Hotell och Restaurang Facket,community_services_non_profits,http://www.hrf.net,2,,Stockholm,"59,3344791","18,0546665",
House of Tensta,community_services_non_profits,http://www.stadsmissionen.se/Socialverksamhet/Barnochunga/Bla-Huset/,2,,Stockholm,"59,39418","17,90059",
HSB,community_services_non_profits,http://www.hsb.se,2,,Stockholm,"59,3453465","18,0320491",
HSB BRF Brandsö,community_services_non_profits,http://www.hsb.se/stockholm/brandso,2,,Stockholm,"59,402991","17,937047",
Hsb Brf Segelflygaren,community_services_non_profits,Ingen webbplats,2,,Stockholm,"59,2678157","18,1315874",
HSBs Brf Färjan,community_services_non_profits,http://www.hsb.se/stockholm/farjan,2,,Stockholm,"59,3371021","18,0264948",
Human Rights Council of Balochistan,community_services_non_profits,http://www.hrcbalochistan.com/,2,,Stockholm,"59,40837","17,93879",
Human Rights Watch Sweden,community_services_non_profits,http://www.hrw.se/,2,,Stockholm,"59,3415171","18,064388",
HundGärin,community_services_non_profits,Ingen webbplats,2,,Stockholm,"59,300998","18,0972587",
Hundstallet,community_services_non_profits,http://www.hundstallet.se/,2,,Stockholm,"59,341269","17,9226619",
Huvudvärksföreningen Stockholm,community_services_non_profits,https://huvudvarksforbundet.se/foreningar/stockholm/,2,,Stockholm,"59,3338431","18,0281306",
Hyresgästföreningen,community_services_non_profits,http://www.hyresgastforeningen.se/,2,,Stockholm,"59,3337211","18,0710692",
Hyresgästföreningen Norrmalm ,community_services_non_profits,https://norrmalm.hgfsthlm.se/,2,,Stockholm,"59,344394","18,038911",
Hyresgästföreningen region Stockholm,community_services_non_profits,https://www.hyresgastforeningen.se/stockholm/,2,,Stockholm,"59,2922021","18,0822664",
Hyresgästföreningen Syd-Ost,community_services_non_profits,http://www.hgfsydost.se/,2,,Stockholm,"59,2630329","18,0397001",
Håll Sverige Rent,community_services_non_profits,http://www.hsr.se/,2,,Stockholm,"59,3122822","18,0239963",
Hässelby Scoutkår,community_services_non_profits,http://www.hasselbyscout.se/,2,,Stockholm,"59,3810746","17,8233098",
Hässelby Sjösällskap,community_services_non_profits,http://hasselbysjosallskap.se/,2,,Stockholm,"59,3663126","17,8145455",
Hästnäringens Nationella Stiftelse (HNS),community_services_non_profits,http://www.hastnaringen.se/,2,,Stockholm,"59,3658702","17,9427662",
Hästsportens Hus,community_services_non_profits,Ingen webbplats,2,,Stockholm,"59,3659152","17,9429394",
Högdalens Budoklubb,community_services_non_profits,http://hogdalensbudoklubb.se/,2,,Stockholm,"59,264585","18,0402587",
Hökarängens Trädgårdsstadsförening,community_services_non_profits,Ingen webbplats,2,,Stockholm,"59,252069","18,076446",
Hörselskadades förening i Stockholm,community_services_non_profits,http://www.hrfstockholm.se/,2,,Stockholm,"59,3087409","18,0917432",
Hörselskadades Riksförbund (HRF),community_services_non_profits,http://www.hrf.se/,2,,Stockholm,"59,4058271","17,9486354",
IAESTE Stockholm,community_services_non_profits,http://www.iaeste.se/,2,,Stockholm,"59,34711","18,07125",
Ideell Marknadsföring i Sverige,community_services_non_profits,https://www.ideellmarknadsforing.se/,2,,Stockholm,"59,312447","18,072368",
Idrottens Hus,community_services_non_profits,http://www.rf.se/,2,,Stockholm,"59,3055531","18,0788867",
Idun Tenants Association,community_services_non_profits,http://dittidun.se/,2,,Stockholm,"59,3450791","18,0304986",
IF Metall,community_services_non_profits,https://linktr.ee/ifmetall,2,,Stockholm,"59,3359729","18,061068",
IFFI Stockholm,community_services_non_profits,http://www.iffi-stockholm.se/,2,,Stockholm,"59,34596","18,04754",
IFK Aspudden-Tellus,community_services_non_profits,http://www.ifkaspudden-tellus.se/,2,,Stockholm,"59,3079183","17,9923736",
IFK Stockholm,community_services_non_profits,http://www.laget.se/ifksthlm,2,,Stockholm,"59,2724573","17,8917549",
IFPA,community_services_non_profits,http://www.ifpa-pso.com/,2,,Stockholm,"59,3261956","18,0738976",
IFS/ CS Steg för Steg,community_services_non_profits,http://www.ifscs.se/,2,,Stockholm,"59,3328368","18,0312002",
IK Hephata,community_services_non_profits,http://www.hephata.se/,2,,Stockholm,"59,2934605","18,0755236",
INCA Svezia,community_services_non_profits,http://incamondo.inca.it/,2,,Stockholm,"59,3180635","18,0661126",
Industriarbetsgivarna,community_services_non_profits,http://www.industriarbetsgivarna.se/,2,,Stockholm,"59,33526","18,08302",
Ingenjörssektionen Bygg,community_services_non_profits,http://Isbygg.com/,2,,Stockholm,"59,34856","18,07476",
Insamlingsstiftelsen Choice,community_services_non_profits,http://www.stiftelsenchoice.se/,2,,Stockholm,"59,3370458","18,082267",
Institutet för mediestudier,community_services_non_profits,http://www.mediestudier.se/,2,,Stockholm,"59,33837","18,05705",
Integrate with the Swedish Society,community_services_non_profits,Ingen webbplats,2,,Stockholm,"59,35895","17,8964",
"Internationella Kvinnoförbundet för Fred och Frihet, IKFF",community_services_non_profits,https://www.ikff.se/,2,,Stockholm,"59,3459541","18,0474424",
Intresseföreningen Kärnan,community_services_non_profits,http://www.mellanmalet.se,2,,Stockholm,"59,338402","18,009613",
Introduktions och Öppen förskola Hägersten-Älvsjö,community_services_non_profits,Ingen webbplats,2,,Stockholm,"59,29153","17,98577",
Invidzonen,community_services_non_profits,http://invidzonen.se/,2,,Stockholm,"59,3299265","18,0366782",
IOGT-NTO,community_services_non_profits,http://www.iogt.se/,2,,Stockholm,"59,3224549","17,9860737",
Iogt-Nto Comeback / Kamratstöd,community_services_non_profits,Ingen webbplats,2,,Stockholm,"59,2643209","18,1272229",
IOGT-NTO Distrikt Öst,community_services_non_profits,http://www.ost.iogt.se/,2,,Stockholm,"59,3305512","18,0613768",
IQ Samhällsbyggnad,community_services_non_profits,http://www.iqs.se/,2,,Stockholm,"59,3316067","18,0634279",
Isbjörnarna Kaanabadet,community_services_non_profits,Ingen webbplats,2,,Stockholm,"59,3485823","17,858328",
Islamic Relief Sverige,community_services_non_profits,https://www.islamic-relief.se/,2,,Stockholm,"59,36866","17,8655891",
IT For Children,community_services_non_profits,http://www.itforchildren.org/,2,,Stockholm,"59,345795","18,099134",
IT-Sektionen,community_services_non_profits,http://www.itsektionen.se/,2,,Stockholm,"59,4046436","17,9503532",
ITerativa Klubben,community_services_non_profits,http://insektionen.se/index.php?option=com_content&view=article&id=271&Itemid=149,2,,Stockholm,"59,405957","17,946182",
Itsmf Sweden,community_services_non_profits,http://itsmf.se/,2,,Stockholm,"59,31544","18,08632",
IUT International Union of Tenants,community_services_non_profits,http://iut.nu/,2,,Stockholm,"59,3332812","18,0712061",
Jarl Hjalmarson Foundation,community_services_non_profits,http://www.hjalmarsonstiftelsen.se/,2,,Stockholm,"59,330026","18,076973",
Johannelunds gård,community_services_non_profits,Ingen webbplats,2,,Stockholm,"59,3416667","17,9819444",
Johanniterhjälpen Sverige,community_services_non_profits,http://www.johanniter.se/,2,,Stockholm,"59,337806","18,0995573",
Jord & Frihet,community_services_non_profits,http://www.jordfrihet.org/,2,,Stockholm,"59,315858","18,082481",
JSS - Stockholm Jurister,community_services_non_profits,http://www.jusek.se/Min-sektion/Studerandesektionen/Lokalforeningar/JSS-Stockholm-jurister/,2,,Stockholm,"59,3623898","18,0584488",
Juice Studios,community_services_non_profits,http://www.juicestudios.se/,2,,Stockholm,"59,2925269","18,0758409",
Junis,community_services_non_profits,http://www.junis.se/,2,,Stockholm,"59,322581","17,985841",
JUS - Judiska Ungdomsförbundet i Sverige,community_services_non_profits,http://www.jusungdom.org/,2,,Stockholm,"59,335163","18,077036",
Karateskolan,community_services_non_profits,http://www.karateskolan.se/,2,,Stockholm,"59,3162894","18,0638509",
Kattstallet,community_services_non_profits,http://www.kattstallet.se,2,,Stockholm,"59,3412243","17,9229341",
KBK Kristinebergs Båtklubb,community_services_non_profits,Ingen webbplats,2,,Stockholm,"59,3330577","17,997268",
Kemisektionen | KTH,community_services_non_profits,http://www.kongligkemi.com/,2,,Stockholm,"59,34946","18,074017",
KFK- Kongliga Flygsektionens Klubbmästeri,community_services_non_profits,http://arquen.se/,2,,Stockholm,"59,34811","18,06881",
KFUM Central,community_services_non_profits,http://www.kfumcentral.se/,2,,Stockholm,"59,3395993","18,0622119",
KFUM Distrikt Öst,community_services_non_profits,http://www.distriktost.kfum.se/,2,,Stockholm,"59,3395861","18,0622814",
KFUM Gymnastikavdelningar,community_services_non_profits,http://www.kfum-ga.se/,2,,Stockholm,"59,33958","18,06229",
KFUM Sverige,community_services_non_profits,http://www.kfum.se/,2,,Stockholm,"59,3136469","18,0869108",
KFUM Zliproad CSC,community_services_non_profits,http://www.Kfum-zliproad.se/,2,,Stockholm,"59,2879","17,90493",
KFUM Ängsholmen,community_services_non_profits,http://www.angsholmen.framtidenjustnu.se/,2,,Stockholm,"59,3395805","18,0622902",
Kista Träff,community_services_non_profits,http://www.stockholm.se/-/Serviceenhetsdetaljer/?enhet=5ed718cd2c3a4405832cf43ad689b2bb,2,,Stockholm,"59,4021422","17,9422103",
KKL Sweden - Keren Kajemet LeIsrael - Sverige,community_services_non_profits,http://www.kkl.nu/,2,,Stockholm,"59,33189","18,0742",
KNAS HEMMA :Ungdomsorganisationen för samhällsplacerade,community_services_non_profits,http://www.knashemma.se/,2,,Stockholm,"59,32015","18,0702",
"KNUT - Kemisektionens Näringslivsutskott, KTH",community_services_non_profits,https://kongligkemi.com/knut,2,,Stockholm,"59,349138","18,075394",
Kollektivhuset Dunderbacken,community_services_non_profits,http://www.kollektivhus.se/,2,,Stockholm,"59,304362","17,979615",
Kollektivhuset Tre Portar,community_services_non_profits,http://www.treportar.se/,2,,Stockholm,"59,268391","18,1263509",
KOMCIWAN- Komela ciwanên kurd li Swêd,community_services_non_profits,http://www.komciwan.com/,2,,Stockholm,"59,333308","17,978965",
Kommunal sektion Gullmarsplan,community_services_non_profits,https://www.kommunal.se/sektion/gullmarsplan,2,,Stockholm,"59,2988748","18,0711178",
Kommunal Skärholmen,community_services_non_profits,http://kommunal.se/Stockholm/skarholmen,2,,Stockholm,"59,2762656","17,9063268",
Kompis Sverige,community_services_non_profits,http://www.kompissverige.se/,2,,Stockholm,"59,3133757","18,0935954",
Konglig Samhällsbyggnadssektion,community_services_non_profits,http://s-sektionen.se/,2,,Stockholm,"59,350066","18,069471",
Kontempel,community_services_non_profits,https://www.kontempel.se/,2,lacks physical location,Stockholm,"59,3277005","18,082546",
Kooperation Utan Gränser,community_services_non_profits,http://www.utangranser.se/,2,,Stockholm,"59,339737","18,013592",
Kraftens hus Stockholm,community_services_non_profits,http://stockholm.kraftenshus.se/,2,,Stockholm,"59,32878","18,04009",
KRIS Riksförbund,community_services_non_profits,http://kris.a.se/,2,,Stockholm,"59,31523","17,98765",
KRIS Stockholm,community_services_non_profits,https://www.kris.a.se/stockholm,2,,Stockholm,"59,3157068","18,0405855",
KRIS Stockholm,community_services_non_profits,http://kris.a.se/foreningar/lokalforeningar/stockholm/,2,,Stockholm,"59,31194","18,06072",
KRIS-08 Stockholm,community_services_non_profits,http://kris.a.se/foreningar/lokalforeningar/08-2/,2,,Stockholm,"59,316573","18,0519",
Kristensamfundet,community_services_non_profits,http://www.kristensamfundet.christengemeinschaft.org,2,,Stockholm,"59,34192","18,04944",
"Kristna Fredsrörelsen, SweFOR",community_services_non_profits,https://krf.se/,2,,Stockholm,"59,3325671","17,9830061",
Kroppsidealen,community_services_non_profits,http://www.kroppsidealen.se/,2,no webpage (and probably not relevant),Stockholm,"59,3192215","18,0570388",
KTH Formula Student,community_services_non_profits,http://www.kthformulastudent.se/,2,,Stockholm,"59,3511889","18,0704211",
KTH Real Estate Club,community_services_non_profits,https://www.kthrec.org/,2,,Stockholm,"59,35007","18,06955",
Kultur & Näringsliv,community_services_non_profits,http://www.kulturnaringsliv.se/,2,,Stockholm,"59,3338601","18,0640501",
Kultura in Motion,community_services_non_profits,http://kim-kultura.wix.com/kim-kultura,2,no website,Stockholm,"59,3004761","18,0288058",
Kungl. Vetenskapsakademien,community_services_non_profits,http://www.kva.se/,2,,Stockholm,"59,3667659","18,0523364",
Kungliga Automobil Klubbens Ungdomssektion,community_services_non_profits,https://midnattssolsrallyt.com/,2,,Stockholm,"59,3285102","18,1002565",
"Kungliga Maskinsektionen, THS",community_services_non_profits,http://www.maskinsektionen.se/,2,,Stockholm,"59,3510651","18,0710775",
Kungsholmens föreningar,community_services_non_profits,http://www.kgassociation.com/,2,,Stockholm,"59,33005","18,03471",
Kvartal,community_services_non_profits,https://kvartal.se/,2,,Stockholm,"59,3354227","18,0662323",
Kvarteret Spindeln,community_services_non_profits,Ingen webbplats,2,,Stockholm,"59,265525","18,088646",
Kvinna till Kvinna,community_services_non_profits,https://bit.ly/3HXe0Ee,2,,Stockholm,"59,2937396","18,0758067",
Kvinnocenter Tensta-Hjulsta,community_services_non_profits,https://kvinnocentertensta-hjulsta.org/,2,,Stockholm,"59,393975","17,911559",
Kvinnor för Fred,community_services_non_profits,http://www.kvinnorforfred.se/,2,,Stockholm,"59,30941","18,0968",
Kvinnor och Blödarsjuka,community_services_non_profits,http://www.blodarsjuk.nu/,2,,Stockholm,"59,33555","18,0539",
Kvinnors Rätt,community_services_non_profits,http://www.kvinnorsratt.se/,2,,Stockholm,"59,3347913","18,0356091",
Kyrkans Akademikerförbund,community_services_non_profits,http://www.kyrka.se/,2,,Stockholm,"59,34109","18,08101",
Källan,community_services_non_profits,http://www.schizofreniforbundet.se/Kallan,2,,Stockholm,"59,32708","18,05059",
Kärrtorps Scoutkår,community_services_non_profits,Ingen webbplats,2,,Stockholm,"59,2878868","18,1069175",
L'AGORÀ,community_services_non_profits,Ingen webbplats,2,,Stockholm,"59,34159","18,07953",
Language Exchange Stockholm,community_services_non_profits,http://www.languageexchange.se,2,,Stockholm,"59,32354","18,07145",
Lava KTH,community_services_non_profits,http://lavakth.se/,2,,Stockholm,"59,3471189","18,0712571",
Ledarna - Sveriges chefsorganisation,community_services_non_profits,https://www.ledarna.se/om-ledarna/kontakta-oss/,2,,Stockholm,"59,3323593","18,0317664",
Leksaksbiblioteket Stockholm,community_services_non_profits,http://www.leksaksbiblioteket-sthlm.se/,2,,Stockholm,"59,2686688","18,1280362",
Levande Foda Skolan Kristineberg,community_services_non_profits,Ingen webbplats,2,,Stockholm,"59,3343723","18,0029448",
Lh Vadaren,community_services_non_profits,http://www.vadaren.se/,2,,Stockholm,"59,309183","17,987896",
Lindhagen FF,community_services_non_profits,https://www.lindhagenff.se/lindhagenff-damlaget,2,,Stockholm,"59,3196665","17,987473",
Lions Club Stockholm/Globen,community_services_non_profits,http://e-clubhouse.org/sites/stockholmgloben/,2,,Stockholm,"59,2996382","18,0563217",
Livgardets Dragoners Subalternkår,community_services_non_profits,Ingen webbplats,2,,Stockholm,"59,3471","18,08897",
LO i Stockholms län,community_services_non_profits,http://www.stockholm.lo.se/,2,,Stockholm,"59,3359671","18,0539995",
LO Sverige,community_services_non_profits,http://www.lo.se/,2,,Stockholm,"59,3357741","18,0546206",
Lokala Hyresgästföreningen Björkhagen 2,community_services_non_profits,https://www.hyresgastforeningen.se/om-oss/,2,,Stockholm,"59,289579","18,116851",
Lokala Hyresgästföreningen Skattelyckan,community_services_non_profits,Ingen webbplats,2,,Stockholm,"59,367182","17,8660655",
Lokala hyresgästföreningen Syllen,community_services_non_profits,https://kvarteretsyllen.home.blog/,2,,Stockholm,"59,305029","18,022794",
Lokala hyresgästföreningen Veckodagsområdet,community_services_non_profits,Ingen webbplats,2,,Stockholm,"59,25777","18,09816",
Lovsta Batsallskap,community_services_non_profits,Ingen webbplats,2,,Stockholm,"59,3874121","17,7826789",
LP-verksamheten,community_services_non_profits,http://www.lp-verksamheten.se/,2,,Stockholm,"59,3325016","17,983019",
LRF,community_services_non_profits,http://www.lrf.se/,2,,Stockholm,"59,3394482","18,0139988",
LSU - Sveriges barn- och ungdomsorganisationer,community_services_non_profits,https://lsu.se/,2,,Stockholm,"59,322487","17,985936",
Läkare För Miljön LfM,community_services_non_profits,http://www.lakareformiljon.se/,2,,Stockholm,"59,279279","18,11639",
Läkare Utan Gränser (MSF),community_services_non_profits,http://www.lakareutangranser.se/,2,,Stockholm,"59,3060756","18,0287366",
Lära med Djur,community_services_non_profits,http://www.larameddjur.se/,2,,Stockholm,"59,33803","18,11796",
Lärarnas Riksförbund,community_services_non_profits,https://www.lr.se/,2,,Stockholm,"59,3377745","18,0618305",
Lärarstiftelsen,community_services_non_profits,http://www.lararstiftelsen.se/,2,,Stockholm,"59,3193413","18,0692657",
Läromedelsförfattarna,community_services_non_profits,http://www.laromedelsforfattarna.se/,2,,Stockholm,"59,334119","18,0610421",
LäS KM - Lärarstudenternas Klubbmästeri,community_services_non_profits,https://foreningenlararstudenterna.se/las-km/,2,,Stockholm,"59,36476","18,05496",
"Läxhjälpen i Järva - Rinkeby, Husby och Kista",community_services_non_profits,https://www.rodakorset.se/,2,,Stockholm,"59,3886986","17,9270706",
M S Polfors,community_services_non_profits,www.sjomansskolan.se,2,,Stockholm,"59,3207274","18,0423577",
Mag- och tarmföreningen STHLM,community_services_non_profits,http://www.magotarmsthlm.se/,2,,Stockholm,"59,333874","18,0280214",
Mag-och tarmförbundet,community_services_non_profits,http://www.magotarm.se/,2,,Stockholm,"59,3328263","18,0802283",
Mansjouren,community_services_non_profits,http://www.mansjouren.se/,2,,Stockholm,"59,3147887","18,0355981",
MANUEL-kontaktnät på eget språk,community_services_non_profits,http://www.kontaktmanuel.se/,2,,Stockholm,"59,31603","18,0725",
MaPlace,community_services_non_profits,Ingen webbplats,2,no website,Stockholm,"59,3494","17,96012",
Mariko,community_services_non_profits,https://mariko.se/,2,,Stockholm,"59,317991","18,050889",
Maskinentreprenörerna,community_services_non_profits,http://www.me.se/,2,,Stockholm,"59,33545","18,083084",
MaskinLeverantörerna,community_services_non_profits,http://www.maskinleverantorerna.se/,2,,Stockholm,"59,3314688","18,063875",
Maskrosbarn,community_services_non_profits,https://maskrosbarn.org/,2,,Stockholm,"59,3025406","18,0892455",
Mat & Klimat,community_services_non_profits,http://matochklimat.nu/,2,,Stockholm,"59,2887746","18,0734118",
Mattecentrum,community_services_non_profits,http://www.mattecentrum.se/,2,,Stockholm,"59,34441","18,0527",
MCHK för Veteranmotorcyklar och mopeder,community_services_non_profits,http://www.mchk.org/,2,,Stockholm,"59,33844","17,9499",
Medveten Konsumtion,community_services_non_profits,http://www.medvetenkonsumtion.se/,2,,Stockholm,"59,3161316","18,0291852",
MellanMålet Rehab,community_services_non_profits,http://www.mellanmalet.se/,2,,Stockholm,"59,3134368","18,0639624",
Menorah Sverige,community_services_non_profits,https://www.israelinsamlingen.org/menorah/,2,,Stockholm,"59,33189","18,0742",
Mentor Sverige,community_services_non_profits,http://mentor.se/,2,,Stockholm,"59,3239478","18,0682105",
Meta,community_services_non_profits,http://datasektionen.se/namnder/metadorerna,2,,Stockholm,"59,3480714","18,0713803",
MHF Skarpnäck,community_services_non_profits,http://www.skarpnack.nu/,2,,Stockholm,"59,2497734","18,1700664",
Mikamottagningen Stockholm,community_services_non_profits,http://www.stockholm.se/Mikamottagningen,2,,Stockholm,"59,3167","18,074",
Min Stora Dag,community_services_non_profits,https://www.minstoradag.org/stod-oss/,2,,Stockholm,"59,34671","18,0381218",
Mind,community_services_non_profits,http://www.mind.se/,2,,Stockholm,"59,33544","18,09915",
Misa AB,community_services_non_profits,http://www.misa.se/,2,,Stockholm,"59,3393256","18,0105671",
Modestus Place,community_services_non_profits,Ingen webbplats,2,,Stockholm,"59,30101","18,08228",
Momentum,community_services_non_profits,https://planetone.org/,2,,Stockholm,"59,30094","18,08962",
Moonshine,community_services_non_profits,http://Www.moonshinecruisers.com,2,,Stockholm,"59,24113","18,113987",
Morå - Mäster Olof Råcksta Scoutkår,community_services_non_profits,http://masterolof.scout.se/,2,,Stockholm,"59,35838","17,88383",
Motorhistoriska Riksförbundet - MHRF,community_services_non_profits,https://mhrf.se/,2,,Stockholm,"59,3074523","17,9885499",
MSC Sverige - Blå fisk,community_services_non_profits,http://www.msc.org/se,2,,Stockholm,"59,318258","18,0673385",
Munskänkarna,community_services_non_profits,https://www.munskankarna.se/,2,,Stockholm,"59,29446","18,08008",
Murmestare Embetet,community_services_non_profits,Ingen webbplats,2,,Stockholm,"59,323158","18,071914",
Musketörerna i Rågsved,community_services_non_profits,http://www.musketorerna.se/,2,,Stockholm,"59,2551376","18,0313409",
Muslim Aid Sweden,community_services_non_profits,https://www.instagram.com/muslimaidsweden/,2,,Stockholm,"59,40384","17,940813",
Myran Lokala Hyresgästföreningen,community_services_non_profits,http://www.lhmyran.se/,2,,Stockholm,"59,2747151","18,0678086",
MyRight - Empowers people with disabilities,community_services_non_profits,http://www.myright.se/,2,,Stockholm,"59,33255","17,98304",
Mälarscouterna,community_services_non_profits,https://malarscouterna.se/,2,,Stockholm,"59,343789","17,9122476",
MÄN,community_services_non_profits,https://mfj.se/,2,,Stockholm,"59,3041635","18,0935176",
Mässen FHS,community_services_non_profits,Ingen webbplats,2,,Stockholm,"59,348459","18,069995",
Mötesplats Hammarbyhöjden,community_services_non_profits,https://start.stockholm/skarpnack/,2,,Stockholm,"59,294293","18,102438",
Mötesplats Mariatorget,community_services_non_profits,https://www.stadsmissionen.se/motesplats-mariatorget,2,,Stockholm,"59,3176948","18,0620932",
"Nationell Samverkan för Psykisk Hälsa, NSPH",community_services_non_profits,http://www.nsph.se/,2,,Stockholm,"59,334335","18,066129",
Nattskiftet,community_services_non_profits,http://www.nattskiftet.org/,2,,Stockholm,"59,3322675","18,057965",
Nattvandring.nu,community_services_non_profits,https://www.nattvandring.nu/,2,,Stockholm,"59,3335","18,01707",
Naturskyddsföreningen,community_services_non_profits,http://www.naturskyddsforeningen.se/,2,,Stockholm,"59,313451","18,075617",
Naturskyddsföreningen Stockholms län,community_services_non_profits,http://stockholms-lan.naturskyddsforeningen.se/,2,,Stockholm,"59,2768709","18,1330597",
Naturvetenskapliga Föreningen,community_services_non_profits,https://www.nf.su.se/,2,,Stockholm,"59,3654801","18,05816",
NBV Öst,community_services_non_profits,http://www.nbv.se/ost,2,,Stockholm,"59,3305671","18,0615234",
Nema Problema,community_services_non_profits,http://www.nemaproblema.se/,2,,Stockholm,"59,3116792","18,0588505",
Neuro Stockholm - Neuro Stockholms regionförbund,community_services_non_profits,http://neuroforbundet.se/lokalforeningar/stockholm/stockholm/,2,,Stockholm,"59,3138601","18,0624073",
Njurfonden,community_services_non_profits,http://njurfonden.se/,2,,Stockholm,"59,3154312","18,0421778",
Noaks Ark Stockholm,community_services_non_profits,http://www.noaksark.org/stockholm,2,,Stockholm,"59,3414919","18,0659087",
Nordens välfärdscenter,community_services_non_profits,http://www.nordicwelfare.org/,2,,Stockholm,"59,32555","18,08317",
Nordic Diaspora Forum,community_services_non_profits,https://nordicdf.eu/,2,,Stockholm,"59,4170122","17,9198637",
Nordic Transport Workers' Federation,community_services_non_profits,http://www.nordictransport.org/,2,,Stockholm,"59,3363039","18,0571301",
Nordic Ukraine Forum,community_services_non_profits,https://www.nuforum.se/,2,,Stockholm,"59,3118591","18,0810795",
Norrsken House,community_services_non_profits,http://www.norrskenfoundation.org/norrskenhouse,2,,Stockholm,"59,341528","18,0644588",
Nothung MC,community_services_non_profits,Ingen webbplats,2,,Stockholm,"59,375202","17,854893",
NSPH Stockholms län,community_services_non_profits,http://www.nsphstockholm.se/,2,,Stockholm,"59,3120226","18,0810042",
NU: Nolla Utanförskapet,community_services_non_profits,http://www.nollautanforskapet.nu/,2,,Stockholm,"59,345131","18,0718217",
nxtME,community_services_non_profits,http://nxtme.se/,2,,Stockholm,"59,31944","18,02481",
Ny Gemenskap,community_services_non_profits,http://www.nygemenskap.org/,2,,Stockholm,"59,2925524","18,0149691",
Nya Kompisbyrån,community_services_non_profits,http://www.nyakompisbyran.se/,2,,Stockholm,"59,311785","18,0595019",
Nyckelkroken,community_services_non_profits,http://lhnyckelkroken.wordpress.com/,2,,Stockholm,"59,2606165","18,0285859",
Nyföretagarcentrum Rinkeby-Kista,community_services_non_profits,http://www.nyforetagarcentrum.se/rinkeby,2,,Stockholm,"59,4062603","17,9440846",
Näringsliv IsB,community_services_non_profits,https://www.isbygg.com/foretagsgruppen,2,,Stockholm,"59,348553","18,074761",
Näringslivssektionen (NärS),community_services_non_profits,http://disk.su.se/sektioner/,2,,Stockholm,"59,40669","17,945175",
Nätverket för psykedelisk vetenskap,community_services_non_profits,http://psykedeliskvetenskap.org/,2,,Stockholm,"59,3415","18,06437",
OCD-föreningen Stockholm,community_services_non_profits,http://www.ocdstockholm.se/,2,,Stockholm,"59,3160687","18,0919629",
Odlarföreningen Körsbäret,community_services_non_profits,Ingen webbplats,2,,Stockholm,"59,2583535","18,0887884",
"Offentliganställdas Förhandlingsråd, OFR",community_services_non_profits,http://www.ofr.se/,2,,Stockholm,"59,3377212","18,0767516",
Officersförbundet,community_services_non_profits,https://officerstidningen.se/,2,,Stockholm,"59,3412374","18,0766606",
Oljetjejkerna AB,community_services_non_profits,http://www.oljetjejkerna.se/,2,,Stockholm,"59,2835847","18,0835585",
Olovslunds Trädgårdsstadsförening,community_services_non_profits,http://www.vasterleds.se/,2,,Stockholm,"59,3298586","17,9372292",
Omhändertagna Barn och Unga,community_services_non_profits,http://www.projektragsved.com/,2,,Stockholm,"59,32911","18,04951",
OperationAid,community_services_non_profits,https://linktr.ee/operationaid_org,2,,Stockholm,"59,33013","18,07659",
Ordenssällskapet W:6 Stockholm Logen,community_services_non_profits,http://www.w6.se,2,,Stockholm,"59,33137","18,06268",
Oxfam Sverige,community_services_non_profits,http://www.oxfam.se/,2,,Stockholm,"59,31539","18,07101",
"Palema - pankreas, lever/galla, matstrupe och magsäck cancer",community_services_non_profits,https://www.palema.org/,2,,Stockholm,"59,30842","18,01851",
Palestinagrupperna i Sverige,community_services_non_profits,https://linktr.ee/palestinagrupperna,2,,Stockholm,"59,318765","18,07066",
Pappers,community_services_non_profits,http://www.pappers.se/,2,,Stockholm,"59,3359108","18,0609798",
Paraply,community_services_non_profits,http://www.paraply.org/,2,,Stockholm,"59,3279901","18,069893",
Parkinson Stockholm,community_services_non_profits,Ingen webbplats,2,,Stockholm,"59,3340257","18,0766439",
Parkinsonfonden,community_services_non_profits,http://www.parkinsonfonden.se/,2,,Stockholm,"59,3369745","18,0853879",
Parliamentary Forum on Small Arms and Light Weapons,community_services_non_profits,http://parliamentaryforum.org/,2,,Stockholm,"59,30427","18,09373",
Partsrådet,community_services_non_profits,http://www.partsradet.se/,2,,Stockholm,"59,335217","18,061126",
Peace Parks Foundation Sweden,community_services_non_profits,http://www.peaceparks.se/stod/,2,,Stockholm,"59,3471298","18,0400584",
Peaceful Heart Network,community_services_non_profits,http://www.peacefulheart.se/,2,,Stockholm,"59,33663","18,05473",
PeaceWorks Sweden,community_services_non_profits,http://www.peaceworks.se/,2,,Stockholm,"59,3093777","18,0969486",
Perfect Performance,community_services_non_profits,http://www.perfectperformance.se/,2,no webpage,Stockholm,"59,342337","18,04257",
PerSiS,community_services_non_profits,http://www.persis.se/,2,no webpage,Stockholm,"59,363199","18,058695",
Personhistoriska samfundet,community_services_non_profits,http://www.personhistoriskasamfundet.org/,2,,Stockholm,"59,2908783","18,10672",
PICS,community_services_non_profits,https://www.picss.se/,2,no webpage,Stockholm,"59,39469","17,91349",
Plan International Sverige,community_services_non_profits,https://plansverige.org/,2,,Stockholm,"59,3043265","18,094006",
Plugga med bilder,community_services_non_profits,http://mappia.se/,2,,Stockholm,"59,381195","17,899124",
Pmu,community_services_non_profits,https://pmu.je.gl/=ns,2,,Stockholm,"59,33255","17,98304",
Polsko-Szwedzkie Centrum Seniora,community_services_non_profits,Ingen webbplats,2,,Stockholm,"59,33135","18,0264",
Positiva Pengar,community_services_non_profits,http://www.positivapengar.se/,2,,Stockholm,"59,3144388","18,0844703",
Powerfit Gymnastics,community_services_non_profits,https://powerfitgymnastics.se/,2,,Stockholm,"59,295717","18,100575",
PPI Swedia,community_services_non_profits,https://twitter.com/ppiswedia,2,,Stockholm,"59,33173","18,04942",
Praktisk Solidaritet,community_services_non_profits,http://www.praktisksolidaritet.se/,2,,Stockholm,"59,3112157","18,0986241",
Prevent - Arbetsmiljö i samverkan,community_services_non_profits,http://www.prevent.se/,2,,Stockholm,"59,31361","18,06941",
Prins Carl Philips och Prinsessan Sofias stiftelse,community_services_non_profits,https://prinsparetsstiftelse.se/,2,,Stockholm,"59,32612","18,06949",
PRO Pensionärernas riksorganisation,community_services_non_profits,https://pro.se/,2,,Stockholm,"59,3219798","18,0735482",
PRO Stockholms län,community_services_non_profits,http://pro.se/stockholm,2,,Stockholm,"59,2971078","18,0900746",
Protus,community_services_non_profits,http://www.protus.se/,2,,Stockholm,"59,34206","18,04829",
Psoriasisförbundet,community_services_non_profits,http://www.psoriasisforbundet.se/,2,,Stockholm,"59,3175","18,06597",
Psykets Elevkår - Psykologigymnasiet,community_services_non_profits,Ingen webbplats,2,,Stockholm,"59,33757","18,02855",
Publicistklubben,community_services_non_profits,http://www.publicistklubben.se/,2,,Stockholm,"59,33252","18,05235",
Pyramidens SK,community_services_non_profits,https://pyramidenssk.se/,2,,Stockholm,"59,3118128","18,0755779",
Qrut,community_services_non_profits,http://www.qrut.se/,2,,Stockholm,"59,317084","18,0604318",
Radio Ashti,community_services_non_profits,http://radioasti.org/index.php,2,radio channel broadcasted from greece,Stockholm,"59,38182","17,898394",
Radio Chakavak,community_services_non_profits,http://www.radiochakavak.com/,2,,Stockholm,"59,40838","17,93988",
Radiohusen,community_services_non_profits,http://www.radiohusen.se/,2,,Stockholm,"59,3665052","17,8268049",
Randiga Huset,community_services_non_profits,https://www.randigahuset.se/,2,,Stockholm,"59,3449","18,097688",
Rastplats söder,community_services_non_profits,https://www.rastplatssoder.se/,2,,Stockholm,"59,31632","18,073359",
RBU Stockholm,community_services_non_profits,http://www.stockholm.rbu.se/,2,,Stockholm,"59,333861","18,028261",
RBUF Stockholm,community_services_non_profits,http://rbuf.se/stockholm,2,,Stockholm,"59,316497","18,07291",
Read Hour Sverige,community_services_non_profits,https://readhoursverige.se/,2,,Stockholm,"59,34318","18,05305",
REDE - Respekt Empati Djur Etik,community_services_non_profits,https://rede.se/,2,,Stockholm,"59,3009","18,09273",
Refugees Welcome Stockholm,community_services_non_profits,http://refugeeswelcomestockholm.se/stod-oss/,2,,Stockholm,"59,2988658","17,9964401",
Regnbågens seniorboende,community_services_non_profits,http://regnbagen.net/,2,,Stockholm,"59,3471023","18,1043623",
Republikanska föreningen,community_services_non_profits,http://www.republikanskaforeningen.se/,2,,Stockholm,"59,3252945","18,0683422",
RESCUE - Sverige,community_services_non_profits,https://se.rescue.org/,2,,Stockholm,"59,3012419","18,0832744",
Resenärerna,community_services_non_profits,http://www.resenarsforum.se/,2,,Stockholm,"59,3296241","18,0590556",
Retina Sverige,community_services_non_profits,http://retina-sverige.se/,2,,Stockholm,"59,30945","18,07673",
Reumatikerförbundet,community_services_non_profits,http://www.reumatiker.se/,2,,Stockholm,"59,2943353","18,0795192",
Reumatikerföreningen Stockholm,community_services_non_profits,Ingen webbplats,2,,Stockholm,"59,308853","18,0918534",
REV - Riksförbundet Enskilda Vägar,community_services_non_profits,http://www.revriks.se/,2,,Stockholm,"59,3326128","18,0852173",
RFHL UNG,community_services_non_profits,http://www.rfhl.se,2,,Stockholm,"59,329743","18,018795",
RFSL Stockholm,community_services_non_profits,https://rfslstockholm.se/,2,,Stockholm,"59,3132895","18,1009948",
RFSU,community_services_non_profits,https://rfsu.se/,2,,Stockholm,"59,3144201","18,0709648",
Riksförbundet Attention,community_services_non_profits,http://attention.se/,2,,Stockholm,"59,3093","18,02829",
Riksförbundet frivilliga samhällsarbetare - RFS,community_services_non_profits,http://www.rfs.se/,2,,Stockholm,"59,3448253","18,0474102",
"Riksförbundet för Social och Mental Hälsa, RSMH",community_services_non_profits,http://www.rsmh.se,2,,Stockholm,"59,3056369","17,9843932",
Riksförbundet Hjärnkoll,community_services_non_profits,http://www.hjarnkoll.se/,2,,Stockholm,"59,3116676","18,0588528",
Riksförbundet HjärtLung,community_services_non_profits,http://www.hjart-lung.se/,2,,Stockholm,"59,3168456","18,0619052",
Riksförbundet M Sverige,community_services_non_profits,https://msverige.se/,2,,Stockholm,"59,3331026","18,0296801",
Riksförbundet Noaks Ark,community_services_non_profits,http://www.noaksark.org/,2,,Stockholm,"59,3322924","18,0581285",
Riksroverscoutkommitten - ROKO,community_services_non_profits,http://www.roko.se/,2,,Stockholm,"59,305967","17,991566",
Rise,community_services_non_profits,https://rise-sverige.se/fa-stod/bli-medlem/,2,,Stockholm,"59,293326","18,111023",
RME - Riksförbundet för ME-patienter,community_services_non_profits,http://www.rme.nu/,2,,Stockholm,"59,33386","18,02826",
Rocka sockorna,community_services_non_profits,http://rockasockorna.se/,2,,Stockholm,"59,3355","18,0891",
Roddarklubben (Djurgården),community_services_non_profits,Ingen webbplats,2,,Stockholm,"59,3306523","18,1287622",
Rojalistiska Föreningen,community_services_non_profits,https://www.rojf.se/,2,,Stockholm,"59,3417756","18,0851051",
Rollbounce Idrottsförening,community_services_non_profits,http://www.rollbounce.se/,2,,Stockholm,"59,26831","18,01298",
Rotary Stockholm Gamla Stan,community_services_non_profits,https://stockholm-gamla-stan.rotary2355.se/sv/,2,,Stockholm,"59,322981","18,072546",
Rotary Stockholms Västra,community_services_non_profits,http://www.rotary.se/stockholms-vastra,2,,Stockholm,"59,331129","18,069733",
RPG,community_services_non_profits,https://rpg.org.se/,2,,Stockholm,"59,339487","18,014327",
RSMH Söder om Söder,community_services_non_profits,http://www.rsmhsos.se/,2,,Stockholm,"59,2623348","18,0805329",
Ruffen (HSS),community_services_non_profits,Ingen webbplats,2,,Stockholm,"59,3632299","17,8220062",
Running For Shelter,community_services_non_profits,http://www.runningforshelter.se/,2,,Stockholm,"59,29429","18,07977",
Rydbergsgastarna,community_services_non_profits,http://rydbergsgastarna.se/,2,,Stockholm,"59,33029","18,07731",
Rädda Barnen,community_services_non_profits,http://www.raddabarnen.se/,2,,Stockholm,"59,3289066","17,984852",
Röda Korset Kungsholmen,community_services_non_profits,https://www.rodakorset.se/stockholm/,2,,Stockholm,"59,3306134","18,0299721",
Röda Korset NorrmalmÖstermalm,community_services_non_profits,http://rodakorset.se/,2,,Stockholm,"59,34051","18,05033",
Röda Korset på Södermalm,community_services_non_profits,http://www3.redcross.se/templates/Page____5882.aspx,2,,Stockholm,"59,317897","18,043203",
Röda Korsets Hus Stockholm,community_services_non_profits,https://www.rodakorset.se/ort/stockholm/stockholms-stad/verksamheter/tillgang-till-dusch-tvatt-ev.-klader-samt-mat-i-rodakorshuset-kungens-kurva-skarholmen,2,,Stockholm,"59,295376","17,940802",
S:t Lukas,community_services_non_profits,http://www.sanktlukas.se/,2,,Stockholm,"59,33663","18,0659199",
Saco,community_services_non_profits,http://www.saco.se/,2,,Stockholm,"59,3235033","18,0689394",
Samfundet S:t Erik,community_services_non_profits,http://www.samfundetsterik.se/,2,,Stockholm,"59,3250314","18,0725571",
Samfundet Sverige-Färöarna,community_services_non_profits,http://samfundet-sverige-faroarna.se/,2,,Stockholm,"59,3452261","17,8865361",
Samhällsbyggarna,community_services_non_profits,http://www.samhallsbyggarna.org/,2,,Stockholm,"59,3182558","18,0780305",
Samhällsbyggnadslänken,community_services_non_profits,http://www.samhallsbyggnadslanken.se/,2,,Stockholm,"59,3499","18,06911",
Samhällsvetenskapliga Föreningen,community_services_non_profits,http://www.sf.su.se/,2,,Stockholm,"59,3648561","18,0548752",
Samverkan mot brott - Grannsamverkan,community_services_non_profits,http://samverkanmotbrott.se/,2,,Stockholm,"59,31196","18,05861",
Sane - Förbundet autoimmuna encefaliter med psykiatrisk presentation,community_services_non_profits,http://www.sane.nu/,2,,Stockholm,"59,28331","18,08243",
"Saneringsföretagens Riksförbund, Sfr",community_services_non_profits,http://www.sfrsanering.se,2,,Stockholm,"59,340848","18,076283",
Sankt Eriks Budoklubb - självförsvar,community_services_non_profits,http://www.sebk.nu/,2,,Stockholm,"59,3141202","18,0829075",
Scalas Hundhjälp,community_services_non_profits,http://scalas-hundhjalp.webnode.se/,2,,Stockholm,"59,27753","17,89151",
Scandinavia Gate 13,community_services_non_profits,http://www.scandinavia13.com/,2,,Stockholm,"59,28675","18,11058",
Scanmar-Scannerförbundet,community_services_non_profits,http://www.scanmarscanner.se/,2,,Stockholm,"59,26369","18,03577",
Schizofreniförbundet,community_services_non_profits,http://www.schizofreniforbundet.se/,2,,Stockholm,"59,3278243","18,0521481",
Schysst Jul,community_services_non_profits,https://www.svalorna.se/schysst-jul,2,,Stockholm,"59,33876","18,06013",
SD Stockholms läns Distriktskansli,community_services_non_profits,https://stockholmslan.sd.se/,2,,Stockholm,"59,4064066","17,9525151",
SDUR - Stockholms Dövas Ungdomsråd,community_services_non_profits,http://www.sdur.se/,2,,Stockholm,"59,2934679","18,0756063",
"Seamans Mission - Stockholm, Sweden",community_services_non_profits,www.sjomanskyrkan.com,2,,Stockholm,"59,3435014","18,1158887",
Sefif,community_services_non_profits,http://www.sefif.se/,2,,Stockholm,"59,33029","18,07731",
Seko,community_services_non_profits,www.seko.se,2,,Stockholm,"59,336505","18,057412",
SEKO Lokförarna SJ Stockholm,community_services_non_profits,http://www.klubb106.se/,2,,Stockholm,"59,33058","18,05744",
"Seko, Service- och kommunikationsfacket",community_services_non_profits,http://www.seko.se/,2,,Stockholm,"59,3439223","18,0531843",
SeniorNet Södermalm,community_services_non_profits,https://snso.se/,2,,Stockholm,"59,313457","18,0571377",
Sensus studieförbund,community_services_non_profits,https://sensus.se/,2,,Stockholm,"59,314221","18,0721947",
Sexperterna,community_services_non_profits,http://www.sexperterna.org/,2,,Stockholm,"59,3129069","18,1016021",
SFS - Sveriges förenade studentkårer,community_services_non_profits,http://www.sfs.se/,2,,Stockholm,"59,3135323","18,0792048",
Shifo,community_services_non_profits,http://www.shifo.org/,2,,Stockholm,"59,23722","18,11109",
Signhammer,community_services_non_profits,http://www.fhdbf.se/signhammer/,2,,Stockholm,"59,28784","17,96203",
"SILC, Swedish International Liberal Centre",community_services_non_profits,http://www.silc.se/,2,,Stockholm,"59,3199224","18,0585571",
SISU Idrottsutbildarna,community_services_non_profits,http://www.sisuidrottsutbildarna.se/,2,,Stockholm,"59,3054844","18,0788014",
SITE Sweden,community_services_non_profits,Ingen webbplats,2,,Stockholm,"59,2412956","18,1079459",
sjalvforsvar.nu,community_services_non_profits,http://www.sjalvforsvar.nu/,2,,Stockholm,"59,319536","18,054984",
Självförsvarsakademin,community_services_non_profits,http://www.sjalvforsvarsakademin.se/,2,,Stockholm,"59,29006","17,99868",
Sjöräddningssällskapet RS Stockholm,community_services_non_profits,http://www.sjoraddning.se/stockholm,2,,Stockholm,"59,3039601","18,0812853",
Sjöscouterna,community_services_non_profits,Ingen webbplats,2,,Stockholm,"59,3369586","17,8867169",
Sjöscoutkåren Drakarna,community_services_non_profits,http://www.drakarna.se,2,,Stockholm,"59,3299753","17,962865",
Sjöscoutkåren S:t Görans Scoutcafé,community_services_non_profits,http://www.stgscout.se/,2,,Stockholm,"59,3251588","18,0185862",
Sjövärnskåren,community_services_non_profits,http://www.sjovarnskaren.se/,2,,Stockholm,"59,33029","18,07731",
SK Neptun Konstsim,community_services_non_profits,http://www.skneptun.se/,2,,Stockholm,"59,3066976","18,0772959",
Skogsliljans Samfällighet,community_services_non_profits,http://www.kvickrotsgrand.se/,2,,Stockholm,"59,38394","17,81328",
Skogsluffarnas OK,community_services_non_profits,http://www.skogsluffarna.se/,2,,Stockholm,"59,2704845","18,1484883",
Skolungdomens i Stockholm Skytteförening,community_services_non_profits,http://www.skolungdomensskytte.se/,2,,Stockholm,"59,2393018","18,0847649",
Skoopi,community_services_non_profits,http://www.skoopi.coop/,2,,Stockholm,"59,3240101","18,0745472",
Skrapans gemensamhetslokal,community_services_non_profits,http://www.hgfskrapan.se/,2,,Stockholm,"59,31204","18,07397",
Skyddsvärnet - anno 1910,community_services_non_profits,http://www.skyddsvarnet.se/,2,,Stockholm,"59,31539","18,07101",
Skärgårdens Trafikantförening,community_services_non_profits,http://www.skargardstrafikanten.se/,2,,Stockholm,"59,3421687","18,0835874",
Skärgårdsstiftelsen,community_services_non_profits,http://www.skargardsstiftelsen.se/,2,,Stockholm,"59,3261973","18,0808043",
SLHF,community_services_non_profits,https://slhf.nu/,2,,Stockholm,"59,325818","18,011737",
Släktforskning,community_services_non_profits,http://www.sv.se/stockholm,2,,Stockholm,"59,314905","18,074539",
SMC Stockholm,community_services_non_profits,https://www.svmc.se/,2,,Stockholm,"59,300736","18,081844",
Smultronets Korttidstillsyn,community_services_non_profits,http://www.stockholm.se/Fristaende-webbplatser/Stadsdelssajter/Rinkeby-Kista/Barn-och-unga-vuxna-med-funktionsnedsattning/Smultronet-Korttidstillsyn/,2,,Stockholm,"59,4125448","17,9119053",
Snitts,community_services_non_profits,http://www.snitts.se/,2,,Stockholm,"59,3341329","18,0610864",
SNS,community_services_non_profits,http://www.sns.se,2,,Stockholm,"59,3348237","18,0704457",
Snösätra Norra Fritidsträdgårdsförening,community_services_non_profits,http://www.snosatranorra.se/,2,,Stockholm,"59,2549699","18,0294174",
Social Initiative,community_services_non_profits,http://www.socialinitiative.se/,2,,Stockholm,"59,3364887","18,0831043",
Social Venture Network Sweden - SVN Sweden,community_services_non_profits,http://www.svnsweden.se/,2,,Stockholm,"59,3237991","18,0687594",
Sociala Missionen,community_services_non_profits,http://www.socialamissionen.se/,2,,Stockholm,"59,3163893","18,0729467",
Socialt center Husby,community_services_non_profits,Ingen webbplats,2,,Stockholm,"59,40921","17,9267",
SOL-cupen,community_services_non_profits,https://sol-cupen.se/,2,,Stockholm,"59,30291","18,01621",
Somaliska riksförbundet i Sverige - SRFS,community_services_non_profits,http://srfs.se/,2,,Stockholm,"59,4054129","17,9455736",
SOS Barnbyar,community_services_non_profits,http://www.sos-barnbyar.se/,2,,Stockholm,"59,3166791","18,0517283",
Special Olympics Sweden,community_services_non_profits,http://www.specialolympics.se/,2,,Stockholm,"59,305341","18,0790222",
Spelberoendes förening Stockholm,community_services_non_profits,http://www.spelberoende.se/foreningar-och-stodgrupper/stockholm/,2,,Stockholm,"59,3543181","18,1003069",
SPF Karlaplan,community_services_non_profits,http://www.spf.se/karlaplan,2,,Stockholm,"59,333672","18,094543",
SPF Seniorerna,community_services_non_profits,http://www.spfseniorerna.se/,2,,Stockholm,"59,3155342","18,0344198",
SPF Seniorerna Stockholmsdistr.,community_services_non_profits,https://www.spfseniorerna.se/stockholmsdistriktet,2,,Stockholm,"59,34111","18,05861",
Spinnhuset,community_services_non_profits,http://gotasegelsallskap.se/,2,,Stockholm,"59,3206859","18,0267142",
SPK Svenska Pudelklubbens Stockholmssektion,community_services_non_profits,https://pudelklubben.se/stockholmssektionen/,2,,Stockholm,"59,2619781","18,0838108",
Sponsrings & Eventsverige,community_services_non_profits,https://ses.se/,2,,Stockholm,"59,34496","18,04914",
Sport Campus Sweden,community_services_non_profits,http://www.sportcampussweden.se/,2,,Stockholm,"59,2425315","18,0937276",
Sportfiskarna,community_services_non_profits,http://www.sportfiskarna.se/,2,,Stockholm,"59,337427","17,990183",
"SPRF, Sveriges Pensionärers Riksförbund",community_services_non_profits,http://www.sprf.se/,2,,Stockholm,"59,3394455","18,0142631",
Språkkraft,community_services_non_profits,http://www.sprakkraft.org/,2,,Stockholm,"59,33074","18,0355",
Spånga Handboll,community_services_non_profits,http://www.spangahandboll.se/,2,,Stockholm,"59,3795655","17,8249916",
Spånga IOGT,community_services_non_profits,Ingen webbplats,2,,Stockholm,"59,3964","17,90135",
Spårvagnsstäderna,community_services_non_profits,http://www.sparvagnsstaderna.se/,2,,Stockholm,"59,3296089","18,0591793",
SRAT,community_services_non_profits,https://www.srat.se/,2,,Stockholm,"59,3351211","18,0659683",
Srtvif,community_services_non_profits,http://srtvif.se/,2,,Stockholm,"59,336749","18,102755",
SS Orion,community_services_non_profits,https://www.ss-orion.se/,2,,Stockholm,"59,3268333","18,0805167",
SSA,community_services_non_profits,https://www.surfforbundet.se/,2,,Stockholm,"59,3470934","18,0530233",
SSB - Segel Sällskapet Brunnsviken,community_services_non_profits,http://www.ssb.nu/,2,,Stockholm,"59,3538456","18,0518806",
SSE Master Club,community_services_non_profits,http://www.sasse.se/student/entertainment/get-involved/master-club,2,,Stockholm,"59,3417558","18,0571238",
SSF Stöldskyddsföreningen,community_services_non_profits,https://www.stoldskyddsforeningen.se/,2,,Stockholm,"59,3120493","18,0583145",
ST inom Kriminalvården,community_services_non_profits,https://st.org/,2,,Stockholm,"59,3489357","18,1037098",
ST inom universitets- och högskoleområdet,community_services_non_profits,http://st.org/universitet,2,,Stockholm,"59,34137","18,07674",
Stallmästaregårdens Båtsällskap SBS,community_services_non_profits,http://www.sbsbrunnsviken.se/,2,,Stockholm,"59,3521367","18,0455568",
Stamningsförbundet,community_services_non_profits,http://www.stamning.se/,2,,Stockholm,"59,3463383","18,1033136",
STAR - Stockholms amatörastronomer,community_services_non_profits,https://www.starastro.org/,2,,Stockholm,"59,34184","18,0545",
Star for Life,community_services_non_profits,http://www.starforlife.org/,2,,Stockholm,"59,33197","18,05773",
Stiftelsen Expo,community_services_non_profits,http://www.expo.se/,2,,Stockholm,"59,326844","18,0192872",
Stiftelsen For Sverige O Kristen Tro,community_services_non_profits,Ingen webbplats,2,,Stockholm,"59,344167","18,048097",
Stiftelsen för Strategisk Forskning,community_services_non_profits,http://www.strategiska.se/,2,,Stockholm,"59,3330365","18,0544309",
Stiftelsen IFS,community_services_non_profits,http://www.ifs.a.se/,2,,Stockholm,"59,327401","18,045934",
Stiftelsen Institutet For Foretagsledning,community_services_non_profits,http://www.ifl.se,2,,Stockholm,"59,3410379","18,0576194",
Stiftelsen Isaak Hirschs Minne,community_services_non_profits,https://sihm.se/,2,,Stockholm,"59,335718","18,0263325",
Stiftelsen Läxhjälpen,community_services_non_profits,http://www.laxhjalpen.se,2,,Stockholm,"59,3186389","18,0760278",
Stiftelsen Malmgarden Vita Bergen,community_services_non_profits,Ingen webbplats,2,,Stockholm,"59,3109626","18,0865329",
Stiftelsen Riksbankens Jubileumsfond,community_services_non_profits,http://www.rj.se/,2,,Stockholm,"59,332442","18,07201",
Stiftelsen Svenska Institutet,community_services_non_profits,http://www.sia.gr,2,,Stockholm,"59,332451","18,082029",
Stiftelsen Svenskt Demenscentrum,community_services_non_profits,http://www.unganhorig.se/,2,,Stockholm,"59,3496906","18,0472403",
Stiftelsen Swecare,community_services_non_profits,http://www.swecare.se/Swe/KONTAKT,2,,Stockholm,"59,3412762","18,0577939",
Stiftelsen Tysta Skolan,community_services_non_profits,http://www.tystaskolan.se,2,,Stockholm,"59,3398824","18,0778485",
Stockholm Downtown Rotaryklubb,community_services_non_profits,http://www.rotary.se/stockholm-strand,2,,Stockholm,"59,330168","18,076726",
Stockholm Game Development Hub-SGDH,community_services_non_profits,http://sgdh.org/,2,no website,Stockholm,"59,3276901","18,0382996",
Stockholm Koryukan,community_services_non_profits,Ingen webbplats,2,,Stockholm,"59,31209","18,069016",
Stockholm Pride,community_services_non_profits,https://www.stockholmpride.org/,2,,Stockholm,"59,3465625","18,0833967",
Stockholm Årsta,community_services_non_profits,Ingen webbplats,2,,Stockholm,"59,2967762","18,0511115",
Stockholm-Fryshuset Rotaryklubb,community_services_non_profits,https://stockholm-fryshuset.rotary2355.se/sv/,2,,Stockholm,"59,300703","18,088533",
Stockholm-Västerled Rotaryklubb,community_services_non_profits,https://www.rotary.se/stockholm-vasterled/home,2,,Stockholm,"59,33165","17,986356",
Stockholm12,community_services_non_profits,http://www.stockholm12.se/,2,,Stockholm,"59,3173841","18,0653286",
Stockholmare United - att höras och höra till,community_services_non_profits,http://www.hrf.se/stockholmareunited,2,,Stockholm,"59,30884","18,09184",
Stockholms Bilkår,community_services_non_profits,http://bilkaren.se/bilkar/stockholm/,2,,Stockholm,"59,342086","18,1122279",
Stockholms Bordtennisförbund,community_services_non_profits,http://www.stbtf.se/,2,,Stockholm,"59,3133798","18,0251041",
Stockholms Byggnadsförening,community_services_non_profits,https://www.sthbyggnadsforening.se/,2,,Stockholm,"59,334086","18,0709149",
Stockholms Dövas Förening,community_services_non_profits,http://www.stockholmsdf.se/,2,,Stockholm,"59,333226","17,9790495",
Stockholms FN-förening,community_services_non_profits,http://www.fn.se/stockholm,2,,Stockholm,"59,30123","18,10324",
Stockholms Fältrittklubb SFK,community_services_non_profits,http://www.stockholmsfaltrittklubb.se/,2,,Stockholm,"59,351385","18,085825",
Stockholms Handelskammare,community_services_non_profits,http://www.stockholmshandelskammare.se/,2,,Stockholm,"59,3320866","18,0680404",
Stockholms Ishockeyförbund,community_services_non_profits,http://www.stockholmhockey.se/,2,,Stockholm,"59,2942559","18,068741",
Stockholms Kappsimningsklubb,community_services_non_profits,http://www.kappis.se/,2,,Stockholm,"59,3421039","17,9285789",
Stockholms Kennelklubb,community_services_non_profits,http://www.stokk.se/,2,,Stockholm,"59,3457035","18,0988648",
Stockholms läns 4H,community_services_non_profits,https://www.4h.se/stockholm/,2,,Stockholm,"59,32486","18,07093",
Stockholms länsnykterhetsförbund ,community_services_non_profits,http://www.stockholmslansnykterhetsforbund.se/,2,,Stockholm,"59,33056","18,06141",
Stockholms Makalösa Föräldrar,community_services_non_profits,http://www.makalosa.org/,2,,Stockholm,"59,3304673","18,0614361",
Stockholms Naturskyddsförening,community_services_non_profits,http://stockholm.naturskyddsforeningen.se/,2,,Stockholm,"59,34496","18,04914",
Stockholms Psykiaterförening,community_services_non_profits,Ingen webbplats,2,,Stockholm,"59,335246","18,017921",
Stockholms skid- och snowboardskola,community_services_non_profits,https://www.stockholmsskidskola.se/,2,,Stockholm,"59,3013","18,1095",
Stockholms Snooker & Billiardsklubb,community_services_non_profits,Ingen webbplats,2,,Stockholm,"59,31704","18,05316",
Stockholms Studenthyresgästers Förening,community_services_non_profits,http://www.ssfstudent.se/,2,,Stockholm,"59,33527","18,10024",
Stockholms Tjejjour,community_services_non_profits,http://www.stockholmstjejjour.nu/,2,,Stockholm,"59,3188","18,07536",
Stockholmspolisens IF Simförening,community_services_non_profits,http://www.polisensimning.se/,2,,Stockholm,"59,3044651","18,0756957",
Stoppa SLs planer för Hammarbydepån,community_services_non_profits,Ingen webbplats,2,,Stockholm,"59,293842","18,094866",
Stora Fågelsången,community_services_non_profits,Ingen webbplats,2,,Stockholm,"59,3133588","18,0078786",
Stora Sköndal Björkgården,community_services_non_profits,http://www.storaskondal.se/vara-verksamheter/aldreomsorg-hos-stora-skondal/boende-yngre-demenssjuka/,2,,Stockholm,"59,25199","18,12787",
Stora Sköndal Dagliljan,community_services_non_profits,http://www.storaskondal.se/vara-verksamheter/daglig-verksamhet-yngre-demenssjuka/,2,,Stockholm,"59,25746","18,12199",
Storsthlm,community_services_non_profits,http://www.storsthlm.se/,2,,Stockholm,"59,3137351","18,0700104",
Strokeförbundet,community_services_non_profits,http://www.strokeforbundet.se/,2,,Stockholm,"59,27319","17,90686",
Student Council Sundbyberg,community_services_non_profits,http://it-gymnasiet.se/,2,,Stockholm,"59,372202","17,936919",
Student i Vision,community_services_non_profits,http://vision.se/student,2,,Stockholm,"59,335895","18,066379",
Studentkåren DISK,community_services_non_profits,http://disk.su.se/,2,,Stockholm,"59,4076301","17,9457428",
Städa Sverige - Idrottens miljöorganisation,community_services_non_profits,http://www.stadasverige.se/,2,,Stockholm,"59,3022232","18,0894534",
Suicide Rescue,community_services_non_profits,http://www.suiciderescue.se/,2,,Stockholm,"59,3469723","18,0377401",
Suicide Zero,community_services_non_profits,http://www.suicidezero.se/,2,,Stockholm,"59,329501","18,0606863",
Sundberg Health and Capacity Development Initiatives,community_services_non_profits,Ingen webbplats,2,,Stockholm,"59,3298","18,0615",
Suntarbetsliv,community_services_non_profits,http://www.suntarbetsliv.se/,2,,Stockholm,"59,3333179","18,0604335",
Superform,community_services_non_profits,https://sites.google.com/view/superform/home,2,,Stockholm,"59,3619212","18,0590678",
Sustainergies,community_services_non_profits,http://www.sustainergies.se/,2,,Stockholm,"59,3416889","18,0643938",
Svalorna Latinamerika,community_services_non_profits,http://www.svalorna.se/,2,,Stockholm,"59,3093635","18,0969506",
Svealands Kustvattenvårdsförbund - SKVVF,community_services_non_profits,http://www.skvvf.se/,2,,Stockholm,"59,3133299","18,0701664",
Svensk Basket,community_services_non_profits,http://www.basket.se/,2,,Stockholm,"59,30555","18,0789",
Svensk Chefsförening,community_services_non_profits,http://www.svenskchefsforening.se/,2,,Stockholm,"59,33927","18,014595",
Svensk Förening för Integrativ Medicin och Hälsa,community_services_non_profits,http://www.fimh.se/,2,,Stockholm,"59,30111","18,08337",
Svensk Insamlingskontroll,community_services_non_profits,http://www.insamlingskontroll.se/,2,,Stockholm,"59,3352378","18,0830083",
Svensk Pilotförening,community_services_non_profits,http://www.swealpa.se,2,,Stockholm,"59,3362589","18,0512596",
Svensk sjuksköterskeförening,community_services_non_profits,http://www.swenurse.se/,2,,Stockholm,"59,3452706","18,0682886",
Svensk Travsport,community_services_non_profits,http://www.travsport.se/,2,,Stockholm,"59,3533959","17,9180241",
Svensk-kubanska föreningen,community_services_non_profits,http://www.svensk-kubanska.se/,2,,Stockholm,"59,309309","18,09697",
Svenska Afghanistankommittén,community_services_non_profits,https://sak.se/kommenteringsregler/,2,,Stockholm,"59,3089399","18,0912717",
Svenska Astronomiska Sällskapet,community_services_non_profits,http://www.astronomiska.se/,2,,Stockholm,"59,35349","18,05796",
Svenska Bankföreningen,community_services_non_profits,https://www.financesweden.se/,2,,Stockholm,"59,3301133","18,0765722",
Svenska Bergteknikföreningen,community_services_non_profits,https://www.svbergteknik.se/hem,2,,Stockholm,"59,3408742","18,0763346",
Svenska Burmakommittén,community_services_non_profits,http://www.burmakommitten.org/,2,,Stockholm,"59,3262094","18,0739602",
Svenska Byggnadsvårdsföreningen,community_services_non_profits,http://www.byggnadsvard.se/,2,,Stockholm,"59,3385173","18,0427494",
Svenska Båtunionen,community_services_non_profits,http://batunionen.se/,2,,Stockholm,"59,32247","18,10396",
Svenska Celiakiförbundet,community_services_non_profits,http://www.celiaki.se/,2,,Stockholm,"59,315869","18,0704609",
Svenska Diabetesförbundet,community_services_non_profits,http://diabetes.se/,2,,Stockholm,"59,2943345","18,079385",
Svenska Djurskyddsföreningen,community_services_non_profits,http://www.djurskydd.org/,2,,Stockholm,"59,2771329","18,0941377",
Svenska Downföreningen,community_services_non_profits,http://www.svenskadownforeningen.se/,2,,Stockholm,"59,3354752","18,0890524",
Svenska Ducatiklubben RegionStockholm,community_services_non_profits,http://www.ducatiklubben.se/,2,,Stockholm,"59,33614","18,05144",
Svenska Evangeliska Alliansen,community_services_non_profits,http://www.sea.nu/,2,,Stockholm,"59,342655","18,0587467",
Svenska FN-förbundet,community_services_non_profits,http://www.fn.se/,2,,Stockholm,"59,3130783","18,1014671",
Svenska Freds- och Skiljedomsföreningen,community_services_non_profits,http://www.svenskafreds.se/,2,,Stockholm,"59,3281344","18,0354943",
Svenska Frimurare Orden,community_services_non_profits,https://frimurarorden.se/,2,,Stockholm,"59,3305398","18,0774013",
Svenska Företagsläkarföreningen,community_services_non_profits,https://slf.se/svenska-foretagslakarforeningen-sflf/,2,,Stockholm,"59,342196","18,072749",
Svenska Lottakåren,community_services_non_profits,http://www.svenskalottakaren.se/,2,,Stockholm,"59,3118499","18,0612403",
Svenska Lottakårens kansli,community_services_non_profits,http://www.svenskalottakaren.se/,2,,Stockholm,"59,3235242","18,0689478",
Svenska Läkaresällskapet,community_services_non_profits,http://www.sls.se/,2,,Stockholm,"59,3315504","18,062451",
Svenska med baby,community_services_non_profits,http://www.svenskamedbaby.se/,2,,Stockholm,"59,2768711","18,1330521",
Svenska Minnesförbundet - Swedish Memory Sports Council,community_services_non_profits,http://www.minnesforbundet.se/,2,,Stockholm,"59,34243","18,0517",
Svenska missionsrådet,community_services_non_profits,http://www.smc.global/,2,,Stockholm,"59,332569","17,9830085",
Svenska Mobilkranföreningen,community_services_non_profits,http://www.mobilkranforeningen.se/,2,,Stockholm,"59,33142","18,06396",
Svenska PEFC,community_services_non_profits,http://www.pefc.se/,2,,Stockholm,"59,33918","18,01406",
Svenska PEN,community_services_non_profits,https://linktr.ee/svenskapen,2,,Stockholm,"59,3343363","18,0587111",
Svenska Pistolskytteförbundet,community_services_non_profits,http://www.pistolskytteforbundet.se/,2,,Stockholm,"59,3408964","18,1112704",
Svenska Postkodlotteriets Stiftelse,community_services_non_profits,http://www.postkodstiftelsen.se/,2,,Stockholm,"59,3301364","18,0551591",
Svenska Röda Korsets behandlingscenter i Stockholm,community_services_non_profits,http://www.redcross.se/rkcstockholm,2,,Stockholm,"59,33664","18,10131",
Svenska Vegetariska Föreningen,community_services_non_profits,http://www.vegetarian.se/,2,,Stockholm,"59,317554","18,0839407",
Svenska Västsaharakommittén,community_services_non_profits,http://svenskavastsaharakommitten.se/,2,,Stockholm,"59,32096","18,04666",
Svenskar i Världen,community_services_non_profits,http://www.sviv.se,2,,Stockholm,"59,3351982","18,0829792",
Svenskt Friluftsliv,community_services_non_profits,http://svensktfriluftsliv.se/,2,,Stockholm,"59,34369","17,96949",
Sverige för UNHCR,community_services_non_profits,http://www.sverigeforunhcr.se/,2,,Stockholm,"59,3117","18,05882",
Sverige-Amerika Stiftelsen,community_services_non_profits,Ingen webbplats,2,,Stockholm,"59,3358873","18,0757644",
Sveriges Civilförsvarsförbund,community_services_non_profits,http://www.civil.se/,2,,Stockholm,"59,357463","17,9534298",
Sveriges Ekonomföreningars Riksorganisation (S.E.R.O.),community_services_non_profits,http://www.smiekonomi.se/,2,,Stockholm,"59,33672","18,07912",
Sveriges Elevråd,community_services_non_profits,http://www.sverigeselevrad.se/om-oss/kontakt/,2,,Stockholm,"59,3054194","17,9832624",
Sveriges Farmaceuter,community_services_non_profits,https://www.sverigesfarmaceuter.se/,2,,Stockholm,"59,3341877","18,056268",
Sveriges Filatelistförbund,community_services_non_profits,http://www.filatelisten.se/,2,,Stockholm,"59,28088","18,0027",
Sveriges Franchisetagare,community_services_non_profits,http://www.sverigesfranchisetagare.se/,2,,Stockholm,"59,34941","18,0465",
Sveriges Ingenjörer,community_services_non_profits,https://www.sverigesingenjorer.se/,2,,Stockholm,"59,33505","18,06586",
Sveriges Kommunikationsbyråer,community_services_non_profits,http://www.komm.se/,2,,Stockholm,"59,3362516","18,0527606",
Sveriges Kommunikatörer,community_services_non_profits,http://www.sverigeskommunikatorer.se/,2,,Stockholm,"59,3196022","18,0732067",
Sveriges Konsumenter,community_services_non_profits,http://www.sverigeskonsumenter.se/,2,,Stockholm,"59,30111","18,08337",
Sveriges Kvinnoorganisationer,community_services_non_profits,https://sverigeskvinnoorganisationer.se/,2,,Stockholm,"59,3433484","18,0282074",
Sveriges Lions,community_services_non_profits,http://www.lions.se/,2,,Stockholm,"59,3331521","18,01233",
Sveriges läkarförbund Student,community_services_non_profits,http://www.slf.se/student,2,,Stockholm,"59,342153","18,072808",
Sveriges Marknadsförbund,community_services_non_profits,http://svemarknad.se/,2,,Stockholm,"59,33713","18,07944",
Sveriges Militära Kamratföreningars Riksförbund,community_services_non_profits,https://smkr.org/,2,,Stockholm,"59,3302296","18,077638",
Sveriges Muslimska Samfund,community_services_non_profits,https://smsamfund.se/,2,,Stockholm,"59,28409","17,92186",
Sveriges unga akademi,community_services_non_profits,https://www.sverigesungaakademi.se/,2,,Stockholm,"59,366481","18,051886",
Sveriges Veteranförbund,community_services_non_profits,https://www.sverigesveteranforbund.se/,2,,Stockholm,"59,3395569","18,081886",
Sveriges ZakatHuset بيت الزكاة السويدي,community_services_non_profits,http://www.zakathuset.se/,2,,Stockholm,"59,2689112","18,1254367",
Sveriges Ögonläkarförening,community_services_non_profits,Ingen webbplats,2,,Stockholm,"59,333959","18,039578",
"SVID, Stiftelsen Svensk Industridesign",community_services_non_profits,http://www.svid.se/,2,,Stockholm,"59,3251158","18,0845316",
SWE3 Amerikansk fotboll,community_services_non_profits,https://amerikanskfotboll.swe3.se/,2,,Stockholm,"59,30555","18,0789",
Sweden-China Trade Council - SCTC,community_services_non_profits,http://www.sctc.se/,2,,Stockholm,"59,3352868","18,0820846",
Swedish Bangla Academy,community_services_non_profits,Ingen webbplats,2,,Stockholm,"59,4039629","17,9407332",
Swedish International Agriculture Network Initiative,community_services_non_profits,http://www.siani.se/,2,,Stockholm,"59,3344994","18,0969906",
Swedma,community_services_non_profits,http://www.swedma.se/,2,,Stockholm,"59,3343901","18,0580052",
Swedsoft,community_services_non_profits,http://www.swedsoft.se/,2,,Stockholm,"59,3357794","18,080872",
Swedwatch,community_services_non_profits,http://www.swedwatch.org/,2,,Stockholm,"59,3085506","18,0759788",
Swesim,community_services_non_profits,http://www.swesim.se/,2,,Stockholm,"59,2938772","18,0478827",
SYLF,community_services_non_profits,http://www.sylf.se/,2,,Stockholm,"59,342579","18,073158",
Synskadades Riksförbund Stockholms Stad,community_services_non_profits,http://www.srf.nu/stockholm,2,,Stockholm,"59,3094477","18,0768115",
Syrianska Katolska kyrkan i Stockholm,community_services_non_profits,Ingen webbplats,2,,Stockholm,"59,4135108","17,9182301",
Syriska Föreningen i Stockholm,community_services_non_profits,http://www.syrf.se/,2,,Stockholm,"59,3707568","17,8593116",
Säkerhets- och försvarsföretagen - SOFF,community_services_non_profits,http://www.soff.se/,2,,Stockholm,"59,3357313","18,0808454",
Säljarnas,community_services_non_profits,http://www.saljarnas.se/,2,,Stockholm,"59,3354478","18,0309614",
Sällskapet,community_services_non_profits,http://www.sallskapet.se,2,,Stockholm,"59,3308001","18,0745302",
Sätra Båtsällskap,community_services_non_profits,http://www.satrabat.se/,2,,Stockholm,"59,2951765","17,9075682",
Sätra Ridsällskap,community_services_non_profits,Ingen webbplats,2,,Stockholm,"59,2923876","17,9044131",
Södermalms scoutkår,community_services_non_profits,http://sodermalm.scout.se/,2,,Stockholm,"59,3182047","18,028906",
Södertörns Bilkår,community_services_non_profits,http://www.sodertornsbilkar.se/,2,,Stockholm,"59,25975","18,00988",
Södra KFUK,community_services_non_profits,Ingen webbplats,2,,Stockholm,"59,3084083","18,0924265",
Tails Rescue Sweden,community_services_non_profits,http://www.tailsrescuesweden.org/,2,,Stockholm,"59,2915753","18,0447006",
Talknuten,community_services_non_profits,http://www.afasi.se/sprakstorning,2,,Stockholm,"59,34624","18,103249",
TAM-Arkiv,community_services_non_profits,http://tam-arkiv.se/,2,,Stockholm,"59,3394555","17,9743768",
Tandhälsoförbundet,community_services_non_profits,http://www.tf.nu/,2,,Stockholm,"59,3174643","18,0660464",
Tanto Seniorlokus Rosenlundsgatan 44 A,community_services_non_profits,Ingen webbplats,2,,Stockholm,"59,3135856","18,056724",
Tco,community_services_non_profits,https://www.tco.se/,2,,Stockholm,"59,3377165","18,0773381",
TeamTilia,community_services_non_profits,http://www.teamtilia.se/,2,,Stockholm,"59,31868","18,07075",
Teknikföretagen,community_services_non_profits,http://www.teknikforetagen.se/,2,,Stockholm,"59,3357472","18,080762",
Tempel Riddare Orden,community_services_non_profits,http://www.tempelriddareorden.se/,2,,Stockholm,"59,3372853","18,0548447",
Tensta Träff,community_services_non_profits,Ingen webbplats,2,,Stockholm,"59,3953168","17,8984575",
The Media Committee,community_services_non_profits,https://vimeo.com/mediacommittee/,2,,Stockholm,"59,340431","18,0575185",
The Strategic Public & Political Marketing Association,community_services_non_profits,Ingen webbplats,2,,Stockholm,"59,357288","18,054297",
Think Big Lectures,community_services_non_profits,http://www.thinkbiglectures.se/,2,,Stockholm,"59,404101","17,94344",
THS International,community_services_non_profits,http://thsint.se/,2,,Stockholm,"59,34711","18,07125",
Tidningen Hemvärnet,community_services_non_profits,http://www.tidningenhemvarnet.se/,2,,Stockholm,"59,3413935","18,0978",
Tjejzonen,community_services_non_profits,http://www.tjejzonen.se/,2,,Stockholm,"59,3453398","18,1114134",
Tolvan,community_services_non_profits,www.elektrosektionen.se,2,,Stockholm,"59,3476851","18,0730622",
Tostan Sverige,community_services_non_profits,http://www.tostan.se/,2,no website,Stockholm,"59,3455385","18,0850426",
Trafikutbildarnas Riksorganisation,community_services_non_profits,http://www.trafikutbildarna.com/,2,,Stockholm,"59,3387824","17,9466602",
Transammans,community_services_non_profits,http://www.transammans.se/,2,,Stockholm,"59,31539","18,07101",
Trygghetsstiftelsen,community_services_non_profits,http://www.tsn.se/,2,,Stockholm,"59,3353905","18,0671419",
Trä- och Möbelföretagen,community_services_non_profits,http://www.tmf.se/,2,,Stockholm,"59,3351966","18,0829793",
TSAF - Turkiska Student- och Akademikerföreningen,community_services_non_profits,http://www.tsaf.se/,2,,Stockholm,"59,34061","18,09676",
Tunga Infanteriföreningen,community_services_non_profits,http://www.tunga.nu/,2,,Stockholm,"59,33962","18,08163",
Tyresåns vattenvårdsförbund,community_services_non_profits,http://www.tyresan.se/,2,,Stockholm,"59,3502037","17,9673886",
Tällberg Foundation,community_services_non_profits,http://www.tallbergfoundation.org/,2,,Stockholm,"59,332998","18,0750122",
UBI Global,community_services_non_profits,http://ubi-global.com/,2,,Stockholm,"59,3310036","18,0575234",
Ucare KFUM,community_services_non_profits,https://distriktost.kfum.se/ucare/,2,,Stockholm,"59,33958","18,06229",
Ukrainian Volunteer Hub - Stockholm,community_services_non_profits,Ingen webbplats,2,,Stockholm,"59,3511548","18,0521567",
UN Women Sverige,community_services_non_profits,http://www.unwomen.se/,2,,Stockholm,"59,3340368","18,0661449",
Understen,community_services_non_profits,http://lh-understen.blogspot.se/,2,,Stockholm,"59,283322","18,117766",
Ung Cancer,community_services_non_profits,http://www.ungcancer.se/,2,,Stockholm,"59,3116658","18,0585883",
UNg FN-förbundet,community_services_non_profits,http://fn.se/engagera-dig/for-dig-som-ar-ung/,2,,Stockholm,"59,320123","18,063489",
Ung Företagsamhet Stockholm,community_services_non_profits,http://www.ungforetagsamhet.se/stockholm,2,,Stockholm,"59,3398362","18,0580477",
Ung Företagsamhet Sverige,community_services_non_profits,http://www.ungforetagsamhet.se/,2,,Stockholm,"59,3351956","18,0829717",
Ung-arena,community_services_non_profits,Ingen webbplats,2,no website,Stockholm,"59,2925","17,93864",
Unga Aktiesparare,community_services_non_profits,https://bit.ly/3zJL4R9,2,,Stockholm,"59,3499521","18,0482411",
Unga Drogförebyggare,community_services_non_profits,http://www.ungadrogforebyggare.se/uk19,2,,Stockholm,"59,3315589","18,0624917",
Unga Forskare,community_services_non_profits,https://www.ungaforskare.se/,2,,Stockholm,"59,3664557","18,0521407",
Unga Hörselskadade,community_services_non_profits,http://www.uh.se/,2,,Stockholm,"59,4059236","17,9482725",
Unga innovatörer,community_services_non_profits,http://www.ungainnovatorer.se/,2,,Stockholm,"59,335664","18,0645731",
Unga Reumatiker,community_services_non_profits,http://www.ungareumatiker.se/,2,,Stockholm,"59,29429","18,07977",
Unga Örnar Stockholms Län,community_services_non_profits,http://www.stockholm.ungaornar.se/,2,,Stockholm,"59,339258","18,060563",
UNICEF Sverige,community_services_non_profits,https://www.unicef.se/,2,,Stockholm,"59,3353062","18,033493",
Unionen,community_services_non_profits,http://unionen.org/,2,,Stockholm,"59,298319","17,982434",
Unionen,community_services_non_profits,http://www.unionen.se/,2,,Stockholm,"59,3352745","18,0584583",
UrbanGround,community_services_non_profits,http://www.urbanground.se/,2,no website,Stockholm,"59,31508","18,05368",
UtbildningsStiftelsen,community_services_non_profits,https://www.utbildningsstiftelsen.org/,2,,Stockholm,"59,37982","17,88477",
Utrikespolitiska Föreningen Stockholm (UFStockholm),community_services_non_profits,https://www.flowcode.com/page/ufstockholm,2,,Stockholm,"59,3648344","18,0549005",
UUA - Universell Utformning av Arbetsplatser,community_services_non_profits,https://uua.se/,2,,Stockholm,"59,33918","18,01458",
Valberedningen,community_services_non_profits,http://f.kth.se/sektionen/valberedningen,2,,Stockholm,"59,3539883","18,0656862",
Valborg på Gläntan,community_services_non_profits,http://www.solhem.org/valborg-pa-glantan/,2,,Stockholm,"59,3773696","17,8836549",
Vattenhon 3,community_services_non_profits,Ingen webbplats,2,,Stockholm,"59,281335","18,091742",
Vetenskap & Allmänhet,community_services_non_profits,http://www.vetenskapallmanhet.se/,2,,Stockholm,"59,3361225","18,0760297",
Vgys Elevkår,community_services_non_profits,http://www.sverigeselevkarer.se/elevkar/att-vara-medlem/,2,,Stockholm,"59,29948","18,07683",
Vi Som Inte Röker,community_services_non_profits,http://visominteroker.se/,2,,Stockholm,"59,3174591","18,0839405",
"Villagatan 5, Läkarförbundet",community_services_non_profits,www.slf.se,2,,Stockholm,"59,342248","18,0729362",
Vinkällaren Oliven Järntorget,community_services_non_profits,Ingen webbplats,2,,Stockholm,"59,3227778","18,0733778",
Vinsta Scoutkår KFUM,community_services_non_profits,http://www.vinstascoutkar.se/,2,,Stockholm,"59,3682785","17,8495911",
Vipassanagruppen,community_services_non_profits,http://www.sangha.nu/,2,,Stockholm,"59,3134314","18,0899776",
Virserums Gille i Stockholm,community_services_non_profits,http://www.virserumsgille.se/,2,,Stockholm,"59,33137","18,03048",
Vision Bromma sdf,community_services_non_profits,http://www.vision.se/bromma,2,,Stockholm,"59,33092","17,98415",
Vision Farsta-Skarpnäck,community_services_non_profits,http://Vision.se/,2,,Stockholm,"59,24252","18,09358",
Vit Jul,community_services_non_profits,https://www.vitjul.se/,2,,Stockholm,"59,322336","17,985923",
Volontärbyrån,community_services_non_profits,http://www.volontarbyran.org/,2,,Stockholm,"59,32716","18,05115",
VRG Jarlaplans Elevkår,community_services_non_profits,http://www.vrg.se/gymnasium/vrg-jarlaplan/,2,,Stockholm,"59,3433371","18,0645331",
VYG Sweden,community_services_non_profits,https://linktr.ee/VYG.Sweden,2,,Stockholm,"59,3485493","18,0601715",
"Vår Affär, Attendo Skarpnäcks DV",community_services_non_profits,Ingen webbplats,2,,Stockholm,"59,26671","18,13124",
Vår Scouthistoria,community_services_non_profits,http://scouthistoria.se/,2,,Stockholm,"59,30511","17,98294",
Våra röster ska höras,community_services_non_profits,https://vararosterskahoras.se/,2,no website (and probably not relevant either way... but who knows?),Stockholm,"59,33386","18,02826",
Vårberg-Skärholmens scoutkår,community_services_non_profits,http://vbg-skhlm.scout.se/,2,,Stockholm,"59,27623","17,8800285",
Vård- och omsorgscollege Nationellt,community_services_non_profits,http://www.vo-college.se/,2,,Stockholm,"59,3189319","18,0686188",
Vårdförbundet,community_services_non_profits,https://www.vardforbundet.se/kontakt/,2,,Stockholm,"59,3370713","18,0597449",
Vårdföretagarna,community_services_non_profits,http://www.vardforetagarna.se/,2,,Stockholm,"59,33526","18,08302",
Vänskapsförbundet Sverige-Israel i Stockholm,community_services_non_profits,http://stockholm.sverigeisrael.se/,2,,Stockholm,"59,33194","18,07431",
Världens Barn,community_services_non_profits,http://www.varldensbarn.se/,2,,Stockholm,"59,3287834","17,9848542",
Värsta fördomen,community_services_non_profits,http://www.varstafordomen.se/,2,,Stockholm,"59,305057","17,982775",
W37,community_services_non_profits,Ingen webbplats,2,,Stockholm,"59,3360223","18,0518324",
War Child Sverige,community_services_non_profits,http://www.warchild.se/,2,,Stockholm,"59,3232286","18,0708468",
Wasa SK,community_services_non_profits,http://wasa.schack.se/,2,,Stockholm,"59,3477202","18,0483451",
Wikimedia Sverige,community_services_non_profits,http://wikimedia.se/,2,,Stockholm,"59,341504","18,0644743",
Wonsa - world of no sexual abuse,community_services_non_profits,http://www.wonsa.se/,2,,Stockholm,"59,31944","18,02481",
Yennenga Progress,community_services_non_profits,http://www.yennengaprogress.se/,2,,Stockholm,"59,3171161","18,0679471",
YFU Sweden,community_services_non_profits,http://www.yfu.se,2,,Stockholm,"59,3442258","18,0331497",
Yoga Girl Foundation,community_services_non_profits,https://www.yogagirlfoundation.com/,2,,Stockholm,"59,3383785","18,0930005",
YUMP Academy,community_services_non_profits,http://www.yumpnow.com/,2,,Stockholm,"59,327175","18,04576",
YWAM Transform,community_services_non_profits,http://www.ywamtransform.se/,2,,Stockholm,"59,3407696","18,0802445",
Årsta Motorbåtklubb,community_services_non_profits,http://www.ambk.se,2,,Stockholm,"59,3107865","18,0418362",
Årstavikens Segelsällskap,community_services_non_profits,http://www.xn--ss-xia.nu/,2,,Stockholm,"59,30447","18,06791",
ÅSS - Ångestföreningen i Stockholm,community_services_non_profits,http://www.angest-stockholm.se/,2,,Stockholm,"59,333779","18,0292229",
ÅttiotvåAn,community_services_non_profits,https://funktionsrattstockholmslan.se/lokalhyra/,2,,Stockholm,"59,3338827","18,0280071",
Äldrekontakt,community_services_non_profits,http://www.aldrekontakt.se/,2,,Stockholm,"59,3393282","18,0105677",
Örnsbergs Scoutkår,community_services_non_profits,https://www.ornsberg.org/,2,,Stockholm,"59,307424","17,9934718",
Östermalms Föreningsråd,community_services_non_profits,http://www.lokomalm.se,2,no website,Stockholm,"59,3397041","18,093662",
Östermalms Rotaryklubb,community_services_non_profits,https://www.rotary.se/stockholm-ostermalm/home/,2,,Stockholm,"59,343257","18,065133",
Östgruppen för demokrati och mänskliga rättigheter,community_services_non_profits,http://www.ostgruppen.se/,2,,Stockholm,"59,3093068","18,0968712",
Östra Sveriges Luftvårdsförbund,community_services_non_profits,http://www.oslvf.se/,2,,Stockholm,"59,3466626","18,0329872",
Översättarcentrum,community_services_non_profits,http://www.oversattarcentrum.se/,2,,Stockholm,"59,311772","18,081048",
"Общество ""Агни- Йоги Швеция""",community_services_non_profits,Ingen webbplats,2,,Stockholm,"59,34673","18,07161",
الدول الإسكندنافية Scandinavian,community_services_non_profits,http://www.plusmultico.com/,2,,Stockholm,"59,32934","18,04354",
Årets Kock,costume_museum,http://aretskock.se/,2,,Stockholm,"59,3301686","18,0543566",
Different Sounds project,cultural_center,https://www.differentsoundsproject.com/,2,lacks physical location,Stockholm,"59,3298","18,0615",
Elish Hub Stockholm,cultural_center,Ingen webbplats,2,seems to be closed or possibly changed name,Stockholm,"59,30717","18,07551",
Identitet,cultural_center,http://www.identitet.eu/,2,,Stockholm,"59,3462443","18,0650209",
Svenska Kulturcentret Lendas Kreta,cultural_center,Ingen webbplats,2,closed+ was in Greece,Stockholm,"59,275916","18,091193",
309,dance_club,Ingen webbplats,2,closed 2016?,Stockholm,"59,3364606","18,0733748",
90's forever,dance_club,http://www.90sforever.se/,2,closed 2019,Stockholm,"59,2926338","18,0802205",
Afrodesire,dance_club,https://www.instagram.com/afrodesire/,2,"band, arrangör ???",Stockholm,"59,37982","17,88477",
APAN,dance_club,Ingen webbplats,2,,Stockholm,"59,3135367","18,0792376",
Art Of Sound,dance_club,https://artofsound.club/,2,ingen egen lokal?,Stockholm,"59,3426003","17,9643631",
Astair,dance_club,http://stureplansgruppen.se/,2,samlingssida,Stockholm,"59,3363672","18,0722122",
Back a Yard Beats,dance_club,https://www.facebook.com/backayardbeats/,2,ingen egen lokal?,Stockholm,"59,32068","18,05617",
Back to the Sixties,dance_club,http://www.backtothesixties.se/,2,,Stockholm,"59,31827","18,0823",
Bambaataa Bambaataa,dance_club,http://BambaataaBambaataa.se/,2,,Stockholm,"59,3357722","18,0510306",
Bar Grön,dance_club,http://www.mp.se/stockholmsregionen,2,,Stockholm,"59,3186591","18,0751466",
Baras ställe,dance_club,http://www.baras.se/,2,samlingssida företagsgrupp restaurant,Stockholm,"59,3132452","18,070595",
Beats,dance_club,http://www.stockholmbeats.se,2,,Stockholm,"59,342726","18,058242",
Best Generation,dance_club,Ingen webbplats,2,closed 2020?,Stockholm,"59,33751","18,06974",
Birka Broomsticks,dance_club,Ingen webbplats,2,"closed 2011, träning, sport?",Stockholm,"59,3434345","18,0279377",
Black Diamond,dance_club,http://www.instagram.com/BlackDiamondRockClub,2,closed,Stockholm,"59,33466","18,0596",
BLANC Studios,dance_club,Ingen webbplats,2,digital butik?,Stockholm,"59,32867","18,06441",
Bollywood Dhamaka,dance_club,https://www.facebook.com/bollywooddhamaka.swe/?locale=sv_SE,2,ej egen lokal,Stockholm,"59,3346977","18,0597725",
Bubbles,dance_club,http://www.marielaveau.se/,2,casino på nätet,Stockholm,"59,318654","18,059452",
Buco Nero By Night,dance_club,Ingen webbplats,2,restaurant,Stockholm,"59,344729","18,061951",
Clandestino,dance_club,http://www.clandestino.se/,2,dublett se nedan,Stockholm,"59,332444","18,048977",
Clandestino Stockholm Salsa Caribbean Tropical,dance_club,http://www.clandestino.se/,2,ej egen lokal?,Stockholm,"59,336081","18,068755",
Club Amnesia Sthlm,dance_club,http://clubamnesiasthlm.com/,2,closed 2019,Stockholm,"59,3081","18,07734",
Club Devolution,dance_club,Ingen webbplats,2,restaurant,Stockholm,"59,31728","18,04982",
Club Estetic in Stockholm,dance_club,http://www.clubestetic.se/,2,closed 2024?,Stockholm,"59,3362505","18,0537157",
Club IVY,dance_club,http://sidenkallaren.com/,2,closed 2019?,Stockholm,"59,31695","18,07177",
Club Kharma,dance_club,http://www.clubkharma.se/,2,closed ,Stockholm,"59,33728","18,074024",
Club Latino Sthlm,dance_club,Ingen webbplats,2,,Stockholm,"59,3330718","18,0746019",
Club NYPE,dance_club,http://www.clubnype.se/,2,closed,Stockholm,"59,3355122","18,0709406",
Club Radiance,dance_club,http://clubradiance.se/,2,closed 2014,Stockholm,"59,340523","18,028966",
Club Yunite Stockholm,dance_club,Ingen webbplats,2,closed 2018,Stockholm,"59,293832","18,077972",
ClubAttention,dance_club,http://www.clubattention.com/,2,no digital presence,Stockholm,"59,3223242","18,0721124",
Colosseum Nattklubb,dance_club,http://www.colosseumnattklubb.se/,2,closed 2024,Stockholm,"59,2903146","18,0843516",
Cosmopolitan Club,dance_club,http://www.cosmopolitanclub.se/,2,closed 2020,Stockholm,"59,3411934","18,0610288",
Dansar.,dance_club,Ingen webbplats,2,,Stockholm,"59,33758","18,04637",
Dark Park,dance_club,Ingen webbplats,2,closed 2023,Stockholm,"59,2930927","18,0801859",
Discojouren Festivus,dance_club,Ingen webbplats,2,closed? little digital presence,Stockholm,"59,318427","18,03554",
Djsonic  madagascar,dance_club,Ingen webbplats,2,enskild dj,Stockholm,"59,31248","18,07545",
Dubbeltrubbel,dance_club,Ingen webbplats,2,no digital presence,Stockholm,"59,3334493","18,0559509",
END Nightclub,dance_club,https://cafeopera.se/end/,2,closed ,Stockholm,"59,3299631","18,0701049",
F12Terrassen,dance_club,http://f12sthlm.se/,2,dublett,Stockholm,"59,3286868","18,0639786",
FOU,dance_club,http://www.fouclub.com/,2,"oklart vad de gör, rental?",Stockholm,"59,3330431","18,0752527",
Främling Diskotek,dance_club,http://www.framling.se/,2,closed 2024,Stockholm,"59,29087","18,08379",
Garage by Odenplan,dance_club,Ingen webbplats,2,enskild händelse?,Stockholm,"59,34496","18,04914",
Girls Gone Wolf,dance_club,Ingen webbplats,2,closed 2020,Stockholm,"59,32867","18,06441",
Glorias 50+ disco - DJ Gloria,dance_club,http://djgloria.com/,2,enskild dj,Stockholm,"59,3375092","18,0697403",
Grand Garbo,dance_club,http://www.grandgarbo.com/,2,stängd,Stockholm,"59,29176","18,08303",
Greec Myhtology,dance_club,Ingen webbplats,2,no digital presence,Stockholm,"59,407285","17,922541",
Guldrummet Sthlm,dance_club,Ingen webbplats,2,"ej egen lokal, sporadiska grejer över åren",Stockholm,"59,29053","18,08434",
Göta Källare,dance_club,http://www.gotakallare.com/,2,Skum hemsida,Stockholm,"59,31424","18,07276",
Harem Nights,dance_club,http://www.haremnights.se/,2,ej egen lokal ,Stockholm,"59,3323139","18,0522323",
Headbanger's Ballroom,dance_club,Ingen webbplats,2,closed 2016,Stockholm,"59,3142395","18,0727596",
Heaven's Gate,dance_club,http://heavensgate.com,2,closed 2024? hårdrock,Stockholm,"59,3363847","18,0729033",
Huset,dance_club,http://www.husetnattklubb.se/,2,closed 2017,Stockholm,"59,33176","18,05155",
Kemis Klubbmästeri,dance_club,https://forms.gle/HKxr322aifywrLhG6,2,"studentbar/ställe, se https://www.facebook.com/kemisklubbmasteri/about?locale=sv_SE",Stockholm,"59,349194","18,075208",
Kizola Nights i Stockholm,dance_club,Ingen webbplats,2,closed 2019,Stockholm,"59,338646","18,052936",
Kizombapalop Stockholm,dance_club,http://www.kizombapalop.com/,2,closed 2017,Stockholm,"59,33233","18,06293",
Klubb Atlantis,dance_club,http://klubbatlantis.se/,2,closed 2024,Stockholm,"59,31863","18,05959",
Klubb Delli,dance_club,https://tavernabrillo.se/om-oss/klubben/,2,closed 2024,Stockholm,"59,3368841","18,0742802",
KLUBB DÖD,dance_club,http://www.klubbdod.se/,2,ingen egen lokal,Stockholm,"59,3323288","18,0629292",
Klubb Heartbeat Stockholm,dance_club,http://www.heart-beat.se/,2,förtäckt porrklubb?,Stockholm,"59,3391446","18,0563419",
Klubb Klot,dance_club,Ingen webbplats,2,ingen egen local,Stockholm,"59,3108243","18,0422107",
Klubb Quadrophenia,dance_club,http://www.wigardtmedia.se/,2,closed 2016,Stockholm,"59,299167","17,996386",
Klubb Rekyl,dance_club,http://www.mir-crew.com/,2,closed 2023,Stockholm,"59,3045","18,07848",
KRETS,dance_club,http://www.krets.club/,2,oklar status,Stockholm,"59,31625","18,02848",
Kyoto,dance_club,http://www.kyotoclub.se/,2,closed 2022,Stockholm,"59,337589","18,0783315",
La boom Stockholm,dance_club,http://www.instagram.com/laboomsthlm/,2,closed? no digital presence,Stockholm,"59,33876","18,06013",
La Havana Vieja Salsa Club SE,dance_club,http://clublahavana.com/,2,closed  2016,Stockholm,"59,34332","18,05652",
La Rumba,dance_club,https://www.facebook.com/nattklubbkristall,2,ingen egen lokal,Stockholm,"59,33466","18,0596",
Le STHLM,dance_club,Ingen webbplats,2,restaurant,Stockholm,"59,3321716","18,0738187",
Line Up Club,dance_club,http://www.lineupclub.se/,2,closed 2019,Stockholm,"59,3421097","18,0601406",
Lino Club Sthlm,dance_club,Ingen webbplats,2,closed 2021,Stockholm,"59,3360947","18,0561544",
LockDown,dance_club,Ingen webbplats,2,closed 2020,Stockholm,"59,3074595","18,0772376",
LoveTrain,dance_club,Ingen webbplats,2,no digital presence,Stockholm,"59,33309","18,0752",
Lönelördag,dance_club,Ingen webbplats,2,closed 2012,Stockholm,"59,3144466","18,0315656",
M/S Trädgården,dance_club,Ingen webbplats,2,closed 2020,Stockholm,"59,3313008","18,0853879",
MOON MOTEL,dance_club,Ingen webbplats,2,closed 2020,Stockholm,"59,3339788","18,0713696",
Nattklubb 05,dance_club,http://www.club05.se/,2,closed 2019,Stockholm,"59,33534","18,03288",
Nattklubb Amnesia,dance_club,http://www.klubbamnesia.se/,2,dublett,Stockholm,"59,33193","18,051352",
Nattklubb Cassiana'S,dance_club,http://www.cassianas.se/,2,closed 2014,Stockholm,"59,33909","18,06147",
Nattklubb Entourage,dance_club,http://www.clubn2.se/,2,unclear digital presence,Stockholm,"59,331911","18,070841",
Night Club,dance_club,Ingen webbplats,2,,Stockholm,"59,3286118","18,0645436",
Nostalgiklubben,dance_club,https://www.facebook.com/Nostalgiklubben/?locale=sv_SE,2,ingen egen lokal?,Stockholm,"59,3131948","18,0886068",
Ochaya,dance_club,http://kasai.se/ochaya/,2,japansk mat,Stockholm,"59,33758","18,07807",
OPIUM,dance_club,Ingen webbplats,2,no digital precence,Stockholm,"59,3127289","18,0743599",
POINT Stockholm,dance_club,http://pointsthlm.se/,2,closed,Stockholm,"59,335562","18,07081",
Preach,dance_club,http://www.preach.se,2,closed 2021 konsert,Stockholm,"59,318457","18,074562",
Prestige Nattklubb,dance_club,http://www.prestigenattklubb.se/,2,closed 2020,Stockholm,"59,3367834","18,0716169",
Ray's Silk Lounge & NightClub,dance_club,Ingen webbplats,2,closed 2019,Stockholm,"59,3081","18,07734",
Reason STHLM,dance_club,Ingen webbplats,2,closed 2014,Stockholm,"59,307635","18,077269",
Retro,dance_club,https://kellysbar.se/?utm_source=facebook,2,ingen egen lokal,Stockholm,"59,31453","18,0744352",
Retro,dance_club,http://www.flyinghorse.se/?utm_source=facebook,2,ingen egen lokal,Stockholm,"59,34453","18,05701",
Roamterrassen,dance_club,http://www.roam.se/,2,unclear digital presence,Stockholm,"59,3304455","18,0373073",
ROSA Stockholm,dance_club,Ingen webbplats,2,closed 2025,Stockholm,"59,3346","18,06649",
Rummet™,dance_club,http://www.purestockholm.nu/,2,closed unclear when,Stockholm,"59,337556","18,069699",
Secret Paradise,dance_club,https://secretparadise.se/,2,closed 2023,Stockholm,"59,3790971","17,904032",
SENSE Stockholm,dance_club,http://sensestockholm.nu/,2,closed 2023,Stockholm,"59,33382","18,03242",
Soul Train Stockholm,dance_club,https://www.soultrainparty.se/,2,ingen egen lokal,Stockholm,"59,3297569","18,0715065",
Stay Sisters,dance_club,http://obaren.se/,2,closed 2021,Stockholm,"59,3357827","18,0732307",
Staybar Nightclub,dance_club,http://staybar.se,2,closed 2015?,Stockholm,"59,307494","18,076976",
Stockholmsnatt,dance_club,Ingen webbplats,2,,Stockholm,"59,3287913","18,0637735",
Stora Skuggans Dansbana,dance_club,http://www.skuggansgrona.com/,2,café,Stockholm,"59,365761","18,078636",
Studio 64,dance_club,Ingen webbplats,2,closed 2018,Stockholm,"59,3338674","18,0343557",
Summer Session,dance_club,http://www.summersession.se/,2,no digital presence,Stockholm,"59,338021","18,010498",
Swallow,dance_club,Ingen webbplats,2,closed 2017,Stockholm,"59,3389618","18,0617676",
Tangoklubb Estoeselcolmo,dance_club,Ingen webbplats,2,cloed 2015,Stockholm,"59,316402","18,027959",
Tech Noir,dance_club,Ingen webbplats,2,ingen egen lokal,Stockholm,"59,3186989","18,0633793",
Tellusgången,dance_club,Ingen webbplats,2,unclear digital prescence,Stockholm,"59,299034","17,992457",
The Biz,dance_club,Ingen webbplats,2,closed 2018,Stockholm,"59,33552","18,06653",
The Dancing Queen,dance_club,http://www.vikingline.se/dancingqueen,2,,Stockholm,"59,31957","18,07502",
The Lab (Labbet),dance_club,http://stureplansgruppen.se/thelab.aspx,2,,Stockholm,"59,336382","18,071625",
The Night Academy,dance_club,https://thenight.academy/,2,closed 2024,Stockholm,"59,3428611","18,116339",
The Office Stureplan,dance_club,https://gastrogate.com/restaurang/theoffice/,2,no digital presence,Stockholm,"59,336873","18,071679",
The Switch progressive dining,dance_club,Ingen webbplats,2,closed 2019,Stockholm,"59,3360781","18,0676216",
The Vault,dance_club,Ingen webbplats,2,closed 2020,Stockholm,"59,33637","18,06307",
Tigela Nattklubb,dance_club,Ingen webbplats,2,closed 2013,Stockholm,"59,307543","18,077152",
Umgänget,dance_club,Ingen webbplats,2,seems closed,Stockholm,"59,33679","18,07172",
Värsta Svängen Hökarängen,dance_club,Ingen webbplats,2,citat från film. ingen digital prscence,Stockholm,"59,2531535","18,0857104",
Wall,dance_club,https://www.stureplansgruppen.se/nightlife/the-wall/,2,dublett,Stockholm,"59,3365","18,07337",
WKND,dance_club,https://klubbwknd.com/,2,closed 2020,Stockholm,"59,3323898","18,0490252",
YOsthlm,dance_club,Ingen webbplats,2,closed 2024,Stockholm,"59,33349","18,05603",
Åttingen,dance_club,Ingen webbplats,2,danslokal men utan verksamhet vad det verkar,Stockholm,"59,317843","18,022606",
Östergårdsvägen,dance_club,Ingen webbplats,2,no digital presence,Stockholm,"59,3805991","17,8809159",
Baders Academy of Dance,dance_school,https://baders.se/,2,Dance and gymnastic course,Stockholm,"59,3016897","18,0238246",
Balett Stockholm,dance_school,http://www.studiolevels.se/,2,Closed,Stockholm,"59,3310865","18,0473305",
Bollywood dansstudio,dance_school,http://bollywooddansstudio.com/,2,Closed,Stockholm,"59,255856","18,111939",
Brudvals.nu,dance_school,http://www.brudvals.nu/,2,Wedding dance course,Stockholm,"59,34352","18,044",
Caribbean Dance Studio,dance_school,http://www.caribbeandancestudio.com/,2,Closed 2017-2018,Stockholm,"59,3455473","18,054585",
Core of Culture,dance_school,https://www.coreofculture.se/,2,Closed? 2023,Stockholm,"59,3438286","18,0575509",
Corriente Cubana,dance_school,http://corrientecubana.com/,2,Closed?,Stockholm,"59,3463218","18,0458667",
Dancefever,dance_school,http://www.dancefever.se/,2,Closed 2018,Stockholm,"59,33532","18,08287",
Dans och Musikal,dance_school,Ingen webbplats,2,??,Stockholm,"59,3161077","18,0602241",
Danscompagniet,dance_school,http://www.danscompagniet.se/,2,Closed,Stockholm,"59,3329229","18,0295098",
Dansgrupp Cimarron,dance_school,http://www.cimarron.se/,2,Folk dance events,Stockholm,"59,3332786","17,9789536",
DansSteget & DansSteget Sol,dance_school,http://jilltaube.se/,2,Dance and yoga,Stockholm,"59,3363647","18,0139465",
Dansstudio 1,dance_school,Ingen webbplats,2,No info,Stockholm,"59,3467455","18,0547998",
Dansstudio Style,dance_school,http://www.dansstudiostyle.se/,2,Closed,Stockholm,"59,2782243","18,1394806",
Diambra,dance_school,http://www.diambra.se/,2,agency,Stockholm,"59,3413424","18,0399323",
Egyptiskt Kulturcentrum,dance_school,www.ekcdansskola.se,2,Small courses in belly dance,Stockholm,"59,310049","18,072832",
Fjädern & Elefanten Studios,dance_school,http://fjadernochelefanten.se/,2,Closed,Stockholm,"59,3303845","18,0029656",
Friskis Och Svettis Kungsholmen,dance_school,Ingen webbplats,2,Gym,Stockholm,"59,3361154","18,0343032",
Herräng Dance Camp,dance_school,https://linktr.ee/herrangdancecamp,2,Festival,Stockholm,"59,3182533","18,0378979",
Indie Fuzion,dance_school,http://www.indiefuzion.com/,2,Closed,Stockholm,"59,34604","18,05668",
Life is Rhythm,dance_school,https://dancefromtheroot.com/workshops/shake-it-loose-african-roots/,2,Maybe closed,Stockholm,"59,335543","18,052128",
Megashop STHLM,dance_school,https://kulturhusetstadsteatern.se/Dans/Evenemang/2022/thedancespot,2,pop up closed,Stockholm,"59,3322182","18,0655098",
MIXTALENT,dance_school,Ingen webbplats,2,Closed,Stockholm,"59,3032639","17,9977774",
Movem Live at The Park,dance_school,http://movem.dance/,2,Events and Dance courses,Stockholm,"59,3116609","18,058606",
Stockholm Sång och Dans,dance_school,http://www.stockholmsangdans.se/ ,2,Small dance courses,Stockholm,"59,3416523","18,0492635",
Viva Studios,dance_school,http://www.viva-studios.com/,2,Closed,Stockholm,"59,333198","18,0845486",
WIP Dansstudio,dance_school,http://www.wipsthlm.se/konstnarer/studio-,2,Not relevant in this sector,Stockholm,"59,30143","18,02863",
Hoodie Lab,designer_clothing,https://hoodielab.com/,2,webshop only,Stockholm,"59,34176675","18,09704865",
Intimissimi,designer_clothing,https://www.intimissimi.com/se/butiker/stockholms_lan/stockholm/stockholm_gotgatan_32/ICA2.html?utm_medium=organic&utm_source=Bing&utm_campaign=local&utm_term=SE-ICA2&y_source=1_MzI3MzkwNDAtNDgzLWxvY2F0aW9uLndlYnNpdGU%3D,2,lingerie store,Stockholm,"59,3174042","18,0715549",
Festbolaget.se,dj_service,http://festbolaget.se/,2,seems to lack physical location,Stockholm,"59,3056729","18,1093868",
London DJ - Hyra DJ Stockholm - Boka DJ och upplev DJ Carl,dj_service,https://london-dj.se/,2,"rent a dj for weddings etc, seems to lack physical location",Stockholm,"59,3014524","18,0311904",
London DJ - Hyra DJ Stockholm - Boka DJ och upplev DJ Carl,dj_service,https://london-dj.se/,2,see above (double),Stockholm,"59,33548241","18,05395531",
Platoon DJs,dj_service,https://platoon.se/,2,"rent a dj for weddings etc, seems to lack physical location",Stockholm,"59,3475589","18,0705553",
Biograf Victoria Stockholm Svenska Bio,drive_in_theater,https://www.filmstaden.se/stockholm/biograf/victoria,2,,Stockholm,"59,312828","18,074291",
Filmstaden,drive_in_theater,https://www.filmstaden.se/biograf/NCG27927/filmstaden-sergel,2,,Stockholm,"59,3344744","18,0626301",
Manolitofilm,drive_in_theater,Ingen webbplats,2,seems to be closed...?,Stockholm,"59,26882","17,983204",
Formex,fair,http://www.formex.se/,2,furniture fair,Stockholm,"59,2772721","18,0147938",
Historical Escapes » Escape Room på Södermalm i Stockholm,fair,https://historicalescapes.se/,2,escape room,Stockholm,"59,3179951","18,044019",
House of People,fair,http://www.houseofpeople.se/,2,conference center,Stockholm,"59,3363061","18,0569399",
Juristdagarna,fair,https://www.juristdagarna.nu/,2,,Stockholm,"59,3666035","18,0569787",
Oh My Tavastgatan,fair,http://www.ohmy.nu/,2,communication bureau,Stockholm,"59,3196612","18,0599372",
A Peace Of Me,fashion,Ingen webbplats,2,clothes shop,Stockholm,"59,3749336","17,811471",
Acne Studios,fashion,Ingen webbplats,2,clothes shop,Stockholm,"59,342362","18,0366587",
Adisgladis,fashion,http://www.adisgladis.se,2,clothes shop,Stockholm,"59,3169013","18,0630112",
ARTBY,fashion,Ingen webbplats,2,lacks website,Stockholm,"59,33285","18,06936",
Astani Wear,fashion,http://www.astaniwear.com/,2,clothes shop for workout clothes,Stockholm,"59,30901","18,01277",
Astrid Wild Outdoor Fashion,fashion,https://www.astridwild.com/,2,clothes shop,Stockholm,"59,3417078","18,0300861",
Ateljé Örnsberg,fashion,http://www.ateljeornsberg.se/,2,carpenter service,Stockholm,"59,306271","17,982428",
Bildinstitutet,fashion,http://www.bildinstitutet.se,2,advertising/retouch ,Stockholm,"59,3169566","18,0748732",
Brands For Fans,fashion,http://www.brandsforfans.com/,2,alcohol store online?,Stockholm,"59,3366047","18,0756349",
Brazil & Co.,fashion,https://brazilandco.se/?utm_source=facebook,2,snack store,Stockholm,"59,3384988","18,0238868",
Bread & Boxers,fashion,Ingen webbplats,2,no website,Stockholm,"59,325404","18,0684017",
Bunkersand,fashion,https://bunkersand.se/,2,no website,Stockholm,"59,34589","18,05851",
Bushura butik,fashion,Ingen webbplats,2,no website,Stockholm,"59,39592","17,88834",
BYBORN,fashion,https://www.byborn-studio.com/,2,jewellery store online,Stockholm,"59,33059","18,02906",
Camilla Wellton,fashion,http://www.camillawellton.com/,2,fashion designer with no store,Stockholm,"59,3192501","18,0576583",
Carl Dagg,fashion,http://www.carldagg.com/,2,no website,Stockholm,"59,33674","18,05031",
Christian Hedenfeldt Stockholm,fashion,Ingen webbplats,2,no website,Stockholm,"59,30839","18,08724",
Droemstudios,fashion,http://www.droem.se/,2,no website,Stockholm,"59,3006948","18,0295846",
EB - Yacht Design,fashion,http://www.ebyd.se/,2,no website,Stockholm,"59,313554","18,0792137",
ENSE,fashion,https://ensestudio.com/,2,,Stockholm,"59,3381846","18,0524737",
Fossan Design,fashion,http://fossan.se/,2,fabric designer,Stockholm,"59,3054576","17,9988433",
Frank Dandy,fashion,https://frankdandy.com/,2,clothes brand,Stockholm,"59,33766","18,01278",
Frank Shop,fashion,http://www.frankshop.se/,2,perfume store,Stockholm,"59,33109","18,04845",
Fujifotocenter,fashion,http://skarholmen.ffc.nu/,2,print shop,Stockholm,"59,2753111","17,9074424",
G’Old Atelier AB,fashion,https://vintymarket.com/pages/g-old-atelier,2,restaurating leather goods,Stockholm,"59,31404","18,07348",
Garamaws,fashion,http://www.garamaj.se,2,no website,Stockholm,"59,34005","18,06732",
Gemme Fashion Rental Club,fashion,Ingen webbplats,2,,Stockholm,"59,33563","18,0752",
Glacialbottle,fashion,http://www.glacialbottle.com/sv,2,,Stockholm,"59,33598","18,07046",
Glúmur,fashion,http://www.glumur.com/,2,"clothes brand, no location",Stockholm,"59,31504","18,03286",
Gunilla Bielke Design,fashion,http://www.silkeselenium.se/,2,,Stockholm,"59,3199989","18,0628753",
Hagastaden Solna,fashion,Ingen webbplats,2,,Stockholm,"59,3478011","18,0348154",
Handsome Stockholm,fashion,http://www.handsomestockholm.com/,2,glove shop,Stockholm,"59,33103","18,02693",
Hanna Friberg,fashion,Ingen webbplats,2,,Stockholm,"59,33965","18,0899",
holk,fashion,http://www.holkofficial.com/,2,makes very fancy carry cases for cannabis joints?,Stockholm,"59,33516","18,05972",
Home Structures Sweden AB,fashion,http://www.homestructures.se/,2,,Stockholm,"59,3417802","18,0335444",
Hope HQ,fashion,http://www.hope-sthlm.com,2,clothes brand,Stockholm,"59,345878","18,037895",
IDÉ House of Brands Sverige,fashion,http://www.idegroup.se/,2,merchandise etc,Stockholm,"59,335911","18,0551674",
IZettlehq,fashion,http://www.izettle.com/,2,payment solution,Stockholm,"59,334155","18,0665821",
JIMMY CHOO,fashion,Ingen webbplats,2,no website,Stockholm,"59,33429","18,07356",
Klaranord,fashion,http://Klaranord.se/,2,,Stockholm,"59,3298","18,0615",
Kovac Family,fashion,https://kovacfamily.com/,2,,Stockholm,"59,3165756","18,0268686",
Kramsnø Jiujitsu Sthlm,fashion,https://kramsnoapparel.se/,2,,Stockholm,"59,30975","18,08087",
Känslan Mariatorget,fashion,Ingen webbplats,2,no website,Stockholm,"59,3173157","18,063202",
LISA YANG,fashion,http://www.lisa-yang.com/,2,clothes brand,Stockholm,"59,3336956","18,0816735",
Lixu-stockholm,fashion,https://lixu-stockholm.com/,2,no website,Stockholm,"59,3298","18,0615",
Loke Stockholm,fashion,Ingen webbplats,2,no website,Stockholm,"59,32928","18,03809",
Lomigo-stockholm.com,fashion,http://www.lomigo-stockholm.com/,2,no website,Stockholm,"59,3298","18,0615",
Lope.se,fashion,http://www.lope.se/,2,horse apparel,Stockholm,"59,33257","18,06683",
Love Warriors Store Stockholm,fashion,http://lovewarriors.se/,2,,Stockholm,"59,31629","18,02715",
Lynza-stockholm,fashion,https://lynza-stockholm.com/,2,clothes store,Stockholm,"59,3298","18,0615",
Margaretha Julle Design,fashion,http://Margarethajulle.se/,2,dog apparel,Stockholm,"59,33828","18,03894",
Matter of Time,fashion,http://www.matteroftime.se/,2,clothes brand,Stockholm,"59,34046","18,07753",
Mimirose Stockholm,fashion,http://www.mimirose.se/,2,"webshop only, baby clothes",Stockholm,"59,33773","18,0811",
Mixfix AB,fashion,http://www.mixfix.se/,2,sign maker,Stockholm,"59,2677851","18,0376813",
No Picnic,fashion,http://www.nopicnic.com/,2,,Stockholm,"59,3350478","18,0847242",
Note Design Studio,fashion,http://www.notedesignstudio.se/,2,,Stockholm,"59,3149866","18,0816078",
OIA beachwear,fashion,https://oiabeachwear.com/,2,,Stockholm,"59,34629","18,0429",
Oyyo,fashion,http://www.oyyo.se/,2,,Stockholm,"59,3177854","18,0479038",
Pete & Harry,fashion,https://peteandharry.com/,2,,Stockholm,"59,3329121","18,0858646",
Popup Drottninggatan 72,fashion,Ingen webbplats,2,,Stockholm,"59,33433","18,06108",
PS of Sweden,fashion,http://www.psofsweden.com/,2,horse apparel,Stockholm,"59,3362587","18,0733439",
Rangeen,fashion,Ingen webbplats,2,,Stockholm,"59,40095","17,9404",
Royal Design Group,fashion,https://royaldesign.se,2,,Stockholm,"59,335814","18,067163",
Second Base,fashion,http://secondbase.se/,2,,Stockholm,"59,3406815","18,0485023",
Simon Key Bertman Textile Design & Art,fashion,http://Shop.bertman.nu/,2,no physical location,Stockholm,"59,34427","18,03421",
SOFO POPUP,fashion,http://www.sofopopup.com/,2,,Stockholm,"59,3128815","18,0834317",
SoonNoon,fashion,https://soonnoon.com/,2,,Stockholm,"59,3006698","18,0097771",
Stank Stockholm,fashion,Ingen webbplats,2,,Stockholm,"59,3330498","18,0314384",
Stank Stockholm,fashion,Ingen webbplats,2,,Stockholm,"59,3379684","18,0574623",
Stefania Esse,fashion,https://www.stefaniaesse.com/,2,,Stockholm,"59,3344908","18,0773606",
Stilbyrån Stockholm,fashion,http://www.stilbyran.se/,2,,Stockholm,"59,33958","18,0678",
Stockholm Design Lab,fashion,http://www.stockholmdesignlab.se/,2,,Stockholm,"59,3196376","18,0731106",
Stockholm New,fashion,http://www.stockholmnew.com/,2,,Stockholm,"59,33815","18,06708",
Stockhome,fashion,Ingen webbplats,2,,Stockholm,"59,332378","18,067785",
Studio 51,fashion,Ingen webbplats,2,seems to be closed,Stockholm,"59,29959","18,06877",
Swedenborgsg. 2,fashion,Ingen webbplats,2,,Stockholm,"59,314363","18,064947",
Swedish Fashion Council,fashion,http://www.swedishfashioncouncil.se/,2,,Stockholm,"59,3358101","18,0677509",
Systrarna Suokas,fashion,Ingen webbplats,2,,Stockholm,"59,30308","18,09834",
Säker stil,fashion,http://www.acast.com/sakerstil,2,,Stockholm,"59,34112","18,08217",
Taket,fashion,http://www.taket.info/,2,,Stockholm,"59,31488","18,0543995",
The Local Firm,fashion,Ingen webbplats,2,,Stockholm,"59,3123577","18,0796413",
Trångsund 8.,fashion,http://sjagenturer.se/pop-up,2,,Stockholm,"59,3253689","18,0699507",
US-AB Tryckeriet,fashion,http://www.us-ab.com/,2,print shop,Stockholm,"59,3504706","18,0668806",
Viola Lahger,fashion,http://www.violalahger.se,2,,Stockholm,"59,338659","18,088338",
VOGT Stockholm,fashion,http://www.vogtstockholm.com/,2,,Stockholm,"59,34296","18,06134",
We Got Cookies,fashion,http://www.wegotcookies.se/,2,,Stockholm,"59,3192581","18,0576551",
Wolff-Wear Outdoor,fashion,http://www.wolff-wear.se,2,,Stockholm,"59,341275","18,089843",
WOOLNUT,fashion,https://www.woolnut.com/,2,,Stockholm,"59,34028","18,05069",
World Market Sthlm,fashion,Ingen webbplats,2,,Stockholm,"59,3401426","18,0332578",
Zamina Scillasdotter,fashion,http://www.zaminascillasdotter.com/,2,,Stockholm,"59,32993","18,05128",
Åsögatan 176,fashion,Ingen webbplats,2,no website,Stockholm,"59,314493","18,087363",
Aktiebolaget Stockholm Ram,framing_store,https://www.stockholmram.se/,2,Artist frame shop,Stockholm,"59,3181643","18,0603048",
Konst & Ram Galleri S:t Erik,framing_store,http://www.galleristerik.se/,2,Artist frame shop,Stockholm,"59,3400496","18,0367327",
Rammakarna på Östermalm,framing_store,http://www.rammakarna.se/,2,Artist frame shop,Stockholm,"59,3458486","18,0378336",
King,game_publisher,http://www.king.com,2,candy crush,Stockholm,"59,337029","18,06252",
In theater category,general_festivals,https://dansenshus.se/,2,In theater category,Stockholm,"59,3366782","18,0563212",
25AH,graphic_designer,http://25ah.se/,2,communication company,Stockholm,"59,3349432","18,0776435",
A4 Text & Form,graphic_designer,http://www.a4.se/,2,communication company,Stockholm,"59,3131996","18,0811845",
AB Typoform,graphic_designer,http://www.typoform.se/,2,design studio,Stockholm,"59,3426449","18,0336774",
Add Studio,graphic_designer,http://www.addstudio.se/,2,design studio,Stockholm,"59,3179186","18,0485201",
Amigos Design,graphic_designer,http://www.amigos.se/,2,Closed 2021,Stockholm,"59,3103022","18,0669278",
Anders Djerf guidar söder om Söder,graphic_designer,https://www.svenskakonstnarer.se/start/plus_gallery.php?chr&aid=3230,2,Not relevant,Stockholm,"59,2994845","18,045868",
Artipic,graphic_designer,http://www.artipic.com/,2,Not relevant,Stockholm,"59,405461","17,945894",
Back Pocket,graphic_designer,http://www.backpocket.se,2,Closed ,Stockholm,"59,3426429","18,045324",
BahKadisch,graphic_designer,http://butik.BahKadisch.se/,2,webshop,Stockholm,"59,3008596","17,9984312",
Brikk,graphic_designer,http://brikk.se/,2,design studio,Stockholm,"59,3208071","18,0649988",
Brinck Kommunikation,graphic_designer,https://brinc.se/,2,communication company,Stockholm,"59,263407","18,023696",
BT Studio,graphic_designer,https://www.btstudio.se/,2,design studio,Stockholm,"59,2992701","17,9940102",
Butch,graphic_designer,http://www.butch.se/,2,design studio,Stockholm,"59,315095","18,031316",
CLEANDRIVE,graphic_designer,https://cleandrive.nu/,2,Not relevant ,Stockholm,"59,3338674","18,0303774",
Daisy's Textodyl Pa Gardet,graphic_designer,Ingen webbplats,2,???,Stockholm,"59,352471","18,094355",
David Enlund Design,graphic_designer,http://www.enlund.se/,2,Closed,Stockholm,"59,287244","17,989467",
Deluxive State AB,graphic_designer,http://www.deluxive.se/,2,Closed,Stockholm,"59,31834","18,057342",
DOT Stockholm,graphic_designer,http://dotstockholm.com/,2,Brand design,Stockholm,"59,3412754","18,0363044",
DRY Studios,graphic_designer,http://www.drystudios.com/,2,Art Director,Stockholm,"59,3409544","18,0503629",
EASYTRYCK,graphic_designer,https://www.easytryck.se/,2,Prints,Stockholm,"59,3452607","18,0541885",
Fellow Designers,graphic_designer,http://www.fellowdesigners.com/,2,Closed,Stockholm,"59,316941","18,0748131",
Finalize AB,graphic_designer,http://www.finalize.se/,2,graphic designer,Stockholm,"59,3174127","18,0775061",
Gaimer Graphics,graphic_designer,http://www.gaimergraphics.se/,2,graphic designer,Stockholm,"59,3230564","18,0045204",
Grafikeriet,graphic_designer,http://grafikeriet.se/,2,graphic designer,Stockholm,"59,2937872","18,060056",
Grand Nordic Agency,graphic_designer,http://www.grandagency.se,2,film agency,Stockholm,"59,341519","18,031716",
Graphic State,graphic_designer,http://www.graphicstate.se/,2,graphic designer,Stockholm,"59,37938","17,88063",
Heartland Graphic Studio,graphic_designer,http://www.heartland.se/,2,Closed,Stockholm,"59,3389199","18,0352448",
Henrik Nygren Design,graphic_designer,http://www.henriknygrendesign.se/en/,2,graphic designer,Stockholm,"59,3131244","18,0749905",
IDEI,graphic_designer,http://www.idei.se/,2,Design,Stockholm,"59,3726063","17,8554125",
Idesign,graphic_designer,http://www.idesign.se/,2,Design,Stockholm,"59,3208971","18,0382709",
Katarina Lernmark - Illustration,graphic_designer,http://www.lernmark.se/,2,Illustrations artist,Stockholm,"59,31001","18,05074",
Kombinera,graphic_designer,Ingen webbplats,2,graphic designer,Stockholm,"59,345167","18,055872",
Kramgo,graphic_designer,http://www.kramgo.se/,2,Designer,Stockholm,"59,3319035","18,0423688",
Kurppa Hosk,graphic_designer,http://www.kurppahosk.com/,2,Design,Stockholm,"59,3326235","18,0611795",
Loogo,graphic_designer,http://www.loogo.se/,2,Closed,Stockholm,"59,318811","18,036153",
Lottisson Design,graphic_designer,http://www.lottisson.se/,2,graphic designer,Stockholm,"59,3287647","18,0027363",
Newlight Designers,graphic_designer,https://newlightdesigners.com/,2,Closed,Stockholm,"59,33934287","18,01077641",
Nineties,graphic_designer,http://nineties.studio/,2,brand agency,Stockholm,"59,3255973","18,0746555",
Peytil,graphic_designer,http://www.peytil.com/,2,Print shop artist,Stockholm,"59,3247831","18,0670166",
Planeta Design,graphic_designer,http://www.planetadesign.se/,2,Closed,Stockholm,"59,3199868","18,0548775",
Pond Design,graphic_designer,http://ponddesign.se/,2,brand agency,Stockholm,"59,3335347","18,0816898",
Printhead AB,graphic_designer,http://www.printhead.se/,2,graphic designer,Stockholm,"59,3437635","17,9694266",
Rösäng Konst & Design,graphic_designer,http://biorck.com/,2,closed,Stockholm,"59,340796","18,069826",
Silvia Media,graphic_designer,http://www.silviamedia.se/,2,closed,Stockholm,"59,314251","18,054422",
Slow Fox Produktion,graphic_designer,http://slowfox.se/,2,Design,Stockholm,"59,3245898","18,0730552",
Soja,graphic_designer,http://www.soja.se/,2,Animation studio,Stockholm,"59,3143213","18,0563399",
Stefan Wåhlberg Design,graphic_designer,http://www.wahlbergdesign.se/,2,Closed,Stockholm,"59,32943","18,04641",
Stockholm Graphics,graphic_designer,http://stockholmgraphics.com/,2,graphic designer,Stockholm,"59,3116355","18,0828852",
Stockholms Målerikonservering AB,graphic_designer,http://www.konservering.se/,2,conservator,Stockholm,"59,3360367","18,0604798",
Studio Blue Agency,graphic_designer,http://studioblue.agency/,2,Brand agancy,Stockholm,"59,31651","18,07627",
Studio Reko,graphic_designer,http://www.studioreko.com/,2,graphic designer,Stockholm,"59,3172019","18,0653415",
Studio Väst,graphic_designer,Ingen webbplats,2,graphic designer,Stockholm,"59,3418","18,04774",
Suteki,graphic_designer,http://www.suteki.se/,2,ai design,Stockholm,"59,3451996","18,0533027",
Suzzie Holler Design,graphic_designer,http://www.suzzieholler.se/,2,Closed,Stockholm,"59,3149773","18,075326",
Söderhavet,graphic_designer,http://www.soderhavet.com,2,design,Stockholm,"59,331169","18,0632172",
The Factory of Design AB,graphic_designer,http://www.thefactoryofdesign.se/,2,graphic designer,Stockholm,"59,3423727","18,0275881",
The Rocks Design Studio,graphic_designer,http://www.therocks.se/,2,Online shop,Stockholm,"59,3288012","18,0027303",
Tigerklo craft & design,graphic_designer,http://www.tigerklo.com/,2,Closed,Stockholm,"59,3082886","18,0679188",
TM Web Express,graphic_designer,http://www.webexpress.se/,2,graphic designer,Stockholm,"59,3399649","18,0664837",
Torino Tidningsform,graphic_designer,http://www.torino.se/,2,communication company,Stockholm,"59,3307856","18,0364095",
Toxero Design,graphic_designer,http://www.toxero.se/,2,closed,Stockholm,"59,344998","18,042076",
Tulipreklam,graphic_designer,http://www.tulipreklam.se/,2,graphic designer,Stockholm,"59,4067921","17,9451806",
Typ&Design,graphic_designer,https://typodesign.se/,2,graphic designer,Stockholm,"59,3362847","18,0255604",
Typisk Form designbyrå AB,graphic_designer,http://www.typiskform.se/,2,Design,Stockholm,"59,3169462","18,0750013",
Uggla & Forsström,graphic_designer,http://www.dagensps.se,2,Magazin,Stockholm,"59,334962","18,07787",
Vendela & Valentin,graphic_designer,http://www.vendela-valentin.com/,2,closed,Stockholm,"59,314206","18,019354",
Virrvarret,graphic_designer,http://virrvarret.se/,2,communication company,Stockholm,"59,3001229","18,0086539",
Visual ID,graphic_designer,http://www.visualid.se/,2,Brand design,Stockholm,"59,3095585","18,0723152",
Välkommen Hem,graphic_designer,http://vh.se/,2,graphic designer,Stockholm,"59,3406329","18,0483904",
Wahlberg Visuals,graphic_designer,http://www.wahlbergvisuals.com/,2,design agency,Stockholm,"59,3030709","18,0822318",
Wolfgang,graphic_designer,http://wolfgang.se/,2,design agency,Stockholm,"59,33444","18,06368",
Biologiska Museet Stockholm,history_museum,http://www.biologiskamuseet.com/,2,Closed,Stockholm,"59,3272329","18,0976204",
Crime And History Research Institute,history_museum,Ingen webbplats,2,Closed?,Stockholm,"59,386277","17,923896",
Q M Gods & Transport AB,history_museum,Ingen webbplats,2,Not relevant,Stockholm,"59,3226111","18,0718231",
Sexhistoriska Museet,history_museum,Ingen webbplats,2,Collection not museum,Stockholm,"59,27781","18,1196",
Sjöhistoriskas båtsamling,history_museum,Ingen webbplats,2,Collection not museum,Stockholm,"59,327321","18,0907899",
Spritakademien & Guldnubben,history_museum,www.spritmuseum.se,2,Event,Stockholm,"59,3270528","18,0939583",
Stockholms Äfventyrsmuseum,history_museum,Ingen webbplats,2,Temporary exhibition ,Stockholm,"59,32475","18,06931",
Vasamuseet Interglot,history_museum,Ingen webbplats,2,Not relevant,Stockholm,"59,3279683","18,0914484",
Enskede Jazzfestival,jazz_and_blues,http://www.enskedejazz.com/,2,Jazz festival,Stockholm,"59,284776","18,0867657",
Lönnkrogen,jazz_and_blues,http://www.scalateatern.se/biljetter/lonnkrogen/,2,Bar?,Stockholm,"59,33632","18,05398",
Restaurang Louis Jazz Club,jazz_and_blues,http://www.restauranglouis.se/,2,Closed,Stockholm,"59,314264","18,07064",
Stockholm Jazz Festival,jazz_and_blues,http://stockholmjazz.se/,2,Jazz festival,Stockholm,"59,3332173","18,0558472",
Stockholm JAZZ Lounge,jazz_and_blues,Ingen webbplats,2,Not found,Stockholm,"59,3356","18,07098",
Sundbybergs Jazzklubb,jazz_and_blues,http://www.sundbybergsportalen.se/index.php?sort=199,2,Not found,Stockholm,"59,34327","18,07842",
Anders Lindberg Städservice,landscape_architect,https://alstadservice.se/,2,Not relevant,Stockholm,"59,34845818","18,06095653",
Asiya,landscape_architect,http://www.asiya.se/,2,Not relevant,Stockholm,"59,3762052","17,83942841",
Svensk Arboristtjänst,landscape_architect,https://svenskarboristtjanst.se/,2,Not relevant,Stockholm,"59,30709908","18,03247002",
Urbio,landscape_architect,https://www.urbio.se/,2,Not relevant,Stockholm,"59,3155492","18,0354345",
AB Nya Svenska Jarnvagsverkstaderna Asj,landscaping,Ingen webbplats,2,closed,Stockholm,"59,339589","18,058329",
Berith Östlunds Familjedaghem,landscaping,Ingen webbplats,2,Not relevant,Stockholm,"59,291995","18,065258",
Etni AB,landscaping,http://www.etni.se/,2,Gardening,Stockholm,"59,2609591","18,0430192",
Ett Litet Spa Vasastan,landscaping,Ingen webbplats,2,Spa,Stockholm,"59,3439355","18,0546682",
Familjedaghemmet Skogsharen,landscaping,Ingen webbplats,2,Not relevant,Stockholm,"59,3442357","17,905674",
Familjedaghemmet Små Grodorna,landscaping,Ingen webbplats,2,Not relevant,Stockholm,"59,279959","17,886993",
Flinks Järn,landscaping,http://www.flinks.se,2,Not relevant,Stockholm,"59,2806305","17,91758",
Fyngatan Fritidshem,landscaping,Ingen webbplats,2,Not relevant,Stockholm,"59,4044122","17,9369795",
Gullungarnas Familjedaghem,landscaping,Ingen webbplats,2,Not relevant,Stockholm,"59,282419","17,986146",
Landskapslaget,landscaping,,2,Above,Stockholm,"59,3192794","18,0698308",
Lindborgs Snickerier,landscaping,http://www.lindborg.se,2,building company,Stockholm,"59,3178188","18,0491945",
Maria Morner Sjukgymnastik och Friskvard,landscaping,Ingen webbplats,2,Not relevant,Stockholm,"59,3161271","18,044035",
Myhrbergs Byggservice AB,landscaping,http://www.myhrbergs.se/,2,building company,Stockholm,"59,3179504","18,0491987",
Nordisk Inredningslogistik,landscaping,http://www.nilog.se,2,Logistic,Stockholm,"59,353529","17,963372",
Sjoresebyra i Sverige,landscaping,Ingen webbplats,2,Not relevant,Stockholm,"59,325141","18,072614",
Spanga Markplaneringar,landscaping,Ingen webbplats,2,building company,Stockholm,"59,384442","17,909845",
Stenmännen AB,landscaping,http://Stenmannen.se/,2,landscape architects,Stockholm,"59,3786568","17,9041165",
Stensattar'n Jonas Siverby,landscaping,Ingen webbplats,2,,Stockholm,"59,300348","18,058552",
Trädmästarna,landscaping,https://www.tradmastarna.se/offertforfragan/,2,Not relevant,Stockholm,"59,3317624","18,0145536",
Waldorfforskolan S T Orjansgardens Barntradgard,landscaping,Ingen webbplats,2,Not relevant,Stockholm,"59,341996","18,049516",
Azote Library,library,https://www.azotelibrary.com/,2,Not relevant,Stockholm,"59,34859","18,05087",
Bibliotekarierummet,library,https://www.bonnierforlagen.se/bibliotekarierummet/,2,Not relevant,Stockholm,"59,3383712","18,0612874",
Biblioteken linje 17,library,http://biblioteket.stockholm.se/,2,Temporary group,Stockholm,"59,2908562","18,1160222",
Biblioteket på AF,library,https://adolffredriksmusikklasser.stockholm/det-har-ar-adolf-fredriks-musikklasser/skolbiblioteket/,2,Skolbibliotek,Stockholm,"59,3380133","18,0507156",
Bibliotekets Vanner Vallingby Hasselby Spanga,library,Ingen webbplats,2,Not relevant,Stockholm,"59,372232","17,89237",
Bibliotekets Vänner Kungsholmen,library,Ingen webbplats,2,Not relevant,Stockholm,"59,333027","18,042563",
Biblioteksbladet,library,http://biblioteksbladet.se/,2,Members magazin,Stockholm,"59,31321","18,08108",
Bibliotekstan,library,http://www.bibliotekstan.se/,2,Shopping mall,Stockholm,"59,3338834","18,0713647",
Geobiblioteket,library,Ingen webbplats,2,Uppsala,Stockholm,"59,365416","18,057124",
Havstruten,library,Ingen webbplats,2,Not relevant,Stockholm,"59,336876","18,072202",
Hedin Media,library,http://www.hedin.com/,2,Not relevant,Stockholm,"59,33047","17,938204",
Internationella Biblioteket,library,http://www.interbib.se,2,Not relevant,Stockholm,"59,343246","18,053541",
Kth Electrumbiblioteket,library,Ingen webbplats,2,Not found,Stockholm,"59,4051053","17,9489994",
Kungl Biblioteket,library,http://www.kb.se,2,Exists as Kungliga biblioteket,Stockholm,"59,336248","18,095665",
Rusta biblioteken,library,http://rustabiblioteken.se/,2,Event,Stockholm,"59,3362678","18,0592193",
Serafens bibliotek,library,http://www.stockholm.se,2,Not relevant,Stockholm,"59,33202","18,06417",
Slussen stockholm,library,Ingen webbplats,2,Not relevant,Stockholm,"59,32004","18,07133",
Tekniska Nämndhuset,library,http://www.stockholm.se,2,Not relevant,Stockholm,"59,332703","18,047999",
Tellus Fritidscenter,library,http://kultur.stockholm/tellus-fritdscenter,2,Closed,Stockholm,"59,3153404","18,0370297",
Traneberg Kullaberg,library,Ingen webbplats,2,Not relevant,Stockholm,"59,341754","17,98422",
Wasatornet Invest,library,Ingen webbplats,2,Not relevant,Stockholm,"59,3345408","18,0728059",
Стокгольмська громадська бібліотека,library,https://biblioteket.stockholm.se/,2,Not relevant,Stockholm,"59,34338","18,0543",
AB Storstad Medieproduktion,mass_media,http://www.storstadmedieproduktion.se/,2,,Stockholm,"59,3249033","18,0697558",
Abaton Produktion AB,mass_media,http://abaton.se/,2,,Stockholm,"59,336338","18,053309",
Adviser,mass_media,http://www.adviser.se/,2,,Stockholm,"59,3203307","18,0645211",
AGFO,mass_media,https://agfo.se/,2,,Stockholm,"59,3389636","18,0142577",
All Ears,mass_media,http://allears.ai/,2,,Stockholm,"59,32461","18,07149",
Another Media Group,mass_media,https://anothermedia.se/kontakt,2,,Stockholm,"59,3203309","18,0646004",
AR Media International,mass_media,https://www.armedia.se/,2,,Stockholm,"59,2973278","18,0165698",
Bankfinder.se,mass_media,https://www.bankfinder.se/,2,,Stockholm,"59,3136355","18,0748386",
Bergman Illustrerat,mass_media,http://Www.bergmanillustrerat.com/,2,,Stockholm,"59,3419474","18,0477729",
Bernskiold,mass_media,https://www.bernskiold.com/,2,,Stockholm,"59,3301406","18,0556318",
Black Pixel AB,mass_media,https://www.blackpixel.se/,2,closed,Stockholm,"59,3378269","18,0914185",
Blandaren,mass_media,http://www.blandaren.se/,2,,Stockholm,"59,35049","18,06999",
BrightBid,mass_media,http://brightbid.com/,2,,Stockholm,"59,3366133","18,0688934",
BrittonBritton,mass_media,http://www.brittonbritton.com/,2,,Stockholm,"59,33815","18,0670795",
Byggindustrin,mass_media,https://www.byggindustrin.se/,2,,Stockholm,"59,3270296","18,0153231",
Byggnadsarbetaren,mass_media,http://www.byggnadsarbetaren.se/,2,,Stockholm,"59,334622","18,0576111",
bytbil.com,mass_media,https://www.bytbil.com/,2,,Stockholm,"59,332257","18,053089",
Calidris Förlag,mass_media,https://www.calidrisforlag.se/,2,,Stockholm,"59,3282338","18,0052464",
Camabo Media Production,mass_media,https://camabomedia.se/,2,,Stockholm,"59,3451909","18,0461494",
CO.Film,mass_media,http://www.co-film.se/,2,,Stockholm,"59,313011","18,0536988",
Computer Sweden,mass_media,https://computersweden.idg.se/,2,,Stockholm,"59,31295","18,06828",
Dagligvarunytt,mass_media,http://www.dagligvarunytt.se/,2,,Stockholm,"59,32705","18,01527",
Damernas Värld,mass_media,https://damernasvarld.expressen.se/,2,,Stockholm,"59,32705","18,01527",
Dare Television,mass_media,http://www.daretelevision.com/,2,Closed,Stockholm,"59,3516665","18,1055401",
Di Gasell,mass_media,http://gasell.di.se/,2,,Stockholm,"59,3270493","18,0152702",
DN Kultur,mass_media,http://www.dn.se/dn-i-sociala-medier/,2,,Stockholm,"59,3279315","18,0153484",
Dramaski,mass_media,http://dramaski.se/,2,,Stockholm,"59,3434045","18,0524915",
Dwise,mass_media,http://www.dwise.se/,2,,Stockholm,"59,3372518","18,0721476",
ELLE Sverige,mass_media,https://www.elle.se/,2,,Stockholm,"59,3364851","18,0773061",
Fastighetsfolket,mass_media,http://www.fastighetsfolket.se/,2,,Stockholm,"59,3342122","18,0565904",
Fikra,mass_media,http://www.fikra.se/,2,,Stockholm,"59,315821","18,039994",
Freewater Pictures,mass_media,http://www.freewaterpictures.se/,2,,Stockholm,"59,405461","17,945894",
Friends Agenda,mass_media,http://www.friendsagenda.se/,2,,Stockholm,"59,3135912","18,0755487",
Frost Studio,mass_media,http://froststudio.se/,2,,Stockholm,"59,3488757","18,0470823",
Global Bar Magazine,mass_media,http://www.globalbar.se/,2,,Stockholm,"59,31539","18,07101",
Hell  Sinky,mass_media,https://hellsinky.art/,2,French,Stockholm,"59,30316","18,092347",
Hippson Premium,mass_media,https://www.hippson.se/,2,,Stockholm,"59,33425","18,0613",
Hockeysverige,mass_media,https://www.hockeysverige.se/,2,,Stockholm,"59,3342514","18,0613003",
HowCom,mass_media,https://www.howcom.se/,2,,Stockholm,"59,3354914","18,0331488",
Human Performance,mass_media,http://www.humanperformance.se/,2,,Stockholm,"59,3366688","18,0347642",
Jarowskij,mass_media,http://www.jarowskij.se/,2,,Stockholm,"59,343866","18,117125",
JCDecaux Sverige AB,mass_media,https://jcdecaux.se/,2,,Stockholm,"59,3356544","18,0725538",
King Street Media,mass_media,http://www.kingstreetmedia.se/,2,,Stockholm,"59,3360938","18,0709862",
Klara Färdiga Film,mass_media,http://www.klarafardigafilm.se/,2,,Stockholm,"59,33226","18,0579602",
Lava Förlag,mass_media,https://www.lavaforlag.se/,2,,Stockholm,"59,3282322","18,0052725",
LinQ Media Group,mass_media,http://Linqmg.com/,2,,Stockholm,"59,3360248","18,0299515",
Mastiff Sweden,mass_media,http://www.mastiff.se/,2,,Stockholm,"59,3438028","18,1163748",
Metropole Sverige,mass_media,http://www.metropole.se/,2,,Stockholm,"59,3175627","18,0478266",
Mobile Links Europe AB,mass_media,http://www.mobilelinks.se/,2,,Stockholm,"59,34294","18,11239",
Musit Musikproduktion och Ljudteknik,mass_media,Ingen webbplats,2,,Stockholm,"59,284535","17,991957",
Nanofilm,mass_media,http://www.nanofilm.se/,2,,Stockholm,"59,3463681","18,0414169",
News55,mass_media,http://www.news55.se/,2,,Stockholm,"59,33595","18,06988",
Nordic Success Publishing,mass_media,https://successpublish.se/,2,,Stockholm,"59,3416543","18,0908868",
Notrex,mass_media,https://www.notrex.se/,2,,Stockholm,"59,3363082","18,0626915",
Novoterm Translation AB,mass_media,https://www.novoterm.se/,2,,Stockholm,"59,3369691","18,0325094",
On Nox Pictures,mass_media,http://www.onnoxpictures.com/,2,,Stockholm,"59,3426391","18,0889839",
P3 Dokumentär,mass_media,http://sverigesradio.se/p3dokumentar,2,,Stockholm,"59,33464","18,10133",
Persian Events,mass_media,http://www.volek.info/,2,,Stockholm,"59,35","18,0667",
Politism,mass_media,http://politism.se/,2,Closed,Stockholm,"59,332226","18,052641",
Prat PR,mass_media,http://www.prat.se/blogg,2,,Stockholm,"59,3418926","18,0621465",
Rehnberg & Swartz,mass_media,http://rehnbergswartz.se/,2,,Stockholm,"59,33607","18,07507",
Rockshot,mass_media,http://www.rockshot.com/,2,,Stockholm,"59,3289975","18,0471683",
Råd & Rön,mass_media,http://www.radron.se/,2,,Stockholm,"59,315529","18,034833",
Scream,mass_media,http://www.scream.se/,2,,Stockholm,"59,33338","18,07583",
Shoot Locations,mass_media,http://www.shootlocations.se/,2,Closed,Stockholm,"59,341774","18,0383052",
Shopello,mass_media,https://www.shopello.se/,2,,Stockholm,"59,3320378","18,0680343",
Shortlist,mass_media,http://www.shortlist.se,2,,Stockholm,"59,3382312","18,038282",
SkyShowtime,mass_media,https://www.skyshowtime.com/se/social-terms/competition,2,,Stockholm,"59,33122","18,049233",
Slussen Building Services (Slussen.biz),mass_media,http://www.slussen.biz/,2,,Stockholm,"59,3552055","17,9601256",
SNASK,mass_media,http://www.snask.com/,2,,Stockholm,"59,3123034","18,0795494",
South Square Publishing,mass_media,http://www.squarepublishing.se/,2,,Stockholm,"59,3169642","18,0812541",
Språktidningen,mass_media,http://www.spraktidningen.se/,2,,Stockholm,"59,32356","18,07499",
StoryClub,mass_media,http://www.storyclub.se/,2,Closed,Stockholm,"59,33564","18,06464",
Sulkysport AB,mass_media,http://www.sulkysport.se/,2,,Stockholm,"59,33221","18,00695",
Svenska Barnprogram AB,mass_media,https://www.svtplay.se/bilakuten,2,,Stockholm,"59,2949947","17,9635696",
SVT Nyheter,mass_media,http://svt.se/,2,,Stockholm,"59,33553","18,10133",
Tale,mass_media,http://www.talecontent.se/,2,,Stockholm,"59,330501","18,0781201",
Talkshow i P1,mass_media,https://sverigesradio.se/talkshow-i-p1,2,,Stockholm,"59,3346405","18,1013298",
The Local Sweden,mass_media,https://thelocal.se/,2,,Stockholm,"59,3307236","18,0595506",
Tidningsutgivarna,mass_media,https://via.tt.se/pressrum/tu---medier-i-sverige?publisherId=953513,2,,Stockholm,"59,3343099","18,0585032",
Tidskriften Arkitektur,mass_media,http://www.arkitektur.se/,2,,Stockholm,"59,3341222","18,0900757",
Travronden,mass_media,https://www.travronden.se/,2,,Stockholm,"59,3533518","17,9570233",
Turbin,mass_media,http://turbin.se/,2,,Stockholm,"59,3189342","18,0713357",
Tönt,mass_media,https://www.tont.se/,2,,Stockholm,"59,3103252","18,0866957",
Viaplay Group,mass_media,https://www.viaplaygroup.com/,2,,Stockholm,"59,3100303","18,0592669",
Art N Dito,media_agency,http://artndito.se/,2,,Stockholm,"59,2944008","18,0707331",
Ballad Film,media_agency,http://www.balladfilm.se/,2,,Stockholm,"59,31293","18,07871",
Blås-Basen,media_agency,http://www.blas-basen.se,2,,Stockholm,"59,360692","17,870108",
Centralfilm,media_agency,http://www.centralfilm.se,2,,Stockholm,"59,29643","18,105346",
Copacabana Television,media_agency,Ingen webbplats,2,,Stockholm,"59,3371676","18,085591",
Dog Pound,media_agency,http://www.fido.se,2,,Stockholm,"59,303525","18,076834",
Drakfilm Produktion,media_agency,http://www.drakfilm.se,2,Closed,Stockholm,"59,312363","18,079517",
Driving Rain Pictures,media_agency,Ingen webbplats,2,????,Stockholm,"59,282956","17,91252",
Est E Ban,media_agency,http://www.esteban.se,2,,Stockholm,"59,345268","18,048506",
Fanny & Alexander Productions,media_agency,http://fannyalexander.se/,2,,Stockholm,"59,3105929","18,0820222",
Filmriding & Company,media_agency,http://www.filmriding.se/,2,,Stockholm,"59,3110489","18,0820173",
Fundament Film,media_agency,https://www.fundamentfilm.se/,2,,Stockholm,"59,3177235","18,0535405",
Getfilm,media_agency,Ingen webbplats,2,,Stockholm,"59,338321","18,052682",
Hacka Industries,media_agency,Ingen webbplats,2,???,Stockholm,"59,318897","18,036034",
Inter Stema AB,media_agency,http://www.interstema.se/,2,Closed,Stockholm,"59,379322","17,903886",
"Ljudolf, Musikstudio",media_agency,http://www.ljudolf.se/,2,closed,Stockholm,"59,3121645","18,0774551",
M A Studio,media_agency,http://www.mastudio.se,2,,Stockholm,"59,345028","18,084234",
Mediabruket,media_agency,Ingen webbplats,2,closed 2019,Stockholm,"59,3174956","18,0659712",
Mediaeffekt AB,media_agency,http://www.mediaeffekt.se/,2,,Stockholm,"59,3209723","18,0655412",
Most Film,media_agency,Ingen webbplats,2,???,Stockholm,"59,337158","18,090992",
Newsmakers,media_agency,http://www.newsmakers.se/,2,Closed,Stockholm,"59,301821","18,092806",
Resonator Stockholm AB,media_agency,http://www.resonatorstockholm.com/,2,,Stockholm,"59,331538","18,027465",
Riogrande Production Sweden,media_agency,http://www.oskargummesson.se,2,Closed,Stockholm,"59,33911","18,05186",
Riverside Records,media_agency,http://www.riverside-records.se,2,,Stockholm,"59,348028","18,050269",
Showpilot AB,media_agency,http://www.showpilot.se,2,,Stockholm,"59,314066","18,073811",
Spectre Industries,media_agency,Ingen webbplats,2,???,Stockholm,"59,3413289","18,0314829",
Stockholms Skepps och Byggnadsvårdshandel,media_agency,http://www.stockholmsskeppshandel.com,2,Closed,Stockholm,"59,3017718","18,0160561",
The Producers Sweden,media_agency,http://www.theproducers.tv,2,,Stockholm,"59,317428","18,071537",
Visuellt Ljud,media_agency,http://www.visuelltljud.se,2,,Stockholm,"59,3190912","18,0627054",
"Wolters Kluwer, Stockholm",media_agency,http://www.wolterskluwer.se/,2,,Stockholm,"59,338999","18,012425",
Yesterday Girl Records,media_agency,Ingen webbplats,2,???,Stockholm,"59,273756","18,112562",
Zenithmedia Sweden,media_agency,http://zenithmedia.se/,2,,Stockholm,"59,3163545","18,0751925",
DIVE Madhouse Stockholm Studio & Showroom,modern_art_museum,http://www.divemadhouse.com/,2,Not relevant,Stockholm,"59,3007476","18,0097287",
Highway Resurrected,modern_art_museum,Ingen webbplats,2,Not relevant,Stockholm,"59,25681","18,02714",
Restaurangen Moderna Museet,modern_art_museum,http://www.modernamuseet.se/,2,Restaurangen Moderna Museet,Stockholm,"59,3262756","18,0846936",
Slender MGMT,modern_art_museum,http://www.slendermgmt.se/,2,Closed,Stockholm,"59,3367","18,06325",
A very cool place,movie_television_studio,http://www.avcp.se/,2,,Stockholm,"59,3268099","18,0448643",
Aabbcc - We Fix It In Post,movie_television_studio,https://www.aabbcc.se/,2,,Stockholm,"59,3089764","18,0235372",
Alaska Film&TV,movie_television_studio,http://www.alaskafilmtv.com/,2,,Stockholm,"59,34301","18,11338",
Artona Stockholm AB,movie_television_studio,http://www.artona.se,2,no website,Stockholm,"59,325678","18,068958",
Atmo Stockholm,movie_television_studio,http://www.atmo.se/,2,,Stockholm,"59,3187745","18,0711801",
Bond Street Film Stockholm,movie_television_studio,http://www.bondstreet.se/,2,,Stockholm,"59,3488413","18,0469678",
Brokendoll,movie_television_studio,http://www.brokendoll.com,2,,Stockholm,"59,3165781","18,0726711",
BZE,movie_television_studio,http://www.bze.se/,2,,Stockholm,"59,3231503","18,0749184",
Casting Sthlm,movie_television_studio,http://www.castingsthlm.se/,2,No website,Stockholm,"59,343464","18,0574848",
Cinemantrix,movie_television_studio,https://www.cinemantrix.com/,2,,Stockholm,"59,3372967","18,0607937",
Cinematic,movie_television_studio,http://www.cinematic.se/,2,,Stockholm,"59,3179171","18,0482173",
Con Leche Films,movie_television_studio,https://conleche.se/,2,,Stockholm,"59,3182335","18,0361818",
Danviken Stereo,movie_television_studio,http://www.danvikenstereo.se/,2,,Stockholm,"59,34308","18,11976",
DETOP,movie_television_studio,Ingen webbplats,2,,Stockholm,"59,28018","17,97462",
Diggin Larry - We create moving content,movie_television_studio,http://www.diggin.se/,2,,Stockholm,"59,3166909","18,0504013",
DIKTATOR,movie_television_studio,http://www.diktator.tv,2,,Stockholm,"59,31967","18,06802",
EFN Ekonomikanalen,movie_television_studio,https://linktr.ee/efnekonomikanalen,2,,Stockholm,"59,3308134","18,0751028",
FABLEfx,movie_television_studio,http://www.fablefx.com/,2,,Stockholm,"59,3114086","18,0779129",
Film and Tell,movie_television_studio,https://www.filmandtell.com/,2,,Stockholm,"59,3185595","18,0253572",
FLX,movie_television_studio,http://www.flx.se/,2,No website,Stockholm,"59,3285798","18,0975725",
Gabardin,movie_television_studio,http://www.gabardin.se/,2,,Stockholm,"59,3187981","18,0562301",
Grandpa Electric,movie_television_studio,http://grandpaelectric.se/,2,,Stockholm,"59,316308","18,074496",
Greelistu,movie_television_studio,https://www.greelistu.com/,2,,Stockholm,"59,31813","18,06804",
Guldfabriken,movie_television_studio,https://guldfabriken.se/,2,,Stockholm,"59,2941234","18,066883",
happygoodtime.tv,movie_television_studio,http://happygoodtime.tv/,2,No website,Stockholm,"59,338021","18,010498",
Harmonica Films,movie_television_studio,http://www.harmonicafilms.se/,2,,Stockholm,"59,3056618","18,0848555",
Hobby Film,movie_television_studio,Ingen webbplats,2,,Stockholm,"59,318039","18,0544853",
Kraftlabbet,movie_television_studio,http://socialvideo.ninja,2,,Stockholm,"59,2921715","17,9954857",
Laika Film & Television AB,movie_television_studio,http://www.laikafilm.se/,2,,Stockholm,"59,3141403","18,0696602",
Light in a Room AB,movie_television_studio,http://www.lightinaroom.se/,2,,Stockholm,"59,2947441","18,0701176",
Lillasyster Produktion,movie_television_studio,http://www.lillasyster.se/,2,,Stockholm,"59,3009","18,09382",
LittleBig Productions,movie_television_studio,http://www.littlebig.se/,2,,Stockholm,"59,3181518","18,0680379",
Lunatic Speed,movie_television_studio,http://www.lunaticspeed.se/,2,,Stockholm,"59,3156666","18,0855894",
Made in Here,movie_television_studio,http://madeinhere.se/,2,,Stockholm,"59,3171406","18,0273751",
Mantaray Film,movie_television_studio,http://www.mantarayfilm.se/,2,,Stockholm,"59,3195462","18,0574241",
Media.monks Nordics,movie_television_studio,Ingen webbplats,2,,Stockholm,"59,3351333","18,071184",
Mediemerah,movie_television_studio,http://www.mediemerah.se/,2,,Stockholm,"59,3027364","18,089129",
Meter Television AB,movie_television_studio,Ingen webbplats,2,,Stockholm,"59,3412589","18,1226284",
Moment 22 Film & Video,movie_television_studio,http://www.moment22.se/,2,,Stockholm,"59,317364","18,02764",
NEP Studios Sweden,movie_television_studio,Ingen webbplats,2,,Stockholm,"59,389444","17,881446",
Njutafilms & Studio S (Bio),movie_television_studio,http://www.studiosentertainment.se/,2,,Stockholm,"59,3373149","18,0663963",
Plus 46 Studio AB,movie_television_studio,http://www.plus46studio.se/,2,,Stockholm,"59,3437314","17,9693334",
Programverket,movie_television_studio,http://www.programverket.se/,2,,Stockholm,"59,3095783","18,072649",
PW Casting,movie_television_studio,http://Www.pwcasting.se/,2,,Stockholm,"59,30676","18,07843",
Qruxel Productions,movie_television_studio,http://Qruxel.tv/,2,,Stockholm,"59,337009","18,0618145",
Ritualen,movie_television_studio,http://www.ritualen.com/,2,,Stockholm,"59,3136901","18,0639169",
SF Studios Sverige,movie_television_studio,http://sfstudios.se/,2,,Stockholm,"59,3384532","18,0615615",
Shortcut Media,movie_television_studio,http://www.shortcutmedia.se/,2,,Stockholm,"59,348873","18,0469299",
Slutet är Nära,movie_television_studio,http://slutetarnara.se/,2,,Stockholm,"59,317061","18,0469259",
Sound-O-Rama,movie_television_studio,Ingen webbplats,2,,Stockholm,"59,24846","18,09402",
Standout Studios,movie_television_studio,https://standoutstudios.se/,2,,Stockholm,"59,3273075","18,0426473",
Studio 24,movie_television_studio,http://www.studio24stockholm.com/,2,,Stockholm,"59,3378351","18,0815324",
Studio Adapt,movie_television_studio,http://www.studioadapt.se/,2,,Stockholm,"59,3371832","18,0519243",
Studio Gråskala,movie_television_studio,http://www.studiograskala.se/,2,,Stockholm,"59,3064194","17,9846191",
Studio RRS,movie_television_studio,http://www.rrs.se/,2,,Stockholm,"59,2943487","18,0712484",
Studio Styrman,movie_television_studio,Ingen webbplats,2,,Stockholm,"59,333839","18,0864086",
StudioS19,movie_television_studio,http://www.studios19.se/,2,,Stockholm,"59,3143322","18,0649001",
Sveriges Television,movie_television_studio,http://svt.se/,2,,Stockholm,"59,3367597","18,1027521",
SVT,movie_television_studio,http://www.svt.se,2,,Stockholm,"59,336783","18,102502",
SVT Tv-huset,movie_television_studio,svt.se,2,,Stockholm,"59,3367573","18,1027311",
Sweetwater Production,movie_television_studio,https://sweetwater.se/,2,,Stockholm,"59,33686","18,0766199",
The Cove - Studio,movie_television_studio,http://www.thecove.se/,2,,Stockholm,"59,3132875","18,0228199",
TriArt Film,movie_television_studio,http://www.triart.se/,2,,Stockholm,"59,3256753","18,0751396",
TV4,movie_television_studio,https://www.tv4play.se/,2,,Stockholm,"59,3494348","18,100912",
Unikatv,movie_television_studio,Ingen webbplats,2,,Stockholm,"59,3471048","18,065516",
YouStudios,movie_television_studio,http://youstudios.se/,2,,Stockholm,"59,3443718","18,0746899",
Arkea kulturmiljö,museum,https://arkeakulturmiljo.se/,2,ej museum,Stockholm,"59,2797411","18,0949469",
Ateljé13 Art School,museum,http://www.larasimonof.com/,2,enskild konstnär,Stockholm,"59,31952","17,98868",
Bonnierska porträttsamlingen,museum,Ingen webbplats,2,privat samling,Stockholm,"59,322689","18,136292",
Cornelis Vreeswijk Museet,museum,http://www.cornelis.se,2,Stängt 2011,Stockholm,"59,3253611","18,0699972",
Egyptiska museet i Stockholm,museum,Ingen webbplats,2,stängt 1954,Stockholm,"59,3226167","18,0740444",
Emma Toll och Fruntimmersakademin,museum,https://sites.google.com/emmatollochfruntimmersakademin.com/emmatollochfruntimmersakademin/home,2,unclerar digital presence,Stockholm,"59,3358346","18,0350489",
Ethnographic Museum Stockholm,museum,http://de.wikipedia.org/wiki/Ethnografisches_Museum_Stockholm,2,dublett,Stockholm,"59,3324808","18,1205028",
Föreningen Moderna Museets Vänner,museum,Ingen webbplats,2,,Stockholm,"59,333855","18,068356",
Geokronologiska museet,museum,Ingen webbplats,2,En samling men inget museum,Stockholm,"59,3653889","18,0572222",
Guldrummet,museum,Ingen webbplats,2,Del av Historiska museet,Stockholm,"59,3348367","18,0909792",
"Hovstaterna, Stockholms Slott Riddarholmskyrkan",museum,https://www.kungligaslotten.se/vara-besoksmal/riddarholmskyrkan.html,2,Inget egentligt museum?,Stockholm,"59,3262087","18,0718283",
Internetmuseum,museum,http://www.internetmuseum.se/,2,digitalt enbart,Stockholm,"59,3033529","18,0834961",
Judiska Museet,museum,http://www.judiska-museet.se,2,dublett och fel web adress,Stockholm,"59,3414611","18,0439722",
Konstens väggar i Råcksta,museum,http://www.konstvaggarna.se/,2,"closed 2016, enskild utställning",Stockholm,"59,3574603","17,8860436",
Kvadratmeter Arkeologi,museum,Ingen webbplats,2,inget museum,Stockholm,"59,255702","18,090309",
Leksaksland,museum,Ingen webbplats,2,verkar vara en utställning på Liljevalchs,Stockholm,"59,337008","18,057471",
Medicinhistoriska Museet,museum,https://www.medicinhistoriskastockholm.se/,2,"closed 2005, nu bibliotek",Stockholm,"59,328259","18,070524",
Monet's Garden Scandinavia,museum,http://monets-garden.se/,2,"closed, utställning",Stockholm,"59,3329811","18,1144075",
Musée de la Marine,museum,http://www.sjohistoriska.se/InEnglish/about.aspx/,2,dublett se nedan,Stockholm,"59,3325","18,115833",
Museo Nordico,museum,http://www.nordiskamuseet.se/category.asp?cat=187&amp,2,dubett se nedan,Stockholm,"59,329167","18,093333",
Musikverket,museum,http://www.musikmuseet.se,2,del av scenkonstmuseet,Stockholm,"59,333762","18,078034",
Möbeldesignmuseum,museum,https://www.mobeldesignmuseum.se/,2,endast digitalt sedan 2022,Stockholm,"59,3445044","18,1251927",
NAOM,museum,https://naom.co/en,2,konkurs 2024,Stockholm,"59,3339033","18,0642864",
National Museum Science and Technology,museum,Ingen webbplats,2,dublett se nedan,Stockholm,"59,3324506","18,1190064",
Nordiska museets matsal,museum,http://www.nordiskamuseetsmatsal.se,2,,Stockholm,"59,329285","18,093818",
Nyköpings Partihall,museum,Ingen webbplats,2,,Stockholm,"59,3854827","17,9017427",
Observatoriemuseet,museum,,2,"oklar status, stängt",Stockholm,"59,341761","18,054846",
Restaurang Nationalmuseum,museum,https://www.nationalmuseum.se/besök-museet/restaurangen,2,,Stockholm,"59,3285349","18,0774579",
Roslagsbanans Veterantågsförening,museum,http://www.roslagsbanan.com/,2,museijärnvägsförening,Stockholm,"59,34606","18,07071",
Sonotopia - Mälardalens Högskola & Historiska museet,museum,http://www.mdh.se/,2,,Stockholm,"59,33477","18,09097",
Statens Försvarshistoriska museer,museum,http://www.sfhm.se/,2,Detta organisationen bakom bla Armémuseum,Stockholm,"59,3348123","18,0803628",
Statens Historiska Museer,museum,http://www.shmm.se,2,Bakomliggande statlig organisation,Stockholm,"59,3353","18,088476",
Statens Maritima Museer,museum,https://www.smtm.se/,2,Bakomliggande statlig organisation,Stockholm,"59,3353","18,088476",
Stiftelsen Vin & Sprithistoriska Muséet,museum,http://www.vinosprithistoriska.se,2,dublett se ovan,Stockholm,"59,3270528","18,0939583",
Stigbergets Borgarrum,museum,http://www.stigbergetsborgarrum.se,2,dubett se ovan,Stockholm,"59,3172547","18,087058",
Stoccolma Vasa Museum,museum,Ingen webbplats,2,dublett se nedan,Stockholm,"59,3281761","18,0917933",
Stockholm City Museum,museum,https://stadsmuseet.stockholm,2,dublett se ovan,Stockholm,"59,3197124","18,0711118",
Stockholm Costume and Fashion Institute,museum,http://www.scfi.se/,2,closed 2017,Stockholm,"59,28972","18,08026",
Stockholm Maritiem Museum,museum,Ingen webbplats,2,dublett sjöhistoriska,Stockholm,"59,3294696","18,0925687",
Stockholm Medieval Museum,museum,http://www.medeltidsmuseet.stockholm.se,2,flyttat ingen fast lokal för tillfället,Stockholm,"59,3283333","18,0702778",
Stockholm Music Museum,museum,http://statensmusikverk.se/musikochteatermuseet/,2,del av scenkonstmuseet se ovan,Stockholm,"59,33351","18,0782",
Stockholm Observatory,museum,http://web.archive.org/web/http://www.astro.su.se/English/index.html,2,,Stockholm,"59,3415263","18,0546662",
Stockholm-Polis Museet,museum,Ingen webbplats,2,dublett,Stockholm,"59,3329832","18,1184652",
Stockholms Kvinnohistoriska,museum,http://www.kvinnohistoriska.se/,2,ingen egen lokal,Stockholm,"59,3175242","18,0706141",
Swedish Centre for Architecture and Design,museum,http://www.arkitekturmuseet-gaultier.com/,2,"ArkDes, se ovan",Stockholm,"59,3258525","18,084913",
The Choir,museum,http://www.thechoir.se/,2,"kör, koppling till abbamuseet",Stockholm,"59,3249572","18,0967043",
The Pattison Whisky Museum,museum,http://www.glenlochy.com/,2,endast digitalt?,Stockholm,"59,3268563","18,0446945",
Tullmuseet,museum,http://www.tullverket.se/museum,2,closed 2015,Stockholm,"59,3358504","18,029436",
Villa Lusthusporten,museum,Ingen webbplats,2,ej museum,Stockholm,"59,3286577","18,0976907",
Vvs museet i Bromma,museum,Ingen webbplats,2,dublett se ovan,Stockholm,"59,35705","17,95813",
Västra dockan på Beckholmen,museum,Ingen webbplats,2,ej museum,Stockholm,"59,321633","18,101867",
北歐博物館,museum,http://www.nordiskamuseet.se/category.asp?cat=187&amp,2,dublett se ovan,Stockholm,"59,329167","18,093333",
4sound Outlet,music_and_dvd_store,Ingen webbplats,2,Closed,Stockholm,"59,3391244","18,0375384",
Atlas Records,music_and_dvd_store,http://www.discogs.com/user/AtlasRecords,2,record store,Stockholm,"59,3391833","18,0364788",
Bendoula,music_and_dvd_store,http://www.rythmworks.se/,2,Courses,Stockholm,"59,278129","18,133524",
Bengans Stockholm,music_and_dvd_store,http://www.bengans.se/,2,record store online,Stockholm,"59,330192","18,0651294",
Brass Specialisten,music_and_dvd_store,http://www.brass-spec.se/,2,instruments,Stockholm,"59,3360349","18,0522819",
"Carl Wahren, Pianotekniker",music_and_dvd_store,Ingen webbplats,2,????,Stockholm,"59,318691","18,073419",
Cosmos Factory,music_and_dvd_store,Ingen webbplats,2,????,Stockholm,"59,341418","18,049389",
Dicentia,music_and_dvd_store,http://www.dicentia.se/,2,record store + prodoction,Stockholm,"59,40567235","17,9477754",
DLX Deluxe Music,music_and_dvd_store,http://www.dlxmusic.se/,2,instruments,Stockholm,"59,3340723","18,03048",
El Barrio,music_and_dvd_store,http://www.elbarriolatin.com,2,No website,Stockholm,"59,27206","18,08114",
EM Nordic Drums and Percussion,music_and_dvd_store,http://www.emnordic.se/,2,instruments,Stockholm,"59,2855812","17,9316204",
Film&Ting,music_and_dvd_store,http://www.filmochting.se/,2,No website,Stockholm,"59,3403989","18,0387162",
Filmkedjan Mariatorget,music_and_dvd_store,http://www.filmkedjan.com/,2,No website,Stockholm,"59,319041","18,062911",
Fiolaffären,music_and_dvd_store,http://www.fiolaffaren.se,2,instruments,Stockholm,"59,3182201","18,0305844",
Flygelcenter,music_and_dvd_store,http://www.flygelcenter.se,2,instruments,Stockholm,"59,3380611","18,0917446",
Gitarrspecialisten,music_and_dvd_store,http://www.nysse.com/,2,instruments,Stockholm,"59,340267","18,03754",
Gitarrtorget,music_and_dvd_store,http://www.gitarrtorget.se/,2,instruments,Stockholm,"59,336408","18,033834",
Golden Oldies Shop,music_and_dvd_store,http://goldenoldies.se/,2,record store,Stockholm,"59,3430843","18,0391249",
Got To Hurry Records,music_and_dvd_store,Ingen webbplats,2,No website,Stockholm,"59,3246534","18,0690533",
Gottfrid Johansson Musikinstrumenthandel,music_and_dvd_store,http://www.gottfridjohansson.se/,2,Online shop,Stockholm,"59,3354147","18,0642042",
Halkan's Rockhouse,music_and_dvd_store,http://Halkans.com/,2,instruments,Stockholm,"59,315716","18,072197",
High Fidelity,music_and_dvd_store,http://www.highfidelity.se/,2,Stereo shop,Stockholm,"59,3396714","18,0794253",
Hurricane Records,music_and_dvd_store,Ingen webbplats,2,No website,Stockholm,"59,339356","18,036607",
Indiska Filmer,music_and_dvd_store,http://www.indiskafilmer.se/,2,No website,Stockholm,"59,2607331","18,0121226",
JAM,music_and_dvd_store,http://www.jam.se/,2,Stereo shop,Stockholm,"59,3469489","18,0592916",
khamela,music_and_dvd_store,Ingen webbplats,2,????,Stockholm,"59,33063","18,06479",
Klaviatur Stockholm,music_and_dvd_store,https://klaviaturstockholm.se/,2,instruments,Stockholm,"59,3407667","18,0602629",
Little Shop of Records,music_and_dvd_store,http://www.littleshopofrecords.se/,2,No website,Stockholm,"59,316949","18,048728",
Ljudmakarn,music_and_dvd_store,http://www.ljudmakarn.se/,2,Stereo shop,Stockholm,"59,3366742","18,05874",
Premium Publishing,music_and_dvd_store,http://www.premiumpublishing.com/,2,Books and cd,Stockholm,"59,329085","18,0472326",
S Hellsten Musik,music_and_dvd_store,http://www.hellstonemusic.se/,2,instruments,Stockholm,"59,3183974","18,071057",
Skivbörsen,music_and_dvd_store,Ingen webbplats,2,https://www.facebook.com/skivborsensteriksgatan71,Stockholm,"59,338631","18,0356824",
Sound By Vinyl,music_and_dvd_store,http://www.soundbyvinyl.com/,2,Audio consultant,Stockholm,"59,3344972","18,0832463",
Sound Pollution Store,music_and_dvd_store,http://www.twitter.com/soundpollution1,2,Online store,Stockholm,"59,3247175","18,068273",
Stockholms Dragspelsservice,music_and_dvd_store,http://svenskdragspelsservice.se/,2,instruments,Stockholm,"59,3418007","17,9060548",
The Beat Goes On,music_and_dvd_store,http://www.beatgoeson.se,2,No website,Stockholm,"59,3382994","18,0353769",
These Go To 11,music_and_dvd_store,http://www.tgt11.com,2,instruments,Stockholm,"59,3140515","18,0769452",
Tip Top Musik,music_and_dvd_store,http://www.tiptop.se/,2,instruments,Stockholm,"59,3188218","18,075408",
Triphopshop,music_and_dvd_store,https://l.instagram.com/?u=http%3A%2F%2Fonlinetriphopshop.squarespace.com%2F&e=ATO9O2pnoMzOIP5_uRGNLnPwjC-m17MxtzO2KmSCd6caq9uFOaqL5sQYvCEi5A2G7fF9ezf7rGSlCbboCFR9LQ&s=1,2,No website,Stockholm,"59,34047","18,0305",
U S Video,music_and_dvd_store,http://www.usvideo.se/,2,Video store,Stockholm,"59,3373947","18,0674215",
Veteran HiFi,music_and_dvd_store,http://www.veteranhifi.se/,2,Audio high-end,Stockholm,"59,3425576","18,0335927",
Videoheat,music_and_dvd_store,http://www.videoheat.se/,2,No website,Stockholm,"59,32389","17,95641",
Vintage Violence Record Store,music_and_dvd_store,http://www.discogs.com/seller/vintage-violence,2,Records,Stockholm,"59,3245001","18,0722573",
Windcorp,music_and_dvd_store,http://www.windcorp.se,2,instruments,Stockholm,"59,3338013","18,0862103",
Ambiens,music_production,https://ambiens.studio/,2,composer for ads etc,Stockholm,"59,3167895","18,0502788",
Apear,music_production,http://www.apear.se/,2,audio mixing for ads etc,Stockholm,"59,332821","18,080169",
Austin Rhythm,music_production,Ingen webbplats,2,no website,Stockholm,"59,3463289","18,0446182",
Berget,music_production,Ingen webbplats,2,band?,Stockholm,"59,34326","18,0415",
Björk Studios,music_production,http://www.bjorkstudios.se/,2,,Stockholm,"59,3431489","18,0652173",
Borglab,music_production,http://www.borglab.se/,2,individual music producer,Stockholm,"59,2870784","18,1015763",
Brassakobra Studios,music_production,Ingen webbplats,2,composer for ads etc,Stockholm,"59,31467","18,00906",
Break My Heart,music_production,Ingen webbplats,2,private studio,Stockholm,"59,3134331","18,0815832",
BrightLight Music,music_production,http://www.mentalmonkyballet.com/,2,,Stockholm,"59,34928","18,064761",
Capitol Music Sweden,music_production,http://www.barngalaxen.se/,2,"""universal musics satsning för underhållning för barn och unga"", seems to be the manager for dollystyle?",Stockholm,"59,33513","18,09394",
Chrome Studios,music_production,Ingen webbplats,2,no website,Stockholm,"59,2898","18,06847",
City Recording Studio,music_production,https://www.cityrecording.com/,2,closed,Stockholm,"59,3313519","18,0473546",
Cosmos Mastering,music_production,http://www.cosmosmastering.com/,2,audio mastering,Stockholm,"59,3168442","18,0709272",
Cutting Room,music_production,http://www.cuttingroom.se,2,audio mastering,Stockholm,"59,3402173","18,0389116",
Dark Haven Studios,music_production,Ingen webbplats,2,no website,Stockholm,"59,3117257","18,0989206",
Dea Music,music_production,http://www.deamusic.se/,2,,Stockholm,"59,355617","18,100355",
Eson Studios,music_production,Ingen webbplats,2,no website,Stockholm,"59,2894346","18,1168786",
Fame Studios,music_production,http://www.famestudios.se/,2,event for bachelorettes etc,Stockholm,"59,3299456","18,0366609",
Farplane Studio,music_production,https://www.soundcloud.com/farplanestudio,2,individual producing music,Stockholm,"59,2730777","18,1260064",
Fascination Street Studios,music_production,Ingen webbplats,2,no website,Stockholm,"59,3161276","18,0095834",
Frid & Frid,music_production,http://www.fridandfrid.com/,2,audio mixing for ads etc,Stockholm,"59,318409","18,0542091",
Ghost Ward,music_production,http://www.ghostward.com/,2,individual producing music,Stockholm,"59,2980685","18,0707854",
House of Wizards,music_production,http://www.houseofwizards.com/,2,brand developing,Stockholm,"59,3472399","18,0644098",
Human & Machine,music_production,http://www.hummac.com/,2,no website,Stockholm,"59,319962","18,060204",
Indras Musikproduktion,music_production,Ingen webbplats,2,no website,Stockholm,"59,331955","18,014728",
Johan Hackman Musik,music_production,http://www.johanhackman.se/,2,freelancing musician,Stockholm,"59,3440675","18,1255049",
K51,music_production,Ingen webbplats,2,,Stockholm,"59,33624","18,05132",
King Island Roxystars Recordings,music_production,http://www.roxyrecordings.se,2,label,Stockholm,"59,331604","18,026408",
King2Music Records,music_production,http://www.king2music.com/,2,label,Stockholm,"59,2933115","18,1054276",
Klaman Musikproduktion,music_production,Ingen webbplats,2,no website,Stockholm,"59,309996","18,050727",
Klevgränd Produktion,music_production,https://klevgrand.com/,2,plugins for music production tools,Stockholm,"59,3199862","18,0592644",
Kombatant AB,music_production,http://www.kombatant.se/,2,sound design for ads,Stockholm,"59,3358454","18,084304",
Kultivator Studio,music_production,Ingen webbplats,2,no website,Stockholm,"59,27075","18,04536",
LevinStudios,music_production,http://www.stefanlevin.com/,2,,Stockholm,"59,339687","18,0374494",
Ljudbanken,music_production,Ingen webbplats,2,,Stockholm,"59,3147149","18,0813463",
Ljudbjörnen.com,music_production,http://www.ljudbjornen.com/,2,acoustic consultant,Stockholm,"59,3000475","18,0440997",
Loudkult,music_production,http://www.loudkult.com/,2,"""not just a record label, a movement""",Stockholm,"59,3355224","18,0539903",
Masters of audio,music_production,http://www.mastersofaudio.se/,2,audio mastering,Stockholm,"59,3369213","18,033103",
Misty Music AB,music_production,http://www.misty.se/,2,music for ads,Stockholm,"59,338186","18,093215",
Mnm Film & Musikproduktion,music_production,Ingen webbplats,2,,Stockholm,"59,3368893","18,0251018",
Moon Man Records,music_production,http://www.moonman.se/,2,,Stockholm,"59,33532","18,03027",
Music Solutions Sweden AB,music_production,http://www.musicsolutions.se/,2,sound for events,Stockholm,"59,2801437","18,0846782",
North Tropic Studio,music_production,http://www.andresduquecatalan.com/,2,no website,Stockholm,"59,37978","17,87959",
Northbound Stockholm,music_production,http://www.nbound.se/,2,label,Stockholm,"59,34824","18,0393599",
Novus Production,music_production,http://www.novusproduction.com/,2,no website,Stockholm,"59,317406","18,045203",
Nåck studios/ creative,music_production,https://www.instagram.com/nackstudiossthlm/,2,no website,Stockholm,"59,34607","18,05246",
Park Studios / Psykbunkern,music_production,http://www.parkstudios.se/,2,no website,Stockholm,"59,2831176","18,0270899",
Plan8,music_production,https://plan8.se/,2,sound mastering for ads,Stockholm,"59,3173604","18,0558423",
Polar Studios,music_production,http://www.polarstudios.se/,2,no website,Stockholm,"59,317958","18,056172",
Pr Entertainment,music_production,Ingen webbplats,2,no website,Stockholm,"59,341247","18,057845",
PrePost Studios,music_production,http://prepost.se/,2,soundbook/podcast studio,Stockholm,"59,3359228","18,0516013",
Purple Skull Music,music_production,http://www.purpleskullmusic.com/,2,audio production,Stockholm,"59,341897","18,050911",
Red Pipe Studios,music_production,http://www.redpipe.se,2,sound design for games,Stockholm,"59,3332297","18,0830657",
RedDoor Studio,music_production,Ingen webbplats,2,no website,Stockholm,"59,3408","18,05979",
Riddarborgen Studio,music_production,http://www.riddarborgen.com/,2,individual producing music,Stockholm,"59,34389","18,04528",
RMV Arresten,music_production,https://rmvarresten.com/,2,same as above,Stockholm,"59,32593","18,08382",
Runetone Records,music_production,Ingen webbplats,2,"label, no website",Stockholm,"59,32421","18,0691",
Saintpid Mastering,music_production,http://www.saintpid.se/,2,audio mastering,Stockholm,"59,2593318","17,9991748",
Sideshow Studios,music_production,Ingen webbplats,2,,Stockholm,"59,3011","18,097286",
Sonika Studio,music_production,http://www.sonika.studio/,2,,Stockholm,"59,312479","18,0763132",
Sony Music Publishing - Scandinavia,music_production,http://www.sonyatv.com/,2,,Stockholm,"59,3155","18,07511",
SOUNDALIZE,music_production,http://www.soundalize.se/,2,sound design,Stockholm,"59,29392","18,11202",
Sounday Production AB,music_production,http://www.soundayproductions.com/,2,sound design,Stockholm,"59,29486","18,0705672",
Staarsound,music_production,http://www.staarsound.se/,2,,Stockholm,"59,3141656","18,0800352",
Starlab Publishing,music_production,http://www.starlab.se/,2,publishing,Stockholm,"59,3161908","18,0125123",
Stay Sound Music Group,music_production,http://www.staysound.se/,2,music producer,Stockholm,"59,29417","18,02939",
Steriksplan1 Studios,music_production,http://www.steriksplan1.com/,2,no website,Stockholm,"59,3390571","18,0390665",
Studio Koyo,music_production,http://studiohathi.se/,2,mixing etc for ads,Stockholm,"59,30098","18,09813",
Stumm A-Tonstudio,music_production,Ingen webbplats,2,limited online precense,Stockholm,"59,3184267","18,0663325",
SubMob Studio,music_production,Ingen webbplats,2,,Stockholm,"59,2898","18,06847",
SW66Music,music_production,Ingen webbplats,2,,Stockholm,"59,3356974","18,0517645",
The Dustward,music_production,http://thedustward.nu/,2,,Stockholm,"59,3234265","18,0746639",
Underton,music_production,http://www.underton.com/,2,sound production ads,Stockholm,"59,31666","18,05017",
Voice Professional AB,music_production,http://www.voice.se/,2,sound production ads,Stockholm,"59,317512","18,074544",
Warner Music Sweden,music_production,http://www.warnermusic.se/,2,label,Stockholm,"59,3426659","18,0586509",
Adolf Fredrik Farsta,music_school,https://farstagrundskola.stockholm/det-har-ar-farsta-grundskola/,2,elementary school,Stockholm,"59,240491","18,0903807",
Adolf Fredriks Musikklasser,music_school,http://www.adolffredriksmusikklasser.stockholm.se,2,elementary school,Stockholm,"59,337999","18,04994",
DMG Education,music_school,http://www.dmgeducation.se/,2,music business education,Stockholm,"59,3185575","18,0253548",
Ellinor Fritz- Fiolpedagog & Musiker,music_school,http://ellinorfritz.com/,2,musician,Stockholm,"59,2866499","18,0895409",
Gibson App by Zoundio,music_school,https://www.gibson.app/,2,guitar app,Stockholm,"59,3171","18,0717",
Gitarrlärare & Trubadur Martin Ågren i Stockholm,music_school,https://martinagren.com/,2,musician,Stockholm,"59,332279","18,0185245",
Instrumentförrådet Kulturskolan Stockholm,music_school,https://kulturskolan.stockholm.se/instrumentforradet/,2,,Stockholm,"59,3461304","18,0561095",
Jürss Guitars,music_school,http://www.jurssguitars.com/,2,guitar maker,Stockholm,"59,2718973","18,0522747",
Provocals,music_school,http://www.provocals.se/,2,singer/ song teacher,Stockholm,"59,346791","18,0526115",
Soundvision,music_school,http://soundvisionstudios.se/,2,no website,Stockholm,"59,2850927","18,010144",
Sthlm Voice,music_school,http://www.sthlmvoice.com/,2,no website,Stockholm,"59,2911907","18,078303",
Amon Amarth Music,music_venue,Ingen webbplats,2,death metal band?,Stockholm,"59,29693","18,044273",
ART:ERY Music Group,music_venue,http://artery.net/,2,label,Stockholm,"59,318851","18,07465",
Bluesbaren,music_venue,http://www.bluesbaren.se/,2,No website,Stockholm,"59,3179695","18,056058",
Club Corner of the Sky,music_venue,Ingen webbplats,2,No website,Stockholm,"59,3369","18,08888",
Club Sheker,music_venue,Ingen webbplats,2,No website,Stockholm,"59,325055","17,9760613",
Con Accento Musikproduktion,music_venue,http://www.conaccento.com/,2,Producer,Stockholm,"59,338374","18,06697",
Cosmos Music,music_venue,http://www.cosmos-music.com/,2,Producer,Stockholm,"59,3183566","18,0557809",
DRAUGH,music_venue,https://www.instagram.com/draugh.metalbar/,2,Temporary,Stockholm,"59,3558203","18,04966",
EARLY MUSIC Sweden,music_venue,https://www.earlymusicsweden.se/,2,Festival,Stockholm,"59,313549","18,0735162",
Ekermanska Folkparken,music_venue,http://www.thorellssyndrom.se/,2,booking agents,Stockholm,"59,3122866","18,052366",
El Sabor Boliviano,music_venue,Ingen webbplats,2,Club temporary,Stockholm,"59,3896743","17,9299717",
Fartyget Vieille Montagne Festlokal,music_venue,http://www.festinfo.nu,2,Not relevant ,Stockholm,"59,3213031","18,0573626",
Gehrmans Musikförlag,music_venue,http://www.gehrmans.se/,2,publisher,Stockholm,"59,2988702","18,0134845",
Hamburg Sud Norden,music_venue,http://www.hamburgsud.com,2,Not relevant,Stockholm,"59,3489489","18,111958",
Hello Cleveland Music,music_venue,Ingen webbplats,2,???,Stockholm,"59,348442","17,881237",
Hus 7,music_venue,https://slakthusen.se/venue/hus-7/,2,Scene,Stockholm,"59,2926398","18,0797852",
Kammarmusik i Hjorthagen,music_venue,https://nortic.se/ticket/event/53560,2,Event,Stockholm,"59,35561","18,09932",
Kobalt Music,music_venue,https://www.kobaltmusic.com,2,Agency ,Stockholm,"59,3384149","18,0529889",
Kroumata,music_venue,Ingen webbplats,2,ensemble,Stockholm,"59,340267","18,03754",
Kungasalen,music_venue,Ingen webbplats,2,Scene,Stockholm,"59,343544","18,082048",
Marionetteatern,music_venue,http://www.marionetteatern.com,2,No website,Stockholm,"59,3367861","18,0695694",
Melodybox,music_venue,http://www.melodybox.se,2,No website,Stockholm,"59,2936401","17,9895535",
Musik Evenemang i Stockholm,music_venue,http://www.postern.se/,2,No website,Stockholm,"59,28686","17,90889",
Musikbörsen,music_venue,http://www.musikborsen.se,2,Shop,Stockholm,"59,314449","18,079711",
Musikbörsen Fridhemsplan,music_venue,http://www.musikborsen.se,2,Shop,Stockholm,"59,3366999","18,0341157",
Musikförläggarna,music_venue,http://www.musikforlaggarnaspris.se/,2,Event,Stockholm,"59,33795","18,05723",
Musiklådan,music_venue,Ingen webbplats,2,Shop ???,Stockholm,"59,290861","17,924802",
Musikproducenterna,music_venue,http://www.musikproducenterna.se/,2,No website,Stockholm,"59,343868","18,059583",
Musikstudio Stockholm,music_venue,Ingen webbplats,2,???,Stockholm,"59,33132","18,04747",
Piano och Musik Johannes Bergmark,music_venue,http://bergmark.org/piano,2,Piano tuner,Stockholm,"59,2682491","18,1283786",
"Pinebar Music AB, Replokaler I Stockholm",music_venue,http://replokal.se/,2,rehearsal space rental,Stockholm,"59,27791","18,09375",
Pop Dakar,music_venue,http://www.popdakar.nu/,2,No website,Stockholm,"59,363755","18,062991",
Pophouse Entertainment,music_venue,http://se.linkedin.com/pub/terence-evans/18/9a/a10/,2,Not relveant,Stockholm,"59,33233","18,06293",
Popkids Coolaste Barnkoren,music_venue,http://www.popkids.se/,2,barnkörverksamhet på skolor,Stockholm,"59,341837","18,028889",
RFoD - Riksförbundet för Folkmusik & Dans,music_venue,http://www.rfod.se/,2,"org, ingen lokal",Stockholm,"59,3313713","18,076195",
Rockhuset Frysboxen Musikförening,music_venue,Ingen webbplats,2,closed och avregistrerad (2023?,Stockholm,"59,2618102","18,0596028",
Statens Musikverk,music_venue,,2,org bakom bla scenkonstmuseet,Stockholm,"59,3375","18,04111",
Statens musikverk,music_venue,http://musikverket.se/,2,dublett se ovan,Stockholm,"59,3337202","18,0782182",
STIM,music_venue,http://www.stim.se/,2,org om rättigheter,Stockholm,"59,3163911","18,043802",
Stockholm Big Band Community,music_venue,http://www.teaterlederman.com/forestallningar/,2,ingen egen lokal,Stockholm,"59,3414729","18,0392578",
Sunday Night Jam,music_venue,Ingen webbplats,2,closed 2023,Stockholm,"59,31713","18,06009",
Svensk Musik,music_venue,http://www.svenskmusik.org/,2,"arkiv, ej venue",Stockholm,"59,316024","18,0439047",
Sweden MIDI Music AB,music_venue,http://swedenmidimusic.se/,2,nätbutik,Stockholm,"59,3408592","17,9777904",
T Record Musikstudio & Radioreklam,music_venue,Ingen webbplats,2,ingen scen,Stockholm,"59,3161696","18,0652517",
Templets Musikkår,music_venue,https://www.fralsningsarmen.se/Templet/Templet/Verksamhet--Grupper/Hornmusikkaren/,2,band,Stockholm,"59,34119","18,08146",
The Basement,music_venue,http://thebasement.gryt.com/,2,oklar status,Stockholm,"59,31574","18,0597",
The Glamtastic Vintage Jazz Club,music_venue,http://www.jazzproduktion.se/glamtastic,2,på Landet men de har paus nu,Stockholm,"59,29917","17,9962",
The Tiny Music Stockholm,music_venue,Ingen webbplats,2,"produktions, inspelning",Stockholm,"59,297601","18,048432",
Omega Records,music_venue,https://www.omegarecords.se/,2,skrivaffär,Stockholm,"59,34149","18,04948",
Viva Las Palmas,music_venue,Ingen webbplats,2,closed 2024 musikfestval?,Stockholm,"59,31769","18,02996",
We Deh Culture,music_venue,Ingen webbplats,2,ingen egen lokal,Stockholm,"59,33233","18,06293",
Wonderjam Live,music_venue,Ingen webbplats,2,ingen egen lokal,Stockholm,"59,3243317","18,0696059",
Yard,music_venue,http://www.yardsthlm.com/,2,Ingen egen lokal? ,Stockholm,"59,3368797","18,0302391",
7-Eleven,newspaper_and_magazines_store,https://www.7-eleven.se/,2,,Stockholm,"59,3360519","18,0701542",
ABTidningen Vi,newspaper_and_magazines_store,http://www.vi-tidningen.se,2,,Stockholm,"59,3262188","18,0630096",
Altinget.se,newspaper_and_magazines_store,http://www.altinget.se/,2,,Stockholm,"59,3236618","18,07439995",
Arbetslöshetskassan Vision,newspaper_and_magazines_store,http://www.akassanvision.se/,2,,Stockholm,"59,3360509","18,06636602",
Gula Tidningen,newspaper_and_magazines_store,http://www.gulatidningen.se,2,,Stockholm,"59,345791","18,037606",
Medborgarpress Stockholm,newspaper_and_magazines_store,Ingen webbplats,2,,Stockholm,"59,275948","17,906387",
Ostra Stations Godis och Tobak,newspaper_and_magazines_store,Ingen webbplats,2,,Stockholm,"59,346049","18,0709279",
Pressbyrån,newspaper_and_magazines_store,https://www.pressbyran.se/,2,,Stockholm,"59,330289","18,058906",
QX Förlag,newspaper_and_magazines_store,https://www.qx.se/,2,,Stockholm,"59,32036","18,0526418",
Rinkeby Press,newspaper_and_magazines_store,https://www.pressbyran.se/,2,,Stockholm,"59,38834","17,92827",
Savor Media AB,newspaper_and_magazines_store,http://www.savormedia.se/,2,,Stockholm,"59,3303","18,07844",
Stampen Lokala Medier,newspaper_and_magazines_store,,2,,Stockholm,"59,34215112","18,06405528",
Suavo Media,newspaper_and_magazines_store,https://www.suavomedia.se/,2,,Stockholm,"59,330704","18,0595276",
Tidningen Näringslivet,newspaper_and_magazines_store,http://www.tn.se/,2,,Stockholm,"59,33526","18,08302",
Tidningsspecialisten Odenplan,newspaper_and_magazines_store,Ingen webbplats,2,,Stockholm,"59,345395","18,060157",
Tidskriften Opera,newspaper_and_magazines_store,http://www.tidskriftenopera.se/,2,,Stockholm,"59,3162199","18,0291357",
Il Tabarro,opera_and_ballet,https://www.ticketmaster.se/,2,,Stockholm,"59,32079","18,06619",
Ballet Education Stockholm,performing_arts,http://balleteducationsthlm.se/,2,Closed,Stockholm,"59,3452084","18,0554104",
Min Veterinär - Evidensia,performing_arts,https://minveterinar.se/,2,Not relevant,Stockholm,"59,34323955","18,1129339",
Brunos Bildverkstad AB,photography_store_and_services,http://www.brunosbildverkstad.se/,2,photo store,Stockholm,"59,3247489","18,0699574",
Camera Nordic,photography_store_and_services,https://cameranordic.com/,2,photo store,Stockholm,"59,3376507","18,0515721",
DJI Store Stockholm,photography_store_and_services,https://djistoresverige.se,2,Drones,Stockholm,"59,3352907","18,0752563",
Fotograf Mathias Johansson,photography_store_and_services,https://www.fotograf-sthlm.se/,2,Artist Closed,Stockholm,"59,324124","18,0721681",
Fuji Foto Center Södermalm,photography_store_and_services,https://www.fotosodermalm.se/,2,photo store,Stockholm,"59,31784018","18,05321431",
FUJI FOTO Center Östermalm,photography_store_and_services,http://www.ostermalm.ffc.nu/,2,photo store,Stockholm,"59,3371669","18,0793878",
Fuji Fotocenter & Picture Express I Farsta,photography_store_and_services,http://www.pictureexpress.se/,2,photo store,Stockholm,"59,24298477","18,09140396",
Goecker AB,photography_store_and_services,https://goecker.se/,2,photo store,Stockholm,"59,3092429","18,0914337",
Gunnar Olssons Foto AB,photography_store_and_services,http://www.gofoto.se/,2,photo store,Stockholm,"59,3169333","18,0479196",
Kameradoktorn,photography_store_and_services,http://www.kameradoktorn.se/,2,photo store,Stockholm,"59,3392005","18,0680544",
Leica Specialist Stockholm - Wibergs Foto,photography_store_and_services,http://leicacenter.se/,2,Closed,Stockholm,"59,3398562","18,0803732",
Lennart Nilsson Photography,photography_store_and_services,http://www.lennartnilsson.com/,2,Artist,Stockholm,"59,32932624","18,06870955",
Rajala Pro Shop,photography_store_and_services,http://www.rajalaproshop.se,2,photo store,Stockholm,"59,3303883","18,0655324",
Scandinavian Photo,photography_store_and_services,https://www.scandinavianphoto.se/,2,photo store,Stockholm,"59,3301468","18,0600558",
Stockholm Fotografiska,photography_store_and_services,http://www.fotografiska.biz,2,photo store,Stockholm,"59,3180644","18,0564863",
Svenska Kort,photography_store_and_services,http://www.fotografiska.biz/,2,photo store,Stockholm,"59,3180066","18,0564662",
Aktuellt i Politiken,print_media,https://aip.nu/,2,Media,Stockholm,"59,3392524","18,0605278",
Alkohol & Narkotika,print_media,http://www.alkoholochnarkotika.se/,2,Media,Stockholm,"59,305686","18,0821228",
Allt om Mat,print_media,https://alltommat.expressen.se/,2,Media,Stockholm,"59,32705","18,01527",
Arbetaren,print_media,http://www.arbetaren.se/,2,Media,Stockholm,"59,3378027","18,0615606",
Axess Magasin & TV,print_media,http://www.axess.se/,2,Media,Stockholm,"59,334993","18,073054",
BarowiaksGlas,print_media,http://www.barowiaksglas.se/,2,Wrong cat,Stockholm,"59,3510973","17,9681642",
Bike Sverige,print_media,http://www.bike.se/,2,Media,Stockholm,"59,31784","18,00899",
Bättre kampanjer SE,print_media,Ingen webbplats,2,???,Stockholm,"59,3227249","18,0721959",
Fotografisk tidskrift,print_media,http://sfoto.se/,2,Artist member organization,Stockholm,"59,3327703","18,0803619",
Grundskolläraren,print_media,https://www.vilarare.se/grundskollararen,2,Media,Stockholm,"59,33642","18,07706",
Hem & Hyra,print_media,http://www.hemhyra.se/,2,Media,Stockholm,"59,3337535","18,0711746",
Hembakat,print_media,https://alltommat.expressen.se/,2,Media,Stockholm,"59,32705","18,01527",
Klassiker,print_media,http://www.klassiker.nu/,2,Media,Stockholm,"59,3491609","18,0476295",
Kollega,print_media,https://www.kollega.se/,2,Media,Stockholm,"59,335242","18,058191",
Land,print_media,https://www.land.se/,2,Media,Stockholm,"59,3390411","18,0142873",
Mitt i Östermalm,print_media,http://www.mitti.se/ostermalm,2,Media,Stockholm,"59,3382804","18,1001871",
Modern Psykologi,print_media,http://www.modernpsykologi.se/,2,Media,Stockholm,"59,33277","18,08103",
NORR Skandinavien-Magazin,print_media,http://www.norrmagazin.de/,2,Not Sweden Media,Stockholm,"59,33484","18,06966",
Ny Teknik Group,print_media,http://www.nyteknik.se/,2,Media,Stockholm,"59,33235","18,04786",
Nya Gamla Nyheter,print_media,Ingen webbplats,2,Media,Stockholm,"59,329035","18,0770898",
Nyhetsmagasinet Fokus,print_media,http://fokus.se/,2,Media,Stockholm,"59,33749","18,10101",
Nöjesguiden,print_media,http://ng.se/,2,Media,Stockholm,"59,3222621","18,0732386",
PC för Alla,print_media,https://pcforalla.se/,2,Media,Stockholm,"59,3129121","18,068321",
Polylino - Sprachförderung für frühpädagogische Einrichtungen,print_media,http://www.ilteducation.de/,2,Not Sweden Media,Stockholm,"59,30339","18,09446",
Resumé,print_media,https://www.resume.se/,2,Media,Stockholm,"59,32705","18,01527",
Runner's World Sweden,print_media,http://www.runnersworld.se/,2,Media,Stockholm,"59,3331216","18,0442089",
Stacking Stories,print_media,https://stackingstories.com/,2,Media,Stockholm,"59,3409045","18,0503545",
Stockholmsmagasinen AB,print_media,http://www.stockholmsmagasinen.se/,2,Media,Stockholm,"59,34097","18,11185",
Sveriges Natur,print_media,http://www.sverigesnatur.org/,2,Media,Stockholm,"59,3134878","18,075722",
Teknikhistoria,print_media,https://www.nyteknik.se/teknikhistoria/,2,Media,Stockholm,"59,34015","18,03505",
Tidningen PROpensionären,print_media,https://propensionaren.se/,2,Media,Stockholm,"59,321388","18,074685",
Tidningen Vi,print_media,https://vi.se/,2,Media,Stockholm,"59,3188929","18,0599406",
VIS - Nordic Journal for Artistic Research,print_media,http://www.visjournal.nu/,2,Media,Stockholm,"59,33943","18,10121",
Åka Skidor,print_media,http://www.akaskidor.se/,2,Media,Stockholm,"59,33637","18,09492",
سلسلة لغتي العربية,print_media,http://www.loug.se/,2,Not relevant,Stockholm,"59,33331","18,06476",
Bandit Rock,radio_station,http://www.bandit.se/,2,Radio station/show,Stockholm,"59,3100003","18,0592606",
Barnradion Sveriges Radio,radio_station,https://sverigesradio.se/barnradion,2,Radio station/show,Stockholm,"59,33464","18,10133",
Bauer Media Sverige,radio_station,http://bauermedia.se/,2,Radio station/show,Stockholm,"59,3271011","18,015331",
GOTT SNACK,radio_station,http://www.gottsnack.nu/,2,Radio station/show,Stockholm,"59,3092764","18,083182",
Gry Forssell med vänner,radio_station,http://www.mixmegapol.se/,2,Radio station/show,Stockholm,"59,32705","18,01527",
Melodikrysset,radio_station,https://sverigesradio.se/melodikrysset,2,Radio station/show,Stockholm,"59,3346405","18,1013298",
Mix Megapol,radio_station,http://www.mixmegapol.se/,2,Radio station/show,Stockholm,"59,32705","18,01527",
Munck Studios,radio_station,http://www.munckstudios.se/,2,Radio station/show,Stockholm,"59,3072767","18,0708101",
NRJ Sweden,radio_station,http://www.nrj.se/,2,Radio station/show,Stockholm,"59,3272141","18,0149494",
Radio Romano,radio_station,http://www.radioromano.se/,2,Radio station/show,Stockholm,"59,333671","18,0999327",
Spanarna i P1,radio_station,https://sverigesradio.se/spanarna,2,Radio station/show,Stockholm,"59,334692","18,1012926",
Artogrush,record_label,http://artogrush.com,2,No website,Stockholm,"59,397848","17,916361",
Bad Taste Empire,record_label,http://www.badtasteempire.com/,2,music company,Stockholm,"59,3142137","18,0833112",
BMG,record_label,https://www.bmg.com/,2,music company,Stockholm,"59,339046","18,0560029",
Epidemic Sound,record_label,https://www.epidemicsound.com,2,music company,Stockholm,"59,3136494","18,0764622",
Fashionpolice Records,record_label,http://lnk.bio/fashionpolice,2,music company,Stockholm,"59,34178","18,0589",
Filtr Kids,record_label,http://smarturl.it/FiltrKidsYoutube,2,music company,Stockholm,"59,33661","18,06044",
Hybris,record_label,http://www.hybr.is/,2,music company,Stockholm,"59,31321","18,08108",
Ifpi Sverige,record_label,http://www.ifpi.se/,2,music company,Stockholm,"59,3199588","18,0725803",
Ikons Music,record_label,http://www.ikonsmusic.com/,2,music company,Stockholm,"59,40401","17,93908",
Maluku Records,record_label,https://clozer.io/MalukuRecords,2,music company,Stockholm,"59,3343","18,08642",
Milkshake,record_label,Ingen webbplats,2,???,Stockholm,"59,3199588","18,0725803",
Playground Music Sweden,record_label,http://www.playgroundmusic.se/,2,music company,Stockholm,"59,3395974","18,058352",
PNKSLM Recordings,record_label,http://WWW.PNKSLM.COM/,2,music company,Stockholm,"59,3081545","18,0860708",
Prime Feelings,record_label,https://primefeelings.com/,2,music company,Stockholm,"59,31499","17,98724",
Prisma Music Group,record_label,http://www.prismamusicgroup.com/,2,music company,Stockholm,"59,3424597","18,0772631",
Sony Music Sweden,record_label,http://www.sonymusic.se/,2,music company,Stockholm,"59,33661","18,06044",
The Sublunar Society,record_label,http://www.sublunarsociety.com/,2,music company Closed?,Stockholm,"59,345859","18,054927",
Universal Music Sweden,record_label,http://www.universalmusic.se/,2,music company,Stockholm,"59,3352433","18,0937758",
Red Means Go,recording_and_rehearsal_studio,http://redmeansgo.se/,2,Media,Stockholm,"59,3305221","18,0029505",
Rösthantverkarna,recording_and_rehearsal_studio,https://rosthantverkarna.com/,2,Media,Stockholm,"59,2703706","18,0567592",
Bailalo Sweden,salsa_club,Ingen webbplats,2,Temporary,Stockholm,"59,33704","18,05956",
SALSAakademien,salsa_club,Ingen webbplats,2,Closed 2017,Stockholm,"59,3415644","18,0467081",
Björk & Carlsson,screen_printing_t_shirt_printing,http://www.bjorkcarlsson.se/,2,Not relevant,Stockholm,"59,3063152","17,9853211",
CC Tryck & Transfer,screen_printing_t_shirt_printing,https://www.cctryck.se/,2,Store,Stockholm,"59,294144","18,0716705",
Falkfilm,screen_printing_t_shirt_printing,http://www.falkfilm.se,2,Media producation,Stockholm,"59,3434565","18,0785342",
Feral,screen_printing_t_shirt_printing,http://www.feralwear.se/,2,No website,Stockholm,"59,29642","18,071908",
Amfiteatern,theaters_and_performance_venues,Ingen webbplats,2,public place,Stockholm,"59,297956","17,9872162",
Amfiteatern Rålambshovsparken,theaters_and_performance_venues,Ingen webbplats,2,public place,Stockholm,"59,327819","18,024975",
Hägerstensåsen,theaters_and_performance_venues,Ingen webbplats,2,public place,Stockholm,"59,2983899","17,9890813",
Långholmens Amfiteater,theaters_and_performance_venues,http://www.kulturhusetstadsteatern.se/parkteatern,2,public place,Stockholm,"59,3219802","18,0345661",
A Christmas Carol Stockholm,theatre,http://ww.blixten.se/show--teater/a-christmas-carol,2,Event,Stockholm,"59,3369","18,08888",
Abundo,theatre,http://bit.ly/2WLLbm3,2,Tickets,Stockholm,"59,3334405","18,0749549",
Adam Beyer,theatre,Ingen webbplats,2,Dj,Stockholm,"59,31753","18,052889",
"Alhambra, Stockholm",theatre,Ingen webbplats,2,Closed 1970,Stockholm,"59,3247222","18,1005556",
Amatörteaterns Riksförbund Stockholmsdistriktet,theatre,https://www.atr.nu/,2,Members organisation ,Stockholm,"59,310806","18,082462",
Artistgruppen Regnbågen,theatre,Ingen webbplats,2,Not relevant,Stockholm,"59,345618","17,915142",
Blancheteatern,theatre,Ingen webbplats,2,Closed 1961,Stockholm,"59,3324722","18,0698889",
c.off,theatre,http://www.coff.se/,2,Closed,Stockholm,"59,3493385","18,0626106",
Chain Operations,theatre,Ingen webbplats,2,???,Stockholm,"59,34381","18,09413",
Colombine Teaterförlag,theatre,http://www.colombine.se,2,publisher,Stockholm,"59,32401","18,07454",
Dahlstrand Jonas,theatre,Ingen webbplats,2,Not relevant,Stockholm,"59,304205","18,012468",
Daleskog Promotion Stockholm,theatre,Ingen webbplats,2,Closed,Stockholm,"59,3417322","18,1110567",
Doch Cirkushallen,theatre,http://www.doch.se,2,Wrong url,Stockholm,"59,3514","18,070087",
Draken Teaterförlag,theatre,http://www.drakenteaterforlag.se,2,publisher,Stockholm,"59,345585","18,058687",
Elevator Entertainment,theatre,Ingen webbplats,2,Closed,Stockholm,"59,331972","18,090095",
Face dell'Arte,theatre,http://www.teatersurra.se/,2,No website,Stockholm,"59,31459","18,0723",
Fria Teatern,theatre,http://www.friateatern.se,2,Closed,Stockholm,"59,2647166","18,0389778",
Fria Teatern,theatre,http://www.friateatern.se,2,Closed,Stockholm,"59,3297042","18,0446474",
GOproductions,theatre,http://www.goproductions.se/,2,Closed/ no website,Stockholm,"59,245034","18,100477",
Gröna Lundsteatern Klas Hallberg,theatre,http://www.gronalund.com/sv/Konserter-underhallning,2,Event,Stockholm,"59,3244357","18,0968984",
Habibnia Arsoun Behzad,theatre,Ingen webbplats,2,Enskild ,Stockholm,"59,338386","18,008825",
Helio,theatre,https://helio.se/,2,Coworking,Stockholm,"59,405227","17,951864",
Improvisation & Co,theatre,http://www.improco.se/,2,Spam,Stockholm,"59,348375","18,049181",
Isabella Thambert Estradskolan Stockholm,theatre,http://www.isabellathambert.se,2,Teacher,Stockholm,"59,3134577","18,0786382",
Kompani1Teater,theatre,http://www.kompani1.se/,2,Closed,Stockholm,"59,3362999","18,0799198",
Kristallsalongen,theatre,Ingen webbplats,2,Closed 1924!!!,Stockholm,"59,3247917","18,1015917",
Latinamerikanska Folkteatern,theatre,https://www.aliasteatern.com/,2,Fel länk/ Namn?,Stockholm,"59,3414776","18,0435717",
Mandragola Film & Teater,theatre,Ingen webbplats,2,Closed,Stockholm,"59,340719","18,052037",
Milford Film & Animation,theatre,http://www.milford.se/,2,Animation Studio,Stockholm,"59,3133606","18,0808164",
Mindre teatern,theatre,Ingen webbplats,2,Closed,Stockholm,"59,3311111","18,0730556",
Miro Studios artist- &  showskola,theatre,http://www.mirostudios.se/,2,No website,Stockholm,"59,3355958","18,0345397",
Musikalteatern,theatre,http://www.musikalteatern.com/,2,No website,Stockholm,"59,332992","18,04289",
Målarsalen Dramaten,theatre,http://www.dramaten.se/Infor-besoket/Scener/Malarsalen/,2,Part of Dramaten,Stockholm,"59,3331411","18,0773385",
Nöjeshunden,theatre,http://www.nojeshunden.se/,2,No website,Stockholm,"59,341941","18,065119",
"Odéonteatern, Stockholm",theatre,Ingen webbplats,2,Closed 1969,Stockholm,"59,3314167","18,0655278",
Parkteatern Vitabergsparken,theatre,http://kulturhusetstadsteatern.se/parkteatern/Spelplatser/hittahit-innerstad/?id=12269&epslanguage=en,2,Scene,Stockholm,"59,3106848","18,0912015",
Pippi Firar Jul,theatre,http://showtic.se/,2,Event,Stockholm,"59,3421385","18,0484626",
PMJ Artistgruppen,theatre,http://www.artistgruppen.se/,2,Pool of artists,Stockholm,"59,34612","18,0606",
Psykologer läser böcker,theatre,http://www.mosskin.se/,2,Not relevant ,Stockholm,"59,3387604","18,0601292",
Reformboden,theatre,Ingen webbplats,2,Not relevant,Stockholm,"59,341617","18,051834",
Reliable Production Stockholm,theatre,http://www.reliable.se/,2,Communication company,Stockholm,"59,324286","18,074604",
Rock The Moon Records,theatre,Ingen webbplats,2,???,Stockholm,"59,344054","18,093199",
Rörelseretorik,theatre,http://rorelseretorik.se/,2,Coach,Stockholm,"59,3024219","18,0013394",
Sagogrottan,theatre,http://www.sagogrottan.se/,2,No website,Stockholm,"59,3418219","18,0415814",
Sebastian Skarp Violinatelje,theatre,http://www.sebastianskarp.se,2,Artist,Stockholm,"59,3369975","18,0674604",
Siw Malmkvist Produktion,theatre,Ingen webbplats,2,Artist,Stockholm,"59,337769","18,088546",
Skogsfolket,theatre,Ingen webbplats,2,Event,Stockholm,"59,3111418","18,0998547",
Spaghettioperan Regina,theatre,http://spaghettioperan.se/,2,No website,Stockholm,"59,3359678","18,0592697",
Spegelteatern,theatre,http://www.spegelteatern.se,2,No website,Stockholm,"59,3167005","18,0644565",
Sternulfs Nöje AB,theatre,http://sternulf.se/,2,Producation company,Stockholm,"59,34804","18,05814",
Stockholm Film Commission,theatre,https://www.filmstockholm.se/stockholm-film-commission/,2,Consult,Stockholm,"59,3143243","18,0711234",
Stockholm Sentrum,theatre,Ingen webbplats,2,???,Stockholm,"59,3363568","18,071919",
Stockholms Elementära Teaterskola,theatre,http://www.set-teaterskola.com/,2,No website,Stockholm,"59,3095831","18,0682005",
Stockholms Saxofonkvartett,theatre,http://saxofonkvartetten.se/,2,No website,Stockholm,"59,346938","18,05738",
Stråkton Violinateljé,theatre,http://www.strakton.se,2,Violin store,Stockholm,"59,3457985","18,063106",
Studio Meisner,theatre,http://www.studiomeisner.se/,2,acting studio,Stockholm,"59,32485","18,0051099",
Sturen Strategy & Operations,theatre,Ingen webbplats,2,Conference ,Stockholm,"59,34771","17,914954",
Svarte Orm,theatre,http://www.svarteorm.com/,2,No website,Stockholm,"59,3421745","18,0483901",
Svensk Scenkonst,theatre,http://www.svenskscenkonst.se/,2,Members union,Stockholm,"59,3387532","18,0678629",
Teater Accént,theatre,http://www.teateraccent.se/,2,No website,Stockholm,"59,3357229","18,0538361",
Teater Alma,theatre,https://www.teateralma.se/,2,No website,Stockholm,"59,3095973","18,0683305",
Teater Hatten,theatre,http://www.teaterhatten.se/,2,No website,Stockholm,"59,321842","18,034299",
Teater Rival,theatre,http://www.rival.se/se/evenemang-noje,2,Closed,Stockholm,"59,318301","18,063681",
Teater Schahrazad,theatre,Ingen webbplats,2,Closed 1969,Stockholm,"59,318758","18,05721",
Teatern under bron,theatre,http://www.teaternunderbron.se/,2,No website,Stockholm,"59,31427","18,03365",
Teatersviten,theatre,Ingen webbplats,2,????,Stockholm,"59,333486","18,056055",
Tensta Islamisk Kultur Förening,theatre,Ingen webbplats,2,Not relevant ,Stockholm,"59,396622","17,898837",
The Production Office In Stockholm,theatre,http://www.tpo.se/,2,Event equipment,Stockholm,"59,338699","18,035089",
The Royal Stables,theatre,http://www.kungligaslotten.se,2,Not relevant ,Stockholm,"59,333192","18,078997",
Vällingby teater,theatre,http://www.vallingbyteater.se/,2,Closed,Stockholm,"59,3651568","17,8664635",
Improakademien,theatrical_productions,https://impro.se/,2,Agency,Stockholm,"59,3417551","18,041541",
Schultzberg Agency,theatrical_productions,http://www.schultzbergagency.com/,2,Agency,Stockholm,"59,31","18,08249",
Villman Produktion,theatrical_productions,https://www.villmanproduktion.se/,2,production company,Stockholm,"59,3403687","18,1028611",
Ö-gruppen improv,theatrical_productions,Ingen webbplats,2,production group,Stockholm,"59,34176","18,04154",
Barnängens Trädgård,urban_farm,Ingen webbplats,2,Allotment Garden,Stockholm,"59,3091534","18,0964361",
Hollbium,urban_farm,http://www.hollbium.com/,2,???,Stockholm,"59,33617","18,06965",
Freetrailer släputhyrning - Optimera Bromma,venue_and_event_space,https://freetrailer.com/se/samarbetspartners/optimera/,2,,Stockholm,"59,34808257","17,96576022",
IVA Konferenscenter,venue_and_event_space,http://www.ivakonferens.se/,2,,Stockholm,"59,33598387","18,07592781",
Optimera Bromma,venue_and_event_space,http://www.optimera.se/bygghandel/proffs/v%C3%A5ra-butiker/byggvaruhus-Bromma,2,,Stockholm,"59,347825","17,96581",
Polisen Stockholm city - Klara,venue_and_event_space,https://polisen.se/om-polisen/kontakt/polisstationer/stockholms-lan/stockholm-city/klara/?mtm_campaign=gmb&mtm_kwd=polisstation,2,,Stockholm,"59,330624","18,0577412",
The Park Forskaren,venue_and_event_space,https://thepark.se/,2,,Stockholm,"59,31168","18,0585835",
Unilabs Klara Strand röntgen,venue_and_event_space,https://www.unilabs.se,2,,Stockholm,"59,33143332","18,05275587",
DBY - Filmproduktion & Animation,video_film_production,https://www.dby.se/,2,production company,Stockholm,"59,34074023","18,02892837",
"Mediabolaget MB1, M Olsson",video_film_production,http://www.mediabolaget.com/,2,production company,Stockholm,"59,31744308","18,07498902",
Story One,video_film_production,http://www.storyone.se/,2,production company,Stockholm,"59,3071714","18,0714706",
GameShop,video_game_store,https://GameShop.se/,2,Shop,Stockholm,"59,33416","18,06506",
Hobbyisterna i Stockholm,video_game_store,https://alphaspel.se/om-oss/,2,shop role-playing games,Stockholm,"59,3058571","17,9868498",
Japon.se,video_game_store,http://www.japon.se/,2,Online store,Stockholm,"59,2957324","18,0538973",
Paradox Interactive,video_game_store,http://www.paradoxplaza.com,2,Online store,Stockholm,"59,31323","18,07129",
Agent Molly & Co,videographer,http://www.agentmolly.com/,2,Agency,Stockholm,"59,3150846","18,0914245",
Careplatform,videographer,https://www.careplatform.se/,2,Not relevant ,Stockholm,"59,40566238","17,95453718",
Formriket Studio,videographer,http://www.formriket.se/,2,No website,Stockholm,"59,3291577","18,0310529",
Memories by Yogesh,videographer,http://www.memoriesbyyogesh.com/,2,No website,Stockholm,"59,33258","18,06683",
Time Shop,vinyl_record_store,https://timeshop.se/,2,Closed / not relevant,Stockholm,"59,3351804","18,0626253",
Almstedt Ram AB,arts_and_entertainment,http://www.almstedtram.se/,2,seems closed 2024,Stockholm,"59,3181372","18,060198",
"Blundlund.co.,ltd",arts_and_entertainment,http://blundlund.com/,2,instagramkonto? Ingen lokal?,Stockholm,"59,32461","18,07403",
Måla och Skåla,arts_and_entertainment,https://malaochskala.se/,2,dublett,Stockholm,"59,3156989","18,0757825",
Måla och Skåla,arts_and_entertainment,https://malaochskala.se/,2,dublett,Stockholm,"59,3477124","18,0588922",
The Walt Disney Company Nordic,arts_and_entertainment,http://www.disney.se,2,film tv mm,Stockholm,"59,3323923","18,0527181",
Ekens koloniträdgårdsförening,attractions_and_activities,https://ekenkoloni.se/,2,Allotment garden,Stockholm,"59,2559231","18,1407641",
Hässelby Slotts Koloniträdgård,attractions_and_activities,www.hasselbyslottstradgardsforening.se,2,Allotment Garden,Stockholm,"59,3664054","17,8524223",
Iris koloniträdgårdsförening,attractions_and_activities,http://www.iriskoloni.se,2,Allotment Garden,Stockholm,"59,3445412","17,9360605",
Koloniträdgårdarna,attractions_and_activities,Ingen webbplats,2,Allotment garden,Stockholm,"59,314117","18,045585",
Listuddens Koloniträdgård,attractions_and_activities,Ingen webbplats,2,Allotment garden,Stockholm,"59,2602177","18,1391834",
Råcksta Fritidsträdgårdar,attractions_and_activities,Ingen webbplats,2,Allotment Garden,Stockholm,"59,3564869","17,8898167",
Skogsträdgården hos Bagisodlarna,attractions_and_activities,https://bagisodlarna.webnode.se/,2,Allotment Garden,Stockholm,"59,2787438","18,1348567",
Stugängen koloniförening,attractions_and_activities,http://www.stugangen.se/,2,Allotment Garden,Stockholm,"59,3528393","17,8556925",
Södra Årstalundens koloniområde,attractions_and_activities,http://sodraarstalunden.se/ny,2,Allotment Garden,Stockholm,"59,307911","18,060709",
Tanto Norra Koloniträdgårdsförening,attractions_and_activities,Ingen webbplats,2,Allotment Garden,Stockholm,"59,3139744","18,0460964",
Dianelunds Koloniträdgårdsförening,community_services_non_profits,http://www.dianelund.se/,2,Allotment Garden,Stockholm,"59,301515","18,065299",
Hjulsta koloniträdgård,community_services_non_profits,Ingen webbplats,2,Allotment Garden,Stockholm,"59,3941667","17,885",
Iris-Hornsbergs trädgårdskoloni,community_services_non_profits,Ingen webbplats,2,Allotment Garden,Stockholm,"59,3363889","18,0086111",
Karlbergs-Bro koloniförening,community_services_non_profits,Ingen webbplats,2,Allotment Garden,Stockholm,"59,3394444","18,0161111",
Kolonilotten Söderbrunn,community_services_non_profits,Ingen webbplats,2,Allotment Garden,Stockholm,"59,3563889","18,0622222",
"Koloniområdet Odlaren, Sköndal",community_services_non_profits,Ingen webbplats,2,Allotment Garden,Stockholm,"59,2580625","18,1346074",
Kolonitradgardsforeningen Linnea,community_services_non_profits,Ingen webbplats,2,,Stockholm,"59,3486002","17,9322614",
Lövsta Koloniträdgårdsförening,community_services_non_profits,http://lovstakoloni.se/,2,Allotment Garden,Stockholm,"59,38993","17,79458",
Riksby Kolonitradgardsomrade,community_services_non_profits,Ingen webbplats,2,Allotment Garden,Stockholm,"59,344137","17,9435435",
Skarpnäcks koloniträdgårdsförening,community_services_non_profits,http://koloni-skarpnack.se/,2,Allotment Garden,Stockholm,"59,2658298","18,112919",
Skarpnäcks koloniträdgårdsområde,community_services_non_profits,Ingen webbplats,2,Allotment Garden,Stockholm,"59,2682278","18,1113278",
Stora Mossens Kolonitradgardsforening,community_services_non_profits,Ingen webbplats,2,Allotment Garden,Stockholm,"59,3322701","17,9583283",
Åkeshov III koloniträdgårdsförening,community_services_non_profits,Ingen webbplats,2,Allotment Garden,Stockholm,"59,3337273","17,9346166",
Årstafältets koloniområde,community_services_non_profits,http://www.arstafaltetskoloniomrade.se/,2,Allotment Garden,Stockholm,"59,2891147","18,0475468",
Räven - F12 Söndagar,dance_club,http://terrassen.f12.se/,2,Terassen f12 finns men inte Räven,Stockholm,"59,32867","18,06441",
Pompa Shop,fashion,http://www.pompatheshop.com/,2,"edit: CLOSEDshows ""contemporary crafts"" by ""emerging designers"" and is according to themselves a community ",Stockholm,"59,3141631","18,0903374",
Beppo Ljudproduktion,music_production,http://www.beppo.se/,2,space for producing podcasts,Stockholm,"59,3202881","18,0526391",
Enskede Gards Kolonitradgardar,urban_farm,Ingen webbplats,2,Allotment Garden,Stockholm,"59,2886051","18,0642754",
Johannelunds Koloniträdgårdsföening,urban_farm,Ingen webbplats,2,Allotment Garden,Stockholm,"59,3410385","17,9823715",
Lilla Frescati Koloniförening,urban_farm,http://www.lillafrescati.se/,2,Allotment Garden,Stockholm,"59,3652372","18,0521003",
Linnéa Kortenslund,urban_farm,Ingen webbplats,2,Allotment Garden,Stockholm,"59,35012","17,92073",
Mälarpiraters Trädgård I Fredhäll,urban_farm,Ingen webbplats,2,Allotment Garden,Stockholm,"59,3292555","18,0007252",
Pungpinans Fritidsträdgårdar,urban_farm,Ingen webbplats,2,Allotment Garden,Stockholm,"59,2699964","18,1169251",
"Arkitekt Mats Åstedt, sar/msa",architectural_designer,https://www.houzz.se/experter/arkitekter/mats-aastedt-arkitekt-sar-msa-pfvwse-pf~312468870, ,"Also artist, New web",Stockholm,"59,293508","18,108361",
Atelier för Per Söderberg arkitektstudio & No Early Birds möbelkollektion,architectural_designer,http://www.noearlybirds.se/, ,Primarily furniture and interior design,Stockholm,"59,3415821","18,078853",
Cedervall Shapes,architectural_designer,http://cedervallshop.wpengine.com/?fbclid=IwAR1leCqfALRvm0-9Vn2qxYbtBe_AAKnHaDVn0qksYmBmxHEZiIg8mDX9ZKE, ,Not architecture but furniture shop etc,Stockholm,"59,3144212","18,0533789",
Packrummet - Slakthuset,dance_club,Ingen webbplats, ,Del av nattklubben Slakthuset,Stockholm,"59,29161","18,078707",
Stockholms stadsarkiv,museum,https://stadsarkivet.stockholm/, ,visningar ordnas men inget egentligt museum,Stockholm,"59,33","18,0494444",
Synth After Work,music_venue,https://www.facebook.com/synthafterwork/, ,fredagsevent ,Stockholm,"59,3233576","18,0707544",
Andetag,art_museum,http://andetag.museum/,,Is this an exhibition?,Stockholm,"59,3355683","18,0641842",
Måla och Skåla,arts_and_entertainment,https://malaochskala.se/,,svårt att kolla upp men detta dök upp https://malaochskala.se/ ,Stockholm,"59,3330811","18,0296451",
Högalids Oratoriekör,choir,https://www.svenskakyrkan.se/hogalid/hogalids-oratoriekor,,are choirs presidia?,Stockholm,"59,31708","18,03736",
Osqstämman,choir,https://osqstamman.com/,,are choirs presidia?,Stockholm,"59,346609","18,07347",
𝓟𝓸𝓵𝓲𝓼𝓴𝓸̈𝓻𝓮𝓷 𝓢𝓽𝓸𝓬𝓴𝓱𝓸𝓵𝓶,choir,http://www.poliskoren.se/,,are choirs presidia?,Stockholm,"59,33134","18,03733",
Sthlm Mass Choir,choir,http://www.sthlmmasschoir.se/,,are choirs presidia?,Stockholm,"59,3327276","18,0281319",
Stockholms manskör,choir,http://stockholmsmanskor.se/,,are choirs presidia?,Stockholm,"59,328575","18,050265",
Tensta Joyful Noise,choir,https://youtube.com/@tenstajoyfulnoise?si=ZUbpRHa_YXbW53I7,,are choirs presidia?,Stockholm,"59,39291","17,90252",
The EntertainMen,choir,http://www.entertainmen.se/,,are choirs presidia?,Stockholm,"59,27688","18,1328",
Vocal Colors,choir,https://kulturfyren.se/musik/vocal-colors/,,are choirs presidia?,Stockholm,"59,3247114","18,0712384",
Etage1,fashion,http://www.etage1.se/,,showroom and event space for interior design,Stockholm,"59,3139816","18,0569701",
MYO Make Your Own,fashion,http://www.makeyourown.se/,,has courses in textile crafts,Stockholm,"59,31749","18,05243",
Farmor Studio,music_production,http://www.farmorstudio.se/,,music recording studio,Stockholm,"59,3462236","18,0391314",
Nada Studio,music_production,http://www.nada.se/,,music recording studio,Stockholm,"59,3061","18,03496",
Oda Studios,music_production,http://www.odastudios.com/,,coworking space with music recording facilities,Stockholm,"59,3356518","18,0544209",
Riksmixningsverket/RMV Studio,music_production,http://www.rmvstudio.com/,,music recording studio,Stockholm,"59,3244008","18,0875395",
Rubadub Stockholm,music_production,http://www.rubadub.se/,,music recording studio,Stockholm,"59,3156845","18,0823207",
Trädgård på Spåret,urban_farm,Ingen webbplats,,Intressant Allotment Garden,Stockholm,"59,30663","18,05907",
Goodbye Kansas Studios,,http://goodbyekansasstudios.com/,,,Stockholm,"59,3038589","18,0872955",
Exit Games,arcade,Ingen webbplats,,,Stockholm,"59,308703","18,0792675",
HEY STHLM - Arkadspel i Stockholm,arcade,http://heysthlm.se/,,,Stockholm,"59,3425713","18,0525592",
Lutande Dörren,arcade,https://www.instagram.com/lutandedorren/,,,Stockholm,"59,3020672","18,0147719",
Framtidsmuseet,arcade,https://framtidsmuseet.com/,,,,,,
VREX Stockholm,arcade,http://www.VREX.se/,,,Stockholm,"59,3516585","17,9669809",
ARKIVIST Group,architect,https://www.arkivist.se/,,,Stockholm,"59,31550689","18,0751187",
Atlant Arkitekter,architect,https://www.atlantarkitekter.se/,,,Stockholm,"59,2725221","18,0569409",
Berglund Arkitekter,architect,http://berglundarkitekter.se/,,,Stockholm,"59,33604875","18,05648375",
Koch Arkitektkontor,architect,http://www.kocharkitekt.se/,,,Stockholm,"59,337632","18,0834281",
Metod Arkitekter,architect,https://www.metodarkitekter.se/,,,Stockholm,"59,3297674","18,04151806",
Rundquist arkitekter,architect,http://rundquist.se/,,,Stockholm,"59,31629239","18,08315059",
"Wilund Arkitekter och Antikvarier,",architect,http://www.wa2.se/,,,Stockholm,"59,3414403","18,0826195",
2BK arkitekter,architectural_designer,http://www.2bka.se/,,,Stockholm,"59,3174458","18,0631584",
AG arkitekter,architectural_designer,http://www.agarkitekter.se/,,,Stockholm,"59,3376478","18,0127796",
Ahlgren Edblom Olsson Wiklander Arkitekter,architectural_designer,http://www.aeow.se/,,,Stockholm,"59,316186","18,081187",
Ahlqvist & Almqvist Arkitekter,architectural_designer,http://www.ahlqvist-almqvist.se/,,,Stockholm,"59,31933","18,0698",
Ahrbom Arkitektkontor,architectural_designer,http://www.aop.se/,,,Stockholm,"59,322375","18,0740587",
AIX Arkitekter,architectural_designer,http://www.aix.se/,,,Stockholm,"59,3457997","18,037908",
Albert France-Lanord Architects,architectural_designer,http://www.af-la.com/,,,Stockholm,"59,3433184","18,0619504",
Alma Arkitekter,architectural_designer,http://www.almaarkitekter.se/,,,Stockholm,"59,320014","18,0550629",
Andreas Martin-Löf Arkitekter,architectural_designer,https://www.amlstudios.com/,,new web page,Stockholm,"59,3269121","18,0416013",
Appell Arkitektkontor,architectural_designer,http://www.appellarkitektkontor.se/,,,Stockholm,"59,316837","18,070932",
Archus,architectural_designer,http://www.archus.se/,,,Stockholm,"59,331088","18,0658",
Argo Arkitekter,architectural_designer,http://www.argoarkitekter.se/,,,Stockholm,"59,318025","18,0702996",
Arkitekterna Krook & Tjäder,architectural_designer,http://www.krook.tjader.se,,,Stockholm,"59,3488526","18,046124",
Arkitekturfabriken,architectural_designer,http://arkitekturfabriken.eu/,,,Stockholm,"59,3386248","18,0372692",
Arkivist Group AB,architectural_designer,http://www.arkivist.se/,,See also above (architect),Stockholm,"59,2978998","18,0756756",
Art On Glass - Peter Ahlén,architectural_designer,http://www.artonglass.se/,,,Stockholm,"59,33524","18,02747",
Ascape,architectural_designer,http://www.ascape.se/,,,Stockholm,"59,3184061","18,0635302",
Askhagen Arkitektkontor,architectural_designer,https://www.askhagen.se/,,,Stockholm,"59,3253888","18,0719522",
AT-studio.se,architectural_designer,http://At-studio.se/,,,Stockholm,"59,293758","17,9647299",
Backhans & Ed Arkitekter,architectural_designer,https://www.backhansed.se/,,,Stockholm,"59,3155377","18,0750992",
BAU,architectural_designer,http://www.bau.se/,,,Stockholm,"59,3456279","18,0373638",
Belatchew,architectural_designer,http://www.belatchew.com/,,,Stockholm,"59,3125624","18,0995812",
Bergkrantz Arkitekter,architectural_designer,http://www.bergkrantz.se/,,,Stockholm,"59,323761","18,073024",
Blank Arkitekter,architectural_designer,http://www.blankark.se/,,,Stockholm,"59,3451679","18,0556675",
Brunnberg & Forshed Arkitektkontor AB,architectural_designer,http://www.brunnbergoforshed.se/,,,Stockholm,"59,3340116","18,098063",
Brut Natur - Curated Cabins,architectural_designer,http://www.brutnatur.se/,,,Stockholm,"59,31409","18,08009",
BSK Arkitekter,architectural_designer,http://www.bsk.se/,,,Stockholm,"59,315495","18,0751115",
Butong Concrete Innovation,architectural_designer,http://www.butong.eu/,,,Stockholm,"59,3448143","17,9574171",
Byggfenomen,architectural_designer,http://byggfenomen.se/,,,Stockholm,"59,3189216","18,0354448",
Carlson Arkitekter,architectural_designer,http://www.carlsonark.com/,,,Stockholm,"59,334573","18,0856542",
Carlstedt Arkitekter AB,architectural_designer,http://www.carlstedtark.se/,,,Stockholm,"59,3208258","18,0539353",
Claesson Koivisto Rune Architects,architectural_designer,http://claessonkoivistorune.se/,,,Stockholm,"59,3104217","18,0784105",
Codesign Sweden,architectural_designer,http://www.codesign.se,,,Stockholm,"59,33834","18,06122",
Daniel Fagerberg Arkitekter,architectural_designer,https://strombro.se/,,New name and new web address,Stockholm,"59,316758","18,06783",
Dap Stockholm,architectural_designer,http://www.dapstockholm.se,,,Stockholm,"59,338753","18,068023",
Detail Group,architectural_designer,http://www.detailgroup.se/,,,Stockholm,"59,31038","18,0670778",
Dinelljohansson,architectural_designer,http://www.dinelljohansson.se/,,,Stockholm,"59,3367632","18,0613662",
Doos Architects,architectural_designer,http://www.doos.se/,,,Stockholm,"59,3294902","18,0460715",
ElinderSten,architectural_designer,http://www.elindersten.se/,,,Stockholm,"59,3352353","18,0643748",
Enflo Arkitekter ab,architectural_designer,http://www.enflo.se/,,,Stockholm,"59,336073","18,025404",
Equator Stockholm,architectural_designer,http://www.equator.se/,,,Stockholm,"59,335253","18,0642045",
Esencial AB,architectural_designer,http://www.esencial.se/,,,Stockholm,"59,3178611","18,0687137",
Ettelva Arkitekter /,architectural_designer,http://www.ettelva.se/,,,Stockholm,"59,3149429","18,0551756",
Forslunds Arkitekter,architectural_designer,http://f-a.se/,,,Stockholm,"59,3297868","18,0402812",
Förnuftig Arkitektur AB,architectural_designer,http://fornuftig.nu/,,,Stockholm,"59,3276009","18,0120345",
Gatun Arkitekter,architectural_designer,http://www.gatun.se/,,,Stockholm,"59,3136711","18,0759506",
Gimme-shelter,architectural_designer,https://gimme-shelter.se/,,,Stockholm,"59,3363769","18,0791944",
Gordons Project,architectural_designer,http://www.gordons.se,,,Stockholm,"59,300955","18,093987",
Granit Arkitekter,architectural_designer,http://freckeus.se/,,,Stockholm,"59,33212","18,08013",
H arkitektur,architectural_designer,https://harkitektur.se/,,,Stockholm,"59,308347","18,091638",
HOW Arkitekter,architectural_designer,http://www.howarkitekter.se/,,,Stockholm,"59,325231","18,0677608",
Husverket,architectural_designer,http://www.husverket.se/,,,Stockholm,"59,2429389","18,0933351",
Interior Design & Architecture.TF Project & Concept AB.,architectural_designer,http://www.tonyfernandez.se/,,Not clear where based,Stockholm,"59,2769303","18,0148668",
Joliark,architectural_designer,https://joliark.se/,,,Stockholm,"59,3137906","18,0812103",
Jordens Arkitekter,architectural_designer,http://www.jordens.se/,,,Stockholm,"59,3433954","18,1157775",
Kanozi Arkitekter,architectural_designer,https://www.kanozi.se/,,Added web page,Stockholm,"59,32318","18,0721",
Kask Arkitekter,architectural_designer,http://www.kask.se/,,,Stockholm,"59,3430825","18,07054",
Kjellander Sjöberg Arkitektkontor,architectural_designer,http://kjellandersjoberg.se/,,,Stockholm,"59,3141677","18,0568386",
KlarkZenit,architectural_designer,http://www.klarkzenit.se/,,,Stockholm,"59,3283611","18,0468216",
Kockum Luttinger Söderström arkitetkontor,architectural_designer,http://www.kls-ark.se/,,,Stockholm,"59,32378","18,07263",
Kod Arkitekter,architectural_designer,http://www.kodarkitekter.se/,,,Stockholm,"59,33336","18,08179",
Kontur Arkitektkontor,architectural_designer,http://www.kontur.se,,,Stockholm,"59,322629","18,0727684",
Lindberg Stenberg Arkitekter,architectural_designer,http://www.lindbergstenberg.se,,,Stockholm,"59,3202602","18,0679576",
Link Arkitektur,architectural_designer,http://www.linkarkitektur.se,,,Stockholm,"59,306004","18,096645",
Ljusrum Lindahl Löfgren,architectural_designer,http://www.ljusrum.se,,Much design,Stockholm,"59,3076583","18,0678525",
LLP Arkitektkontor AB,architectural_designer,http://www.llp.se/,,,Stockholm,"59,31795","18,07678",
Lomar Arkitekter,architectural_designer,http://www.lomar.se/,,,Stockholm,"59,3328377","18,0407766",
LumenArkitekter,architectural_designer,http://www.lumenarkitekter.se/,,,Stockholm,"59,33568","18,05044",
Lundgren Guldhammer Arkitekter,architectural_designer,https://www.lundgrenguldhammer.com/,,,Stockholm,"59,3193218","18,0606941",
Marge Arkitekter,architectural_designer,http://www.marge.se/,,,Stockholm,"59,3287819","18,0433761",
Margen Wigow Arkitektkontor,architectural_designer,http://www.margenwigow.se/,,Same address as LLP Akritektkontor,Stockholm,"59,3178201","18,0765438",
Marxarkitektur.se,architectural_designer,http://www.marxarkitektur.se/,,,Stockholm,"59,2586861","18,0928736",
MER Arkitekter,architectural_designer,http://www.mer.se/,,,Stockholm,"59,3206683","18,0518356",
Metropolis Arkitekter,architectural_designer,http://metark.se/,,,Stockholm,"59,3423298","18,0902494",
Millimeter Arkitekter AB,architectural_designer,http://www.millimeter.se/,,,Stockholm,"59,315016","18,0551983",
Morota Staaf Arkitekter,architectural_designer,http://www.morotastaaf.se/,,,Stockholm,"59,3249804","18,0686581",
Murman Arkitekter,architectural_designer,http://www.murman.se/,,,Stockholm,"59,31942","18,0704212",
Nivis Pluma,architectural_designer,http://Www.nivispluma.it/,,Based in Stockholm but on an Italian web domain.,Stockholm,"59,3234442","18,0748806",
Nyréns Arkitektkontor,architectural_designer,http://www.nyrens.se/,,,Stockholm,"59,3128183","18,0677431",
Näslund Arkitektur,architectural_designer,http://www.naslundarkitektur.se/,,,Stockholm,"59,342266","18,0911144",
O2A-oxygen architects,architectural_designer,https://www.o2a.se/arkitekt-tjanster,,,Stockholm,"59,3405289","18,0794662",
ORIGO arkitekter,architectural_designer,http://www.origoark.se/,,,Stockholm,"59,3283787","18,0468278",
OWC Arkitekter AB,architectural_designer,http://www.owc.se/,,,Stockholm,"59,332565","18,08717",
PAJU Arkitektur,architectural_designer,http://www.paju.se/,,,Stockholm,"59,3240351","18,0708017",
Part Bukowska,architectural_designer,http://www.partbukowska.com/,,,Stockholm,"59,3295384","18,0469493",
Pavilion Living,architectural_designer,http://www.pavilionliving.se/,,,Stockholm,"59,335153","18,08684",
Pelago arkitektur,architectural_designer,http://www.pelagoark.se/,,,Stockholm,"59,3348359","18,0817535",
petragipp arkitektur,architectural_designer,http://www.gipparkitektur.se/,,,Stockholm,"59,3135185","18,0792809",
Pietsch Arkitekter,architectural_designer,http://www.pietscharkitekter.se/,,,Stockholm,"59,3179201","18,0719493",
Reflex Arkitekter,architectural_designer,https://reflexark.se/,,,Stockholm,"59,3162724","18,0825256",
Rex Arkitektbyrå AB,architectural_designer,https://www.rexark.se/,,,Stockholm,"59,3378246","18,0743634",
Ripellino Arkitekter,architectural_designer,http://www.ripellino.se/,,,Stockholm,"59,3161826","18,0831144",
RKEE,architectural_designer,Ingen webbplats,,Very small practice but RKEE exists as a company,Stockholm,"59,34079","18,08402",
Rundquist arkitekter,architectural_designer,https://rundquist.se/,,New web address,Stockholm,"59,30151","18,09035",
"Ryk, Fransson och Petza arkitektkontor",architectural_designer,http://www.rfparkitekter.se/,,,Stockholm,"59,3314446","18,0478856",
S-XL Architects,architectural_designer,http://www.sxlarchitects.com/,,,Stockholm,"59,3124767","18,0963248",
Sack Silvasti Arkitekter ,architectural_designer,http://www.sacksilvasti.se/,,,Stockholm,"59,3438534","18,0707081",
sandellsandberg Arkitekter,architectural_designer,http://www.sandellsandberg.se/,,,Stockholm,"59,3457299","18,0568322",
Scapeous arkitekter,architectural_designer,http://www.scapeous.se/,,,Stockholm,"59,3145088","18,0566542",
Scharc Group,architectural_designer,http://www.scharc.com,,,Stockholm,"59,2980195","17,9916223",
Snidare Arkitekter AB,architectural_designer,http://www.snidare.se/,,,Stockholm,"59,315487","18,0751156",
Sober Interior Design & Homestyling,architectural_designer,Ingen webbplats,,Interior design,Stockholm,"59,349371","18,0572007",
Stamuli AB,architectural_designer,http://www.stamuli.com/,,,Stockholm,"59,3090604","18,067205",
Stockholm Werkstätte AB,architectural_designer,http://www.stockholmwerkstatte.se/,,Interior design and art,Stockholm,"59,3419155","18,059457",
Strata Arkitektur,architectural_designer,http://www.outerspacearkitekter.se/,,,Stockholm,"59,3175054","18,0342944",
Strategisk Arkitektur,architectural_designer,http://www.strategiskarkitektur.se,,,Stockholm,"59,3304983","18,0646812",
Strombro Building Workshop,architectural_designer,http://www.strombro.se/,,,Stockholm,"59,31812","18,06699",
Studio Persia,architectural_designer,http://www.studiopersia.com/,,Mainly design but some architecture,Stockholm,"59,3324137","18,0959687",
Studio Stockholm Arkitektur,architectural_designer,http://www.studiostockholm.se/,,,Stockholm,"59,3168101","18,0708588",
SUITE Arkitekter,architectural_designer,https://suite-arkitekter.com/,,Interior design,Stockholm,"59,34251","18,05889",
Sweco,architectural_designer,http://www.sweco.se,,,Stockholm,"59,3278212","18,017916",
SWMS arkitektur,architectural_designer,http://www.swms.se/,,,Stockholm,"59,34397","18,0485599",
Talk To,architectural_designer,http://www.talkto-official.se/,,Inredningsdesign,Stockholm,"59,3411829","18,0747823",
Tham & Videgård Arkitekter,architectural_designer,http://www.tvark.se/,,,Stockholm,"59,3107007","18,0766522",
Thomas Eriksson Arkitektur & Design,architectural_designer,http://tea.se/,,,Stockholm,"59,3456121","18,0373445",
Tillsammans,architectural_designer,http://www.tillsammans.com/,,,Stockholm,"59,3304036","18,0299506",
Total Arkitektur och Urbanism Tau,architectural_designer,http://totalarkitektur.se/,,,Stockholm,"59,3264447","18,0215308",
Tradition Arkitekter,architectural_designer,http://www.traditionarkitekter.se/,,,Stockholm,"59,3423235","18,0686802",
Tussilago Arkitekter,architectural_designer,http://www.tussilagoarkitekter.se/,,,Stockholm,"59,292802","17,990819",
U.D. Urban Design AB,architectural_designer,http://www.urbandesign.se/,,,Stockholm,"59,3088978","18,0912134",
Unna Design,architectural_designer,http://unna.se/,,Interior design,Stockholm,"59,3003513","18,0287226",
Urban Minds,architectural_designer,http://www.urbanminds.se/,,,Stockholm,"59,3156505","18,0757282",
Vardag arkitekter,architectural_designer,http://www.vardag.se/,,,Stockholm,"59,3110568","18,0564869",
Varg Arkitekter,architectural_designer,http://www.vargarkitekter.se/,,,Stockholm,"59,3163199","18,0833128",
Vida Arkitektkontor,architectural_designer,http://www.vidastockholm.com/,,,Stockholm,"59,3388464","18,0575853",
Waldemarson Berglund Arkitekter,architectural_designer,http://www.waldemarson.se/,,,Stockholm,"59,333548","18,082816",
Wester + Elsner Arkitekter,architectural_designer,http://www.wester-elsner.se/,,,Stockholm,"59,3299896","18,0772632",
White Arkitekter,architectural_designer,http://www.white.se,,,Stockholm,"59,3045311","18,0803569",
Winroth Arkitekter AB,architectural_designer,http://www.winrotharkitekter.se/,,,Stockholm,"59,3156822","18,0310068",
Witte Sundell,architectural_designer,https://www.wittesundell.se/,,,Stockholm,"59,3155348","18,0355288",
Yxfeldt Arkitekter,architectural_designer,http://framark.se/,,,Stockholm,"59,3350991","18,086856",
ZIN Arkitektur,architectural_designer,http://www.zinark.se/,,,Stockholm,"59,3283857","18,0467777",
ZOEN ab,architectural_designer,https://www.zoen.se/,,Landscape archotecture,Stockholm,"59,2560238","18,0821149",
ÅWL Arkitekter,architectural_designer,http://www.awlark.se/,,,Stockholm,"59,3145457","18,0814215",
1200 - talets rum,art_gallery,http://www.jannakreuter.com/,,,Stockholm,"59,325121","18,071992",
A Typo Gallery,art_gallery,https://www.instagram.com/atypogallery/,,,Stockholm,"59,3413255","18,0316649",
Above Gallery,art_gallery,http://www.abovegallery.se/,,,Stockholm,"59,3414311","18,0415254",
Abstrakt Konst,art_gallery,http://www.abstraktkonst.com/,,,Stockholm,"59,3365359","18,0308525",
Accelerator,art_gallery,http://www.acceleratorsu.art/,,,Stockholm,"59,3659902","18,0561006",
AJ Studio & Gallery,art_gallery,http://www.ajstudioandgallery.com/,,,Stockholm,"59,3458449","18,0644268",
Alexander Bitar History,art_gallery,http://www.AlexanderBitarHistory.com/,,Dealer of high-end and rare original historical objects,Stockholm,"59,3326395","18,0778063",
AllArtNow,art_gallery,http://www.allartnow.com/,,,Stockholm,"59,3539224","18,0960898",
Altersten Art Connection,art_gallery,http://www.alterstenart.com/,,,Stockholm,"59,3074","18,07846",
Andréhn-Schiptjenko,art_gallery,http://www.andrehn-schiptjenko.com/,,,Stockholm,"59,3370256","18,0817068",
Anna Bohman Gallery,art_gallery,https://www.annabohmangallery.com/,,,Stockholm,"59,3429568","18,0686366",
Art & Form,art_gallery,http://www.artoform.se/,,,Stockholm,"59,3389587","18,0787201",
ART 3K,art_gallery,https://art3k.se/,,,Stockholm,"59,32348","18,06926",
Artsight Galleri Stockholm,art_gallery,https://galleriartsight.se/,,,Stockholm,"59,3193756","18,0657346",
Artten Gallery Stockholm,art_gallery,https://artten.se/,,,Stockholm,"59,3332639","18,0804783",
Astha,art_gallery,https://www.instagram.com/asthasatelje,,,Stockholm,"59,2835298","18,083533",
Ateljé & Galleri Bollhustäppan,art_gallery,https://www.instagram.com/galleri_bollhustappan/,,,Stockholm,"59,3254454","18,0723168",
Ateljé 89,art_gallery,https://atelje89.se/,,,Stockholm,"59,3378282","18,06718",
Ateljé Avant,art_gallery,https://ateljeavant.se/,,,Stockholm,"59,3306229","17,9477227",
Ateljé Blå Kråkan,art_gallery,https://www.facebook.com/krakfotkeramik,,,Stockholm,"59,36597","17,84756",
Ateljé KB75,art_gallery,https://www.kb75.se/,,,Stockholm,"59,3084771","18,0895186",
Atelje Zedendahl,art_gallery,https://www.instagram.com/zedendahl/,,Silversmith,Stockholm,"59,3253885","18,073382",
Ateljeforeningen Arsta Gamla Skola,art_gallery,https://www.ateljehusen.se/husen/ateljeforeningen-arsta-gamla-skola,,,Stockholm,"59,3022543","18,0271528",
"Ateljén Själagårdsgatan 21, Gamla Stan",art_gallery,https://www.instagram.com/hagstromberghgamlastan/,,Secondhand shop and gallery,Stockholm,"59,3237532","18,073067",
Belenius,art_gallery,http://www.belenius.com/,,,Stockholm,"59,3331906","18,0966047",
Berg Gallery,art_gallery,http://www.berggallery.se/,,,Stockholm,"59,3457824","18,0378805",
Bergagalleriet,art_gallery,https://bergagalleriet.wordpress.com/,,,Stockholm,"59,2984164","18,0153962",
Björkholmen Gallery,art_gallery,http://www.bjorkholmengallery.com/,,,Stockholm,"59,3288926","18,0639076",
Blås & knåda,art_gallery,http://www.blasknada.com/,,,Stockholm,"59,3196079","18,067461",
Candyland,art_gallery,http://www.candyland.se/,,,Stockholm,"59,3104955","18,0832637",
CAP Gallery ,art_gallery,http://capgallery.se/,,,Stockholm,"59,3158731","18,0823689",
Cecilia Haupt Konstbyrå,art_gallery,http://www.ceciliahaupt.com/hauptbyran,,Web site not working ,Stockholm,"59,31123","18,05386",
Cecilia Hillström Gallery,art_gallery,http://chgallery.se/,,,Stockholm,"59,3457857","18,037905",
CFF – Centrum för fotografi,art_gallery,http://www.centrumforfotografi.se/,,,Stockholm,"59,3091469","18,0801492",
Cfhill,art_gallery,http://www.cfhill.com/,,,Stockholm,"59,3308503","18,0698501",
Christian Halleröd,art_gallery,Ingen webbplats,,interior designer?,Stockholm,"59,3163587","18,0668629",
Cornelia Sojdelius Gallery,art_gallery,http://www.corneliasojdeliusgallery.com/,,,Stockholm,"59,3386582","18,0763142",
Creative Studio Aslan,art_gallery,https://instagram.com/creativestudioaslan,,Art and Yoga,Stockholm,"59,3592691","18,0899374",
DAC digital art center,art_gallery,http://www.digitalartcenter.se/,,,Stockholm,"59,396368","17,948932",
Detroit Stockholm,art_gallery,https://detroitstockholm.info/,,,Stockholm,"59,3471411","18,0590942",
Ed. art,art_gallery,http://www.ed-art.se/,,,Stockholm,"59,3152567","18,0612639",
Erik Nordenhake,art_gallery,http://www.eriknordenhake.com/,,,Stockholm,"59,3443834","18,0736897",
Fiberspace,art_gallery,http://fiberspace.se/,,,Stockholm,"59,3112068","18,0805174",
Färgfabriken,art_gallery,http://www.fargfabriken.se/,,,Stockholm,"59,3150503","18,0196934",
Gala Art Center,art_gallery,http://www.galaartcenter.org/,,,Stockholm,"59,34786","18,05952",
Galerie Alex Wiberg,art_gallery,http://www.wiberg.com/,,,Stockholm,"59,3375184","18,0812089",
Galerie Bel'Art - Stockholm,art_gallery,http://www.belart.se/,,,Stockholm,"59,3331678","18,0966182",
Galerie Forsblom,art_gallery,http://www.galerieforsblom.com,,,Stockholm,"59,3444026","18,0654748",
Galerie Storm,art_gallery,http://www.galeriestorm.com/,,,Stockholm,"59,3409162","18,0673246",
Galleri Abante,art_gallery,http://abantegallery.se/,,,Stockholm,"59,3192361","18,0646402",
Galleri Andersson Sandstrom,art_gallery,www.gsa.se,,,Stockholm,"59,345872","18,0379968",
Galleri B:fors,art_gallery,http://bfors.se.sitebuilder.loopia.com/,,,Stockholm,"59,3381747","18,0885867",
Galleri Bellman,art_gallery,http://www.galleribellman.se/,,,Stockholm,"59,3194969","18,0651848",
Galleri ClaesMoser,art_gallery,https://www.konstantik.se/handlare/galleri-claes-moser/,,,Stockholm,"59,33816","18,08873",
Galleri Darling,art_gallery,http://www.galleridarling.se/,,,Stockholm,"59,3128918","18,0807392",
Galleri Diva,art_gallery,http://www.galleri-diva.se/,,,Stockholm,"59,32395","18,0737955",
Galleri Duerr,art_gallery,https://galleriduerr.com/,,,Stockholm,"59,345868","18,0379883",
Galleri Ekvall + Törnblom,art_gallery,http://www.ekvalltornblom.se/,,,Stockholm,"59,3194981","18,0658287",
Galleri Enkehuset,art_gallery,https://enkehuset.com/,,,Stockholm,"59,3459964","18,0468968",
Galleri Eva Solin,art_gallery,http://www.evasolin.com/,,,Stockholm,"59,3406798","18,0588693",
Galleri Fagerstedt,art_gallery,http://www.gallerifagerstedt.se/,,,Stockholm,"59,3446289","18,0408119",
Galleri Flach,art_gallery,https://www.galleriflach.com/,,,Stockholm,"59,346305","18,038717",
Galleri GG66,art_gallery,http://www.a6sound.se/,,,Stockholm,"59,31019","18,0808962",
Galleri Glas,art_gallery,http://www.galleriglas.se/,,,Stockholm,"59,3368615","18,0796596",
Galleri Greger,art_gallery,http://www.gregerart.se,,,Stockholm,"59,319288","18,06437",
Galleri Grip,art_gallery,http://www.gallerigrip.se/,,,Stockholm,"59,3325028","18,0390146",
Galleri Hammar,art_gallery,http://gallerihammar.se/,,,Stockholm,"59,3406544","18,0308204",
Galleri Hantverket,art_gallery,http://www.gallerihantverket.se/,,,Stockholm,"59,3130564","18,0740564",
Galleri Hedenius,art_gallery,https://www.gallerihedenius.com/,,,Stockholm,"59,3402328","18,0763386",
Galleri Helle Knudsen,art_gallery,http://www.gallerihelle.com/,,,Stockholm,"59,3289127","18,0443848",
Galleri Hera,art_gallery,http://www.gallerihera.se/,,,Stockholm,"59,3194162","18,0658057",
Galleri K Jacobsson,art_gallery,https://sv.gkjson.com/,,,Stockholm,"59,2757566","18,1251912",
Galleri Kaktus,art_gallery,https://www.gallerikaktus.com/,,,Stockholm,"59,3444001","18,0564884",
Galleri Killgissa,art_gallery,https://gallerikillgissa.se/,,,Stockholm,"59,3191886","18,0633226",
Galleri Knall,art_gallery,http://www.knall.com,,,Stockholm,"59,3196066","18,0673228",
Galleri Korn,art_gallery,http://www.gallerikorn.se/,,,Stockholm,"59,315133","18,0330961",
Galleri Lorentzon,art_gallery,http://www.gallerilorentzon.com/,,,Stockholm,"59,3294563","18,0401946",
Galleri Magnus Karlsson,art_gallery,http://www.gallerimagnuskarlsson.com/,,,Stockholm,"59,3289177","18,0646433",
Galleri Mats Bergman Stockholm,art_gallery,https://www.gallerimatsbergman.se/,,,Stockholm,"59,3474054","18,046338",
Galleri Mejan,art_gallery,http://Www.kkh.se/,,,Stockholm,"59,3253669","18,0839347",
Galleri Riddaren,art_gallery,http://galleririddaren.se/,,,Stockholm,"59,3248485","18,0739037",
Galleri s:t Erik AB,art_gallery,http://www.galleristerik.se/,,framing shop,Stockholm,"59,340054","18,0366946",
Galleri Stockholm,art_gallery,http://www.galleristockholm.se,,,Stockholm,"59,342839","18,067518",
Galleri Svea,art_gallery,http://www.gallerisvea.com/,,,Stockholm,"59,3251345","18,0730708",
Galleri Toll,art_gallery,https://www.galleritoll.com/,,Exhibition display in public space,Stockholm,"59,3547178","18,0981328",
Galleri TU,art_gallery,https://www.facebook.com/galleritu/,,,Stockholm,"59,32775","17,98097",
Galleri Zest,art_gallery,http://www.gallerizest.se/,,,Stockholm,"59,3347081","18,0857422",
galleri86stockholm,art_gallery,https://galleri-86-stockholm.webnode.se/,,,Stockholm,"59,3122424","18,0807913",
Gallery Lienhart,art_gallery,http://www.gallerylienhart.se/,,,Stockholm,"59,3236153","18,0734884",
Gallery Steinsland Berliner,art_gallery,http://www.steinslandberliner.com,,,Stockholm,"59,3139568","18,0880663",
Graffitisthlm,art_gallery,http://www.graffitisthlm.se,,,Stockholm,"59,29272","18,07629",
Grafiska Sällskapet,art_gallery,http://www.grafiskasallskapet.se/,,,Stockholm,"59,3198533","18,0697526",
GSA Gallery,art_gallery,http://www.gsa.se/,,,Stockholm,"59,345898","18,037896",
Gubbangen Art Center,art_gallery,https://gubbangenartcenter.se/,,,Stockholm,"59,264719","18,0753817",
Handarbetets Vänner,art_gallery,http://www.handarbetetsvanner.se/,,,Stockholm,"59,3236133","18,0999252",
Hedenius Editions,art_gallery,http://www.hedenius.se/,,,Stockholm,"59,3426699","18,0689892",
Hjortensjö Art & Design,art_gallery,https://www.hjortensjoart.com/,,,Stockholm,"59,336725","18,088192",
HUD SPACE,art_gallery,http://www.hud-space.com/,,,Stockholm,"59,3123193","18,0700301",
Husby Konsthall,art_gallery,http://www.husbygard.nu/,,,Stockholm,"59,406824","17,919901",
ID:I Galleri,art_gallery,http://www.idigalleri.org/,,,Stockholm,"59,3158566","18,0812808",
Index - The Swedish Contemporary Art Foundation,art_gallery,http://www.indexfoundation.se/,,,Stockholm,"59,3305515","18,0510726",
Inuti Galleri,art_gallery,http://www.inuti.se/info/inuti-galleri,,,Stockholm,"59,3285075","18,0174116",
Issues Gallery,art_gallery,http://issues.gallery/,,,Stockholm,"59,3304235","18,0634384",
JUSTE Gallery,art_gallery,http://www.justegallery.com,,,Stockholm,"59,3194324","18,0395396",
Karlsson & Wickman,art_gallery,http://www.karlssonandwickman.com/,,Design art and antiques,Stockholm,"59,337985","18,081885",
Konst & Auktionskompaniet Hufvudstaden,art_gallery,https://www.auktionsverket.com/,,,Stockholm,"59,335723","18,029842",
Konstakademien,art_gallery,http://www.konstakademien.se,,,Stockholm,"59,3287589","18,0643814",
Konsthall C,art_gallery,http://www.konsthallc.se/,,,Stockholm,"59,2538756","18,078086",
Konsthantverkarna,art_gallery,https://konsthantverkarna.se/,,,Stockholm,"59,307833","17,971687",
Konsthissen,art_gallery,https://www.facebook.com/konsthissen/,,,Stockholm,"59,34589","18,03789",
Konstnärernas Riksorganisation,art_gallery,http://www.kro.se/,,,Stockholm,"59,3161482","18,0436306",
Konstnärshuset,art_gallery,http://www.konstnarshuset.org/,,,Stockholm,"59,33365","18,07442",
Konstochfolk,art_gallery,http://www.konstochfolk.se/,,,Stockholm,"59,3193452","18,0654004",
Konstsällskapet Våga Se,art_gallery,http://www.konstsallskapetvagase.com/,,,Stockholm,"59,3289843","18,0444076",
Kulturkvarter Snösätra,art_gallery,https://snosatra.com/,,,Stockholm,"59,250557","18,040179",
Kummelholmen,art_gallery,http://www.kummelholmen.se/,,,Stockholm,"59,27368","17,8863388",
Larsen Warner,art_gallery,http://www.larsenwarner.com/,,,Stockholm,"59,3393255","18,0757134",
Liljevalchs konsthall,art_gallery,http://www.liljevalchs.se/,,,Stockholm,"59,3256533","18,0959406",
Lindberg-on-Sea Art Gallery,art_gallery,http://www.lindbergonsea.com/,,,Stockholm,"59,3427963","18,0317224",
Loyal,art_gallery,https://www.loyalgallery.com/about,,,Stockholm,"59,3466532","18,0666054",
Lumphe Litografiska,art_gallery,http://lumphe-lito.se/,,,Stockholm,"59,3210603","18,0241924",
Market Art Fair,art_gallery,https://marketartfair.com/,,,Stockholm,"59,3255775","18,0962832",
Momangen,art_gallery,https://www.instagram.com/gallerimomangen/,,,Stockholm,"59,3141466","18,0782685",
Nationalgalleriet,art_gallery,http://nationalgalleriet.just.nu,,,Stockholm,"59,324647","18,070727",
NKF - Nordic Art Association - Sweden,art_gallery,http://www.nkf.se/,,,Stockholm,"59,3116","18,0841",
Nordic Art,art_gallery,http://www.nordicart.se/,,,Stockholm,"59,3411613","18,0355614",
Oak Island Gallery,art_gallery,http://oakislandgallery.com/,,rock ‘n’ roll photo and music,Stockholm,"59,3417168","18,0356939",
Original Global Art,art_gallery,http://www.originalglobalart.store/,,,Stockholm,"59,3241344","18,0737885",
Pershagen Gallery,art_gallery,https://rebeckapershagen.wixsite.com/pershagengallery,,,Stockholm,"59,3368175","18,0295671",
PG Art Club,art_gallery,http://www.pgkonst.se/,,,Stockholm,"59,32749","18,03705",
Platform Stockholm,art_gallery,http://platformstockholm.com/,,Art scene,Stockholm,"59,3141612","18,0196627",
PLATINA,art_gallery,http://www.platina.se/,,Jewellery gallery,Stockholm,"59,3405553","18,0634088",
Public Service Gallery,art_gallery,https://public-service.com/,,,Stockholm,"59,3358015","18,0801176",
RALF,art_gallery,http://galleriralf.se/,,,Stockholm,"59,318654","18,059452",
S.P.G,art_gallery,http://www.spgallery.se/,,,Stockholm,"59,3455614","18,0375733",
Saskia Neuman Gallery,art_gallery,http://www.saskianeumangallery.com/,,,Stockholm,"59,3376254","18,0787026",
Selva Studio Sthlm,art_gallery,http://www.selvastudio.se/,,,Stockholm,"59,27825","18,1396507",
Seriegalleriet,art_gallery,http://www.seriegalleriet.se/,,,Stockholm,"59,3181028","18,0670114",
SKHLM Konsthall,art_gallery,http://folkiskarholmen.se/,,Culture house,Stockholm,"59,2744147","17,9079436",
Soonfamous Galleri,art_gallery,https://www.soonfamous.nu/,,,Stockholm,"59,33102","18,06556",
Stance Gallery,art_gallery,https://www.stancegallery.com/,,,Stockholm,"59,3348482","18,0848286",
Stense,art_gallery,http://www.stense.se/,,Design & Architecture.,Stockholm,"59,3412389","18,070176",
Stockholm konst,art_gallery,http://www.stockholmkonst.se/,,Public art,Stockholm,"59,3277044","18,051198",
Studio44,art_gallery,https://studio44-stockholm.com/,,,Stockholm,"59,3159311","18,0823696",
Tattoo Kontrast & ART Gallery,art_gallery,https://kontrastinkgallery.com/,,Tattoo gallery - Studio,Stockholm,"59,3073927","18,0783134",
Tegen2,art_gallery,https://www.instagram.com/tegen.2/,,,Stockholm,"59,3107428","18,0798981",
Tensta konsthall,art_gallery,https://tenstakonsthall.se/,,,Stockholm,"59,3937128","17,9033414",
Vantörs Konstförening,art_gallery,https://www.vantorskonstforening.se/,,,Stockholm,"59,2629466","18,0432283",
Verket,art_gallery,http://verket.org/,,Under bron,Stockholm,"59,30444","18,07876",
Watz Studio Stockholm,art_gallery,http://www.watzstudio.se/,,,Stockholm,"59,34703","18,11122",
Wetterling Gallery,art_gallery,http://www.wetterlinggallery.com/,,,Stockholm,"59,33148","18,0699966",
WILLAS contemporary,art_gallery,http://willas.com/,,,Stockholm,"59,3319119","18,0693453",
Young Art,art_gallery,http://www.youngart.se/,,,Stockholm,"59,3446545","18,0648547",
Zinken Art AB,art_gallery,https://www.zinkenart.se/,,,Stockholm,"59,3175095","18,0527829",
Åmells,art_gallery,http://www.amells.com/,,,Stockholm,"59,33473","18,0743336",
ABBA The Museum,art_museum,https://www.abbathemuseum.com/en,,,Stockholm,"59,324918","18,0969661",
Arkitekturmuseet,art_museum,http://www.arkdes.se,,,Stockholm,"59,3258778","18,0845462",
BergerBerger,art_museum,http://www.bergerberger.se/,,Till Architectural design,Stockholm,"59,309482","18,049616",
Bonniers Konsthall,art_museum,http://www.bonnierskonsthall.se/,,,Stockholm,"59,3371968","18,0425551",
Carl Eldhs Ateljémuseum,art_museum,http://www.eldhsatelje.se/,,,Stockholm,"59,3529016","18,0516099",
Fotografiska Stockholm,art_museum,https://stockholm.fotografiska.com/,,,Stockholm,"59,31799","18,08465",
Kronbergs atelje,art_museum,https://www.skansen.se/se-och-gora/friluftsmuseum/hus-och-gardar/kronbergs-atelje/,,Added web site,Stockholm,"59,326692","18,108311",
Moderna Museet,art_museum,http://www.modernamuseet.se/,,,Stockholm,"59,3260497","18,0846836",
Nationalmuseum,art_museum,https://www.nationalmuseum.se/besök-museet/öppettider,,,Stockholm,"59,3284626","18,0778061",
Postmuseum,art_museum,http://www.postmuseum.se/,,,Stockholm,"59,3240465","18,0679506",
Scenkonstmuseet,art_museum,http://www.scenkonstmuseet.se/,,,Stockholm,"59,3332558","18,0777846",
Snus and Tandsticks Museum,art_museum,http://www.snusochtandsticksmuseum.se/,,,Stockholm,"59,32490095","18,10077494",
Sven-Harrys konstmuseum,art_museum,http://www.sven-harrys.se,,,Stockholm,"59,3395121","18,0439153",
Thielska Galleriet,art_museum,http://www.thielskagalleriet.se/,,,Stockholm,"59,322355","18,148635",
Vasamuseet,art_museum,https://www.vasamuseet.se/,,,Stockholm,"59,3280233","18,0913964",
Östasiatiska museet,art_museum,http://www.ostasiatiska.se/,,,Stockholm,"59,3263098","18,0830801",
Atelje Catellani AB,art_restoration,http://www.ateljecatellani.se/,,,Stockholm,"59,3413437","18,0510803",
CuratorLab at Konstfack University,art_school,http://curatorlab.se/,,Part of Konstfack,Stockholm,"59,2995736","17,9928803",
Farigh Ghaderi Art Studio,art_school,http://www.fgartstudio.com/,,,Stockholm,"59,25367","18,07836",
Konstfack,art_school,http://www.konstfack.se/,,,Stockholm,"59,3194737","18,0690614",
Konstskolan Idun Lovén,art_school,http://www.idunloven.se,,NEW LOCATION,Stockholm,"59,296195","18,03114",
Konstskolan Linnea,art_school,http://www.konstskolanlinnea.se/,,,Stockholm,"59,2667695","18,1235137",
Målarkurser med Susanna Salifou Nygren,art_school,http://www.malarkurser.se/,,,Stockholm,"59,309785","18,049203",
Ojorojo Keramik,art_school,https://www.facebook.com/ojorojokeramik,,,Stockholm,"59,343533","18,0881463",
Anna Schröder Kisel Keramik,arts_and_crafts,http://www.kiselkeramik.se/,,,Stockholm,"59,3151703","18,0552101",
Antonucci smycken,arts_and_crafts,https://www.instagram.com/antonuccismycken/,,"Gemmolog, smyckessmed",Stockholm,"59,3176449","18,0575601",
Arranging Things,arts_and_crafts,http://arrangingthings.se/,,,Stockholm,"59,3174073","18,0512269",
Art Of Tibet,arts_and_crafts,http://www.artoftibet.com/,,Nepale Tibetan craft,Stockholm,"59,33258","18,06683",
Castor Konsthantverk,arts_and_crafts,http://castorhantverk.com/,,Craft shop,Stockholm,"59,3245316","18,0740122",
Charlie’s Art Prints,arts_and_crafts,http://charliesartprints.com/,,Print shop,Stockholm,"59,3278081","18,0355685",
Craft and stuff studio,arts_and_crafts,https://www.instagram.com/craftandstuffstudio/,,,Stockholm,"59,314059","17,9913578",
Kaolin,arts_and_crafts,http://www.kaolin.se/,,"Ceramics collective, gallery & workshops",Stockholm,"59,3191167","18,0634134",
Konsthantverkscentrum,arts_and_crafts,http://www.konsthantverkscentrum.se/,,organization for craftspeople and artisans,Stockholm,"59,3200167","18,0649286",
Smedjan Blackeberg,arts_and_crafts,http://www.smedjanblackeberg.com/,,Blacksmiths community projects?,Stockholm,"59,3453702","17,8869024",
Studio Alster,arts_and_crafts,http://www.studioalster.com/,,Pottery studios,Stockholm,"59,336209","18,0321059",
Studio Kransen,arts_and_crafts,http://studiokransen.se/,,Pottery studios,Stockholm,"59,3006692","18,0097709",
Södermalms Bokbinderi,arts_and_crafts,http://www.sodermalmsbokbinderi.se/,,bookbinding,Stockholm,"59,315944","18,0723455",
Bajenkonst,arts_and_entertainment,http://www.bajenkonst.se/,,,Stockholm,"59,312148","18,074092",
Berättarnas Torg,arts_and_entertainment,http://www.berattarnastorg.se/,,,Stockholm,"59,32464","18,0713",
CARP ART,arts_and_entertainment,http://carp.se/,,Galleri?,Stockholm,"59,3044434","18,1020101",
Claire Parsons Co,arts_and_entertainment,http://www.claireparsons.com/,,Danskompani,Stockholm,"59,32832","18,05009",
ClaySpace Stockholm,arts_and_entertainment,https://www.clayspacestockholm.com/,,Keramik,Stockholm,"59,3345328","18,0012368",
Department,arts_and_entertainment,http://www.departmentfestival.com/,,,Stockholm,"59,2931971","18,07796",
Drejeri guldfasanen,arts_and_entertainment,http://drejeri.com/,,kreamikkurser mm,Stockholm,"59,3318944","18,0173581",
Emanuelskonst,arts_and_entertainment,http://emanuelskonst.se/,,även med ovan på sodermalmskonsthall.se,Stockholm,"59,312019","18,0737056",
Enskedespelet,arts_and_entertainment,http://www.enskedespelet.se/,,Teater,Stockholm,"59,2823293","18,0848268",
Exit Games Stockholm,arts_and_entertainment,https://www.exitgames.se/,,VR-spel,Stockholm,"59,3238126","18,0737905",
Fiolskola,arts_and_entertainment,http://fiolskola.se/,,music violin lessons / school,Stockholm,"59,3480395","18,0660281",
Focus Film,arts_and_entertainment,http://www.focusfilm.se/,,,Stockholm,"59,340321","18,0390658",
Fox in a Box Stockholm,arts_and_entertainment,http://www.foxinabox.se/,,Gaming,Stockholm,"59,3341478","18,0649216",
Författares Bokmaskin,arts_and_entertainment,http://www.bokmaskinen.se/,,Printing literature,Stockholm,"59,3298798","18,0298595",
Galleri Anigo,arts_and_entertainment,http://www.anigo.se/,,galleri,Stockholm,"59,3197035","18,0676427",
Galleri Industrigatan12,arts_and_entertainment,http://industrigatan12.se/,,galleri,Stockholm,"59,33722","18,0294",
Galleri môme atelier,arts_and_entertainment,https://www.instagram.com/gallerimomeatelier/,,"galleri, rental också",Stockholm,"59,3017258","17,989311",
Gelser Creative,arts_and_entertainment,http://www.gelser.se,,mediabolag,Stockholm,"59,253365","18,103986",
Gröna Lund - Stockholm Salsa Dance,arts_and_entertainment,http://www.stockholmsalsadance.com/,,salsa dance,Stockholm,"59,3238026","18,0977692",
Handkraftverket,arts_and_entertainment,https://www.facebook.com/p/Handkraftverket-100039450199100/?locale=sv_SE,,,Stockholm,"59,3125311","18,0989027",
Helmuth Mantel,arts_and_entertainment,Ingen webbplats,,enskild,Stockholm,"59,29646","18,08919",
Herman Bergman Konstgjuteri,arts_and_entertainment,https://www.bergmanskonstgjuteri.se/,,Konstgjuteri,Stockholm,"59,277865","18,0937039",
HV Skola,arts_and_entertainment,http://www.hvskola.se,,"textil, galleri, skola",Stockholm,"59,323671","18,099731",
Klubb Mariama,arts_and_entertainment,https://www.instagram.com/klubb_mariama/,,,Stockholm,"59,3424252","18,0501723",
Konst & Teknik,arts_and_entertainment,https://www.konst-teknik.se/,,Designstudio,Stockholm,"59,306861","18,078566",
Konstnärshuset Smålandsgatan,arts_and_entertainment,https://konstnarshuset.org/,,,Stockholm,"59,3153171","18,0631476",
Liljewalchs,arts_and_entertainment,https://liljevalchs.se/,,konsthall,Stockholm,"59,325552","18,0961986",
Linjelek,arts_and_entertainment,http://www.linjelek.se/,,keramik kurser mm,Stockholm,"59,2700996","18,0935192",
LundLund,arts_and_entertainment,http://www.lundlund.com/,,"foto, mode",Stockholm,"59,3364392","18,0764484",
Magasin 7 Frihamnen,arts_and_entertainment,Ingen webbplats,,Verkar hända grejer där men dålig digital presence,Stockholm,"59,3401127","18,1253506",
Magma Art Gallery Stockholm ,arts_and_entertainment,https://magmaartglass.com/magma-art-gallery/,,"galleri, glass",Stockholm,"59,3416922","18,0580562",
MDEMC,arts_and_entertainment,http://www.mdemc.se/,,film produktion,Stockholm,"59,3200434","18,0672984",
Miss Unicorn,arts_and_entertainment,https://www.facebook.com/p/Miss-Unicorn-100042730215721/?locale=sv_SE,,"smide, smycken, atleje showroom",Stockholm,"59,3465256","18,042354",
Molotov Studios,arts_and_entertainment,https://www.facebook.com/molotovstudios/?locale=sv_SE,,"musikstudio, replokal",Stockholm,"59,3464944","18,1015688",
Moretti Sweden,arts_and_entertainment,http://www.moretti.se/,,"Musikproduktion, konserter mm",Stockholm,"59,33593","18,08433",
NonStop Entertainment,arts_and_entertainment,http://www.nonstopentertainment.com/,,,Stockholm,"59,3376153","18,0394824",
Papstudio,arts_and_entertainment,http://www.papstudio.se/,,fashion ,Stockholm,"59,34715","18,0453",
PARAPLY.ateljen,arts_and_entertainment,https://www.facebook.com/paraply.ateljen/,,,Stockholm,"59,2936542","17,9667813",
peermusic Sweden,arts_and_entertainment,https://peermusic.com/,,Music/Record label?,Stockholm,"59,3309798","18,0293767",
Programmakeriet,arts_and_entertainment,Ingen webbplats,,filmsektorn,Stockholm,"59,3146","18,09362",
Pulpo Live & Agentur,arts_and_entertainment,http://www.pulpo.se/,,"agentur, eventfixare",Stockholm,"59,322","18,07357",
Reimersholms Krukmakeri,arts_and_entertainment,http://www.reimersholmskrukmakeri.se,,"craft, ceramics",Stockholm,"59,3177078","18,0199323",
Riddle Room,arts_and_entertainment,Ingen webbplats,,"escape room, vr-gaming",Stockholm,"59,34264","18,03544",
Rumänska kulturinstitutet,arts_and_entertainment,http://www.rkis.se/,,"konst, musik, litteratur mm",Stockholm,"59,324797","18,0754577",
Rutger Fuchsgatan 9,arts_and_entertainment,http://www.rutgerfuchsgatan9.se/,,gemensam studiokollektiv foto mm,Stockholm,"59,3070581","18,0785295",
Sambashow_BarBrasil,arts_and_entertainment,http://sambashow.se/,,dans,Stockholm,"59,32471","18,07306",
Sibirienlito,arts_and_entertainment,http://www.sibirienlito.se/,,galleri och trycker litografier,Stockholm,"59,3378856","18,0359976",
Signori Studios,arts_and_entertainment,http://www.signoristudios.com/,,enskild men workshops/kurser i måleri ,Stockholm,"59,3448086","18,0385886",
Skudge,arts_and_entertainment,https://skudge.bandcamp.com/,,record label and band (techno),Stockholm,"59,336195","18,100041",
Snowflake Music,arts_and_entertainment,http://www.snowflakemusic.se/,,musikförlag,Stockholm,"59,346051","18,0607073",
Spectrum Arkitekter,arts_and_entertainment,https://www.spectrumarkitekter.se/,,Architects,Stockholm,"59,3139361","18,0862389",
Stockholms Glasbruk,arts_and_entertainment,http://stockholmsglasbruk.com/,,glas craft etc,Stockholm,"59,3253446","18,1001664",
Studio Skutan,arts_and_entertainment,https://www.instagram.com/k18.studio/,,galleri?,Stockholm,"59,3139","18,07725",
Mossutställningar,arts_and_entertainment,http://www.mossutstallningar.com/svt,,Är relevant! Dom har ny lokal på gång i dagarna,Stockholm,"59,348417","18,111277",
Swedish Royal Palace,arts_and_entertainment,https://www.kungligaslotten.se/vara-besoksmal/kungliga-slottet.html,,"Museum, visningar mm",Stockholm,"59,3262879","18,0704607",
Tolkiensällskapet Forodrim,arts_and_entertainment,http://www.forodrim.org/,,"Litteratur, egen lokal mm",Stockholm,"59,332951","18,043066",
Tundell Salmson audio,arts_and_entertainment,http://www.tundellsalmsonaudio.se/,,Litteratur print sound,Stockholm,"59,29144","18,1179",
Urban Artists Sthlm,arts_and_entertainment,https://urbanartists.se/,,"ceramics, courses",Stockholm,"59,3070582","18,0808794",
Vasaträffen Fritidscenter,arts_and_entertainment,https://senior.stockholm/hitta-traffpunkt-och-motesplats-for-seniorer/traffpunkt-och-motesplats/vasatraffen,,"Mötesplats,musik, dans för äldre",Stockholm,"59,3420036","18,0518099",
Västertorps Marknad,arts_and_entertainment,https://www.facebook.com/vastertorpcentrum/?locale=sv_SE,,"Marknad, musik mm",Stockholm,"59,294175","17,9701056",
Wip:sthlm,arts_and_entertainment,http://www.wipsthlm.se/,,"Ateljeér, verkstäder för konstnärer",Stockholm,"59,291429","18,0092288",
Zigzag Animation,arts_and_entertainment,http://www.zigzag.se/,,"film, kurser mm, ",Stockholm,"59,3107099","18,0795291",
Nytorps Gärde,attractions_and_activities,http://www.stockholm.se/-/Serviceenhetsdetaljer/?enhet=b43f81bf6e324b498040e06ab3c55982,,Public place,Stockholm,"59,2889201","18,111419",
Victoria Hall,auditorium,Ingen webbplats,,,Stockholm,"59,2777336","18,0143359",
Aderton Antikvariat,bookstore,http://www.aderton.se,,,Stockholm,"59,3421686","18,0514473",
Antikvariat August,bookstore,http://www.antikvariataugust.se,,,Stockholm,"59,3384968","18,056637",
Antikvariat GodBok,bookstore,http://www.bokborsen.se/?storeid=4127,,,Stockholm,"59,2589366","18,0949298",
Antikvariat Hundörat,bookstore,http://www.hundorat.se/,,,Stockholm,"59,3153052","18,0759446",
Antikvariat Morris,bookstore,http://www.antikvariatmorris.com/,,,Stockholm,"59,3283829","18,0472435",
Antikvariat Strix,bookstore,Ingen webbplats,,,Stockholm,"59,3317266","18,0445881",
Antikvariat Verklighetsflykt,bookstore,Ingen webbplats,,,Stockholm,"59,3151935","18,0841443",
Bahá'í-förlaget,bookstore,http://www.bahaiforlaget.se/,,,Stockholm,"59,378116","17,899847",
Barnbolaget,bookstore,http://barnbolaget.net/,,,Stockholm,"59,36232","17,8736",
Bokbok - barnbokhandel,bookstore,http://www.bokbok.se/,,,Stockholm,"59,3130977","18,0771508",
Bokförlaget Redaktionen,bookstore,http://www.redaktionen.se/,,,Stockholm,"59,34434","18,044548",
Bokförlaget Skosnöret,bookstore,http://www.bokforlagetskosnoret.com/,,,Stockholm,"59,349688","18,056948",
Bokhandeln INFo,bookstore,http://kafe44.org/,,,Stockholm,"59,3159727","18,0828161",
Bokhandeln Studio,bookstore,Ingen webbplats,,,Stockholm,"59,3377712","18,0886711",
Boklunden Karlavägen,bookstore,http://www.boklunden.eu,,,Stockholm,"59,33992","18,07977",
Bokslukaren,bookstore,http://www.bokslukaren.com,,,Stockholm,"59,3185499","18,0619783",
Bokspindeln,bookstore,http://www.bokspindeln.se,,,Stockholm,"59,341246","18,043578",
Books4you,bookstore,https://books4you.se/,,,Stockholm,"59,2785","17,89735",
Bysis Bok & Papper,bookstore,http://www.bysisbok.se/,,,Stockholm,"59,3182498","18,0554385",
Centralantikvariatet,bookstore,http://www.centralantikvariatet.se/,,,Stockholm,"59,3228589","18,0735265",
Charlotte Du Rietz Rare Books,bookstore,http://www.durietzbooks.com/,,,Stockholm,"59,3410492","18,08424",
Comics Heaven,bookstore,http://www.comicsheaven.se/,,,Stockholm,"59,32434","18,0691263",
Deckarbokhandeln i Gamla Stan,bookstore,http://www.deckarbokhandel.se/,,,Stockholm,"59,32535","18,06938",
Dina&mina böcker,bookstore,http://www.dinaochmina.se/,,,Stockholm,"59,319906","18,06173",
En Annan Bokhandel: Kärlek till böcker,bookstore,http://www.enannan.se,,,Stockholm,"59,27472","17,9079",
ETC Libris,bookstore,http://libris.etc.se/,,,Stockholm,"59,31611","18,0659199",
Farsta Bokhandels,bookstore,Ingen webbplats,,,Stockholm,"59,242172","18,093995",
Ferdosi,bookstore,http://www.ferdosi.com/,,,Stockholm,"59,338723","18,056458",
Gamla stans bokhandel,bookstore,http://www.gamlastansbokhandel.se/,,,Stockholm,"59,3251","18,0679937",
Geranium,bookstore,http://www.geraniumab.se/,,,Stockholm,"59,3187511","18,0633418",
Halléns Antikvariat,bookstore,http://www.antikvariat.net,,,Stockholm,"59,3400404","18,0620782",
Hatt Konsthandel & Antikvariat,bookstore,http://www.svenskateckningar.se/,,,Stockholm,"59,3054384","18,0002312",
Hedengrens Bokhandel,bookstore,http://www.hedengrens.se,,,Stockholm,"59,3362203","18,0756597",
Hobbybokhandeln Stockholm,bookstore,http://www.hobbybokhandeln.se/,,,Stockholm,"59,3316397","18,0462198",
Hoi bokhandel,bookstore,http://shop.hoi.se/,,,Stockholm,"59,32366","18,0744",
Hornstulls bokhandel,bookstore,http://www.hornstullsbokhandel.se/,,,Stockholm,"59,3155423","18,0310405",
Hundörat Rare Books,bookstore,Ingen webbplats,,,Stockholm,"59,318156","18,077214",
Hökarängens Antikvariat och Skivbörs,bookstore,https://hokarangensantikvariat.com/,,,Stockholm,"59,2565838","18,0802142",
Interbok,bookstore,http://www.interbok.se/,,,Stockholm,"59,3292245","18,0418269",
Jure Bokhandel,bookstore,http://www.jure.se/ie/,,,Stockholm,"59,3399878","18,0854906",
Katolsk Bokhandel,bookstore,http://www.katolskbokhandel.com/,,,Stockholm,"59,3318039","18,0723447",
Klackenbergs Böcker & Papper i Vällingby,bookstore,http://www.bockeropapper.se/,,,Stockholm,"59,3622091","17,8741489",
KMS Not&Bok,bookstore,https://kmhstudent.com/notobok/,,,Stockholm,"59,34398","18,081069",
Konstig Books,bookstore,https://konstigbooks.com/,,,Stockholm,"59,3131835","18,0763762",
Kungsholmens Bokhandel,bookstore,Ingen webbplats,,,Stockholm,"59,334396","18,032754",
Lilla Bokerian,bookstore,http://www.lillabokerian.se/,,,Stockholm,"59,3400321","18,0611613",
MarGie Bookshop,bookstore,http://www.margie.se,,,Stockholm,"59,346072","18,060562",
Mina books,bookstore,http://minabooks.com/,,,Stockholm,"59,3853836","17,9187298",
Minibok Vällingby,bookstore,Ingen webbplats,,,Stockholm,"59,362848","17,872841",
Modernista,bookstore,https://issuu.com/modernistabooks/,,,Stockholm,"59,3173194","18,0678425",
Morrissey Books,bookstore,http://instagram.com/morrisseybooks,,,Stockholm,"59,258242","18,073699",
Månadens Bok,bookstore,http://www.manadensbok.se/,,,Stockholm,"59,33834","18,06122",
Orientalia Bok- & Biblioteksservice,bookstore,http://www.orientalia.se,,,Stockholm,"59,346703","18,062964",
Papercut,bookstore,https://papercutshop.se/,,,Stockholm,"59,3172212","18,0547066",
Press Stop,bookstore,http://www.press-stop.se,,,Stockholm,"59,3163423","18,0721544",
Proklama,bookstore,http://www.proklama.se/,,,Stockholm,"59,3440186","18,0527486",
Pug Förlag,bookstore,http://pugforlag.se/,,,Stockholm,"59,305669","18,000311",
Rosenbad Antique Books,bookstore,http://www.rosenbadantiquebooks.com,,,Stockholm,"59,3574451","18,1061358",
Rutströms bokhandel,bookstore,https://rutstromsbokhandel.se/,,,Stockholm,"59,3122412","18,0776017",
Rönnells Antikvariat,bookstore,http://www.ronnells.se/,,,Stockholm,"59,3385622","18,0688968",
SARA Distribution,bookstore,http://www.saradistribution.com/,,,Stockholm,"59,34129","18,0462",
Science Fiction Bokhandeln,bookstore,http://www.sfbok.se/,,,Stockholm,"59,3240236","18,0705992",
Serier & Sånt,bookstore,http://www.seriersant.se/,,,Stockholm,"59,3459821","18,045108",
Serieslussen,bookstore,Ingen webbplats,,,Stockholm,"59,3180163","18,0657423",
Skiv & bokhandel,bookstore,Ingen webbplats,,,Stockholm,"59,3440118","18,0527412",
Stockholm Fotoantikvariat,bookstore,http://www.fotoantikvariat.se,,,Stockholm,"59,3176672","18,057703",
Stockholms Enskilda Bokhandel,bookstore,Ingen webbplats,,,Stockholm,"59,3327053","18,0694745",
Stockholms Science Fiction-antikvariat,bookstore,http://sfantikvariatet.se/,,,Stockholm,"59,3069204","18,0782075",
Suomalainen kirjakauppa Ruotsissa - Finska bokhandeln i Sverige,bookstore,Ingen webbplats,,,Stockholm,"59,340564","18,034836",
Söderbokhandeln Hansson & Bruce,bookstore,http://www.soderbokhandeln.se/,,,Stockholm,"59,3160543","18,0725407",
SödermalmMedia Bokförlag,bookstore,http://www.sodermalmskyrkan.se/,,,Stockholm,"59,309375","18,076191",
Tallkrogens loppis o antikvariat,bookstore,Ingen webbplats,,,Stockholm,"59,2716","18,0846",
The English Bookshop,bookstore,http://www.bookshop.se,,,Stockholm,"59,323878","18,068626",
The English Bookshop Stockholm,bookstore,http://www.bookshop.se/,,,Stockholm,"59,3133208","18,0804733",
Vattumannen,bookstore,https://www.vattumannen.se/?utm_source=facebook,,,Stockholm,"59,3331652","18,0418236",
Västerbokhandeln AB,bookstore,http://allbok.se/,,,Stockholm,"59,284622","17,968031",
Åkermyntans Spelbutik,bookstore,Ingen webbplats,,,Stockholm,"59,380087","17,817115",
Äppelvikens Bokhandel,bookstore,http://www.appelvikensbokhandel.se/Appelvikens_hemsida/Valkommen.html,,,Stockholm,"59,3292002","17,9740259",
Bio Aspen,cinema,http://bioaspen.se/,,,Stockholm,"59,3058739","18,0066389",
Bio Fågel Blå 1926,cinema,http://www.biofagelbla.se/,,,Stockholm,"59,3377778","18,0861111",
Bio Kaskad,cinema,http://www.biokaskad.se/,,,Stockholm,"59,3475935","17,8830467",
Bio Kontrast Årsta,cinema,http://arstafolketshus.org/?page_id=25,,,Stockholm,"59,29763","18,05277",
Bio Rio,cinema,http://biorio.se/,,,Stockholm,"59,3152923","18,030562",
Bio Rågsved,cinema,Ingen webbplats,,,Stockholm,"59,2571987","18,0381602",
Bio Skandia,cinema,https://bioskandia.se/,,,Stockholm,"59,3355467","18,0598504",
Bio Victor,cinema,Ingen webbplats,,,Stockholm,"59,340073","18,103217",
Biocafé Tellus,cinema,http://www.tellusbio.nu,,,Stockholm,"59,3019435","18,0076555",
Biograf Reflexen,cinema,http://www.reflexen.nu/,,,Stockholm,"59,2840354","18,1138842",
Biograf Sture,cinema,http://www.biosture.se,,,Stockholm,"59,339062","18,0676301",
Biografcentralen,cinema,http://www.biografcentralen.se/,,,Stockholm,"59,3088894","18,0912345",
Capitol Stockholm,cinema,http://www.capitolbio.se/,,,Stockholm,"59,3403538","18,0373306",
Cineast,cinema,http://www.cineastentertainment.com/,,,Stockholm,"59,342701","18,065288",
Cinema Stadshagen,cinema,Ingen webbplats,,,Stockholm,"59,33809","18,014271",
Cinemateket,cinema,http://cinemateket.se/,,,Stockholm,"59,340093","18,10318",
Cino4,cinema,http://www.tekniskamuseet.se/Cino4,,,Stockholm,"59,332369","18,118916",
Cosmonova,cinema,http://www.nrm.se,,,Stockholm,"59,3686846","18,0544913",
Fanfaren film i Farsta,cinema,http://fanfaren.wordpress.com/,,,Stockholm,"59,242534","18,089647",
Filmcentrum,cinema,Ingen webbplats,,,Stockholm,"59,32445","18,06888",
Filmhuset,cinema,http://www.filmarkivet.se/,,,Stockholm,"59,3399476","18,1030583",
Höglandsbiografen,cinema,http://www.wifilm.se/hogland.html,,,Stockholm,"59,3238654","17,9404976",
Liten och Klok,cinema,Ingen webbplats,,,Stockholm,"59,295244","18,058789",
Movieton,cinema,Ingen webbplats,,,Stockholm,"59,245405","18,091126",
Ny finsk film,cinema,https://finlandsinstitutet.se/category/program/film/,,,Stockholm,"59,338067","18,068423",
Nya Rondo,cinema,http://www.cyklopen.se/hitta-till-oss,,,Stockholm,"59,2597173","18,0402811",
Park Bio Live Älvsjö Örby Östberga Liseberg,cinema,http://Parkfolketshus.nu/,,,Stockholm,"59,28323","18,02719",
Stockholm International Film Festival,cinema,https://www.stockholmfilmfestival.se/,,,Stockholm,"59,3335594","18,0586004",
Storyside,cinema,http://www.storyside.se,,,Stockholm,"59,3390472","18,0677556",
Svenska Filminstitutet,cinema,http://www.sfi.se,,,Stockholm,"59,3400659","18,1030755",
Våra Gårdar,cinema,http://www.varagardar.se/,,,Stockholm,"59,3224525","17,9860222",
Årsta Folkets Hus,cinema,http://www.arstafolketshus.org/,,,Stockholm,"59,2973611","18,0528267",
Arenaslöjd,circus,https://scenkonstportalen.riksteatern.se/produktion/14083,,,Stockholm,"59,31579","18,06742",
Banan-Kompaniet,cultural_center,http://www.banan-kompaniet.se,,"changed category from ""circus"" to ""cultural center""",Stockholm,"59,3415323","18,1189888",
Gycklarkompaniet Bastardus SaNs,circus,http://gycklare.se,,,Stockholm,"59,315461","18,07239",
Serieboden,comic_books_store,http://www.myntboden.se/,,,Stockholm,"59,3249688","18,0690836",
"Stuck & Sten, Stocklassa",commissioned_artist,http://www.stucksten.se/,,,Stockholm,"59,31093981","17,98880478",
Alviks Kulturhus,community_center,http://www.alvikskulturhus.se/,,,Stockholm,"59,3331675","17,978708",
Bagarmossens Folkets Hus,community_center,http://www.bagisfh.se/,,,Stockholm,"59,2768502","18,1330663",
Folkets Hus Konferens Center,community_center,Ingen webbplats,,,Stockholm,"59,3361525","18,0561984",
Folkets Hus Rinkeby,community_center,http://www.rinkebyfolketshus.com,,,Stockholm,"59,388749","17,926923",
Husby Kulturskolan,community_center,Ingen webbplats,,,Stockholm,"59,4087688","17,9271228",
Intresseföreningen Varvseken,community_center,http://www.varvseken.se,,,Stockholm,"59,314934","17,988014",
Kfum Gården,community_center,http://www.kfum-garden.nu,,,Stockholm,"59,4008244","17,938172",
"Krinolinen, Fruängen.",community_center,Ingen webbplats,,,Stockholm,"59,2862574","17,9735048",
Kultur och medborgarhuset Trappan,community_center,http://www.trappan.org/,,,Stockholm,"59,36593","17,88419",
Mötesplatsen Stora Sköndal,community_center,https://www.framtidensstoraskondal.se/motesplatsen/,,,Stockholm,"59,25262","18,12668",
Park Folkets Hus,community_center,http://www.parkfolketshus.nu,,,Stockholm,"59,2832602","18,0271495",
ShoSho Charity,community_center,Ingen webbplats,,,Stockholm,"59,3298","18,0615",
Tensta CommunityCenter,community_center,Ingen webbplats,,,Stockholm,"59,39319","17,90615",
5emman,community_services_non_profits,Ingen webbplats,,,Stockholm,"59,29755","18,01771",
Aktivitetshuset Tuben,community_services_non_profits,Ingen webbplats,,,Stockholm,"59,2432039","18,0936191",
ALIS - Administration av Litterära rättigheter I Sverige,community_services_non_profits,http://alis.org/,,,Stockholm,"59,3384862","18,0564976",
APU Network,community_services_non_profits,http://www.apunetwork.net/,,,Stockholm,"59,3270381","18,0427104",
Arameiska-Syrianska Föreningen i Norsborg,community_services_non_profits,http://www.sauf.nu/,,,Stockholm,"59,33233","18,06293",
Arbetarnas Bildningsforbund,community_services_non_profits,http://www.abf.se,,,Stockholm,"59,336032","18,061195",
Arcobaleno Musikskola-Music School,community_services_non_profits,http://www.arcobaleno.se/,,,Stockholm,"59,3379501","18,0953546",
Arenagruppen,community_services_non_profits,http://www.arenagruppen.se/,,,Stockholm,"59,3365715","18,057921",
Arts & Hearts,community_services_non_profits,http://www.artsandhearts.se/,,,Stockholm,"59,3469462","18,0380779",
Arwidssonstiftelsen,community_services_non_profits,http://arwidssonstiftelsen.se/,,,Stockholm,"59,33688","18,07481",
Assitej Sverige,community_services_non_profits,http://www.assitej.se/,,,Stockholm,"59,3290356","18,0500854",
Ateljégruppen Sofiamålarna,community_services_non_profits,http://www.sofiamalarna.se/,,,Stockholm,"59,3085167","18,0929838",
BellevueFarm,community_services_non_profits,http://www.bellevuefarm.se/,,,Stockholm,"59,3539786","18,0479971",
Bengaliska moskén - Islamiska Kulturföreningen - বাংলাদেশ কেন্দ্রীয় মসজিদ,community_services_non_profits,Ingen webbplats,,,Stockholm,"59,3141594","18,07831",
Berättarministeriet,community_services_non_profits,https://www.linkedin.com/company/berättarministeriet/,,,Stockholm,"59,3413552","18,0543291",
Bifrostorden Logen 8 Manheim,community_services_non_profits,http://www.bifrostorden.se/,,,Stockholm,"59,331384","18,062671",
Bildupphovsrätt i Sverige,community_services_non_profits,http://www.bildupphovsratt.se/,,,Stockholm,"59,31616","18,0438377",
Blomsterdalens Hyresgästförening,community_services_non_profits,Ingen webbplats,,,Stockholm,"59,3075","18,02636",
Blomsterfonden,community_services_non_profits,http://www.blomsterfonden.se/,,Nursing home that hosts some cultural activities for old people. I dont know if this should be here or not,Stockholm,"59,3076368","18,0720082",
Blueheart Project,community_services_non_profits,https://blueheart.center/,,,Stockholm,"59,25501","18,02537",
Brainpool,community_services_non_profits,https://www.brainpoolsweden.com/,,,Stockholm,"59,346922","18,038094",
Brilliant Minds Stockholm,community_services_non_profits,http://brilliantminds.co/,,,Stockholm,"59,34002","18,06648",
Bromma KFUM,community_services_non_profits,https://linktr.ee/brommakfum,,,Stockholm,"59,3344161","17,9782791",
Bromstens fritidsgård,community_services_non_profits,http://www.stadsmissionen.se/Socialverksamhet/Barnochunga/Bromstens-fritidsgard/,,,Stockholm,"59,379724","17,915571",
Bygdegårdarnas Riksförbund,community_services_non_profits,http://www.bygdegardarna.se/,,,Stockholm,"59,335806","18,0234679",
Capoeiraklubb Senzala IF,community_services_non_profits,https://www.capoeirastockholm.se/,,,Stockholm,"59,3128545","18,0796156",
Caporales San Simón - Estocolmo,community_services_non_profits,http://www.sansimonsthlm.com/,,,Stockholm,"59,31544","18,08668",
Centrum för dramatik,community_services_non_profits,http://www.centrumfordramatik.se/,,,Stockholm,"59,3386431","18,0566272",
Cirkuscentrum,community_services_non_profits,http://www.manegen.org/,,,Stockholm,"59,31626","18,04359",
Club Noize,community_services_non_profits,Ingen webbplats,,,Stockholm,"59,29921","18,01766",
Crazy people with a smile,community_services_non_profits,Ingen webbplats,,,Stockholm,"59,2651228","18,0284453",
Creative Call: Atlanta x Stockholm,community_services_non_profits,http://creativecall.org/,,,Stockholm,"59,397847","17,89697",
Dans Practica Föreningen,community_services_non_profits,Ingen webbplats,,,Stockholm,"59,32464","18,0713",
Demokratipiloterna Dynamo Stockholm,community_services_non_profits,http://www.demokratipiloterna.se/,,,Stockholm,"59,3118467","18,0810821",
"DIK - facket för kultur,  kommunikation och kreativ sektor",community_services_non_profits,http://www.dik.se,,,Stockholm,"59,3132495","18,0809734",
DubbelSpexet,community_services_non_profits,http://www.dubbelspexet.com/,,,Stockholm,"59,3474","18,07287",
DUKiS,community_services_non_profits,https://www.sdur.se/,,,Stockholm,"59,3348601","18,0560879",
Eesti Kultuuri Koondis,community_services_non_profits,http://www.kultuurikoondis.se/,,,Stockholm,"59,336361","18,05398",
Equmenia Hässelby,community_services_non_profits,https://equmeniahasselby.se/,,,Stockholm,"59,3775805","17,8210107",
Fackförbundet Scen & Film,community_services_non_profits,http://www.scenochfilm.se/,,,Stockholm,"59,3283675","18,0500867",
Farhang.nu,community_services_non_profits,http://www.farhang.nu/,,,Stockholm,"59,3224837","18,0654273",
Farsta Hembygdsförening,community_services_non_profits,Ingen webbplats,,,Stockholm,"59,243366","18,096419",
Film & TV-avdelningen,community_services_non_profits,https://linktr.ee/filmochtvavdelningen,,,Stockholm,"59,32829","18,05059",
FilmCentrum Riks,community_services_non_profits,https://www.filmcentrum.com/,,,Stockholm,"59,32559","18,0747738",
Filmform,community_services_non_profits,http://www.filmform.com/,,,Stockholm,"59,3369516","18,0258008",
FOLK i Skärholmen,community_services_non_profits,http://www.folkiskarholmen.se/,,,Stockholm,"59,2759657","17,9042885",
Folkdansgillet Kedjan,community_services_non_profits,http://www.fdgkedjan.se/,,,Stockholm,"59,2819","18,12022",
Folkdansringen Stockholm,community_services_non_profits,http://www.folkdansringen-stockholm.se/,,,Stockholm,"59,3196983","17,9899006",
Folkets Bio,community_services_non_profits,http://www.folketsbio.se/,,,Stockholm,"59,3157123","18,0316562",
Folkets Hus och Parker,community_services_non_profits,http://www.folketshusochparker.se/,,,Stockholm,"59,3174169","18,0633732",
Folkhögskolorna,community_services_non_profits,http://www.sverigesfolkhogskolor.se/,,,Stockholm,"59,3130349","18,0675745",
Folkkulturcentrum,community_services_non_profits,http://www.folkkulturcentrum.se,,,Stockholm,"59,3556331","18,099414",
Folkrörelsernas Konstfrämjande,community_services_non_profits,http://www.konstframjandet.se/,,,Stockholm,"59,3174438","18,0633815",
Formmuseets Vänner,community_services_non_profits,http://www.formmuseum.se/,,,Stockholm,"59,315809","18,061552",
Fotoklubben Stockholmsbild,community_services_non_profits,https://www.stockholmsbild.se/,,,Stockholm,"59,3406293","18,0552727",
Fritidsgården Duvnäsgatan,community_services_non_profits,http://www.stockholm.se/,,,Stockholm,"59,3136222","18,0944421",
Fryshuset Skapa Min Värld Sthlm,community_services_non_profits,http://skapaminvarld.fryshuset.se/,,,Stockholm,"59,2791346","17,9059422",
Future Threads Project,community_services_non_profits,http://futurethreadsproject.com/,,,Stockholm,"59,337084","18,077313",
Föreningen Jamaicansk Kultur,community_services_non_profits,https://instagram.com/jamaicanskakulturforeningen?igshid=YmMyMTA2M2Y%3D,,,Stockholm,"59,3828902","17,8967742",
Författarcentrum Öst,community_services_non_profits,https://forfattarcentrum.se/,,,Stockholm,"59,3360844","18,059371",
Författarnas Gästhem - The International Writers' House,community_services_non_profits,http://www.writershouse.se/,,,Stockholm,"59,33656","18,05949",
Generalstabens litografiska anstalt,community_services_non_profits,Ingen webbplats,,,Stockholm,"59,3340278","18,0636389",
Generator,community_services_non_profits,http://generatorsverige.se/,,,Stockholm,"59,31162","18,08259",
Goethe-Institut Schweden,community_services_non_profits,http://www.goethe.de/schweden,,,Stockholm,"59,3329137","18,0587504",
Grafikergruppen VGG,community_services_non_profits,http://www.vgg.se/,,,Stockholm,"59,30878","18,06828",
Grafiska Sällskapets grafikverkstad,community_services_non_profits,http://grafiskasallskapet.se/om-grafiska-sallskapet/gs-grafikverkstad/,,,Stockholm,"59,318195","18,075184",
Grekiska Föreningen Södra Stockho,community_services_non_profits,Ingen webbplats,,,Stockholm,"59,276864","17,905497",
Grekiskariksforbundet,community_services_non_profits,http://grekiskariksforbundet.com/,,,Stockholm,"59,3180837","18,0659118",
Gröndals Stadsodling,community_services_non_profits,Ingen webbplats,,,Stockholm,"59,3158664","18,0151659",
Hagsätra Collective,community_services_non_profits,Ingen webbplats,,,Stockholm,"59,2655938","18,0096278",
Hantverkarna,community_services_non_profits,https://www.hantverkarna.se/,,,Stockholm,"59,3339615","18,0565891",
Havheld of Stockholm,community_services_non_profits,http://www.havheld.se/,,,Stockholm,"59,32935","18,08981",
Help to Help,community_services_non_profits,https://www.helptohelp.se/,,,Stockholm,"59,3414076","18,0645798",
Hägerstens Hembygdsförening,community_services_non_profits,http://www.hembygd.se/hagersten,,,Stockholm,"59,27948","18,00789",
Hägerstensåsens Medborgarhus,community_services_non_profits,https://www.medborgarhuset.se/,,,Stockholm,"59,2971866","17,9835158",
Hässelby Villastads Folkets Hus u.p.a,community_services_non_profits,http://hesselbyfh.se/,,,Stockholm,"59,3792504","17,8037739",
Hönan och ägget Bagarmossen,community_services_non_profits,https://bagisodlarna.webnode.se/,,,Stockholm,"59,27831","18,1355499",
Ideell kulturallians,community_services_non_profits,http://ideellkultur.se/,,,Stockholm,"59,3174165","18,0634023",
Influence Film Club,community_services_non_profits,http://www.influencefilmclub.com/,,,Stockholm,"59,34357","18,08327",
Jakobsbergs Gård,community_services_non_profits,http://www.jakobsbergsgarden.se/,,,Stockholm,"59,2990099","17,9380266",
Judisk Kultur i Sverige,community_services_non_profits,http://www.judiskkultur.se/,,,Stockholm,"59,32896","18,06395",
Kammerton ideell förening,community_services_non_profits,http://Kammerton.org/,,,Stockholm,"59,2512667","18,0774807",
"Karuna, Sverige",community_services_non_profits,https://www.karuna.org/,,,Stockholm,"59,31698","18,04836",
Kinaslott,community_services_non_profits,Ingen webbplats,,,Stockholm,"59,3900343","17,793562",
Klustret Ekskäret,community_services_non_profits,http://www.klustretekskaret.se/,,,Stockholm,"59,3421094","18,048164",
Kompetenscentrum för kultur och hälsa,community_services_non_profits,https://www.regionstockholm.se/kompetenscentrum/,,,Stockholm,"59,31361","18,06941",
Konstrunda Midsommarkransen,community_services_non_profits,http://www.kransenrunt.se/,,,Stockholm,"59,3020009","18,00818",
Kosmosklubben,community_services_non_profits,http://www.kosmosklubben.se/,,,Stockholm,"59,28137","18,08099",
Kulturdoula Stockholm,community_services_non_profits,https://kulturdoula.se/,,,Stockholm,"59,3887","17,92707",
Maria Ungdomsklubb,community_services_non_profits,https://www.fryshuset.se/verksamhet/mariaungdomsklubb/,,,Stockholm,"59,3150044","18,0537245",
Medis 5,community_services_non_profits,http://www.medis5.org/,,,Stockholm,"59,31459","18,0723",
Militärmusiksamfundet / Swedish military music society,community_services_non_profits,http://militarmusik.se/,,,Stockholm,"59,3296204","17,9471798",
Miljöverkstan Flaten,community_services_non_profits,http://www.miljoverkstan.se/,,,Stockholm,"59,2663512","18,1295796",
Musikcentrum Öst,community_services_non_profits,https://www.flowcode.com/page/musikcentrumost,,,Stockholm,"59,3161467","18,0436372",
Musikerförbundet,community_services_non_profits,https://www.musikerforbundet.se/,,,Stockholm,"59,3355173","18,0304166",
Noden,community_services_non_profits,http://www.noden.org/,,,Stockholm,"59,3429644","18,1164711",
Nya Rågsveds Folkets Hus,community_services_non_profits,http://www.nyaragsvedsfolketshus.se/,,,Stockholm,"59,2569977","18,0275121",
Nöjespråmen Stockholm,community_services_non_profits,http://web.comhem.se/billeyshamrock/pramen.html,,,Stockholm,"59,3213163","18,0575275",
Oberoende Filmares Förbund,community_services_non_profits,http://www.off.se/,,,Stockholm,"59,27882","18,00451",
Panipirotiska Sällskapet Stockholm,community_services_non_profits,http://www.panipirotiska.se/,,,Stockholm,"59,34838","18,04803",
Piastowie - Polska Folkdansgruppen i Stockholm,community_services_non_profits,http://www.piastowie.se/,,,Stockholm,"59,331288","18,026235",
Queer The Space,community_services_non_profits,https://www.fryshuset.se/verksamhet/queer-the-space-3,,,Stockholm,"59,3010304","18,0887956",
Qulturnämnden,community_services_non_profits,http://www.medieteknik.com/namnder/qulturnamnden,,,Stockholm,"59,34805","18,071642",
QvinnoQraft Stockholm,community_services_non_profits,https://www.equalsthlm.se/equal-qvinnoqraft/,,,Stockholm,"59,30904","18,06747",
Rinkeby Folkets Hus,community_services_non_profits,http://www.rinkebyfolketshus.se/,,,Stockholm,"59,3887323","17,9269633",
RUM - Riksförbundet Unga Musikanter,community_services_non_profits,http://www.rum.se/,,,Stockholm,"59,3292362","17,9853429",
Rummet för Uttryckande Konst/ Expressive Arts,community_services_non_profits,http://www.rummet.org/,,,Stockholm,"59,3092945","18,0970038",
SAK Sveriges Allmänna Konstförening,community_services_non_profits,http://www.konstforeningen.se/,,,Stockholm,"59,327671","18,082793",
Scenkonst Z,community_services_non_profits,http://www.scenkonstz.se/,,,Stockholm,"59,301342","18,091285",
Scensverige,community_services_non_profits,http://www.scensverige.se/,,,Stockholm,"59,3282149","18,0500358",
Schnaza Bananza,community_services_non_profits,Ingen webbplats,,,Stockholm,"59,33861","18,06724",
Sensus Musik Stockholm,community_services_non_profits,https://www.sensus.se/samarbeta/musik/,,,Stockholm,"59,3375365","18,0589387",
Skiers Left,community_services_non_profits,http://skiersleft.com/,,,Stockholm,"59,31424","18,08674",
Skondalsgarden,community_services_non_profits,http://www.skondalsgarden.se/wp/,,,Stockholm,"59,2560578","18,1142735",
Solidaritetshuset,community_services_non_profits,http://www.solidaritetshuset.se/,,,Stockholm,"59,3093033","18,0968914",
Stockholm Makerspace,community_services_non_profits,https://www.makerspace.se/,,,Stockholm,"59,3506209","18,0677208",
Stockholm Sangeet,community_services_non_profits,http://www.stockholmsangeet.se/,,,Stockholm,"59,28471","18,00843",
Stockholm Writers Festival,community_services_non_profits,http://stockholmwritersfestival.com/,,,Stockholm,"59,33806","18,0681",
Stockholms läns hembygdsförbund,community_services_non_profits,http://www.hembygd.se/stockholm,,,Stockholm,"59,33783","18,0427",
Stockholms Läns Hemslöjdsfören,community_services_non_profits,http://www.hemslojden.org/stockholm,,,Stockholm,"59,3477996","18,048067",
Stockholms läns hemslöjdsförening,community_services_non_profits,http://hemslojden.org/stockholm/,,,Stockholm,"59,3318099","18,0171729",
Studiefrämjandet,community_services_non_profits,http://www.studieframjandet.se/,,,Stockholm,"59,3283919","17,983725",
Studiefrämjandet Musik Stockholm,community_services_non_profits,http://www.studieframjandet.se/studios,,,Stockholm,"59,3449444","18,0490615",
Studieförbunden,community_services_non_profits,http://www.studieforbunden.se/,,,Stockholm,"59,336746","18,0503479",
Studieförbundet Bilda Öst,community_services_non_profits,http://www.bilda.nu/,,,Stockholm,"59,3162646","18,0561345",
Studio ABC - ateljéhuset i Vällingby,community_services_non_profits,http://studioabc.se/,,,Stockholm,"59,3593601","17,8740626",
Svensk biblioteksförening,community_services_non_profits,https://www.biblioteksforeningen.se/,,,Stockholm,"59,3354145","18,0653606",
Svensk Bokkonst,community_services_non_profits,http://www.svenskbokkonst.se/,,,Stockholm,"59,3375524","18,0715913",
Svensk Jazz,community_services_non_profits,http://www.svenskjazz.se/,,,Stockholm,"59,3356462","18,0305156",
Svensk-Tibetanska Skol-och Kulturföreningen,community_services_non_profits,http://tibet-school.org/,,,Stockholm,"59,2822482","18,0496102",
Svenska Antikvariatföreningen,community_services_non_profits,http://www.svaf.se/,,,Stockholm,"59,33751","18,06974",
Svenska barnboksinstitutet,community_services_non_profits,http://www.sbi.kb.se,,,Stockholm,"59,3432522","18,0530174",
Svenska Folkdansringen,community_services_non_profits,https://folkdansringen.se/,,,Stockholm,"59,3196988","17,9898871",
Svenska Fotografers Förbund,community_services_non_profits,http://www.sfoto.se/,,,Stockholm,"59,3328213","18,0801609",
Svenska Förläggareföreningen,community_services_non_profits,http://www.forlaggare.se/,,,Stockholm,"59,3404422","18,053498",
Svenska Gospelverkstaden,community_services_non_profits,http://www.gospelverkstaden.se/,,,Stockholm,"59,3247052","18,0712663",
Svenska Tecknare,community_services_non_profits,http://www.svenskatecknare.se/,,,Stockholm,"59,32878","18,04009",
Sveriges hembygdsförbund,community_services_non_profits,http://www.hembygd.se/,,,Stockholm,"59,337738","18,0426271",
Sveriges Körförbund,community_services_non_profits,http://www.sverigeskorforbund.se/,,,Stockholm,"59,31539","18,07101",
Sverok - Spelkulturförbundet,community_services_non_profits,http://www.sverok.se/,,,Stockholm,"59,3288456","17,9844627",
Sverok Stockholm-Gotland,community_services_non_profits,https://linktr.ee/SverokStockholmGotland,,,Stockholm,"59,3353193","18,0000416",
Swedish Swing Society,community_services_non_profits,http://www.swedishswing.se/,,,Stockholm,"59,3416674","18,0464004",
Symf,community_services_non_profits,http://www.symf.se/,,,Stockholm,"59,3353474","18,0305937",
Särimners Kultingar (SK),community_services_non_profits,https://disk.su.se/sk/,,,Stockholm,"59,405219","17,945015",
Södergården hemgård,community_services_non_profits,http://www.sodergarden.org/,,,Stockholm,"59,316049","18,0724578",
Södra Kulturkontoret,community_services_non_profits,https://sodrakulturkontoret.se/,,,Stockholm,"59,3092954","18,0969131",
Sömnad,community_services_non_profits,http://www.sv.se/stockholm,,,Stockholm,"59,314868","18,074538",
Tango Norte,community_services_non_profits,http://www.tangonorte.com/,,,Stockholm,"59,3252437","18,0679809",
Teckna och måla,community_services_non_profits,http://www.sv.se/stockholm,,,Stockholm,"59,314755","18,074802",
"Transit Kulturinkubator - tid, råd och rum för konstnärliga verksamheter",community_services_non_profits,http://www.transitsthlm.se/,,,Stockholm,"59,2998085","17,9945393",
Ungdomens Hus - Skärholmen,community_services_non_profits,http://www.skarholmen.fryshuset.se/,,,Stockholm,"59,27509","17,90598",
UNGiKÖR: Sveriges barn- och ungdomskörer,community_services_non_profits,https://www.ungikor.se/,,,Stockholm,"59,316349","18,043745",
Unidos do Samba,community_services_non_profits,http://www.unidosdosamba.com/,,,Stockholm,"59,3388","18,05998",
Vällingby Folkets hus,community_services_non_profits,https://fhvallingby.com/,,,Stockholm,"59,36232","17,871352",
Västerortsaktivitetscenter,community_services_non_profits,Ingen webbplats,,,Stockholm,"59,34273","17,87455",
WIFT Sverige,community_services_non_profits,http://www.wift.se/,,,Stockholm,"59,3346778","18,0602789",
Zitas filmpedagoger,community_services_non_profits,http://zita.se/skola,,,Stockholm,"59,33857","18,06821",
Östberga Kulturhus,community_services_non_profits,https://ostbergakulturhus.stockholm.se/,,,Stockholm,"59,2889548","18,0334176",
China Cultural Center in Stockholm,cultural_center,http://www.cccstockholm.org/,,,Stockholm,"59,331238","18,070463",
FKC-Alvik,cultural_center,http://www.fkcalvik.se/,,,Stockholm,"59,33322","17,97904",
Hör & Scen,cultural_center,http://www.demokratipiloterna.se/,,,Stockholm,"59,3118817","18,0813965",
Immersive Reality Studios Stockholm,cultural_center,https://immersivestockholm.com/,,,Stockholm,"59,3114083","18,0748709",
Iraqi Cultural Center-Sweden المركز الثقافي العراقي في السويد,cultural_center,http://www.youtube.com/Iraqiccenter,,,Stockholm,"59,318948","18,077056",
"Istituto Italiano di Cultura di Stoccolma ""C.M. Lerici""",cultural_center,https://iicstoccolma.esteri.it/iic_stoccolma/it/istituto/come_contattarci/,,,Stockholm,"59,3353144","18,1073769",
Kapsylen,cultural_center,http://kapsylen.se/,,,Stockholm,"59,3159612","18,0828114",
Knö Kultur,cultural_center,https://www.knokultur.com/,,,Stockholm,"59,30837","18,09167",
Koreanskt Kulturcenter,cultural_center,https://sweden.korean-culture.org/en,,,Stockholm,"59,3311933","18,0463324",
Kråkberget,cultural_center,http://www.krakberget.se/,,,Stockholm,"59,3129792","18,0890585",
Kultur,cultural_center,Ingen webbplats,,,Stockholm,"59,312449","18,077345",
Kulturfyren Gamla Stan,cultural_center,http://www.kulturfyren.se/,,,Stockholm,"59,3246907","18,0712627",
Kulturhuset Stadsteatern,cultural_center,http://kulturhusetstadsteatern.se/,,,Stockholm,"59,3321063","18,0647906",
Kulturscenen på NK,cultural_center,http://nk.se/,,,Stockholm,"59,3327057","18,0690267",
Kulturskolan Kista,cultural_center,Ingen webbplats,,,Stockholm,"59,408669","17,9271439",
Kulturskolan Vällingby,cultural_center,Ingen webbplats,,,Stockholm,"59,3625391","17,8750055",
Maxim Stockholm,cultural_center,https://www.maximstockholm.se/,,,Stockholm,"59,3369","18,08888",
Midsommargården,cultural_center,http://www.midsommargarden.se/,,,Stockholm,"59,2988926","17,9965818",
Nya Elbaseriet,cultural_center,http://www.elbaseriet.se/,,,Stockholm,"59,3150773","18,0658716",
pasergelstorg,cultural_center,https://upplev.stockholm/platser/sergels-torg/,,,Stockholm,"59,33232","18,06516",
Peas by peas,cultural_center,https://peasbypeas.com/,,,Stockholm,"59,3838546","17,8873461",
Royal chapel,cultural_center,Ingen webbplats,,,Stockholm,"59,32506","18,0706156",
Rågsveds aktivitetshus,cultural_center,https://ung.stockholm/hitta-fritidsgard-och-ungdomsgard/fritidsgard-och-ungdomsgard/ragsveds-aktivitetshus-fritidsgard,,,Stockholm,"59,2567141","18,0272882",
SELAM,cultural_center,https://linktr.ee/selamsweden,,,Stockholm,"59,3171974","18,0800712",
Skarpnäcks Kulturhus,cultural_center,https://skarpnackskulturhus.stockholm/,,,Stockholm,"59,267818","18,128967",
Stadsgårdsterminalen,cultural_center,https://www.stadsgardsterminalen.com/,,,Stockholm,"59,3191682","18,0781501",
Stb Vuxenskolans Intern Kulturcentrum i Sthlm,cultural_center,Ingen webbplats,,,Stockholm,"59,285187","17,972854",
Studio SN7,cultural_center,https://storanygatan7.se/,,,Stockholm,"59,3250827","18,06785",
Telefonplan Studios,cultural_center,Ingen webbplats,,,Stockholm,"59,3001589","17,9942239",
Ιδρυμα Ελληνική Πολιτιστική Στέγη Stiftelsen Grekiska Kulturhuset,cultural_center,http://www.grekiskakulturhuset.se/,,,Stockholm,"59,3483688","18,0479266",
Ballroom,dance_club,http://www.berns.se,,,Stockholm,"59,3328431","18,0734239",
Bergmans Sthlm,dance_club,http://www.bergmanssthlm.se/,,,Stockholm,"59,3338424","18,0763928",
Café Opera,dance_club,https://www.cafeopera.se,,,Stockholm,"59,3301362","18,0711999",
Cecis Hantverk,dance_club,http://www.cecishantverk.se/,,"keramik, craft",Stockholm,"59,3009543","18,0023195",
"Club Berns, Stockholm",dance_club,Ingen webbplats,,"Berns är med ovan också men med annat ""namn"" dock rätt web adress",Stockholm,"59,3323965","18,0740216",
Club KINO,dance_club,http://www.clubkino.se/,,,Stockholm,"59,3396155","18,062914",
Club Soul,dance_club,http://www.clubsoul.net/,,På Fashing,Stockholm,"59,33329","18,055864",
Club Tiger Stockholm,dance_club,Ingen webbplats,,closed 2013,Stockholm,"59,332375","18,05023",
Crazy Nights - Rock Club,dance_club,http://www.harrybjames.se/,,,Stockholm,"59,333045","18,06772",
Danzarín,dance_club,http://www.danzarin.dance/,,"Dance school, Tango",Stockholm,"59,3416484","18,0494137",
Debaser,dance_club,https://www.debaserpontonen.se/,,,Stockholm,"59,31449765","18,03228872",
EGO Nattklubb,dance_club,https://www.egonattklubb.com/,,"Ej egen lokal utan de är på ""Baras ställe""",Stockholm,"59,3185772","18,0591228",
Evgenia.se  Art Studio,dance_club,http://www.evgenia.se/,,enskild konstnär,Stockholm,"59,339313","18,0502279",
F12 Terrassen,dance_club,https://f12sthlm.se/,,,Stockholm,"59,3285643","18,0641943",
FOCUS Stockholm,dance_club,https://focus-after-hours.confetti.events/,,closed ,Stockholm,"59,33165","18,05348",
Fräulein Frauke Presents - Burlesque clubN,dance_club,https://www.nalen.com/konsert/2025/fraulein-frauke-presents-under-the-sea/,,Nalen (men inte bara denna konsert),Stockholm,"59,337117","18,067744",
Golden Hits,dance_club,http://www.goldenhits.se/,,,Stockholm,"59,3358233","18,0668463",
HYDE Stockholm,dance_club,http://www.hydestockholm.se/,,,Stockholm,"59,334621","18,0693107",
Klubb BLÅ,dance_club,http://www.klubbbla.se/,,,Stockholm,"59,3354914","18,0331488",
Kolingen,dance_club,https://www.engelen.se/,,Kolingen är en del av Engelen,Stockholm,"59,3224611","18,0722218",
Kristall,dance_club,http://www.kristallstockholm.se,,Salsa,Stockholm,"59,3346789","18,0595985",
Kvarteret,dance_club,https://slakthusen.se/venue/kvarteret/,,,Stockholm,"59,2924791","18,0800662",
M/S Borgila,dance_club,http://Www.Borgila.com/,,middag ej dans båt,Stockholm,"59,3213159","18,0555302",
MamaAfrica Mamaafricaclub,dance_club,https://www.facebook.com/mamaafricaclub/,,ingen egen lokal?,Stockholm,"59,29562","18,08067",
MYST Stockholm,dance_club,http://www.myststockholm.nu/,,festlokal,Stockholm,"59,334623","18,0693129",
NEUstockholm,dance_club,,,del av Stureplansgruppen,Stockholm,"59,3322765","18,073882",
P-Tzz-Dah,dance_club,https://www.facebook.com/groups/ptzzdah/?locale=sv_SE,,lindyhop ingen egen lokal?,Stockholm,"59,30397","18,07247",
Pachanga,dance_club,http://www.pachanga.se/,,dublett med Clandestion?,Stockholm,"59,3354914","18,0331488",
Patricia,dance_club,http://www.patriciastockholm.se/,,,Stockholm,"59,3212737","18,0525384",
Pattern Stockholm,dance_club,http://patternstockholm.com/,,Fashion tech not dance,Stockholm,"59,3171897","18,0480193",
Rose,dance_club,http://www.roseclub.se,,,Stockholm,"59,3330472","18,0751195",
Skyddsrummet fest & eventlokal,dance_club,http://www.skyddsrummet.se/,,festlokal ,Stockholm,"59,3208901","18,0556285",
Slakthuset,dance_club,https://slakthusen.se/,,dublett? eller flera ställen på en plats,Stockholm,"59,2917012","18,0794748",
Starlight,dance_club,https://stockholmstarlight.se/wp/,,,Stockholm,"59,301912","18,092923",
Stockholm Tango,dance_club,http://www.stockholmtango.com/,,"Dance school, course Tango",Stockholm,"59,3184607","18,0634525",
Sturecompagniet,dance_club,http://sturecompagniet.se/,,,Stockholm,"59,3364587","18,0733228",
Syntax Error Stockholm,dance_club,https://syntax-error.se/,,,Stockholm,"59,3187259","18,0608951",
Taket,dance_club,Ingen webbplats,,"Oklar status, finns på https://nattklubbslistan.se/taket-sthlm/",Stockholm,"59,3319282","18,0643995",
The Cave,dance_club,https://thecavesthlm.se/,,festlokal,Stockholm,"59,3401406","18,0619603",
The Lux AW Club,dance_club,https://www.theluxaw.club/,,,Stockholm,"59,32989","18,07718",
The Rabbit Hole,dance_club,https://www.rabbitholeproduktion.se/om-oss,,mixat men ingen fast dansklubb,Stockholm,"59,3364762","18,0733298",
Tjalans,dance_club,http://tjalans.se/,,oklar vad det är,Stockholm,"59,3367741","18,0748067",
Trädgården,dance_club,http://www.tradgarden.com/,,,Stockholm,"59,3044877","18,0780565",
Under Bron,dance_club,http://underbron.com/,,,Stockholm,"59,3043055","18,0788013",
The Wall,dance_club,https://www.stureplansgruppen.se/nightlife/the-wall/,,,Stockholm,"59,3364836","18,0734677",
Alhanko Academy of Ballet,dance_school,https://alhankoballet.se/,,Ballet school,Stockholm,"59,3384958","18,0831053",
AloCubano Dance School,dance_school,http://www.alocubano.se/,,Ballet course,Stockholm,"59,34168","18,04929",
Balett Fitness - Barre á terre,dance_school,http://www.flamencocenter.se/,,Dance course and community ,Stockholm,"59,33567","18,05177",
Balettakademien,dance_school,http://www.balettakademien.se/stockholm,,Ballet school,Stockholm,"59,3431223","18,0638089",
Balettcentrum Stockholm,dance_school,http://balettcentrum.se/,,Ballet course,Stockholm,"59,345034","18,0556132",
BASE23 - Stockholm Dance Academy,dance_school,http://base23.se/,,Dance and singer school,Stockholm,"59,3383847","18,0830527",
Brazouka Stockholm,dance_school,http://www.brazouka.com/,,Dance course and community ,Stockholm,"59,3408585","18,0486698",
Capoeira Guanabara STHLM,dance_school,https://capoeiraguanabara.se/,,Capoeira ,Stockholm,"59,3288423","18,0143543",
Chicago swing dance studio,dance_school,http://www.chicago75.se/,,Dance courses,Stockholm,"59,3173955","18,0517201",
Dance Factory Farsta,dance_school,http://www.dancefactory.se/,,Dance courses,Stockholm,"59,2420707","18,0905066",
Dance Republic,dance_school,https://www.facebook.com/DanceRepublicSweden,,Party events,Stockholm,"59,33704","18,05956",
Dance Scottish - RSCDS Stockholm branch,dance_school,https://rscds-stockholm.se/,,Scottish Country Dancing,Stockholm,"59,35561","18,09932",
Danscentrum Stockholm,dance_school,http://www.danscentrumstockholm.se/,,Members organisation community ,Stockholm,"59,3364853","18,0565851",
Danscentrum Stockholm,dance_school,http://www.danscentrum.se,,Members organisation community ,Stockholm,"59,336529","18,081355",
Danshuset,dance_school,https://www.danshuset.se,,Private dance school ,Stockholm,"59,3390164","17,9404912",
Danshuset Enskede,dance_school,https://www.danshuset.se,,Private dance school part of Danshuset,Stockholm,"59,2891687","18,0540919",
Danshuset Stockholm AB,dance_school,http://danshuset.se/,,Private dance school part of Danshuset,Stockholm,"59,3329485","18,0293865",
Dansklotet,dance_school,http://www.dansenshus.se/,,Major contemporary dance events,Stockholm,"59,3367227","18,0560463",
Dansklubben Nyckeln,dance_school,https://www.dknyckeln.se/,,Dance courses,Stockholm,"59,33322","17,97904",
Flamenco Center,dance_school,http://www.flamencocenter.se/,,Flamenco Cente,Stockholm,"59,335595","18,051907",
Flamenco Center Stockholm,dance_school,http://www.flamencocenter.se/,,Flamenco Cente,Stockholm,"59,3478627","18,0637888",
Gabrielas Balett & Dansskola,dance_school,https://gabrielasbalett.se/,,Dance courses,Stockholm,"59,3625867","17,8709373",
HALLEN i Farsta,dance_school,www.hallenifarsta.se,,Intressant Dance art and community ,Stockholm,"59,2414124","18,1079629",
Hjorthagen Dans,dance_school,http://folkkulturcentrum.se/,,Intressant Music art dance theatre ,Stockholm,"59,35561","18,09932",
Håkans Dansskola,dance_school,http://www.hakansdansskola.se/,,Dance courses,Stockholm,"59,2971086","17,9831171",
"IDance Studios - Salsa, Bachata och Kizomba i Stockholm",dance_school,http://www.idance.se/,,Dance courses,Stockholm,"59,347254","18,0670575",
Karamba Dance Studio,dance_school,https://www.karambadancestudio.se/,,Dance courses,Stockholm,"59,3467024","18,0815741",
Keloke Dance Studio,dance_school,http://www.kelokedancestudio.com/,,Dance courses,Stockholm,"59,3388614","18,0549017",
Kindahls Dansskola,dance_school,http://Kindahlsdansskola.se/,,Dance courses,Stockholm,"59,3717099","17,8600919",
Kühlers Dansskola,dance_school,https://kuhlers.se/,,Dance courses,Stockholm,"59,3388328","18,0550246",
Layali Orientaliska Dansakademi,dance_school,https://layali.se/,,Dance courses,Stockholm,"59,3433784","18,0441402",
Mad Dance Palace,dance_school,http://www.maddancepalace.com/,,Dance courses,Stockholm,"59,3310178","18,0473145",
Marikas Dans & Modestudio,dance_school,http://www.marikas.se/,,Dance courses,Stockholm,"59,3459413","18,0566276",
Mälarhöjdens Dansskola,dance_school,http://www.malarhojdensdansskola.se/ ,,Dance courses,Stockholm,"59,3044808","17,9581289",
Mälarsalens danskurser,dance_school,http://www.malarsalen.se/ ,,Dance courses and events,Stockholm,"59,320701","18,0555867",
Ritmo Caleño Salsa Dance School,dance_school,http://www.ritmocaleno.se/ ,,Dance courses,Stockholm,"59,3388277","18,0550283",
SAND Dansskola,dance_school,https://sand.dance/ ,,Intressant? dance community,Stockholm,"59,3054029","17,998844",
Somos Tango Stockholm,dance_school,https://somostango.se/ ,,Tango dance courses,Stockholm,"59,3130754","18,0125566",
STHLM DanceCrew,dance_school,http://www.sthlmdancecrew.se/ ,,dance courses,Stockholm,"59,3442478","17,9692593",
Sthlms Barndansskola,dance_school,http://www.barndansskola.se/ ,,Kids dance courses,Stockholm,"59,3141655","18,0828788",
Stockholm Danceconnection,dance_school,http://www.danceconnection.se/ ,,Dance courses,Stockholm,"59,3457692","18,0548941",
Stockholm LineDancers Studio,dance_school,http://www.linedancers.com/ ,,Line dance courses,Stockholm,"59,3439122","18,05739",
Stockholm Salsa Dance,dance_school,http://www.stockholmsalsadance.com/ ,,,Stockholm,"59,3370695","18,0595275",
Stockholms Barndansskola,dance_school,www.barndansskola.se ,,Kids dance courses,Stockholm,"59,3158026","18,0097207",
Studio 8a - event och kulturplats,dance_school,http://www.flamencocenter.se/,,Flamenco courses,Stockholm,"59,33567","18,05177",
Studio Odette Stockholm,dance_school,http://www.studio-odette.com/,,Dance courses,Stockholm,"59,3472298","18,0671843",
Studio Salsa,dance_school,http://www.dansasalsa.se/,,Dance courses,Stockholm,"59,340754","18,0488455",
Studio Touch,dance_school,https://studiotouch.se/,,Dance courses,Stockholm,"59,3430519","18,0321994",
Studio8 Stockholm,dance_school,http://www.flamencocenter.se/,,Dance courses,Stockholm,"59,34791","18,06381",
Sweetlife Pole & Wellness,dance_school,http://www.sweetlifepole.se/,,Dance courses,Stockholm,"59,33746","18,02997",
Tango Academy Stockholm,dance_school,http://tangoacademy.se/,,Dance courses,Stockholm,"59,33335","18,01626",
The International Ballet School,dance_school,http://www.internationalballet.se/,,Dance courses,Stockholm,"59,3157896","18,0316914",
Tåp Studio,dance_school,https://tapstudio.se/,,Dance courses,Stockholm,"59,3404633","18,0798983",
Urkraft,dance_school,http://www.urkraft.nu/,,Dance courses,Stockholm,"59,3457123","18,055023",
Wanna Dance,dance_school,http://wannadance.se/,,Dance courses,Stockholm,"59,291423","18,0820359",
𝕫𝕠𝕦𝕜 𝕚𝕟 𝕤𝕥𝕠𝕔𝕜𝕙𝕠𝕝𝕞,dance_school,https://zouksocstockholm.se/,,Dance courses,Stockholm,"59,324622","18,07135",
Zouk KTH,dance_school,http://www.zoukkth.se/,,Dance courses,Stockholm,"59,35197","18,06905",
Östermalms Dansstudio,dance_school,https://en.ostermalmsdansstudio.com/,,Dance courses,Stockholm,"59,3536054","18,0895132",
Zita Folkets Bio,drive_in_theater,http://www.zita.se/,,,Stockholm,"59,338532","18,0682463",
Hangmen AB,fashion,http://www.hangmen.se/,,producing art exhibitions etc. maybe relevant?,Stockholm,"59,3055923","17,9835511",
Kimono Bonanza,fashion,https://kimonobonanza.se/,,"has a collection of vintage japanese textiles, shows them as a sort of museum",Stockholm,"59,2892248","18,1128395",
Marcus Malmborg,fashion,http://www.marcusmalmborg.com/,,,Stockholm,"59,33212","18,08013",
Designstudio Sandra Praun,graphic_designer,http://sandrapraun.se/,,graphic designer publishing house,Stockholm,"59,3325005","18,0157204",
Bergrummet,history_museum,https://www.varldskulturmuseerna.se/utstallningar/bergrummet,,,Stockholm,"59,326477","18,08116",
Båthall 2,history_museum,http://www.sjohistoriska.se/sv/Besok/Besok-oss/Galarvarvet/Bathall2,,,Stockholm,"59,3263259","18,0950202",
Historiska museet,history_museum,http://www.historiska.se/,,,Stockholm,"59,3347791","18,0908575",
Livrustkammaren,history_museum,http://www.livrustkammaren.se/,,,Stockholm,"59,326768","18,073065",
Medelhavsmuseet,history_museum,https://www.medelhavsmuseet.se/,,,Stockholm,"59,3293609","18,0674932",
Naturhistoriska Riksmuseet,history_museum,http://www.nrm.se/,,,Stockholm,"59,3683952","18,0560941",
Rosendals Slott,history_museum,https://www.kungligaslotten.se/english/royal-palaces-and-sites/rosendal-palace.html,,,Stockholm,"59,3289415","18,1173708",
Runstensparken,history_museum,https://www.runstensparken.se/,,,Stockholm,"59,2531902","18,1155648",
S/S Frithiof,history_museum,http://www.angbatar.se/,,Boat museum,Stockholm,"59,3313069","18,0837321",
Scoutmuseet,history_museum,https://arkivochmuseum.scout.se/,,,Stockholm,"59,3049714","17,9825809",
Sjöhistoriska,history_museum,http://www.sjohistoriska.se/,,,Stockholm,"59,3321506","18,1124317",
Skansen,history_museum,http://www.skansen.se/,,,Stockholm,"59,3263233","18,1058555",
Spritmuseum,history_museum,http://www.spritmuseum.se/,,,Stockholm,"59,3270854","18,0931007",
Stadsmuseet i Stockholm,history_museum,https://stadsmuseet.stockholm/,,,Stockholm,"59,3197222","18,0705556",
Stockholm Royel Palace,history_museum,https://www.kungahuset.se/english/royal-palaces-and-residences,,,Stockholm,"59,3266667","18,0716667",
Sveriges museum om Förintelsen,history_museum,https://museumforintelsen.se/,,,Stockholm,"59,3371335","18,042693",
Swedish Museum of Natural History,history_museum,http://www.nrm.se,,,Stockholm,"59,3689717","18,0538789",
The Royal Armoury,history_museum,http://livrustkammaren.se/en,,,Stockholm,"59,326559","18,073008",
Vasa Museeum (Vasamuseet),history_museum,http://www.vasamuseet.se/InEnglish/about.aspx/,,,Stockholm,"59,32837","18,09156",
Afrika Jazz Club,jazz_and_blues,https://www.facebook.com/AfrikaJazzClub/,,,Stockholm,"59,3414558","18,059657",
Bluesjammet,jazz_and_blues,https://www.facebook.com/bluesjammet/,,,Stockholm,"59,32531","18,06782",
Club Hot-Cha,jazz_and_blues,http://www.chicago75.se/,,Dance courses,Stockholm,"59,31744","18,052",
Fasching,jazz_and_blues,http://www.fasching.se/,,,Stockholm,"59,333426","18,0557404",
Kung Carls Jazzklubb,jazz_and_blues,https://www.kungcarl.se/kung-carls-jazzklubb,,,Stockholm,"59,3364376","18,0713385",
Landskapslaget,landscaping,http://www.landskapslaget.se/,,landscape architects,Stockholm,"59,3122857","18,0582677",
Stockholms Snickarmastarfor,landscaping,http://www.snickarmastarna.se,,Woodworkers association and Museum,Stockholm,"59,325264","18,074678",
Wi landskap,landscaping,http://www.wilandskap.se/,,landscape architects,Stockholm,"59,3291458","18,0968834",
Anna Lindh Biblioteket,library,http://www.annalindhbiblioteket.se,,,Stockholm,"59,3490972","18,069425",
Aspuddens Bibliotek,library,http://biblioteket.stockholm.se/bibliotek/aspuddens-bibliotek,,,Stockholm,"59,3055213","18,0015274",
Barnens bokbuss,library,https://biblioteket.stockholm.se/bibliotek/barnens-bokbuss,,,Stockholm,"59,34271","18,0531",
Bernadottebiblioteket,library,https://www.kungligaslotten.se/english/articles-movies-360/the-royal-palace/2018-04-13-the-bernadotte-library.html,,,Stockholm,"59,3276389","18,0726944",
Bibblerian,library,https://biblioteket.stockholm.se/bibliotek/hasselby-gards-bibliotek,,,Stockholm,"59,3676506","17,8438455",
Biblioteket Sophiahemmet Högskola,library,https://www.shh.se/sv/bibliotek/hem/,,,Stockholm,"59,3462154","18,07726",
"Biblioteket, Fältöversten",library,https://biblioteket.stockholm.se/bibliotek/ostermalms-bibliotek,,,Stockholm,"59,3402495","18,0913833",
Björkhagens Bibliotek,library,https://biblioteket.stockholm.se/bibliotek/bjorkhagens-bibliotek,,,Stockholm,"59,290688","18,1163527",
Brommaplans Bibliotek,library,http://biblioteket.stockholm.se/bibliotek/brommaplans-bibliotek,,,Stockholm,"59,3388245","17,9402969",
Enskede Bibliotek,library,http://biblioteket.stockholm.se/bibliotek/enskede-bibliotek,,,Stockholm,"59,2855707","18,0940247",
Farsta Bibliotek,library,https://biblioteket.stockholm.se/bibliotek/farsta-bibliotek,,,Stockholm,"59,2425438","18,0900096",
Filminstitutets bibliotek,library,http://www.filminstitutet.se/biblioteket,,,Stockholm,"59,339971","18,10371",
Finlandsinstitutets bibliotek / Suomen Tukholman-instituutin kirjasto,library,https://finlandsinstitutet.se/biblioteket/,,,Stockholm,"59,3380922","18,0683041",
Fruängens bibliotek,library,http://biblioteket.stockholm.se/bibliotek/fruangens-bibliotek,,,Stockholm,"59,28563","17,96559",
GIH biblioteket,library,http://www.gih.se/bibliotek,,,Stockholm,"59,3469732","18,080605",
Gröndals bibliotek,library,http://biblioteket.stockholm.se/bibliotek/grondals-bibliotek,,,Stockholm,"59,3161857","18,0119152",
Gubbängens bibliotek,library,http://biblioteket.stockholm.se/bibliotek/gubbangens-bibliotek,,,Stockholm,"59,262368","18,082926",
Hagsätra bibliotek,library,https://biblioteket.stockholm.se/bibliotek/hagsatra-bibliotek,,,Stockholm,"59,2620756","18,0148248",
Handelshögskolans Bibliotek,library,https://www.hhs.se/sv/bibliotek/,,,Stockholm,"59,342535","18,056411",
Hornstulls Bibliotek,library,http://biblioteket.stockholm.se/bibliotek/hornstulls-bibliotek,,,Stockholm,"59,3160276","18,035152",
Husby bibliotek,library,http://biblioteket.stockholm.se/bibliotek/husby-bibliotek,,,Stockholm,"59,4090758","17,9266889",
Hässelby Villastads bibliotek,library,https://biblioteket.stockholm.se/bibliotek/hasselby-villastads-bibliotek,,,Stockholm,"59,3796042","17,8175872",
Kista bibliotek,library,https://biblioteket.stockholm.se/bibliotek/kista-bibliotek,,,Stockholm,"59,4020012","17,9456328",
Krigsarkivet,library,https://riksarkivet.se/,,,Stockholm,"59,341768","18,098235",
KTH Biblioteket,library,http://www.kth.se/biblioteket,,,Stockholm,"59,3479802","18,0729691",
KTH Library,library,https://www.kth.se/biblioteket,,,Stockholm,"59,4042746","17,9464449",
Kulturhuset Fanfaren,library,https://biblioteket.stockholm.se/bibliotek/farsta-bibliotek,,,Stockholm,"59,2425067","18,0897771",
Kulturhuset Kulturbiblioteket,library,https://kulturhusetstadsteatern.se/Bibliotek/Kulturbiblioteket/,,,Stockholm,"59,331974","18,064684",
Kungliga biblioteket,library,http://www.kb.se/,,,Stockholm,"59,3382181","18,0721559",
Kungsholmens Bibliotek,library,https://biblioteket.stockholm.se/bibliotek/kungsholmens-bibliotek-internationella-biblioteket,,,Stockholm,"59,3328477","18,0312281",
Kurdiska Biblioteket,library,http://www.kurdlib.org/,,,Stockholm,"59,333345","17,978671",
LAVA,library,https://kulturhusetstadsteatern.se/Bibliotek/Lava,,,Stockholm,"59,3319609","18,0645596",
Luma bibliotek,library,https://biblioteket.stockholm.se/en/bibliotek/luma-bibliotek,,,Stockholm,"59,3059712","18,0969828",
Musik- och teaterbiblioteket,library,http://musikochteaterbiblioteket.se/,,,Stockholm,"59,34025","18,11398",
Musikverket,library,http://musikverket.se/,,,Stockholm,"59,3404558","18,1141204",
National Archives of Sweden,library,http://riksarkivet.se/,,,Stockholm,"59,3268637","18,0225064",
National Library of Sweden,library,http://www.kb.se/,,,Stockholm,"59,3380868","18,0719584",
Punkt127 - Biblioteket,library,https://biblioteket.stockholm.se/bibliotek/bredangs-bibliotek,,,Stockholm,"59,2942599","17,9335821",
Reading edge,library,http://www.readingedge.se/,,Intressant,Stockholm,"59,32731","18,08371",
Regionbibliotek Stockholm,library,http://regionbiblioteket.se/,,,Stockholm,"59,31361","18,06941",
Riksdagsbiblioteket,library,http://www.riksdagen.se/riksdagsbiblioteket,,,Stockholm,"59,3257281","18,0686057",
Rinkeby bibliotek,library,http://biblioteket.stockholm.se/bibliotek/rinkeby-bibliotek,,,Stockholm,"59,3887489","17,9269323",
Rum För Barn,library,http://kulturhusetstadsteatern.se/Bibliotek/Rum-for-Barn,,,Stockholm,"59,332092","18,0645048",
Serieteket,library,http://www.serieteket.se/,,,Stockholm,"59,3323256","18,0652911",
Skarpnacks Bibliotek,library,https://biblioteket.stockholm.se/bibliotek/skarpnacks-bibliotek,,,Stockholm,"59,267809","18,1287841",
Skärholmen Centrum,library,https://biblioteket.stockholm.se/bibliotek/skarholmens-bibliotek,,,Stockholm,"59,2761353","17,9059448",
Sköndals Bibliotek,library,http://biblioteket.stockholm.se/bibliotek/skondals-bibliotek,,,Stockholm,"59,2555472","18,1144883",
Slottsarkivet,library,https://riksarkivet.se/,,,Stockholm,"59,3261747","18,0711858",
Spånga Bibliotek,library,https://biblioteket.stockholm.se/bibliotek/spanga-bibliotek,,,Stockholm,"59,3825956","17,8979422",
Stadsbiblioteket Stockholm,library,http://biblioteket.stockholm.se/,,,Stockholm,"59,343404","18,054655",
Stockholm University Library,library,https://www.su.se/stockholm-university-library/,,,Stockholm,"59,3322747","18,0631255",
Stockholms Stadsbibliotek,library,http://www.ssb.stockholm.se,,,Stockholm,"59,3434059","18,0550403",
Stora Essingens Bibliotek,library,https://biblioteket.stockholm.se/bibliotek/stora-essingens-bibliotek,,,Stockholm,"59,3206116","17,9860795",
Svenska Akademiens Nobelbibliotek,library,http://www.nobelbiblioteket.se/,,,Stockholm,"59,3253787","18,070869",
Svenskt Militärhistoriskt Biblioteks Förlag,library,http://www.smb.nu,,,Stockholm,"59,3482492","18,0705886",
Telefonplans bibliotek,library,http://biblioteket.stockholm.se/bibliotek/telefonplans-bibliotek,,,Stockholm,"59,298881","17,9964331",
Tensta Bibliotek,library,http://biblioteket.stockholm.se/bibliotek/tensta-bibliotek,,,Stockholm,"59,39551","17,897879",
TioTretton,library,http://kulturhusetstadsteatern.se/tiotretton,,,Stockholm,"59,3326318","18,0646055",
Tranströmerbiblioteket,library,https://biblioteket.stockholm.se/bibliotek/medborgarhusets-bibliotek,,,Stockholm,"59,314573","18,0718",
Tranströmerbiblioteket Medborgarplatsen,library,https://biblioteket.stockholm.se/bibliotek/transtromerbiblioteket,,,Stockholm,"59,3146821","18,0729835",
Vitterhetsakademiens Bibliotek,library,http://www.vitterhetsakad.se,,,Stockholm,"59,3338104","18,0907931",
Vällingby bibliotek,library,https://biblioteket.stockholm.se/bibliotek/vallingby-bibliotek,,,Stockholm,"59,3624444","17,8705027",
Världsbiblioteket,library,http://www.solidaritetshuset.se/,,,Stockholm,"59,30941","18,0968",
Årstabo,library,https://biblioteket.stockholm.se/bibliotek/arsta-bibliotek,,,Stockholm,"59,2970903","18,0514164",
Älvsjö Bibliotek,library,https://biblioteket.stockholm.se/bibliotek/alvsjo-bibliotek,,,Stockholm,"59,278242","18,007691",
Örby Bibliotek,library,https://biblioteket.stockholm.se/bibliotek/orby-bibliotek,,,Stockholm,"59,2751927","18,0276203",
Östermalms bibliotek,library,https://biblioteket.stockholm.se/bibliotek/ostermalms-bibliotek,,,Stockholm,"59,3402365","18,0915949",
Svenska Akademiens Nobelbibliotek,library,https://www.svenskaakademien.se/svenska-akademien/svenska-akademiens-nobelbibliotek,,,Stockholm,"59,3253611","18,0711111",
Orientaliska Studier,mass_media,http://www.orientaliskastudier.se/,,Föreningen för Orientaliska Studier,Stockholm,"59,35804","18,05284",
SMISK,mass_media,http://medieinstitutet.se/,,Media school and courses,Stockholm,"59,3454688","18,0593124",
Edition Björlund AB,media_agency,http://www.bjorlund.com/,,independent music publishers,Stockholm,"59,3381805","18,0930195",
Kingside,media_agency,http://www.kingside.se,,Music studio,Stockholm,"59,338018","18,014372",
Story,media_agency,http://www.story.se,,independent film company,Stockholm,"59,3143507","18,0799798",
Traxton Recording,media_agency,http://www.traxtonrecording.com/,,Recording studio,Stockholm,"59,32076","18,066124",
ABBA The Museum Stockholm,museum,https://abbathemuseum.com/,,,Stockholm,"59,316473","18,098838",
Anna Lindhagens museum,museum,http://wp.stigbergetsborgarrum.se/,,,Stockholm,"59,31722","18,08708",
Apotekarsocieteten,museum,https://apotekarsocieteten.museum/museisamlingar-och-bibliotek/,,,Stockholm,"59,336817","18,05545",
ArkDes,museum,http://www.arkdes.se/,,,Stockholm,"59,3258423","18,0848214",
Armémuseum,museum,http://www.armemuseum.se,,,Stockholm,"59,3341744","18,0800029",
Avicii Experience,museum,http://www.aviciiexperience.com/,,,Stockholm,"59,3329773","18,064248",
Bellmanhuset,museum,http://www.bellmanhuset.se/,,,Stockholm,"59,3187382","18,071697",
Bellmanmuséet,museum,http://www.storahenriksvik.se/bellmanmuseet,,,Stockholm,"59,3219492","18,0257129",
Blockmakarens hus,museum,https://stadsmuseet.stockholm/historiska-rum/blockmakarens-hus-1917/,,,Stockholm,"59,3168541","18,0840114",
Bååtska Rummet,museum,Ingen webbplats,,Visningar ordnas men är inte ett museum,Stockholm,"59,324178","18,067621",
Dyktankhuset,museum,https://www.sdhf.se/sdhf/,,,Stockholm,"59,3270636","18,0932574",
Ekonomiska museet,museum,http://www.ekonomiskamuseet.se/,,,Stockholm,"59,334678","18,0909301",
Ersta museum,museum,https://www.erstadiakoni.se/verksamheter/bo-och-motas/museum/om-ersta-museum/,,,Stockholm,"59,3168393","18,0898647",
Etnografiska Museet,museum,https://www.etnografiskamuseet.se/,,,Stockholm,"59,3325227","18,120268",
Finngrundet och andra museumfartyg,museum,https://www.sjohistoriska.se/besok/fartygspir,,finns flera museumfartyg,Stockholm,"59,3286","18,08985",
Framtidsmuseet,museum,https://framtidsmuseet.com/,,,Stockholm,"59,3354001","18,0336285",
Gustav III:s antikmuseum,museum,https://www.kungligaslotten.se/vara-besoksmal/kungliga-slottet/gustav-iiis-antikmuseum.html,,,Stockholm,"59,3276159","18,0720638",
Hallwyllska Museet,museum,http://hallwylskamuseet.se,,,Stockholm,"59,3319808","18,0654354",
Hasselby hembygdsmuseum,museum,https://www.hembygd.se/hasselby,,föreningsdrivet,Stockholm,"59,3769656","17,813813",
Judiska Museet,museum,http://www.judiskamuseet.se/,,,Stockholm,"59,3238614","18,0729739",
Junibacken,museum,http://www.junibacken.se/,,tveksamt om det är museum eller nöjespark,Stockholm,"59,3296164","18,0898909",
K. A. Almgren sidenväveri & museum,museum,http://www.kasiden.se,,,Stockholm,"59,317343","18,0705999",
Kista Hembygdsgård,museum,http://www.vaddohembygdsforening.se/,,"Ok ej egentligt museum, föreningsdrivet",Stockholm,"59,38955","17,93336",
Kurdish Exile Museum,museum,http://www.kurdishmuseum.org/,,,Stockholm,"59,34129","18,0462",
Kämpingebacken 13,museum,https://stadsmuseet.stockholm/historiska-rum/visning-av-tensta-1969/,,,Stockholm,"59,3938889","17,9083333",
Leksaksmuseum,museum,https://toymuseum.se/,,,Stockholm,"59,326555","18,081372",
Långholmens Fängelse,museum,https://langholmen.com/upplev/fangelsemuseum/,,,Stockholm,"59,3211564","18,0251302",
MangKulturelit Centrum,museum,https://mkcentrum.se/,,Utställningshall? Eller museum?,Stockholm,"59,335872","18,055219",
Mekaniska verkstaden,museum,https://www.skansen.se/se-och-gora/friluftsmuseum/hus-och-gardar/mekaniska-verkstaden/,,Skansen,Stockholm,"59,3257149","18,0996904",
Mint,museum,http://www.m-i-n-t.se/,,,Stockholm,"59,3388577","18,0601944",
Museum Kvarnvikens Kvarn och Såg,museum,http://www.kvarnvikensmuseum.se/,,föreningsdrivet,Stockholm,"59,3485869","17,8693256",
Museum Tre Kronor,museum,https://www.kungligaslotten.se/vara-besoksmal/kungliga-slottet/museum-tre-kronor.html,,,Stockholm,"59,3273554","18,0711338",
Nationalmuseum,museum,http://www.nationalmuseum.se,,,Stockholm,"59,33752","18,04792",
Nobel Prize Museum,museum,https://www.nobelprizemuseum.se/,,,Stockholm,"59,3252513","18,0708504",
Nordiska museet,museum,http://www.nordiskamuseet.se,,,Stockholm,"59,334338","18,098588",
Paradox Museum,museum,https://www.paradoxmuseumstockholm.com/,,upplevelsecenter snarare än museum,Stockholm,"59,3343728","18,063252",
Polismuseet,museum,http://www.polismuseet.se/,,,Stockholm,"59,3330383","18,1185489",
Riksidrottsmuseum,museum,http://www.riksidrottsmuseum.se/,,,Stockholm,"59,3332301","18,117775",
Scenkonstmuseet,museum,http://scenkonstmuseet.se/,,,Stockholm,"59,3337114","18,0782572",
Skattkammaren,museum,https://www.kungligaslotten.se/vara-besoksmal/kungliga-slottet/skattkammaren.html,,,Stockholm,"59,326312","18,0723508",
Moderna Museet,museum,https://www.modernamuseet.se/,,,Stockholm,"59,3263589","18,083823",
Snus- och Tändsticksmuseum,museum,https://www.snusochtandsticksmuseum.se/,,Skansen,Stockholm,"59,3248155","18,1009389",
Spritmuseum,museum,http://spritmuseum.se/,,,Stockholm,"59,3480953","18,0391182",
Spårvägsmuseet,museum,http://www.sparvagsmuseet.se/,,,Stockholm,"59,3551047","18,100154",
Stockholms stadsmuseum,museum,https://stadsmuseet.stockholm/,,,Stockholm,"59,3186931","18,0802346",
Stickelbärsvägen 7 Museilägenhet Stadsmuseet,museum,https://stadsmuseet.stockholm/historiska-rum/barnrikehuset-1937/,,,Stockholm,"59,3502778","18,0633333",
Stiftelsen Musikkulturens Främjande,museum,http://www.nydahlcoll.se/,,klassisk musikmuseum,Stockholm,"59,3326066","18,0861607",
Stockholms Ånglokssällskap,museum,https://anglok.com/,,föreningsdrivet ,Stockholm,"59,29862","18,015866",
Strindbergsmuseet,museum,http://www.strindbergsmuseet.se/,,,Stockholm,"59,338406","18,05617",
Stuckatörens våning museilägenhet Stadsmuseet,museum,https://stadsmuseet.stockholm/historiska-rum/stuckatorens-vaning-1884/,,,Stockholm,"59,3373339","18,0684945",
Armémuseum,museum,https://armemuseum.se/,,,Stockholm,"59,334722","18,080278",
Sveriges VVS & El Museum,museum,http://sverigesvvsmuseum.se/,,föreningsdrivet,Stockholm,"59,3571315","17,9579969",
Swedish History Museum,museum,http://www.historiska.se/,,dublett se ovan,Stockholm,"59,334757","18,09087",
Tekniska museet,museum,http://www.tekniskamuseet.se/,,,Stockholm,"59,332456","18,118798",
Fotografiska Stockholm,museum,https://stockholm.fotografiska.com/,,,Stockholm,"59,3177861","18,0847222",
The Viking Museum,museum,http://www.thevikingmuseum.com/,,,Stockholm,"59,3265677","18,0947433",
Vrak – Museum of Wrecks,museum,https://www.vrak.se/,,,Stockholm,"59,3263245","18,0950993",
Wasa Museet,museum,https://www.vasamuseet.se/,,,Stockholm,"59,3367222","18,0556944",
Astrid Lindgrens hem,museum,https://www.astridlindgrenshem.se/,,visningar ordnas,Stockholm,"59,3412","18,0466",
Skansen,museum,http://www.skansen.se/,,,Stockholm,"59,3269051","18,1054783",
Andra Jazz,music_and_dvd_store,http://Andrajazz.se/,,record store,Stockholm,"59,3440537","18,0358737",
Börje Gellborn Records,music_and_dvd_store,http://www.gellbornrecords.com,,record store,Stockholm,"59,3461424","18,0531918",
Fade,music_and_dvd_store,http://www.fade.se/,,record store,Stockholm,"59,3121411","18,0791568",
House of Oldies,music_and_dvd_store,https://houseofoldies.se/,,record store,Stockholm,"59,3435644","18,035634",
Monkey Beach,music_and_dvd_store,Ingen webbplats,,blue-ray and VHS https://www.visitstockholm.se/o/monkey-beach/,Stockholm,"59,3090375","18,0737806",
Nostalgipalatset,music_and_dvd_store,http://www.nostalgipalatset.com/,,record store,Stockholm,"59,343949","18,038915",
Omega Records Stockholm,music_and_dvd_store,http://www.omegarecords.se/,,record store,Stockholm,"59,3414445","18,049615",
Onsdags Livs,music_and_dvd_store,Ingen webbplats,,No website. Maybe food and video?,Stockholm,"59,258743","18,090636",
Pet Sounds Records,music_and_dvd_store,http://www.petsounds.se/,,Bar and record store,Stockholm,"59,3121013","18,0780194",
Record Hunter,music_and_dvd_store,http://www.recordhunter.se/,,record store,Stockholm,"59,3385524","18,0359971",
runtrunt,music_and_dvd_store,http://www.runtrunt.se/,,record store,Stockholm,"59,3409321","18,0427307",
Skivhögen,music_and_dvd_store,http://www.skivhogen.com/,,record store,Stockholm,"59,3167688","18,0735371",
Stockholms Serie & Skivhandel,music_and_dvd_store,http://stockholmsserieoskivhandel.se/,,Magazine and records,Stockholm,"59,3429613","18,0566896",
Stockholms Skivbörs,music_and_dvd_store,http://www.nostalgipalatset.com/,,record store,Stockholm,"59,3414845","18,0495814",
The Filth Archive,music_and_dvd_store,http://www.filtharchive.com/,,record store punk?,Stockholm,"59,3158394","18,0596313",
A6sound,music_production,http://a6sound.se/,,music recording studio,Stockholm,"59,31015","18,08098",
Atlantis Metronome,music_production,http://www.atlantisstudios.se/,,music recording studio,Stockholm,"59,3422591","18,033313",
Durango Recording,music_production,http://www.durangorecording.com/,,music recording studio,Stockholm,"59,30151","18,09035",
Empire Music Production,music_production,http://www.empiremusic.se/,,,Stockholm,"59,31667","18,04309",
Gig Studio,music_production,http://www.gigstudio.com/,,music recording studio,Stockholm,"59,3122111","18,0775292",
Helter Skelter Studio,music_production,http://www.helterskelter.se/,,music recording studio,Stockholm,"59,3381146","18,0106228",
IMRSV Music,music_production,http://www.immersivemusicgroup.com/,,music recording studio,Stockholm,"59,295976","18,0905903",
Ingrid Studios,music_production,http://www.ingridstudios.com/,,music recording studio,Stockholm,"59,31838","18,05576",
LEVA Studios,music_production,http://www.levastudios.se/,,"recording studio, hosts workshops ",Stockholm,"59,3701906","17,8966543",
Redmount Studios,music_production,http://redmount.studio/,,music studio collective,Stockholm,"59,3434162","18,0380727",
Replokalen,music_production,http://www.replokalen.nu/,,rehearsal space,Stockholm,"59,30011","18,02184",
STAR DJ  Musik & DJ Skola,music_production,http://WWW.STARDJ.SE/,,dj school,Stockholm,"59,3381196","18,010629",
Studio Blue,music_production,http://www.studioblue.se/,,music school,Stockholm,"59,2778612","18,0936936",
Studio Buller,music_production,http://www.studiobuller.com/,,rehearsal space,Stockholm,"59,3057356","17,9852482",
Studio Gröndahl,music_production,http://studiogrondahl.se/,,music recording studio,Stockholm,"59,3161187","18,009611",
Studio Rymden,music_production,Ingen webbplats,,https://www.facebook.com/studiorymden/?locale=sv_SE,Stockholm,"59,35427","18,10032",
Harpskola,music_school,http://www.harpskola.se/,,,Stockholm,"59,3480179","18,066041",
Kulturskolan,music_school,http://kulturskolan.stockholm.se,,,Stockholm,"59,334886","18,02579",
Kulturskolan Stockholm,music_school,http://www.stockholm.se/kulturskolan,,,Stockholm,"59,3068592","18,1082029",
Kulturskolan Södermalm,music_school,www.kulturskolan.stockholm.se,,,Stockholm,"59,3146592","18,0726921",
Musikakademien,music_school,http://www.musikakademien.se/,,,Stockholm,"59,3169133","18,0745514",
Musikstil Academy - Den moderna musikskolan,music_school,http://www.musikstil.se/,,,Stockholm,"59,33961","17,95147",
Pops Extended,music_school,Ingen webbplats,,"after school music activities for children, https://www.facebook.com/p/Pops-Extended-100057568354565/",Stockholm,"59,3435522","18,0831313",
Rockskolan Stockholm,music_school,http://www.rockskolan.com/,,,Stockholm,"59,3376499","18,0644964",
Skandinaviska Musikskolan,music_school,http://skandinaviskamusikskolan.se/,,,Stockholm,"59,3538745","18,0966817",
Små musiker,music_school,Ingen webbplats,,"dual language music classes for children, https://www.facebook.com/smamusiker",Stockholm,"59,2678545","18,1294155",
Stockholms Gitarrakademi,music_school,http://www.stockholmsgitarrakademi.se/,,,Stockholm,"59,3360106","18,0841903",
Vasastans Körakademi,music_school,http://www.vasastanskorakademi.com/,,,Stockholm,"59,3385","18,0397399",
Virtuoso Musikskola,music_school,Ingen webbplats,,,Stockholm,"59,3415267","18,0330933",
Vocal Devotion,music_school,http://www.vocaldevotion.com/,,,Stockholm,"59,3418932","18,0288455",
Vocalcoach-Stockholm Cecilia R Ray,music_school,https://www.vocalcoach.se/,,,Stockholm,"59,3457168","18,0689057",
Vocalux Röststudio,music_school,http://www.vocalux.se/,,,Stockholm,"59,3326013","18,0401164",
Voice Centre,music_school,https://www.voicecentre.se/,,,Stockholm,"59,3456657","18,0453374",
Annexet,music_venue,https://www.stockholmlive.com/vara-arenor/annexet,,music venue,Stockholm,"59,2939797","18,0815209",
BAS Bandhagen,music_venue,Ingen webbplats,,https://www.facebook.com/basbandhagen/,Stockholm,"59,2701303","18,0487078",
Drottning Silvias Konsertsal,music_venue,https://drottningsilviaskonsertsal.se/,,,Stockholm,"59,345921","18,0484213",
Eric Ericson International Choral Centre,music_venue,https://www.ericsonchoralcentre.se/,,,Stockholm,"59,326376","18,082492",
Evenew Arena,music_venue,https://www.evenewarena.com/,,Club with a place,Stockholm,"59,3608976","18,064638",
Filadelfia Convention Center,music_venue,http://www.filadelfiaconventioncenter.se/,,,Stockholm,"59,339556","18,0343475",
Fylkingen,music_venue,http://www.fylkingen.se/,,,Stockholm,"59,2954941","17,9405569",
Fållan,music_venue,http://fallan.nu/,,,Stockholm,"59,29294","18,0777927",
Gasometer Stockholm,music_venue,https://www.gasometer.se/,,,Stockholm,"59,3585804","18,0954604",
Heaven Up Here,music_venue,http://www.heavenuphere.se/,,Club at Landet restaurant,Stockholm,"59,29917","17,9962",
Hökis Visrum,music_venue,http://www.hokisvisrum.se/,,,Stockholm,"59,2564298","18,0813361",
Kaija’s Musiksalong,music_venue,https://www.facebook.com/kaijasalong/,,,Stockholm,"59,3334723","18,0906527",
Kammaren,music_venue,http://www.kammaren.com/,,,Stockholm,"59,341491","18,039315",
Khimaira,music_venue,Ingen webbplats,,,Stockholm,"59,3113732","18,0818828",
Konserthuset,music_venue,http://www.konserthuset.se,,,Stockholm,"59,33501","18,0627138",
KVAH Kammarmusikens Vänner i Allhelgonakyrkan,music_venue,https://www.kammarmusikens-vanner.se/,,,Stockholm,"59,3097938","18,0707233",
Mind the Music,music_venue,http://kmh.se/,,Fel namn/ fel url?,Stockholm,"59,3459581","18,0799185",
Musik i Engelbrekt,music_venue,https://www.svenskakyrkan.se/engelbrekt/musikiengelbrekt,,,Stockholm,"59,34429","18,06766",
Musik i Oscars,music_venue,http://www.svenskakyrkan.se/oscarsforsamling,,,Stockholm,"59,3334421","18,0930314",
Musikaliska,music_venue,https://linktr.ee/musikaliskakvarteret,,,Stockholm,"59,3312287","18,0762562",
MusikMACKen,music_venue,http://www.musikmacken.org/,,,Stockholm,"59,3172417","18,0061893",
Musikplats Stockholm,music_venue,www.sverigesradio.se,,,Stockholm,"59,3344647","18,1019097",
Pero Älskar Musik,music_venue,https://www.pero.se/pero-alskar-musik/,,,Stockholm,"59,31137","18,07505",
Rosendal Garden Party,music_venue,https://rosendal.com/,,,Stockholm,"59,3248636","18,1185477",
Skeppar Karls Salong,music_venue,https://skepparkarlssalong.mailchimpsites.com/,,,Stockholm,"59,3457099","18,0688969",
Slaktkyrkan,music_venue,http://www.slakthusen.se/,,,Stockholm,"59,2925638","18,0801886",
Smedjan - Studieförbundet Bildas Rephus På Söder,music_venue,https://www.bilda.nu/lokaler/smedjan-replokal-stockholm,,replokaler,Stockholm,"59,3205422","18,05227",
Snotty Live in Stockholm,music_venue,https://www.facebook.com/snottylive/?locale=sv_SE,,,Stockholm,"59,3212","18,05856",
Sollidenscenen,music_venue,https://www.skansen.se/se-och-gora/sollidenscenen,,,Stockholm,"59,3255811","18,1018845",
Stallet - Världens Musik,music_venue,http://www.stallet.st/,,,Stockholm,"59,3308634","18,0762172",
Stockholm Chamber Music,music_venue,http://www.stockholmchambermusic.se/,,håller främst till i riddarhuset,Stockholm,"59,3259106","18,0656219",
Stockholm Music Center AB,music_venue,http://www.stockholmmusiccenter.se/,,replokaler mm,Stockholm,"59,3725774","17,855773",
Stora Scenen Kungsträdgården,music_venue,http://www.kungstradgarden.se/web/Evenemang.aspx,,utomhusscen,Stockholm,"59,3313253","18,0715843",
Swedish Music Hall of Fame,music_venue,http://swedishmusichalloffame.com,,dock ingen scen,Stockholm,"59,325","18,0963889",
Wild Boys Studio,music_venue,Ingen webbplats,,Video games,Stockholm,"59,2955115","18,0292958",
Folkoperan,opera_and_ballet,http://www.folkoperan.se,,,Stockholm,"59,3184635","18,0582933",
Kammaroperakompaniet,opera_and_ballet,http://www.kammaroperakompaniet.se/,,,Stockholm,"59,27305","17,97514",
Kungliga Operan,opera_and_ballet,https://www.operan.se/,,,Stockholm,"59,3298906","18,0703372",
Hemslöjd,print_media,https://www.hemslojd.se/prenumerera,,Media,Stockholm,"59,313148","18,0761329",
Kamratposten,print_media,http://www.kpwebben.se/,,Media,Stockholm,"59,3270235","18,015368",
King Magazine,print_media,http://www.kingmagazine.se/,,Media,Stockholm,"59,33637","18,09492",
Nuda,print_media,http://nudapaper.com/,,Media,Stockholm,"59,3478944","18,0583297",
Ordfront magasin,print_media,http://ordfrontmagasin.se/,,Media,Stockholm,"59,34256","18,03247",
Gatuslang,radio_station,http://gatuslang.se/,,Podcast ,Stockholm,"59,30535","17,99187",
Sk0Tm,radio_station,https://www.sk0tm.se/,,Amauture radio station at Science Museum in Stockholm Hade ingen aning om detta. 40 medlemmar driver,Stockholm,"59,3323251","18,1184298",
Roxy Recordings,record_label,https://www.instagram.com/roxyrecordings/,,music company,Stockholm,"59,3317034","18,0262267",
Sound Pollution Distribution,record_label,http://www.soundpollutiondistribution.se/,,music company,Stockholm,"59,31952","18,07397",
Studio Barnhus,record_label,http://www.studiobarnhus.se/,,music company,Stockholm,"59,33652","18,0578",
Museum of Artificial Intelligence,science_museum,https://aimuseum.se/,,Ai museum,Stockholm,"59,3119356","18,0821877",
Soho House Stockholm,social_club,https://www.sohohouse.com/houses/soho-house-stockholm,,Co-working,Stockholm,"59,33676378","18,07766941",
Actors Studio Stockholm,theatre,http://www.actorsstudiostockholm.com/,,Courses,Stockholm,"59,3246469","18,0713471",
Ariels Skugga,theatre,https://magictheatrecompany.com/,,,Stockholm,"59,32475","18,06931",
Barnens Underjordiska Scen,theatre,http://www.underjordiska.com/,,Teater för bla sjukhus,Stockholm,"59,3123802","18,0747494",
Blue House Jazz Orchestra,theatre,http://www.konserthuset.se/,,,Stockholm,"59,33493","18,06348",
Boulevardteatern,theatre,https://boulevardteatern.se/,,,Stockholm,"59,3123768","18,0798291",
Calle Flygare Teaterskola,theatre,http://www.calleflygare.se/,,Courses,Stockholm,"59,335923","18,0531658",
China Teatern,theatre,http://www.chinateatern.se/,,,Stockholm,"59,3324522","18,0735073",
Cirkelteatern,theatre,https://www.facebook.com/cirkelteatern,,Amateur teater group,Stockholm,"59,31601","18,00957",
Dansens Hus,theatre,http://www.dansenshus.se/,,,Stockholm,"59,33573","18,08798",
Dockteatern Tittut,theatre,https://dockteaterntittut.se/,,,Stockholm,"59,3184616","18,0476492",
Dramalabbet,theatre,http://www.dramalabbet.com/,,,Stockholm,"59,25897","18,09545",
Dramaten Lilla scenen,theatre,http://www.dramaten.se,,,Stockholm,"59,333724","18,077766",
"Fagel Bla, Stockholm",theatre,https://biofagelbla.se/,,,Stockholm,"59,337812","18,086231",
Husby Kulturhuset Stadsteatern,theatre,http://kulturhusetstadsteatern.se/husby,,,Stockholm,"59,4097","17,9255973",
Improvisationsstudion,theatre,http://www.improvisationsteater.se/,,,Stockholm,"59,3123951","18,0801297",
Intercult,theatre,https://www.intercult.se/,,Culture producer,Stockholm,"59,3167605","18,0815267",
International Theater Stockholm,theatre,http://internationaltheater.se/,,,Stockholm,"59,31343","18,08207",
Intiman,theatre,https://www.intiman.se/forestallningar/,,,Stockholm,"59,3421317","18,0483343",
Judiska Teatern,theatre,http://www.judiskateatern.se/,,,Stockholm,"59,3302746","18,1332932",
Justin Theatre Production,theatre,https://justintp.com/,,,Stockholm,"59,34621","18,06507",
Kaskaderna,theatre,https://www.facebook.com/Kaskaderna/,,,Stockholm,"59,3478415","17,8836041",
Kilen,theatre,https://kulturhusetstadsteatern.se/kilen,,,Stockholm,"59,3323257","18,0640689",
Klara Soppteater,theatre,https://kulturhusetstadsteatern.se/stadsteatern/soppteatern,,,Stockholm,"59,331762","18,064033",
"Klarateatern, Kulturhuset Stockholm",theatre,https://kulturhusetstadsteatern.se/klarascenen,,,Stockholm,"59,3318294","18,0645795",
Konträr,theatre,http://www.kontrar.se/,,Intressant,Stockholm,"59,314858","18,0764952",
Kulturhuset Stadsteatern Skärholmen,theatre,http://kulturhusetstadsteatern.se/skarholmen,,,Stockholm,"59,2761697","17,9047103",
Kulturskolan Globen,theatre,http://kulturskolan.stockholm.se/,,Kulturskolan är rätt men fel namn/ länk,Stockholm,"59,2943527","18,0690515",
Kungliga Dramatiska Teatern,theatre,http://www.dramaten.se,,,Stockholm,"59,3333258","18,0771187",
Kungliga Filharmonikerna,theatre,http://www.konserthuset.se/,,,Stockholm,"59,33493","18,06348",
Marionetteatern,theatre,http://kulturhusetstadsteatern.se/Marionetteatern/,,,Stockholm,"59,3322732","18,0645464",
Maximteatern,theatre,https://www.maximstockholm.se/,,,Stockholm,"59,3369444","18,0888889",
Mimteatern,theatre,https://pantomimteatern.se/,,,Stockholm,"59,3404606","18,0373327",
Miniteatern,theatre,http://www.miniteatern.se/,,,Stockholm,"59,3402835","18,0399814",
Mittiprickteatern,theatre,http://www.mittiprickteatern.se,,,Stockholm,"59,3404734","18,0373431",
Moderna Dansteatern,theatre,http://www.mdtsthlm.se/,,,Stockholm,"59,32729","18,083443",
Moment,theatre,http://www.moment.org.se/,,,Stockholm,"59,2625646","18,084062",
Mosaikteatern,theatre,http://www.mosaikteatern.se/,,,Stockholm,"59,29895","17,99089",
Mystique,theatre,http://mystique.nu/,,,Stockholm,"59,3177134","18,0551604",
Mälarhöjdens Friluftsteater,theatre,http://mälarhöjdensfriluftsteater.se,,,Stockholm,"59,3019623","17,9391797",
Olympiateatern,theatre,http://www.olympiateatern.se/,,,Stockholm,"59,3419197","18,0477916",
Orionteatern,theatre,http://orionteatern.se/,,,Stockholm,"59,3082323","18,0901405",
Oscarsteatern,theatre,http://www.oscarsteatern.se/,,,Stockholm,"59,3334637","18,0559403",
Osynliga Teatern,theatre,http://www.osynligateatern.com/,,Artists?,Stockholm,"59,31633","18,05417",
Parkteatern,theatre,https://kulturhusetstadsteatern.se/parkteatern,,,Stockholm,"59,3269","18,095337",
Playhouse Teater,theatre,http://www.playhouseteater.se/,,,Stockholm,"59,3359368","18,0592904",
Presens,theatre,http://www.presensimpro.se/,,,Stockholm,"59,3026727","18,0108956",
Pygméteatern,theatre,http://www.pygmeteatern.se/,,,Stockholm,"59,342317","18,0500577",
Påfågeln - Scenkonst för barn och unga,theatre,http://www.mittiprickteatern.se/,,,Stockholm,"59,3405143","18,0373374",
Riksteaterföreningen söder om Söder,theatre,https://www.riksteatern.se/soderomsoder,,,Stockholm,"59,2974433","18,0528179",
Scalateatern,theatre,http://www.scalateatern.se/,,,Stockholm,"59,336229","18,0535609",
Scenen Pipersgatan 4,theatre,https://scenenpipersgatan4.se/,,,Stockholm,"59,3291673","18,045103",
Simply Better AB,theatre,http://www.simplybetter.se/,,,Stockholm,"59,338792","18,0349336",
Stockholms Improvisationsteater,theatre,http://www.impro.se/,,,Stockholm,"59,3418324","18,041429",
Stockholms Stadsteater,theatre,http://www.stadsteatern.stockholm.se,,,Stockholm,"59,331811","18,064209",
Strindbergs Intima Teater,theatre,http://www.strindbergsintimateater.se/,,,Stockholm,"59,335523","18,0536613",
Swedish Theatre,theatre,Ingen webbplats,,,Stockholm,"59,33","18,0772",
Södra Teatern,theatre,https://sodrateatern.com/,,,Stockholm,"59,3183212","18,0744291",
Söndagsteater i Husby,theatre,http://mittiprickteatern.se/sondagsteater,,,Stockholm,"59,40865","17,9272199",
Söndagsteater i Rinkeby,theatre,http://www.mittiprickteatern.se/forestallningar/sondagsteater-i-rinkeby,,,Stockholm,"59,3891566","17,9247952",
Tage Granit,theatre,http://www.tagegranit.se/,,,Stockholm,"59,3369713","18,0481205",
Teater & Dramaskolan,theatre,http://www.teaterochdramaskolan.com/,,Courses,Stockholm,"59,3097252","18,0800408",
Teater Barbara,theatre,http://www.barbara.nu/,,,Stockholm,"59,3293854","18,0452804",
Teater Brunnsgatan Fyra,theatre,http://www.brunnsgatanfyra.se/,,,Stockholm,"59,3367472","18,0698848",
Teater De Vill,theatre,https://teaterdevill.se/,,,Stockholm,"59,3291035","18,0450864",
Teater Dur & Moll,theatre,http://www.durochmoll.se,,,Stockholm,"59,3173685","18,084006",
Teater Galeasen,theatre,http://www.galeasen.se/,,,Stockholm,"59,3273656","18,0837312",
Teater Giljotin,theatre,http://www.teatergiljotin.se/,,,Stockholm,"59,3404399","18,0382785",
Teater Kung och Drottning,theatre,http://www.kungochdrottning.se/,,,Stockholm,"59,2932997","17,9188857",
Teater Pernilla Vettskrämd,theatre,Ingen webbplats,,,Stockholm,"59,273779","17,983564",
Teater Reflex,theatre,http://www.teaterreflex.se/,,,Stockholm,"59,284","18,114066",
Teater Satori,theatre,http://www.teaterverket.se/,,,Stockholm,"59,343842","18,0560478",
Teater Tre,theatre,http://www.teatertre.se/,,,Stockholm,"59,317711","18,05516",
Teater Tribunalen,theatre,http://www.tribunalen.com,,,Stockholm,"59,3177209","18,0526959",
Teateralliansen,theatre,http://www.teateralliansen.se/,,Members union,Stockholm,"59,3161502","18,0438307",
Teatercentrum,theatre,http://www.teatercentrum.se/,,,Stockholm,"59,31613","18,0426686",
Teatermakarna Lundén,theatre,http://www.teatermakarna.se/,,,Stockholm,"59,31541","18,0843",
Teaterscentralen,theatre,http://www.teaterscentralen.se/,,,Stockholm,"59,3293523","18,0011613",
Teaterstudio Lederman,theatre,http://www.teaterlederman.com/,,,Stockholm,"59,3416312","18,039617",
Teaterverket,theatre,http://scenfredag.se/,,,Stockholm,"59,3416077","18,0479504",
Teaterverket,theatre,http://www.teaterverket.se/,,,Stockholm,"59,3357154","18,0594665",
Tegelscenen,theatre,http://www.tegelscenen.se/,,,Stockholm,"59,2589757","18,0952421",
Telefonfabriken,theatre,http://www.telefonfabriken.com/,,,Stockholm,"59,2989241","17,9910012",
Turteatern,theatre,http://www.turteatern.se,,,Stockholm,"59,2843988","18,1134492",
Ung Teaterscen,theatre,http://www.ungteaterscen.se/,,,Stockholm,"59,31739","18,06343",
Unga Klara,theatre,http://www.ungaklara.se/,,,Stockholm,"59,332395","18,065933",
UusiTeatteri,theatre,http://www.uusiteatteri.se/,,,Stockholm,"59,3418411","18,0478513",
Vadstena-Akademien,theatre,http://www.vadstena-akademien.org/,,,Stockholm,"59,3438086","18,0511498",
Vår Teater Högdalen,theatre,Ingen webbplats,,,Stockholm,"59,2633219","18,0389291",
Vällingby Kulturhuset Stadsteatern,theatre,http://kulturhusetstadsteatern.se/Vallingby/,,,Stockholm,"59,3628243","17,8712263",
West End Stockholm,theatre,http://www.westendstockholm.se/,,,Stockholm,"59,3670782","17,8434491",
Wollbeck Produktion,theatre,Ingen webbplats,,,Stockholm,"59,347932","18,103235",
ZebraDans,theatre,http://www.zebradans.se/,,,Stockholm,"59,3102086","18,0860223",
Ängkvist Musik Produktion,theatre,Ingen webbplats,,,Stockholm,"59,2534207","18,1039401",
Ö2,theatre,http://o2scenkonst.se/,,,Stockholm,"59,311433","18,0750199",
All Things Live Sweden,theatrical_productions,https://allthingslive.se/,,,Stockholm,"59,3437356","18,0697759",
Stockholms friluftsteater,theatrical_productions,https://www.friluftsteaterstockholm.se/,,Theater ,Stockholm,"59,23933","18,0831",
Kafe 44,Community_center/music_venue_bookshop,https://kafe44.org/,,"Cultural center with bookshop, music stage, community kitchen etc.",Stockholm,"59,31603979","18,08292314",Community_center/music_venue_bookshop
Bacchi Syre,Community_center,https://www.bacchisyre.se/,,Community center,Stockholm,"59,3223661","18,0731244",Community_center
Stora Musikhuset (Årsta),recording_and_rehearsal_studio ,https://www.storamusikhuset.se/,,Rehearsal space,Stockholm,"59,29644097","18,03179645",recording_and_rehearsal_studio 
House of Q,Community_center,http://www.houseofq.se/,,Community center for the queer community,Stockholm,"59,347315","18,110706",Community_center
Sidetrack,Community_center,http://www.sidetrack.nu/,,Acts as a community center and hosts a multitude of cultural events,Stockholm,"59,316822","18,063145",Community_center
Korvfabriken,cultural_center,https://www.instagram.com/korvfabriken2.0/,,Studio collective,Stockholm,"59,292031","18,078842",cultural_center (?)
Hosoi,music_venue,https://www.hosoistockholm.com/,,"Bar and ”listening room”, hosts live music acts and even a music festival",Stockholm,"59,29234687","18,07877277",music_venue
Glenn Millers,jazz_and_blues ,https://www.glennmillercafe.se/,,Music venue for jazz,Stockholm,"59,3364962","18,0665802",jazz_and_blues 
Stora Musikhuset (Skarpnäck),recording_and_rehearsal_studio ,https://www.storamusikhuset.se/,,Rehearsal space,Stockholm,"59,26510254","18,12558708",recording_and_rehearsal_studio 
Konstnärsnämnden ,community_services_non_profits,https://www.konstnarsnamnden.se/stipendier-och-bidrag/stipendie/residens-stockholm-iaspis/,,IASPIS artist studios for recidencies,Stockholm,"59,3148577","18,0541303",community_services_non_profits
Konstfrämjandet Stockholm,community_services_non_profits,https://stockholm.konstframjandet.se,,FOLK Stockholm,Stockholm,"59,2971407","17,9831971",community_services_non_profits
Studio Perra,venue_and_event_space,https://studioperra.se/,,Photo studio and event space,Stockholm,"59,31508883","18,05422937",venue_and_event_space
Darkroom Konsthall,art_gallery,https://darkroom.one/utstallningar/utstallningar_2025/,,Art gallery for photography,Stockholm,"59,3819273","17,7957579",art_gallery
Hantverksladan Riddersvik,Arts_and_crafts,https://hantverksladanriddersvik.se/,,"Arts and crafts space, small studio collective",Stockholm,"59,3819273","17,7957579",Arts_and_crafts
300kg konst,Arts_and_crafts,https://www.300kg.se/,,Studio for printmaking workshops,Stockholm,"59,3346469","17,9424681",Arts_and_crafts
Alvikstorpet,Arts_and_crafts,https://alvikstorpet.se/,,"Ceramic studio, hosts workshops",Stockholm,"59,332505","17,9769487",Arts_and_crafts
Konstdax gatugalleri,art_gallery,https://www.instagram.com/konstdax_gatugalleri/,,Mural art gallery on the side of Matdax grocery store,Stockholm,"59,257489","18,0818187",art_gallery
Hantverkstan 10,Arts_and_crafts,https://hantverkstan10.com/,,"Ceramic studio, hosts workshops",Stockholm,"59,3287177","18,0458664",Arts_and_crafts
Konsthantverkarna,art_gallery,https://konsthantverkarna.se/,,Craft-focused art gallery. Is already on the list but in the wrong spot,Stockholm,"59,3203071","18,0701231",art_gallery
Studio 44,Art _gallery ,https://studio44-stockholm.com/,,Art gallery ,Stockholm,"59,3159381","18,082819",Art _gallery 
Galleri Nos,Art _gallery ,https://www.instagram.com/galleri_nos/,,Artist led art gallery,Stockholm,"59,2717057","18,0798434",Art _gallery 
Galleri Nef,Art _gallery ,https://www.gallerinef.com/,,Artist led art gallery,Stockholm,"59,275678","18,13279",Art _gallery 
Best before collective,Art_gallery,https://bestbeforecollective.se/,,Artist led art gallery,Stockholm,"59,3163067","18,034016",Art_gallery
Bryggarsalen,music_venue,https://www.brygghuset.se/,,Music venue,Stockholm,"59,3451712","18,04926889",music_venue
Grafikskolan,art_school,https://www.grafikskolan.se/,,Art school,Stockholm,"59,2848607","17,9287313",art_school
Pernbys Målarskola,art_school,https://www.pernbys.se/,,Painting school,Stockholm,"59,3379437","18,0676531",art_school
Konstskolan Basis,art_school,https://basis.se/,,Art school,Stockholm,"59,3157767","18,0929561",art_school
Queer Tango ,dance_club,https://tangoqueerer.se/,,Queer tango courses and community,Stockholm,"59,3430388","18,0322646",dance_club
Cirkus Normal,Circus,https://cirkusnormal.nu/,,Circus school ,Stockholm,"59,3308472","18,0347738",Circus
Hjorten Skulpturpark,art_gallery,https://www.instagram.com/h.jorten/,,Yearly sculpture exhibition in Hjorthagen,Stockholm,"59,354499","18,095601",art_gallery
Föreningen Skandiaorgeln ,arts_and_entertainment,https://www.skandiaorgeln.com/,,"Organisation for the Skandia organ, hosts organ music events in the old nuclear reactor at KTH",Stockholm,"59,3501621","18,0681248",arts_and_entertainment (?)
Kpop Nonstop,dance_club,https://www.kpopnonstop.com/,,Dance school for K-pop dance,Stockholm,"59,3012087","18,0878108",dance_club