name,category,delete,website,comments,city,lat,lon
The Wedding I Dream,venue_and_event_space,2,http://www.theweddingidream.com/,wedding planner! 2,Rome,"41,85751607","12,56225149"
UMAlab,cultural_center,violin making,https://www.umalab.it/,violin making,Rome,"41,86474","12,59632"
Adc Nazionale,community_services_non_profits,2,http://www.adcnazionale.it/,they are accounters 2,Rome,"41,9309396","12,4443192"
A.I.R.C. 1971,community_services_non_profits,2,http://www.associazioneitalianaromaclub.it/,sports club 2,Rome,"41,833378","12,473514"
Aux Coop,theatre,service not theatre,http://www.auxcoop.it/,service not theatre,Rome,"41,91371","12,5187768"
Taodue SRL,arts_and_entertainment,production studio,http://www.taodue.it,production studio,Rome,"41,910959","12,470354"
A Sud,community_services_non_profits,"ok, journalist academy",http://asud.net/,"ok, journalist academy",Rome,"41,889534","12,52652"
ABC,community_services_non_profits,more political partecipation but somehow cultural,https://abcbenicomuni.it/,more political partecipation but somehow cultural,Rome,"41,932079","12,518371"
Portuense201,cultural_center,link to the ex-Vaccheria art project,http://portuense201.com/,link to the ex-Vaccheria art project,Rome,"41,8712822","12,4661637"
Good Things Produzioni,community_center,is a production studio,https://www.goodthingsproduzioni.it/,is a production studio,Rome,"41,8750852","12,520932"
A.S.D. Magic Training,community_services_non_profits,2,http://asdmagictraining.It/,club for runners 2,Rome,"41,88088","12,58483"
The Goose Club,dance_club,2,Ingen webbplats,closed 2,Rome,"41,9210767","12,503695"
Too Club,dance_club,2,http://www.tooclub.it,closed 2,Rome,"41,8760501","12,4855505"
WAREHOUSE,dance_club,2,http://www.whrome.com/,closed 2,Rome,"41,9694406","12,4991754"
Polo ex Fienile,cultural_center,Association July 21th real name,Ingen webbplats,Association July 21th real name,Rome,"41,8702529","12,6396615"
Nuovo IMAIE,arts_and_entertainment,association for artist,http://www.nuovoimaie.it/,association for artist,Rome,"41,9041727","12,495956"
Take Off Artist Management,arts_and_entertainment,agency for artists,http://www.takeoffartistmanagement.com/,agency for artists,Rome,"41,9195312","12,4636899"
Intermedia 86 - Agenzia spettacolo,theatre,actors' agency,http://www.intermedia86.it/,actors' agency,Rome,"41,92527","12,4350855"
La Conventicola degli Ultramoderni,dance_club,2,Ingen webbplats,,Rome,"41,8952054","12,5128402"
Storie Contemporanee - Arti visuali Scritture  Società,theatre,2,http://www.storiecontemporanee.wordpress.com/,,Rome,"41,8827225","12,4597157"
_ Malloni,fashion,2,Ingen webbplats,,Rome,"41,9059962","12,4800331"
"""Associazione Corale Benedetto Marcello""",community_services_non_profits,2,http://www.coralebenedettomarcello.it/,,Rome,"41,862894","12,4436924"
"""La Rockaforte"" - Cd, Dvd, Lp (nuovi e usati) - Poster - Videoteca",music_and_dvd_store,2,https://www.discogs.com/it/seller/FERRUCCIO65/profile,,Rome,"41,8692","12,44825"
⋆Tomas Milian Memory,cinema,2,https://youtube.com/c/Tomasmilianfans,,Rome,"41,8860978","12,4713697"
02A Studio,architectural_designer,2,http://www.02a.it/,,Rome,"41,8837626","12,5234569"
07am architetti,architectural_designer,2,http://www.07am.it/,,Rome,"41,8903892","12,5369598"
16bici,community_services_non_profits,2,http://ilgrandecarro.it/16bici,,Rome,"41,8752406","12,4667849"
19th Street Agency,fashion,2,Ingen webbplats,,Rome,"41,9113772","12,5452051"
1AX Architetti Associati,architectural_designer,2,http://www.1ax.it/,,Rome,"41,8952349","12,5137061"
24 Dvd Store,music_and_dvd_store,2,http://www.24dvdstore.it/store/,,Rome,"41,924387","12,413599"
27OFF Architects,architectural_designer,2,http://27offarchitects.com/,,Rome,"41,8928346","12,4790048"
2bu,community_services_non_profits,2,https://2bu.it/,,Rome,"41,9461798","12,5177574"
3c+t Capolei Cavalli Architetti Associati,architectural_designer,2,http://www.capoleicavalli.it/,,Rome,"41,9184488","12,4988647"
"3mq architecture - studio di architettura e interior design - Roma, Italia",architectural_designer,2,http://www.3mq.it/,,Rome,"41,9302051","12,467805"
4C Serigrafia,screen_printing_t_shirt_printing,2,http://www.4cserigrafia.it/,,Rome,"41,8276629","12,5887078"
4d architettura,architectural_designer,2,Ingen webbplats,,Rome,"41,9128097","12,4753568"
5 Suite Club,dance_club,2,http://5suiteclub.blogspot.com/,,Rome,"41,9029069","12,4750037"
6 Orme Odv,community_services_non_profits,2,http://www.6orme.org/,,Rome,"42,0046606","12,336644"
A Buon Diritto,community_services_non_profits,2,http://www.abuondiritto.it/,,Rome,"41,8661675","12,5456091"
"A Roma, Insieme",community_services_non_profits,2,https://linktr.ee/aromainsieme,,Rome,"41,892983","12,478646"
A-Head,community_services_non_profits,2,Ingen webbplats,,Rome,"41,9162956","12,5261316"
A.C. Subbuteo Club Libertas Roma,cultural_center,2,Ingen webbplats,,Rome,"41,86898","12,51955"
A.D.M.I. ( Associazione Dipendenti Ministero dell'Interno and Partners ),community_services_non_profits,2,http://www.admi.it/,,Rome,"41,9000648","12,4936658"
A.E.P.C.I.S. (Ass. Europ. Psicofisiologi Clinici per l'Integraz. Sociale),community_services_non_profits,2,https://www.artiterapie-psicofisiologia.it/contatti/,,Rome,"41,912607","12,5182752"
"A.F.Ma.L. ""Ass. con i Fatebenefratelli per i malati lontani""",community_services_non_profits,2,http://www.afmal.org/,,Rome,"41,962661","12,4482762"
A.G. Shop,fashion,2,http://agestetica.it/,,Rome,"41,89175","12,53631"
A.G.La.S.T.,community_services_non_profits,2,http://www.aglast.com/,,Rome,"41,91522","12,4569"
A.IT.A Onlus Regione Lazio,community_services_non_profits,2,http://www.aita-lazio.it/,,Rome,"41,8413555","12,5149013"
A.N.F.I. - Associazione Nazionale Familiaristi Italiani -,community_services_non_profits,2,https://www.associazionefamiliaristi.it/,,Rome,"41,9251222","12,4476315"
A.N.T.E.P. Associazione Nazionale Truccatori,community_services_non_profits,2,http://www.antep.it/,,Rome,"41,9001709","12,4371717"
A.S. Forniture Tappezzieri,arts_and_crafts,2,http://www.asfornituratappezzieri.com/,,Rome,"41,8647882","12,4721607"
A.S.D. Nuova Valle Aurelia,attractions_and_activities,2,Ingen webbplats,,Rome,"41,87591","12,54609"
A.S.D. Sport Village Vigne Nuove,arts_and_entertainment,2,Ingen webbplats,,Rome,"41,9648545","12,5342872"
A.SPPe.C. - Associazione Sociopsicopedagogica e Criminologica,community_services_non_profits,2,http://www.asppec.it/,,Rome,"41,9091704","12,5091591"
"A.V.I.S.N. Onlus Centro di ""U-Manoterapia"" NEW",community_services_non_profits,2,http://www.avisn.it/,,Rome,"41,828538","12,474476"
A&L Building Services,architectural_designer,2,http://www.aelbuildingservices.it/,,Rome,"41,9274907","12,6037271"
A&P architettura e paesaggio,architectural_designer,2,http://www.ap-project.it/,,Rome,"41,9137889","12,4528664"
A+5 Studio - Architettura e Design,architectural_designer,2,http://www.apiucinque.com/,,Rome,"41,9179811","12,5039713"
A1 Castelnuovo Di Porto -GRA,attractions_and_activities,2,Ingen webbplats,,Rome,"42,028757","12,5309903"
A2 Studio Architettura Arredamento,architectural_designer,2,http://www.a2architetturaarredamento.it/,,Rome,"41,8709743","12,5215045"
A2R2,architectural_designer,2,http://www.a2r2.it/contact/,,Rome,"41,8921819","12,3798237"
Abaco ,community_services_non_profits,2,http://www.abaco.info/,,Rome,"41,86391","12,55702"
Abbigliamento dwagea Roma GIO' 70,fashion,2,http://www.emmeshopping.it/,,Rome,"41,9089331","12,4579088"
abc italy,fashion,2,Ingen webbplats,,Rome,"41,8991496","12,5180397"
abilgraph 2.0,bookbinding,2,http://www.abilgraph.com/site/,,Rome,"41,9073719","12,5397996"
Abio Roma Odv,community_services_non_profits,2,http://www.abioroma.org/,,Rome,"41,909467","12,512227"
Abitare Roma S.r.l,architectural_designer,2,http://www.abitareroma.srl/,,Rome,"41,8553541","12,5637359"
About Rome - Best walking tours with Micaela,arts_and_entertainment,2,Ingen webbplats,,Rome,"41,8911286","12,4913692"
ACAI Acilia,community_services_non_profits,2,Ingen webbplats,,Rome,"41,76263","12,37135"
ACAR Aps - Associazione Conto Alla Rovescia,community_services_non_profits,2,http://www.acar-aps.org/,,Rome,"41,86148","12,44248"
Accademia Bordeaux,theatre,2,http://bit.ly/AccademiaBordeaux,,Rome,"41,8750745","12,5253091"
Accademia Del Bridge Roma,arts_and_entertainment,2,https://www.accademiadelbridge.com/,,Rome,"41,91964","12,4822"
Accademia Delle Imprese Europea PIT,community_services_non_profits,2,http://accademiaimprese.com/,,Rome,"41,8636579","12,5604644"
Accademia Diplomatica al Merito delle Nazioni ,community_services_non_profits,2,http://www.ici-international.org/,,Rome,"41,90891","12,45346"
Accademia Filarmonica Romana,theatre,2,http://www.filarmonicaromana.org/,,Rome,"41,9166357","12,4740023"
Accademia Legge,community_services_non_profits,2,http://www.accademialegge.it/,,Rome,"41,9144278","12,4656553"
Accademia Scacchistica Romana,arts_and_entertainment,2,http://www.accademiascacchistica.gilda.it/,,Rome,"41,9122721","12,5273834"
Accademia Teologica Italiana,community_services_non_profits,2,Ingen webbplats,,Rome,"41,8373096","12,4953888"
Ace Records Roma,music_and_dvd_store,2,https://www.acerecordsroma.com/,,Rome,"41,9451774","12,5279614"
Acisjf Roma,community_services_non_profits,2,https://www.acisjfroma.it/,,Rome,"41,898422","12,4951324"
ACK Service & Design,architectural_designer,2,http://www.acksdesign.com/,,Rome,"41,9153373","12,5038454"
Acli - Associazioni cristiane lavoratori italiani,community_services_non_profits,2,http://www.acli.it/,,Rome,"41,88128","12,46906"
ACLI di Roma aps,community_services_non_profits,2,http://www.acliroma.it/,,Rome,"41,869426","12,487051"
Acli Servizio Civile,community_services_non_profits,2,http://www.serviziocivile.acli.it/,,Rome,"41,8812518","12,4691098"
ACORN Italy,community_services_non_profits,2,http://www.acornitaly.org/,,Rome,"41,959185","12,522608"
Acrase Maria Lai,community_services_non_profits,2,Ingen webbplats,,Rome,"41,9239433","12,5129944"
Acrivoulis Studio di Architettura,architectural_designer,2,http://www.acrivoulis.net/,,Rome,"41,9213791","12,4892513"
ACS Lazio,community_services_non_profits,2,http://acslazio.org/,,Rome,"41,84208","12,4806"
AD Partners Architecture Design,architectural_designer,2,http://www.ad-partners.it/,,Rome,"41,9196355","12,4981117"
ADA atelier d’architettura,architectural_designer,2,https://www.adaarchitettura.com/,,Rome,"41,8809319","12,4624476"
ADAT,architectural_designer,2,http://adatstudio.com/,,Rome,"41,9091654","12,4660857"
Adavedè,dance_club,2,Ingen webbplats,,Rome,"41,8799645","12,5647996"
Address - ass. no-profit,community_services_non_profits,2,http://www.assoaddress.org/,,Rome,"41,8619393","12,4872726"
Adiconsum Lazio,community_services_non_profits,2,https://www.romaadiconsum.com/,,Rome,"41,9022857","12,4409958"
Adiconsum Nazionale,community_services_non_profits,2,http://www.adiconsum.it/,,Rome,"41,9089869","12,5100015"
Adicosp - Associazione Direttori e Collaboratori Sportivi Calcio,community_services_non_profits,2,http://www.adicosp.it/,,Rome,"41,84752","12,46081"
ADICU aps,community_services_non_profits,2,http://www.adicu.it/,,Rome,"41,9411936","12,5266305"
Adisco Sede Nazionale,community_services_non_profits,2,http://www.adisco.it/,,Rome,"41,923439","12,51369"
ADLM architetti,architectural_designer,2,http://www.adlmarchitetti.it/,,Rome,"41,937184","12,5176907"
ADMO Roma - Sede Operativa Fondazione ADMO Lazio ets,community_services_non_profits,2,http://www.admolazio.it/iscrizione,,Rome,"41,8713338","12,5262466"
Adotta una Pigotta®,community_services_non_profits,2,https://www.pigotta.it/,,Rome,"41,904287","12,505262"
AdQ San Cleto - Giardino Nomentano,community_services_non_profits,2,https://chat.whatsapp.com/JRpbWyVh9dbJeGX3IwDFwM,,Rome,"41,946119","12,565886"
ADRA Italia,community_services_non_profits,2,http://www.adraitalia.org/,,Rome,"41,9135581","12,4695623"
ADSLazio - Associazione Donatori Sangue Lazio,community_services_non_profits,2,http://www.adslazio.it/,,Rome,"41,95061","12,47277"
ADU ROMA,community_services_non_profits,2,https://aduroma.it/,,Rome,"41,916565","12,453797"
ADUSA - Associazione Donne Uomini Società e Ambiente,community_services_non_profits,2,http://www.adusa.it/,,Rome,"41,87116","12,45739"
Adusbef,community_services_non_profits,2,http://www.adusbef.it/,,Rome,"41,9041188","12,5040792"
AE Studio,architectural_designer,2,http://www.aestudioarchitettura.com/,,Rome,"41,9200476","12,4992933"
AECI Associazione di Consumatori,community_services_non_profits,2,https://www.euroconsumatori.eu/,,Rome,"41,9169445","12,5682806"
Aelle Il Punto,community_services_non_profits,2,http://www.aelleilpunto.it/,,Rome,"41,9785407","12,4245383"
AEOPC ROMA,community_services_non_profits,2,http://wwwaeopcroma.altervista.org/,,Rome,"41,8298267","12,5897108"
AEPP Associazione Educativa Pedagogica Petrarca,community_services_non_profits,2,Ingen webbplats,,Rome,"41,87719","12,56815"
AF Novagesta No Profit,community_services_non_profits,2,http://www.afnovagesta.it/,,Rome,"41,94485","12,52698"
Affiliato Tecnocasa Fidene S.R.L.,community_center,2,https://roma165.tecnocasa.it/,,Rome,"41,972981","12,515458"
AFOR,community_services_non_profits,2,http://WWW.AFORITALIA.IT/,,Rome,"41,90992","12,46095"
AFRON Oncologia per l'Africa ETS,community_services_non_profits,2,http://www.afron.org/,,Rome,"41,9433012","12,4741009"
AGA Studio - Bioarchitettura Roma,architectural_designer,2,http://www.agastudio.it/,,Rome,"41,9798147","12,5171726"
AGAPE - Il futuro non si improvvisa,community_services_non_profits,2,https://linktr.ee/agapeets.org,,Rome,"41,8448973","12,3574514"
Agates Bruno,architectural_designer,2,http://www.studioagates.it/,,Rome,"41,9089553","12,4784583"
Agemed - Sviluppo Mezzogiorno Italia e Mediterraneo,community_services_non_profits,2,http://agemed.eu/,,Rome,"41,9005337","12,479481"
Agenda di gravidanza,community_services_non_profits,2,http://www.vitadidonna.it/,,Rome,"41,89452","12,466"
Agenorie,fashion,2,http://www.agenorie.com/,,Rome,"41,9","12,5"
Agenzia Vita Indipendente Onlus,community_services_non_profits,2,http://www.vitaindipendente.org/,,Rome,"41,8759985","12,5673689"
AGESC prov. LECCO,community_services_non_profits,2,http://www.agesc.it/,,Rome,"41,88912","12,40748"
AGESCI - Associazione Guide e Scouts Cattolici Italiani,community_services_non_profits,2,https://www.agesci.it/,,Rome,"41,9004237","12,4648202"
AGESCI Gruppo Roma 2,community_services_non_profits,2,http://www.agesciroma2.it/,,Rome,"42,0021255","12,3833712"
Agesci Roma 113,community_services_non_profits,2,https://roma113.net/,,Rome,"41,8809033","12,5052363"
Agesci Roma 121,community_services_non_profits,2,http://www.agesciroma121.org/,,Rome,"41,9073658","12,4489726"
AGESCI Roma 14,community_services_non_profits,2,https://agesciroma14.wordpress.com/,,Rome,"41,8896723","12,4690558"
Agesci Roma 47,community_services_non_profits,2,Ingen webbplats,,Rome,"41,7785514","12,3583374"
Agesci Roma 72,community_services_non_profits,2,http://www.agesciroma72.org/,,Rome,"41,9133049","12,5084827"
Agesci Roma99,community_services_non_profits,2,http://www.roma99.it/,,Rome,"41,8959697","12,5482277"
Aggiustotutto Repair Café Roma,community_services_non_profits,2,https://t.me/aggiustotuttorepaircafe,,Rome,"41,94169","12,52726"
Agire tutti per la dignità - ATD Quarto Mondo Italia,community_services_non_profits,2,http://www.atd-quartomondo.it,,Rome,"41,896466","12,491878"
AGOP Onlus - Associazione Genitori Oncologia Pediatrica,community_services_non_profits,2,https://www.agoponlus.com/,,Rome,"41,9304065","12,4295312"
Agricoltura Nuova,attractions_and_activities,2,Ingen webbplats,,Rome,"41,7660701","12,4572701"
Agriturismo Torre Sant'Anastasia,urban_farm,2,http://www.torresantanastasia.it/contatti,,Rome,"41,763846","12,526822"
Agrolandia,community_services_non_profits,2,Ingen webbplats,,Rome,"41,781426","12,4903598"
AHIGA Spazio Neutro ,community_services_non_profits,2,http://www.ahigaspazioneutro.it/,,Rome,"41,84681","12,48716"
AIACE Ass. Italiana Assistenza Consumatore Europeo,community_services_non_profits,2,http://www.aiaceweb.it/,,Rome,"41,8706888","12,5170822"
AIAF APS - Associazione Italiana Anderson-Fabry,community_services_non_profits,2,http://www.aiaf-malattiadifabry.org/,,Rome,"41,89708","12,49805"
AIAS ETS,community_services_non_profits,2,https://www.aiasnet.it/,,Rome,"41,9351228","12,5150865"
AIC Lazio,community_services_non_profits,2,https://www.aiclazio.it/,,Rome,"41,910159","12,4567363"
AICAP - Associazione Italiana Calcestruzzo Armato e Precompresso,cultural_center,2,http://www.associazioneaicap.it/,,Rome,"41,90667","12,49387"
Aich Roma,community_services_non_profits,2,https://www.aichroma.com/contattaci/,,Rome,"41,91337","12,50764"
AICS ROMA,community_services_non_profits,2,http://www.aicsroma.com/,,Rome,"41,877635","12,484465"
AIDEE,community_services_non_profits,2,http://www.aidee.it/,,Rome,"41,86236","12,55335"
AIDO Associazione Italiana per la Donazione di Organi Tessuti e Cellule,community_services_non_profits,2,https://www.aido.it/,,Rome,"41,90723","12,46199"
AIDOS Associazione italiana donne per lo sviluppo,community_services_non_profits,2,http://www.aidos.it/,,Rome,"41,8943411","12,4739051"
Aidworld,community_services_non_profits,2,Ingen webbplats,,Rome,"41,8596778","12,572592"
AIE Associazione Italiana Enneagramma,community_services_non_profits,2,https://www.enneagrammaitalia.it/,,Rome,"41,94704","12,47127"
AIFIL - Associazione Italiana Fabbricanti Insegne Luminose,community_services_non_profits,2,http://www.aifil.it/,,Rome,"41,918305","12,503045"
AIGA - Associazione Italiana Gestalt Analitica,community_services_non_profits,2,http://lnx.aigaweb.it/,,Rome,"41,8655662","12,4948521"
AIIG - Associazione Italiana Insegnanti di Geografia,community_services_non_profits,2,http://www.aiig.it/,,Rome,"41,88421","12,494428"
Aiisa,community_services_non_profits,2,https://aiisa.eu/,,Rome,"41,904699","12,4721631"
"AIL Associazione Italiana contro Leucemie, linfomi e mieloma",community_services_non_profits,2,http://www.ail.it/,,Rome,"41,8902401","12,5189904"
AIL Roma,community_services_non_profits,2,http://www.ailroma.it/,,Rome,"41,9111672","12,5141794"
AILat - Associazione Internazionale Lateranense,community_services_non_profits,2,http://www.ailat.it/,,Rome,"41,88776","12,50673"
AIM Italia,community_services_non_profits,2,http://www.aimitalia.org/,,Rome,"41,8951631","12,4756413"
AIM ONLUS,community_services_non_profits,2,Ingen webbplats,,Rome,"41,88196","12,42389"
Aimac - Associazione Italiana Malati di Cancro,community_services_non_profits,2,https://www.aimac.it/,,Rome,"41,9034032","12,48853"
AIMAK - Associazione Italiana Malattia di Kennedy,community_services_non_profits,2,http://www.aimak.it/,,Rome,"41,8634055","12,4903554"
AIMI,community_services_non_profits,2,http://www.aimiitalia.it/,,Rome,"41,9439762","12,5769383"
AIO - Associazione Italiana Outbound,community_services_non_profits,2,https://www.associazioneitalianaoutbound.it/contatti.asp,,Rome,"41,8552366","12,5888689"
AIOP Lazio,community_services_non_profits,2,http://aiop.lazio.it/,,Rome,"41,90803","12,46952"
AIPA Adozioni Internazionali,community_services_non_profits,2,http://www.aipaweb.it/,,Rome,"41,9048035","12,4458516"
AIPD- Roma ets aps.,community_services_non_profits,2,https://whatsapp.com/channel/0029VabqaqzHbFV82AyOO01Y,,Rome,"41,91594","12,46121"
Aipe,community_services_non_profits,2,http://www.aipe.it/,,Rome,"41,8995514","12,4932203"
AIPED Associazione Italiana Periti Estimatori Danni,community_services_non_profits,2,https://www.peritiaiped.it/,,Rome,"41,8748514","12,4509845"
AIRA. Associazione Italiana Ricerca Autismo,community_services_non_profits,2,http://www.airautismo.it,,Rome,"41,923825","12,468476"
AIRC Comitato Lazio,community_services_non_profits,2,http://www.airc.it/,,Rome,"41,9055892","12,5160228"
Airo,community_services_non_profits,2,http://www.accademiaozono.com/it/,,Rome,"41,8231812","12,5016699"
AIRP Onlus,community_services_non_profits,2,http://www.airp.it/,,Rome,"41,9020626","12,4195811"
Ais Lazio - Delegazione di Roma,community_services_non_profits,2,http://www.aislazio.org/,,Rome,"41,874956","12,4326519"
Aisf Odv Lazio -Roma,community_services_non_profits,2,http://www.sindromefibromialgica.it/,,Rome,"41,8579377","12,491143"
AISM - Sezione di Roma,community_services_non_profits,2,https://www.aism.it/struttura/sezione_provinciale_aism_roma/home_page,,Rome,"41,896039","12,4940411"
Aisos,community_services_non_profits,2,https://www.aisos.it/,,Rome,"41,91922","12,44113"
AISS - Associazione Italiana Studi Semiotici,community_services_non_profits,2,http://www.associazionesemiotica.it/,,Rome,"41,914492","12,497069"
AISS Cooperativa Sociale ONLUS,community_services_non_profits,2,http://www.aisscoop.it/,,Rome,"41,9190587","12,4657223"
AIURO,community_services_non_profits,2,http://www.aiuro.org/,,Rome,"41,8965","12,48647"
AIVVFC Official,community_services_non_profits,2,http://www.aivvfc.it/,,Rome,"41,8815392","12,4900763"
AKA architects,architectural_designer,2,http://www.akaproject.it/,,Rome,"41,8833944","12,4734898"
Aladesignlab - Alessandra Lucarelli Architetto,architectural_designer,2,http://www.aladesignlab.com/,,Rome,"41,8995783","12,4555769"
Aladin - Il Musical Geniale,theatre,2,https://www.teatrobrancaccio.it/,,Rome,"41,8935222","12,500915"
Albero delle Farfalle 2020,print_media,2,http://www.lalberodellefarfalle2020.art/,,Rome,"41,91842","12,45736"
Alberto Leonardi,fashion,2,http://www.leonardialberto.com/,,Rome,"41,9086543","12,4884817"
ALE for LIFE,community_services_non_profits,2,http://www.aleforlife.it/,,Rome,"41,773158","12,349676"
Aleandri Project & Consulting Srl,architectural_designer,2,http://www.aleandri.net/,,Rome,"41,9149968","12,4578962"
Aless Don Milani - Formazione professionale,community_services_non_profits,2,http://www.alessdonmilani.it/,,Rome,"41,8673045","12,5478531"
Alessandro Angelozzi Couture,fashion,2,Ingen webbplats,,Rome,"41,905319","12,4827216"
Alessandro Di Francesco,architectural_designer,2,http://www.alessandrodifrancesco.it/,,Rome,"41,8902267","12,5318317"
Alessandro Marziano,theatre,2,Ingen webbplats,,Rome,"41,9202656","12,5144195"
Alessandro Turina Interiors,architectural_designer,2,http://www.alessandroturina.com/,,Rome,"41,826","12,47748"
Alessi,fashion,2,http://www.alessi.com/,,Rome,"41,90391","12,485733"
Alessi,fashion,2,http://www.alessi.com/,,Rome,"41,9078828","12,4641847"
Alessio Casciano Design,fashion,2,http://www.alessiocasciano.com/,,Rome,"41,7695205","12,3199655"
Alessio Marsili,community_services_non_profits,2,http://www.alessiomarsili.com/,,Rome,"41,9408053","12,5447951"
ALEXO,fashion,2,https://www.alexostore.com/,,Rome,"41,9320184","12,6087952"
Alfonso e Meri Romano Onlus,community_services_non_profits,2,http://www.amronlus.it/,,Rome,"41,90706","12,46873"
ALIS Associazione Logistica dell'Intermodalità Sostenibile,community_services_non_profits,2,http://www.alis.it/,,Rome,"41,9026953","12,4886152"
ALL IN ONE RESTAURANT & CAFE',venue_and_event_space,2,http://all-round.it/pages/ita/content/il_centro___barristorante.php,,Rome,"41,80707555","12,44878891"
Alleanza Contro il Cancro,community_services_non_profits,2,http://www.alleanzacontroilcancro.it/,,Rome,"41,9048111","12,5184746"
Alliance for African Assistance Italy,community_services_non_profits,2,http://www.alliance-for-africa.it/,,Rome,"41,86778","12,45345"
Alliance of Bioversity International and CIAT,community_services_non_profits,2,https://alliancebioversityciat.org/,,Rome,"41,8824614","12,4793914"
Alm Architettura,architectural_designer,2,https://www.almarchitettura.it/,,Rome,"41,92591","12,48741"
AlmaVita - Centro Microcitemie Roma,community_services_non_profits,2,http://www.almavitaroma.org/,,Rome,"41,94341","12,52651"
ALS MCL Sede Nazionale,community_services_non_profits,2,https://www.alsmcl.it/,,Rome,"41,891043","12,510487"
Altair 2000 S.r.l,architectural_designer,2,http://www.altair2000.it/,,Rome,"41,8735877","12,5128537"
AltraMente Scuola per tutti e tutte,community_services_non_profits,2,https://www.altramente.org/,,Rome,"41,8795056","12,5393474"
Alvisi Kirimoto,architectural_designer,2,http://www.alvisikirimoto.it/,,Rome,"41,9318226","12,5123988"
AM Studio Architettura e Termografia,architectural_designer,2,http://www.amstudioarchitettura.com/,,Rome,"42,0132308","12,3710539"
AMA Group,architectural_designer,2,https://www.instagram.com/ama_group_architects/,,Rome,"41,9212822","12,4856584"
Amaita Intercultura,community_services_non_profits,2,http://www.amaita.it/,,Rome,"41,8617945","12,4864999"
Amar e l'India,community_services_non_profits,2,http://www.amarelindia.it/sostienici.php,,Rome,"41,8618935","12,4934399"
Amazon inventorypromotion,community_services_non_profits,2,http://www.coopfairoma.it/,,Rome,"41,9134808","12,5231042"
Ambiente e Sviluppo Urbano di AGCI,community_services_non_profits,2,http://www.agci.it/,,Rome,"41,90142","12,4941099"
Ambiente Mare Italia,community_services_non_profits,2,http://www.ambientemareitalia.org/,,Rome,"41,9139913","12,464951"
AMC di Marco Petricelli,fashion,2,http://www.amcstore.it/,,Rome,"41,73528","12,37583"
AMER - Associazione Micologica Ecologica Romana,community_services_non_profits,2,https://www.ameronlus.it/,,Rome,"41,869793","12,5366593"
American Club Rome,community_services_non_profits,2,http://www.americanclubrome.org/,,Rome,"41,9043928","12,4865194"
Amiamoli ODV,community_services_non_profits,2,Ingen webbplats,,Rome,"41,88071","12,46912"
Amici dei Bimbi ETS,community_services_non_profits,2,http://www.amicideibimbionlus.eu/,,Rome,"41,943484","12,473625"
Amici del Caburlotto di Roma Onlus,community_services_non_profits,2,https://www.amicidelcaburlotto.org/,,Rome,"41,8401541","12,547959"
Amici del Museo Storico dei Bersaglieri,community_services_non_profits,2,Ingen webbplats,,Rome,"41,8866878","12,4751043"
Amici del Taiji,community_services_non_profits,2,http://www.amicideltaiji.it/,,Rome,"41,8900221","12,5072282"
Amici del Teatro del PEPE,theatre,2,Ingen webbplats,,Rome,"41,9082867","12,4694436"
Amici della Caritas,community_services_non_profits,2,http://www.amicicaritas.it/,,Rome,"41,8880375","12,5230405"
Amici della Fondazione Piccolomini,community_services_non_profits,2,http://www.fondazionepiccolomini.it/,,Rome,"41,8890733","12,4475011"
Amici della Terra Onlus,community_services_non_profits,2,http://www.amicidellaterra.it/,,Rome,"41,8779842","12,4673374"
Amici Di San Vittorino,community_services_non_profits,2,http://www.amicidisanvittorino.com/,,Rome,"41,915737","12,786131"
Amici Fondazione Einaudi Roma,community_services_non_profits,2,http://www.fondazione-einaudi.it/,,Rome,"41,898921","12,464855"
AMICI PER sempre  APS,community_services_non_profits,2,https://amicipersempreaps.org/,,Rome,"41,9331166","12,5792218"
Amiconiglio ODV,community_services_non_profits,2,http://www.amiconiglio.it/,,Rome,"41,96709","12,50613"
Amistrada,community_services_non_profits,2,http://www.amistrada.net/I/index.htm,,Rome,"41,8641742","12,4785541"
AMKA Onlus,community_services_non_profits,2,http://www.amka.it/,,Rome,"41,8990472","12,518193"
Amministratori Professionisti - AP - sede nazionale,community_services_non_profits,2,Ingen webbplats,,Rome,"41,85256","12,50385"
Amnesty International - Italia,community_services_non_profits,2,https://www.amnesty.it/,,Rome,"41,9052766","12,5007375"
Amnesty International - Roma Eur,community_services_non_profits,2,Ingen webbplats,,Rome,"41,81816","12,47838"
Amnesty Lazio,community_services_non_profits,2,http://www.amnestylazio.it/,,Rome,"41,9036042","12,5022453"
Amori srl,fashion,2,http://www.amorisrl.com/,,Rome,"41,901555","12,411151"
Amref Health Africa - Italia,community_services_non_profits,2,http://www.amref.it/,,Rome,"41,9115423","12,4959645"
Amt Studio,architectural_designer,2,http://www.amtstudio.it/,,Rome,"41,9267821","12,5147021"
Anaci - Pagina Ufficiale,community_services_non_profits,2,http://www.anaci.it/,,Rome,"41,9071588","12,4623638"
Anagogia,community_services_non_profits,2,http://www.therapeuticatrefontane.it/,,Rome,"41,845555","12,481065"
Anai Roma Protezione Civile,community_services_non_profits,2,http://www.anairomaprotciv.org/,,Rome,"41,8092648","12,4912301"
Ananas APS Neurofibromatosi,community_services_non_profits,2,http://www.ananasonline.it/,,Rome,"41,904292","12,4129734"
Anania Costruzioni,architectural_designer,2,http://www.ananiacostruzioni.it/,,Rome,"41,9169421","12,5442096"
ANAP Confederazione,community_services_non_profits,2,http://www.sindacatoanap.it/,,Rome,"41,9205402","12,4583187"
ANAPI Pesca,community_services_non_profits,2,https://www.anapipesca.it/,,Rome,"41,9026376","12,4911557"
ANB Regione Lazio,community_services_non_profits,2,Ingen webbplats,,Rome,"41,8861716","12,4741598"
ANBBA - Emilia Romagna,community_services_non_profits,2,https://www.anbba.it/,,Rome,"41,8900648","12,4748529"
ANC Associazione Nazionale Commercialisti,community_services_non_profits,2,http://www.ancnazionale.it/,,Rome,"41,9036531","12,4940699"
Anc Divino Amore - Roma,community_services_non_profits,2,http://www.assocarabinieri.it/,,Rome,"41,7781567","12,5417836"
ANC Roma1,community_services_non_profits,2,http://www.ancroma1.it/contatti/,,Rome,"41,871455","12,539441"
Ance,community_services_non_profits,2,http://www.ance.it/,,Rome,"41,9164943","12,515302"
Ance Roma - ACER - Associazione Costruttori Edili Roma,community_services_non_profits,2,http://www.acerweb.it/,,Rome,"41,9097147","12,5067858"
Anceao,community_services_non_profits,2,http://anceao.org/,,Rome,"41,9032687","12,50798"
Ancelle dell'Amore Misericordioso ,community_services_non_profits,2,https://www.scuolaamoremisericordioso.com/,,Rome,"41,8827468","12,5354766"
Anci,community_center,2,https://anci.it/,,Rome,"41,902891","12,4774044"
ANCIS Politeia ODV,community_services_non_profits,2,http://www.ancispoliteia.com/,,Rome,"41,7667051","12,3570731"
ANCoS Aps,community_services_non_profits,2,https://www.ancos.it/,,Rome,"41,8886127","12,4989807"
ANCoS Roma & Provincia,community_services_non_profits,2,http://www.ancosromaeprovincia.com/,,Rome,"41,82956","12,4773156"
Ancri Roma ODV Protezione Civile ETS,community_services_non_profits,2,http://www.protezionecivilearvalia.it,,Rome,"41,8428019","12,4584433"
ANDI Associazione Nazionale Dentisti Italiani,community_services_non_profits,2,http://www.andi.it/,,Rome,"41,8908667","12,4717142"
Andiamo a Teatro Box Office,theatre,2,http://www.andiamoateatro.it/,,Rome,"41,9012487","12,5168033"
ANDOS Comitato di Roma,community_services_non_profits,2,https://www.andosonlusnazionale.it/2025/03/28/effetti-collaterali-del-cancro-alla-mammella-umani-organizzativi-economici-e-sociali/,,Rome,"41,919095","12,5245741"
Andrea Pellizzoni,architectural_designer,2,http://www.ingegnerpellizzoni.it/,,Rome,"41,8529923","12,4587992"
Andrea Ravagnani Architects,architectural_designer,2,http://www.rvarch.eu/,,Rome,"41,9263243","12,4812412"
Andsai,community_services_non_profits,2,http://www.andsai.it/,,Rome,"41,901121","12,496003"
Anep Protezione Civile,community_services_non_profits,2,http://www.ecosistemaeprotezione.roma.it/,,Rome,"41,856783","12,481054"
Anep ProtezioneAmbiente,community_services_non_profits,2,http://www.ecosistemaeprotezione.roma.it/,,Rome,"41,85407","12,49632"
Anesv Agis Roma,theatre,2,http://www.anesvagisroma.com/,,Rome,"41,9096024","12,5069257"
ANF Roma  Associazione Nazionale Forense,community_services_non_profits,2,http://www.anfroma.it/,,Rome,"41,911386","12,463813"
ANFE - Sede Nazionale Italia,community_services_non_profits,2,https://www.anfe.it/,,Rome,"41,9076788","12,4706583"
Anffas Giovani nel Terzo Settore,community_services_non_profits,2,http://www.anffas.net/it/progetti-e-campagne/anffas-giovani/,,Rome,"41,8753209","12,5047266"
Anffas Nazionale,community_services_non_profits,2,http://www.anffas.net/,,Rome,"41,8753672","12,5045196"
Anfiteatro della Quercia del Tasso- La Plautina,theatre,2,Ingen webbplats,,Rome,"41,895438","12,4625566"
Anfiteatro di Caligola,theatre,2,Ingen webbplats,,Rome,"41,899819","12,477744"
Anfiteatro Flavio - Colosseo,theaters_and_performance_venues,2,http://archeoroma.beniculturali.it,,Rome,"41,890266","12,492304"
Anfols - Associazione Nazionale Fondazioni Lirico Sinfoniche,theatre,2,http://www.anfols.it/,,Rome,"41,90965","12,50712"
ANGI - Associazione Nazionale Giovani Innovatori,community_services_non_profits,2,http://www.angi.tech/,,Rome,"41,9168032","12,4676304"
Angsa Lazio,community_services_non_profits,2,http://www.angsalazio.org/,,Rome,"41,9079135","12,5460516"
Anidan Italia Onlus,community_services_non_profits,2,https://www.anidanitalia.it/donations/regala-un-sorriso/,,Rome,"41,905252","12,461749"
ANIF Eurowellness,community_services_non_profits,2,https://www.anifeurowellness.it/contatti/,,Rome,"41,8908018","12,3843416"
Anima Verde,community_services_non_profits,2,Ingen webbplats,,Rome,"41,8767424","12,4756202"
Animal World,community_services_non_profits,2,Ingen webbplats,,Rome,"41,8995901","12,4814371"
Animaliberaction,community_services_non_profits,2,https://www.animaliberaction.org/,,Rome,"41,8711971","12,4958495"
Animalisti Italiani Onlus,community_services_non_profits,2,http://www.animalisti.it/,,Rome,"41,8679357","12,527847"
Animazione Bomba,venue_and_event_space,2,http://www.animazione-bomba.it/,,Rome,"41,8668881","12,6408319"
Anios - associazione interpreti di Lingua dei Segni Italiana (LIS),community_services_non_profits,2,https://linktr.ee/aniosinterpreti,,Rome,"41,9134067","12,5076078"
ANIS,community_services_non_profits,2,http://www.anisweb.org/,,Rome,"41,87294","12,51086"
Anlaids Lazio,community_services_non_profits,2,http://www.anlaidslazio.it/,,Rome,"41,8983697","12,5041131"
ANLI Associazione Nazionale Lavoratori in Italia,community_services_non_profits,2,http://www.immigrati.eu/,,Rome,"41,8877636","12,5044655"
ANMAR ODV Associazione Nazionale Malati Reumatici,community_services_non_profits,2,http://www.anmar-italia.it/,,Rome,"41,85793","12,49111"
ANMIC Presidenza Nazionale,community_services_non_profits,2,http://www.anmic24.com/,,Rome,"41,865551","12,5476359"
Anna Retico Design,fashion,2,https://www.annareticodesign.it/,,Rome,"41,8907565","12,4692587"
Annamaria Wenzel Haute Couture,fashion,2,http://instagram.com/wenzelhautecouture,,Rome,"41,9084478","12,4797135"
Anomiastudio Architetture,architectural_designer,2,http://www.anomiastudio.com/,,Rome,"41,8982137","12,4354425"
Anonima Macchinette,arts_and_entertainment,2,Ingen webbplats,,Rome,"41,89156","12,53551"
Anpas Lazio,community_services_non_profits,2,http://www.anpaslazio.org/,,Rome,"41,9202256","12,4606525"
ANPC - Associazione Nazionale Partigiani Cristiani,community_services_non_profits,2,http://WWW.ANPCNAZIONALE.COM/,,Rome,"41,904456","12,468434"
ANPE Associazione Nazionale Pedagogisti Italiani,community_services_non_profits,2,http://www.anpe.it/,,Rome,"41,90459","12,50915"
"ANPI ""Musu-Regard"" del II Municipio di Roma",community_services_non_profits,2,http://municipio2roma.anpi.it/,,Rome,"41,9286734","12,5135922"
Anpi Centocelle,community_services_non_profits,2,Ingen webbplats,,Rome,"41,87955","12,56499"
Anpi Cinecittà-Quadraro,community_services_non_profits,2,http://www.anpiroma.org/,,Rome,"41,8594092","12,5715089"
ANPI Montespaccato,community_services_non_profits,2,https://twitter.com/AMontespaccato,,Rome,"41,9075177","12,3929856"
ANPI Provinciale di Roma,community_services_non_profits,2,http://www.anpiroma.org/,,Rome,"41,8940033","12,463654"
Anppia Nazionale,community_services_non_profits,2,http://www.anppia.it/,,Rome,"41,8991904","12,4737948"
Anppia- Federazione di Roma,community_services_non_profits,2,http://www.anppia.it/,,Rome,"41,8941597","12,4636167"
ANPRI Associazione Nazionale Professionale per la Ricerca,community_services_non_profits,2,http://www.anpri.it/contatti/,,Rome,"41,8799054","12,515188"
ANPVI ONLUS Presidenza Nazionale,community_services_non_profits,2,http://www.anpvionlus.it/,,Rome,"41,8776308","12,5183534"
ANRP,community_services_non_profits,2,http://www.anrp.it/,,Rome,"41,8889807","12,5019085"
ANSAF,community_services_non_profits,2,http://www.ansaf.it/,,Rome,"41,92293","12,48493"
ANSE - Ass.Naz.Seniores Enel,community_services_non_profits,2,http://www.anse-enel.it/,,Rome,"41,9202233","12,50082"
Anse - Associazione Nazionale Seniores Enel,community_center,2,https://www.anse-enel.it/,,Rome,"41,9200926","12,5008315"
ANSI Associazione Nazionale Scuola Italiana,community_services_non_profits,2,https://www.ansi.it/,,Rome,"41,9215346","12,4823549"
ANT in Lazio,community_services_non_profits,2,https://sostieni.ant.it/,,Rome,"41,732322","12,281882"
ANTASonlus,community_services_non_profits,2,https://www.antasonlus.org/,,Rome,"41,9465408","12,5498695"
Antea,community_services_non_profits,2,https://www.antea.net/,,Rome,"41,9400998","12,4139663"
Anteas,community_services_non_profits,2,http://www.anteas.org/,,Rome,"41,9133471","12,4940335"
Anthena,theatre,2,http://www.newsanthena.blogspot.com/,,Rome,"41,91744","12,49787"
Anticapodanno,arts_and_entertainment,2,http://www.anticapodanno.com/,,Rome,"41,8645173","12,4814488"
Antichità Restauri Santolini,art_restoration,2,http://www.antiquariatosantolini.com/,,Rome,"41,909191","12,474698"
Antim,community_services_non_profits,2,https://www.antim.it/,,Rome,"41,9210244","12,4976127"
Antropostudio,community_services_non_profits,2,http://antropostudio.org/,,Rome,"41,9376671","12,4715424"
ANVEL,community_services_non_profits,2,http://www.anvel.it/,,Rome,"41,93462","12,43976"
ANVER Società Cooperativa Sociale no profit,community_services_non_profits,2,Ingen webbplats,,Rome,"41,908425","12,5575548"
Anvgd Sede Nazionale,community_services_non_profits,2,http://www.anvgd.it/,,Rome,"41,8210035","12,483032"
Anvolt Roma,community_services_non_profits,2,http://www.anvolt.org/,,Rome,"41,94441","12,57913"
Anvvfc - Protezione Civile Nazionale - registrati,community_services_non_profits,2,http://www.anvvfc.org/,,Rome,"41,8263009","12,5863371"
Anvvfc CAER Protezione Civile OdV,community_services_non_profits,2,http://www.caeronlus.org/,,Rome,"41,9419","12,5368994"
APA,community_services_non_profits,2,http://www.apaonline.it/,,Rome,"41,9170042","12,4591265"
APE Chato,community_services_non_profits,2,http://www.apechato.it/,,Rome,"41,9128075","12,4767346"
APICI Delegazione DI ROMA,community_services_non_profits,2,http://www.apiciroma.it/,,Rome,"41,8534335","12,4574585"
APIReC,community_services_non_profits,2,http://www.apirec.it/,,Rome,"41,8526068","12,4808232"
APIS - Associazione Italiana Progettisti Sociali,community_services_non_profits,2,http://www.progettistisociali.it/,,Rome,"41,9475813","12,5138067"
APIS India del Sud - Onlus ODV,community_services_non_profits,2,http://apisindia.net/,,Rome,"41,8917854","12,5032955"
Apnec Nazionale,community_services_non_profits,2,https://www.apnec.it/,,Rome,"41,9145236","12,5174839"
Apostolato Accademico Salvatoriano Onlus,community_services_non_profits,2,http://www.apostolatosalvatoriano.it/,,Rome,"41,777114","12,4362323"
APPC Associazione Piccoli Proprietari Case Roma,community_services_non_profits,2,http://www.appcroma.it/,,Rome,"41,9241668","12,5152753"
APPI Associazione  Professionisti Pilates Italia,community_services_non_profits,2,http://www.appi-italia.com/,,Rome,"41,8605851","12,4786476"
Appio-Pignatelli,community_services_non_profits,2,Ingen webbplats,,Rome,"41,8410488","12,543771"
Applied Scholastics Italia,community_services_non_profits,2,https://appliedscholasticsitalia.it/,,Rome,"41,92553","12,47709"
Approdo Porto Culturale Sicuro,community_services_non_profits,2,Ingen webbplats,,Rome,"41,8648788","12,488589"
APRE - Agenzia per la Promozione della Ricerca Europea,community_services_non_profits,2,http://www.apre.it/,,Rome,"41,8989372","12,4976393"
Apriti Sesamo Lingua Italiana,community_services_non_profits,2,http://www.ali-apritisesamo.it/,,Rome,"41,9200944","12,4574599"
Aps Aceri  Roma,community_services_non_profits,2,Ingen webbplats,,Rome,"41,8783","12,56535"
APS Centro anziani Corcolle - Roma,community_services_non_profits,2,Ingen webbplats,,Rome,"41,9013387","12,7357935"
APS Educ.Attori,community_services_non_profits,2,https://www.facebook.com/educattori,,Rome,"41,907171","12,551322"
APS Progetto CAO,community_services_non_profits,2,Ingen webbplats,,Rome,"41,89914","12,43546"
Apurimac ETS,community_services_non_profits,2,http://www.apurimac.it/,,Rome,"41,911409","12,4770518"
Ar.co.10,architectural_designer,2,http://www.arco10.it/,,Rome,"41,9342492","12,5186374"
Ar.MaTeatro,theatre,2,Ingen webbplats,,Rome,"41,9080124","12,4507178"
Aramus,community_services_non_profits,2,http://www.associazionearamus.it/,,Rome,"41,8968454","12,4725649"
ARC - Architetto Caterina Raddi,architectural_designer,2,http://www.caterinaraddi.com/,,Rome,"41,8713405","12,4657838"
ARC Associazione Romana di Cremazione  ,community_services_non_profits,2,http://www.cremazione.org/,,Rome,"41,8992326","12,5171462"
ARC Costruzioni,architectural_designer,2,http://www.arcroma.it/,,Rome,"41,7691489","12,3524473"
Arca di Noè Cooperativa Sociale,community_services_non_profits,2,http://www.arcadinoe.it/,,Rome,"41,9256258","12,5691026"
ARCA Studio Architettura,architectural_designer,2,http://www.arcastudioarchitettura.it/contatti/,,Rome,"41,9227957","12,4833554"
Arcade Design Mibrio,arcade,2,http://www.mibrio.com/,,Rome,"41,908538","12,4879705"
Arcased,community_services_non_profits,2,https://associazione.arcased.it/,,Rome,"41,86667","12,49068"
"Arch Carrozzi Nicarch""",architectural_designer,2,http://www.nicarch.com/,,Rome,"41,85073","12,58994"
Arch Fornari Filippo,architectural_designer,2,http://www.archfornari.it/,,Rome,"41,8480073","12,4870039"
Arch_noid studio,architectural_designer,2,http://www.archnoid.it/,,Rome,"41,967852","12,4388345"
Arch. Barbara Lupi,architectural_designer,2,http://www.ristrutturazioneinterni.roma.it/,,Rome,"41,7518144","12,4376656"
Arch. Eleonora Severoni,architectural_designer,2,Ingen webbplats,,Rome,"41,89361","12,43465"
Arch. Flavio Mattioni,architectural_designer,2,Ingen webbplats,,Rome,"41,86603","12,5447"
Arch. Gianni Angeloni,architectural_designer,2,https://architettogianniangeloni.business.site/,,Rome,"41,9427517","12,3689968"
arch.net architetti associati,architectural_designer,2,http://www.archnet.it/,,Rome,"41,8599217","12,4525375"
Archedia - Arch. Claudio Placanica,architectural_designer,2,http://www.ristrutturazione-arredamenti.it/,,Rome,"41,9426676","12,564957"
Archemstudio,architectural_designer,2,http://www.archemstudio.net/,,Rome,"41,8709237","12,5157309"
Archeoclub di Roma,community_services_non_profits,2,http://www.archeoclubitalia.org/joomla/le-nostre-sedi#prettyPhoto/3/,,Rome,"41,9066591","12,471267"
Archeofabrica,architectural_designer,2,http://www.archeofabrica.com/,,Rome,"41,9711416","12,4354322"
Archetipo Progetti,architectural_designer,2,http://www.archetipoprogetti.com/,,Rome,"41,9302837","12,4685408"
Archidipity,architectural_designer,2,http://www.archidipity.com/,,Rome,"41,8723352","12,4767088"
Archihouse,architectural_designer,2,http://www.archihouse.it/,,Rome,"41,7878047","12,4443688"
Archimelo architettura e territorio,architectural_designer,2,http://www.archimelo.com/,,Rome,"41,8935149","12,5146706"
Archimove,architectural_designer,2,http://www.archimove.it/,,Rome,"41,91401","12,4542639"
ArchiN,architectural_designer,2,http://archin.org/,,Rome,"41,8750299","12,5184164"
Archinglab Srl,architectural_designer,2,Ingen webbplats,,Rome,"41,882183","12,418069"
Archiquattro Studio Architetti Associati,architectural_designer,2,http://www.archiquattro.com/,,Rome,"41,9236629","12,4468538"
Archit Roma,architectural_designer,2,http://www.architroma.it/,,Rome,"41,9076496","12,4634465"
Architer Associati,architectural_designer,2,http://www.architerassociati.it/,,Rome,"41,8890888","12,5138921"
Architetto Adolfo Bardoni,architectural_designer,2,http://www.adolfobardoni.architetto.it/,,Rome,"41,91439","12,45743"
Architetto Alessandro Ridolfi STUDIOz14,architectural_designer,2,https://z14architects.com/,,Rome,"41,9735955","12,4293566"
Architetto Claudio Lopez,architectural_designer,2,Ingen webbplats,,Rome,"41,8876674","12,4678736"
Architetto Daniele Sciarra & Partners,architectural_designer,2,http://www.studiosciarra.it/,,Rome,"41,9216778","12,5010155"
Architetto Del Sorbo Srl,architectural_designer,2,http://www.archdelsorbo.it/home.html,,Rome,"41,9419475","12,4624119"
Architetto Fabrizia Frezza,architectural_designer,2,http://www.fabriziafrezza.it/,,Rome,"41,928184","12,507437"
Architetto Flavio Ponti,architectural_designer,2,http://architettoponti.it/,,Rome,"41,8363037","12,4624395"
Architetto Giuseppe Maretto - 2b'n Architettura,architect,2,https://www.houzz.it/professionisti/architetti/giuseppe-maretto-architetto-pfvwit-pf~438201578,,Rome,"41,9318713","12,5388699"
Architetto Iozzo Domenico - Roma,architect,2,,,Rome,"41,91416603","12,45388079"
Architetto Limiti Fabio - Roma,architect,2,,,Rome,"41,88814","12,4838799"
Architetto Luca Caprioli,architectural_designer,2,https://www.caprioliarchitetto.com/,,Rome,"41,8815189","12,4751054"
Architetto Madonna Roma,architectural_designer,2,http://architettomadonna.weebly.com/,,Rome,"41,8969706","12,3857803"
Architetto Marco Putano,architectural_designer,2,https://architettoputano7.webnode.it/,,Rome,"41,8468625","12,4828028"
Architetto Mastro Dimpresa,architectural_designer,2,http://www.mastrodimpresa.it/,,Rome,"41,9252243","12,5284281"
Architetto Mastrobuono Emilia,architect,2,,,Rome,"41,83733534","12,46165505"
Architetto Michele D`Aloia,architect,2,,,Rome,"41,93074","12,49277"
Architetto Roberto Greco,architectural_designer,2,http://www.rgarch.it/,,Rome,"41,9548855","12,5141834"
Architetto Roma,architectural_designer,2,http://www.architettoroma.eu/,,Rome,"41,9215712","12,5062943"
Architetto Roma | Claudio Placanica,architect,2,http://www.ristrutturazione-arredamenti.it/,,Rome,"41,9418167","12,5655069"
Architetto Simone Roberti,architectural_designer,2,Ingen webbplats,,Rome,"41,96288","12,53179"
Architetto Vladimiro Paolino - Progettazione e Ristrutturazioni,architectural_designer,2,http://www.vladimiropaolino.com/,,Rome,"41,9001243","12,5359866"
Architetto.Roma,architectural_designer,2,http://architetto.roma.it/,,Rome,"41,87001","12,53102"
Architettura 42,architectural_designer,2,https://taplink.cc/architettura42?fbclid=PAZXh0bgNhZW0CMTEAAabd6s-QTubzoNyFCvlELVq3hRItwGoSEF0d_mjfGajukAvoZSaGeuPuTbo_aem_TQhSs_YsCRKL7MdwnmE9Hg,,Rome,"41,896279","12,448847"
Architettura e Restauro,architectural_designer,2,Ingen webbplats,,Rome,"41,9394132","12,541548"
Architettura Servizi & Pratiche,architectural_designer,2,http://www.architetturaserviziepratiche.it/,,Rome,"41,9856737","12,4953553"
Architettura Suppressa,architectural_designer,2,http://www.architettura-suppressa.it/studio-architettura.php,,Rome,"41,8818454","12,5172576"
Architettureluka Architetto Leo Luigi,architect,2,http://api.amicacard.it/acbarrafixed/sito-aprtner-qui-risparmi-con-amicacard.aspx?i=b19446497b87e3a78e41c92d395aaa93&s=http://www.architettureluka.it.gg,,Rome,"41,89538","12,54580854"
Archivia - Biblioteca Centro documentazione donne Roma,community_services_non_profits,2,https://www.archiviaabcd.it/,,Rome,"41,8947088","12,4658414"
Archiworks,architectural_designer,2,http://archiworks.studio/,,Rome,"41,9243408","12,4899239"
Archos,architectural_designer,2,http://www.archos-srl.it/,,Rome,"41,86692","12,62766"
Archplus studio,architectural_designer,2,http://www.archplus.it/,,Rome,"41,830803","12,473481"
Archproject,fashion,2,http://www.archproject.studio/,,Rome,"41,9494875","12,4435447"
archroom,architectural_designer,2,Ingen webbplats,,Rome,"41,9144925","12,5471334"
Archside,architectural_designer,2,http://www.archside.it/,,Rome,"41,9143733","12,4538693"
Archstudio Project di Miriana Falvo,architectural_designer,2,http://archmirianafalvo.weebly.com/,,Rome,"41,8815896","12,5172051"
Archstudio Studio Bottoli,architectural_designer,2,http://www.studiobottoli.com/,,Rome,"41,90937","12,43635"
Arci nazionale,community_services_non_profits,2,http://www.arci.it/,,Rome,"41,9107444","12,5370204"
Arci Roma,community_services_non_profits,2,http://www.arciroma.it/,,Rome,"41,9160765","12,5583495"
Arci Servizio Civile Roma,community_services_non_profits,2,http://www.arciserviziocivile.it/roma,,Rome,"41,900541","12,5089934"
Arci Solidarietà,community_services_non_profits,2,http://www.arcisolidarietaonlus.com/,,Rome,"41,9055901","12,5008229"
ArciGay Roma,community_services_non_profits,2,http://www.arcigayroma.it/,,Rome,"41,8775484","12,4754246"
Arcilesbica Roma Gruppo Come Voi,community_services_non_profits,2,http://www.arcilesbica.it,,Rome,"41,8778277","12,4755769"
Arciragazzi,community_services_non_profits,2,http://www.arciragazzi.org/,,Rome,"41,9158792","12,5577342"
ARCO,community_services_non_profits,2,http://associazioneovile.blogspot.com/,,Rome,"41,906034","12,6846492"
Arcoiris OdV,community_services_non_profits,2,http://www.arcoirisonlus.org/,,Rome,"41,8666069","12,4457282"
Arcomproject srl,architectural_designer,2,http://www.arcomproject.com/,,Rome,"41,918948","12,4435749"
Arcons,architectural_designer,2,http://www.arcons.it/,,Rome,"41,88182","12,56241"
Arcs Culture Solidali,community_services_non_profits,2,https://www.arcsculturesolidali.org/,,Rome,"41,78568","12,35967"
ARDItalia ODV,community_services_non_profits,2,http://www.arditalia.org/?page_id=220,,Rome,"41,9184825","12,4993659"
ARE Associazione Riprese Esterne TV,community_services_non_profits,2,http://www.areweb.it/,,Rome,"41,99049","12,4038095"
AREA,architectural_designer,2,https://www.pinterest.it/spazioarea/,,Rome,"41,9086344","12,479552"
Area 121,community_center,2,Ingen webbplats,,Rome,"41,7411746","12,2809981"
Area Architettura,architectural_designer,2,http://www.areaarchitettura.com/,,Rome,"41,8709833","12,4774303"
Area Equidi - LAV Onlus,community_services_non_profits,2,http://www.lav.it/,,Rome,"41,914454","12,5049583"
Area94 Architetti,architectural_designer,2,https://area94.it/,,Rome,"41,8911664","12,5283794"
Areacani,community_services_non_profits,2,http://www.areadedicataaicani.com/,,Rome,"41,7550844","12,3262008"
AREF Onlus,community_services_non_profits,2,http://www.arefonlus.com/,,Rome,"41,9516338","12,5460273"
Ari Roma,community_services_non_profits,2,http://www.associazionedeiromeni.it/,,Rome,"41,87015","12,597099"
Aria D architettura e design,architectural_designer,2,http://www.aria-d.com/,,Rome,"41,88082","12,4798"
Ariahome Massafra,fashion,2,http://www.ariahome.it/,,Rome,"41,89556","12,50292"
ARIEE aps,community_services_non_profits,2,http://www.ariee.it/,,Rome,"41,8753277","12,4865136"
ArkArt studio,architectural_designer,2,http://www.arkartstudio.com/,,Rome,"41,8747734","12,5065933"
ArkiGeom,architectural_designer,2,http://www.reteimprese.it/valentinapelliccioni,,Rome,"41,8852456","12,5130643"
Arkstudio,architectural_designer,2,http://www.arkstudio.it,,Rome,"41,9082225","12,4455717"
Armonia 2 ASD,community_services_non_profits,2,http://www.armonia2.it/,,Rome,"41,9243499","12,50863"
Arpjtetto,community_services_non_profits,2,http://www.arpj.org/,,Rome,"41,8581778","12,4643228"
Arredi Professional,architectural_designer,2,http://www.arrediprofessional.it/,,Rome,"41,8924659","12,6168663"
Arriva Robin Hood ONLUS,community_services_non_profits,2,Ingen webbplats,,Rome,"41,91655","12,45564"
Ars in Urbe APS,community_services_non_profits,2,http://www.arsinurbe.org/,,Rome,"41,855762","12,475154"
ARS LUDI - Percussion Ens.,community_services_non_profits,2,https://www.arsludi.eu/,,Rome,"41,929757","12,54458"
Art Design Ristrutturazioni/Tadelakt/Resine 3807928099,art_restoration,2,http://Tadelakt-roma.it/,,Rome,"41,88575","12,6697399"
Art Soup Roma,community_services_non_profits,2,http://www.artsoup.org/,,Rome,"41,9085202","12,4766579"
Arte Orafa Pieralice,fashion,2,http://stores.ebay.it/arteorafapieralice,,Rome,"41,90931","12,4497"
Arte Orafa Vargas,fashion,2,https://vargasarteorafa.com/,,Rome,"41,8740752","12,5259608"
Artelana - Filati e Accessori Maglieria,fashion,2,https://artelana.it/,,Rome,"41,926169","12,509712"
ArteMedia7072,architectural_designer,2,https://www.itslightinglabstore.com/,,Rome,"41,910775","12,405564"
Artemisia Fondazione,community_services_non_profits,2,https://artemisiafondazione.it/,,Rome,"41,9119755","12,4988465"
Articolo 3 - Centro Diritti Sociali e Civili,community_services_non_profits,2,http://www.santemoretti.it/,,Rome,"41,9286758","12,513722"
Artigiana Romana Impianti,architectural_designer,2,https://www.artigianaromanaimpianti.com/,,Rome,"41,9180609","12,5232835"
Artigiani del Coach,community_services_non_profits,2,Ingen webbplats,,Rome,"41,909665","12,4468795"
ARTOI Fondazione Ricerca Terapie Oncologiche Integrate,community_services_non_profits,2,https://www.artoi.it/,,Rome,"41,8940836","12,4392855"
Artu Associazione Genitori APS,community_services_non_profits,2,http://www.artuassociazionegenitori.com/,,Rome,"41,9458621","12,5687134"
ARVAD,community_services_non_profits,2,http://www.arvad.it/,,Rome,"41,9108018","12,5382905"
ARVAS,community_services_non_profits,2,http://www.arvaslazio.org/,,Rome,"41,9215121","12,4859819"
As architettura,architectural_designer,2,http://www.as-architettura.it/,,Rome,"41,8234236","12,4539717"
Asc Danza,community_services_non_profits,2,http://www.insegnantidiballo.it/,,Rome,"41,894272","12,41305"
Asd burracoland,community_services_non_profits,2,http://www.burracoostia.it/,,Rome,"41,7325002","12,2798"
ASD Dark Zone,arcade,2,http://www.asddarkzone.it/,,Rome,"41,8565451","12,5686526"
ASD Dinamica,community_services_non_profits,2,Ingen webbplats,,Rome,"41,9395561","12,4282551"
ASD Donna Olimpia,community_services_non_profits,2,Ingen webbplats,,Rome,"41,7536888","12,5402403"
Asd Drago Sport,community_services_non_profits,2,http://www.asddragosport.com/,,Rome,"41,8606203","12,6073802"
ASD Giochi di Strada,community_services_non_profits,2,http://www.giochidistrada.it/,,Rome,"41,871591","12,617842"
ASD Kokorozashi Roma,community_services_non_profits,2,http://www.kokorozashi.it/,,Rome,"41,8834579","12,5160768"
Asd L'Auriga - Attività Equestri Integrate,community_services_non_profits,2,http://www.lauriga.it,,Rome,"42,0113729","12,4744822"
ASD Livio Tempesta,community_services_non_profits,2,Ingen webbplats,,Rome,"41,9158897","12,3717585"
ASD Quadraro,community_services_non_profits,2,Ingen webbplats,,Rome,"41,8528323","12,5500565"
ASD Ranch Apache,community_services_non_profits,2,http://www.ranchapache.it/,,Rome,"41,8463035","12,4676198"
ASD Rugby col cuore,community_services_non_profits,2,http://www.rugbycolcuore.it/,,Rome,"41,9504342","12,47049"
ASDC ZAUMA,community_services_non_profits,2,Ingen webbplats,,Rome,"41,86183","12,63307"
"ASeS - Agricoltori, Solidarietà e Sviluppo",community_services_non_profits,2,http://www.ases-ong.org/,,Rome,"41,91372","12,47409"
Ashoka Italia,community_services_non_profits,2,https://www.ashoka.org/it-it,,Rome,"41,88212","12,46725"
ASI Ciclismo,community_services_non_profits,2,http://www.asiciclismo.it/,,Rome,"41,934035","12,537948"
ASI Danza Spettacolo,community_services_non_profits,2,https://asidanzaspettacolo.it/,,Rome,"41,877944","12,5259234"
ASI Group Srl,architectural_designer,2,https://www.asigroup.it/,,Rome,"41,9092201","12,4906449"
Asi Sport Equestri,community_services_non_profits,2,http://www.asiequitazione.com/,,Rome,"41,90825","12,49857"
ASI-Associazione Sanitaria Internazionale,community_services_non_profits,2,http://www.asi-international.org/,,Rome,"41,8825486","12,4843574"
ASIA,community_services_non_profits,2,http://www.asia-ngo.org/en,,Rome,"41,905824","12,5050512"
Asia Usb,community_services_non_profits,2,http://www.asia.usb.it/,,Rome,"41,863866","12,556976"
ASINITAS,community_services_non_profits,2,http://www.asinitas.org/?page_id=74,,Rome,"41,8831367","12,5451404"
AsiSub,community_services_non_profits,2,http://www.asisub.it/,,Rome,"41,9097542","12,4458637"
Asmara Onlus,community_services_non_profits,2,http://www.asmaraonlus.org/contatti/,,Rome,"41,932345","12,525932"
ASNOR Associazione Nazionale Orientatori,community_services_non_profits,2,http://www.asnor.it/,,Rome,"41,9059016","12,4950051"
Asociación Francesco Tonucci,community_services_non_profits,2,https://francescotonucci.org/,,Rome,"41,8816567","12,4644974"
Asociatia Dacia,community_services_non_profits,2,http://www.asociatiaculturaladacia.blogspot.it/,,Rome,"42,00255","12,38355"
ASP S. Alessio MdS,community_services_non_profits,2,http://www.santalessio.org/,,Rome,"41,856504","12,50036"
ASPIC Psicologia,community_services_non_profits,2,http://www.aspicpsicologia.org/,,Rome,"41,84798","12,49205"
ASPPI  Associazione Sindacale Piccoli Proprietari Immobiliari di Roma,community_services_non_profits,2,http://www.asppiroma.it/,,Rome,"41,8850468","12,5099712"
Ass. AngeloAzzurro ONLUS,community_services_non_profits,2,http://www.associazioneangeloazzurro.org/,,Rome,"41,9093644","12,5206868"
Assc Casal Monastero,community_services_non_profits,2,http://www.casalmonastero.org/,,Rome,"41,9487668","12,6017413"
Assifero,community_services_non_profits,2,http://www.assifero.org/,,Rome,"41,9142645","12,4746085"
Assipromos,community_services_non_profits,2,http://www.assipromos.it/,,Rome,"41,893151","12,5102759"
Assirem,community_services_non_profits,2,http://www.assirem.it/,,Rome,"41,91479","12,52056"
Assirep,community_services_non_profits,2,http://www.assirep.it/,,Rome,"41,9600191","12,485681"
Assiri - Associazione Iridologica Italiana,community_services_non_profits,2,http://www.assiri.it/,,Rome,"41,89663","12,42036"
Assistere - Ostia,community_services_non_profits,2,http://www.assistere.net/lazio/ostia/,,Rome,"41,73492","12,29911"
Assnas Direttivo Nazionale,community_services_non_profits,2,http://www.assnas.it/,,Rome,"41,9095","12,4102"
ASSO - Archeologia Subacquea Speleologia Organizzazione,community_services_non_profits,2,http://www.assonet.org/,,Rome,"41,8430277","12,5413918"
Asso Nemesi,community_services_non_profits,2,http://www.assonemesi.it/,,Rome,"41,9160327","12,4611648"
Asso Noi Diciamo No Onlus - Associazione contro bullismo e cyberbullismo -,community_services_non_profits,2,Ingen webbplats,,Rome,"41,9124601","12,5215697"
Assocamerestero,community_services_non_profits,2,http://www.assocamerestero.it/,,Rome,"41,9098627","12,5095521"
Assocamping Confesercenti Nazionale,community_services_non_profits,2,http://www.assocampingweb.it/,,Rome,"41,899559","12,49158"
Association of British Expats in Italy,community_services_non_profits,2,http://www.britishexpatsinitaly.org/,,Rome,"41,9018355","12,477424"
Associazione  Culturale Amici Di Villa Pamphilj,community_services_non_profits,2,http://www.amicidivillapamphilj.it/,,Rome,"41,87193","12,4446999"
Associazione  Stare Bene aps,community_services_non_profits,2,http://www.associazioneculturalestarebene.it/,,Rome,"41,8694853","12,5313267"
Associazione 'La Rinascita ',community_services_non_profits,2,Ingen webbplats,,Rome,"41,9148538","12,6095495"
"Associazione "" Il colibri "" APS",community_services_non_profits,2,https://www.ilcolibriaps.org/,,Rome,"41,9572285","12,4578821"
"Associazione ""Edoardo con Noi""Onlus",community_services_non_profits,2,http://www.edoardoconnoi.it/,,Rome,"41,89022","12,50568"
"Associazione ""Guscio di Noce"" APS",community_services_non_profits,2,http://www.associazionegusciodinoce.it/,,Rome,"41,9395036","12,5334151"
"Associazione ""Il faro""",community_services_non_profits,2,http://www.associazioneilfaro.eu/,,Rome,"41,9264288","12,46314"
"Associazione ""Il Sorriso di Titto"" - Onlus",community_services_non_profits,2,https://www.ilsorrisodititto.it/,,Rome,"41,8873758","12,525982"
"Associazione ""Ilbianconiglio""",community_services_non_profits,2,Ingen webbplats,,Rome,"41,74948","12,26428"
Associazione “La Metamorfosi”,community_services_non_profits,2,Ingen webbplats,,Rome,"41,901579","12,4279"
"Associazione ""Ottavio Stazi"" Colle San Pietro",community_services_non_profits,2,https://www.facebook.com/associazioneottaviostazi,,Rome,"41,8040781","12,5683594"
"Associazione ""Solidarité Nord-Sud""",community_services_non_profits,2,http://www.solidaritenordsud.net/,,Rome,"41,90934","12,51614"
Associazione 21 luglio,community_services_non_profits,2,https://linktr.ee/associazione21luglio,,Rome,"41,8662981","12,641589"
Associazione Agricoltura è Vita già CIPAT,community_services_non_profits,2,https://agricolturavita.it/,,Rome,"41,9146496","12,475701"
Associazione Akiba,community_services_non_profits,2,https://www.associazioneakiba.it/,,Rome,"41,914851","12,442976"
Associazione Alfredo Agrò Onlus,community_services_non_profits,2,http://www.associazioneagro.it/,,Rome,"41,82511","12,48306"
Associazione Alzheimer Roma ODV,community_services_non_profits,2,http://www.alzheimeroma.it/,,Rome,"41,9186552","12,4610858"
Associazione Amami,community_services_non_profits,2,http://www.associazioneamami.it/,,Rome,"41,924368","12,483801"
ASSOCIAZIONE AMICA ONLUS  familiari e amici di portatori handicap,community_services_non_profits,2,Ingen webbplats,,Rome,"41,8584954","12,5620435"
Associazione Amici Alzheimer OdV,community_services_non_profits,2,Ingen webbplats,,Rome,"41,7388058","12,2812552"
Associazione Andrea Sanchioni Onlus,community_services_non_profits,2,http://www.andreasanchionionlus.org/,,Rome,"41,764191","12,3524141"
Associazione Andrea Soldani,community_services_non_profits,2,http://www.associazioneandreasoldani.com/,,Rome,"41,92895","12,41486"
Associazione Andrea Tudisco,community_services_non_profits,2,http://www.assandreatudisco.org/,,Rome,"41,8828699","12,4055106"
Associazione Apicoltori Roma e Provincia,community_services_non_profits,2,http://www.aarep.it/index.html,,Rome,"41,827495","12,604023"
Associazione armonia nella vita roma,community_services_non_profits,2,Ingen webbplats,,Rome,"41,950077","12,47277"
Associazione Artigianeria,community_services_non_profits,2,Ingen webbplats,,Rome,"41,93311","12,52564"
Associazione Artigiani Commercio Professioni,community_services_non_profits,2,http://www.associazioneacp.com/,,Rome,"41,8778744","12,4831633"
Associazione AssemblAbili GlobAli,community_services_non_profits,2,Ingen webbplats,,Rome,"41,87216","12,52767"
Associazione Atlas,community_services_non_profits,2,https://www.atlaslife.eu/,,Rome,"41,954359","12,5063495"
Associazione Aurea,community_services_non_profits,2,http://www.assoaurea.it,,Rome,"41,921257","12,52184"
Associazione Aurora Tomaselli Ricerca e Prevenzione,community_services_non_profits,2,http://www.auroratomaselli.org/,,Rome,"41,9360321","12,5298527"
Associazione Banco Alimentare,community_services_non_profits,2,http://www.bancoalimentareroma.it/,,Rome,"41,9473128","12,5452183"
Associazione Biblica Italiana,community_services_non_profits,2,https://www.associazionebiblica.it/,,Rome,"41,9003684","12,4747861"
Associazione Big Mama,community_services_non_profits,2,http://www.associazionebigmama.it/,,Rome,"41,8644799","12,4463242"
Associazione Botteghe Romane,community_services_non_profits,2,https://blogabr.it/,,Rome,"41,8925269","12,5036713"
Associazione Carta di Roma,community_services_non_profits,2,http://www.cartadiroma.org/,,Rome,"41,9004692","12,4653354"
Associazione CCC Martiri di Nasiriyha,community_services_non_profits,2,http://www.acccnasiriyha.it/,,Rome,"41,9017124","12,578329"
Associazione CdQ Villaggio Prenestino,community_services_non_profits,2,https://villaggioprenestino.it/,,Rome,"41,9006355","12,6866239"
Associazione CEALS,community_services_non_profits,2,Ingen webbplats,,Rome,"41,9682232","12,4481703"
Associazione Chirurghi Ospedalieri Italiani,community_services_non_profits,2,www.acoi.it,,Rome,"41,912626","12,456631"
Associazione Ciclonauti,community_services_non_profits,2,http://www.ciclonauti.it/,,Rome,"41,894595","12,489402"
Associazione Comboniana Servizio Emigranti e Profughi,community_services_non_profits,2,http://www.acsemigranti.org/,,Rome,"41,8934355","12,4895895"
Associazione Corso Vittorio Emanuele II e Campo de' Fiori,community_services_non_profits,2,Ingen webbplats,,Rome,"41,89713","12,4721"
Associazione Crocerossine d'Italia Onlus,community_services_non_profits,2,http://www.crocerossineditalia.org/,,Rome,"41,9105718","12,4910772"
Associazione Crossing Dialogues,community_services_non_profits,2,http://www.crossingdialogues.com/chi_siamo.htm,,Rome,"41,9102321","12,5160957"
"Associazione Culturale ""La Fabbrica del Villaggio Breda""",community_services_non_profits,2,Ingen webbplats,,Rome,"41,86073","12,64319"
Associazione culturale Amici Selva Nera,community_services_non_profits,2,http://www.amiciselvanera.com/,,Rome,"41,9441084","12,3692958"
Associazione culturale Ancient Disciplines,community_services_non_profits,2,Ingen webbplats,,Rome,"42,0065019","12,5234357"
Associazione DAIE,community_services_non_profits,2,http://www.associazionedaie.it/,,Rome,"41,86816","12,449"
Associazione daSud,community_services_non_profits,2,http://www.dasud.it/,,Rome,"41,8654901","12,5518908"
Associazione Davide Ciavattini ONLUS,community_services_non_profits,2,http://www.associavattini.it/,,Rome,"41,8536235","12,468283"
Associazione dei genitori Istituto Comprensivo Via  Val Maggia - Roma,community_services_non_profits,2,http://www.aicviavalmaggia.org/,,Rome,"41,942443","12,5176088"
Associazione dei Lucani a Roma,community_services_non_profits,2,https://www.lucaniroma.it/,,Rome,"41,9121424","12,4997745"
Associazione Dhuumcatu,community_services_non_profits,2,http://www.dhuumcatu.it/,,Rome,"41,87958","12,54455"
Associazione Dhyana,community_services_non_profits,2,http://www.dhyana.it/,,Rome,"41,930944","12,5224805"
Associazione di Amicizia Italia Brasile,community_services_non_profits,2,http://www.italiabrasile.org/,,Rome,"41,9205","12,51056"
Associazione di Promozione Sociale Il Boschetto di Pan,community_services_non_profits,2,http://www.scuolarete-ilboschettodipan.it/,,Rome,"41,858278","12,483016"
Associazione di Psicologia Integrata,community_services_non_profits,2,http://www.psicologiaintegrataroma.it/contatti/,,Rome,"41,8839936","12,5229851"
Associazione di Ricerca per l'Educazione alla Salute,community_services_non_profits,2,Ingen webbplats,,Rome,"41,91939","12,43702"
Associazione di Soccorso Giannino Caria Paracadutisti,community_services_non_profits,2,https://www.paypal.com/cgi-bin/webscr?cmd=_s-xclick&hosted_button_id=D8PPAGD4G2DV2&source=url,,Rome,"41,8754525","12,3452462"
Associazione di Volontariato Cuore,community_services_non_profits,2,http://www.associazionecuore.it/,,Rome,"41,8901247","12,5137788"
Associazione di Volontariato Europeo Solidale,community_services_non_profits,2,http://www.associazioneaves.it/,,Rome,"41,8870724","12,5100003"
Associazione di Volontariato Museum - ODV,community_services_non_profits,2,http://www.assmuseum.it/,,Rome,"41,91735","12,45781"
Associazione di Volontariato Puer Odv,community_services_non_profits,2,https://www.puer.it/,,Rome,"41,8771474","12,430341"
Associazione Diaspora Petilina,community_services_non_profits,2,http://www.diasporapetilina.it/,,Rome,"41,89328","12,54826"
Associazione Differenza Donna,community_services_non_profits,2,http://www.differenzadonna.org/,,Rome,"41,9135613","12,4750461"
Associazione Dimore Storiche Italiane,community_services_non_profits,2,http://www.associazionedimorestoricheitaliane.it/,,Rome,"41,8941912","12,4922644"
Associazione Disabili Visivi Onlus,community_services_non_profits,2,http://www.disabilivisivi.it/,,Rome,"41,923131","12,495257"
Associazione Docenti - Articolo 33,cultural_center,2,https://www.docentiarticolo33.it/,,Rome,"41,9117278","12,4971099"
Associazione Doposquola,community_center,2,http://www.doposquola.it/,,Rome,"41,87921","12,5013919"
Associazione Dossetti-I Valori,community_services_non_profits,2,http://www.dossetti.it/,,Rome,"41,94154","12,42304"
Associazione EDGE,community_services_non_profits,2,http://www.edge-glbt.it/,,Rome,"41,90557","12,46867"
Associazione Emergenza Diritti,cultural_center,2,http://vintagecup.wixsite.com/ufficiale,,Rome,"41,8891033","12,56813729"
Associazione Euromobility,community_services_non_profits,2,http://www.euromobility.org/,,Rome,"41,9315969","12,5385066"
Associazione Ex Alunni del San Leone Magno,community_services_non_profits,2,http://www.sanleonemagno.eu/,,Rome,"41,92168","12,51606"
Associazione Ex Alunni Istituto Massimo,community_services_non_profits,2,http://www.exalmassimo.it/,,Rome,"41,8299616","12,458395"
Associazione Ex Lavanderia,community_services_non_profits,2,http://www.exlavanderia.it/,,Rome,"41,9390987","12,4161065"
Associazione Figli Inabili Banca d'Italia Ente Filantropico - AFIBI ETS,community_services_non_profits,2,http://www.afibi.it/,,Rome,"41,8974737","12,5022311"
"Associazione Filatelica Numismatica Italiana  ""Alberto Diena""",community_services_non_profits,2,http://www.afi-roma.it/,,Rome,"41,9318784","12,4627885"
Associazione Forum del Libro,community_services_non_profits,2,http://www.forumdellibro.org/,,Rome,"41,9208041","12,4841233"
Associazione Gabbia/no,community_services_non_profits,2,http://Www.gabbia-noassocult.it/,,Rome,"41,9452848","12,3830099"
Associazione Genitori AGe,community_services_non_profits,2,http://www.age.it/,,Rome,"41,889189","12,408513"
"Associazione Genitori Scuola ""Di Donato""",community_services_non_profits,2,http://www.genitorididonato.it/,,Rome,"41,8924122","12,5073399"
Associazione Gentes Villaggio Giuliano Dalmata,community_services_non_profits,2,http://www.associazionegentes.it/,,Rome,"41,82081","12,48318"
Associazione Giacomo Fornasier,community_services_non_profits,2,Ingen webbplats,,Rome,"42,0291814","12,37425"
Associazione Giacomo Vidiri,community_services_non_profits,2,http://www.associazionegiacomovidiri.it/,,Rome,"41,92278","12,4497414"
Associazione Giampiero Arci - Società civile,community_services_non_profits,2,http://www.giampieroarci.it/,,Rome,"41,9290963","12,5121063"
Associazione Gorilla,community_services_non_profits,2,https://www.associazionegorilla.com/,,Rome,"41,9671382","12,5133464"
Associazione Happy Family Ro.Ma. - Centro accreditato per la diagnosi DSA,community_services_non_profits,2,http://www.happyfamilyroma.org/,,Rome,"41,7770896","12,3764097"
Associazione Hub Italia Cina 中意中心,community_services_non_profits,2,http://www.hubitaliacina.com/,,Rome,"41,8750309","12,4611873"
Associazione Huesera,community_services_non_profits,2,Ingen webbplats,,Rome,"41,8980227","12,5658846"
Associazione Identità e Diabete,community_services_non_profits,2,http://www.identitaediabete.it/,,Rome,"41,94895","12,52563"
Associazione Idrotecnica Italiana,community_services_non_profits,2,http://www.idrotecnicaitaliana.it/,,Rome,"41,9117269","12,4945543"
Associazione Ikigai,cultural_center,2,Ingen webbplats,,Rome,"41,9069","12,4455904"
Associazione Il Filo dalla Torre APS,community_services_non_profits,2,http://www.filodallatorre.it/,,Rome,"41,875844","12,42608"
Associazione IL FORO,community_services_non_profits,2,http://www.associazioneilforo.it/,,Rome,"41,93346","12,57937"
Associazione Il Melograno Rosso Onlus Roma,community_services_non_profits,2,http://www.ilmelogranorosso.it/,,Rome,"41,95778","12,4116"
Associazione Insieme per l'affidamento familiare e l'aiuto ai minori,community_services_non_profits,2,http://www.associazioneinsieme-latenda.it,,Rome,"41,8511418","12,4260813"
"Associazione Interculturale Di Aiuto All Immigrante ""Jexavis""'",community_services_non_profits,2,http://www.jexavis.com/,,Rome,"41,87771","12,54598"
Associazione Iqbal Masih,community_services_non_profits,2,http://www.associazioneiqbal.org/,,Rome,"41,83221","12,558"
Associazione Isola Tiberina,community_services_non_profits,2,http://www.isolatiberina.org/,,Rome,"41,8903013","12,4781512"
Associazione Italbangla,community_services_non_profits,2,http://www.italbangla.net/,,Rome,"41,8818095","12,5410734"
Associazione Italia in Testa,community_services_non_profits,2,http://italiaintesta.it/,,Rome,"41,91151","12,45861"
Associazione Italiana Arbitri - FIGC,community_services_non_profits,2,http://www.aia-figc.it/,,Rome,"41,91001","12,49149"
Associazione Italiana Cistite Interstiziale,community_services_non_profits,2,http://www.aicionlus.org/,,Rome,"41,9120817","12,504897"
Associazione Italiana Corea di Huntinghton,community_services_non_profits,2,http://www.aichroma.com/,,Rome,"41,9132675","12,5074943"
Associazione Italiana di Psicoanalisi/AIPsi,community_services_non_profits,2,http://www.aipsi.it/,,Rome,"41,9327859","12,5123222"
Associazione Italiana Difesa Interessi Diabetici,community_services_non_profits,2,http://www.assodiabete.it/,,Rome,"41,9128391","12,51892"
Associazione Italiana Guide e Scouts D'europa Cattolici,community_services_non_profits,2,http://anagrafe.iccu.sbn.it,,Rome,"41,88687","12,47493"
Associazione Italiana Nutrizionisti in Cucina - AINC,community_services_non_profits,2,https://www.associazioneitaliananutrizionistincucina.it/,,Rome,"41,8277946","12,4749521"
Associazione Italiana Persone con Sindrome di Down - AIPD Nazionale,community_services_non_profits,2,http://www.aipd.it/,,Rome,"41,9192921","12,457893"
Associazione Italiana Podologi,community_services_non_profits,2,http://www.associazionepodologi.it/,,Rome,"41,8914229","12,6481854"
Associazione Italiana Walter Benjamin,community_services_non_profits,2,http://wwww.associazionewalterbenjaminwordpress.com/,,Rome,"41,8849725","12,4621857"
Associazione Italiana Zincatura,community_services_non_profits,2,https://www.aiz.it/wp1/,,Rome,"41,8282267","12,4824512"
Associazione KIM - ETS,community_services_non_profits,2,http://www.associazionekim.it/,,Rome,"41,8823478","12,406216"
Associazione La Famiglia nel Diritto e nella Società,cultural_center,2,http://www.associazionefds.it/,,Rome,"41,7692034","12,3735701"
Associazione La Farfalla,community_services_non_profits,2,http://www.lafarfalla.org/,,Rome,"41,7441089","12,3106379"
Associazione La Sonda su Marte ONLUS,community_services_non_profits,2,http://www.lasondasumarte.it/,,Rome,"41,9044544","12,5936081"
Associazione La Tenda ETS,community_services_non_profits,2,https://www.la-tenda-onlus.it/,,Rome,"41,9111451","12,5618774"
Associazione Laboratorio Stabile,community_services_non_profits,2,https://laboratoriostabile.com/,,Rome,"41,9395561","12,4282547"
Associazione Laudes,community_services_non_profits,2,http://www.laudes.it/,,Rome,"41,9427012","12,5501592"
Associazione Liberté Onlus,community_services_non_profits,2,http://www.associazioneliberteonlus.org/,,Rome,"41,917135","12,439181"
Associazione Logos Famiglia e Minori,community_services_non_profits,2,https://www.logosroma.it/,,Rome,"41,9126305","12,5072549"
Associazione Luca Coscioni,community_services_non_profits,2,https://www.associazionelucacoscioni.it/,,Rome,"41,9046534","12,4894696"
Associazione Ludica Romana,community_services_non_profits,2,https://www.ludicaromana.it/,,Rome,"41,8882543","12,5541039"
Associazione Magistrati Non Esclusivisti,community_services_non_profits,2,Ingen webbplats,,Rome,"41,74472","12,373"
Associazione Malati di Reni aps,community_services_non_profits,2,http://www.malatidireni.it/,,Rome,"41,90054","12,46273"
Associazione Maratonda,community_services_non_profits,2,http://www.associazionemaratonda.it/,,Rome,"41,94043","12,56176"
Associazione Maria Sophia APS,community_services_non_profits,2,http://associazionemariasophia.it/,,Rome,"41,8575022","12,4886265"
Associazione Mario Frasca,community_services_non_profits,2,http://www.associazionemariofrasca.it/,,Rome,"41,7926835","12,427378"
Associazione Mecenate 90,community_services_non_profits,2,http://www.mecenate90.it/,,Rome,"41,8951765","12,4762399"
Associazione Mercati Italiani,community_services_non_profits,2,Ingen webbplats,,Rome,"41,88925","12,56419"
Associazione Michele Potenza ,community_services_non_profits,2,Ingen webbplats,,Rome,"41,88564","12,51182"
Associazione Michelle Bonev,community_services_non_profits,2,http://www.michellebonev.org,,Rome,"41,913735","12,465761"
Associazione Mornese ONLUS,community_services_non_profits,2,https://www.associazionemornese.org/,,Rome,"41,8963601","12,4512369"
Associazione MotoriaMente,community_services_non_profits,2,Ingen webbplats,,Rome,"41,7446833","12,363624"
Associazione Nazionale Agenti In Attività Finanziaria - ANAAF,community_services_non_profits,2,http://www.anaaf.it/,,Rome,"41,90444","12,48649"
Associazione Nazionale Artiglieri d'Italia - Presidenza Nazionale,community_services_non_profits,2,http://www.assoartiglieri.it/,,Rome,"41,9065361","12,4959238"
Associazione Nazionale Banche Del Tempo,community_services_non_profits,2,http://www.associazionenazionalebdt.it/,,Rome,"41,818352","12,478274"
Associazione Nazionale Bersaglieri Presidenza Nazionale,community_services_non_profits,2,http://www.assobersaglieri.it/,,Rome,"41,8855391","12,4735899"
Associazione Nazionale Counselor Relazionali Ancore,community_services_non_profits,2,http://www.ancore.org/,,Rome,"41,9309219","12,44472"
Associazione Nazionale Cuoche a Domicilio,community_services_non_profits,2,http://www.assocuoche.it/,,Rome,"41,923996","12,373975"
"Associazione Nazionale d'Amicizia Costa Rica Italia ""Dr. Carlos Collado M"".",community_services_non_profits,2,http://www.costaricaitalia.com/,,Rome,"41,8248032","12,4535838"
Associazione Nazionale DLF,community_services_non_profits,2,http://www.dlf.it/,,Rome,"41,9108035","12,5154918"
Associazione Nazionale Forense,community_services_non_profits,2,http://www.associazionenazionaleforense.it,,Rome,"41,9079733","12,4628385"
Associazione Nazionale Marinai D'Italia - Gruppo di Roma,community_services_non_profits,2,http://www.anmigrupporoma.it/,,Rome,"41,9221958","12,4623669"
Associazione Nazionale Social Media Manager,community_services_non_profits,2,http://www.ansmm.it/,,Rome,"41,8939035","12,5469921"
Associazione Nazionale Vigili del Fuoco del CNVVF,community_services_non_profits,2,http://www.anvvf.it/,,Rome,"41,8295746","12,5638533"
Associazione Nuovi Europei,community_services_non_profits,2,Ingen webbplats,,Rome,"41,86816","12,46574"
Associazione Nuovo Laurentino,community_services_non_profits,2,Ingen webbplats,,Rome,"41,8132245","12,4763352"
Associazione Old Iron Sides First Armored Division,community_services_non_profits,2,https://www.operazioneshingle.it/,,Rome,"41,85601","12,56876"
Associazione Onlus Cardiosalus,community_services_non_profits,2,http://www.cardiosalus.it/schedaistituzionale.asp?idreferenza=34&idpadrerifIstituzionali=21,,Rome,"41,9173766","12,457786"
Associazione Orti Urbani Sociali Tor Carbone Onlus Roma,community_services_non_profits,2,http://www.ortiurbanitorcarbone.it/,,Rome,"41,8435245","12,5148808"
Associazione Pathos,cultural_center,2,Ingen webbplats,,Rome,"41,81739","12,4474"
Associazione Pazienti BPCO e altre patologie respiratorie,community_services_non_profits,2,https://www.pazientibpco.it/index.php,,Rome,"41,9481113","12,413937"
Associazione per la Cultura della SOstenibilità,community_services_non_profits,2,https://www.acso.it/,,Rome,"41,89021","12,50117"
Associazione per la Pace - Nazionale,community_services_non_profits,2,http://www.assopace.org/,,Rome,"41,9329249","12,47605"
Associazione per la Tutela del Minore,community_services_non_profits,2,http://tutelaminori.it/,,Rome,"41,9070934","12,4687611"
Associazione Per Roma,community_services_non_profits,2,http://www.perroma.org/,,Rome,"41,8994","12,4913399"
Associazione Polipo’,community_services_non_profits,2,Ingen webbplats,,Rome,"41,7314872","12,3044267"
Associazione Polivalente Teorema,community_services_non_profits,2,http://biblioteorema.wordpress.com/,,Rome,"41,8446169","12,5474699"
Associazione Popolare Liberi di giocare,community_services_non_profits,2,http://www.liberidigiocare.com/,,Rome,"41,890568","12,5577446"
Associazione Praga,community_services_non_profits,2,http://www.associazionepraga.it/,,Rome,"41,8776152","12,5093132"
Associazione Prestatori Servizi di Pagamento - APSP,community_services_non_profits,2,http://www.apsp.it/,,Rome,"41,9050399","12,4843311"
Associazione Prili di Rado,cultural_center,2,https://associazioneprilidirado.it/,,Rome,"41,92456","12,48611"
Associazione Pro Universitate Don Bosco ETS,community_services_non_profits,2,http://prouniversitatedonbosco.unisal.it/,,Rome,"41,9605303","12,5211285"
Associazione Pro.Des,community_services_non_profits,2,Ingen webbplats,,Rome,"41,85007","12,4382"
Associazione Professionale Polizia Locale d'Italia - PL - Sezione Lombardia,community_services_non_profits,2,http://www.a-pl.it/,,Rome,"41,8986616","12,5652424"
Associazione Prospettiva Psi,community_services_non_profits,2,http://www.prospettivapsi.it/,,Rome,"41,9204889","12,4584555"
Associazione Ranuccio Bianchi Bandinelli,community_services_non_profits,2,http://www.bianchibandinelli.it/,,Rome,"41,9100424","12,5125966"
Associazione Rete delle culture,community_services_non_profits,2,http://www.retedelleculture.it/,,Rome,"41,89489","12,47612"
Associazione Romana Artisti Associati,community_services_non_profits,2,http://www.musicantando.it/,,Rome,"41,938878","12,54238"
Associazione ROSA - Remove Obstacles to Social Awareness,community_services_non_profits,2,Ingen webbplats,,Rome,"41,8817461","12,4676533"
Associazione Salvabebè - Salvamamme,community_services_non_profits,2,http://www.salvamamme.it/,,Rome,"41,870705","12,4693677"
Associazione SANTA RITA ODV,community_services_non_profits,2,Ingen webbplats,,Rome,"41,86485","12,64837"
Associazione Serendipity,community_services_non_profits,2,Ingen webbplats,,Rome,"41,8096465","12,4426514"
"Associazione Socio-Sanitaria ""Angelo Azzurro"" Onlus",community_services_non_profits,2,http://www.angeloazzurro.org/,,Rome,"41,9084828","12,4984558"
Associazione Sostegno Consumatori,community_services_non_profits,2,Ingen webbplats,,Rome,"41,7366699","12,27867"
Associazione Spazio Asperger ONLUS,community_services_non_profits,2,http://www.spazioasperger.it/,,Rome,"41,9461905","12,5187556"
Associazione Spazioerre,community_services_non_profits,2,https://linktr.ee/spazioerre,,Rome,"41,9573678","12,5422255"
Associazione Tradizionale Pietas,community_services_non_profits,2,http://www.tradizioneromana.org/,,Rome,"41,9","12,5"
Associazione Trenta Ore per la Vita onlus,community_services_non_profits,2,http://www.trentaore.org/,,Rome,"41,8918607","12,5336262"
Associazione Umbrella Onlus,community_services_non_profits,2,http://www.associazioneumbrella.com/,,Rome,"41,8412001","12,5385092"
Associazione Urbe,community_services_non_profits,2,http://www.associazioneurbe.it/,,Rome,"41,906442","12,469229"
Associazione Venere - Verso Nuove Ere,community_services_non_profits,2,http://www.associazionevenere.it/,,Rome,"41,9121196","12,4967203"
Associazione Verde Fotografia Bernardini,community_services_non_profits,2,http://www.assverdefotografiabernardini.it/,,Rome,"41,8360766","12,5175276"
Associazione Via Sistina - Via Francesco Crispi,community_services_non_profits,2,Ingen webbplats,,Rome,"41,9059425","12,4835806"
Associazione Vita di Donna OdV,community_services_non_profits,2,http://www.vitadidonna.it/,,Rome,"41,8947032","12,4658487"
Associazione Vittime di Violenza - IO NO,community_services_non_profits,2,https://vittimediviolenza.wixsite.com/iono,,Rome,"41,9065743","12,4643106"
Associazione volontari La Cometa aps,community_services_non_profits,2,http://www.lacometaonlus.eu/,,Rome,"41,874184","12,507644"
Associazione Volontari per Policlinico Tor Vergata,community_services_non_profits,2,http://www.volontariptv.org/,,Rome,"41,8578546","12,6312668"
Associazione Volontari Progetto Insieme,community_services_non_profits,2,http://progettoinsieme.volontariato.lazio.it/,,Rome,"41,8757701","12,511525"
Associazione Vulvodiniapuntoinfo ONLUS,community_services_non_profits,2,https://www.vulvodiniapuntoinfo.org/,,Rome,"41,8800662","12,5681088"
Associazione Ylenia E Gli Amici Speciali,community_services_non_profits,2,http://www.yleniaegliamicispeciali.org/,,Rome,"41,8624354","12,4371161"
associazione_cavour,cultural_center,2,https://forms.gle/JWQZGjFutGy6TWfD9,,Rome,"41,89276","12,49127"
AssociazioneItalianadi PsicologiaeCriminologia,community_services_non_profits,2,https://www.traumaeviolenza.it/,,Rome,"41,9099111","12,512585"
Assoconfam,community_services_non_profits,2,https://www.assoconfam.it/,,Rome,"41,88039","12,56226"
Assocontact,community_services_non_profits,2,http://www.assocontact.it/,,Rome,"41,854478","12,4839"
AssoCoopSicurezza,community_services_non_profits,2,http://www.assocoopsicurezza.it/,,Rome,"41,84182","12,4815"
AssoCtu,community_services_non_profits,2,http://www.assoctu.it/,,Rome,"41,9114067","12,5003615"
Assodigit,community_services_non_profits,2,http://assodigit.it/,,Rome,"41,9242266","12,4953592"
Assoepilessia - Roma Onlus,community_services_non_profits,2,http://www.assoepilessia.it/,,Rome,"41,9299071","12,3351553"
Assoeuro - Associazione Italiana Europrogettisti - EU Project Manager,community_services_non_profits,2,http://www.assoeuro.it/,,Rome,"41,91047","12,51815"
Assofamiglie - Associazione Datoriale,community_services_non_profits,2,http://www.assofamiglie.org/AF,,Rome,"41,88779","12,50446"
Assohotel Confesercenti,community_services_non_profits,2,http://www.assohotelconfesercenti.it/,,Rome,"41,89952","12,49157"
"Assoimpredia - Paesaggio, Giardini, Verde, Parchi e Alberi",community_services_non_profits,2,http://www.assoimpredia.com/,,Rome,"41,9094425","12,4644776"
Assoimprese Africa,community_services_non_profits,2,http://www.assoimpreseafrica.info/,,Rome,"41,9044767","12,4886127"
Assolei Sportello Donna Onlus,community_services_non_profits,2,https://www.assolei.it/,,Rome,"41,8917113","12,4693377"
Assomobility,community_services_non_profits,2,http://www.assomobility.it/,,Rome,"41,8843688","12,5162897"
Assonautica Romana,community_services_non_profits,2,http://www.assonauticaromana.com,,Rome,"41,9211059","12,492447"
Assopmi,community_services_non_profits,2,http://assopmi.it/,,Rome,"41,8651059","12,4677269"
Assoraider - Roma 2 APS,community_services_non_profits,2,https://www.assoraider-roma2.it/,,Rome,"41,8257636","12,4914314"
Assoraider Roma 4,community_services_non_profits,2,http://www.roma4assoraider.it/,,Rome,"41,789079","12,4439097"
AssOrienta,community_services_non_profits,2,https://www.assorienta.it/,,Rome,"41,7436158","12,3724576"
Assosistema,community_services_non_profits,2,http://www.assosistema.it/,,Rome,"41,8352118","12,4640082"
AssoTutelati,community_services_non_profits,2,http://www.assotutelati.com/,,Rome,"41,9207433","12,4574261"
Assoutenti,community_services_non_profits,2,https://linktr.ee/Assoutenti,,Rome,"41,9046981","12,4923906"
Assoutenti Lazio,community_services_non_profits,2,https://www.assoutenti.it/assoutenti-lazio/,,Rome,"41,81102","12,53333"
Assoverde,community_services_non_profits,2,http://www.assoverde.it/,,Rome,"41,8965144","12,4748812"
Assoviaggi Confesercenti Nazionale,community_services_non_profits,2,http://www.assoviaggi.it/,,Rome,"41,899492","12,4916552"
Assunecit Roma,community_services_non_profits,2,http://www.estudiarenroma.wordpress.com/,,Rome,"41,89401","12,506696"
Aster Club House Roma,dance_club,2,Ingen webbplats,,Rome,"41,9098076","12,4864089"
Astromia splash in  gelateria,cultural_center,2,Ingen webbplats,,Rome,"41,87218","12,52764"
ASviS - Alleanza Italiana per lo Sviluppo Sostenibile,community_services_non_profits,2,http://www.asvis.it/,,Rome,"41,8987471","12,4987083"
ASVO - Associazione Scuola Viva Onlus,community_services_non_profits,2,https://www.scuolaviva.org/,,Rome,"41,847701","12,4671706"
ATCL - Circuito Multidisciplinare del Lazio,theatre,2,http://www.atcllazio.it/,,Rome,"41,85586","12,46864"
Atelier Spazi Solari,architectural_designer,2,http://www.spazisolari.it/,,Rome,"41,9122553","12,4159655"
ATENA - Associazione Italiana di TEcnica NAvale,community_services_non_profits,2,http://www.atenanazionale.it/,,Rome,"41,787073","12,4569082"
Atenastudio,architectural_designer,2,http://www.atenastudio.it/,,Rome,"41,8174862","12,4438009"
Ateneo Tradizionale Mediterraneo,community_services_non_profits,2,http://www.ateneotradizionale.it/contatti/,,Rome,"41,73332","12,27223"
AtHome Centro Accoglienza,community_services_non_profits,2,Ingen webbplats,,Rome,"41,90947","12,45771"
Atip Onlus,community_services_non_profits,2,http://www.atiponlus.it/,,Rome,"41,9169832","12,4665809"
Atmos Arti Terapeutiche,community_services_non_profits,2,http://www.atmos-artiterapeutiche.it/,,Rome,"41,8635648","12,4844581"
Atmosfera Di Interni s.r.l,architectural_designer,2,http://www.interniroma.it/it/azienda,,Rome,"41,8351611","12,6018758"
Attuare la Costituzione - Associazione di promozione sociale,community_services_non_profits,2,http://www.attuarelacostituzione.it/,,Rome,"41,908958","12,4896637"
Au dehors Studio. Architettura del Paesaggio,architectural_designer,2,http://audehorsstudio.blogspot.it/,,Rome,"41,8579787","12,5047958"
Auci Cooperazione Internazionale,community_services_non_profits,2,http://linktr.ee/aucicooperazione,,Rome,"41,9329898","12,4265529"
Aula Fleming Facoltà Medicina,auditorium,2,Ingen webbplats,,Rome,"41,8558631","12,6327755"
Aula Magna di Architettura  Adalberto Libera,auditorium,2,Ingen webbplats,,Rome,"41,8767872","12,4718484"
Aumai Shopping,fashion,2,Ingen webbplats,,Rome,"41,915607","12,40817"
AUR Student Government,community_services_non_profits,2,http://www.aur.edu/american-university-rome/student-life/student-government-at-the-american-university-of-rome/,,Rome,"41,88551","12,46222"
Aurelia Bridge e Burraco,arts_and_entertainment,2,Ingen webbplats,,Rome,"41,9229217","12,4390645"
Aurora ETS,community_services_non_profits,2,http://www.aurorabimbi.org/,,Rome,"41,90835","12,45995"
Auser Lazio,community_services_non_profits,2,Ingen webbplats,,Rome,"41,9006223","12,5090866"
Autostrada A1 Roma Terni,arts_and_entertainment,2,Ingen webbplats,,Rome,"41,8571659","12,6006006"
Autstudio,architectural_designer,2,http://www.autstudio.it/,,Rome,"41,8776883","12,5379022"
AVA Associazione Vegan Animalista,community_services_non_profits,2,http://associazionevegananimalista.it/,,Rome,"41,8816425","12,5205473"
AVANA,arts_and_entertainment,2,Ingen webbplats,,Rome,"41,86554","12,49165"
Avatar Virtual Reality - Roma,arcade,2,http://www.avatarvr.it/,,Rome,"41,8607063","12,5976523"
AVAZ - Associazione Volontari per lo Sviluppo dei Popoli,community_services_non_profits,2,http://www.avaz.it/,,Rome,"41,9359801","12,5357107"
AVCPP per il Cinodromo - Rifugio Ponte Marconi,community_services_non_profits,2,https://www.iolibero.org/gli-ospiti/cani-allex-cinodromo/,,Rome,"41,8579627","12,4643347"
Aventisette,architectural_designer,2,http://www.aventisette.com/,,Rome,"41,9318443","12,4675548"
Avidi Lumi,community_services_non_profits,2,http://avidilumi.com/,,Rome,"41,9298964","12,5444825"
AVIS Comunale di Roma OdV,community_services_non_profits,2,http://www.avisroma.it/,,Rome,"41,9103165","12,5132831"
Avogadro,community_services_non_profits,2,https://www.csenroma.it/,,Rome,"41,927286","12,486946"
AVPC Appia Antica,community_services_non_profits,2,Ingen webbplats,,Rome,"41,8981471","12,5384152"
AVS Cosmos - Associazione Volontari Soccorso - odv,community_services_non_profits,2,http://www.avscosmosprotezionecivile.it/,,Rome,"41,9669407","12,5463361"
Avviso Pubblico. Enti locali e Regioni contro mafie e corruzione,community_services_non_profits,2,http://www.avvisopubblico.it/,,Rome,"41,89488","12,50967"
AX - studio,architectural_designer,2,http://www.ax-studio.it/,,Rome,"41,8652745","12,5443703"
Azalea,community_services_non_profits,2,http://www.zampamica.it/,,Rome,"41,8623132","12,4527066"
Azione Parkinson,community_services_non_profits,2,http://www.azioneparkinson.it/,,Rome,"41,866998","12,4789526"
Azione Sociale Acli,community_services_non_profits,2,https://azionesociale.acli.it/,,Rome,"41,88118","12,46917"
Azzurra Sport - Viale Europa,fashion,2,http://www.azzurrasport.eu/,,Rome,"41,8318803","12,4648203"
Azzurro Shopping,fashion,2,Ingen webbplats,,Rome,"41,8808724","12,5149727"
B’Art,theatre,2,Ingen webbplats,,Rome,"41,9127689","12,4781728"
b15a architettura,architectural_designer,2,http://www.b15a.net/,,Rome,"41,8223822","12,4860666"
BABEL_architettura,architectural_designer,2,http://www.babelarchitettura.it/,,Rome,"41,8732118","12,511958"
BaBeL2,community_services_non_profits,2,http://babel.forteprenestino.net/,,Rome,"41,8920288","12,5669403"
Bada architettura e paesaggio,architectural_designer,2,https://www.houzz.it/professionisti/architetti/bada-architettura-pfvwit-pf~918113980,,Rome,"41,8982228","12,511003"
Badanti,theatre,2,http://www.teatrolisystrata.it/,,Rome,"41,8807","12,47394"
Badura Roma,fashion,2,http://www.badura.it/,,Rome,"41,9145757","12,4676332"
BAG studio,architectural_designer,2,http://www.bagstudio.org/,,Rome,"41,88953","12,52652"
Baldinini,fashion,2,https://www.baldinini-shop.com/,,Rome,"41,7181678","12,4447647"
Bambini in Emergenza,community_services_non_profits,2,http://www.bambiniinemergenza.org/,,Rome,"41,91871","12,47259"
Banca del Tempo  Roma Pigneto,community_services_non_profits,2,http://www.6inrete.org,,Rome,"41,8897967","12,5343596"
Banca del Tempo Donneinsieme- Roma IX Municipio,community_services_non_profits,2,http://www.bdtlazio.it/,,Rome,"41,8186863","12,477921"
Banca del Tempo Longhena,community_services_non_profits,2,Ingen webbplats,,Rome,"41,8687418","12,4101452"
Banco Alimentare del Lazio,community_services_non_profits,2,http://www.bancoalimentare.it/it/lazio,,Rome,"41,9162185","12,5585813"
Bandiera Blu,community_services_non_profits,2,http://www.bandierablu.org/,,Rome,"41,9202844","12,5051239"
BandinelliMoraschini associati,architectural_designer,2,http://www.bandinellimoraschiniassociati.it/,,Rome,"41,9239843","12,4425904"
Banna'i Studio,fashion,2,http://www.bannaistudio.com/,,Rome,"41,8840483","12,516441"
Baobab Experience,community_services_non_profits,2,http://baobabexperience.org/,,Rome,"41,897752","12,518245"
Baracca e Burattini,community_services_non_profits,2,Ingen webbplats,,Rome,"41,86291","12,54856"
Baraonda Latina,theatre,2,Ingen webbplats,,Rome,"41,89112","12,55017"
Barbara Cardone,architectural_designer,2,http://www.barbaracardonearchitect.com/,,Rome,"41,8382255","12,5148852"
Barbara De Sisti,architectural_designer,2,https://www.barbaradesisti.it/,,Rome,"41,8362915","12,462413"
Barnum Gianicolense,theatre,2,Ingen webbplats,,Rome,"41,8773234","12,4371263"
BArtist,community_services_non_profits,2,http://www.bartist.net/,,Rome,"41,88377","12,53397"
Bartocci Giammusso Architetti,architectural_designer,2,http://www.bomoriarchitetti.com/,,Rome,"41,91402","12,5038699"
Base Scout La Valletta,community_services_non_profits,2,http://www.basescoutlavalletta.it/,,Rome,"41,9935021","12,3731622"
Basta debiti usb,community_services_non_profits,2,http://bastadebiti.usb.it/,,Rome,"41,8629989","12,5547162"
Battarelli Group,architectural_designer,2,http://www.battarelligroup.it/,,Rome,"41,8588257","12,5614122"
Battesimo Roma,arts_and_entertainment,2,https://battesimoroma.it/,,Rome,"41,8159","12,5706"
Batti Il Tuo Tempo Evolution,community_services_non_profits,2,https://www.battiiltuotempo.it/,,Rome,"41,8560864","12,5802131"
BB1 Laboratorio Di Architettura & Design,architectural_designer,2,http://www.bb1arch.it/,,Rome,"41,9180672","12,523265"
BC Ingrosso Mercerie Roma,arts_and_crafts,2,http://www.bcmercerie.com/,,Rome,"41,8615448","12,4823479"
BC Progetti srl,architectural_designer,2,http://www.bcprogetti.com/,,Rome,"41,9371986","12,5176788"
Beernocchi Beer Festival,community_services_non_profits,2,http://riotalpa.altervista.org/,,Rome,"41,7899372","12,380936"
BeHuman,fashion,2,https://behumansrl.com/,,Rome,"41,91223","12,45513"
Belle Ciao,community_services_non_profits,2,Ingen webbplats,,Rome,"41,91096","12,49201"
Belli Lunghi,theatre,2,http://www.nuovoteatrosanpaolo.it/,,Rome,"41,8587778","12,4733735"
Bellissima MODA ROMA,fashion,2,Ingen webbplats,,Rome,"41,9091406","12,4572328"
Bellissima Store,fashion,2,Ingen webbplats,,Rome,"41,937118","12,5831366"
Benheart,fashion,2,Ingen webbplats,,Rome,"41,903614","12,480178"
Bertelli Pietro,architect,2,,,Rome,"41,88454056","12,53614998"
BEST WESTERN Plus Hotel Universo,venue_and_event_space,2,,,Rome,"41,9004536","12,4975823"
Betfaktor CTD Monteverde,arcade,2,Ingen webbplats,,Rome,"41,7243823","12,5028343"
Betuniq -Piazza Cola di Rienzo-,arcade,2,http://www4.betuniq.eu/,,Rome,"41,9063177","12,4677728"
Bevilacqua Architects,architectural_designer,2,http://www.bevilacquaarchitects.com/,,Rome,"41,8979667","12,4671425"
BeWater - Jeetkunedo Roma,community_services_non_profits,2,https://www.enpsa.com/sport/,,Rome,"41,7949104","12,4832096"
Bibliodiag,library,2,https://www.diag.uniroma1.it/biblio_diag/,,Rome,"41,8909319","12,5036726"
Biblioteca Campo Freudiano Italia,community_services_non_profits,2,http://www.bibliotecadelcampofreudiano.it/,,Rome,"41,89823","12,51442"
Biblioteca ICCD,library,2,Ingen webbplats,,Rome,"41,886415","12,474672"
Biblioteca Livio Maitan,community_services_non_profits,2,https://liviomaitan.wordpress.com/la-biblioteca-livio-maitan/,,Rome,"41,8679453","12,5739365"
Biblioteche Senza Frontiere Italia,community_services_non_profits,2,https://www.bibliotechesenzafrontiere.it/,,Rome,"41,88348","12,52561"
"Biglietti per Concerti, Teatro, Eventi Sportivi",theatre,2,https://bigliettiperconcertiteatroeventisportiviealtro.wordpress.com/,,Rome,"41,89938","12,43437"
Bike4City - Ciclo-mobilità e cultura a Roma,community_services_non_profits,2,http://www.bike4city.it/,,Rome,"41,9079602","12,5471452"
Bimbi & Co. ETS,community_services_non_profits,2,http://www.bimbieco.net/,,Rome,"41,8299166","12,4816942"
Bimbi e Bimbe,fashion,2,Ingen webbplats,,Rome,"41,9216548","12,5109438"
Binario 4,fashion,2,Ingen webbplats,,Rome,"41,8898694","12,53076"
Binario 95,community_services_non_profits,2,http://www.binario95.it/,,Rome,"41,8986034","12,5082246"
Bioedil Progetti,architectural_designer,2,http://www.bioedilprogetti.com/,,Rome,"41,9271905","12,4624817"
Biomercato in Certosa,community_services_non_profits,2,https://www.comitatocertosa.org/2021/01/18/assemblea-pubblica-al-giardino-liberato,,Rome,"41,8867463","12,5398716"
BiSi Lab,fashion,2,http://www.bisiconcept.com/,,Rome,"41,90914","12,47618"
BistroBand,community_services_non_profits,2,http://www.bistroband.it/,,Rome,"41,7372147","12,3842621"
Blankofive Sala Biliardi,community_services_non_profits,2,Ingen webbplats,,Rome,"41,8632643","12,6793721"
Blasi Legnami,arts_and_crafts,2,http://www.blasilegnami.com,,Rome,"41,8740906","12,4777101"
Blu Factory Store,fashion,2,https://www.blufactorystore.com/,,Rome,"41,889351","12,5303057"
Blue Dragon Saga,print_media,2,https://www.bluedragon.it/BDsaga,,Rome,"41,9148287","12,4996519"
BNI Garbatella  ,community_services_non_profits,2,https://bni-romasudovest.it/it/chapterdetail?chapterId=HYGhz0i%2FeVB9HOM4i%2FgV7A%3D%3D&name=BNI+BNI+Garbatella,,Rome,"41,8602242","12,4937923"
Bni Trust Tower,community_services_non_profits,2,https://bni-romasudovest.it/63-roma-sud-ovest--bni-sky-tower-/it/index,,Rome,"41,8222763","12,4748126"
Bobokoli Onlus,community_services_non_profits,2,https://bobokoli.org/,,Rome,"41,8224184","12,5059493"
Bomboniere Equo Solidali Roma,community_services_non_profits,2,http://latendadeipopoli.wixsite.com/latendadeipopoli/nozzetiche,,Rome,"41,7393964","12,2784602"
Book of Egypt,print_media,2,https://www.goodreads.com/shelf/show/egypt,,Rome,"41,8569081","12,4998585"
Bookted.it,print_media,2,https://bookted.it/,,Rome,"41,92431","12,4954"
Borghesiana Comitato Di Quartiere,community_services_non_profits,2,Ingen webbplats,,Rome,"41,8582089","12,6714593"
Borgo Architetti,architectural_designer,2,http://www.borgoarchitetti.it/,,Rome,"41,8832098","12,5004164"
Bottega Franchi,fashion,2,http://www.bottegafranchi.com/,,Rome,"41,9041338","12,4752271"
Bottega Italia by Gardini,fashion,2,Ingen webbplats,,Rome,"41,8984","12,48946"
Bottega10a,arts_and_crafts,2,http://www.bottega10a.it/,,Rome,"41,9080383","12,475619"
Bottegari,fashion,2,http://www.bottegari.design/,,Rome,"41,9070225","12,4640795"
Boutique dei Serpenti,fashion,2,http://www.boutiquedeiserpenti.it/,,Rome,"41,8955522","12,4903425"
Boxe Competition,community_services_non_profits,2,http://www.boxecompetition.com/,,Rome,"41,91329","12,57128"
Bozoo,fashion,2,http://bozoo.shop/,,Rome,"41,88665","12,45927"
Brain Factory - Architecture & Design,architectural_designer,2,http://www.brainfactory.it/,,Rome,"41,9067533","12,4453961"
Brainarch,architectural_designer,2,http://www.brainarch.it/progetti,,Rome,"41,9060312","12,472268"
Brand Poggi,arts_and_crafts,2,Ingen webbplats,,Rome,"41,9071401","12,4759073"
Brico New Acilia,arts_and_crafts,2,http://www.briconew.com/,,Rome,"41,7841555","12,3707896"
Brico Ok Legnopronto Roma,arts_and_crafts,2,https://www.bricook.it/punto-vendita.php?pv=brico-ok-roma-salaria,,Rome,"41,992975","12,515073"
Bricofer,arts_and_crafts,2,http://www.bricofer.it,,Rome,"41,9045955","12,6068908"
Bricofer Franchising,arts_and_crafts,2,http://www.bricofer.it/,,Rome,"41,8745956","12,5866136"
Bricomax Roma,arts_and_crafts,2,http://www.bricomaxroma.it/,,Rome,"41,8684435","12,4937425"
BricoSì,arts_and_crafts,2,http://www.bricosi.it/,,Rome,"41,8162494","12,3431056"
Brigata Garbatella Roma,community_services_non_profits,2,http://www.brigatagarbatella.org/,,Rome,"41,8525439","12,4928794"
Brigata Volontaria Svs Roma,community_services_non_profits,2,http://www.svsroma.net/,,Rome,"41,8981147","12,5384565"
Brre Architects,architectural_designer,2,http://www.brre.it,,Rome,"41,8983255","12,5157668"
Buca Della Serratura Di Roma,history_museum,2,Ingen webbplats,,Rome,"41,8827497","12,4787511"
Buccolini Organi,art_restoration,2,http://www.buccoliniorgani.it/,,Rome,"41,8922309","12,514155"
Build Progress Center,community_services_non_profits,2,Ingen webbplats,,Rome,"41,93281","12,58483"
BukRomance,print_media,2,http://www.bukromance.com/,,Rome,"41,8739","12,44197"
Burberry,designer_clothing,2,https://it.burberry.com/,,Rome,"41,903656","12,477924"
Butterfly Eden,community_services_non_profits,2,https://www.butterflyeden.it/,,Rome,"41,8914572","12,4633362"
Byzarticon,community_services_non_profits,2,https://byzarticon.org/,,Rome,"41,87234","12,47781"
C.M.Works / Falegnameria a Roma dal 1958,architectural_designer,2,http://www.ciemmeworks.com/,,Rome,"41,9505196","12,4913702"
C.R.E.T.A. Rome,community_services_non_profits,2,http://www.cretarome.com/,,Rome,"41,8939802","12,4795691"
C'è uno spazio per noi,community_services_non_profits,2,http://digilander.libero.it/ceunospaziopernoi,,Rome,"41,8735","12,46844"
C3 International,community_services_non_profits,2,http://www.c3international.it/,,Rome,"41,9255602","12,5081583"
C3mento progetti,architectural_designer,2,http://www.c3mento.it/,,Rome,"41,8698218","12,4662375"
CAD SOCIALE Regione Siciliana,community_services_non_profits,2,http://www.cadsociale.com/,,Rome,"41,7767321","12,4416653"
CAF ACLI,community_services_non_profits,2,http://www.acliromaservizi.it/,,Rome,"41,8693079","12,4872439"
CAF MONTE,community_center,2,https://cafmontespaccato.myportfolio.com/,,Rome,"41,8966356","12,3858189"
CAF Nazionale DEL Lavoro - CNDL,community_services_non_profits,2,https://spid.ml/simonamastronunzio,,Rome,"41,894681","12,499112"
CAF Patronato UNSIC Via Rocchetta 66,community_services_non_profits,2,http://www.unsic.it/,,Rome,"41,98107","12,56296"
CAI Roma,community_services_non_profits,2,http://www.cairoma.it/,,Rome,"41,877662","12,476712"
"Caio Giulio Cesare, le idi di marzo",history_museum,2,Ingen webbplats,,Rome,"41,8926768","12,4873132"
Calciosociale Italia,community_services_non_profits,2,https://www.calciosociale.it/contatti/,,Rome,"41,847862","12,4114583"
Caliga,fashion,2,https://lollimac.it/,,Rome,"41,905082","12,535809"
Calliope,fashion,2,https://www.calliope.style/,,Rome,"41,8170613","12,4596358"
"Calliope Onlus ""Pagina""",community_services_non_profits,2,http://www.calliopeonlus.it/,,Rome,"41,9139768","12,5786072"
Calzoleria Cruz,fashion,2,http://www.calzoleriacruz.com/,,Rome,"41,9080017","12,4459564"
Camera di Commercio del Messico in Italia,community_services_non_profits,2,Ingen webbplats,,Rome,"41,9133","12,50955"
Camera di Commercio Roma,auditorium,2,https://www.rm.camcom.it/,,Rome,"41,899837","12,479457"
Camera Europea Dell'Alta Sartoria,fashion,2,http://www.cedaseurope.com/,,Rome,"41,9075337","12,4953652"
Camillian Disaster Service International,community_services_non_profits,2,https://www.cadisinternational.org/home,,Rome,"41,9001663","12,4766446"
Cammino,community_services_non_profits,2,https://www.cammino.org/registrazione-2/,,Rome,"41,902905","12,506638"
Campetto da calcio,attractions_and_activities,2,Ingen webbplats,,Rome,"41,842551","12,484472"
Campi di Volontariato Internazionale YAP Italia,community_services_non_profits,2,http://www.yap.it/,,Rome,"41,856182","12,580173"
Campo Addestramento ANC Roma1,community_services_non_profits,2,http://www.ancroma1.it/,,Rome,"41,8651302","12,5403941"
Campo de Fiori Black-Orange,attractions_and_activities,2,Ingen webbplats,,Rome,"41,89478","12,47359"
Campo de' Fiori,attractions_and_activities,2,it.wikipedia.org/wiki/Campo_de'_Fiori,,Rome,"41,9079084","12,4684899"
Campo Sportivo Casalotti,attractions_and_activities,2,Ingen webbplats,,Rome,"41,9074702","12,3623479"
Campo Sportivo Monteverde,attractions_and_activities,2,Ingen webbplats,,Rome,"41,852971","12,443595"
Campo Sportivo Muratori,attractions_and_activities,2,Ingen webbplats,,Rome,"41,9578341","12,5292242"
Campoestivomusicale MusicAll,community_services_non_profits,2,http://www.musicall.it/campusmusicale2018/,,Rome,"41,95868","12,4854"
Canadian Chamber in Italy,community_services_non_profits,2,https://www.canadianchamber.it/,,Rome,"41,88771","12,5107199"
CANIsmarritietrovati pagina,community_services_non_profits,2,http://www.canismarritietrovati.it/,,Rome,"41,89518","12,50254"
Cappella Orsini Lab,community_services_non_profits,2,https://www.cappellaorsini.net/,,Rome,"41,895368","12,4734822"
Caput Mundi Accademia Musicale,community_services_non_profits,2,http://www.caputmundiaccademiamusicale.it/,,Rome,"41,9024812","12,4363302"
CAPUTO ARCHITETTO EMILIA CONSUELO - ROMA,architect,2,https://www.spaziovitale-fengshui.com/,,Rome,"41,97667","12,5283"
Cara Garbatella,community_services_non_profits,2,http://www.caragarbatella.it/,,Rome,"41,8638876","12,4861233"
Carabinieri,community_services_non_profits,2,http://www.carabinieri.it/,,Rome,"41,896727","12,481891"
Caracalla Atletica ASD,community_services_non_profits,2,http://www.caracallatletica.it/,,Rome,"41,8930779","12,5117148"
Caritas Italiana,community_services_non_profits,2,https://whatsapp.com/channel/0029VaGfQb3HgZWkJNxCIn1Z,,Rome,"41,889666","12,4074975"
Carla Positano Designs,fashion,2,http://www.carlapositano.com/,,Rome,"41,8535839","12,6510248"
Carlo Pianosi Architetto,architectural_designer,2,http://www.carlopianosi.com/,,Rome,"41,8964406","12,4927359"
Carma Centro d'Arti Multimediali,community_services_non_profits,2,http://asscarma.wix.com/carma,,Rome,"41,9433099","12,62738"
carrabetta&dipalma,architectural_designer,2,http://www.carrabettadipalma.com/,,Rome,"41,8813832","12,4996925"
Carrozzerie_n.o.t,theatre,2,http://www.carrozzerienot.com/,,Rome,"41,8740668","12,4693479"
Carta Giovani,community_services_non_profits,2,http://www.cartagiovani.it/,,Rome,"41,9038142","12,4921364"
Caruso Giovanni Tavoli da Disegno,arts_and_crafts,2,https://www.tavolidadisegno.com/,,Rome,"41,9313619","12,4214543"
Casa Africa ODV,community_services_non_profits,2,http://www.casaafrica.it/,,Rome,"41,9051844","12,4861781"
Casa Balthasar,community_services_non_profits,2,http://www.casabalthasar.org/,,Rome,"41,9255677","12,5226595"
Casa degli Amici -Trastevere,community_services_non_profits,2,https://www.santegidio.org/pageID/30120/langID/it/ARTE-E-DISABILIT%C3%80.html,,Rome,"41,89368","12,4729"
Casa dei Diritti Sociali,community_services_non_profits,2,http://www.dirittisociali.org/,,Rome,"41,8953158","12,5047455"
Casa del Popolo - Val Melaina Roma,community_services_non_profits,2,Ingen webbplats,,Rome,"41,948009","12,52765"
Casa della Mamma - Associazione Onlus,community_services_non_profits,2,http://www.casadellamamma.org/,,Rome,"41,910511","12,516018"
Casa delle arti e del gioco - Cemea del Mezzogiorno,community_services_non_profits,2,http://www.cemeadelmezzogiorno.it/,,Rome,"41,8826714","12,5445299"
Casa dello Choro - Italia,community_services_non_profits,2,https://casadellochoro.it/,,Rome,"41,902277","12,4914551"
Casa di Riposo delle Suore Dominicane. San Giovanni Masias,community_services_non_profits,2,http://www.icdominicas.org/,,Rome,"41,9878773","12,3903323"
Casa Famiglia L'Albero,community_services_non_profits,2,http://www.casafamigliasimpatia.it/,,Rome,"41,88083","12,5162713"
Casa Famiglia SIMPATIA,community_services_non_profits,2,https://www.casafamigliasimpatia.it/,,Rome,"41,8546033","12,5528595"
Casa Madre Teresa di Calcutta  Roma ,community_services_non_profits,2,https://www.mcfathers.org/,,Rome,"41,8631466","12,5432709"
Casa Ronald Roma Bellosguardo,community_services_non_profits,2,http://www.fondazioneronald.org/,,Rome,"41,8832454","12,4057712"
Casa S. Anna onlus,community_services_non_profits,2,http://www.casarifugiosantanna.it/,,Rome,"41,8919286","12,6232678"
Casa Scalabrini 634,community_services_non_profits,2,http://www.scalabrini634.it/,,Rome,"41,8767852","12,5513809"
Casa Umanista,community_services_non_profits,2,Ingen webbplats,,Rome,"41,8974061","12,5130755"
Casale Alba Due,community_services_non_profits,2,http://www.casalealba2.org/,,Rome,"41,9333186","12,5630663"
Casale De Merode Occupato,community_services_non_profits,2,http://www.coordinamento.info/,,Rome,"41,857714","12,5042369"
Casale dei Balocchi,community_services_non_profits,2,Ingen webbplats,,Rome,"41,8726996","12,4157102"
Casale Garibaldi - common at work,theatre,2,https://www.casalegaribaldi.it/,,Rome,"41,8824117","12,5559916"
Case Imperium,community_services_non_profits,2,http://milviviendas.net/,,Rome,"41,94377","12,5282"
Casiguran Global Family,community_services_non_profits,2,Ingen webbplats,,Rome,"41,7672806","12,3343945"
Casotto Monte Ciocci,community_services_non_profits,2,Ingen webbplats,,Rome,"41,908404","12,4425155"
CASPeL,community_services_non_profits,2,Ingen webbplats,,Rome,"41,9167527","12,4215976"
Cassa Geometri,community_services_non_profits,2,http://www.cassageometri.it/,,Rome,"41,9107491","12,4732685"
Cassiavass Società Cooperativa Sociale Onlus,community_services_non_profits,2,http://www.cassiavass.it/,,Rome,"41,9784464","12,4096924"
Castel Sant' Angelo - Mausoleo Di Adriano,arts_and_entertainment,2,Ingen webbplats,,Rome,"41,900721","12,4725379"
Castello della Cecchignola,community_services_non_profits,2,http://www.castellodellacecchignola.it/,,Rome,"41,8148349","12,5061154"
Castellum ass. cult.,community_services_non_profits,2,http://www.castellum.it/,,Rome,"41,8903169","12,5030482"
Castrum Roma,arts_and_entertainment,2,http://www.castrumroma.it/,,Rome,"41,7573626","12,4385816"
Cat Eye Syndrome International onlus,community_services_non_profits,2,http://cateyesyndrome.info/,,Rome,"41,9293453","12,5658873"
Catacombe Romane,arts_and_entertainment,2,Ingen webbplats,,Rome,"41,8589672","12,5106523"
Catch’n serve ball Italy,community_services_non_profits,2,http://www.aics.it/,,Rome,"41,9045747","12,4920382"
Catimini Italia,fashion,2,Ingen webbplats,,Rome,"41,9045331","12,4838184"
Cav Roma Ostia,community_services_non_profits,2,Ingen webbplats,,Rome,"41,7295534","12,2970057"
CAV Roma Talenti,community_services_non_profits,2,http://www.cavromatalenti.it/contatti/,,Rome,"41,9474699","12,5447633"
Cav Roma Tiburtino onlus,community_services_non_profits,2,http://www.cavromatiburtino.it/,,Rome,"41,9048313","12,5401006"
Cavalleria Roma ANAC,community_services_non_profits,2,http://www.cavalleriaroma.it/,,Rome,"41,9119","12,46316"
CCI - Confindustria Cultura Italia,community_services_non_profits,2,https://mappadeicontenuti.it/,,Rome,"41,8357176","12,4636259"
Cco - Crisi Come Opportunita',community_services_non_profits,2,https://www.crisi-opportunita.org/,,Rome,"41,9007398","12,4688421"
CCP-Onlus Roma,community_services_non_profits,2,http://www.praxislacaniana.it/CCP/,,Rome,"41,8920278","12,4747038"
CDCA - Centro Documentazione Conflitti Ambientali,community_services_non_profits,2,http://www.cdca.it/,,Rome,"41,8895218","12,5265071"
CDKL5-Insieme verso la cura,community_services_non_profits,2,http://www.cdkl5insiemeversolacura.it/,,Rome,"41,917217","12,4500218"
CDO Roma e Lazio,community_services_non_profits,2,http://www.cdoromaelazio.it/,,Rome,"41,835287","12,501114"
Cdq Catt Colle degli Abeti,community_services_non_profits,2,http://colledegliabeticatt.altervista.org/,,Rome,"41,9096388","12,670592"
CdQ Giardini dell'Aniene,community_services_non_profits,2,https://linktr.ee/cdqgiardinidellaniene,,Rome,"41,936369","12,545433"
CdQ Grotta Perfetta,community_services_non_profits,2,http://www.cdqgrottaperfetta.it/,,Rome,"41,8322954","12,5153321"
CdQ Infernetto,community_services_non_profits,2,http://www.cdqinfernetto.it/,,Rome,"41,7370587","12,3587881"
CdQ Tor di Mezzavia,community_services_non_profits,2,https://cdqtdm.altervista.org/,,Rome,"41,8326149","12,5996876"
CeIS don Mario Picchi,community_services_non_profits,2,http://www.ceis.it/,,Rome,"41,8495789","12,4905324"
Celio (rione of Rome),arts_and_entertainment,2,Ingen webbplats,,Rome,"41,8879382","12,494661"
Cemea del Mezzogiorno - Mobilità Internazionale,community_services_non_profits,2,http://www.cemea.eu/,,Rome,"41,8900256","12,5282344"
Cemea Lazio,community_services_non_profits,2,http://www.cemealazio.it/,,Rome,"41,8729467","12,4514131"
Cento Mondi Associazione di Promozione Sociale,community_services_non_profits,2,http://www.centomondi.net/,,Rome,"41,92898","12,44601"
Central do Brasil Roma,arts_and_entertainment,2,Ingen webbplats,,Rome,"41,87637","12,4762"
Centrale Di Risposta Nazionale Croce Rossa,community_services_non_profits,2,Ingen webbplats,,Rome,"41,86398","12,45015"
"Centro "" Il giardino delle ortensie """,community_services_non_profits,2,http://centroortensie.simplesite.com/,,Rome,"41,92645","12,51061"
Centro Accoglienza Minori Borgo Don Bosco,community_services_non_profits,2,http://borgodonbosco.it/centro-accoglienza-minori/,,Rome,"41,8944625","12,5671129"
Centro Accoglienza Santa Giacinta a Ponte Casilino,community_services_non_profits,2,Ingen webbplats,,Rome,"41,8878613","12,5227127"
Centro Agape Roma,community_services_non_profits,2,http://www.centroagaperoma.org/,,Rome,"41,8877989","12,5055361"
Centro Alfredo Rampi Onlus,community_services_non_profits,2,http://www.centrorampi.it/,,Rome,"41,878867","12,5093175"
Centro Antiviolenza Donna LISA,community_services_non_profits,2,http://www.centrodonnalisa.it/,,Rome,"41,9659812","12,5317142"
Centro Antiviolenza Per Donne Che Non Vogliono Più Subire Violenza,community_services_non_profits,2,Ingen webbplats,,Rome,"41,8821781","12,4568139"
Centro Anziani Colle Oppio,community_services_non_profits,2,https://www.aiutoanziani.it/,,Rome,"41,8918678","12,492481"
Centro Anziani Filippo Meda,community_services_non_profits,2,Ingen webbplats,,Rome,"41,9133895","12,5443948"
Centro Anziani Testaccio,community_services_non_profits,2,Ingen webbplats,,Rome,"41,87641","12,4734"
Centro Anziani Villa Torlonia,community_services_non_profits,2,Ingen webbplats,,Rome,"41,9135642","12,509648"
Centro ARPEC,community_services_non_profits,2,http://www.centroarpec.it/,,Rome,"41,8664876","12,5312335"
Centro Assistenza per Bambini Sordi e Sordociechi Onlus,community_services_non_profits,2,http://www.cabss.org/,,Rome,"41,9134073","12,5076155"
Centro Astalli,community_services_non_profits,2,http://www.centroastalli.it/,,Rome,"41,899209","12,480565"
"Centro Buddhista Tibetano ""Giamzè di Roma""",community_services_non_profits,2,https://giamze.it/,,Rome,"41,8746117","12,4641315"
Centro Comunitario Ostia,community_center,2,Ingen webbplats,,Rome,"41,738864","12,2705723"
Centro Congressi Auditorium della Tecnica,auditorium,2,http://centrocongressi.confindustria.it/,,Rome,"41,8360561","12,463679"
Centro Cornici Anna Testa,arts_and_crafts,2,Ingen webbplats,,Rome,"41,8612018","12,5600775"
Centro Cristiano Internazionale - Roma Spinaceto,community_center,2,http://centrocristianospinaceto.blogspot.it/,,Rome,"41,7794402","12,442078"
Centro Culturale Agostiniano,community_services_non_profits,2,http://www.centroculturaleagostiniano.it/,,Rome,"41,9009189","12,4748335"
"Centro d'ascolto ""In Dialogo"" - Ostia Lido",community_services_non_profits,2,Ingen webbplats,,Rome,"41,7346087","12,2739553"
Centro Di Assistenza Tecnica Unione Di Roma Confcommercio Srl,community_services_non_profits,2,Ingen webbplats,,Rome,"41,9068378","12,4614355"
Centro di Cultura Popolare del Tufello,community_services_non_profits,2,http://www.ccptufello.org,,Rome,"41,9499366","12,5352916"
Centro di ricerche economiche e sociali,community_services_non_profits,2,http://www.ce-res.org/,,Rome,"41,9338637","12,5300158"
Centro Diurno Argento Vivo Magliana Solidale,community_services_non_profits,2,http://www.maglianasolidale.it/,,Rome,"41,83461","12,42481"
Centro Diurno AttivaMente,community_services_non_profits,2,http://www.meta.coop/,,Rome,"41,86267","12,53973"
Centro Donna Artemisia,community_services_non_profits,2,Ingen webbplats,,Rome,"42,003256","12,4812084"
Centro Estetico Divina Tre,community_services_non_profits,2,Ingen webbplats,,Rome,"41,7350267","12,2763746"
Centro estivo AcCipicchia,community_services_non_profits,2,http://www.associazionehoppipolla.it/,,Rome,"41,88384","12,57533"
Centro Estivo Atletico Grifone,arts_and_entertainment,2,http://www.centriestivikidsandfun.it/,,Rome,"41,9046","12,41056"
Centro Estivo Aurelio,arts_and_entertainment,2,http://www.ready4fun.it/,,Rome,"41,9105658","12,4108639"
Centro Estivo Colortree,arts_and_entertainment,2,Ingen webbplats,,Rome,"41,8752","12,43574"
Centro Estivo Estate Serena,community_services_non_profits,2,Ingen webbplats,,Rome,"41,86037","12,41925"
Centro Giovani - Municipio Roma I Centro,community_center,2,Ingen webbplats,,Rome,"41,8941367","12,4652527"
Centro Giovanile Scalabrini,community_center,2,Ingen webbplats,,Rome,"41,94664","12,52858"
Centro Habitat Mediterraneo LIPU Ostia,community_services_non_profits,2,http://www.lipu.it/centro-habitat-mediterraneo-ostia,,Rome,"41,7385513","12,2510147"
Centro Il Fenicottero,community_services_non_profits,2,http://ilfenicottero1.blogspot.com/,,Rome,"42,015712","12,37649"
Centro Interculturale Scholè,community_services_non_profits,2,Ingen webbplats,,Rome,"41,87052","12,52298"
Centro Internazionale Crocevia,community_services_non_profits,2,http://www.croceviaterra.it/,,Rome,"41,8695166","12,4883309"
Centro Islamico Culturale D'Italia,cultural_center,2,http://www.moscheadiroma.org,,Rome,"41,935414","12,495977"
Centro Italiano Di Solidarieta',community_services_non_profits,2,http://www.ceis.it,,Rome,"41,8193806","12,5680121"
Centro Munting Tahanan,community_services_non_profits,2,http://www.cfmwitalia.org/,,Rome,"41,9005043","12,4333584"
Centro Nascita Montessori,community_services_non_profits,2,http://www.centronascitamontessori.it/,,Rome,"41,8308877","12,5809658"
Centro Nazionale Sportivo Libertas,community_services_non_profits,2,https://www.libertasnazionale.it/cerimonia-medaglie-doro-libertas-2024/,,Rome,"41,913632","12,4946944"
Centro NEMO Roma,community_services_non_profits,2,https://centrocliniconemo.it/,,Rome,"41,930431","12,4292089"
Centro Olistico e Culturale Armonia di Luci,community_services_non_profits,2,http://www.armoniadiluci.it/index.html,,Rome,"41,7366056","12,2901064"
Centro Operativo Morena 8,community_services_non_profits,2,https://www.protezionecivilemorena8.com/,,Rome,"41,8138062","12,609229"
Centro per il libro e la lettura,community_services_non_profits,2,https://www.cepell.it/,,Rome,"41,9140411","12,4726496"
Centro per l'Autonomia,community_services_non_profits,2,http://www.centroperlautonomia.it/,,Rome,"41,8545515","12,5011331"
Centro per la Famiglia Roma III,community_services_non_profits,2,http://www.centroperlafamigliaroma3.it/,,Rome,"41,9602626","12,5328734"
Centro per la Lotta contro l'Infarto,community_services_non_profits,2,http://www.centrolottainfarto.org/dona-ora,,Rome,"41,8848207","12,5118468"
Centro per la Vita Ostia ONLUS,community_services_non_profits,2,http://www.centroperlavita.it/,,Rome,"41,736507","12,2723"
Centro per le Famiglie Sipea,community_services_non_profits,2,https://www.centrofamigliesipea.info/,,Rome,"41,9127764","12,5211397"
Centro per un Futuro Sostenibile,community_services_non_profits,2,http://www.futurosostenibile.org/,,Rome,"41,9064278","12,4679497"
Centro Popolare San Basilio,community_services_non_profits,2,Ingen webbplats,,Rome,"41,9389616","12,5911925"
Centro Psico-Sociale e Consulenziale,community_services_non_profits,2,http://www.observo-onlus.org/,,Rome,"41,7403584","12,2610243"
Centro Psicosintesi Roma,community_services_non_profits,2,http://www.psicosintesi.it/centri/roma,,Rome,"41,9250272","12,4845495"
Centro Ragazzi Roma Sud,community_services_non_profits,2,http://www.centroragazzi.org/,,Rome,"41,83305","12,55928"
Centro Riforma Stato,community_services_non_profits,2,http://www.centroriformastato.it/,,Rome,"41,8988","12,47534"
Centro Scout Roma 60,community_services_non_profits,2,http://www.roma60.it/,,Rome,"41,7804","12,44262"
Centro Servizi Interdisciplinare ASP,community_services_non_profits,2,http://www.csinonlus.org/,,Rome,"41,93286","12,55333"
Centro Sociale Macchia Rossa Magliana,community_services_non_profits,2,Ingen webbplats,,Rome,"41,8456721","12,461764"
Centro Sportivo AS Roman,arts_and_entertainment,2,Ingen webbplats,,Rome,"41,9130017","12,534601"
Centro Studi   TRE Fontane,community_services_non_profits,2,https://therapeuticamente.blogspot.it/,,Rome,"41,845484","12,4808807"
Centro Studi d'Europa,community_services_non_profits,2,http://www.europacentrostudi.org/,,Rome,"41,9071984","12,5164222"
Centro Studi Fondo Sammlung Bettoni Pojaghi,cultural_center,2,http://centrostudiatesini.wordpress.com/,,Rome,"41,91227","12,50881"
Centro Studi Giorgio Muratore,community_services_non_profits,2,http://archiwatch.it/,,Rome,"41,9138439","12,4963531"
Centro Studi Il Lavoro Continua,community_services_non_profits,2,https://illavorocontinua.it/,,Rome,"41,9066457","12,4875514"
Centro Studi Mafai Raphaël,community_services_non_profits,2,http://www.raphaelmafai.org/,,Rome,"41,87999","12,4495"
Centro Studi UTR,community_services_non_profits,2,http://www.utronlus.com/,,Rome,"41,90937","12,45722"
Centro Turistico Giovanile,community_services_non_profits,2,http://www.ctg.it/,,Rome,"41,8970041","12,4778731"
Centro Vernici DR,art_restoration,2,http://www.centrovernici.it/,,Rome,"41,7545177","12,3082255"
Centro Zhineng Qigong Roma e online,community_services_non_profits,2,http://www.dalvuotocentrale.blogspot.it/,,Rome,"41,88333","12,5062"
Centroservizimlg,community_center,2,https://centro-servizi-mlg.webador.it/,,Rome,"41,9838884","12,5128648"
CentroZeta ODV,community_services_non_profits,2,http://www.centrozeta.it/,,Rome,"41,76515","12,33731"
Cers Onlus Centro Ricerche Studi - Adotta un Angelo,community_services_non_profits,2,https://www.adottaunangelo.it/,,Rome,"41,9045044","12,4683989"
Certificazione Energetica .it,architectural_designer,2,https://www.certificazione-energetica.it/,,Rome,"41,8621525","12,5671094"
CESC Project,community_services_non_profits,2,http://www.cescproject.org/,,Rome,"41,868995","12,5981421"
Cesfor Roma,community_services_non_profits,2,http://www.cesfor.net/,,Rome,"41,8696518","12,5337696"
Cesnaf - Centro Studi Nazareth Alta Formazione,community_services_non_profits,2,http://www.cesnaf.org/,,Rome,"41,9064818","12,450058"
CESP Centro Sandro Pertini,community_services_non_profits,2,http://www.centrosandropertini.it/,,Rome,"41,8953545","12,4892608"
CeSPI,community_services_non_profits,2,http://www.cespi.it/,,Rome,"41,89637","12,4828"
"Cespis - Centro Studi Prevenzione, Investigazione e Sicurezza",community_services_non_profits,2,http://www.cespis.it/,,Rome,"41,9023374","12,486591"
CEU Centro di Ecologia Umana,community_services_non_profits,2,http://www.ecologiaumana.org/,,Rome,"41,8106478","12,4425978"
Cfmw-Italia,community_services_non_profits,2,http://www.cfmwitalia.org/,,Rome,"41,9005002","12,4333758"
Cgil Civitavecchia Roma Nord Viterbo,community_services_non_profits,2,http://www.flcgilromaelazio.it/,,Rome,"41,8981299","12,4274582"
CGIL Confederazione Generale Italiana del Lavoro,community_services_non_profits,2,http://www.cgil.it/,,Rome,"41,91096","12,49366"
Cgil Rieti Roma Est Valle dell'Aniene,community_services_non_profits,2,http://www.cgilrietiromaeva.it/,,Rome,"41,90061","12,50909"
Cgil Rieti Roma Est Valle dell'Aniene,community_services_non_profits,2,Ingen webbplats,,Rome,"41,897953","12,5185668"
Cgil Rieti Roma Est Valle dell'Aniene,community_services_non_profits,2,http://www.cgilrietiromaeva.it/,,Rome,"41,91173","12,52126"
Cgil Rieti Roma Est Valle dell'Aniene,community_services_non_profits,2,http://www.cgilrietiromaeva.it/,,Rome,"41,8922587","12,5482886"
Cgil Rieti Roma Est Valle dell'Aniene,community_services_non_profits,2,http://www.cgilrietiromaeva.it/,,Rome,"41,9052262","12,5519403"
Cgil Rieti Roma Est Valle dell'Aniene,community_services_non_profits,2,http://www.cgilrietiromaeva.it/,,Rome,"41,8861871","12,5677195"
Cgil Rieti Roma Est Valle dell'Aniene,community_services_non_profits,2,http://www.cgilrietiromaeva.it/,,Rome,"41,8726293","12,6322161"
Cgil Rieti Roma Est Valle dell'Aniene,community_services_non_profits,2,http://www.cgilrietiromaeva.it/,,Rome,"41,8686801","12,6450208"
Cgil Rieti Roma Est Valle dell'Aniene,community_services_non_profits,2,http://www.cgilrietiromaeva.it/,,Rome,"41,9246974","12,516573"
Cgil Rieti Roma Est Valle dell'Aniene,community_services_non_profits,2,http://www.cgilrietiromaeva.it/,,Rome,"41,9247744","12,5734103"
Cgil Rieti Roma Est Valle dell'Aniene,community_services_non_profits,2,http://www.cgilrietiromaeva.it/,,Rome,"41,931635","12,578465"
Cgil Rieti Roma Est Valle dell'Aniene,community_services_non_profits,2,http://www.cgilrietiromaeva.it/,,Rome,"41,8599341","12,6861854"
"Chabad Piazza Bologna, Rome",community_services_non_profits,2,http://www.chabadpbrome.com/,,Rome,"41,915239","12,5166726"
Checkpoint Plus Roma,community_services_non_profits,2,https://www.plusroma.it/checkpoint/prenota/,,Rome,"41,8852457","12,5142491"
Chelsea Renal Health Onlus,community_services_non_profits,2,http://www.youtube.com/user/ChelseaRenalHealth,,Rome,"41,919589","12,6682467"
Chi Più Ne ART,community_services_non_profits,2,http://www.chipiuneart.it/,,Rome,"41,8335853","12,5077531"
Chiara Giunta Architetto,architectural_designer,2,http://www.chiaragiunta.com/,,Rome,"41,8796245","12,4772213"
Children and Family Coaching Onlus,community_services_non_profits,2,http://www.childrenandfamilycoaching.com/,,Rome,"41,9187519","12,4724618"
Chiostro Michelangiolesco - Terme Di Diocleziano,arts_and_entertainment,2,Ingen webbplats,,Rome,"41,9044643","12,4985718"
Chupa Roma,cultural_center,2,Ingen webbplats,,Rome,"41,9240727","12,5705284"
Chvl Architetti Associati,architectural_designer,2,https://chvl.it/it/,,Rome,"41,8985368","12,473429"
Cia Agricoltori Italiani - Regionale del Lazio,community_services_non_profits,2,https://www.cialazio.it/,,Rome,"41,9124887","12,5723603"
CIAO LAB,community_services_non_profits,2,http://ciaolab.it/,,Rome,"41,8888019","12,5879654"
Cibo a costo zero,community_services_non_profits,2,http://www.ciboacostozero.it/,,Rome,"41,90054","12,56298"
Ciclabile Tevere Roma Sud,attractions_and_activities,2,Ingen webbplats,,Rome,"41,8083842","12,419592"
Ciclofficina Popolare Don Chisciotte - Pigneto,community_services_non_profits,2,https://ciclodonchisciotte.noblogs.org,,Rome,"41,892671","12,537048"
Cicubo Architetti,architectural_designer,2,http://www.cicuboarchitetti.com/,,Rome,"41,7260865","12,2919281"
Cida,community_services_non_profits,2,http://www.cida.it/contatti/,,Rome,"41,90433","12,49101"
Cies Onlus,community_services_non_profits,2,https://www.cies.it/sostienici/,,Rome,"41,8916376","12,5019142"
CIF Nazionale,community_services_non_profits,2,http://www.cifnazionale.it/,,Rome,"41,895528","12,432539"
CIFE - Centro Italiano di Formazione Europea,community_services_non_profits,2,http://www.corsicef.it/,,Rome,"41,89895","12,47569"
CIM Confederazione Italiani nel Mondo,community_services_non_profits,2,http://www.cimconfederazione.it/,,Rome,"41,9095094","12,5216735"
Cimitero Militare Francese,arts_and_entertainment,2,Ingen webbplats,,Rome,"41,9418128","12,4526344"
Cina In Italia,cultural_center,2,http://www.cinainitalia.com/,,Rome,"41,8953855","12,5141327"
Cine Village Talenti,arts_and_entertainment,2,Ingen webbplats,,Rome,"41,950032","12,556409"
Cinecircoli Giovanili Socioculturali,community_services_non_profits,2,http://www.cgsweb.it/,,Rome,"41,8755654","12,5305199"
Cinewood,attractions_and_activities,2,Ingen webbplats,,Rome,"41,8465881","12,5747347"
CIOFS Scuola FMA ETS,community_services_non_profits,2,http://www.ciofs-scuola.org/,,Rome,"41,8801663","12,4842188"
CIPA - Scuola di Counseling Integrato per la Professione d'Aiuto,community_services_non_profits,2,https://www.cipacounseling.eu/,,Rome,"41,8567949","12,6329683"
CIPM Lazio APS,community_services_non_profits,2,http://www.cipmlazio.it/,,Rome,"41,8784325","12,476735"
CIR,community_services_non_profits,2,http://www.cir-onlus.org/,,Rome,"41,88919","12,48294"
Circolo Arci Pietralata,community_services_non_profits,2,Ingen webbplats,,Rome,"41,917569","12,5526221"
Circolo Culturale e Sociale Zamorani ,community_services_non_profits,2,Ingen webbplats,,Rome,"41,91105","12,54433"
Circolo Culturale Sardo Quattro Mori Ostia Lido,community_services_non_profits,2,http://www.circoloquattromori.it/,,Rome,"41,739925","12,2818309"
Circolo Culturale Valle Melaina 68,community_services_non_profits,2,Ingen webbplats,,Rome,"41,94962","12,5264"
Circolo dei viaggiatori,cultural_center,2,Ingen webbplats,,Rome,"41,92435","12,48638"
Circolo della Stampa di Ostia,community_services_non_profits,2,Ingen webbplats,,Rome,"41,77638","12,30861"
Circolo di Cultura Omosessuale Mario Mieli,community_services_non_profits,2,http://www.mariomieli.net/,,Rome,"41,8544072","12,4766214"
Circolo GAP,cultural_center,2,http://portale.arci.it/preadesione/gap-aps/,,Rome,"41,8950745","12,5129964"
Circolo Gianni Bosio,community_services_non_profits,2,http://www.circologiannibosio.it/,,Rome,"41,8941597","12,4636167"
Circolo Iplac,community_services_non_profits,2,http://www.circoloiplac.com/,,Rome,"41,90162","12,4913"
Circolo ippico Il Ranch -Montesacro-Roma,community_services_non_profits,2,http://www.circoloippicoilranch.it/,,Rome,"41,94358","12,52867"
Circolo Montecitorio,arts_and_entertainment,2,http://www.circolomontecitorio.it/,,Rome,"41,9334915","12,4882944"
Circolo Nuove Frontiere,community_services_non_profits,2,http://circolonuovefrontiere.blogspot.com/,,Rome,"41,92577","12,48644"
Circolo Palmiro Togliatti,community_services_non_profits,2,https://g.co/kgs/eaHtidB,,Rome,"41,8583465","12,571204"
Circolo Pd Laurentino,community_services_non_profits,2,Ingen webbplats,,Rome,"41,8131198","12,4843003"
Circolo Primavera,community_services_non_profits,2,Ingen webbplats,,Rome,"41,8879132","12,5598227"
Circolo S.Pietro,community_services_non_profits,2,http://www.circolosanpietro.org/,,Rome,"41,8881586","12,4699795"
Circolo Trionfale Lazio,community_services_non_profits,2,Ingen webbplats,,Rome,"41,9384466","12,4241536"
Circuito Danza Lazio,community_services_non_profits,2,http://danzalaziocdl.blogspot.it/,,Rome,"41,9132562","12,4560892"
Circuito Marconi,cultural_center,2,http://www.label201.com/,,Rome,"41,8714623","12,4657702"
Ciro il Grande,attractions_and_activities,2,http://www.atac-roma.it/,,Rome,"41,8361816","12,4696021"
CISL Fp Inps Dg - Federico Cenci,community_services_non_profits,2,https://whatsapp.com/channel/0029VaCzl2bJuyA6aYcrfI0E,,Rome,"41,8360713","12,4709475"
CISL FP MiC,community_services_non_profits,2,https://mic.cislfp.it/,,Rome,"41,8987483","12,480686"
CISOM Corpo Italiano di Soccorso dell'Ordine di Malta,community_services_non_profits,2,http://www.cisom.org/,,Rome,"41,8948185","12,4867949"
CISP Sviluppo dei Popoli,community_services_non_profits,2,http://www.cisp.ngo/,,Rome,"41,909108","12,462937"
Citi Vatican,arts_and_entertainment,2,Ingen webbplats,,Rome,"41,9038444","12,4630966"
Cittadinanzattiva APS,community_services_non_profits,2,https://www.cittadinanzattiva.it/,,Rome,"41,8792612","12,5109865"
Cittadinanzattiva Lazio,community_services_non_profits,2,https://segnalazionilazio.cittadinanzattiva.it/,,Rome,"41,89008","12,50422"
Cittalia,community_services_non_profits,2,http://www.cittalia.it/,,Rome,"41,9008953","12,4923144"
Civici Pompieri Volontari,community_services_non_profits,2,http://cpvroma.it/,,Rome,"41,945046","12,5358997"
CivicoZero Onlus,community_services_non_profits,2,https://civicozero.eu/,,Rome,"41,8935922","12,5150045"
CIVITA,arts_and_entertainment,2,https://www.civita.art/,,Rome,"41,896157","12,48318"
Civitella Creazioni Marmi Srl,art_restoration,2,http://www.civitellamarmi.it/,,Rome,"41,9393402","12,4827598"
CLACstudio,architectural_designer,2,http://www.clacstudio.it/,,Rome,"41,8876552","12,4678311"
Class Action Nazionale dell'Edilizia,community_services_non_profits,2,http://www.classactionnazionaleedilizia.it/,,Rome,"41,9554711","12,5468389"
Clelia Factory,fashion,2,http://www.cleliafactory.it/,,Rome,"41,8744249","12,5261812"
Clementini Del Favero architetti,architectural_designer,2,http://www.clementinidelfavero.it/,,Rome,"41,9102612","12,4993514"
Clointeriors di Claudio Corsetti,architectural_designer,2,http://www.clointeriors.it/,,Rome,"41,88129","12,4997"
Club Del Peperoncino,community_services_non_profits,2,Ingen webbplats,,Rome,"41,907812","12,45445"
Club di Territorio di Roma - Touring Club Italiano,community_services_non_profits,2,https://www.touringclub.it/voci-del-territorio/lazio/roma,,Rome,"41,8972","12,48343"
Club Dipendenti della Sapienza,cultural_center,2,http://www.clubdipendentisapienza.com/,,Rome,"41,9040657","12,5109386"
Club lecture de l'Institut français,community_services_non_profits,2,http://www.volf.fr/club-lecture/,,Rome,"41,9000477","12,4749318"
Club Magico Di Roma,community_services_non_profits,2,http://www.clubmagico.it/,,Rome,"41,9115941","12,5460712"
Club Magico Fernando Riccardi,community_services_non_profits,2,http://www.clubmagicofernandoriccardi.it/,,Rome,"41,8865137","12,5171496"
Club Primavera,arts_and_entertainment,2,Ingen webbplats,,Rome,"41,8840369","12,5611465"
ClubCulture,arts_and_entertainment,2,http://clubculture.it/,,Rome,"41,825416","12,472941"
ClubHouse,community_services_non_profits,2,Ingen webbplats,,Rome,"41,9052679","12,4901765"
CMAS-World Underwater Federation,community_services_non_profits,2,http://cmas.org/,,Rome,"41,9309258","12,469235"
CNA Roma Young Talents,fashion,2,https://www.cnaromayoungtalents.com/,,Rome,"41,85731","12,49559"
CNAC - Centro Nazionale Anti-Cyberbullismo,community_services_non_profits,2,http://www.anticyberbullismo.it/,,Rome,"41,90097","12,4692784"
CNAI - Consociazione Nazionale Infermiere/i,community_services_non_profits,2,http://www.cnai.pro/,,Rome,"41,917665","12,50201"
CNEC,community_services_non_profits,2,http://www.cnec.it/,,Rome,"41,89898","12,43455"
Cnpr,community_services_non_profits,2,Ingen webbplats,,Rome,"41,9125062","12,4927205"
Co.n.n.a. Coordinamento Nazionale Nuove Antenne,community_services_non_profits,2,http://www.conna.it/,,Rome,"41,92336","12,44131"
CO.S.A Coop Soc ARL ONLUS,community_services_non_profits,2,http://www.cosambiente.it/,,Rome,"41,895733","12,681052"
COCID Onlus,community_services_non_profits,2,https://www.cocid.it/,,Rome,"41,7347832","12,2890557"
Cocis Onlus,community_services_non_profits,2,http://www.cocis.it/,,Rome,"41,8962664","12,49969"
Codacons,community_services_non_profits,2,http://www.codacons.it/,,Rome,"41,9152062","12,462428"
Codere Gaming Hall Re,arts_and_entertainment,2,Ingen webbplats,,Rome,"41,8810061","12,5126449"
Codici Associazione Consumatori,community_services_non_profits,2,http://www.codici.org/,,Rome,"41,8658517","12,4610891"
COES onlus,community_services_non_profits,2,http://www.coesonlus.it/,,Rome,"41,8844983","12,4307637"
COFFICE architettura,architectural_designer,2,http://www.coffice.biz/,,Rome,"41,8776217","12,4713806"
Coho Design,fashion,2,https://coho-loft.com/coho-design/,,Rome,"41,9120927","12,5515769"
Colanera,fashion,2,http://www.colanera.it/,,Rome,"41,9133767","12,7290583"
Colap Nazionale,community_services_non_profits,2,http://www.colap.it/,,Rome,"41,88937","12,49652"
Coliseo Romano,arts_and_entertainment,2,Ingen webbplats,,Rome,"41,9070523","12,4826847"
Collegamento Italiano Lotta alla Povertà- EAPN Italia,community_services_non_profits,2,http://www.cilap.eu/,,Rome,"41,9089241","12,535146"
College Life Italia,community_services_non_profits,2,http://www.collegelifeitalia.com/,,Rome,"41,890798","12,466648"
Collegio Araldico Romano,community_services_non_profits,2,http://www.collegio-araldico.it/,,Rome,"41,9059628","12,4595187"
Collettivo Recuperamo,community_services_non_profits,2,https://www.instagram.com/collettivo_recuperamo/,,Rome,"41,8905859","12,5231706"
Collidanielarchitetto,architectural_designer,2,http://www.collidaniela.com/,,Rome,"41,8836967","12,506866"
Colonia felina autorimessa Porta Portese,community_services_non_profits,2,Ingen webbplats,,Rome,"41,88384","12,47316"
Color Glo Roma Eur,art_restoration,2,http://www.romaeur.colorglo.it/,,Rome,"41,8223451","12,5026754"
Coloriage,community_services_non_profits,2,http://www.coloriage.it/,,Rome,"41,8892654","12,4759204"
COLORPOINT di LUCIDI EMIDIO,arts_and_crafts,2,http://www.colorpointlucidi.it/,,Rome,"41,8157715","12,607488"
Coloseo Romano,arts_and_entertainment,2,Ingen webbplats,,Rome,"41,8969349","12,4842747"
Coloseum - Roma,arts_and_entertainment,2,Ingen webbplats,,Rome,"41,9053871","12,4913446"
Colosseo - Anfiteatro Flavio,theaters_and_performance_venues,2,https://it.wikipedia.org/wiki/Colosseo,,Rome,"41,8901694","12,4922694"
"Colosseo, Roma Italia",arts_and_entertainment,2,Ingen webbplats,,Rome,"41,8889055","12,5235463"
"Colosseo, Rome",arts_and_entertainment,2,Ingen webbplats,,Rome,"41,8968485","12,5028534"
ColtivaTorre,community_services_non_profits,2,http://csalatorre.net,,Rome,"41,9310145","12,5538524"
COMI - Cooperazione per il mondo in via di sviluppo,community_services_non_profits,2,http://www.comiong.it/,,Rome,"41,8875996","12,5022291"
"Comitato ""Rinascita di Via Roberto Malatesta""",community_services_non_profits,2,Ingen webbplats,,Rome,"41,88796","12,53803"
Comitato Castel di Guido,community_services_non_profits,2,Ingen webbplats,,Rome,"41,9030207","12,28391"
Comitato Culturale Museale di S. Marinella,community_services_non_profits,2,Ingen webbplats,,Rome,"41,9162288","12,42294"
Comitato di quartiere Acilia Centro Sud e Monti di San Paolo,community_services_non_profits,2,http://www.cdqaciliacs.it/,,Rome,"41,78324","12,370575"
Comitato di Quartiere Castel Giubileo,community_services_non_profits,2,https://www.castelgiubileo.it/,,Rome,"41,9875989","12,5062186"
Comitato di Quartiere Castelverde di Roma,community_services_non_profits,2,http://www.cdqcastelverde.it/,,Rome,"41,90695","12,68962"
Comitato di Quartiere Comprensorio PratoLungo,community_services_non_profits,2,Ingen webbplats,,Rome,"41,9332816","12,5789318"
Comitato di Quartiere di Trigoria,community_services_non_profits,2,https://sites.google.com/view/comitatodiquartieretrigoria/,,Rome,"41,7649775","12,4770068"
Comitato di quartiere FIDENE,community_services_non_profits,2,http://www.comitatodiquartierefidene.it/contatti/,,Rome,"41,972801","12,5152139"
Comitato di quartiere La Garbatella,community_services_non_profits,2,http://www.buoncompleannogarbatella.it/,,Rome,"41,85917","12,49177"
Comitato di Quartiere Lido Centro,community_services_non_profits,2,Ingen webbplats,,Rome,"41,7324341","12,2824806"
Comitato di quartiere Nuovo Salario,community_services_non_profits,2,http://cdqnuovosalario.altervista.org/,,Rome,"41,9498737","12,5195961"
Comitato di Quartiere OSTIA Antica Saline,community_services_non_profits,2,Ingen webbplats,,Rome,"41,7630516","12,3009571"
Comitato di quartiere Ponte Galeria,community_services_non_profits,2,http://cdqpontegaleria.com/,,Rome,"41,8177932","12,3472631"
Comitato di Via Metaponto e Strade Contigue,community_services_non_profits,2,Ingen webbplats,,Rome,"41,88171","12,50518"
Comitato di Volontariato - Insieme per Via Galla Placidia,community_services_non_profits,2,Ingen webbplats,,Rome,"41,90522","12,54286"
Comitato di Zona Torrenova - Tor Vergata,community_services_non_profits,2,http://www.cdztorrenovatorvergata.it/,,Rome,"41,85868","12,61661"
Comitato Futuro Ponderano ONLUS,community_services_non_profits,2,http://www.futuroponderano.it/index.php?option=com_content&view=article&id=144&Itemid=182,,Rome,"41,936354","12,372253"
Comitato Genitori IC Casalotti259-85-Orbassano,community_services_non_profits,2,http://www.iccasalotti.gov.it/,,Rome,"41,91427","12,36444"
Comitato Genitori IC Francesco Gentile 40,community_services_non_profits,2,Ingen webbplats,,Rome,"41,8542385","12,58586"
Comitato Gregorio Settimo Roma,community_services_non_profits,2,Ingen webbplats,,Rome,"41,8961833","12,4401046"
Comitato Italiano Ingegneria dell'Informazione c3i,community_services_non_profits,2,https://www.cni.it/cni/c3i,,Rome,"41,9026918","12,4916435"
Comitato Largo Enea Bortolotti,attractions_and_activities,2,Ingen webbplats,,Rome,"41,85486","12,47269"
Comitato Mammut,community_services_non_profits,2,https://comitatomammut.wordpress.com/,,Rome,"41,926779","12,566752"
Comitato Parchi Colombo,community_services_non_profits,2,Ingen webbplats,,Rome,"41,84782","12,48393"
Comitato Popolare Roma Est,community_services_non_profits,2,Ingen webbplats,,Rome,"41,8757779","12,6256893"
Comitato Quartieri Salario Sallustiano,community_services_non_profits,2,http://www.comitatoquartieriss.org/,,Rome,"41,91045","12,50162"
Comitato Roma 150,community_services_non_profits,2,http://www.roma-150.it/,,Rome,"41,9056645","12,4797998"
Comitato Sindrome Intestino Irritabile - Ibscom,community_services_non_profits,2,http://www.ibscom.it/,,Rome,"41,9003391","12,4787037"
Comitato Tecnico Consultivo  Volontariato Protezione Civile Regione Lazio,community_services_non_profits,2,Ingen webbplats,,Rome,"41,8437887","12,3521241"
Comitato Tutela Diritti Animali Odv,community_services_non_profits,2,Ingen webbplats,,Rome,"41,82112","12,48068"
Comitato Unicef Roma,community_services_non_profits,2,https://twitter.com/,,Rome,"41,9042782","12,5052804"
Comitato Valle Santa,community_services_non_profits,2,http://www.vallesantarm.it/,,Rome,"41,9578344","12,3129468"
Comitato Verde Ferratella,community_services_non_profits,2,http://www.comitatoverdeferratella.it/,,Rome,"41,8182456","12,4711632"
Comma 22 odv,community_services_non_profits,2,http://www.comma22.it/,,Rome,"41,84718","12,48403"
Communità dell'Isola Farnese,community_services_non_profits,2,http://www.isolafarnese.it/,,Rome,"42,0195426","12,3929076"
Compagnia del Mantello,community_services_non_profits,2,https://linktr.ee/Compagniadelmantello,,Rome,"41,91292","12,5043"
Compagnia Excursus,community_services_non_profits,2,https://www.pindoc.it/it/compagnia-excursus.html,,Rome,"41,9425449","12,522737"
Comunità di Sant'Egidio Roma Nord,community_services_non_profits,2,http://www.santegidio.org/,,Rome,"41,9624144","12,5157579"
Comunità Ebraica di Roma,community_services_non_profits,2,http://www.romaebraica.it/,,Rome,"41,8918034","12,4780445"
Comunità Ellenica di Roma e Lazio,community_services_non_profits,2,https://comunitaellenicaromalazio.it/,,Rome,"41,896318","12,4925311"
Comunità Etica,community_services_non_profits,2,http://www.comunitaetica.it/,,Rome,"41,9097669","12,4967947"
Comunità Gesù Ama,community_services_non_profits,2,http://www.gesuama.it/,,Rome,"41,8849472","12,52165"
Comunita' Nomadelfia di Roma,community_services_non_profits,2,Ingen webbplats,,Rome,"41,9495524","12,4339731"
Con i Bambini,community_services_non_profits,2,https://linktr.ee/conibambini,,Rome,"41,897994","12,4816482"
Conadi-Italia,community_services_non_profits,2,https://www.conadi.it/,,Rome,"41,852193","12,491749"
CONAF - Consiglio Ordine Nazionale Dottori Agronomi e Dottori Forestali,community_services_non_profits,2,http://www.conaf.it/,,Rome,"41,9136246","12,4945035"
Conciliazione Live,auditorium,2,http://www.conciliazionelive.com/,,Rome,"41,9030304","12,4638483"
Condominio,arts_and_entertainment,2,Ingen webbplats,,Rome,"41,908366","12,468153"
Condominio Terenzio,arts_and_entertainment,2,Ingen webbplats,,Rome,"41,82993","12,57999"
Condominio Via Aristofane 11 Roma,community_services_non_profits,2,http://www.aristofane11.net/,,Rome,"41,9105913","12,5229124"
Confabitare Roma,community_services_non_profits,2,http://www.confabitareroma.it/,,Rome,"41,9210743","12,477737"
CONFAP - Confederazione Nazionale Formazione Aggiornamento Professionale,community_services_non_profits,2,http://www.confap.it/,,Rome,"41,8813823","12,4690407"
Confconsumatori Lazio,community_services_non_profits,2,http://www.confconsumatorilazio.it/,,Rome,"41,9226345","12,5150284"
Confederazione Cooperative Italiane,community_services_non_profits,2,https://www.alleanzacooperative.it/,,Rome,"41,9003934","12,4964786"
Confederazione Italiana Consultori Familiari di Ispirazione Cristiana,community_services_non_profits,2,https://www.cfc-italia.it/,,Rome,"41,9329675","12,426526"
Confederazione Italiana Sindacati Autonomi,community_services_non_profits,2,http://www.confederazionecisa.it/,,Rome,"41,893335","12,510242"
Confederazione Sindacale Autonoma di Polizia,community_services_non_profits,2,https://www.consap.org/,,Rome,"41,9003214","12,492428"
Confedilizia Roma,community_services_non_profits,2,http://www.confedilizia.it/,,Rome,"41,9046946","12,4714778"
Confimprese Sociali,community_services_non_profits,2,http://www.confimpresesociali.it/,,Rome,"41,8644143","12,4731531"
Confindustria,community_services_non_profits,2,http://www.confindustria.it/,,Rome,"41,8353179","12,4640181"
CONFINTESA Nazionale,community_services_non_profits,2,https://www.confintesa.it/,,Rome,"41,9068672","12,4651728"
CONFIPE,community_services_non_profits,2,http://www.confipe.org/,,Rome,"41,9086624","12,4909251"
Confiti Consulenti Fiscali Tributari Italiani,community_services_non_profits,2,https://www.confiti.it/,,Rome,"41,868463","12,493639"
Conflingue,community_services_non_profits,2,http://www.confesercenti.it/,,Rome,"41,89952","12,49157"
Conftrasporto,community_services_non_profits,2,https://www.conftrasporto.it/,,Rome,"41,8899611","12,4747809"
Confusion - ROMA,radio_station,2,Ingen webbplats,,Rome,"41,89624","12,48215"
Congregazione FSMI,community_services_non_profits,2,http://www.congregazionefsmi.com/,,Rome,"41,8945309","12,4710982"
Congregazione Suore Ancelle della Carita',community_services_non_profits,2,Ingen webbplats,,Rome,"41,8580872","12,4367588"
Congregazione Suore Orsoline della Sacra Famiglia,community_services_non_profits,2,Ingen webbplats,,Rome,"41,94474","12,53265"
CONS - Consumatori Solidali aps,community_services_non_profits,2,https://www.consumatorisolidalilazio.it/,,Rome,"41,90897","12,4498"
Consap ROMA Pagina Ufficiale,community_services_non_profits,2,http://www.consaproma.org/,,Rome,"41,90041","12,49169"
Conseil Des Guineens Des L’etranger Cge_italie,community_services_non_profits,2,http://CGEITALIE.COM/,,Rome,"41,92935","12,49447"
Consorzio Birra Italiana,community_services_non_profits,2,http://www.consorziobirraitaliana.it/,,Rome,"41,8977572","12,4873888"
Consorzio Case e Campi,attractions_and_activities,2,https://www.consorziocaseecampi.it/,,Rome,"41,9783114","12,4093467"
Consorzio Giovanni Canestrini,community_services_non_profits,2,Ingen webbplats,,Rome,"41,7420692","12,5304025"
Consulta Cultura Roma IX,cultural_center,2,https://www.cultura9.it/,,Rome,"41,7892313","12,4440581"
Consulta del Volontariato Municipio XI,community_services_non_profits,2,http://www.consultemunicipioromaxv.com/territorio/territorio.php?op=view&id=660,,Rome,"41,84721","12,46029"
ContaminAction University,community_services_non_profits,2,http://www.contaminactionuniversity.it/,,Rome,"41,85134","12,62932"
Control Mastery Theory Italian Group,community_services_non_profits,2,http://www.cmt-ig.org/,,Rome,"41,86931","12,526667"
Convegno Nazionale della Federazione Maestri del Lavoro,community_services_non_profits,2,https://convegnogarda24.it/,,Rome,"41,904282","12,49116"
Convento dei Capuccino,history_museum,2,Ingen webbplats,,Rome,"41,9047503","12,4884084"
Coop Sociale Acquario 85,community_services_non_profits,2,https://coopacquario85onlus.wordpress.com/,,Rome,"41,852033","12,412782"
Coop. Sociale MEDITERRANEO MOSAICO DI CULTURE,community_services_non_profits,2,http://mediterraneomosaicodiculture.webnode.it/,,Rome,"41,895757","12,501133"
Coop. sociale prl,community_services_non_profits,2,Ingen webbplats,,Rome,"41,8146603","12,4787644"
Cooperativa AssaltoalCielo,community_services_non_profits,2,http://www.assaltoalcielo.org/,,Rome,"41,8980609","12,5656919"
Cooperativa Cecilia Onlus,community_services_non_profits,2,http://www.ceciliacoop.it/,,Rome,"41,8622621","12,5548361"
Cooperativa Diversamente,community_services_non_profits,2,http://www.diversamente.it/,,Rome,"41,8650785","12,5520329"
Cooperativa HELP - Roma,community_services_non_profits,2,http://www.coophelp.org/,,Rome,"41,8510946","12,4727981"
Cooperativa il Parchetto,community_services_non_profits,2,http://cooperativailparchetto.altervista.org/,,Rome,"41,87783","12,345221"
Cooperativa Servizi alla Famiglia ONLUS,community_services_non_profits,2,http://www.coopservizionlus.org/,,Rome,"41,89487","12,4894331"
Cooperativa Sociale Albatros 1985 O.n.l.u.s.,community_services_non_profits,2,http://www.albatros1985.it/,,Rome,"41,8564571","12,5813001"
Cooperativa Sociale Ambiente e Lavoro,community_services_non_profits,2,http://www.coopambientelavoro.org/,,Rome,"41,9619708","12,5378376"
Cooperativa Sociale Apriti Sesamo,community_services_non_profits,2,http://www.apritisesamo.org/,,Rome,"41,920098","12,4575338"
Cooperativa Sociale Articolo Uno Onlus,community_services_non_profits,2,http://www.articolounocoopsociale.webnode.it/,,Rome,"41,88876","12,53737"
Cooperativa Sociale Eta Beta,community_services_non_profits,2,http://www.coopetabeta.it/,,Rome,"41,911857","12,575675"
Cooperativa Sociale H-Anno Zero Onlus,community_services_non_profits,2,http://www.h-annozero.it/,,Rome,"41,8464934","12,4237473"
Cooperativa Sociale Itinera,community_services_non_profits,2,https://www.coopitinera.it/,,Rome,"41,8257163","12,5863774"
Cooperativa sociale L'Accoglienza Onlus,community_services_non_profits,2,http://www.coopaccoglienza.it/,,Rome,"41,9181548","12,4201909"
Cooperativa Sociale La Cacciarella - Roma,community_services_non_profits,2,http://lacacciarella.eu/,,Rome,"41,9081379","12,5463507"
Cooperativa Sociale Le mille e una notte,community_services_non_profits,2,http://www.le1000e1notte.it/,,Rome,"41,9304934","12,5275209"
Cooperativa Sociale Magliana Solidale,community_services_non_profits,2,http://www.maglianasolidale.it/,,Rome,"41,8511338","12,453266"
Cooperativa sociale Prassi e Ricerca ETS,community_services_non_profits,2,http://www.prassiericerca.it,,Rome,"41,9111994","12,5242368"
Cooperativa Sociale Psicoterapia Medica,community_services_non_profits,2,http://www.psicoterapiamedica.org/,,Rome,"41,8774992","12,4672581"
Cooperativa sociale Rifornimento in Volo,community_services_non_profits,2,http://www.rifornimentoinvolo.it/,,Rome,"41,9093334","12,517739"
Cooperativa Sociale SOnofrio Onlus,community_services_non_profits,2,http://www.sonofrio.it/,,Rome,"41,9612212","12,4111113"
Coopermondo - Confcooperative,community_services_non_profits,2,http://www.coopermondo.it/,,Rome,"41,9005671","12,4976265"
Coopi Lazio,community_services_non_profits,2,http://www.coopi.org/,,Rome,"41,9116957","12,4967304"
Coordinamento CARE,community_services_non_profits,2,http://www.coordinamentocare.org/,,Rome,"41,8971261","12,4979753"
Coordinamento Teologhe Italiane - CTI,community_services_non_profits,2,http://www.teologhe.org/,,Rome,"41,88215","12,52119"
Copihue Floral Studio,fashion,2,http://www.copihuestudio.com/,,Rome,"41,8737812","12,454543"
CORA ROMA Onlus,community_services_non_profits,2,http://www.coraromaonlus.org/,,Rome,"41,89452","12,46599"
Corazzieri Sezione Quirinale,community_services_non_profits,2,https://www.ancgruppocorazzieri.com/home,,Rome,"41,9012751","12,4850571"
Corea Del Sud,attractions_and_activities,2,Ingen webbplats,,Rome,"41,8948946","12,4461077"
"Corleone, Sicily",community_services_non_profits,2,http://www.altobelicecorleonese.com/abc_tur/corleone.php,,Rome,"41,9106956","12,4669644"
Cornetteria IL CIONDOLO,arcade,2,Ingen webbplats,,Rome,"41,90149","12,493295"
Cornici Mita,arts_and_crafts,2,http://www.cornicimitaroma.it/,,Rome,"41,8839762","12,5147314"
Corpo delle Infermiere Volontarie CRI - Crocerossine,community_services_non_profits,2,http://www.cri.it/,,Rome,"41,908579","12,491537"
Corpo Volontario Radio Soccorso odv Protezione civile,community_services_non_profits,2,http://www.cvrsprotezionecivile.it/,,Rome,"41,8258095","12,5859617"
Corporate Antifa Headquaters,community_services_non_profits,2,Ingen webbplats,,Rome,"41,8970133","12,4731338"
Corsi Endo Boldrini,cultural_center,2,Ingen webbplats,,Rome,"41,75282","12,37229"
Corsi Lingua dei Segni ENS sez Roma,community_services_non_profits,2,http://www.silentpointensroma.it/,,Rome,"41,857427","12,501478"
Corviale cult,community_services_non_profits,2,http://corviale.it/,,Rome,"41,8491516","12,4161127"
Cosa FARE associazione,community_services_non_profits,2,http://www.acscentrostudidats.it/,,Rome,"41,8883655","12,5217601"
Coscienza e Libertà,community_services_non_profits,2,http://www.coscienzaeliberta.it/,,Rome,"41,91209","12,47032"
Costruire con la Musica,community_services_non_profits,2,http://www.federculture.it/,,Rome,"41,905607","12,468658"
Cotrad Onlus,community_services_non_profits,2,http://www.cotrad.org,,Rome,"41,8936227","12,4888272"
Country Club RDB,community_services_non_profits,2,Ingen webbplats,,Rome,"41,9092872","12,4523794"
CQCT onlus Trigoria,community_services_non_profits,2,http://www.cqct-onlus.it/,,Rome,"41,77095","12,47564"
Cral Cisl Via Po,community_services_non_profits,2,http://www.cisl.it/,,Rome,"41,9137396","12,4942472"
CRAL INAIL,community_services_non_profits,2,http://www.cralinailroma.it/,,Rome,"41,8305321","12,4751554"
Cral Inps Nazionale GDP,community_services_non_profits,2,http://www.cralinps.net/,,Rome,"41,8389556","12,4918623"
CRAL MBI,community_services_non_profits,2,https://www.cralmbi.it/,,Rome,"41,92675","12,60184"
CRAL Romanagas,community_services_non_profits,2,https://www.cralromanagas.it/,,Rome,"41,92223","12,41757"
Crasform,community_services_non_profits,2,http://crasform2.wix.com/crasform,,Rome,"41,8974758","12,5011468"
CRE Riabilitazione Equestre G. De Marco Roma,community_services_non_profits,2,http://www.cre-girolamodemarco.org/,,Rome,"41,9452534","12,4869184"
Crea Architettura,architectural_designer,2,http://www.crea-architettura.it/,,Rome,"42,0116143","12,4769406"
CREC Lions - Centro Riabilitazione Equestre Capitol ETS,community_services_non_profits,2,http://www.crec2014.it/,,Rome,"41,9459296","12,4866235"
Creo Progetti,architectural_designer,2,https://creoprogetti.com/,,Rome,"41,9285462","12,6086592"
Creo Turismo,community_services_non_profits,2,http://Www.creoturismo.it/,,Rome,"41,9068998","12,4885705"
Creta Tessiture,community_services_non_profits,2,http://www.cretatessiture.it/,,Rome,"41,8842","12,52324"
CRM - Centro Ricerche Musicali,community_services_non_profits,2,http://www.crm-music.it/,,Rome,"41,910182","12,3890304"
Croce Rossa Italiana,community_services_non_profits,2,http://www.criroma4.org/,,Rome,"41,9092945","12,5531631"
Croce Rossa Italiana - Comitato Municipi 13 e 14 di Roma,community_services_non_profits,2,http://www.criroma13-14.it/,,Rome,"41,8904638","12,4112146"
Croce Rossa Italiana - Comitato Municipi 8 11 12 di Roma,community_services_non_profits,2,https://www.criroma11.org/,,Rome,"41,8711336","12,4690203"
Croce Rossa Italiana - Comitato Municipio 10 di Roma,community_services_non_profits,2,http://www.criroma10.it/,,Rome,"41,780188","12,3414189"
Croce Rossa Italiana - Comitato Municipio 15 di Roma,community_services_non_profits,2,http://www.criroma15.it/,,Rome,"42,0218024","12,3763883"
Croce Rossa Italiana - Comitato Municipio 5 di Roma,community_services_non_profits,2,https://www.criroma5.it/cm5rm/,,Rome,"41,8931966","12,5419335"
Croce Rossa Italiana - Comitato Municipio 6 di Roma ODV,community_services_non_profits,2,http://www.criroma6.org/,,Rome,"41,9173888","12,6554064"
Croce Rossa Italiana - Comitato Municipio 7 di Roma,community_services_non_profits,2,Ingen webbplats,,Rome,"41,8257205","12,5861283"
Croce Rossa Italiana - Italian Red Cross,community_services_non_profits,2,https://www.cri.it/,,Rome,"41,8612391","12,4497553"
"Crociata Blu ""Onlus""",community_services_non_profits,2,Ingen webbplats,,Rome,"41,8573034","12,5811454"
"Cronos Escape Room - Roma, via Gregorio VII",arts_and_entertainment,2,https://roma.cronos.house/,,Rome,"41,8953524","12,4458856"
CROSS Gasometro,community_services_non_profits,2,Ingen webbplats,,Rome,"41,870935","12,4731731"
Crunch Circolo,arts_and_entertainment,2,https://www.facebook.com/Crunch-Circolo,,Rome,"41,8792682","12,5398377"
CSA Petroselli Via Capraia 35,community_services_non_profits,2,Ingen webbplats,,Rome,"41,9475403","12,5341997"
CSAIn Lazio,community_services_non_profits,2,http://www.csainlazio.it/,,Rome,"41,8909324","12,5360162"
CSAT,community_services_non_profits,2,http://www.assicurazionicsat.it/,,Rome,"41,8422994","12,4860331"
CSE - Confederazione Indipendente Sindacati Europei,community_services_non_profits,2,http://www.cse.cc/,,Rome,"41,91171","12,49708"
Csen Nazionale,community_services_non_profits,2,http://www.csen.it/,,Rome,"41,9449594","12,4659718"
Csi Roma Calcio 5 Maschile e Femminile,community_services_non_profits,2,http://www.csiroma.com/,,Rome,"41,9258959","12,4620242"
Cspc-Europa-Onlus,community_services_non_profits,2,Ingen webbplats,,Rome,"41,8767744","12,3470934"
CSR Circolo Speleologico Romano,community_services_non_profits,2,http://www.circolospeleologicoromano.it/csr/,,Rome,"41,8949567","12,5157678"
CSV Lazio ETS,community_services_non_profits,2,https://www.trovavolontariato.com/,,Rome,"41,89705","12,498061"
CSV Probashi Solution - প্রবাসী সলিউশন ইতালি,community_services_non_profits,2,https://csvprobashisolution.blogspot.com/,,Rome,"41,893388","12,508887"
CSVnet,community_services_non_profits,2,https://www.csvnet.it/,,Rome,"41,9117288","12,4971032"
Cultura Democratica,community_services_non_profits,2,http://www.culturademocratica.org/,,Rome,"41,8999849","12,4767091"
Cultura è Salute,community_services_non_profits,2,https://www.culturaesalute.com/,,Rome,"41,916169","12,51684"
Cultura Italiae,community_services_non_profits,2,http://www.culturaitaliae.it/,,Rome,"41,9047076","12,4917531"
CUM GRANO SALIS - Progetto nelle Scuole,community_services_non_profits,2,http://www.progettonaturaesalute.org/,,Rome,"41,90887","12,53669"
Cuori in Corsia ONLUS,community_services_non_profits,2,https://cuoriincorsia.it/unisciti-al-battito/,,Rome,"42,025142","12,464878"
Cybercat Architecture,architectural_designer,2,http://www.cybercatproduction.it/,,Rome,"41,8591793","12,4518165"
D.i.Re Donne in Rete contro la violenza,community_services_non_profits,2,http://www.direcontrolaviolenza.it/,,Rome,"41,894436","12,465974"
D'Agostino Studio architettura,architect,2,https://www.dagostinoarchitetto.it/,,Rome,"41,79033","12,4651543"
D'Arch Studio,architectural_designer,2,https://blogdarchstudio.it/contatti/,,Rome,"41,934268","12,5365974"
D'Elite,fashion,2,Ingen webbplats,,Rome,"41,8640091","12,5532557"
DAI Studio,architectural_designer,2,http://www.daisrl.com/,,Rome,"41,8850034","12,4709123"
Daje De Alberi,community_services_non_profits,2,http://www.dajedealberi.com/,,Rome,"41,9263022","12,5437412"
Dalsarto,fashion,2,http://www.dalsarto.com/,,Rome,"41,9046856","12,4796921"
Dama Magica APS,community_services_non_profits,2,http://www.damamagica.it/,,Rome,"41,87175","12,52157"
Dandara.Roma,fashion,2,Ingen webbplats,,Rome,"41,9087","12,45494"
Dandy's sartoriale,fashion,2,Ingen webbplats,,Rome,"41,882976","12,512385"
Danielle Pelletterie,fashion,2,https://daniellepelletterie.myshopify.com/,,Rome,"41,8683847","12,4683285"
Dar Tounsi Roma  المركز الإجتماعي والثقافي,cultural_center,2,http://www.centroculturaletunisino.it/,,Rome,"41,908008","12,5230171"
DarBazar,community_services_non_profits,2,https://listadarbazar.my.canva.site/lista,,Rome,"41,9450348","12,5362803"
DARC' Studio,architectural_designer,2,Ingen webbplats,,Rome,"41,9009","12,47266"
Davide Marchetti Architetto,architectural_designer,2,http://www.davidemarchetti.it/,,Rome,"41,8874988","12,4775531"
DB Campus,cultural_center,2,https://taplink.cc/dbcampus,,Rome,"41,8329193","12,6021051"
DBM Architettura,architectural_designer,2,http://www.dbmarchitettura.com/,,Rome,"41,9351753","12,5529164"
DCA architettura&design,architectural_designer,2,https://dcaachdesign.jimdo.com/,,Rome,"41,949964","12,3712478"
Ddarch,architectural_designer,2,http://www.ddarch.it/,,Rome,"41,83463","12,46762"
DDRL Cral Regione Lazio,community_services_non_profits,2,http://www.ddrl.info/,,Rome,"41,8596658","12,494083"
De Masi srl,architectural_designer,2,https://demasisrl.it/,,Rome,"41,9356519","12,5341409"
De Sanctis 1890,arts_and_crafts,2,https://www.desanctis1890.com/en/,,Rome,"41,89994","12,47896"
de'ARCH,architectural_designer,2,http://www.dearch.eu/,,Rome,"41,8912627","12,5022026"
DeCarlis,fashion,2,http://www.decarlisfur.it/,,Rome,"41,90682","12,47917"
Decorlandia Roma,arts_and_crafts,2,Ingen webbplats,,Rome,"41,9407411","12,5356158"
Deflomas Eyewear,fashion,2,http://deflomas.com/,,Rome,"41,8630246","12,4335452"
Delisabatini Architetti,architectural_designer,2,http://www.delisabatini-arch.it/,,Rome,"41,9210396","12,5054035"
Delvaux,fashion,2,Ingen webbplats,,Rome,"41,90372","12,47837"
Demetra,community_services_non_profits,2,http://www.centroclinicodemetra.it/,,Rome,"41,91411","12,50499"
DeMolay Italia,community_services_non_profits,2,http://www.demolay.it/,,Rome,"41,8671161","12,5497767"
Depólis,architectural_designer,2,http://www.depolis.net/,,Rome,"41,9272099","12,4624979"
DERUM architects,architectural_designer,2,http://www.derumarchitects.com/,,Rome,"41,90978","12,5203"
Dettagli architettura e servizi,architectural_designer,2,http://www.dettagliarchitettura.it/,,Rome,"41,9203655","12,5016655"
Deutsches Historisches Institut in Rom,community_services_non_profits,2,http://www.dhi-roma.it/,,Rome,"41,8907137","12,428991"
deviforme,museum,2,http://www.grandtourcollection.it/,,Rome,"41,9002995","12,4707362"
DFG Architetti Associati,architectural_designer,2,http://www.dfgarchitetti.it/,,Rome,"41,8890127","12,501785"
DFR Architecture,architectural_designer,2,http://www.dfrarchitecture.com/,,Rome,"41,8629","12,46417"
Di Fabio Laboratorio Cornici,arts_and_crafts,2,http://www.paginegialle.it/difabiolaboratoriocornici,,Rome,"41,8765529","12,5088423"
Di Magno Michela Architetto,architectural_designer,2,https://www.dimagnoarchitetto.com/,,Rome,"41,8486252","12,4884081"
Dì'Gay Project - DGP,community_services_non_profits,2,https://digayproject.it/,,Rome,"41,8575053","12,4839629"
Diabete Italia,community_services_non_profits,2,http://www.diabeteitalia.it/,,Rome,"41,91792","12,47319"
Dianetics Roma,community_services_non_profits,2,http://dianetics.it/,,Rome,"41,91408","12,38406"
Didaké,community_services_non_profits,2,http://www.didake.it/,,Rome,"41,88772","12,51131"
Diego Collareda Architetto,architectural_designer,2,http://www.studiocollareda.com/,,Rome,"41,9352546","12,6362092"
Diele Kerciku Architetture,architectural_designer,2,http://www.dielekerciku.com/,,Rome,"41,9143188","12,5524359"
Difesa Online,print_media,2,https://www.difesaonline.it/,,Rome,"41,90249","12,4913"
Dignity No Profit People,community_services_non_profits,2,http://www.dignitypeople.eu/,,Rome,"41,9441955","12,4687286"
DILIS Onlus,community_services_non_profits,2,http://www.dilisonlus.com/,,Rome,"41,9016708","12,4287232"
Dima impagliatura sedie roma,art_restoration,2,http://www.dimaimpagliature.it/contatti/,,Rome,"41,9164278","12,4597231"
Dipartimento Solidarietà Emergenze FIC,community_services_non_profits,2,http://www.dsefic.it/,,Rome,"41,90888","12,526012"
Diritti al Cuore Onlus,community_services_non_profits,2,https://www.paypal.me/DIRITTIALCUOREONLUS,,Rome,"41,9197558","12,4151192"
Diritti di frontiera,community_services_non_profits,2,http://www.difro.it/,,Rome,"41,8633927","12,4789774"
Dirpubblica,community_services_non_profits,2,http://www.dirpubblica.it/,,Rome,"41,87392","12,45191"
Disaccordo,arts_and_entertainment,2,Ingen webbplats,,Rome,"41,89691","12,51335"
Dischi Camomilla,arts_and_entertainment,2,Ingen webbplats,,Rome,"41,7342092","12,2898991"
Ditta G.Poggi :: Belle arti dal 1825,arts_and_crafts,2,https://www.poggi1825.it/,,Rome,"41,8974636","12,4787084"
Divento Grande,community_services_non_profits,2,http://www.diventogrande.org/,,Rome,"41,851935","12,458275"
Dives in Misericordia di Richard Meier - Tor Tre Teste Roma+,theatre,2,Ingen webbplats,,Rome,"41,8821418","12,5859464"
DMA&partners,architectural_designer,2,http://www.dmandpartners.com/,,Rome,"41,8757412","12,4873158"
dMake,architectural_designer,2,http://www.dmake.it/,,Rome,"41,8950083","12,4954574"
DoctorWine,print_media,2,https://www.doctorwine.wine/shop/,,Rome,"41,8981487","12,4827035"
DOES odv protezione civile,community_services_non_profits,2,https://doesprotezionecivile.webador.it/contatti,,Rome,"41,8934825","12,5742296"
DOGMA ROMA,arts_and_entertainment,2,Ingen webbplats,,Rome,"41,8761146","12,5093449"
Dojo Bodai,community_services_non_profits,2,http://www.ecole-itsuo-tsuda.org/category/dojos/bodai/,,Rome,"41,9163894","12,4383032"
Dojo Sanbō Monteverde,community_services_non_profits,2,Ingen webbplats,,Rome,"41,87376","12,44809"
DOKITA,community_services_non_profits,2,http://www.dokita.org/,,Rome,"41,8655304","12,4235151"
Domiad Photo Network,community_services_non_profits,2,https://www.domiad.it/,,Rome,"41,872477","12,457199"
Domus Ristora,venue_and_event_space,2,https://www.domusristora.com/,,Rome,"41,8768154","12,5526198"
Don Orione Servizio Civile,community_services_non_profits,2,http://www.serviziociviledonorione.it/,,Rome,"41,93325","12,44461"
Donatorinati - ADVPS OdV,community_services_non_profits,2,https://www.paypal.me/AdvpsOnlus,,Rome,"41,915849","12,461483"
Donna Ascolta Donna.,community_services_non_profits,2,http://www.donnaascoltadonna.org/,,Rome,"41,8946139","12,465892"
Donna e Diritti,community_services_non_profits,2,http://www.donnaediritti.it/,,Rome,"41,8730627","12,4601318"
Donne Leader in Sanità,community_services_non_profits,2,https://donneleaderinsanita.it/,,Rome,"41,895522","12,487033"
Donne tra ricordi e futuro,print_media,2,http://www.donnetraricordiefuturo.org/,,Rome,"41,93886","12,43944"
Doppelgänger Roma,fashion,2,Ingen webbplats,,Rome,"41,8716","12,49695"
Doppelgänger Roma,fashion,2,Ingen webbplats,,Rome,"41,8850652","12,5097684"
Doppelgänger Roma,fashion,2,Ingen webbplats,,Rome,"41,903176","12,4872901"
Doppelgänger Roma,fashion,2,Ingen webbplats,,Rome,"41,8073138","12,486728"
Doppelgänger Roma,fashion,2,Ingen webbplats,,Rome,"41,9019694","12,4381793"
Doppelgänger Roma,fashion,2,Ingen webbplats,,Rome,"41,9085932","12,4578766"
Doppelgänger Roma,fashion,2,Ingen webbplats,,Rome,"41,9166088","12,4639227"
Doppelgänger Roma,fashion,2,Ingen webbplats,,Rome,"41,9012259","12,4766224"
Doppia Difesa Onlus,community_services_non_profits,2,http://www.doppiadifesa.it/,,Rome,"41,9037437","12,4779131"
DotGrain,community_services_non_profits,2,http://www.dotgrain.com/,,Rome,"41,9211709","12,5217725"
DRA&U,architectural_designer,2,http://www.dra-u.net/,,Rome,"41,9146345","12,5182498"
Dream Dance Academy Asd,community_services_non_profits,2,Ingen webbplats,,Rome,"41,9507444","12,5452014"
DREAM Sant'Egidio,community_services_non_profits,2,https://www.dream-health.org/,,Rome,"41,8900195","12,4691548"
Ducati Monster Club Roma,community_services_non_profits,2,http://www.ducatimonsterclub.it/,,Rome,"41,8779488","12,4680614"
Duolab,architectural_designer,2,http://www.duolabps.com/,,Rome,"41,8105454","12,4839937"
Dynamo Ritmica,community_services_non_profits,2,Ingen webbplats,,Rome,"41,7341","12,27063"
È di Legno,arts_and_crafts,2,http://www.edilegnosrl.it/,,Rome,"41,78636","12,32842"
E-cube srl,fashion,2,http://www.e3cube.it/,,Rome,"41,728803","12,279923"
Eark |  Energie nell'architettura,architectural_designer,2,http://www.eark.it/,,Rome,"41,9142916","12,4362282"
Earth Odv,community_services_non_profits,2,http://www.earth-associazione.org/it/tesserati,,Rome,"41,8650932","12,5513732"
East Africana,cultural_center,2,https://www.acece.it/en/,,Rome,"41,9289503","12,5773"
EB Studioarkè & Partners srl,architectural_designer,2,http://www.ebstudioarke.it/,,Rome,"41,9052357","12,4237173"
EBIL Ente Bilaterale e Organismo Paritetico OPTN,community_services_non_profits,2,https://www.ebil.it/,,Rome,"41,8551954","12,4504047"
Ebincall,community_services_non_profits,2,https://ebincall.it/,,Rome,"41,8933539","12,4750446"
Ebinfop,community_services_non_profits,2,https://www.ebinfop.it/home.asp,,Rome,"41,8812501","12,4691242"
Ebinprof,community_services_non_profits,2,http://www.ebinprof.it/,,Rome,"41,9149193","12,5080597"
EBNA,community_services_non_profits,2,http://www.ebna.it/,,Rome,"41,8909725","12,510684"
Eccellenze Unite per la Solidarietà,community_services_non_profits,2,http://www.associazionenazionaledociitaly.it/,,Rome,"41,89399","12,47963"
Eccomi,community_services_non_profits,2,http://www.eccomi.org/,,Rome,"41,9256","12,48997"
Eco-Schools Italia,community_services_non_profits,2,http://www.eco-schools.it/,,Rome,"41,9204201","12,5049778"
Ecoabitiamo bio case in legno,architectural_designer,2,http://ecoabitiamo.it,,Rome,"41,84411","12,59176"
Ecpat Italia Onlus,community_services_non_profits,2,http://www.ecpat.it/,,Rome,"41,8893077","12,5020095"
Edas Depretis,fashion,2,http://www.edasitalia.it/,,Rome,"41,8993259","12,4955172"
Eden Bau ODV,community_services_non_profits,2,Ingen webbplats,,Rome,"41,906685","12,4725954"
Edicola Isole Capo Verde,comic_books_store,2,Ingen webbplats,,Rome,"41,7385372","12,2780202"
Edil Petrozzi,arts_and_crafts,2,http://www.edilpetrozzi.it/,,Rome,"41,85168","12,43736"
Edil Petrozzi - Ristrutturazioni a Roma,arts_and_crafts,2,http://www.edilpetrozzi.it/,,Rome,"41,85169","12,43737"
EdilArc - progettazione,architectural_designer,2,http://www.edilarc.it/,,Rome,"41,7221888","12,2999432"
EDiMaS Emergency and Disaster Management Studies,community_services_non_profits,2,http://www.edimas.net/,,Rome,"41,9329987","12,4668598"
EEN ELSE,community_services_non_profits,2,http://www.eenelse.it/,,Rome,"41,90077","12,51254"
Efarchidesign,architectural_designer,2,https://www.efarchidesign.it/,,Rome,"41,8952289","12,4932963"
egoboutiquedipatrizia,fashion,2,https://instagram.com/egoboutiquedipatrizia?igshid=xj68gxtrkxgq,,Rome,"41,89748","12,55825"
Ehma Secretariat,community_services_non_profits,2,http://www.ehma.com/,,Rome,"41,9061061","12,4648153"
Eidos Studio Architettura,architectural_designer,2,http://www.eidostudio.it/,,Rome,"41,9254315","12,4846145"
EIFE Italia,community_services_non_profits,2,Ingen webbplats,,Rome,"41,89105","12,50233"
EkoD,architectural_designer,2,http://www.ekod.eu/,,Rome,"41,8009223","12,5164935"
El Dorado Comics,comic_books_store,2,Ingen webbplats,,Rome,"41,865527","12,4697607"
El Rinconcito de Tanguera,fashion,2,Ingen webbplats,,Rome,"41,87234","12,5444"
ELA italia ONLUS,community_services_non_profits,2,http://ela-asso.it/,,Rome,"41,8779831","12,5163218"
Elena Handmade Creations,fashion,2,http://www.elenahandmadecreations.it/,,Rome,"41,93465","12,50843"
Eleonora Giacopetti Interior designer,architectural_designer,2,http://www.eleonoragiacopetti.it/,,Rome,"41,914341","12,503233"
Elisa Leoncini Architetto,architectural_designer,2,Ingen webbplats,,Rome,"41,87422","12,5190829"
Eloro,arts_and_entertainment,2,Ingen webbplats,,Rome,"41,8806713","12,5184124"
ELSA Italy,community_services_non_profits,2,http://www.elsa-italy.org/,,Rome,"41,9191548","12,5129541"
Emanuele Roma,arts_and_entertainment,2,Ingen webbplats,,Rome,"41,8807526","12,46116"
Ematos FIDAS,community_services_non_profits,2,http://www.ematos.it/,,Rome,"41,8907645","12,4770117"
Embaixada Timor-Leste em Vaticano,community_services_non_profits,2,Ingen webbplats,,Rome,"41,9067406","12,4949909"
Embrice,community_services_non_profits,2,http://www.embrice2030.com/,,Rome,"41,8612061","12,4854776"
EMC2Architetti,architectural_designer,2,http://emc2architetti.it/,,Rome,"41,8727101","12,5213969"
EMI Social Lab,cultural_center,2,Ingen webbplats,,Rome,"41,8579096","12,5617419"
Emisferi Un Ponte tra Oriente ed Occidente,community_services_non_profits,2,Ingen webbplats,,Rome,"41,9139711","12,5243977"
EmmeQ Studio,architectural_designer,2,http://emmeqstudio.com/,,Rome,"41,927208","12,4625004"
Emporio,community_services_non_profits,2,http://emporiotestaccio.wordpress.com/,,Rome,"41,7680699","12,4917606"
Enav  Acc A Ciampino,arts_and_entertainment,2,Ingen webbplats,,Rome,"41,8036238","12,583192"
Enbic,community_services_non_profits,2,http://www.enbic.it/,,Rome,"41,8663445","12,4974404"
ENBiForm,community_services_non_profits,2,http://enbiform.it/,,Rome,"41,9101246","12,477286"
ENDAS Italia,community_services_non_profits,2,http://www.endas.it/,,Rome,"41,89455","12,50064"
Endas Settore Cinofili,community_services_non_profits,2,https://www.endas.it/cinofilia/,,Rome,"41,89439","12,50074"
Endo-Fap Nazionale Formazione,community_services_non_profits,2,http://www.endofap.it/,,Rome,"41,93472","12,44374"
Endoniamo,community_services_non_profits,2,http://www.endoniamo.it/,,Rome,"41,7386229","12,3316268"
Energia per i diritti umani APS,community_services_non_profits,2,http://www.energiaperidirittiumani.it/,,Rome,"41,8973866","12,5130432"
Enfea Salute,community_services_non_profits,2,http://www.enfeasalute.it/,,Rome,"41,900324","12,478882"
Engelsburg,photography_museum,2,Ingen webbplats,,Rome,"41,90205","12,50124"
ENGIM internazionale,community_services_non_profits,2,https://internazionale.engim.org/,,Rome,"41,89792","12,51461"
ENGIM San Paolo,community_services_non_profits,2,http://engimsanpaolo.it/,,Rome,"41,8575037","12,4719685"
ENPA - Ente Nazionale Protezione Animali Odv,community_services_non_profits,2,http://www.enpa.it/,,Rome,"41,9089562","12,4645775"
ENPA Odv sezione di Roma,community_services_non_profits,2,http://www.enparoma.it/,,Rome,"41,8850965","12,5188987"
ENPAB,cultural_center,2,http://www.enpab.it/,,Rome,"41,8811507","12,479148"
Enpapi,community_services_non_profits,2,http://www.enpapi.it/,,Rome,"41,9092837","12,4685604"
Enpav,community_services_non_profits,2,http://www.enpav.it/,,Rome,"41,9060797","12,5013815"
"Enrico Taranta, Julia Xu",architectural_designer,2,http://www.tarantadesign.com/,,Rome,"41,8893132","12,5296829"
Ente Nazionale Circhi - Circo.it,circus,2,http://www.circo.it/,,Rome,"41,9093824","12,5072331"
Ente Nazionale Felinotecnica  Italiana,community_services_non_profits,2,http://www.enfi.eu/,,Rome,"41,8849812","12,4561041"
Ente Nazionale Sordomuti,community_services_non_profits,2,https://www.ens.it/,,Rome,"41,8954508","12,4468084"
Epar Ente Paritetico,community_services_non_profits,2,http://www.epar.it/,,Rome,"41,9069983","12,4886561"
EquilibrioYoga Associazione - Yoga Roma Boccea Casalotti Selva Candida,cultural_center,2,http://www.equilibrioyoga.it/,,Rome,"41,9241934","12,3682703"
Equus Architects,architectural_designer,2,https://www.equusarchitects.com/,,Rome,"41,9138024","12,4560114"
era.ong,community_services_non_profits,2,https://era.ong/,,Rome,"41,89715","12,47632"
Erasmus Roma,community_services_non_profits,2,Ingen webbplats,,Rome,"41,9035547","12,4630956"
Erba Sacra,cultural_center,2,https://www.erbasacra.com/,,Rome,"41,8591399","12,5631"
Erboristeria Frassoni,community_services_non_profits,2,http://erboristeriafrassoni.com/,,Rome,"41,94836","12,6007"
Erboristeria Il campo di grano,attractions_and_activities,2,Ingen webbplats,,Rome,"41,7915122","12,407618"
Erboristeria Villini,community_services_non_profits,2,http://erboristeriavillini.com/,,Rome,"42,01331","12,49277"
ErgoSum,theatre,2,http://www.ergosumproduzioni.it/,,Rome,"41,920776","12,457363"
ERIFO,community_services_non_profits,2,http://www.erifo.it/,,Rome,"41,8972496","12,5367415"
ERSAF,community_services_non_profits,2,https://www.ersaf.it/,,Rome,"41,9102389","12,4771102"
ES.CO. DMO Esquilino Comunità - La Porta di Roma,cultural_center,2,http://www.esquilinocomunita.it/,,Rome,"41,88993","12,50321"
Escat Roma,fashion,2,http://escat-roma.myshopify.com/,,Rome,"41,8949425","12,4914265"
Esco Bar,arts_and_entertainment,2,Ingen webbplats,,Rome,"41,912622","12,520455"
Escursioni FederTrek,community_services_non_profits,2,http://escursioni.federtrek.org/,,Rome,"41,96263","12,45554"
Esman - Cava Lapilli e Pietre,art_supply_store,2,https://www.esmanroma.com/,,Rome,"41,7883037","12,5520603"
ESN Roma ASE - Erasmus Student Network,community_services_non_profits,2,http://www.esn-roma.it/,,Rome,"41,9017754","12,5144195"
ESSE Rete Associativa,community_services_non_profits,2,http://www.esserete.it/,,Rome,"41,8890033","12,4970095"
Esselle Divise,fashion,2,http://www.esselledivise.com/,,Rome,"41,8727","12,46128"
Essemme & ph,community_services_non_profits,2,Ingen webbplats,,Rome,"41,88495","12,53802"
Essentia Studio,architectural_designer,2,Ingen webbplats,,Rome,"41,8751649","12,4601899"
Estancias de Rafael,museum,2,http://id.wikipedia.org/wiki/Ruangan_Rafael,,Rome,"41,90246","12,4584"
Estate in Famiglia - Meeting della famiglia,community_services_non_profits,2,http://www.estateinfamiglia.it/,,Rome,"41,874107","12,531087"
ET Progetti,architectural_designer,2,http://www.etprogetti.it/,,Rome,"41,8553619","12,6550827"
ETHICare,community_services_non_profits,2,https://www.ethicare.it/,,Rome,"41,72946","12,48451"
Ethyka,architectural_designer,2,https://www.ethyka.eu/,,Rome,"41,9219699","12,4833739"
Etica e Autismo APS,community_services_non_profits,2,http://www.eticaeautismo.org/,,Rome,"41,85883","12,54075"
ETICity,community_services_non_profits,2,http://www.eticity.it/,,Rome,"41,8775243","12,5340809"
ÈTIMO,architectural_designer,2,http://www.studioetimo.com/,,Rome,"41,9064267","12,4777169"
Ettorepellegriniarchitettura,architectural_designer,2,Ingen webbplats,,Rome,"41,8943987","12,4924152"
EUconsult Italia,community_services_non_profits,2,http://www.euconsultitalia.org/,,Rome,"41,9181021","12,4623398"
Euphoria Dream -Shop,fashion,2,Ingen webbplats,,Rome,"41,8971691","12,5583943"
Eurobet di Albione SRL,arcade,2,http://eurobet.it/,,Rome,"41,9089722","12,4543756"
Eurocolor Srl Roma,arts_and_crafts,2,http://www.verniciroma.it/,,Rome,"41,8794255","12,4746513"
Europa centro-orientale,library,2,Ingen webbplats,,Rome,"41,89243","12,46757"
Europa InCanto,theatre,2,http://www.europaincanto.it/,,Rome,"41,8943428","12,4654763"
Europan Italia,community_services_non_profits,2,http://www.europan-italia.org/,,Rome,"41,898796","12,4723541"
Europe Direct Università degli Studi Roma Tre,community_center,2,http://europedirectromatre.eu/,,Rome,"41,8626225","12,4790267"
Eurotoga di Scalella Mauro,fashion,2,http://www.eurotoga.it/,,Rome,"41,9064052","12,4471912"
EVA - Emiliano Vitolo Architects,architectural_designer,2,https://evastudio.it/,,Rome,"41,9396706","12,4646474"
Evangelizzazione Italia,community_services_non_profits,2,http://www.comunitacristianadss.it/,,Rome,"41,8997","12,51648"
Event Music Planner,arts_and_entertainment,2,http://www.eventmusicplanner.com/,,Rome,"41,9255215","12,3870796"
Eventi Borotalco,arts_and_entertainment,2,http://eventiborotalco.wix.com/eventiborotalco,,Rome,"41,90883","12,54339"
Eventi Sissy Happy Days,community_services_non_profits,2,https://creazioni-di-sissy.webnode.it/,,Rome,"41,77674","12,349312"
EventimPerfetti,community_services_non_profits,2,https://www.eventimperfetti.it/,,Rome,"41,9148696","12,4389756"
Eventin Animazione & Spettacoli,arts_and_entertainment,2,http://www.event-in.it/,,Rome,"41,9528014","12,5720567"
Ex alunni ex insegnanti Istituto S. Giuliana Falconieri,community_services_non_profits,2,Ingen webbplats,,Rome,"41,9272202","12,4794406"
Ex Centro Culturale Municipale Giorgio Morandi,cultural_center,2,Ingen webbplats,,Rome,"41,8993577","12,5838529"
Ex Depò,cultural_center,2,https://www.parkopedia.it/parcheggi/garage/garage_exdepo/00121/roma/?vendor=here,,Rome,"41,7332138","12,274916"
EX FORTI,fashion,2,https://exforti.com/,,Rome,"41,9432","12,47307"
Exartè,fashion,2,Ingen webbplats,,Rome,"41,9001148","12,4751985"
"Express Yourself -  Talent ""Music All"" School",theatre,2,http://www.talentschool.tv/,,Rome,"41,8696847","12,5187733"
ExtraMoenia ,community_services_non_profits,2,https://www.extramoeniaaps.org/,,Rome,"41,8987916","12,4656088"
F.A.T.A.- Fondo Assicurativo Tra Agricoltori - SpA di Assicurazion,community_services_non_profits,2,Ingen webbplats,,Rome,"41,89902","12,4964"
F.i.Wu.K - Federazione Italiana di Wushu Kung Fu,community_services_non_profits,2,http://www.fiwuk.com/,,Rome,"41,9281551","12,4563192"
F.lli Di Carlo & Galdino,fashion,2,Ingen webbplats,,Rome,"42,03267","12,46979"
Fabio Mazzeo Architects,architectural_designer,2,https://fabiomazzeoarchitects.com/,,Rome,"41,8951829","12,4692021"
Fablab Roma - Innovation Gym,community_services_non_profits,2,http://innovationgym.org/,,Rome,"41,85458","12,55073"
Fabrizio Ena - Architetto,architectural_designer,2,http://www.archenastudio.com/,,Rome,"41,943006","12,534863"
Facile Assicurarti,fashion,2,Ingen webbplats,,Rome,"41,89088","12,46886"
Facile Ristrutturare,architectural_designer,2,https://www.facileristrutturare.it/roma/,,Rome,"41,9329001","12,5906132"
FacilitAscolto,community_services_non_profits,2,http://www.facilitascolto.it/,,Rome,"41,8446791","12,6174973"
FAD Fucine Architettura Design,architectural_designer,2,https://www.fucinead.it/,,Rome,"41,891769","12,5002084"
FAD FUCINE ARCHITETTURA DESIGN SRL,architect,2,http://www.fucinead.it/,,Rome,"41,87760162","12,5266304"
FADOI,community_services_non_profits,2,https://www.fadoi.org/,,Rome,"41,9210117","12,5246601"
FAI - Delegazione di Roma,community_services_non_profits,2,http://www.fairoma.it/,,Rome,"41,8946966","12,4780109"
FAI Antiusura Ostia Volare APS,community_services_non_profits,2,Ingen webbplats,,Rome,"41,7387847","12,2705913"
FAI Nazionale,community_services_non_profits,2,http://www.fai.it/,,Rome,"41,8900537","12,4748078"
FALBI - Pagina Ufficiale,community_services_non_profits,2,http://www.falbi.it/,,Rome,"41,8962777","12,4897968"
Falegnameria De Marinis - Trastevere,arts_and_entertainment,2,Ingen webbplats,,Rome,"41,8884697","12,4718704"
Famiglia & Minori Ets,community_services_non_profits,2,http://www.famigliaeminori.it/,,Rome,"41,9154776","12,4389608"
Famiglia Insieme Onlus,community_services_non_profits,2,http://www.famigliainsieme.org/,,Rome,"41,8674325","12,4870957"
Famiglia Point,community_services_non_profits,2,http://www.famigliapoint.org/,,Rome,"41,8877365","12,5044397"
Famiglia Romagnola APS,community_services_non_profits,2,http://www.famigliaromagnola.it/,,Rome,"41,9195149","12,4879181"
Famiglia Valtellinese di Roma,community_services_non_profits,2,http://www.famigliavaltellineseroma.it/,,Rome,"41,9051844","12,4784203"
Famiglie Digitali,community_services_non_profits,2,https://famigliedigitali.blogspot.com/,,Rome,"41,951586","12,546483"
Familia,community_services_non_profits,2,Ingen webbplats,,Rome,"41,891","12,51051"
Family 1,theatre,2,Ingen webbplats,,Rome,"41,89495","12,67829"
FaMo architettura,architectural_designer,2,https://www.houzz.it/pro/famoarchitettura/__public,,Rome,"41,8633012","12,4806429"
Fanfulla 5/a - Circolo Arci,community_services_non_profits,2,http://www.fanfulla5a.it/,,Rome,"41,8906764","12,5301972"
Fap Acli Sede Nazionale,community_services_non_profits,2,http://www.fap.acli.it/,,Rome,"41,8812778","12,4689692"
FAR Architettura,architectural_designer,2,http://www.francescofaraco.com/,,Rome,"41,9852421","12,5147357"
FARE CASA Ristrutturazioni Soluzioni per Abitare,architectural_designer,2,http://www.farecasaristrutturazioni.it/,,Rome,"41,8878897","12,5129679"
FareAmbiente - Movimento Ecologista Europeo,community_services_non_profits,2,http://www.fareambiente.it/,,Rome,"41,908355","12,469538"
Farfalle a Roma,community_services_non_profits,2,Ingen webbplats,,Rome,"41,87803","12,46735"
Farre+stevenson Architettura,architectural_designer,2,http://www.studiofarre.com,,Rome,"41,8548409","12,5632855"
Fashion Manager Academy,fashion,2,http://www.fashionmanageracademy.it/,,Rome,"41,8796067","12,3945188"
Fattoria di Chiara e Arianna Onlus,community_services_non_profits,2,http://www.fattoriadichiaraearianna.com/,,Rome,"41,8566121","12,4047986"
FAVO - Federazione italiana delle Associazioni di Volontariato in Oncologia,community_services_non_profits,2,http://www.favo.it/,,Rome,"41,9034078","12,4885201"
Fe y Alegria Roma - Irfeyal,community_services_non_profits,2,http://feyalegria.it/,,Rome,"41,8987772","12,484612"
Fede Designer Roma,fashion,2,http://www.fedesigner.it/,,Rome,"41,86681","12,48908"
Federacma,community_services_non_profits,2,http://www.federacma.it/,,Rome,"41,9452","12,51701"
Federazione ALICe Italia,community_services_non_profits,2,http://www.aliceitalia.org/,,Rome,"41,869813","12,525499"
Federazione dei Rievocatori Storici di Roma e Provincia,community_services_non_profits,2,http://www.federazionerievocatoridiroma.it/,,Rome,"41,919075","12,359011"
Federazione del Sociale USB,community_services_non_profits,2,http://www.usb.it/,,Rome,"41,8639224","12,5570115"
Federazione Italiana dello Scautismo,community_services_non_profits,2,http://www.scouteguide.it/,,Rome,"41,9004909","12,4648472"
Federazione Italiana dello Sport Universitario - FederCusi,community_services_non_profits,2,http://www.cusi.it/,,Rome,"41,9133","12,46256"
Federazione Italiana Exallievi ed Exallieve di Don Bosco,community_services_non_profits,2,http://www.exallievidonbosco.it/,,Rome,"41,87416","12,5312"
Federazione Italiana Palla Tamburello,community_services_non_profits,2,http://www.federtamburello.it/,,Rome,"41,9323914","12,4590737"
Federazione Italiana Panificatori Pasticcieri e Affini,community_services_non_profits,2,https://www.fippa.it/,,Rome,"41,9132782","12,504483"
Federazione Italiana Risk Manager Aziendali,community_services_non_profits,2,https://www.federisk.it/,,Rome,"41,92184","12,48229"
Federazione Italiana Sport Bowling,community_services_non_profits,2,http://www.fisb.it/,,Rome,"41,8476388","12,6066049"
Federazione Medie e Piccole Imprese,community_services_non_profits,2,http://www.fmpi.eu/,,Rome,"41,92341","12,46868"
Federazione Nazionale dei Cavalieri del Lavoro,community_services_non_profits,2,http://www.cavalieridellavoro.it/,,Rome,"41,904314","12,4911529"
Federazione Nutrizionisti Professionisti Italiani,community_services_non_profits,2,https://www.nutriprof.it/,,Rome,"41,8872859","12,5035427"
Federcaccia Nazionale,community_services_non_profits,2,http://www.federcaccia.org/,,Rome,"41,9196782","12,5006348"
FedercasaLab,community_services_non_profits,2,http://www.federcasa.it/,,Rome,"41,8978606","12,5004538"
Federcongressi&eventi,community_services_non_profits,2,http://www.federcongressi.it/,,Rome,"41,8967988","12,4769746"
Federconsumatori Lazio,community_services_non_profits,2,http://www.federconsumatori.lazio.it/,,Rome,"41,8932633","12,5020312"
Federcontribuenti,community_services_non_profits,2,https://www.federcontribuenti.it/,,Rome,"41,91021","12,47707"
Federculture,community_services_non_profits,2,http://www.federculture.it/,,Rome,"41,9014616","12,471955"
Federico Cappellin Architetto,architectural_designer,2,http://www.federicocappellin.it/,,Rome,"41,9199435","12,4609369"
Federitaly,community_services_non_profits,2,http://federitaly.it/,,Rome,"41,9077","12,47066"
Federmanager,community_services_non_profits,2,http://www.federmanager.it/,,Rome,"41,913012","12,5174771"
Federodontotecnica,community_services_non_profits,2,http://www.federodontotecnica.eu/#contatti,,Rome,"41,89963","12,47383"
Federpesca,community_services_non_profits,2,http://www.federpesca.it/,,Rome,"41,91067","12,4996"
Federsicurezza Italia,community_services_non_profits,2,http://www.federsicurezzaitalia.it/,,Rome,"41,9116973","12,4971125"
Federterziario,community_services_non_profits,2,http://www.federterziario.it/,,Rome,"41,9129166","12,4747409"
FeelGood Training APS,community_services_non_profits,2,https://www.feelgoodtraining.it/,,Rome,"41,90323","12,49566"
Femea Urban+,fashion,2,http://www.femea.it/,,Rome,"41,93766","12,53088"
Femminile Maschile Neutro,community_services_non_profits,2,https://www.femminilemaschileneutro.it/,,Rome,"41,90992","12,39443"
Fenice srls Restauro d'Opere d'Arte,art_restoration,2,http://www.fenicerestauro.com/,,Rome,"41,9176532","12,567681"
FenImprese Roma Centro,community_services_non_profits,2,http://www.fenimprese.com/,,Rome,"41,8857731","12,5427842"
Fenit.-Federazione Inquilini & Territorio,community_services_non_profits,2,https://www.fenit.eu/,,Rome,"41,88071","12,46912"
Fermerci,community_services_non_profits,2,http://www.fermerci.it/,,Rome,"41,92926","12,51854"
Ferramenta il Vascello,arts_and_crafts,2,http://www.ferramentailvascello.it/contatti,,Rome,"41,8851299","12,45964"
Ferramenta Web,arts_and_crafts,2,http://www.ferramentaweb.com/,,Rome,"41,816382","12,60769"
Festa del Libro e della Lettura di Ostia,community_services_non_profits,2,http://festadellibrodiostia.wordpress.com/,,Rome,"41,740494","12,2809175"
Festival InDivenire,theatre,2,https://festivalindivenire.it/,,Rome,"41,89218","12,53885"
Fever Ticket,performing_arts,2,,,Rome,"41,8366831","12,5014931"
FFF LNG,architectural_designer,2,http://www.ffflng.it/,,Rome,"41,87852","12,47235"
Fiab Roma Ruotalibera,community_services_non_profits,2,http://ruotalibera.org/,,Rome,"41,8619432","12,4874801"
FIABA Onlus,community_services_non_profits,2,http://www.fiaba.org/,,Rome,"41,8286678","12,4749309"
Fiaccola della carità,community_services_non_profits,2,http://www.fiaccoladellacarita.it/contatti.htm,,Rome,"41,853864","12,437229"
Fiadda APS,community_services_non_profits,2,http://www.fiadda.it,,Rome,"41,99192","12,49014"
Fiadda Roma APS,community_services_non_profits,2,http://fiaddaroma.it/,,Rome,"41,933729","12,511545"
FIARC - Federazione Italiana Agenti e Rappresentanti di Commercio,community_services_non_profits,2,http://www.fiarcweb.it/,,Rome,"41,899469","12,491626"
FIAS Federazione Italiana Associazioni Sordi,community_services_non_profits,2,http://www.fiassordi.it/,,Rome,"41,9149","12,4596"
FIB Federazione Italiana Bocce,community_services_non_profits,2,http://www.federbocce.it/,,Rome,"41,9593293","12,4878954"
FIB Fondazione Italiana Biologi,community_services_non_profits,2,https://www.fondazioneitalianabiologi.it/,,Rome,"41,8808809","12,4809704"
Fibonacci APS,community_services_non_profits,2,https://www.associazione-fibonacci.it/,,Rome,"41,88366","12,56291"
FIDAPA BPW Italy,community_services_non_profits,2,http://www.fidapa.org/,,Rome,"41,9066196","12,4938472"
Fidas Lazio,community_services_non_profits,2,https://www.fidaslazio.it/,,Rome,"41,8856037","12,5025697"
Field A1,attractions_and_activities,2,https://fielda1.com/,,Rome,"41,865172","12,5310615"
Fielmann - il tuo ottico,photography_store_and_services,2,https://www.fielmann.it/5256,,Rome,"41,97156953","12,5396875"
Fielmann - il tuo ottico,photography_store_and_services,2,https://www.fielmann.it/5251,,Rome,"41,9133875","12,6498752"
Fielmann - il tuo ottico,photography_store_and_services,2,https://www.fielmann.it/5247,,Rome,"41,8176891","12,4599907"
Fielmann - il tuo ottico,photography_store_and_services,2,https://www.fielmann.it/5246,,Rome,"41,8666306","12,4683614"
Fielmann - il tuo ottico,photography_store_and_services,2,https://www.fielmann.it/5245,,Rome,"41,9082901","12,4658853"
Fiesa Nazionale,community_services_non_profits,2,http://www.fiesa.it/,,Rome,"41,899416","12,491654"
Fiesta Fiesta,arts_and_crafts,2,Ingen webbplats,,Rome,"41,89919","12,51522"
Figli in Cielo,community_services_non_profits,2,http://www.figlincielo.it/,,Rome,"41,9012712","12,4469098"
FIlarete Studio,cultural_center,2,Ingen webbplats,,Rome,"41,8768507","12,5394855"
Filctem-Cgil Nazionale,community_services_non_profits,2,http://www.filctemcgil.it/,,Rome,"41,9066401","12,4938615"
FIMAA Roma,community_services_non_profits,2,http://www.fimaaroma.it/,,Rome,"41,8577194","12,4981305"
fio.PSD,community_services_non_profits,2,https://www.fiopsd.org/,,Rome,"41,9617571","12,5561929"
Fiori d'Acciaio,community_services_non_profits,2,http://www.fioridacciaio.net/,,Rome,"41,8754922","12,5190977"
Fiori D'Inverno - APS,community_services_non_profits,2,http://fioridinvernoaps.org/,,Rome,"41,86101","12,56558"
FIRE - Federazione Italiana per l'uso Razionale dell'Energia,community_services_non_profits,2,http://www.fire-italia.org/,,Rome,"42,043597","12,3050402"
First Social Life,community_services_non_profits,2,http://www.firstcisl.it/,,Rome,"41,9023451","12,4945918"
Fisapi - Feder Professioni-Intellettuali,community_services_non_profits,2,http://www.federprofessioni.it/,,Rome,"41,9059669","12,4457344"
FiscoCsen,community_services_non_profits,2,http://www.fiscocsen.it/,,Rome,"41,944901","12,465894"
FISH Ets,community_services_non_profits,2,http://www.fishonlus.it/,,Rome,"41,9284881","12,4777898"
Fismic Confsal Nazionale,community_services_non_profits,2,http://www.fismic.it/,,Rome,"41,9268188","12,6311276"
Fitel Lazio APS Federazione Italiana Tempo Libero,community_services_non_profits,2,http://www.fitel-lazio.it/,,Rome,"41,8962234","12,490053"
FiumeArchitecture.,architectural_designer,2,http://www.fiumearchitecture.com/,,Rome,"41,9173766","12,4577714"
Fivebet viale Spartaco,arcade,2,https://riccardosantonocito.com/,,Rome,"41,855558","12,5596467"
Flabber Records,record_label,2,Ingen webbplats,,Rome,"41,8887685","12,5385788"
Flipper Roma,community_center,2,https://t.me/FlipperRoma,,Rome,"41,9075787","12,49385"
FLP - Federazione Lavoratori Pubblici,community_services_non_profits,2,http://www.flp.it/,,Rome,"41,9117278","12,4971045"
FLP News,print_media,2,https://www.flp.it/flp-news/,,Rome,"41,911711","12,4970931"
FMSI NGO,community_services_non_profits,2,https://fmsi.ngo/,,Rome,"41,8226022","12,4747838"
FOCE - ConFederazione Oncologi Cardiologi Ematologi,community_services_non_profits,2,http://foce.online/,,Rome,"41,92887","12,48738"
Focsiv,community_services_non_profits,2,http://www.focsiv.it/,,Rome,"41,8979008","12,5148191"
FONDACA - Fondazione per la cittadinanza attiva,community_services_non_profits,2,https://us06web.zoom.us/meeting/register/tZwvcu2qqTwqHdyyr3dTKAVoQ7Tmi4AYZ7Ql,,Rome,"41,9026076","12,5058402"
Fondamenta_studio d'architettura,architectural_designer,2,Ingen webbplats,,Rome,"41,8949456","12,5131832"
Fondazione  Paola Droghetti  onlus,community_services_non_profits,2,http://www.fondazionepaoladroghetti.org/,,Rome,"41,8302729","12,4731519"
Fondazione Adriano Olivetti,community_services_non_profits,2,http://www.fondazioneadrianolivetti.it/,,Rome,"41,9014141","12,4719395"
Fondazione AIMC Onlus,community_services_non_profits,2,http://www.fondazioneaimc.org/,,Rome,"41,8967466","12,452982"
Fondazione Aldo Torsoli,community_services_non_profits,2,https://fondazionetorsoli.org/,,Rome,"41,9448301","12,5475958"
Fondazione Alighiero e Boetti,community_services_non_profits,2,https://fondazionealighieroeboetti.com/,,Rome,"41,8981182","12,4715375"
Fondazione And,community_services_non_profits,2,http://www.fondazioneand.it/,,Rome,"41,8842314","12,4850993"
Fondazione Andare Oltre onlus,community_services_non_profits,2,http://www.andareoltre.it/,,Rome,"41,93316","12,64835"
Fondazione Annamode,community_services_non_profits,2,http://www.fondazioneannamode.it/,,Rome,"41,907305","12,450174"
Fondazione Antonio Emanuele Augurusa,community_services_non_profits,2,http://www.fondazioneaugurusa.org/,,Rome,"41,899803","12,4907329"
Fondazione Aurora,community_services_non_profits,2,https://fondazioneaurora.org/,,Rome,"41,9095267","12,4780918"
Fondazione Bambino Gesù,community_services_non_profits,2,http://www.fondazionebambinogesu.it/,,Rome,"41,89521","12,46039"
Fondazione Baruchello,community_services_non_profits,2,https://fondazionebaruchello.com/,,Rome,"42,0408936","12,4274329"
Fondazione Basso,community_services_non_profits,2,https://www.fondazionebasso.it/,,Rome,"41,8987299","12,4753215"
Fondazione Beato Federico Ozanam,community_services_non_profits,2,http://www.fondazioneozanam.it/,,Rome,"41,896703","12,4775837"
Fondazione Bellincampi,community_services_non_profits,2,https://www.bellincampionlus.it/,,Rome,"41,8821612","12,4064923"
Fondazione Bertugno-Moulinier,community_services_non_profits,2,https://fondazione-bm.org/,,Rome,"41,8788412","12,5409479"
Fondazione Beta ETS,community_services_non_profits,2,https://www.fondazionebeta.it/,,Rome,"41,8962551","12,4996302"
Fondazione Bideri Napoli,community_services_non_profits,2,http://www.casabideri.it/blog/,,Rome,"41,9090659","12,4634639"
Fondazione Canossiana VOICA,community_services_non_profits,2,https://www.canossian.org/fondazione-canossiana-voica/,,Rome,"41,9633","12,40613"
Fondazione CAVE CANEM,community_services_non_profits,2,https://fondazionecavecanem.org/,,Rome,"41,9155643","12,5140934"
Fondazione Centro Studi Emigrazione - CSER,community_services_non_profits,2,http://www.cser.it/,,Rome,"41,8835907","12,4672044"
Fondazione Claudi,community_services_non_profits,2,http://www.fondazioneclaudi.it/contatti/,,Rome,"41,94154","12,47395"
Fondazione Comboniane nel Mondo ONLUS,community_services_non_profits,2,http://www.fondazionecombonianenelmondo.org/,,Rome,"41,9143551","12,4447557"
Fondazione CON IL SUD,community_services_non_profits,2,http://www.fondazioneconilsud.it/,,Rome,"41,8980213","12,4817631"
Fondazione Consulcesi,community_services_non_profits,2,https://www.fondazioneconsulcesi.org/,,Rome,"41,93287","12,63254"
Fondazione Craxi,community_services_non_profits,2,http://www.lesfide.org/,,Rome,"41,9217653","12,4966368"
Fondazione Cuore Domani SICCH Research - ONLUS,community_services_non_profits,2,http://www.cuoredomani.org/,,Rome,"41,9419901","12,4470439"
Fondazione Daniela Milano Onlus,community_services_non_profits,2,http://www.fondazionedanielamilano.it/,,Rome,"41,9307182","12,5249624"
Fondazione De Gasperi,community_services_non_profits,2,http://www.fondazionedegasperi.org/,,Rome,"41,8992582","12,4685544"
Fondazione Dià Cultura,community_services_non_profits,2,http://www.diacultura.org/,,Rome,"41,890683","12,380175"
Fondazione Diabete Ricerca Onlus,community_services_non_profits,2,http://www.diabetericerca.org/,,Rome,"41,916835","12,52394"
Fondazione Don Luigi Di Liegro,community_services_non_profits,2,http://www.fondazionediliegro.com/,,Rome,"41,8668192","12,4788366"
Fondazione Ducci,community_services_non_profits,2,http://www.fondazioneducci.org/,,Rome,"41,895327","12,469145"
Fondazione EBRI Rita Levi Montalcini,community_services_non_profits,2,http://www.ebri.it/,,Rome,"41,905045","12,5167554"
Fondazione Ecosistemi,community_services_non_profits,2,http://www.fondazioneecosistemi.org/,,Rome,"41,8973513","12,4742559"
Fondazione Emanuela Panetti Onlus Volontariato,community_services_non_profits,2,http://www.fondazioneemanuelapanetti.org/,,Rome,"41,8674073","12,5281082"
Fondazione Enasarco,community_services_non_profits,2,https://www.enasarco.it/,,Rome,"41,8684677","12,4946997"
Fondazione Enpam,community_services_non_profits,2,https://www.enpam.it/,,Rome,"41,89349","12,50547"
Fondazione Ente dello Spettacolo,community_services_non_profits,2,https://www.entespettacolo.org/,,Rome,"41,89149","12,41298"
Fondazione Epilessia LICE,community_services_non_profits,2,http://www.fondazionelice.it/,,Rome,"41,90505","12,49912"
Fondazione Frisiani-Santini,community_services_non_profits,2,http://www.frisiani-santini.eu/,,Rome,"41,950576","12,545355"
Fondazione Fulvio Roiter,community_services_non_profits,2,http://www.fondazionefulvioroiter.it/,,Rome,"41,9049208","12,4851916"
Fondazione Ghirotti,community_services_non_profits,2,http://www.fondazioneghirotti.it/,,Rome,"41,9232771","12,4974936"
Fondazione Giacomo Matteotti - Onlus,community_services_non_profits,2,http://www.fondazionematteottiroma.org/,,Rome,"41,9271582","12,4888553"
Fondazione GIMEMA (Gruppo Italiano Malattie EMatologiche dell'Adulto),community_services_non_profits,2,https://www.gimema.it/,,Rome,"41,8901002","12,5188273"
Fondazione Giorgio Castelli,community_services_non_profits,2,http://www.gc6.org/,,Rome,"41,879962","12,5378664"
Fondazione Giovanni Paolo II per lo Sport,community_services_non_profits,2,http://www.gp2sport.org/,,Rome,"41,9022245","12,4639354"
Fondazione Giuliani,community_services_non_profits,2,http://www.fondazionegiuliani.org/,,Rome,"41,8813366","12,4737841"
Fondazione Giulio Onesti,community_services_non_profits,2,http://www.fondazionegiulioonesti.it/,,Rome,"41,930504","12,454763"
Fondazione Giulio Pastore,community_services_non_profits,2,http://www.fondazionepastore.it/,,Rome,"41,8999519","12,4949846"
Fondazione Gramsci,community_services_non_profits,2,http://www.fondazionegramsci.org/,,Rome,"41,9228548","12,5064054"
Fondazione Guido Carli,community_services_non_profits,2,https://www.fondazioneguidocarli.it/,,Rome,"41,9189132","12,5113446"
Fondazione Heal,community_services_non_profits,2,https://www.progettoheal.com/,,Rome,"41,87528","12,41779"
Fondazione Il Cuore in Una Goccia Onlus,community_services_non_profits,2,https://www.ilcuoreinunagoccia.org/,,Rome,"41,9050956","12,4264031"
Fondazione il Fatto Quotidiano,community_services_non_profits,2,https://www.fondazioneilfattoquotidiano.org/,,Rome,"41,88339","12,4982"
Fondazione IncontraDonna,community_services_non_profits,2,http://www.incontradonna.it/,,Rome,"41,9133999","12,4540685"
Fondazione Ing. Roberto Almagià,cultural_center,2,http://www.fondazionealmagia.it/,,Rome,"41,90978","12,50681"
Fondazione InSé Onlus,community_services_non_profits,2,http://www.fondazioneinse.org/,,Rome,"41,8986622","12,488622"
Fondazione Insieme Per La Vista,community_services_non_profits,2,http://www.insiemeperlavista.com/,,Rome,"41,9021412","12,5051107"
Fondazione Internazionale Accademia Arco,community_services_non_profits,2,http://www.fondazionearco.com/,,Rome,"41,902418","12,477411"
Fondazione Internazionale Assistenza Sociale Fias,community_services_non_profits,2,http://www.fiasinternational.it,,Rome,"41,89935","12,48078"
Fondazione Internazionale Nova Spes,community_services_non_profits,2,http://www.novaspes.org/,,Rome,"41,9046499","12,46518"
Fondazione Italia Usa,community_services_non_profits,2,http://www.italiausa.org/,,Rome,"41,9082852","12,4889492"
Fondazione Italiana del Rene,community_services_non_profits,2,http://www.fondazioneitalianadelrene.org/,,Rome,"41,9033301","12,5082149"
Fondazione Italiana Endometriosi,community_services_non_profits,2,http://www.endometriosi.it/,,Rome,"41,91131","12,4543"
Fondazione Italiana Sommelier,cultural_center,2,http://www.bibenda.it/,,Rome,"41,9191128","12,4465421"
Fondazione Italiana Verso Il Futuro,community_services_non_profits,2,http://www.casaloro.it/,,Rome,"41,9125187","12,4626977"
Fondazione L'Arcobaleno di Marika Onlus,community_services_non_profits,2,http://www.arcobalenodimarika.it/,,Rome,"41,8998645","12,559527"
Fondazione La Rossa Primavera,community_services_non_profits,2,http://larossaprimavera.org/,,Rome,"41,89303","12,500724"
Fondazione la Sesta Città di Rifugio - ONLUS,community_services_non_profits,2,http://www.fondazionerifugio.it/,,Rome,"41,9434341","12,3865058"
Fondazione Lepanto,community_services_non_profits,2,https://www.fondazionelepanto.org/,,Rome,"41,8812121","12,4889514"
Fondazione LIMPE per il Parkinson Onlus,community_services_non_profits,2,https://www.fondazionelimpe.it/,,Rome,"41,9357545","12,5169557"
Fondazione Luigi Einaudi,community_services_non_profits,2,https://www.fondazioneluigieinaudi.it/,,Rome,"41,9025639","12,4626728"
Fondazione MAGIS,community_services_non_profits,2,http://www.fondazionemagis.org/,,Rome,"41,8957817","12,4803664"
Fondazione Magna Carta,community_services_non_profits,2,https://fondazionemagnacarta.it/,,Rome,"41,9091343","12,4608366"
Fondazione Maria e Goffredo Bellonci,community_services_non_profits,2,http://www.fondazionebellonci.it/,,Rome,"41,9234456","12,4962876"
Fondazione Mario Luzi,community_services_non_profits,2,http://www.marioluzi.it/,,Rome,"41,87287","12,42365"
Fondazione Marisa Bellisario - delegazione Sicilia,community_services_non_profits,2,http://www.fondazionebellisario.org/,,Rome,"41,9197022","12,4944507"
Fondazione Maruzza Lefebvre D'Ovidio ETS,community_services_non_profits,2,http://www.fondazionemaruzza.org/,,Rome,"41,9462973","12,4577379"
Fondazione Massimo Fagioli ETS,community_services_non_profits,2,https://massimofagioli.com/,,Rome,"41,8869455","12,4694094"
Fondazione Maurizio Cianfanelli Onlus,community_services_non_profits,2,http://www.fondazionemauriziocianfanelli.org/,,Rome,"41,82335","12,479724"
Fondazione Mente,community_services_non_profits,2,http://www.fondazionemente.org/,,Rome,"41,93288","12,4429"
Fondazione Metes,community_services_non_profits,2,https://linktr.ee/fondazionemetes,,Rome,"41,8821644","12,4711377"
Fondazione Mondo Digitale,community_services_non_profits,2,http://www.mondodigitale.org/,,Rome,"41,8548267","12,5507724"
Fondazione Movimento Bambino,community_services_non_profits,2,https://movimentobambino.it/,,Rome,"41,915159","12,4954228"
Fondazione Museo Alberto Sordi,community_services_non_profits,2,https://www.fondazionemuseoalbertosordi.org/,,Rome,"41,8798737","12,4971145"
"Fondazione Nazionale Anffas ""Durante e Dopo di Noi""",community_services_non_profits,2,http://www.fondazionenazionaleanffas.it/,,Rome,"41,8753448","12,5045498"
Fondazione NILDE IOTTI,community_services_non_profits,2,http://www.fondazionenildeiotti.it/,,Rome,"41,900581","12,50906"
Fondazione Omnia Onlus,community_services_non_profits,2,http://www.fondazioneomnia.eu/,,Rome,"41,8346496","12,4669162"
Fondazione Operation Smile Italia ETS,community_services_non_profits,2,https://operationsmile.it/,,Rome,"41,9160665","12,4645493"
Fondazione Patrizio Paoletti,community_services_non_profits,2,http://www.fondazionepatriziopaoletti.org/,,Rome,"41,9009652","12,4933523"
Fondazione per la Ricerca Economica e Sociale ETS,community_services_non_profits,2,http://www.fondazionebrunovisentini.eu/,,Rome,"41,9292936","12,4902749"
Fondazione per lo Sviluppo Sostenibile,community_services_non_profits,2,http://www.fondazionesvilupposostenibile.org/,,Rome,"41,9201755","12,5013116"
Fondazione Pietro Mennea Onlus,community_services_non_profits,2,http://www.fondazionepietromennea.it/,,Rome,"41,9090462","12,4591423"
Fondazione Pietro Nenni,community_services_non_profits,2,http://www.fondazionenenni.it/,,Rome,"41,9271643","12,4889738"
Fondazione Primoli,library,2,http://www.fondazioneprimoli.it/,,Rome,"41,9015611","12,4721185"
Fondazione Principe Alberto II di Monaco - Italia,community_services_non_profits,2,http://fpa2.org/,,Rome,"41,9240779","12,4874021"
Fondazione Prof. Massimo D'Antona ETS,community_services_non_profits,2,http://www.fondazionedantona.it/,,Rome,"41,9111079","12,5073484"
Fondazione Prosolidar,community_services_non_profits,2,http://www.fondazioneprosolidar.org/index.php/la-fondazione,,Rome,"41,8962318","12,4794689"
Fondazione Rita Levi-Montalcini Onlus,community_services_non_profits,2,http://www.ritalevimontalcini.org/,,Rome,"41,9117787","12,5166963"
Fondazione Roma Litorale,community_services_non_profits,2,http://www.fondazionerml.com/,,Rome,"41,7354133","12,2612156"
Fondazione Roma Sapienza,community_services_non_profits,2,https://www.fondazionesapienza.uniroma1.it/,,Rome,"41,901196","12,513083"
Fondazione Rubes Triva,community_services_non_profits,2,https://www.fondazionerubestriva.info/,,Rome,"41,9079304","12,4724578"
Fondazione S.S. Lazio 1900,community_services_non_profits,2,https://fondazionesslazio.org/,,Rome,"41,9089381","12,4714212"
Fondazione Sant'Eusebio,cultural_center,2,Ingen webbplats,,Rome,"41,92686","12,61502"
Fondazione Santina,community_services_non_profits,2,https://www.fondazionesantina.org/,,Rome,"41,9068616","12,486078"
Fondazione Santo Versace Ente Filantropico,community_services_non_profits,2,http://www.fondazionesantoversace.it/,,Rome,"41,9220251","12,4787359"
Fondazione Severino,community_services_non_profits,2,https://fondazioneseverino.org/,,Rome,"41,872317","12,476873"
Fondazione Socialismo Ets,community_services_non_profits,2,http://www.fondazionesocialismo.it/,,Rome,"41,8976621","12,4781613"
Fondazione Studi Oreste Bertucci,community_services_non_profits,2,http://www.fondazioneorestebertucci.it/,,Rome,"41,8506267","12,484448"
Fondazione Sue Ryder OdV,community_services_non_profits,2,http://www.sueryder.it/,,Rome,"41,9144673","12,6102311"
"Fondazione sul Giornalismo Italiano ""Paolo Murialdi""",library,2,http://www.fondazionemurialdi.it/,,Rome,"41,910228","12,499597"
Fondazione Sviluppo Europa Onlus,community_services_non_profits,2,http://www.fondazionesviluppoeuropa.it/,,Rome,"41,9283306","12,5769132"
Fondazione Tanghetti Chiari &  onlus,community_services_non_profits,2,http://tc-charityfoundation.org/,,Rome,"41,8753557","12,4544014"
Fondazione Tanturri,cultural_center,2,http://www.fondazionetanturri.it/,,Rome,"41,9132529","12,4753557"
Fondazione Telethon,community_services_non_profits,2,http://WWW.TELETHON.IT/,,Rome,"41,9034653","12,5048835"
Fondazione Thouret  onlus,community_services_non_profits,2,http://www.fondazionethouret.org/,,Rome,"41,8874509","12,4817147"
Fondazione TIM,community_services_non_profits,2,http://www.fondazionetim.it/,,Rome,"41,911124","12,496454"
Fondazione Ugo Bordoni,community_services_non_profits,2,http://www.fub.it/,,Rome,"41,9091823","12,50708"
Fondazione Ugo La Malfa,community_services_non_profits,2,http://www.fulm.org/,,Rome,"41,8946438","12,475569"
Fondazione Ugo Spirito e Renzo De Felice,library,2,http://www.fondazionespirito.it/,,Rome,"41,9305792","12,4918512"
Fondazione UNA Onlus,community_services_non_profits,2,http://fondazioneuna.org/,,Rome,"41,8354666","12,4643182"
Fondazione UniVerde,community_services_non_profits,2,http://www.fondazioneuniverde.it/,,Rome,"41,905594","12,4954404"
Fondazione Vertical,community_services_non_profits,2,http://www.fondazionevertical.org/,,Rome,"41,9344949","12,5865743"
Fondo ASIM,community_services_non_profits,2,http://www.fondoasim.it/,,Rome,"41,913647","12,4960793"
Fondo Assistenza Previdir,community_services_non_profits,2,http://www.previdir.it/,,Rome,"41,9128406","12,621675"
Fondo Conoscenza,community_services_non_profits,2,http://www.fondoconoscenza.it/,,Rome,"41,9111123","12,4958248"
Fondo Espero,community_services_non_profits,2,http://www.fondoespero.it/,,Rome,"41,8935015","12,488914"
Fondo FASDA,community_services_non_profits,2,http://www.fasda.it/,,Rome,"41,913753","12,518593"
Fondo Fon.Te.,community_services_non_profits,2,https://www.fondofonte.it/,,Rome,"41,8577099","12,4981549"
Fondo Interbancario di Tutela dei Depositi,community_services_non_profits,2,https://www.fitd.it/,,Rome,"41,896541","12,4804257"
Fondo Pegaso,community_services_non_profits,2,http://www.fondopegaso.it/,,Rome,"41,9138591","12,5019287"
Fondo Pensione Priamo,community_services_non_profits,2,http://www.fondopriamo.it/,,Rome,"41,9082462","12,4708737"
Fondo Studenti Italiani,community_services_non_profits,2,http://www.fondostudentiitaliani.it/,,Rome,"41,894103","12,4781309"
Fondolavoro,community_services_non_profits,2,http://www.fondolavoro.it/,,Rome,"41,8807226","12,4690629"
FondoSanità,community_services_non_profits,2,https://www.fondosanita.it/,,Rome,"41,9136454","12,4946217"
FONICAP-Forza Operativa Nazionale Interdisc. contro il cancro del polmone.,community_services_non_profits,2,http://www.fonicap.it/,,Rome,"41,7705608","12,4685185"
Fontana Di Piazza Barberini,arts_and_entertainment,2,Ingen webbplats,,Rome,"41,9037183","12,4886078"
Fontana Di Trevi,arts_and_entertainment,2,Ingen webbplats,,Rome,"41,8734666","12,5059748"
Fontana Di Trevi,arts_and_entertainment,2,Ingen webbplats,,Rome,"41,8126765","12,4752673"
Fontana Di Trevi,arts_and_entertainment,2,http://it.wikipedia.org/wiki/Fontana_di_Trevi,,Rome,"41,9060235","12,4612024"
Fontanone Colle Oppio,attractions_and_activities,2,Ingen webbplats,,Rome,"41,8949292","12,4998219"
"Fontantana Di Trevi, Roma",arts_and_entertainment,2,Ingen webbplats,,Rome,"41,8991249","12,477569"
Fonte di Mimir - Centro Culturale di Studi Nordici,community_services_non_profits,2,Ingen webbplats,,Rome,"41,9335058","12,5254981"
Fontedismaele,community_services_non_profits,2,https://www.fontedismaele.org/,,Rome,"41,8590497","12,5693279"
Food and Agriculture Organization of the United Nations (FAO),community_services_non_profits,2,https://www.fao.org/home/en,,Rome,"41,8829953","12,4890598"
Ford Club Roma,community_services_non_profits,2,https://www.facebook.com/groups/544389398979329/,,Rome,"41,8377231","12,595675"
Formaementis,architectural_designer,2,https://www.formaementis.com/,,Rome,"41,949219","12,5217762"
FormaScienza,community_services_non_profits,2,http://www.formascienza.org/sostienici.asp,,Rome,"41,85267","12,46881"
Forme,arts_and_crafts,2,http://www.formeroma.it/1.asp,,Rome,"41,887117","12,476941"
Forme Idea,arts_and_crafts,2,http://www.formeidea.it/,,Rome,"41,9380507","12,4640797"
Forno Piccol,arts_and_entertainment,2,Ingen webbplats,,Rome,"41,89709","12,68004"
Forof,museum,2,https://www.vivaticket.com/it/ticket/gelitin-gelatin/263746,,Rome,"41,8958886","12,484769"
Forte Antenne,cultural_center,2,http://forteantenne.it/,,Rome,"41,9379311","12,5007249"
Forte Portuense,arts_and_entertainment,2,Ingen webbplats,,Rome,"41,91052","12,52058"
Fortebraccio 56,fashion,2,Ingen webbplats,,Rome,"41,8897523","12,5299991"
Forum delle Associazioni Familiari,community_services_non_profits,2,http://www.forumfamiglie.org/,,Rome,"41,8923828","12,4719798"
Forum Europeo,community_services_non_profits,2,http://www.forumeuropeo.it/contatti.html,,Rome,"41,8787767","12,5715111"
Forum Italiano sulla Disabilità - FID,community_services_non_profits,2,https://www.uiciechi.it/AttivitaInternazionali/fid.asp,,Rome,"41,904439","12,480314"
Forum Nazionale Terzo Settore,community_services_non_profits,2,http://www.forumterzosettore.it/,,Rome,"41,9117299","12,4971096"
Forum Romanum,arts_and_entertainment,2,Ingen webbplats,,Rome,"41,8926768","12,4873132"
Forum Terzo Settore Lazio,community_services_non_profits,2,http://www.forumterzosettorelazio.it/,,Rome,"41,920177","12,460599"
FOSAN,community_services_non_profits,2,http://www.fosan.org/,,Rome,"41,9076387","12,4970538"
Frà Albenzio ODV,community_services_non_profits,2,http://fralbenzio.org,,Rome,"41,9063","12,4485383"
FRA Francesco Ragno Architects,architectural_designer,2,http://www.ragnoarchitects.it/,,Rome,"41,91327","12,45175"
Fragili,community_services_non_profits,2,http://www.fragili.org/,,Rome,"41,92756","12,49174"
Francesca A,fashion,2,http://www.francescaamilano.it/,,Rome,"41,94729","12,4673489"
Francesca Fini,cultural_center,2,https://www.francescafini.com/,,Rome,"41,94160375","12,46909341"
Francesca Rubbi Architecture,architectural_designer,2,http://www.francescarubbiarchitecture.it/,,Rome,"41,9505088","12,4486848"
Francescani Oggi ETS,community_services_non_profits,2,https://www.francescanioggi.it/,,Rome,"41,8933","12,48323"
Francesco Zarbano Architetto,architectural_designer,2,http://www.francescozarbano.it/,,Rome,"41,8760426","12,5164785"
Franco Zagari - Architettura e Paesaggio,architectural_designer,2,http://www.francozagari.it/,,Rome,"41,9149158","12,4619542"
Frate Jacopa,community_services_non_profits,2,http://www.coopfratejacopa.it/,,Rome,"41,8984434","12,4575834"
Fratelli Posti,fashion,2,https://fratelliposti.com/,,Rome,"41,8900245","12,4985483"
Frati Francescani Dell Antonement,library,2,Ingen webbplats,,Rome,"41,8995706","12,4723013"
Fremantle Media,fashion,2,Ingen webbplats,,Rome,"41,9166919","12,4628377"
Frutta e Verdura,dance_club,2,Ingen webbplats,,Rome,"41,8581848","12,4600773"
FSBA,community_services_non_profits,2,http://www.fondofsba.it/,,Rome,"41,89078","12,51085"
FSHD Italia aps,community_services_non_profits,2,http://www.fshditalia.org/,,Rome,"41,9108679","12,3892658"
FSP Polizia Roma,community_services_non_profits,2,http://www.fsp-poliziaroma.it/,,Rome,"41,90041","12,49169"
Fuksas,architectural_designer,2,http://www.fuksas.com/,,Rome,"41,893999","12,474131"
FUKYO OdV Protezione Civile,community_services_non_profits,2,http://Fukyoprotezionecivile.it/,,Rome,"41,983829","12,5519962"
Fuoco di Roma,fashion,2,https://www.etsy.com/shop/fuocodiroma,,Rome,"41,9453","12,4272923"
Fuoco Vivo,community_services_non_profits,2,Ingen webbplats,,Rome,"41,9231847","12,4415752"
Fuori Contesto,community_services_non_profits,2,http://www.fuoricontesto.it/,,Rome,"41,89764","12,51585"
FuoriDellaPorta,community_services_non_profits,2,http://www.fuoridellaporta.it/,,Rome,"41,897095","12,498029"
FuoriRiga - Associazione di Volontariato,community_services_non_profits,2,http://www.fuoririga.org/,,Rome,"41,9399491","12,4251509"
Fusione&Confusione.,library,2,http://www.bibliotu.it/,,Rome,"41,9013515","12,4719934"
Futbolstore Orange,fashion,2,http://www.futbolclub.it,,Rome,"41,934814","12,475398"
Futura Onlus,community_services_non_profits,2,http://www.coopfutura.org/,,Rome,"41,7353497","12,2642377"
Gabriele Mannino architects,architectural_designer,2,http://www.gabrielemannino.it/,,Rome,"41,8968615","12,4919328"
Gaerger-A,community_services_non_profits,2,https://www.gaerger.store/,,Rome,"41,9332461","12,4443449"
Gaia Solustri architetto,architectural_designer,2,http://www.gaiasolustri.it/,,Rome,"41,88665","12,46685"
Galego En Roma,cultural_center,2,https://www.lettere.uniroma1.it/users/attilio-castellucci,,Rome,"41,9012867","12,512533"
Galleria dei Candelabri,history_museum,2,Ingen webbplats,,Rome,"41,9043699","12,4542383"
Gamboni e Gennari Architetti,architectural_designer,2,https://www.gamboniegennari.it/,,Rome,"41,8738957","12,4570189"
Ganialma Group,architectural_designer,2,https://www.linkedin.com/company/ganialma-reconstruction-srl/,,Rome,"41,9190846","12,5003379"
GAR - Via Amerina,community_services_non_profits,2,http://www.gruppoarcheologico.it/gar/falerii-via-amerina-3,,Rome,"41,9119387","12,5235972"
"Garbatella- ""Le Petit Paris""",community_services_non_profits,2,https://garbatella-lepetitparis.com/,,Rome,"41,8624382","12,4902021"
Gas Testaccio Meticcio,community_services_non_profits,2,http://www.gastm.org/,,Rome,"41,8774913","12,4758262"
Gasparini Architetti,architectural_designer,2,http://www.gaspariniarchitetti.net/,,Rome,"41,8901448","12,5105521"
Gay Center,community_services_non_profits,2,https://gaycenter.it/,,Rome,"41,8778752","12,4755354"
Gaycs Lgbt,community_services_non_profits,2,http://www.gaycs.org/,,Rome,"41,9326938","12,5137603"
Gazzetta Amministrativa della Repubblica Italiana,community_services_non_profits,2,http://www.gazzettaamministrativa.it/servizi,,Rome,"41,9165466","12,467837"
Gcds Roma,fashion,2,Ingen webbplats,,Rome,"41,9089679","12,4784877"
Gds Villa Verde Odv,community_services_non_profits,2,http://gdsvillaverde.webnode.it/,,Rome,"41,8533331","12,6527044"
Gea-Odv Guardie Ecozoofile Ambientali ODV,community_services_non_profits,2,https://www.gea-odv.it/,,Rome,"41,895237","12,508027"
Gemme Dormienti Onlus,community_services_non_profits,2,https://gemmedormienti.it/,,Rome,"41,8997494","12,4963302"
Genesys Architetti,architectural_designer,2,http://www.genesystudio.it/,,Rome,"41,9158297","12,5095489"
Genitin Onlus,community_services_non_profits,2,http://www.genitin.it/,,Rome,"41,9298745","12,4296321"
Genitori con la patente - APS,community_services_non_profits,2,http://www.genitoriconlapatente.it/,,Rome,"41,9065043","12,6685834"
Genti e Paesi,community_services_non_profits,2,https://gentiepaesi.com/,,Rome,"41,9145912","12,5042057"
Geometra Francesco Bonanni,architectural_designer,2,http://geombonanni.weebly.com/,,Rome,"41,856891","12,6724398"
Geometra Paglione Andrea,architectural_designer,2,https://geometra-paglione-andrea.it/,,Rome,"41,931612","12,6460837"
Geometri di Roma,architectural_designer,2,https://geometridiroma.it/,,Rome,"41,873727","12,5280574"
Geopolitica.info,print_media,2,http://www.geopolitica.info/,,Rome,"41,8424","12,54702"
Geoponika,community_services_non_profits,2,http://www.geoponika.org/,,Rome,"41,905978","12,4712144"
Germanomoroniarchitetto,architectural_designer,2,https://www.germanomoroniarchitetto.it/,,Rome,"41,9904812","12,420572"
Germogli di Futuro,community_services_non_profits,2,http://www.germoglidifuturo.org/,,Rome,"41,8331777","12,5995661"
GIAM,dance_club,2,Ingen webbplats,,Rome,"41,8709106","12,4762802"
GIAM Summer: House of Love,dance_club,2,Ingen webbplats,,Rome,"41,83837","12,47136"
Giammetta Architects-page,architectural_designer,2,http://www.giammetta.it/,,Rome,"41,9537002","12,4827375"
Giancarlo Zema Design Group,architectural_designer,2,http://www.giancarlozema.com/,,Rome,"41,9142025","12,5206865"
Gianluca Ferrari Architetto,architectural_designer,2,http://gianlucaferrari.it/,,Rome,"41,8575504","12,602759"
GIANO Public History APS,community_services_non_profits,2,https://www.gianophaps.it/,,Rome,"41,89582","12,49564"
Giardinetto di Largo Maccagno,attractions_and_activities,2,Ingen webbplats,,Rome,"41,91675","12,439669"
Giardini Beato Tommaso Maria Fusco,attractions_and_activities,2,Ingen webbplats,,Rome,"41,8701956","12,5252068"
Giardini Vaticani,attractions_and_activities,2,Ingen webbplats,,Rome,"41,9028673","12,4507719"
Giardino del Lago,attractions_and_activities,2,Ingen webbplats,,Rome,"41,9144569","12,4830113"
Giardino Delle Streghe EUR,attractions_and_activities,2,https://giardinodellestreghe.jimdofree.com/,,Rome,"41,823074","12,4846265"
Giardino di Sant'Andrea al Quirinale,attractions_and_activities,2,Ingen webbplats,,Rome,"41,9009213","12,4902147"
giardino Margherita Muzzone,community_services_non_profits,2,Ingen webbplats,,Rome,"41,8799735","12,464335"
Giardino Mario Zicchieri,attractions_and_activities,2,Ingen webbplats,,Rome,"41,8879776","12,5351218"
Giardino Romano Radici,community_services_non_profits,2,Ingen webbplats,,Rome,"41,8791011","12,4799105"
Giardino Spritz,dance_club,2,Ingen webbplats,,Rome,"41,9387569","12,4726527"
Gigi Proietti Globe Theatre Silvano Toti,theatre,2,https://globearena.it/,,Rome,"41,9144526","12,4856732"
Ginger Clothing,fashion,2,Ingen webbplats,,Rome,"41,9030044","12,4221448"
GIOCA PET Therapy,community_services_non_profits,2,https://www.giocapettherapy.it/,,Rome,"41,78544","12,5263327"
Giocagioia Roma,community_services_non_profits,2,http://www.torraccia.net/,,Rome,"41,9503599","12,5848256"
Gioiellino,cultural_center,2,Ingen webbplats,,Rome,"41,9184929","12,4799923"
Giordana Varon Fashion Designer,fashion,2,Ingen webbplats,,Rome,"41,863003","12,457743"
Giordano Bruno,cultural_center,2,Ingen webbplats,,Rome,"41,9008908","12,4863904"
Giovani delle ACLI,community_services_non_profits,2,https://giovanidelleacli.com/,,Rome,"41,8812944","12,4690941"
Giovani per la pace,community_services_non_profits,2,http://www.giovaniperlapace.it/,,Rome,"41,8902746","12,4776362"
Giovani Sacro Cuore,community_services_non_profits,2,http://www.basilicadelsacrocuore.it/giovani,,Rome,"41,90236","12,50267"
Giovanna d'Arco Onlus,community_services_non_profits,2,http://www.giovannadarco.eu/,,Rome,"41,9132","12,5065"
Giovenale 2.0,cultural_center,2,Ingen webbplats,,Rome,"41,9319397","12,5608426"
Gira Girasole Coop,community_services_non_profits,2,http://www.giragirasole.com/,,Rome,"41,8449004","12,3577899"
Girò Outlet,fashion,2,Ingen webbplats,,Rome,"41,9185959","12,4984637"
GIT Lazio delle socie e dei soci di Banca Etica a Roma e nel Lazio,community_services_non_profits,2,https://www.bancaetica.it/git/lazio-nord,,Rome,"41,90643","12,49443"
Giunti Architetture,architectural_designer,2,http://www.giuntiarchitetture.com/,,Rome,"41,8185724","12,4543603"
Giuseppe meazza,auditorium,2,Ingen webbplats,,Rome,"41,87192","12,56739"
Giustini / Stagetti Roma,history_museum,2,http://giustinistagetti.com/,,Rome,"41,9044245","12,4777789"
Giustizia Medica,community_services_non_profits,2,http://www.giustiziamedica.it/,,Rome,"42,0285701","12,4670233"
GIVA Associazione di Promozione Sociale,community_services_non_profits,2,Ingen webbplats,,Rome,"41,8777731","12,3495582"
Glamourboutiqueostia,fashion,2,Ingen webbplats,,Rome,"41,739215","12,2539535"
GLaS Architettura,architectural_designer,2,http://www.glasarchitettura.com/,,Rome,"41,89498","12,517263"
Gli amici di Mi.Ro.,community_services_non_profits,2,Ingen webbplats,,Rome,"41,907659","12,289302"
Gli Amici di San Massimiliano kolbe,community_services_non_profits,2,https://www.parrocchiasmak.it/,,Rome,"41,88439","12,66392"
Gli Orti di Casa Mia,attractions_and_activities,2,Ingen webbplats,,Rome,"41,781282","12,327234"
GliArchitetti,architectural_designer,2,http://www.gliarchitetti.com/,,Rome,"41,8762925","12,5051698"
Global Action Italy,community_services_non_profits,2,https://diplomacyeducation.org/it/lavora-con-noi/,,Rome,"41,9078996","12,4622649"
Global Friends,community_services_non_profits,2,http://www.global-friends.it/,,Rome,"41,9262834","12,4862927"
Global Shapers - Rome Hub,community_services_non_profits,2,https://www.globalshapers.org/hubs/rome-hub,,Rome,"41,9031714","12,4852753"
GlobalArch,architectural_designer,2,http://www.globalarch.it/,,Rome,"41,8936339","12,4346488"
Glocus,community_services_non_profits,2,http://www.glocus.it/,,Rome,"41,927079","12,479077"
Gloss Disco,dance_club,2,Ingen webbplats,,Rome,"41,8753215","12,4744487"
Glow Store,fashion,2,http://www.glowstore.it/,,Rome,"41,9443698","12,5501045"
GML GiuridicaMente Libera,community_services_non_profits,2,http://www.giuridicamentelibera.it/,,Rome,"41,88738","12,53395"
Gold Events,dance_club,2,Ingen webbplats,,Rome,"41,8717679","12,5515609"
Goletta Verde,community_services_non_profits,2,https://golettaverde.legambiente.it/,,Rome,"41,9339422","12,5068121"
Good Shepherd International Foundation,community_services_non_profits,2,http://www.gsif.it/,,Rome,"41,8887594","12,4030253"
GOSMI - Gran Loggia Nazionale Italiana,community_services_non_profits,2,http://gosmi.altervista.org/30/,,Rome,"41,942843","12,5386246"
Goupille - Stefania Ceccarani,fashion,2,http://www.goupille.it/,,Rome,"41,8935634","12,435131"
GPI S p A sede di Roma,radio_station,2,Ingen webbplats,,Rome,"41,8661613","12,4961292"
Grammer Tappeti,art_restoration,2,https://www.grammertappeti.it/,,Rome,"41,9420356","12,4623884"
Gran Magistero del Sacro Militare Ordine Costantiniano di San Giorgio,community_services_non_profits,2,http://www.ordinecostantiniano.it/,,Rome,"41,9064803","12,4946068"
Granata ROMA,arts_and_crafts,2,http://www.granataroma.it,,Rome,"41,94623","12,48581"
Granata Roma dal 1861,fashion,2,http://www.selleriagranata.it/,,Rome,"41,94205","12,48251"
Grande Oriente d'Italia,community_services_non_profits,2,http://www.grandeoriente.it/,,Rome,"41,888028","12,459458"
Grazzini Tonazzini,architect,2,http://www.grazzinitonazzini.com/,,Rome,"41,8762485","12,5035217"
Grecam Associazione di Promozione Sociale,community_services_non_profits,2,http://www.grecam.it/,,Rome,"41,8934185","12,5062225"
Green Impact,community_services_non_profits,2,https://www.greenimpact.it/it/,,Rome,"41,8834609","12,487641"
Green Key Italia,community_services_non_profits,2,https://www.green-key.it/,,Rome,"41,92036","12,504631"
Gruppi Archeologici d'Italia,design_museum,2,http://www.gruppiarcheologici.org/,,Rome,"41,911965","12,52351"
Gruppi Monteverde Attiva,community_services_non_profits,2,http://www.monteverdeattiva.org/,,Rome,"41,871431","12,446153"
Gruppi Volontariato Vincenziano - AIC Italia,community_services_non_profits,2,http://www.gvvaicitalia.it/it/,,Rome,"41,91018","12,4673"
Gruppo Accademia di Ricerca e Formazione Clinicopedagogica e Psicosociale,community_services_non_profits,2,Ingen webbplats,,Rome,"41,8520857","12,5016945"
Gruppo Castaldi,architectural_designer,2,https://www.gruppocastaldi.it/,,Rome,"41,92109","12,4805416"
Gruppo Cinofilo Capitolino,community_services_non_profits,2,http://www.gruppocinofilocapitolino.com/,,Rome,"41,9495243","12,5616398"
Gruppo Donatori di Sangue «Carla Sandri»,community_services_non_profits,2,http://www.gdscarlasandri.it/,,Rome,"41,8849198","12,498262"
"Gruppo Donatori Sangue ""F. Olgiati” ODV",community_services_non_profits,2,http://www.donatoriolgiati.org/,,Rome,"41,9292019","12,4290499"
Gruppo Extraball,arcade,2,http://gruppoextraball.it/,,Rome,"41,8672122","12,5355971"
Gruppo Fermodellistico Tartaruga,community_services_non_profits,2,http://www.gftartaruga.it/,,Rome,"41,8573171","12,4838636"
Gruppo Giovani Imprenditori Unindustria,community_services_non_profits,2,http://www.un-industria.it/,,Rome,"41,9131888","12,6193974"
Gruppo Idee,community_services_non_profits,2,http://www.gruppoidee.com/,,Rome,"41,94366","12,51029"
Gruppo India,community_services_non_profits,2,http://www.gruppoindia.it/,,Rome,"41,8958103","12,4803518"
Gruppo Ingegneri,architectural_designer,2,http://www.gruppoingegneri.it/,,Rome,"41,9392161","12,5290516"
Gruppo LES Italiano ODV,community_services_non_profits,2,http://www.lupus-italy.org/,,Rome,"41,91568","12,5471"
Gruppo Mosaiko Roma,community_services_non_profits,2,http://www.mosaikoroma.com/,,Rome,"41,8488646","12,6280391"
Gruppo Otosub,community_services_non_profits,2,http://www.otosub.it/,,Rome,"41,92133","12,46625"
Gruppo Roma - CISOM - Corpo Italiano di Soccorso dell'Ordine di Malta,community_services_non_profits,2,http://www.cisom.org/,,Rome,"41,88387","12,47711"
Gruppo Roma 10 CNGEI - Associazione Scout Laica - III Municipio,community_services_non_profits,2,http://cngeiroma.it/,,Rome,"41,9570508","12,5356833"
Gruppo Roma 15 CNGEI - Associazione Scout Laica,community_services_non_profits,2,https://cngeitorri.blogspot.it/,,Rome,"41,87326","12,60282"
Gruppo ROMA 6 CNGEI V Municipio,community_services_non_profits,2,https://cngeiroma.it/,,Rome,"41,893095","12,528381"
"Gruppo Scout AGESCI ""Roma 8""",community_services_non_profits,2,http://www.roma8.org/,,Rome,"41,9177167","12,4654808"
Gruppo Scout Agesci Roma 120,community_services_non_profits,2,Ingen webbplats,,Rome,"41,8912078","12,5292963"
Gruppo Scout Agesci Roma 63,community_services_non_profits,2,Ingen webbplats,,Rome,"41,9313468","12,5214953"
Gruppo Scout Agesci Roma 65,community_services_non_profits,2,http://www.roma65.eu,,Rome,"41,9177282","12,5502759"
Gruppo Scout Agesci Roma 66,community_services_non_profits,2,http://www.agesciroma66.it/,,Rome,"41,9332721","12,5264133"
Gruppo scout agesci Roma 77,community_services_non_profits,2,Ingen webbplats,,Rome,"41,9479268","12,5584689"
Gruppo Scout ASE Roma 51,community_services_non_profits,2,http://www.roma51.it/,,Rome,"41,8605215","12,4920955"
Gruppo Scout Ostia I,community_services_non_profits,2,http://www.ostia1.it/,,Rome,"41,7374684","12,2916113"
Gruppo scout Roma 11,community_services_non_profits,2,http://www.grupposcoutroma11.it/,,Rome,"41,8970822","12,5146543"
Gruppo Scout Roma 119,community_services_non_profits,2,http://roma119.wix.com/roma119,,Rome,"41,8523023","12,5876823"
Gruppo Scout Roma 129,community_services_non_profits,2,http://www.scoutroma129.it/,,Rome,"41,8965211","12,4316225"
Gruppo Scout Roma 147,community_services_non_profits,2,http://www.roma147.org/,,Rome,"41,8628197","12,4443102"
Gruppo Scout Roma 5 - Regina Pacis,community_services_non_profits,2,Ingen webbplats,,Rome,"41,7319954","12,281996"
Gruppo Sociale Difesa Valori e Diritti 4.0,community_services_non_profits,2,Ingen webbplats,,Rome,"41,85817","12,43942"
Gruppo spa,architectural_designer,2,https://gruppo-spa.it/,,Rome,"41,9281878","12,4422851"
Guardia Rurale Ausiliaria NOGRA Coordinamento Nazionale Roma,community_services_non_profits,2,Ingen webbplats,,Rome,"41,92779","12,35242"
GUESS,designer_clothing,2,https://www.guess.eu/-/home,,Rome,"41,80814743","12,48582935"
Guglielmo Luzietti Architetti,architectural_designer,2,http://www.ufficiodiarchitettura.it/,,Rome,"41,9485858","12,4577008"
GVultaggio,architectural_designer,2,http://www.gvultaggio.it/,,Rome,"41,8867457","12,5341018"
H Design srl,architectural_designer,2,http://www.hdesignroma.it/,,Rome,"41,9426369","12,5225094"
H.UNICA,architectural_designer,2,https://h-unica.com/,,Rome,"41,9220316","12,4938527"
Hacker Porn Film Festival - HPFF,cinema,2,https://www.hackerpornfest.com/,,Rome,"41,88811","12,53033"
Hagape 2000 APS,community_services_non_profits,2,http://www.hagape2000aps.it/,,Rome,"41,865459","12,4843324"
Halapage,fashion,2,http://www.halapage.it/,,Rome,"41,9730215","12,4305703"
Haliéus,community_services_non_profits,2,http://www.halieus.it/,,Rome,"41,917109","12,5149589"
Hall Doria Pamphili,dance_club,2,Ingen webbplats,,Rome,"41,8868995","12,4780718"
Handbags designed by Sophie Habsburg,fashion,2,https://www.sophiehabsburg.com/,,Rome,"41,8995808","12,4684676"
"Happy il centro estivo dei bambini, liberi di divertirsi.",community_services_non_profits,2,Ingen webbplats,,Rome,"41,86336","12,55022"
Happy Surf,community_services_non_profits,2,http://www.happysurf.it/,,Rome,"41,73721","12,25371"
Harambee Africa International,community_services_non_profits,2,http://www.harambee-africa.org/,,Rome,"41,8950282","12,4705127"
HARD ROCK FUN casino,dance_club,2,Ingen webbplats,,Rome,"41,9069955","12,4461163"
"Harlequin - Vernici, Carte da parati, Stucchi -",architectural_designer,2,http://www.harlequinroma.it/,,Rome,"41,7710714","12,3595337"
Harley Davidson Lovers Saloon,community_services_non_profits,2,Ingen webbplats,,Rome,"41,9","12,5"
Harm Di Harmadskyi Andrii,art_restoration,2,Ingen webbplats,,Rome,"41,8823034","12,5364341"
Hashtag,dance_club,2,Ingen webbplats,,Rome,"41,87626","12,48342"
Havana al Porto,dance_club,2,Ingen webbplats,,Rome,"41,737542","12,252834"
HELL FIRE CLUB - ex Overtime,dance_club,2,Ingen webbplats,,Rome,"41,8951819","12,5134188"
Hello Fish: La bontà sostenibile,community_services_non_profits,2,http://www.hellofish.it/,,Rome,"41,9081413","12,4975032"
Help Center - Polo Sociale di Roma Termini,community_services_non_profits,2,Ingen webbplats,,Rome,"41,8966501","12,510561"
Henosis Counseling e Formazione,community_services_non_profits,2,https://www.henosis.it/,,Rome,"41,909632","12,521413"
Heritup,cultural_center,2,https://heritup.it/academy/,,Rome,"41,91719","12,46707"
Hermes APS,community_services_non_profits,2,http://www.hermesonlus.it/,,Rome,"41,8678751","12,5739162"
Hesedra Boutique,fashion,2,http://www.hesedrarome.com/,,Rome,"41,9031387","12,4766768"
Hidalgoarte Magazine di Informazione sull'Arte di Sculture in Campo,community_services_non_profits,2,http://www.hidalgoarte.it/,,Rome,"41,89441","12,4896999"
Hidrogea srl,history_museum,2,http://www.hidrogea.it/,,Rome,"41,9514227","12,4832447"
Highlander Club,community_services_non_profits,2,http://www.highlanderclub.it/,,Rome,"42,0245","12,46652"
HIMALAYA,fashion,2,http://www.himalayashop.it/,,Rome,"41,8994595","12,5178525"
Himalayan Tibet Shop,arts_and_crafts,2,Ingen webbplats,,Rome,"41,90207","12,47542"
Hippy Market,fashion,2,Ingen webbplats,,Rome,"41,84749","12,54972"
Hobby & Colors Italia,arts_and_crafts,2,http://www.hobbycolors.it/,,Rome,"41,9531525","12,5129962"
Hobby House Modellismo,arts_and_crafts,2,https://www.laserkit.it/,,Rome,"41,94672299","12,55950137"
Hollywood tutto sul Cinema,cinema,2,http://www.hollywood-video.it/,,Rome,"41,8958121","12,4695014"
Hollywoodparty Rai Radio3,cinema,2,http://www.raiplaysound.it/programmi/hollywoodparty,,Rome,"41,9193553","12,4626783"
HomeIng,architectural_designer,2,http://www.homeing.it/,,Rome,"41,8528815","12,4587599"
HomeRo Studio,architectural_designer,2,https://homerostudio.it/,,Rome,"41,8941369","12,489184"
HOP FILM,cinema,2,http://www.hop-film.it/,,Rome,"41,88499","12,51232"
Horrea Vespasiani,attractions_and_activities,2,Ingen webbplats,,Rome,"41,8927839","12,484372"
Hotel Villa San Pio,venue_and_event_space,2,https://www.aventinohotels.com/,,Rome,"41,881745","12,4808454"
Hrd-Ong Resilienza Italia Onlus,community_services_non_profits,2,http://www.resilienzaitalia.org/,,Rome,"41,8237277","12,4983268"
Hub For Kimbondo,community_services_non_profits,2,http://www.hubforkimbondo.it/,,Rome,"41,8447231","12,3574559"
Human Foundation,community_services_non_profits,2,http://humanfoundation.it/ita/,,Rome,"41,9280356","12,4670674"
Human Touch Media,cinema,2,http://www.humantouchmedia.it/,,Rome,"41,9035695","12,5373887"
Humanitas,community_services_non_profits,2,https://www.paypal.com/donate?campaign_id=MLA3ZRJPVL8XU,,Rome,"41,83553","12,46521"
I Borghi Piu' Belli D'Italia,community_services_non_profits,2,http://www.borghipiubelliditalia.it/,,Rome,"41,8778437","12,4674083"
I Camelot Show Varieta',theatre,2,http://www.attoricamerieri.it/,,Rome,"41,8900754","12,4993602"
I Circoli,community_services_non_profits,2,http://www.aipd-roma.it/,,Rome,"41,9004993","12,536122"
I Doni di Papa Francesco,community_services_non_profits,2,https://idonidipapafrancesco.wixsite.com/idonidipapafrancesco,,Rome,"41,9023514","12,46171"
I fili dell'unicorno,arts_and_crafts,2,Ingen webbplats,,Rome,"41,9649898","12,5232271"
I Gatti del Verano - Animal Welfare Odv,community_services_non_profits,2,http://www.igattidelverano.it/,,Rome,"41,901301","12,518087"
I Giardini di Lagosanto,community_services_non_profits,2,http://www.igiardinidilagosanto.com/,,Rome,"41,7902677","12,4160086"
I Giardini Di Ottavia,attractions_and_activities,2,http://www.giardinidiottavia.it,,Rome,"41,9594403","12,3974596"
𝑰 𝑮𝒊𝒐𝒓𝒏𝒂𝒍𝒂𝒊 𝒔𝒏𝒄,newspaper_and_magazines_store,2,Ingen webbplats,,Rome,"41,8484162","12,5917344"
I laboratori di restyling,community_services_non_profits,2,Ingen webbplats,,Rome,"41,9520205","12,4579689"
I Love Pompieri,community_services_non_profits,2,http://www.ilovepompieri.it/,,Rome,"41,8262395","12,561602"
I Motori del Gusto,community_services_non_profits,2,https://www.imotoridelgusto.com/,,Rome,"41,9730759","12,5505482"
I Percorsi delle Muse,cultural_center,2,http://www.hoteldianaroma.com/,,Rome,"41,9007","12,49733"
I Portici di Monte Cervialto,community_services_non_profits,2,https://forms.gle/5TJkqVTuPZzhodJH8,,Rome,"41,95339","12,52337"
I Rumori dell'Anima di Paola Bosca,community_services_non_profits,2,http://www.irumoridellanima.com/,,Rome,"41,9343641","12,5118481"
I sosia,cinema,2,http://www.isosia.com,,Rome,"41,86352","12,55177"
I Tappezzieri dal 1974,fashion,2,Ingen webbplats,,Rome,"41,8811252","12,5631171"
I.dea.lab Italian Design,architectural_designer,2,http://www.iacoarchitect.com/,,Rome,"41,89244","12,536035"
iada - Studio di Architettura,architectural_designer,2,https://www.houzz.it/pro/studio-iada/studio-iada,,Rome,"41,8737513","12,51567"
Iapb Italia ETS-Agenzia internazionale per la prevenzione della cecità,community_services_non_profits,2,https://www.iapb.it/,,Rome,"41,8877213","12,5107242"
Ias:atelier,architectural_designer,2,http://www.iasatelier.com/,,Rome,"41,8998772","12,4645897"
IATT Italian Association for Trenchless Technology,community_services_non_profits,2,http://www.iatt.it/,,Rome,"41,9052302","12,4456631"
IB Atelier Sposa,fashion,2,Ingen webbplats,,Rome,"41,9304638","12,5203754"
Icbie Europa Onlus,community_services_non_profits,2,http://www.icbieuropaonlus.org/,,Rome,"41,8733647","12,4701911"
ICC Italia,community_services_non_profits,2,https://iccitalia.org/,,Rome,"41,9282842","12,4850572"
ICCU - Istituto Centrale per il Catalogo Unico,library,2,https://www.iccu.sbn.it/it/,,Rome,"41,9059001","12,5058786"
ICF Italia,community_services_non_profits,2,http://www.coachingfederation.it/,,Rome,"41,899037","12,467237"
ICPAL - Istituto Centrale per la Patologia degli Archivi e del Libro,museum,2,https://icpal.beniculturali.it/,,Rome,"41,8973139","12,4916023"
ICS - Istituto per la Cultura e il Sociale,community_services_non_profits,2,http://www.ics.roma.it/,,Rome,"41,8916604","12,5416723"
ICSOR,museum,2,http://www.icsor.it/,,Rome,"41,9114699","12,4578992"
ICSS - International Center of Science and Sport,community_services_non_profits,2,Ingen webbplats,,Rome,"41,8728325","12,6472684"
"ICstat, ""International Cooperation Center for Statistics""",community_services_non_profits,2,http://www.icstat.org,,Rome,"41,90925","12,4567029"
Idea Design Casa,architectural_designer,2,https://ideadesign.vision/sede-di-roma/,,Rome,"41,8934952","12,4756388"
IDEA Europa,community_services_non_profits,2,http://www.ideaeuropa.it/,,Rome,"41,8699835","12,5770351"
IDS - Imprenditori di Sogni,theatre,2,http://www.imprenditoridisogni.com/,,Rome,"41,87975","12,5293"
IDS • Infante Design Studio •,architectural_designer,2,http://www.architetturaroma.eu/,,Rome,"41,8900322","12,536489"
Ierfop Roma Onlus,community_services_non_profits,2,http://www.ierfop.org/,,Rome,"41,9132386","12,5075479"
IFREP 93,community_services_non_profits,2,http://www.ifrep.it/,,Rome,"41,9590583","12,5234838"
IGBONationWorld WIDE,community_services_non_profits,2,https://ezeigbo-modern-technology-products.myshopify.com/,,Rome,"41,887278","12,612696"
iKairos,community_services_non_profits,2,http://www.ikairos.it/,,Rome,"41,88145","12,46734"
"IL ""T""",theatre,2,Ingen webbplats,,Rome,"41,8755543","12,4687377"
Il Babuino,museum,2,Ingen webbplats,,Rome,"41,91842","12,49151"
Il Bello delle Donne / Murales,fashion,2,Ingen webbplats,,Rome,"41,846638","12,4587542"
Il Borgo dell'Est,community_services_non_profits,2,http://www.ilborgodellest.it/,,Rome,"41,9139608","12,7887618"
Il Bosco Incantato Sala per eventi,community_services_non_profits,2,Ingen webbplats,,Rome,"41,8144462","12,6120188"
Il Brutto Anatroccolo Cooperativa Sociale,community_services_non_profits,2,http://www.anatro.it/,,Rome,"41,9623005","12,5186919"
Il Caleidoscopio,community_services_non_profits,2,http://www.ilcaleidoscopio.com/,,Rome,"41,9021773","12,5060087"
Il Calzolaio di Milton,fashion,2,Ingen webbplats,,Rome,"41,9014866","12,4279169"
Il Cammino Cooperativa Sociale onlus,community_services_non_profits,2,http://www.ilcammino.org/,,Rome,"41,8644246","12,4576802"
Il Cantastorie ,theatre,2,Ingen webbplats,,Rome,"41,89739","12,51306"
Il Cantiere,theatre,2,http://www.duseinternational.com/,,Rome,"41,8900046","12,4737952"
Il Carosello Cooperativa Sociale Integrata Onlus,community_services_non_profits,2,http://www.ilcarosello.it/,,Rome,"41,870746","12,411371"
Il Cementificio di Fiammetta e Ilaria De Santis,architectural_designer,2,http://www.ilcementificio.it/,,Rome,"41,9286238","12,4627657"
Il circo dei faziosi,community_services_non_profits,2,http://ilcircodeifaziosi.com/,,Rome,"41,90434","12,48655"
Il Codice Dell'Arte,community_services_non_profits,2,Ingen webbplats,,Rome,"41,9354201","12,5314271"
Il Condominio,arts_and_entertainment,2,Ingen webbplats,,Rome,"41,90976","12,47682"
Il convento,community_services_non_profits,2,Ingen webbplats,,Rome,"41,8472145","12,4739201"
Il disegno.testaccio,fashion,2,Ingen webbplats,,Rome,"41,8756337","12,4740754"
Il Fantastico Mondo del Fantastico,attractions_and_activities,2,https://www.fantasticomondo.it/,,Rome,"41,9245615","12,6673761"
Il faro d'argento APS,community_services_non_profits,2,http://www.webradiofaro.it/,,Rome,"41,7412984","12,3606637"
il faro nel bosco,arts_and_crafts,2,http://www.stamping.it/page.php?id=317,,Rome,"41,856883","12,560055"
Il Folle Volo,community_services_non_profits,2,http://www.ilfollevolo.it/,,Rome,"41,838261","12,516213"
Il Forno. La Situazione,cultural_center,2,Ingen webbplats,,Rome,"41,86671","12,54589"
Il Forte dell'arte,fashion,2,http://www.ebay.it/usr/ilfortedellarte7,,Rome,"41,9434752","12,4225127"
Il Girotondo delle Parole,community_services_non_profits,2,http://ilgirotondodelleparole.org/,,Rome,"41,89925","12,4338599"
Il Grande Carro Giardinaggio,community_services_non_profits,2,http://www.ilgrandecarro.it/,,Rome,"41,87838","12,4517399"
Il Grande Cocomero,community_services_non_profits,2,http://www.grandecocomero.org/,,Rome,"41,8967986","12,5162507"
Il Laboratorio - Formazione e consulenze per il lavoro sociale,community_services_non_profits,2,http://www.laboratorioformazione.org/,,Rome,"41,8714485","12,5912199"
Il Laboratorio di Chiara,community_services_non_profits,2,https://www.illaboratoriodichiara.org/,,Rome,"41,8621062","12,4569305"
Il Melograno - Associazione per i diritti civili delle persone vedove,community_services_non_profits,2,http://www.il-melograno.it/,,Rome,"41,8926556","12,4879856"
Il Melograno Roma,community_services_non_profits,2,http://www.melogranoroma.org/,,Rome,"41,8728598","12,5082646"
Il Mio Pezzetto Di Sole,community_services_non_profits,2,http://www.ilmiopezzettodisole.org/,,Rome,"41,942536","12,5270972"
Il Multiverso delle donne,community_services_non_profits,2,https://www.babyduemila.it/progetto-il-multiverso-delle-donne/,,Rome,"41,93898","12,554838"
Il museo chiude quando l'autore è stanco,museum,2,http://www.ilmuseochiude.com/,,Rome,"41,9057845","12,4753381"
Il museo del louvre,museum,2,http://www.ilmuseodellouvre.com/,,Rome,"41,8933232","12,4773825"
Il Nostro Regno Degli Animali Centro Recupero Fauna Selvatica,community_services_non_profits,2,Ingen webbplats,,Rome,"41,820016","12,5289366"
Il Palco Aps,cultural_center,2,Ingen webbplats,,Rome,"41,8824788","12,5128272"
Il Palco delle Valli,theatre,2,Ingen webbplats,,Rome,"41,9441505","12,515027"
Il Pitigliani Centro Ebraico Italiano,cultural_center,2,http://www.pitigliani.it/,,Rome,"41,8891791","12,4763562"
Il pomodoro nero,community_services_non_profits,2,Ingen webbplats,,Rome,"41,8879579","12,4943146"
Il Popolo Italiano,community_services_non_profits,2,http://www.ilpopoloitaliano.org/,,Rome,"41,9290653","12,5121988"
IL Portale Del Lavoro Turismo e Spettacolo,community_services_non_profits,2,Ingen webbplats,,Rome,"41,90609","12,47835"
Il Pozzo Dei Desideri associazione culturale di Roma,community_services_non_profits,2,http://www.ilpozzodeidesideri.eu/,,Rome,"41,8703209","12,4179838"
Il Ramo del Mandorlo,community_services_non_profits,2,https://ramodelmandorlo.altervista.org/,,Rome,"41,89606","12,48026"
Il Salotto di Eupalino,architectural_designer,2,http://www.architettovivianacuozzo.it/,,Rome,"41,897786","12,4902418"
Il Salotto di Giano,community_services_non_profits,2,http://www.ilsalottodigiano.it/,,Rome,"41,9656066","12,5120448"
Il Sorriso di Mok Italia,community_services_non_profits,2,http://www.ilsorrisodimokitalia.org/,,Rome,"41,9604973","12,4559964"
Il tempo,attractions_and_activities,2,http://www.bookingromaresort.com/strutture-ricettive/resort-colosseum/,,Rome,"41,89068","12,50671"
Il tetto casal fattoria,community_services_non_profits,2,http://www.iltetto.org/,,Rome,"41,7831363","12,4893356"
Il Treno soc coop soc le onlus,community_services_non_profits,2,http://www.iltreno33.it/,,Rome,"41,9133708","12,5076399"
Il Tulipano Bianco,community_services_non_profits,2,http://www.iltulipanobianco.it/,,Rome,"41,91185","12,50464"
Il Tuono e la Pioggia,community_services_non_profits,2,https://iltuonoelapioggia.it/,,Rome,"41,945665","12,512803"
Il valore del femminile,community_services_non_profits,2,https://form.jotform.com/240455828765366?fbclid=PAZXh0bgNhZW0CMTEAAaY0gIXTz66O4-DlXSCisk9gKnD_GN0LxlUPPT22YV-ineUxfUNJB03O_YU_aem_64YRpJpxeuYEDxBn81_JKg,,Rome,"41,909432","12,5216267"
Il Vaso di Pandora,community_services_non_profits,2,http://www.ilvasodipandora.org/,,Rome,"41,89824","12,5000699"
Il vecchio forno,fashion,2,Ingen webbplats,,Rome,"41,8824951","12,513629"
Ilaria Cirino Architetto,architectural_designer,2,Ingen webbplats,,Rome,"41,94361","12,523636"
Ilaria Di Carlo_Architects,architectural_designer,2,http://Www.ilariadicarlo.it/,,Rome,"41,8941","12,47533"
ILoveTorpigna - Comitato di Quartiere Tor Pignattara,community_services_non_profits,2,http://www.ilovetorpigna.it/,,Rome,"41,8789501","12,5411566"
Immaginaria International Film Festival,cinema,2,https://www.immaginariaff.it/,,Rome,"41,8844","12,47269"
"Immobilarte, CAF e Patronato - Trigoria",community_services_non_profits,2,http://Www.immobilarte.it/,,Rome,"41,766507","12,4714127"
Imperial Club,dance_club,2,Ingen webbplats,,Rome,"41,8646146","12,4815554"
Imprenditore Condominiale,print_media,2,https://www.imprenditorecondominiale.it/,,Rome,"41,8333","12,4692527"
Imprenditore Non Sei Solo,community_services_non_profits,2,http://www.imprenditorenonseisolo.it/,,Rome,"41,85929","12,45923"
Impreprogedil Srl,architectural_designer,2,http://www.impreprogedil.com/,,Rome,"41,90188","12,47305"
Impresa Donna Confesercenti,community_services_non_profits,2,http://www.impresadonna.it/,,Rome,"41,8994433","12,491636"
Impresa Libera,community_services_non_profits,2,http://www.impresalibera.it/,,Rome,"41,9083644","12,4674398"
Impresa per la Vita,community_services_non_profits,2,https://www.impresaperlavita.com/,,Rome,"41,908767","12,4651149"
in Bloom,architectural_designer,2,https://www.inbloomarchitettura.com/,,Rome,"41,88127","12,45646"
In Focus,community_services_non_profits,2,https://www.testaccio.org/InFocus,,Rome,"41,8807235","12,4733548"
In Migrazione,community_services_non_profits,2,http://www.inmigrazione.it/,,Rome,"41,9061045","12,465773"
In primis promo,community_center,2,Ingen webbplats,,Rome,"41,93004","12,57096"
In-Tray Servizi Integrati/Domina,community_services_non_profits,2,http://www.intray.it/,,Rome,"41,8912446","12,5575185"
In.Arch.Eco Ingegneria & Architettura,architectural_designer,2,http://www.inarcheco.it/,,Rome,"41,87388","12,4802168"
INARSIND,community_services_non_profits,2,http://www.inarsind.org/,,Rome,"41,83226","12,4631"
Inas Cisl,community_services_non_profits,2,http://www.inas.it/,,Rome,"41,9176442","12,5011072"
Inca Cgil Nazionale,community_services_non_profits,2,http://www.inca.it/,,Rome,"41,919365","12,4927753"
Incinque Open Art Monti,museum,2,Ingen webbplats,,Rome,"41,8942313","12,4897471"
Incipit Corviale,movie_television_studio,2,Ingen webbplats,,Rome,"41,85359","12,413062"
Incrocio del Trullo,attractions_and_activities,2,Ingen webbplats,,Rome,"41,853695","12,4322621"
Indagini3,community_services_non_profits,2,http://www.indagini3.it/,,Rome,"41,90564","12,4955"
"Indian Cultural Organisation - ICO, Rome, Italy",community_services_non_profits,2,https://indianculturalorganisationrome.wordpress.com/,,Rome,"41,8949689","12,5094976"
Indian Youth Association Rome,community_services_non_profits,2,https://indianyouthassociation.com/,,Rome,"41,9036014","12,5152602"
Indigeno Jewels,fashion,2,https://indigenojewels.it/,,Rome,"41,9099619","12,4640775"
Indoroman,community_services_non_profits,2,http://www.indoroman.com/,,Rome,"41,896285","12,462882"
Industrialgarage,architectural_designer,2,http://www.industrialgarageroma.it/,,Rome,"41,8983258","12,4671604"
INfermieri Insieme si puo',community_services_non_profits,2,http://nurseinband.blogspot.it/,,Rome,"41,89334","12,48865"
Infinity 5,dance_club,2,Ingen webbplats,,Rome,"41,7572499","12,3675683"
INFO Comitato UGDA ODV,community_services_non_profits,2,http://www.comitatougda.it/,,Rome,"41,8877286","12,5081853"
Informadarte - associazione culturale,community_services_non_profits,2,http://www.informadarte.it/,,Rome,"41,884753","12,531796"
InFormazione Danza e InFormazione Fitness,cultural_center,2,http://www.informazionedanza.it/,,Rome,"41,87767","12,47473"
Ingrosso Abbigliamento Moda Princesita,fashion,2,http://www.modaprincesita.com/,,Rome,"41,8999987","12,5"
InHouse Post,cinema,2,http://www.inhousepost.it/,,Rome,"41,8875327","12,5087754"
Inipa Impresa Sociale,community_services_non_profits,2,http://www.inipa.it/,,Rome,"41,89844","12,48688"
Innocenzo Odescalchi,museum,2,http://innocenzoodescalchi.com,,Rome,"41,8980512","12,4822254"
Input Hub Culturale,community_services_non_profits,2,Ingen webbplats,,Rome,"41,8437157","12,5493244"
InRoma,theatre,2,Ingen webbplats,,Rome,"41,88085","12,48672"
Insensinverso,community_services_non_profits,2,http://www.insensinverso.org/,,Rome,"41,8452339","12,4599851"
Inside Rome,dance_club,2,Ingen webbplats,,Rome,"41,897304","12,4709262"
Insieme Per l'Aniene APS,community_services_non_profits,2,http://www.aniene.it/,,Rome,"41,93124","12,5554717"
INSULA,fashion,2,http://www.insulaponza.com/,,Rome,"41,9060425","12,4790566"
insula architettura e ingegneria srl,architectural_designer,2,http://www.insulainrete.it/,,Rome,"41,8607893","12,4786802"
Interferenze,dance_club,2,Ingen webbplats,,Rome,"41,85817","12,46056"
International Deaf  Empowerment Agency - IDEA,community_services_non_profits,2,Ingen webbplats,,Rome,"41,89327","12,54817"
International Fund for Agricultural Development (IFAD),community_services_non_profits,2,http://www.ifad.org/,,Rome,"41,829638","12,4941395"
International Pasta Organisation,community_services_non_profits,2,https://internationalpasta.org/,,Rome,"41,8244466","12,4696277"
International Yoga Day Roma,community_services_non_profits,2,https://www.yogadayroma.it/,,Rome,"41,9449333","12,466562"
Interno4roma,cultural_center,2,Ingen webbplats,,Rome,"41,89666","12,46434"
Intersos Lab - Centro di Formazione,community_services_non_profits,2,https://www.intersoslab.it/,,Rome,"41,9648968","12,4025674"
Intimissimi,designer_clothing,2,https://www.intimissimi.com/it/negozi/lazio/roma/roma_viale_dei_colli_portuensi_600_602_604/IO31.html?utm_medium=organic&utm_source=Bing&utm_campaign=local&utm_term=IT-IO31&y_source=1_MTQ4NzA3MjktNDgzLWxvY2F0aW9uLndlYnNpdGU%3D,,Rome,"41,8616228","12,4430396"
Intramovies,cinema,2,http://www.intramovies.com/,,Rome,"41,9243798","12,4834179"
IntraMundia Associazione PsicoCulturale,community_services_non_profits,2,https://intramundia.com/,,Rome,"41,94203","12,36871"
Invidiabenedetto architetti,architectural_designer,2,http://www.invidiabenedetto.com/,,Rome,"41,8943309","12,5066679"
IO CREO Ass.ne Artistica no profit,community_services_non_profits,2,https://www.associazioneiocreo.it/,,Rome,"41,85557","12,47862"
Io Libero Avcpp,community_services_non_profits,2,http://www.iolibero.org/,,Rome,"41,82596","12,41104"
"IO, Domani - Associazione per la Lotta ai Tumori Infantili Onlus",community_services_non_profits,2,http://www.iodomani.it/,,Rome,"41,8972822","12,5056673"
IPA Roma,community_services_non_profits,2,http://www.ipa.roma.it/,,Rome,"41,87056","12,48095"
IPC International,cinema,2,http://www.ipcinternationalsrl.com/,,Rome,"41,8959923","12,4755583"
Ippodromo Capannelle,arts_and_entertainment,2,http://www.capannelleippodromo.it/,,Rome,"41,823816","12,565356"
Ippoterapia AgriCampo,community_services_non_profits,2,http://www.agricampo.it/,,Rome,"41,9774","12,47718"
IPRO srl Italiana Progetti,architectural_designer,2,http://www.iprosrl.it/,,Rome,"41,904173","12,4944226"
IPSIA ACLI,community_services_non_profits,2,http://www.ipsia-acli.it/,,Rome,"41,88126","12,46915"
Irifor Presidenza Nazionale,community_services_non_profits,2,http://www.irifor.eu/,,Rome,"41,90455","12,48034"
Iron Factory,fashion,2,http://www.ironfactory.it/,,Rome,"41,7716742","12,4809471"
Ironwoods,architectural_designer,2,http://www.ironwoodslab.com/,,Rome,"41,9125301","12,4740462"
Irpini della Capitale,community_services_non_profits,2,http://www.irpinidellacapitale.it/,,Rome,"41,9000896","12,4927731"
IRTE - Lazio - Scuola di Shiatsu,community_services_non_profits,2,http://www.shiatsuirte.it/,,Rome,"41,94405","12,51466"
ISA Intesa Sindacato Autonomo sede istituzionale,community_services_non_profits,2,http://www.isasindacato.it/,,Rome,"41,885792","12,51704"
Isabel Zolli Promotion Agency,arts_and_entertainment,2,Ingen webbplats,,Rome,"41,9120768","12,4565467"
ISC - Young Zone,community_services_non_profits,2,http://www.youngzone-isc.it/,,Rome,"41,913506","12,5008562"
Iscos Cisl - Istituto Sindacale per la Cooperazione allo Sviluppo,community_services_non_profits,2,http://www.iscoscisl.eu/,,Rome,"41,9089898","12,5100129"
Iscritti a parlare,community_services_non_profits,2,http://www.iscrittiaparlare.it/,,Rome,"41,9080476","12,4507581"
Isla Ng Bata - L'Isola dei Bambini onlus,community_services_non_profits,2,http://www.islangbata.it/,,Rome,"41,8782","12,55756"
ISMEO,community_services_non_profits,2,http://www.ismeo.eu/,,Rome,"41,89716","12,472"
Isola del Cinema,cinema,2,http://www.isoladelcinema.com/,,Rome,"41,8905469","12,4779667"
Ispiratamente,community_services_non_profits,2,http://csu-scienzaespiritualita.blogspot.it/,,Rome,"41,898165","12,514263"
Istituto Acton,community_services_non_profits,2,http://it.acton.org/,,Rome,"41,899181","12,4669263"
Istituto Affari Internazionali - IAI,community_services_non_profits,2,http://www.iai.it/,,Rome,"41,8995567","12,4804495"
Istituto Consolare Internazionale - ICI,community_services_non_profits,2,http://www.ici-international.org/,,Rome,"41,90891","12,45346"
Istituto di Cultura Evangelica e Documentazione,community_services_non_profits,2,http://iceditalia.org/,,Rome,"41,896621","12,4843627"
Istituto Di Cultura Finlandese,community_services_non_profits,2,Ingen webbplats,,Rome,"41,893179","12,46088"
Istituto Fernando Santi,community_services_non_profits,2,http://www.istitutosanti.org/,,Rome,"41,9005398","12,5091294"
Istituto Figlie della Carita Del Preziosissimo Sangue,community_center,2,http://www.tommasomariafusco.com,,Rome,"41,8702809","12,5250719"
Istituto Figlie di Misericordia,community_services_non_profits,2,http://www.apertiallamisericordia.org/,,Rome,"41,8918348","12,5132098"
Istituto internazionale di ricerca sul volto di Cristo,community_services_non_profits,2,https://riparatricisantovolto.blogspot.com/,,Rome,"41,9021351","12,4617022"
Istituto Italiano di Numismatica,community_services_non_profits,2,Ingen webbplats,,Rome,"41,9030855","12,4901813"
Istituto Italiano di Project Management - ISIPM,community_services_non_profits,2,http://www.isipm.org/,,Rome,"41,9091993","12,511126"
Istituto Italiano di Studi Strategici “Niccolò Machiavelli”,community_services_non_profits,2,http://www.strategicstudies.it/,,Rome,"41,92074","12,45747"
Istituto Luca Coscioni,community_services_non_profits,2,http://www.istitutolucacoscioni.it/donazioni/,,Rome,"41,93794","12,51425"
Istituto Luigi Sturzo,community_services_non_profits,2,http://www.sturzo.it/,,Rome,"41,9005787","12,4754081"
Istituto Moda Sgrigna,fashion,2,https://www.istitutomodasgrigna.com/,,Rome,"41,8569477","12,5624093"
Istituto Nazionale Azzurro,community_services_non_profits,2,https://istitutonazionaleazzurro.org/,,Rome,"41,90776","12,50323"
Istituto Nazionale Tributaristi,community_services_non_profits,2,https://www.tributaristi-int.it/,,Rome,"41,95972","12,52314"
Istituto Psicoanalitico per le Ricerche Sociali - IPRS,community_services_non_profits,2,https://www.iprs.it/,,Rome,"41,9091082","12,4741994"
Istituzione Teresiana Italia,community_services_non_profits,2,http://www.istituzioneteresiana.it/,,Rome,"41,91145","12,50946"
Ita2A Architettura,architectural_designer,2,http://www.ita2a.it/,,Rome,"41,9239203","12,4871183"
ITAL UIL Nazionale,community_services_non_profits,2,http://www.italuil.it/,,Rome,"41,9059779","12,5013405"
Italgrob - Federazione  Italiana  Distributori  Horeca,community_services_non_profits,2,http://www.italgrob.it/,,Rome,"41,8355202","12,464466"
Italia Cuore d'Europa,community_services_non_profits,2,Ingen webbplats,,Rome,"41,90557","12,46867"
Italia Nostra,community_services_non_profits,2,http://www.italianostra.org/,,Rome,"41,9216976","12,4941601"
Italia Solidale - Mondo Solidale ETS,community_services_non_profits,2,http://www.italiasolidale.org/,,Rome,"41,8931362","12,4761571"
Italia Viva Il Centro Renew Europe Consiglio regionale del Lazio,community_services_non_profits,2,http://www.uilfplromalazio.it/,,Rome,"41,8435153","12,3525282"
Italia-Birmania.Insieme,community_services_non_profits,2,http://www.birmaniademocratica.org/,,Rome,"41,9091386","12,4904318"
Italiacamp,community_services_non_profits,2,http://www.italiacamp.com/,,Rome,"41,8984511","12,4980864"
Italians for Darfur Onlus,community_services_non_profits,2,http://www.italianblogsfordarfur.it/,,Rome,"41,812154","12,462776"
Italy Azerbaijan Chamber of Commerce - Itazercom,community_services_non_profits,2,http://www.itazercom.it/,,Rome,"41,91771","12,45652"
Italy Food Festival,print_media,2,Ingen webbplats,,Rome,"41,9268032","12,4914551"
İtaly ROMA,arts_and_entertainment,2,Ingen webbplats,,Rome,"41,9175682","12,5623322"
ITINERA - Associazione Culturale,community_services_non_profits,2,http://www.itinera.biz/,,Rome,"41,8848726","12,5348176"
Itinerari e Luoghi,print_media,2,http://www.itinerarieluoghi.it/,,Rome,"41,90284","12,43166"
ITS Academy Sistema Moda,fashion,2,https://www.itsacademymoda.it/,,Rome,"41,91846","12,52577"
IUMAN Intimissimi Uomo,designer_clothing,2,https://www.intimissimi.com/it/negozi/lazio/roma/roma_via_di_vigna_stelluti_n._163/IU52.html?utm_medium=organic&utm_source=Bing&utm_campaign=local&utm_term=IT-IU52&y_source=1_MTQ4NjkwOTItNDgzLWxvY2F0aW9uLndlYnNpdGU%3D,,Rome,"41,9473971","12,4676399"
IUMAN Intimissimi Uomo,designer_clothing,2,https://www.intimissimi.com/it/negozi/lazio/roma/roma_viale_dei_colli_portuensi_n._598/IU51.html?utm_medium=organic&utm_source=Bing&utm_campaign=local&utm_term=IT-IU51&y_source=1_MTQ4NjkwODYtNDgzLWxvY2F0aW9uLndlYnNpdGU%3D,,Rome,"41,8616712","12,4430756"
IUMAN Intimissimi Uomo,designer_clothing,2,https://www.intimissimi.com/it/negozi/lazio/roma/roma_via_del_corso_n._147/IU79.html?utm_medium=organic&utm_source=Bing&utm_campaign=local&utm_term=IT-IU79&y_source=1_MTQ4Njk1NDgtNDgzLWxvY2F0aW9uLndlYnNpdGU%3D,,Rome,"41,9041009","12,4792033"
IUS Gustando e IUS Disputando,community_services_non_profits,2,http://www.iusgustando.it/,,Rome,"41,91224","12,46088"
IUSS - International Union of Soil Sciences,community_services_non_profits,2,http://www.iuss.org/,,Rome,"41,88545","12,49532"
Ixos,fashion,2,http://www.ixosofficial.com/,,Rome,"41,7164209","12,442648"
Ixos,fashion,2,https://www.ixosofficial.com/,,Rome,"41,905996","12,4800313"
J & Giò,fashion,2,http://www.jandgio.it/,,Rome,"41,86569","12,55273"
J.T. Cafè Eventi,dance_club,2,http://www.jtcafe.com/,,Rome,"41,815398","12,5731251"
Jamal Taslaq couture,fashion,2,https://www.jamaltaslaq.com/,,Rome,"41,9068827","12,4884495"
James non morirà,community_services_non_profits,2,http://www.jamesnonmorira.org/,,Rome,"41,9165852","12,4678963"
Jane Goodall's Roots & Shoots Italia,community_services_non_profits,2,https://www.janegoodall.it/index.php/progetti/rootsandshoots/,,Rome,"41,8726807","12,4892486"
JC Events Roma,arts_and_entertainment,2,Ingen webbplats,,Rome,"41,89729","12,53996"
JD Couture,fashion,2,http://www.jovinedance.it/,,Rome,"41,9835781","12,5129284"
JEA multiservice,community_services_non_profits,2,http://www.jeamultiservice.it,,Rome,"41,85537","12,65149"
Jessica Marconi,fashion,2,Ingen webbplats,,Rome,"41,8633058","12,4697272"
JessikArch,architectural_designer,2,http://www.jessicadamianiarchitetto.it/,,Rome,"41,91646","12,56799"
JEYVI ANIMAZIONE,arts_and_entertainment,2,,,Rome,"41,84993035","12,45300204"
Jezalel,community_services_non_profits,2,http://www.atelierlounge.it/,,Rome,"41,8292619","12,4743433"
JIL Central-South Italy & Balkan Region,community_services_non_profits,2,Ingen webbplats,,Rome,"41,91853","12,56469"
Joel Nafuma Refugee Center,community_services_non_profits,2,https://linktr.ee/JNRC.it,,Rome,"41,9010584","12,4941851"
John Paul II Center for Interreligious Dialogue,community_services_non_profits,2,http://www.jp2center.org/,,Rome,"41,895101","12,487558"
Joint Italian Arab Chamber of Commerce - JIACC,community_services_non_profits,2,http://www.jiac.it/,,Rome,"41,9162113","12,497243"
Joseph Debach fans,museum,2,http://www.josephdebach.it/,,Rome,"41,8904825","12,4700248"
Joyful Life,community_services_non_profits,2,http://www.joyfullifeonlus.org/,,Rome,"41,90922","12,46707"
Judo Club Mezzaroma ASD,community_services_non_profits,2,http://www.judomezzaroma.it/wp,,Rome,"41,892579","12,4910079"
JuniorTeamtv,community_services_non_profits,2,https://www.juniorteam.it/,,Rome,"41,95568","12,54658"
K•B,fashion,2,Ingen webbplats,,Rome,"41,94941","12,55538"
Kairos Cooperativa Sociale,community_services_non_profits,2,https://www.kairoscoopsociale.it/,,Rome,"41,90601","12,50308"
Kalè Studio,architecture,2,http://www.kalestudio.it/,,Rome,"41,85528","12,56795"
Kalimba Garden GC Eventi,dance_club,2,Ingen webbplats,,Rome,"41,8443674","12,5740454"
Kasa Kumbas,dance_club,2,Ingen webbplats,,Rome,"41,9262165","12,5369239"
Keren Kayemeth Leisrael Italia,community_services_non_profits,2,http://www.kklitalia.it/,,Rome,"41,924899","12,481907"
Ki-pon,fashion,2,Ingen webbplats,,Rome,"41,9191422","12,4663495"
Kids Kicking Cancer Italia,community_services_non_profits,2,http://www.kkcitalia.it/,,Rome,"41,918059","12,4623548"
Kina,cultural_center,2,Ingen webbplats,,Rome,"41,8666057","12,5464794"
King Piano Bar,dance_club,2,Ingen webbplats,,Rome,"41,9042606","12,459688"
Kinky Club,dance_club,2,http://www.youritaly.it/,,Rome,"41,9453535","12,5545935"
KIOKU,fashion,2,http://www.kioku.com/,,Rome,"41,91161","12,45539"
Kiwanis Junior,community_services_non_profits,2,http://www.kiwanisjunior.com/,,Rome,"41,900067","12,496461"
Km0 architetti,architectural_designer,2,http://www.km0architetti.com/,,Rome,"41,8918823","12,5032432"
Kolatadesign,fashion,2,https://www.etsy.com/shop/Kolatadesign?ref=search_shop_redirect,,Rome,"41,8865915","12,5354971"
Kolezyum,attractions_and_activities,2,Ingen webbplats,,Rome,"41,8717003","12,56709"
Konsumer Roma Est Casale Finocchio,community_services_non_profits,2,http://www.konsumer.it/,,Rome,"41,86535","12,70509"
KORE,community_services_non_profits,2,https://kore.bio/,,Rome,"41,860235","12,585363"
Kreuzberg Club,dance_club,2,Ingen webbplats,,Rome,"41,847266","12,4673967"
Kuore di Roma,community_services_non_profits,2,http://www.kuorediroma.org/wp/sostienici/,,Rome,"41,8726866","12,4468338"
Kyoto Club,community_services_non_profits,2,http://www.kyotoclub.org/,,Rome,"41,8992467","12,4920912"
L.espressione,community_services_non_profits,2,Ingen webbplats,,Rome,"41,91359","12,45687"
L' Orologio Ad Acqua Del Pincio,attractions_and_activities,2,Ingen webbplats,,Rome,"41,9115148","12,4807049"
L'abbraccio di EDO,community_services_non_profits,2,http://www.labbracciodiedo.org/,,Rome,"41,83195","12,46473"
L'Albero Segreto,community_services_non_profits,2,http://www.alberosegreto.it/,,Rome,"41,8533896","12,4454123"
L'Albero Verde della Vita,community_services_non_profits,2,http://www.alberoverdedellavita.org/,,Rome,"41,9028396","12,4854945"
L'Altro Noi Onlus,community_services_non_profits,2,http://www.laltronoi.it/,,Rome,"41,866848","12,5507912"
L'AltroColle,library,2,Ingen webbplats,,Rome,"41,9833","12,5113299"
L'Aperossa,cinema,2,http://www.apebook.photo.blog/,,Rome,"41,8670705","12,4783655"
L'Archetipo sas,architectural_designer,2,http://www.archetipofiere.it/,,Rome,"41,828858","12,4577416"
L'Armadio di Anna,fashion,2,Ingen webbplats,,Rome,"41,855928","12,5673374"
L'Arte del Colore Sas,arts_and_crafts,2,http://www.artedelcoloreroma.it/,,Rome,"41,912581","12,3516186"
L'Asilo Nel Bosco - Ostia Antica,community_services_non_profits,2,http://www.asilonelbosco.com/,,Rome,"41,758125","12,289442"
L’emozione non ha voce Onlus,community_services_non_profits,2,http://www.lemozionenonhavoce.info/,,Rome,"41,9292549","12,4782467"
L'Idea di Serena Romagnoli,fashion,2,Ingen webbplats,,Rome,"41,8694826","12,5282169"
L'image SRL,arts_and_crafts,2,Ingen webbplats,,Rome,"41,900201","12,4748387"
L'Impero dei Dinosauri,museum,2,https://www.paleoappi.it/limpero-dei-dinosauri/,,Rome,"41,8925031","12,4662356"
L'IncontroèQui,community_services_non_profits,2,http://www.paolacentoni.it/,,Rome,"41,9475485","12,5452515"
L'Italia che Merita,community_services_non_profits,2,http://www.meritocrazia.eu/,,Rome,"41,89708","12,48466"
L'Opera Arredamenti,architectural_designer,2,https://arredamentilopera.it/,,Rome,"41,7966553","12,4305806"
L8ZERO architetti,architectural_designer,2,http://www.l8zero.it/,,Rome,"41,7291191","12,2814467"
La Barchetta,community_services_non_profits,2,http://www.labarchetta.org/,,Rome,"41,8547956","12,5526449"
La Bizantina Film,cinema,2,https://www.labizantinafilm.com/,,Rome,"41,880567","12,513806"
La Bottega di Poggi,arts_and_crafts,2,Ingen webbplats,,Rome,"41,8875648","12,4720071"
La Bottega Fantastica,community_services_non_profits,2,https://labottegafantastica.wixsite.com/ilmiosito,,Rome,"41,811571","12,481124"
La bottega Shabby,art_restoration,2,http://www.labottegashabby.com/,,Rome,"41,90814","12,44491"
La Botteghina,fashion,2,Ingen webbplats,,Rome,"41,88347","12,51627"
La Casa del Pino ONLUS,community_services_non_profits,2,Ingen webbplats,,Rome,"41,9384531","12,5346586"
La Casa della Gentilezza,cultural_center,2,Ingen webbplats,,Rome,"41,930626","12,5361686"
La casa della Sartoria,fashion,2,Ingen webbplats,,Rome,"41,93612","12,52966"
La casa delle luci,community_services_non_profits,2,http://www.lacasadelleluci.it/,,Rome,"41,9133576","12,5074158"
La Casa Di Andrea E Di Tutti I Fiorellini Dal Mondo,community_services_non_profits,2,http://www.assandreatudisco.org/,,Rome,"41,8828069","12,4056177"
"La Casa di Pulcinella ""Claudio De Santis"" ONLUS",community_services_non_profits,2,http://www.lacasadipulcinella.it/,,Rome,"41,8966879","12,51298"
La Casa di via Dalmazia,community_services_non_profits,2,Ingen webbplats,,Rome,"41,9160748","12,5071472"
La Casa Rossa,cinema,2,https://www.lacasarossa.productions/,,Rome,"41,8990733","12,4665659"
La Casa sull'Albero ONLUS,community_services_non_profits,2,http://www.casasullalberoonlus.it/,,Rome,"41,91503","12,36639"
La Casa Verde,community_services_non_profits,2,http://www.coopsansaturnino.org/,,Rome,"41,9137753","12,4252912"
La Casetta dei Gatti (Pagina ufficiale),community_services_non_profits,2,https://www.lacasettadeigatti.org/,,Rome,"41,8176393","12,4918387"
La Casetta delle arti e dei giochi Antropos,community_center,2,https://www.antroposonlus.org/servizi/ludoteca-la-casetta-delle-arti-e-dei-giochi/?portfolioCats=19%2C18%2C22%2C20%2C23%2C14%2C17%2C24,,Rome,"41,8980876","12,5861924"
La Casina della Magnolia,community_services_non_profits,2,http://www.lacasinadellamagnolia.it/,,Rome,"41,8946441","12,4658032"
La Chaise Bleue,architectural_designer,2,http://lachaisebleue.com/,,Rome,"41,9254241","12,4904562"
La Chimera APS,community_services_non_profits,2,https://www.lachimeraaps.it/,,Rome,"41,8818012","12,5433562"
La Cicogna Frettolosa,community_services_non_profits,2,http://www.lacicognafrettolosa.org/,,Rome,"41,89061","12,4772049"
La Città dell'Utopia,community_services_non_profits,2,http://www.lacittadellutopia.org/,,Rome,"41,8540577","12,4803389"
La Ciurma Associazione,community_services_non_profits,2,http://www.associazionelaciurma.com/,,Rome,"41,7349205","12,2958403"
La Compagnia Degli Anelli APS,community_services_non_profits,2,https://www.lacompagniadeglianelli.it/,,Rome,"41,9024243","12,6980467"
La Costumeria,arts_and_entertainment,2,Ingen webbplats,,Rome,"41,890386","12,4697273"
La Cura del Girasole - Onlus,community_services_non_profits,2,https://www.lacuradelgirasole.it/,,Rome,"41,8965017","12,4432438"
La Fabbrica del Cuore Società Cooperativa Sociale,community_services_non_profits,2,http://www.lafabbricadelcuore.com/,,Rome,"41,9244812","12,4138434"
La Fenice - Social Club - Roma,community_services_non_profits,2,http://facebook.com/LaFenice010123,,Rome,"42,04004","12,56136"
La Fenice aps,community_services_non_profits,2,https://www.lafeniceassociazione.it/come-donare/,,Rome,"41,848809","12,489822"
La Fontana De Trevi - Roma,arts_and_entertainment,2,Ingen webbplats,,Rome,"41,899551","12,5001358"
La Gabbianella Coordinamento per il Sostegno a Distanza - ETS,community_services_non_profits,2,http://www.lagabbianella.it/,,Rome,"41,8975941","12,5021442"
La Ghianda,community_services_non_profits,2,http://www.laghianda.org/,,Rome,"41,8542533","12,5632078"
La Goccia - Ets - Associazione di volontariato,community_services_non_profits,2,http://www.lagoccia1996.it/,,Rome,"41,873397","12,508745"
La Gramigna,community_services_non_profits,2,http://www.gramigna.org/#contacts,,Rome,"41,9280615","12,5153646"
La Isla Bonita,dance_club,2,Ingen webbplats,,Rome,"41,91222","12,55258"
La lampada dei desideri,community_services_non_profits,2,http://www.volontariato.lazio.it/lampadadesideri/,,Rome,"41,845247","12,4584691"
La Lucerna,community_services_non_profits,2,Ingen webbplats,,Rome,"41,89893","12,46533"
La Macchina Studio,architectural_designer,2,http://lamacchinastudio.net/,,Rome,"41,8775398","12,5340362"
La Magia di un Sorriso ONLUS,community_services_non_profits,2,http://www.lamagiadiunsorriso-onlus.it/,,Rome,"41,90729","12,51323"
La Nuova Arca,community_services_non_profits,2,https://www.lanuovaarca.org/,,Rome,"41,7770581","12,5395963"
La Nuova Piramide,community_services_non_profits,2,Ingen webbplats,,Rome,"41,8776769","12,4794378"
La Palmetta,attractions_and_activities,2,Ingen webbplats,,Rome,"41,8695264","12,5278162"
La parola ai bambini,community_services_non_profits,2,http://www.laparolaaibambini.it/,,Rome,"41,8793432","12,4663614"
La Promessa - Dipendenza Affettiva,community_services_non_profits,2,https://www.lapromessa.org/dipendenza-affettiva-amare-troppo/,,Rome,"41,9074108","12,4590254"
La Redazione,community_services_non_profits,2,https://www.laredazione.org/#start,,Rome,"41,8904357","12,5105551"
La Rete di Tutti - onlus,community_services_non_profits,2,http://www.lareteditutti.it/,,Rome,"41,8547731","12,4830915"
La Salle Foundation,community_services_non_profits,2,https://lasallefoundation.org/,,Rome,"41,89857","12,4233047"
La Scimmietta APS,community_services_non_profits,2,http://www.lascimmietta.org/,,Rome,"41,891791","12,5503878"
La scuola che verrà,community_services_non_profits,2,http://www.lascuolacheverra.org/,,Rome,"41,8837089","12,5677902"
La Scuola distrutta. La svalutazione dell'educazione pubblica e del Paese,print_media,2,http://www.unicobas.org/,,Rome,"41,88333","12,51524"
La Selvotta,attractions_and_activities,2,Ingen webbplats,,Rome,"41,7216538","12,5194091"
La Soffitta,fashion,2,http://www.lasoffitta.it/,,Rome,"41,8864882","12,4680598"
La Sponda Soc. Coop. Sociale Onlus,community_services_non_profits,2,http://www.lasponda.it/,,Rome,"41,8513912","12,485105"
La Stella di Daniele,community_services_non_profits,2,http://www.lastelladidaniele.it/,,Rome,"41,8727243","12,4520021"
La Storta Protezione Civile,community_services_non_profits,2,https://paypal.me/prontointerventocb?locale.x=it_IT,,Rome,"41,9699167","12,4165395"
La Strada Per l'Arcobaleno,community_services_non_profits,2,http://www.stradaperlarcobaleno.com/,,Rome,"41,9296192","12,429485"
La Terra dei Sogni,community_services_non_profits,2,https://twitter.com/TerradeiSogni,,Rome,"41,8077213","12,4309563"
La Villetta per Cuba,community_services_non_profits,2,http://www.lavillettapercuba.org/,,Rome,"41,94345","12,49542"
La Vita E' Bella,community_services_non_profits,2,Ingen webbplats,,Rome,"41,76133","12,36035"
La VOCE DI RITA OdV Associazione di Volontariato,community_services_non_profits,2,http://www.lavocedirita.it/,,Rome,"41,8608368","12,4993942"
Lab 36 studio associato,architectural_designer,2,Ingen webbplats,,Rome,"41,8950948","12,512967"
LAB71 architetti,architectural_designer,2,http://www.lab71.it/,,Rome,"41,91313","12,46819"
Labics,fashion,2,http://www.labics.it/,,Rome,"41,908343","12,4717477"
LabOasis Foundation,community_services_non_profits,2,http://www.laboasis.org/,,Rome,"41,8891644","12,482643"
Laboratorio 51 / Studio Grafico - Serigrafia,fashion,2,http://www.laboratorio51.it/,,Rome,"41,7889734","12,3707955"
Laboratorio 53,community_services_non_profits,2,http://www.laboratorio53.it/,,Rome,"41,8544684","12,4802951"
Laboratorio Arte & Architettura,architectural_designer,2,http://www.labartearchitettura.com/,,Rome,"41,86668","12,47894"
Laboratorio Artigiano Cornici di Paolo Mancini,arts_and_entertainment,2,Ingen webbplats,,Rome,"41,90249","12,4747"
Laboratorio Didattico DSA,community_services_non_profits,2,http://www.laboratoriodidatticodsa.it/,,Rome,"41,8112569","12,4459421"
LAC - Lega per l'Abolizione della Caccia,community_services_non_profits,2,http://www.abolizionecaccia.it/,,Rome,"41,850906","12,4839396"
LAD,architectural_designer,2,http://www.lad.roma.it/,,Rome,"41,9276719","12,493319"
Ladybirds playgroup Rome,community_services_non_profits,2,http://www.ladybirdsplaygroup.com/,,Rome,"41,9083708","12,4784575"
Lago campanella,attractions_and_activities,2,Ingen webbplats,,Rome,"41,7616026","12,4380224"
Lago Le palme ex Prima Porta,attractions_and_activities,2,http://www.lagolepalme.com/,,Rome,"41,995564","12,497851"
LaiBE architettura,fashion,2,http://www.laibe.it/,,Rome,"41,8713434","12,4773983"
Lalla Palla Onlus,arts_and_entertainment,2,http://www.lallapalla.it/,,Rome,"41,7622312","12,3508697"
Lamaison Onlus,community_services_non_profits,2,www.lamaison.org,,Rome,"41,8965739","12,5648931"
Lame Digital,record_label,2,Ingen webbplats,,Rome,"41,82537","12,45506"
Land srl,art_restoration,2,http://www.landsrl.it/,,Rome,"41,891857","12,473605"
LaOffice,architectural_designer,2,http://www.laoffice.it/,,Rome,"41,8602004","12,4453496"
LarderArch studio,architectural_designer,2,http://www.larderarch.net/,,Rome,"41,9022941","12,4910767"
Largo Ascianghi,theatre,2,https://www.parkopedia.it/parcheggi/garage/largo_ascianghi/00184/roma/?vendor=here,,Rome,"41,8845923","12,4717986"
Largo Lenin,museum,2,Ingen webbplats,,Rome,"41,8491101","12,4472066"
Largo Piero Bargellini,attractions_and_activities,2,Ingen webbplats,,Rome,"41,8427912","12,4935233"
"Las Vegas - DG Production - Via Tiburtina, 1131",dance_club,2,http://www.dgproduction-lasvegas.com/,,Rome,"41,9337778","12,5917744"
Las Vegas Via Tiburtina 769 DG Production,dance_club,2,http://www.dgproduction-lasvegas.com/,,Rome,"41,9134535","12,5560889"
Lastarch Srl,architectural_designer,2,http://www.lastarch.it/,,Rome,"41,9308279","12,5251876"
Lateralschool Divise Scolastiche,fashion,2,https://www.lateralschool.it/,,Rome,"41,8674812","12,4406625"
Laterizio italiano,architectural_designer,2,http://www.laterizio.it/,,Rome,"41,91539","12,51304"
Latin Boom,dance_club,2,Ingen webbplats,,Rome,"41,8709701","12,4758682"
Lato A,community_services_non_profits,2,http://www.antea.net/,,Rome,"41,9407689","12,4189796"
LĀU Clothing,fashion,2,http://www.lauclothing.com/collections/all,,Rome,"41,8849051","12,5370292"
Laurento,community_services_non_profits,2,http://www.laurento.it/,,Rome,"41,8402226","12,4821557"
Lavaggio e Restauro Tappeti Arazzi Antichi,art_restoration_service,2,,,Rome,"41,8913287","12,5331402"
Lavasecco La Giuliana,fashion,2,Ingen webbplats,,Rome,"41,9144","12,45373"
Lazio Offerta di lavoro in night Club Roma Viterbo Rieti Frosinone Latina,arts_and_entertainment,2,http://www.italiashowagency.com/,,Rome,"41,8939209","12,5876598"
Lc Studio - Project and Consulting,architectural_designer,2,http://fadlcstudio.esafad.it/,,Rome,"41,9300627","12,5207716"
LCA Livia Comes Architetti,architectural_designer,2,http://www.liviacomesarchitetti.it/,,Rome,"41,9335563","12,4742659"
LcR studio,fashion,2,Ingen webbplats,,Rome,"41,8945627","12,476558"
Le Altre Spezie di ZenZero Fan Club di Renato Zero -Unofficial-,community_services_non_profits,2,http://www.lealtrespeziedizenzero.com/,,Rome,"41,8934799","12,54719"
Le Bici ASD,community_services_non_profits,2,Ingen webbplats,,Rome,"41,8610332","12,4851779"
Le Carrozze D'epoca Museo,museum,2,http://www.lecarrozzedepoca.it/,,Rome,"41,8184822","12,5193203"
"Le Chicche - Sartoria, Merceria, Riparazioni",fashion,2,Ingen webbplats,,Rome,"41,7949101","12,4066633"
Le Club Roma,dance_club,2,http://www.aperiti.eu/,,Rome,"41,8688","12,4677"
Le Coccinelle,community_services_non_profits,2,Ingen webbplats,,Rome,"41,906511","12,40856"
Le Giornate Orsiniane,community_services_non_profits,2,http://www.giornateorsiniane.online/,,Rome,"41,8922806","12,4785671"
Le Laudadio,fashion,2,Ingen webbplats,,Rome,"41,87916","12,47784"
Le migliori promozioni,print_media,2,Ingen webbplats,,Rome,"41,8909488","12,4828841"
Le notti Romane by Four & Ross,dance_club,2,Ingen webbplats,,Rome,"41,83402","12,47058"
Le Oasi di Maria Regina della Pace e della Famiglia,community_services_non_profits,2,http://www.leoasidimaria.it/oasi/,,Rome,"41,88832","12,53973"
Le Onde nel Bosco,community_services_non_profits,2,https://linktr.ee/leondenelbosco,,Rome,"41,8621185","12,521802"
Le Opere del Padre,community_services_non_profits,2,http://www.leoperedelpadre.it/,,Rome,"41,958753","12,5203663"
Le parrucche volanti ,community_services_non_profits,2,https://maps.app.goo.gl/LbLq81KRqigCRVRt9,,Rome,"41,8838488","12,4215324"
Le Pink,fashion,2,https://www.lepink.it/,,Rome,"41,928638","12,5170236"
Le tasse sono utili,print_media,2,Ingen webbplats,,Rome,"41,92889","12,46994"
Le Terme di Atlantis,dance_club,2,,,Rome,"42,0071642","12,4419924"
learchitette,architectural_designer,2,https://learchitette.it/,,Rome,"41,881302","12,456313"
Lega Italiana Fibrosi Cistica,community_services_non_profits,2,http://www.fibrosicistica.it/,,Rome,"41,9128433","12,5227073"
Lega Italiana Fibrosi Cistica  Lazio ODV,community_services_non_profits,2,http://www.fibrosicisticalazio.it/,,Rome,"41,90934","12,51095"
Lega Italiana Ricerca Huntington-LIRH ETS,community_services_non_profits,2,http://www.lirh.it/,,Rome,"41,9123561","12,5151941"
Lega Navale Italiana sezione di Roma,community_services_non_profits,2,http://www.leganavaleroma.com/,,Rome,"41,9279","12,47933"
Legacoop Nazionale,community_services_non_profits,2,http://www.legacoop.coop/,,Rome,"41,9170659","12,514858"
Legambiente,community_services_non_profits,2,http://www.legambiente.it/,,Rome,"41,9340757","12,5067594"
Legambiente Lazio,community_services_non_profits,2,http://www.legambientelazio.it/,,Rome,"41,9029981","12,4933879"
Legambiente Mondi Possibili,community_services_non_profits,2,http://www.legambientemondipossibili.org/,,Rome,"41,9124161","12,5002881"
Legio Capitolina,arts_and_entertainment,2,http://www.legiocapitolina.it/,,Rome,"41,9045372","12,4370761"
Legio Ii Avgvsta,community_services_non_profits,2,http://www.colosseum.it/,,Rome,"41,7377025","12,383237"
Legnami Coralli,arts_and_crafts,2,http://www.legnocoralliroma.com/,,Rome,"41,9402055","12,5250387"
Legnocemento,architectural_designer,2,http://www.legno-cemento.com/,,Rome,"41,92635","12,4807424"
Lella bacia tutti - tutti i lunedi',arts_and_entertainment,2,Ingen webbplats,,Rome,"41,9457105","12,5351574"
Leo Club Italia,community_services_non_profits,2,https://www.leoclub.it/,,Rome,"41,9181167","12,5000331"
Lettera22,community_services_non_profits,2,Ingen webbplats,,Rome,"41,888753","12,4834043"
Levi's,fashion,2,http://www.levi.com/IT/it_IT/,,Rome,"41,8858073","12,5098756"
LGFF Architettura,architectural_designer,2,http://lgffarchitettura.it,,Rome,"41,9121895","12,4761673"
Libelà,community_services_non_profits,2,http://www.libela.it/,,Rome,"41,8545923","12,5081171"
Libellula,community_services_non_profits,2,http://www.libellulaitalia.com/,,Rome,"41,8547869","12,4874614"
Libera Accademia di Roma & Università Popolare dello Sport Lar-Ups,community_services_non_profits,2,http://www.accademialar.it/,,Rome,"41,9093939","12,4572521"
Libera Cittadinanza Onlus,community_services_non_profits,2,http://www.liberacittadinanza.org/,,Rome,"41,8877497","12,5044374"
Libera Contro le Mafie,community_services_non_profits,2,http://www.libera.it/,,Rome,"41,9144443","12,5231388"
"Libera Roma Presidio IV Municipio ""Francesco Borrelli""",community_services_non_profits,2,http://www.libera.it/,,Rome,"41,9180298","12,55371"
Liberalismo Gobettiano,cultural_center,2,https://www.liberalismogobettiano.it/donazioni/,,Rome,"41,8891","12,51303"
Liberi Fino Alla Fine,community_services_non_profits,2,http://www.eutanasialegale.it/,,Rome,"41,90473","12,48947"
Liberi Nantes,community_services_non_profits,2,http://www.liberinantes.org/,,Rome,"41,9171583","12,5518898"
Liberprof Confsal,community_services_non_profits,2,http://www.liberprof.it/,,Rome,"41,9142699","12,5712991"
Library,library,2,http://www.thelibrary.it/,,Rome,"41,8978327","12,4711761"
Libreria Coliseum,library,2,Ingen webbplats,,Rome,"41,8976493","12,4751107"
Libreria Spagnola,library,2,Ingen webbplats,,Rome,"41,8997979","12,4749841"
LIFC Officium,community_services_non_profits,2,http://www.officiumroma.it/,,Rome,"41,8977","12,46107"
Like Disco,arts_and_entertainment,2,Ingen webbplats,,Rome,"41,7860875","12,4498907"
Lilt Roma,community_services_non_profits,2,http://www.legatumoriroma.it/,,Rome,"41,9173703","12,5128759"
Lily's Secret,arts_and_entertainment,2,Ingen webbplats,,Rome,"41,8646209","12,4809872"
Limes Architetti,architectural_designer,2,http://www.limesarchitetti.com/,,Rome,"41,93774","12,53343"
Liminal,community_services_non_profits,2,https://liminalweb.com/,,Rome,"41,899066","12,478349"
Linda De Rosa Architetto,architectural_designer,2,https://lindaderosaarchitetto.com/,,Rome,"41,9197392","12,4399455"
Link 2007,community_services_non_profits,2,http://www.link2007.org/,,Rome,"41,9091021","12,463058"
Link Coordinamento Universitario,community_services_non_profits,2,http://www.coordinamentouniversitario.it,,Rome,"41,9144445","12,5231396"
Lions Club Roma Augustus,community_services_non_profits,2,http://www.lionsromaaugustus.it/,,Rome,"41,7848919","12,440916"
Lions Club Universitario  Roma Parioli,community_services_non_profits,2,https://www.lions.it/,,Rome,"41,92503","12,49327"
Lions Italia,community_services_non_profits,2,http://www.lions.it/,,Rome,"41,7088042","12,4914551"
Lipu,community_services_non_profits,2,http://www.crfslipuroma.it,,Rome,"41,9163556","12,4830491"
Lista Danilo Cappa - Shari Vari,dance_club,2,Ingen webbplats,,Rome,"41,8972702","12,4763298"
Lista Fioravanti Profumo Spazio Sensoriale,dance_club,2,Ingen webbplats,,Rome,"41,89534","12,47887"
Lista Venuti,dance_club,2,Ingen webbplats,,Rome,"41,89004","12,49423"
LIT-Architects,architectural_designer,2,http://www.lit-architects.com/,,Rome,"41,8781206","12,5320366"
Lnd Servizi SRL - Società A Responsabilità Limitata,community_services_non_profits,2,http://www.lnd.it/,,Rome,"41,911857","12,4752521"
Lo Zigolo Zagolo,arts_and_entertainment,2,http://www.lozigolozagolo.it/,,Rome,"41,8236956","12,5111906"
LOAD Onlus,community_services_non_profits,2,http://www.loadonlus.org/,,Rome,"41,8630213","12,4737224"
Localiarreda,architectural_designer,2,http://www.localiarreda.it/,,Rome,"41,9333081","12,5791817"
Lodi Circus,circus,2,Ingen webbplats,,Rome,"41,8874383","12,5211124"
Loggia Arredamenti,architectural_designer,2,http://www.loggiarredamenti.it/,,Rome,"41,8564054","12,4464055"
Logicity,architectural_designer,2,https://www.logicity.it/contatti/,,Rome,"41,9118414","12,5229753"
Lollo 10,community_services_non_profits,2,http://www.lollo10.it/,,Rome,"41,9290553","12,4274724"
Loredana Giannuzzi Artista,museum,2,Ingen webbplats,,Rome,"41,773231","12,3730436"
LOST - Parco de Medici,dance_club,2,http://www.lostinthejungle.it/,,Rome,"41,8148228","12,412418"
Loto AD Project,architectural_designer,2,https://lotoadproject.com/,,Rome,"41,9238068","12,4810522"
Lotto 58 Tufello,community_center,2,Ingen webbplats,,Rome,"41,9522839","12,5325552"
Love Dance Group,arts_and_entertainment,2,Ingen webbplats,,Rome,"41,87126","12,48017"
Love&hate,record_label,2,Ingen webbplats,,Rome,"41,8634307","12,4805133"
LOY Architetti,architectural_designer,2,http://www.loyarchitetti.com/,,Rome,"41,9190705","12,498802"
Lpa,architectural_designer,2,http://www.lp-a.it/,,Rome,"41,8949917","12,5132042"
LRHA Lazio Reining Horse Association Asd,community_services_non_profits,2,https://www.lrha.it/,,Rome,"41,894529","12,5092428"
Luana Rao Optic'Art,arts_and_entertainment,2,Ingen webbplats,,Rome,"41,8615","12,67093"
Lucha y Siesta,attractions_and_activities,2,https://luchaysiesta.org/,,Rome,"41,8595307","12,5566505"
Luci sull'Est,community_services_non_profits,2,http://www.lucisullest.it/,,Rome,"41,9136577","12,5012611"
Luconlus,community_services_non_profits,2,http://www.luconlus.com/,,Rome,"41,9206681","12,5069563"
LUDIC ROMA - Game Club,arts_and_entertainment,2,https://linktr.ee/LudicRoma,,Rome,"41,9485299","12,5345924"
LudoLab Studio,architectural_designer,2,http://www.ludolab.it/,,Rome,"41,8317814","12,4624609"
"Ludoteca Leonardo ""100stazioni"" D'Ambrosio",arts_and_entertainment,2,Ingen webbplats,,Rome,"41,84932","12,44593"
Ludus in Fabula,community_services_non_profits,2,http://www.ludusinfabula.it/,,Rome,"41,8913959","12,5674393"
Luigi's Style,fashion,2,Ingen webbplats,,Rome,"41,9144483","12,4146009"
Lumina,dance_club,2,Ingen webbplats,,Rome,"41,8828342","12,5124454"
Luminamente,cultural_center,2,https://www.luminamente.it/contattaci/,,Rome,"41,8140432","12,6025274"
Luminaria - Music by Candlelight,music_venue,2,http://www.stpaulsrome.it/music/luminaria/,,Rome,"41,90136","12,49418"
LUMSA Human Academy,community_services_non_profits,2,https://linktr.ee/lumsahumanacademy,,Rome,"41,9068657","12,47038"
Lunaria,community_services_non_profits,2,http://www.lunaria.org/,,Rome,"41,8940042","12,5029565"
Lungo il Tevere Roma,arts_and_entertainment,2,http://www.lungoiltevereroma.it/,,Rome,"41,8892478","12,477501"
Luxury Windows Italia,architectural_designer,2,http://www.luxurywindowsitalia.com/,,Rome,"41,8517867","12,4850234"
M.A.D. Cube Architects,architectural_designer,2,http://www.madcube.it/,,Rome,"41,73201","12,27581"
m2vstudio,architectural_designer,2,http://www.m2vstudio.it/,,Rome,"41,9439433","12,5279792"
M9 Concept Store,fashion,2,Ingen webbplats,,Rome,"41,8654045","12,5314545"
Ma Kà - Ing. Maria Claudia Nardoni,architectural_designer,2,http://www.makahome.it/,,Rome,"41,8839736","12,4021958"
Ma.Pi.Nù  Onlus,community_services_non_profits,2,Ingen webbplats,,Rome,"41,8984604","12,4775696"
MACCE,community_services_non_profits,2,http://www.macce.it/,,Rome,"41,8533874","12,5928487"
Macristudio - Studio di Architettura & Ingegneria,architectural_designer,2,http://macristudio.eu/,,Rome,"41,9135099","12,4520054"
Madclub Roma,dance_club,2,Ingen webbplats,,Rome,"41,9129649","12,5195858"
Made in Jail,community_services_non_profits,2,http://www.madeinjail.com/,,Rome,"41,8619394","12,5540464"
Magath & Chapeau,arts_and_entertainment,2,Ingen webbplats,,Rome,"41,8718645","12,5515176"
Magazzino Cooperativa Sociale Integrata Onlus,community_services_non_profits,2,http://coopmagazzino.it/,,Rome,"41,9187413","12,4145313"
maggiolino club roma,community_services_non_profits,2,http://www.beetle.it/,,Rome,"41,89766","12,53813"
Magicaburla ETS,community_services_non_profits,2,https://www.magicaburla.it/,,Rome,"41,8802121","12,5216814"
Magicolori,community_services_non_profits,2,Ingen webbplats,,Rome,"41,8941749","12,59219"
Magistratura Indipendente,community_services_non_profits,2,http://www.magistraturaindipendente.it/,,Rome,"41,9023143","12,5046993"
Magliana 80,community_services_non_profits,2,http://www.magliana80.it/,,Rome,"41,845177","12,460403"
MAGNALONGA,community_services_non_profits,2,http://www.magnalonga.net/,,Rome,"41,9123886","12,5003807"
Magnum Party,arts_and_entertainment,2,http://www.magnumshop.it/,,Rome,"41,8664524","12,5496331"
Magville,community_services_non_profits,2,Ingen webbplats,,Rome,"41,8572453","12,5718235"
MAIS OdV,community_services_non_profits,2,http://www.maisodv.org/,,Rome,"41,8976118","12,502254"
Maison Celestino,fashion,2,http://www.maisoncelestino.com/,,Rome,"41,90367","12,48095"
Maisons des Enfants Onlus,community_services_non_profits,2,http://www.mademada.org/,,Rome,"41,8867466","12,4680034"
Makadè Pub,arts_and_entertainment,2,Ingen webbplats,,Rome,"41,9083778","12,4517761"
Malibù Sun Club SNC di Pettorelli Laura e Beccalli Francesca,arts_and_entertainment,2,Ingen webbplats,,Rome,"41,8592191","12,5598103"
Malo Boutique Roma,fashion,2,http://www.malo.it,,Rome,"41,9043603","12,4799271"
Mameli 7 ONLUS,community_services_non_profits,2,http://www.mameli7onlus.it/,,Rome,"41,8867541","12,4682878"
MAMESTUDIO,architectural_designer,2,http://www.mamestudio.com/,,Rome,"41,8633962","12,480829"
MAMMA ROMA,arts_and_entertainment,2,Ingen webbplats,,Rome,"41,90023","12,50036"
Man Architetti,architectural_designer,2,http://www.manarchitetti.it/,,Rome,"41,7313644","12,2912632"
"Manageritalia Lazio, Abruzzo, Molise, Sardegna e Umbria",community_services_non_profits,2,https://www.manageritalia.it/it/chi-siamo/associazioni-territoriali/roma,,Rome,"41,9102605","12,4657255"
Mandrake Music Live - food & drink palco concerti,music_venue,2,Ingen webbplats,,Rome,"41,9213715","12,4219216"
Mangano Architettura,architectural_designer,2,https://www.manganoarchitettura.it/,,Rome,"41,91114","12,5450477"
Manicomio party,dance_club,2,Ingen webbplats,,Rome,"41,9098013","12,6173152"
Manifactory,fashion,2,http://manifactory.it,,Rome,"41,8937907","12,4783152"
Manila Grace,fashion,2,http://www.manilagrace.com/it/storelocator.html,,Rome,"41,9082599","12,4660802"
Manila Grace,fashion,2,Ingen webbplats,,Rome,"41,9039622","12,479645"
MANTO Cooperativa Sociale,community_services_non_profits,2,http://www.mantocooperativa.com/,,Rome,"41,9260473","12,5391453"
Manu Handmade by Fantastica Emozione,arts_and_crafts,2,https://www.manuhandmade.it/,,Rome,"41,9513845","12,547866"
Manuela Tognoli,architectural_designer,2,http://www.manuelatognoli.com/,,Rome,"41,87134","12,4657832"
Marcello Rossi Studio -  Design e Architettura,architectural_designer,2,Ingen webbplats,,Rome,"41,9259868","12,4619454"
Marco Casali Too-Design,architectural_designer,2,http://www.marcocasali.com/,,Rome,"42,02928","12,37392"
Marco Guarino,arts_and_entertainment,2,https://www.ticketnation.it/lkp/aab/guarino-marco,,Rome,"41,7834","12,36511"
Marco Manzao Onlus,community_services_non_profits,2,Ingen webbplats,,Rome,"41,8584344","12,6918403"
Marco Pannella,community_services_non_profits,2,http://www.fondazionemarcopannella.it/,,Rome,"41,8971823","12,476356"
Marco Pietrobono Onlus,community_services_non_profits,2,https://marcopietrobono.com/sostienici/,,Rome,"41,8836388","12,5003345"
Marco Staffolani Architetto,architectural_designer,2,http://www.multiarch.it/,,Rome,"41,8573963","12,446967"
Marco Vincenti Studio,architectural_designer,2,https://marcovincentistudio.com/,,Rome,"41,9125131","12,4174766"
Mareaperto - La Vela per Tutti,community_services_non_profits,2,http://www.mareaperto.org/,,Rome,"41,89616","12,43042"
Margarete architetti,architectural_designer,2,http://www.margarete.it/,,Rome,"41,9298651","12,4683335"
Margine,architectural_designer,2,http://www.margine.net/,,Rome,"41,8775511","12,5340206"
Margutta Fashion Club,arts_and_entertainment,2,Ingen webbplats,,Rome,"41,9084511","12,4796696"
Marina Militare,fashion,2,Ingen webbplats,,Rome,"41,90156","12,48107"
Mario Lopane Architetto,architectural_designer,2,http://www.mariolopane.it/,,Rome,"41,8832613","12,5408042"
Mariposa Pool Club,music_venue,2,Ingen webbplats,,Rome,"41,9637301","12,6062644"
Marligo fashion designer,fashion,2,Ingen webbplats,,Rome,"41,7815809","12,345339"
Marluc onlus,community_services_non_profits,2,http://www.marluconlus.org/,,Rome,"41,9125097","12,4626852"
Marmorata169,community_services_non_profits,2,http://www.marmorata169.com/,,Rome,"41,8820856","12,4766171"
Marron Glacè,dance_club,2,Ingen webbplats,,Rome,"41,863853","12,59757"
Marta Cammarano,architectural_designer,2,http://www.martacammarano.com/,,Rome,"41,9165655","12,4604948"
Martini costruzioni e progettazioni,architectural_designer,2,http://www.martinicostruzioni.it/,,Rome,"41,7377481","12,2874549"
Mary Poppins Onlus,community_services_non_profits,2,https://www.instagram.com/associazione_marypoppins?igsh=MTc3aW4zeGszbDR2OA%3D%3D,,Rome,"41,904103","12,517356"
Masbia Lekol Chay Ratzon Italia,community_services_non_profits,2,Ingen webbplats,,Rome,"41,857087","12,470845"
MASCI Roma 20,community_services_non_profits,2,Ingen webbplats,,Rome,"41,8254453","12,6124402"
"MASCI ROMA 25 ""La Storta""",community_services_non_profits,2,Ingen webbplats,,Rome,"42,0017612","12,3838044"
Massimiliano Ciccalotti Architects,architectural_designer,2,http://www.architettociccalotti.com/,,Rome,"41,8763456","12,4649148"
Massimiliano Vinci Architetto,architectural_designer,2,http://www.massimilianovinci.com/,,Rome,"41,8728073","12,4890125"
Massimo Adario Architetto,architectural_designer,2,http://www.massimoadario.com/,,Rome,"41,9128966","12,456243"
Massimo Vallati,community_services_non_profits,2,https://www.calciosociale.it/,,Rome,"41,856094","12,416417"
MAST 35,community_services_non_profits,2,Ingen webbplats,,Rome,"41,85579","12,49736"
Mastro Tattoo Roma,arts_and_entertainment,2,http://www.mastrotattooroma.it/,,Rome,"41,9475719","12,4758978"
Mat Daro,architectural_designer,2,http://matdaro.org/,,Rome,"41,9002901","12,4796976"
Matemù,arts_and_entertainment,2,https://www.cies.it/matemu/,,Rome,"41,8904522","12,5090652"
Materia Club,dance_club,2,Ingen webbplats,,Rome,"41,9080239","12,5251519"
Materica Group,architectural_designer,2,https://www.materica-group.com/,,Rome,"41,8663242","12,4467046"
Mateul 80,arts_and_entertainment,2,Ingen webbplats,,Rome,"41,893591","12,472228"
Matteo Geri Eventi,arts_and_entertainment,2,http://www.matteogerieventi.com/,,Rome,"41,7124379","12,4921371"
Matteo Profumo,dance_club,2,Ingen webbplats,,Rome,"41,9508906","12,461783"
Maura e le altre,community_services_non_profits,2,Ingen webbplats,,Rome,"41,8729391","12,5969285"
Maurizio Bazar,fashion,2,http://www.mauriziobazar.com/,,Rome,"41,9051929","12,4276287"
Maurizio Giovannoni Studio,architectural_designer,2,http://www.mauriziogiovannoni.it/,,Rome,"41,8872305","12,519205"
Maurizio Talarico ,fashion,2,http://www.talaricocravatte.com/,,Rome,"41,92583","12,46292"
maxellenz,fashion,2,http://Maxellenz.com/,,Rome,"41,89692","12,49048"
MBanga studio,animation_studio,2,https://www.mbangastudio.com/,,Rome,"41,8890429","12,5359156"
MBRstudio Architetti,architectural_designer,2,http://www.mbrstudio.eu/,,Rome,"41,9136846","12,4596033"
MC2 Architetti,architectural_designer,2,http://www.mc2architetti.com/,,Rome,"41,8943129","12,4799505"
MCM Giochi srl,arts_and_entertainment,2,http://www.mcmgiochi.it/,,Rome,"41,8760161","12,5267334"
MD LAB New Architecture,architectural_designer,2,http://www.mdlabarchitecture.com/,,Rome,"41,854507","12,385448"
MEA Studio,architectural_designer,2,http://www.studiomea.it/,,Rome,"41,9152945","12,5491186"
Medici del Mondo,community_services_non_profits,2,http://www.medicidelmondo.it/,,Rome,"41,946131","12,51843"
Medici Senza Fissa Dimora,community_services_non_profits,2,https://www.medicisenzafissadimora.it/,,Rome,"41,7293247","12,2975137"
Medicina e Assistenza ai Margini - OdV,community_services_non_profits,2,http://www.mam-odv.it/,,Rome,"41,8764313","12,5512791"
Medicina Solidale - volontari -,community_services_non_profits,2,http://www.medicinasolidale.org/,,Rome,"41,8641047","12,6385387"
Mediterranean hope,community_services_non_profits,2,http://mediterraneanhope.com/,,Rome,"41,90337","12,49294"
MEDU - Medici per i Diritti Umani,community_services_non_profits,2,https://donazioni.mediciperidirittiumani.org/,,Rome,"41,885601","12,536992"
Medusa Film,cinema,2,http://www.medusa.it/,,Rome,"41,8842749","12,4885714"
Megcreative di Margherita Briganti,art_restoration,2,http://margheritabriganti.jimdo.com/,,Rome,"41,88288","12,50855"
Melampo Cinematografica SRL,cinema,2,https://www.youtube.com/watch?v=KAgMWrP3dVc&feature=youtu.be,,Rome,"41,883381","12,485225"
Melodie di Seta,community_services_non_profits,2,Ingen webbplats,,Rome,"41,8783943","12,473425"
Meltin'Park,arts_and_entertainment,2,Ingen webbplats,,Rome,"41,8753171","12,495423"
Memorial Marco Iovini,community_services_non_profits,2,https://www.instagram.com/memorial_marco_iovini/?hl=it,,Rome,"41,887986","12,5369072"
Menelounge Tor San Lorenzo,arts_and_entertainment,2,Ingen webbplats,,Rome,"41,8545031","12,5804756"
Mensura,fashion,2,http://www.mensuradressform.com/,,Rome,"41,8114603","12,6281611"
Mente Pubblica Think Tank,community_services_non_profits,2,http://www.mentepubblica.it/,,Rome,"41,8997896","12,4760216"
MenteSociale,community_services_non_profits,2,http://www.mentesociale.it/,,Rome,"41,8864495","12,5618233"
Menteultima,community_services_non_profits,2,http://www.menteultima.it/,,Rome,"41,90697","12,551119"
Mercantile Via Sistina,fashion,2,Ingen webbplats,,Rome,"41,9045633","12,4864071"
Mercati di Traiano,history_museum,2,Ingen webbplats,,Rome,"41,8947344","12,4849716"
Mercatino di Natale,arts_and_entertainment,2,http://leCreazioniDiAnna.weebly.com/,,Rome,"42,04555","12,5678"
Mercatino di Scambio riuso baratto vintage e oggetti  di altri tempi,community_services_non_profits,2,Ingen webbplats,,Rome,"41,94079","12,52792"
Mercatino Hippy,arts_and_entertainment,2,Ingen webbplats,,Rome,"41,8647913","12,480843"
Mercatino musicale,music_venue,2,http://WWW.PRONTOMUSICA.COM/,,Rome,"41,9090512","12,397124"
merceria Ago e Filo,arts_and_crafts,2,http://www.paginegialle.it/agoefilo-rm,,Rome,"41,7771491","12,3505448"
Merceria Branciforte Roma,arts_and_crafts,2,https://www.merceriabranciforte.it/,,Rome,"41,8942683","12,4773656"
Meta Centro Giovanile,community_services_non_profits,2,http://www.meta.coop/,,Rome,"41,8683036","12,5191783"
Metafisica Italia Sede Centrale,community_services_non_profits,2,http://www.metafisicaitalia.it/,,Rome,"41,9121481","12,51854"
Metalsec Fabbro ferro alluminio cancelli in ferro grate  interior design,architectural_designer,2,Ingen webbplats,,Rome,"41,9049892","12,552418"
Metànoia Studio di Stefania Di Benedetto,architectural_designer,2,https://www.linkedin.com/in/stefania-di-benedetto-ab759826/,,Rome,"41,905886","12,4723892"
Metro Core - circolo Arci,arts_and_entertainment,2,https://linktr.ee/metrocore,,Rome,"41,8910045","12,5329717"
Mezzelani Centro di Formazione,community_services_non_profits,2,http://www.centromezzelani.com/,,Rome,"41,8742561","12,5289925"
MfC - Maendeleo for Children,community_services_non_profits,2,https://www.maendeleo-online.org/,,Rome,"41,877857","12,522609"
MGR La Merceria Di Gabriella Magrini,arts_and_crafts,2,http://www.mgrmerceriaroma.com/,,Rome,"41,8589465","12,419148"
Mi Havana,arts_and_entertainment,2,http://www.mihavana.it/,,Rome,"41,7656211","12,3151115"
Mia srl,architectural_designer,2,http://www.miasrl.eu/,,Rome,"41,893582","12,4385469"
MIASŌ,designer_clothing,2,https://www.miaso.it/,,Rome,"41,946456","12,4653703"
Michele sainato disegnatore Cad,architectural_designer,2,Ingen webbplats,,Rome,"41,9433167","12,5294221"
Micro Progress Onlus,community_services_non_profits,2,http://www.microprogress.org,,Rome,"41,896011","12,518226"
MIDA Academy,community_services_non_profits,2,http://www.midaacademy.it/,,Rome,"41,9201801","12,5193247"
Migliorati Marmi,fashion,2,http://www.miglioratimarmi.it/,,Rome,"41,9200198","12,6762406"
Migliori Giardinieri -Roma-,arts_and_entertainment,2,http://www.imigliorigiardinieri.com/,,Rome,"41,8966914","12,4281073"
Mike Star's Eventi,arts_and_entertainment,2,https://wa.me/393487566374,,Rome,"41,83419","12,47401"
milius.srl,architectural_designer,2,https://www.miliussrl.com/,,Rome,"41,9135041","12,45614"
Millecento11,dance_club,2,Ingen webbplats,,Rome,"41,95657","12,57205"
Millennium People,community_services_non_profits,2,https://millenniumpeople.it/,,Rome,"41,9356873","12,5368964"
Millennium Protezione Civile,community_services_non_profits,2,http://www.millenniumroma.org/,,Rome,"41,84104","12,4846726"
Millepiani,community_services_non_profits,2,http://www.millepiani.eu/,,Rome,"41,8618189","12,4864758"
Millim Studio,fashion,2,http://www.millimstudio.com/,,Rome,"41,8713368","12,4657794"
MIMA Laboratorio di architettura,architectural_designer,2,http://www.mimalabstudio.com/,,Rome,"41,9305805","12,46498"
MinErmes,community_services_non_profits,2,https://minermes.it/,,Rome,"41,90498","12,48529"
Minerva Auctions SRL,arts_and_crafts,2,http://www.minervaauctions.com,,Rome,"41,897926","12,482796"
Minimum Fax Media,arts_and_entertainment,2,http://www.minimumfaxmedia.com/,,Rome,"41,9136227","12,473451"
Mint Experience Store,fashion,2,Ingen webbplats,,Rome,"41,8998936","12,4668611"
Mio Lounge,dance_club,2,Ingen webbplats,,Rome,"41,8350101","12,5005261"
MIR - Movimento Italiano malati Rari,community_services_non_profits,2,http://www.movimentorari.it/,,Rome,"41,933465","12,363026"
Mirjac onlus,community_services_non_profits,2,http://mirjac.eu/,,Rome,"41,8900351","12,4658676"
Mirko Cappellacci Architetto,architectural_designer,2,http://www.cappellacci.com/,,Rome,"41,8037103","12,4422312"
Mirò Restauro,community_services_non_profits,2,http://www.mirorestauro.it/,,Rome,"41,8883428","12,4780505"
Miroparty.com,dance_club,2,http://www.miroparty.com/,,Rome,"41,956129","12,573109"
Misericordia di Roma,community_services_non_profits,2,http://www.misericordiadiroma.it/,,Rome,"41,85359","12,67356"
Misericordia di Roma Castel Giubileo,community_services_non_profits,2,http://www.misericordiaroma.it/,,Rome,"41,9840666","12,5082151"
Misericordia di Roma Centro,community_services_non_profits,2,http://www.misericordiadiromacentro.it/,,Rome,"41,9173591","12,500503"
Misericordia Roma Appio Tuscolano,community_services_non_profits,2,http://www.misericordiaroma-at.org/,,Rome,"41,8798845","12,5272858"
Misericordia Roma Santa Maria Goretti,community_services_non_profits,2,http://misericordiaromasantamariagoretti.it/,,Rome,"41,93124","12,52214"
Miss Wine,community_services_non_profits,2,Ingen webbplats,,Rome,"41,875217","12,5397239"
Mission Roma,community_services_non_profits,2,http://www.missionroma.com/,,Rome,"41,7825157","12,3634749"
Missionari Scalabriniani - Europa e Africa,community_services_non_profits,2,http://www.scalabriniani.net/,,Rome,"41,88368","12,46708"
Missione effatà onlus,community_services_non_profits,2,http://www.missioneeffata.it/come_sostenerci,,Rome,"41,894022","12,559768"
MITHO Roma,dance_club,2,Ingen webbplats,,Rome,"41,8174548","12,4844142"
MKJovicic_studio_dizajn,arts_and_entertainment,2,Ingen webbplats,,Rome,"41,92577","12,42538"
Mmkm,architectural_designer,2,http://www.mmkmstudio.it/,,Rome,"41,8982593","12,5109458"
MMSerramenti srl,arts_and_entertainment,2,http://mmserramenti.com/,,Rome,"41,8891995","12,5304561"
MOB Architects di Mattia Oliviero Bianchi,architectural_designer,2,http://www.mobarchitects.com/,,Rome,"41,9228955","12,5019518"
Moby Dick Onlus,community_services_non_profits,2,http://www.moby-dick.info/,,Rome,"41,8999546","12,5092804"
Modavi Protezione Civile LAZIO,community_services_non_profits,2,http://modaviprotezionecivile.it/,,Rome,"41,8393174","12,5492005"
Mode & Maison,fashion,2,http://www.modeemaisonvintage.com/,,Rome,"41,9112437","12,5004271"
Modelab,arts_and_entertainment,2,http://www.modelab.it/,,Rome,"41,9132404","12,5417119"
Modelli si Nasce Onlus,community_services_non_profits,2,https://www.modellisinasce.com/,,Rome,"41,907399","12,495008"
Modellismo Gianni,arts_and_crafts,2,https://modellismogianni.it/,,Rome,"41,8226652","12,5813639"
Modero Architecture,architectural_designer,2,http://modero.it/,,Rome,"41,8944326","12,5018558"
modostudio,architectural_designer,2,http://www.modostudio.eu/,,Rome,"41,8633102","12,4806099"
Mohamed Keilani,architectural_designer,2,http://www.mohamedkeilani.com/,,Rome,"41,8754942","12,4875581"
Momenti di moda,fashion,2,http://www.momentidimoda.com/,,Rome,"41,9421743","12,525021"
MOMOArtisan,arts_and_crafts,2,http://www.robotics-3d.com/,,Rome,"41,86833","12,63157"
MOMU,community_services_non_profits,2,http://www.momu.it/,,Rome,"41,8561822","12,650196"
Mondo Sociale APS,community_services_non_profits,2,http://www.mondosociale.com/,,Rome,"41,9179354","12,467273"
Mondoconsumatori Associazione Nazionale Consumatori,community_services_non_profits,2,http://www.mondoconsumatori.it/,,Rome,"41,906566","12,449327"
Monica Meloni Counselor,community_services_non_profits,2,Ingen webbplats,,Rome,"41,85419","12,65297"
Monte Argentario,arts_and_entertainment,2,http://www.monteargentario.it/,,Rome,"41,9302272","12,4905103"
MontecarloGames,arts_and_entertainment,2,http://www.montecarlogames.it/,,Rome,"41,9138632","12,4153675"
Monteverde Attiva,community_services_non_profits,2,http://www.monteverdeattiva.org/,,Rome,"41,8714218","12,4460096"
Moodya,fashion,2,http://www.bisiconcept.com/,,Rome,"41,90914","12,47618"
Mooi Studio,architectural_designer,2,https://www.mooistudio.it/,,Rome,"41,854094","12,5667573"
Moovimento Associazione polisportiva dilettantistica,community_services_non_profits,2,http://www.moovimentoapd.it/,,Rome,"41,9461757","12,540229"
Mosaico Studio Engineering SRL,architectural_designer,2,http://www.mosaicostudio.com,,Rome,"41,9130385","12,5178837"
Motoclub Vagabondi in Moto,community_services_non_profits,2,https://vagabondiinmoto.it/,,Rome,"41,910728","12,50181"
MotoForPeace,community_services_non_profits,2,https://www.motoforpeace.it/,,Rome,"41,80527","12,31669"
Moveandproject,architectural_designer,2,http://www.moveandproject.it/,,Rome,"41,9040781","12,5039877"
MoVI - Movimento di Volontariato Italiano,community_services_non_profits,2,https://www.retemovi.it/,,Rome,"41,861871","12,4352145"
Movieland,arts_and_entertainment,2,Ingen webbplats,,Rome,"41,73575","12,28052"
Movimento Consumatori,social_club,2,https://www.movimentoconsumatori.it/,,Rome,"41,9065502","12,4941542"
Movimento d'Agape,community_services_non_profits,2,https://whatsapp.com/channel/0029Va9D9DB5Ejxt6q6gQy0I,,Rome,"41,8785448","12,502863"
Movimento dei Genitori Separati,community_services_non_profits,2,http://www.movgenitoriseparati.com/,,Rome,"41,9143921","12,4640459"
Movimento Difesa del Cittadino,community_services_non_profits,2,http://www.difesadelcittadino.it/,,Rome,"41,8902335","12,5178936"
Movimento Difesa del Cittadino Lazio - MDC Lazio,community_services_non_profits,2,http://www.mdclazio.org/,,Rome,"41,9059212","12,558433"
Movimento per la vita italiano,community_services_non_profits,2,http://www.mpv.org/,,Rome,"41,892693","12,4714563"
Mp2a architetti associati,architectural_designer,2,http://www.mp2a.it/,,Rome,"41,8937402","12,5025659"
Mr Boom,fashion,2,http://www.mrboom.it,,Rome,"41,8709941","12,4453586"
Mr. Home,architectural_designer,2,http://misterhome.eu/,,Rome,"41,8696606","12,5312455"
MR. Monkey Village,arcade,2,http://www.mrmonkey.it/,,Rome,"41,8604967","12,611532"
Mraprogetti,architectural_designer,2,http://www.mraprogetti.com/,,Rome,"41,89393","12,502879"
MSOI Roma,community_services_non_profits,2,http://www.msoiroma.it/,,Rome,"41,895433","12,481261"
MSP LAZIO,community_services_non_profits,2,http://www.msplazio.com/,,Rome,"41,85127","12,56216"
Mto&ass.,architectural_designer,2,http://www.tonci.com/,,Rome,"41,8987934","12,4673678"
MTR Movimento Tradizionale Romano,community_services_non_profits,2,http://www.saturniatellus.com/,,Rome,"41,90753","12,5002758"
Municipio5 Next Generation,community_services_non_profits,2,Ingen webbplats,,Rome,"41,87215","12,58203"
Murialdo World ets,community_services_non_profits,2,http://www.murialdoworld.org/,,Rome,"41,91632","12,395"
Museo della Caserma dei Corazzieri,arts_and_entertainment,2,Ingen webbplats,,Rome,"41,904086","12,4927278"
Museo della comunicazione,history_museum,2,Ingen webbplats,,Rome,"41,8253013","12,4639525"
Music Planner by Stefano Capasso,music_venue,2,http://www.musicplanner.it/,,Rome,"41,9187934","12,4421895"
Music Planners,music_venue,2,http://www.music-planners.com/,,Rome,"41,8763155","12,5231174"
Music Zone,music_venue,2,Ingen webbplats,,Rome,"41,8656311","12,4693512"
Mutua Ulisse,community_services_non_profits,2,http://www.mutuaulisse.it/contatti.html,,Rome,"41,8761142","12,5039676"
Mv Love Shopping Roma,fashion,2,https://mvloveshopping.it/,,Rome,"41,81879","12,3531454"
My Closet,fashion,2,Ingen webbplats,,Rome,"41,9491807","12,5844058"
My Special Time International Campus,community_services_non_profits,2,https://myspecialtime.it/,,Rome,"42,0661916","12,3737759"
My Wonderland Allestimenti,arts_and_entertainment,2,Ingen webbplats,,Rome,"41,84182","12,54796"
MYllennium Award,community_services_non_profits,2,http://myllenniumaward.org/,,Rome,"41,8997184","12,5001176"
N Film,cinema,2,http://www.nfilm.it/,,Rome,"41,8928567","12,4803715"
N3 Ruschena,arts_and_entertainment,2,http://ruschenanumero3.it/,,Rome,"41,9051763","12,4732802"
Nacne,cinema,2,http://www.nacne.eu/,,Rome,"41,88172","12,47534"
Nadia Donati Architetto,architectural_designer,2,http://www.nadiadonati.it/,,Rome,"41,8477678","12,4776178"
Naïma,fashion,2,http://naima.it/,,Rome,"41,9356099","12,5159259"
Nanà e Bobò Merceria Creativa,arts_and_crafts,2,http://www.nanaeboboshop.com/,,Rome,"41,879888","12,476183"
Nana ETS,community_services_non_profits,2,http://www.nanaets.org/,,Rome,"41,91336","12,52516"
napoli,arts_and_entertainment,2,Ingen webbplats,,Rome,"41,899575","12,4958817"
Narconon Argo Roma,community_services_non_profits,2,https://www.narconon-argo.it/,,Rome,"41,8695608","12,4804688"
Nascere e Crescere,community_services_non_profits,2,http://www.nascereecrescere.it/,,Rome,"41,878608","12,5065738"
Naschira,community_services_non_profits,2,http://www.naschira.com/,,Rome,"41,912475","12,462165"
Nasone,attractions_and_activities,2,Ingen webbplats,,Rome,"41,8992099","12,473179"
Nativo Onlus,community_services_non_profits,2,https://www.nativonlus.org/come-aiutare/,,Rome,"41,9250602","12,4908571"
Nazionale Spazio Eventi,venue_and_event_space,2,http://www.nazionalespazioeventi.com/,,Rome,"41,8985972","12,4915353"
Negozi da Incubo,fashion,2,http://www.negozidaincubo.it/,,Rome,"41,7321024","12,2769628"
Nel Laboratorio delle Idee,community_services_non_profits,2,Ingen webbplats,,Rome,"41,97983","12,56328"
Nemesi - Diritto&Psicologia,community_services_non_profits,2,http://www.nemesidirittopsicologia.it/,,Rome,"41,841938","12,5425705"
Nero Craft,fashion,2,http://www.nerocraft.it/,,Rome,"41,94075","12,42381"
Nessun Luogo è Lontano,community_services_non_profits,2,https://www.nessunluogoelontano.it/,,Rome,"41,8638712","12,449718"
Net School,community_services_non_profits,2,http://www.netschool.it/,,Rome,"41,8913166","12,5099926"
NETarchitecture,architectural_designer,2,http://www.netarchitecture.it/,,Rome,"41,9489","12,42946"
Nethex Viale B Bardanzellu 8,arts_and_entertainment,2,Ingen webbplats,,Rome,"41,9140563","12,5710886"
Netvana,arcade,2,http://www.netvana.it/,,Rome,"41,8617303","12,4538939"
New Delta Srl,arts_and_entertainment,2,http://www.newdelta.it/,,Rome,"41,863254","12,6046131"
New School Musical KIDS,theatre,2,http://www.newmusicalacademy.com/,,Rome,"41,95415","12,55982"
Next Nuova Economia per Tutti,community_services_non_profits,2,http://nexteconomia.org/,,Rome,"41,8231066","12,4776343"
Next Urban Solutions,architectural_designer,2,http://www.studionext.info/,,Rome,"41,8800635","12,4504651"
NF2 Project Aps,community_services_non_profits,2,http://www.nf2project.org/,,Rome,"41,85531","12,49106"
Niccoli Turano I Architetti,architectural_designer,2,http://www.niccoliturano.com/contatti/,,Rome,"41,8755023","12,4875527"
Nicoletti Architects,architectural_designer,2,http://www.archnicoletti.it/,,Rome,"41,8782348","12,5167106"
Nicoletti_Carovillano Architects,architectural_designer,2,http://www.ncarchitects.it/,,Rome,"41,896383","12,4398353"
NIdiL CGIL Nazionale,community_services_non_profits,2,http://www.nidil.cgil.it/,,Rome,"41,89411","12,50311"
Nir Sivan Architects Associates,architectural_designer,2,http://www.nirsivan.com/,,Rome,"41,8818728","12,5205644"
No Tomorrow,community_services_non_profits,2,http://www.no-tomorrow.it/,,Rome,"41,9031455","12,4955842"
Noà Società Cooperativa Sociale,community_services_non_profits,2,http://www.noacooperativa.it/,,Rome,"41,96761","12,44238"
Noarc studio,architectural_designer,2,http://www.noarc.it/,,Rome,"41,8888322","12,4971955"
Nobile Accademia Internazionale Mauriziana,community_services_non_profits,2,https://www.accademiamauriziana.org/,,Rome,"41,925217","12,51574"
Nodo Ninux.org Sans Papiers,arts_and_entertainment,2,http://sanspapiers.sonarproject.net,,Rome,"41,8871919","12,5110786"
NOG Atelier,fashion,2,http://www.nogatelier.com/,,Rome,"41,856721","12,5503121"
Noi Torpigna - ODV,community_services_non_profits,2,Ingen webbplats,,Rome,"41,87736","12,54158"
noideaLab,fashion,2,http://www.noidealab.com/,,Rome,"41,8626926","12,4804472"
Noii studio,fashion,2,http://www.noiistudio.com/,,Rome,"41,8658275","12,4989054"
Non Farti Sfuggire l'Offerta,fashion,2,https://nonfartelosfuggire.com/,,Rome,"41,9088958","12,5143005"
Nora P,fashion,2,http://www.nora-p.com,,Rome,"41,930626","12,5361686"
NOS Design,architectural_designer,2,http://www.nosdesign.it/,,Rome,"41,9392062","12,4742036"
"NOVE, caring humans.",community_services_non_profits,2,https://novecaringhumans.org/,,Rome,"41,8993765","12,511442"
NSA Protezione Civile OdV,community_services_non_profits,2,http://www.nsaprotezionecivile.it/,,Rome,"41,9490495","12,5253787"
Nt_Architetti,architectural_designer,2,http://www.ntarchitetti.it/,,Rome,"41,8182282","12,4709716"
Nucleo Blusub Protezione Civile,community_services_non_profits,2,http://www.blusub.com/,,Rome,"41,72172","12,30534"
Nucleo Operativo Alfredo Rampi ODV,community_services_non_profits,2,http://www.noar.it/,,Rome,"41,90075","12,57595"
Nucleo Operativo Soccorso X,community_services_non_profits,2,http://www.nucleoperativosoccorsox.com/,,Rome,"41,7836094","12,3752749"
Nucleo Protezione Civile Associazione Nazionale Carabinieri Roma Litorale ,community_services_non_profits,2,https://www.carabinieri.rm.it/,,Rome,"41,775868","12,3353721"
Nuova Agape,community_services_non_profits,2,http://nuovaagape.wixsite.com/home,,Rome,"41,9054992","12,6907261"
NUOVA ARMONIA associazione culturale sportiva dilettantistica,community_services_non_profits,2,http://www.nuova-armonia.it/,,Rome,"41,7811278","12,3650909"
Nuovarredo Roma Boccea,fashion,2,https://www.nuovarredo.it/,,Rome,"41,9220587","12,3725933"
Nuovarredo Roma Tiburtina,fashion,2,https://g.co/kgs/oW7kZM,,Rome,"41,912874","12,556012"
Nuovo Piccolo Garbatella,cultural_center,2,Ingen webbplats,,Rome,"41,86592","12,4865"
Nur Bar,dance_club,2,https://linktr.ee/nurbar,,Rome,"41,8970862","12,4750317"
Nuvolari pagina ufficiale,fashion,2,http://www.nuvolari.biz/punti-vendita/roma-eur.html,,Rome,"41,8372788","12,5033206"
Nuvolari pagina ufficiale,fashion,2,Ingen webbplats,,Rome,"41,808363","12,4855818"
Nuvolari pagina ufficiale,fashion,2,Ingen webbplats,,Rome,"41,9032577","12,4368588"
NYA,fashion,2,http://www.nyafirenze.com/,,Rome,"41,9042515","12,4799783"
Oasi di Fido,community_services_non_profits,2,http://www.oasidifido.com/,,Rome,"41,836718","12,559407"
Oasi Federico Roma,community_services_non_profits,2,http://www.oasifedericoroma.org/,,Rome,"41,8801","12,43979"
Oasi Felina di Porta Portese,community_services_non_profits,2,Ingen webbplats,,Rome,"41,8817851","12,4715571"
Oasi Home Design,architectural_designer,2,http://www.oasihomedesign.it/,,Rome,"41,9172612","12,5133657"
Obicua,architectural_designer,2,http://www.obicua.it/,,Rome,"41,956864","12,48755"
Obiettivo Incontro Roma - Agenzia Matrimoniale per Single dal 1991,community_services_non_profits,2,https://www.obiettivoincontro.it/sede.asp?sede=30&t=Roma,,Rome,"41,9086568","12,4518053"
Obiettivo Roma,cultural_center,2,Ingen webbplats,,Rome,"41,8779961","12,4737976"
Obikà Campo De Fiori,attractions_and_activities,2,http://www.hotelcampodefiori.com,,Rome,"41,89478","12,493117"
Observo Onlus,community_services_non_profits,2,https://www.observo-onlus.org/,,Rome,"41,7404564","12,2603448"
Occhi per Comunicare - ODV,community_services_non_profits,2,http://www.occhipercomunicare.org/,,Rome,"41,8344796","12,5974862"
OCRA,architectural_designer,2,http://www.ocrastudio.com/,,Rome,"41,8388346","12,4632586"
ODA architettura,architectural_designer,2,http://www.odainterni.com/,,Rome,"41,89859","12,47727"
ODAP Officine di Architettura Pavese,architectural_designer,2,https://ristrutturazioneinterni.odap.it/,,Rome,"41,9223672","12,4701576"
Odv - Assopolizia Gruppo Pomezia,community_services_non_profits,2,http://www.assopoliziaostia.it/,,Rome,"41,8060344","12,3171549"
ODV Gruppo Roma 1,community_services_non_profits,2,https://www.grupporoma1odv.it/,,Rome,"41,9244428","12,5786396"
OdV Pro-Prato Fiorito ONLUS,community_services_non_profits,2,http://www.propratofiorito.it/,,Rome,"41,8859316","12,6625397"
Officina Lebowski,community_center,2,Ingen webbplats,,Rome,"41,904796","12,4133052"
Officina tecnica di Casali & Baron,architect,2,https://officinatecnica.net/,,Rome,"41,8519099","12,45303"
Officina06,fashion,2,http://officina06.com/,,Rome,"41,8717282","12,4679583"
Officinaleonardo interior design studio,architectural_designer,2,https://www.officinaleonardo.co/home,,Rome,"41,8935046","12,4776659"
Officinapertarchitettura - Studio di Architettura e Design,architectural_designer,2,http://www.officinapertarchitettura.com/,,Rome,"41,91599","12,44279"
OfficinaUndici,architectural_designer,2,Ingen webbplats,,Rome,"41,92436","12,48992"
Officine Factory,architectural_designer,2,http://www.officinefactory.com/,,Rome,"41,7530523","12,3278354"
Officine LAC,architectural_designer,2,http://www.officinelac.com/,,Rome,"41,9133901","12,4735107"
officine MAMA,architectural_designer,2,http://www.officinemama.com/,,Rome,"41,9274577","12,5166247"
Officine Norma,architectural_designer,2,http://www.officinenorma.com/,,Rome,"41,8713383","12,4657812"
Officine Ripetta,architectural_designer,2,http://www.officineripetta.it/,,Rome,"41,9039","12,47497"
OGB STUDIO,architectural_designer,2,http://www.ogbstudio.com/,,Rome,"41,8598476","12,5008444"
"Oikos - ""Una Casa per Vivere""",community_services_non_profits,2,http://www.oikosunacasapervivere.it/,,Rome,"42,05393","12,36889"
Oikos associazione,community_services_non_profits,2,https://www.oikosvolontariato.org/,,Rome,"41,7851333","12,4434693"
OIM Italia - Ufficio di Coordinamento per il Mediterraneo,community_services_non_profits,2,http://www.italy.iom.int/,,Rome,"41,9105","12,5035399"
OIM Italia - Ufficio di Coordinamento per il Mediterraneo,community_services_non_profits,2,http://www.italy.iom.int/,,Rome,"41,9183095","12,4521232"
OIPA Roma,community_services_non_profits,2,https://www.oipa.org/italia/roma,,Rome,"41,8798496","12,5133839"
Oktoberfest Cecchignola,community_services_non_profits,2,Ingen webbplats,,Rome,"41,8149251","12,5058359"
Oltre,community_services_non_profits,2,https://www.oltreassociazione.it/,,Rome,"41,872429","12,418838"
Oltre il Conflitto,community_services_non_profits,2,http://oltreilconflitto.it/,,Rome,"41,9213723","12,4580401"
OMAEC,community_services_non_profits,2,http://www.omaec.org/,,Rome,"41,89819","12,42355"
Ombre e Luci,community_services_non_profits,2,http://www.ombreeluci.it/,,Rome,"41,903501","12,4374552"
OMNES Culturae ONLUS,community_services_non_profits,2,http://www.omnesculturae.com/,,Rome,"41,8829561","12,5570614"
ONA Responsabilità Medica,community_services_non_profits,2,https://onanotiziarioamianto.it/chi-siamo-malasanita-ona/,,Rome,"41,9057","12,46456"
ONBSI,community_services_non_profits,2,http://www.onbsi.it/,,Rome,"41,91363","12,496"
Onda flash-via di forte boccea 15,fashion,2,Ingen webbplats,,Rome,"41,904","12,41941"
ONdesign,fashion,2,http://www.ondesign.it/,,Rome,"41,8793374","12,4832278"
One4ubags,fashion,2,http://www.one4ubags.com/,,Rome,"41,9078173","12,4614024"
Oneartinside,community_services_non_profits,2,Ingen webbplats,,Rome,"41,7798805","12,3388951"
ONElife - pureclub,dance_club,2,Ingen webbplats,,Rome,"41,8328237","12,4703982"
ONIT Organismi Notificati Italiani,community_services_non_profits,2,http://www.onit-italia.com/,,Rome,"41,9166855","12,4581515"
Onlus Colle Salario,community_services_non_profits,2,http://www.onluscollesalario.it/,,Rome,"41,98146","12,51314"
OPAM - Opera di Promozione dell'Alfabetizzazione nel Mondo,community_services_non_profits,2,http://www.opam.it/,,Rome,"41,9067143","12,4716977"
Open Arms Italia,community_services_non_profits,2,https://www.openarms.es/it/dona-ora,,Rome,"41,890004","12,526599"
Open House Roma,community_services_non_profits,2,http://www.openhouseroma.org/,,Rome,"41,888061","12,497576"
Openpolis,community_services_non_profits,2,https://www.openpolis.it/fondazione/,,Rome,"41,8961445","12,4997075"
Opensource CLUB,community_services_non_profits,2,Ingen webbplats,,Rome,"41,8838357","12,543847"
"Opera don Giustino, fondata da don Antonio Coluccia SDV",community_services_non_profits,2,http://www.operadongiustino.it/,,Rome,"41,9942945","12,4473579"
Opera Nazionale per le Città dei Ragazzi,community_services_non_profits,2,http://www.oncr.it,,Rome,"41,8439284","12,3602173"
Opera Sante de Sanctis,community_services_non_profits,2,https://santedesanctis.it/,,Rome,"41,8929885","12,5070439"
"Operatori di Misericordia S. Virginia: ""un Sostegno alla Persona"" ONLUS",community_services_non_profits,2,http://www.odmonlus.org/,,Rome,"41,92058","12,41596"
Opes Danza,community_services_non_profits,2,Ingen webbplats,,Rome,"41,86128","12,64011"
Opes Italia,community_services_non_profits,2,http://www.opesitalia.it/,,Rome,"41,8152272","12,4654994"
OPRA Lazio,community_services_non_profits,2,http://www.opralazio.it/,,Rome,"41,8903543","12,50368"
Opus Club,dance_club,2,Ingen webbplats,,Rome,"41,9310377","12,4661586"
Opus Dei Italia,community_services_non_profits,2,https://opusdei.org/it/youth/,,Rome,"41,895062","12,470331"
Oratorio Padre Antonio Gentilin,community_services_non_profits,2,http://www.oratoriogentilin.org/,,Rome,"41,9592413","12,4007055"
Oratorio- Ludovico Pavoni,community_services_non_profits,2,Ingen webbplats,,Rome,"41,88311","12,5393772"
ORBIS Roma - Biglietti Concerti - Ticket Sales,arts_and_entertainment,2,https://www.orbisticketsroma.it/,,Rome,"41,9021794","12,4956123"
Orchidea Latina,community_services_non_profits,2,https://www.patreon.com/OrchideaLatina?utm_medium=social&utm_source=facebook&utm_campaign=creatorshare&fbclid=IwAR2S4mTDZNxza3A9Xjchcb_9wNe2IMSfyYNWuP0-AULBESGRMO7-MkolG1k,,Rome,"41,85252","12,41593"
Ordine Architetti Roma,architectural_designer,2,http://www.architettiroma.it/,,Rome,"41,897831","12,502986"
Ordine Massonico Tradizionale Italiano,community_services_non_profits,2,http://www.ordinemassonicotradizionale.it/,,Rome,"41,8787407","12,555654"
Ordine Nemagnico Angelico Costantiniano di San Giorgio e Santo Stefano,community_services_non_profits,2,http://www.mac-ro.com/,,Rome,"41,9625708","12,5193189"
Organizzazione Residenti Attivi- ORA,community_services_non_profits,2,https://sites.google.com/view/ora-orgresidentiattivi/,,Rome,"41,847165","12,48401"
Original Bet San Lorenzo,arcade,2,http://originalbet.it/,,Rome,"41,8971275","12,512"
orizzontale,architectural_designer,2,http://www.orizzontale.org/,,Rome,"41,8881134","12,532986"
Orthosis Architetti Associati,architectural_designer,2,http://www.orthosis.it/,,Rome,"41,8916077","12,5022968"
Orti di Veio,community_services_non_profits,2,http://www.ortidiveio.it/,,Rome,"42,0029968","12,4546536"
Orti Urbani Valle dei Casali,attractions_and_activities,2,Ingen webbplats,,Rome,"41,849686","12,44298"
ORTO Fiorito,community_services_non_profits,2,http://acquario85.jimdo.com/contatti/,,Rome,"41,85201","12,41276"
Ortofrutta Italia,community_services_non_profits,2,http://ortofruttaitalia.it/,,Rome,"41,917583","12,502189"
Osafund - Fondazione Agostiniani nel Mondo,community_services_non_profits,2,http://www.osafund.org/,,Rome,"41,90104","12,45712"
Osdife - Osservatorio sulla Sicurezza e Difesa  CBRNe,community_services_non_profits,2,https://osdife.org/,,Rome,"41,854875","12,623919"
Osservatorio Nazionale Bullismo e Disagio Giovanile,community_services_non_profits,2,http://www.bullismoedisagiogiovanile.it/,,Rome,"41,8417462","12,4842623"
Osservatorio Parlamentare Per Roma,community_services_non_profits,2,https://www.osservatorioparlamentareperroma.it/,,Rome,"41,8994","12,49134"
Osservatorio Permanente sui Beni Ecclesiastici,community_services_non_profits,2,http://www.osservatoriobeniecclesiastici.org/,,Rome,"41,90251","12,45997"
Osservatorio Rifiuti Zero Municipio Roma I Centro,community_services_non_profits,2,http://www.comune.roma.it/web/it/attivita-e-progetti.page?contentId=PRG43060,,Rome,"41,91019","12,44903"
Osservatorio Vittime Del Dovere,community_services_non_profits,2,https://vittime-del-dovere.it/,,Rome,"41,90557","12,46786"
Ossigeno per l'informazione,community_services_non_profits,2,http://www.ossigeno.info/,,Rome,"41,9032561","12,4774475"
Ostia Imprese e Professioni,community_services_non_profits,2,Ingen webbplats,,Rome,"41,729883","12,278036"
Ostiense - Gazometro,arts_and_entertainment,2,Ingen webbplats,,Rome,"41,8703537","12,4736237"
Ottagoniroma,architectural_designer,2,http://www.ottagoni.it/,,Rome,"41,8862776","12,4682298"
Ottavia Produttiva ,community_services_non_profits,2,Ingen webbplats,,Rome,"41,95845","12,39955"
Otto per mille avventisti,community_services_non_profits,2,http://www.ottopermilleavventisti.it/,,Rome,"41,9127449","12,4698245"
OTTO SETTE,arts_and_entertainment,2,Ingen webbplats,,Rome,"41,88426","12,53722"
ottod'Ame,fashion,2,http://www.ottodame.it/it_it/,,Rome,"41,9038222","12,479945"
Outsider architettura,architectural_designer,2,http://www.outsiderarchitettura.it/,,Rome,"41,8952763","12,4404195"
OVS,designer_clothing,2,https://stores.ovs.it/it/italia/lazio/roma/ovs-roma-casal-del-marmo,,Rome,"41,9319544","12,381497"
OVS,designer_clothing,2,https://stores.ovs.it/it/italia/lazio/roma/ovs-roma-torrevecchia,,Rome,"41,9272191","12,4161776"
OVS,designer_clothing,2,https://stores.ovs.it/it/italia/lazio/roma/ovs-roma-san-paolo,,Rome,"41,8558033","12,4805433"
OVS,designer_clothing,2,https://stores.ovs.it/it/italia/lazio/roma/ovs-roma-gallia,,Rome,"41,8806761","12,5078903"
OVS,designer_clothing,2,https://stores.ovs.it/it/italia/lazio/roma/ovs-roma-tuscolana,,Rome,"41,8571304","12,5622127"
OVS,designer_clothing,2,https://stores.ovs.it/it/italia/lazio/roma/ovs-roma-tritone,,Rome,"41,9023029","12,4849267"
OVS,designer_clothing,2,https://stores.ovs.it/it/italia/lazio/roma/ovs-roma-casalbertone,,Rome,"41,898647","12,5315954"
OVS,fashion,2,https://www.ovs.it/it/it/stores/italia/lazio/roma/ovs-roma-casilino,,Rome,"41,8708924","12,5830458"
OVS,fashion,2,https://www.ovs.it/it/it/stores/italia/lazio/roma/ovs-cassia-olgiata,,Rome,"42,039722","12,3762499"
OVS,designer_clothing,2,https://stores.ovs.it/it/italia/lazio/roma/ovs-roma-via-salaria,,Rome,"41,9399867","12,5065335"
OVS,designer_clothing,2,https://stores.ovs.it/it/italia/lazio/roma/ovs-roma-case-rosse,,Rome,"41,9280255","12,6356154"
OVS,designer_clothing,2,https://stores.ovs.it/it/italia/lazio/roma/ovs-ostia,,Rome,"41,7330501","12,2772309"
OVS,designer_clothing,2,https://stores.ovs.it/it/italia/lazio/roma/ovs-roma-torrevecchia-2,,Rome,"41,9132627","12,4027776"
OVS,designer_clothing,2,https://www.ovs.it/it/it/stores/italia/lazio/roma/roma-ple-della-radio,,Rome,"41,887017","12,4055139"
OVS,fashion,2,https://www.ovs.it/it/it/stores/italia/lazio/roma/ovs-roma-san-paolo,,Rome,"41,8563575","12,4802787"
OVS Roma CC Maximo,fashion,2,https://www.ovs.it/it/it/stores/italia/lazio/roma/ovs-roma-cc-maximo,,Rome,"41,8076771","12,485056"
P.M.1 Cooperativa Sociale Onlus,community_services_non_profits,2,http://www.cooperativapm1.it/,,Rome,"41,930178","12,57088"
P&A Certificazione Energetica,architectural_designer,2,http://www.peacert.it,,Rome,"41,9313233","12,5390822"
p+M Studio Architettura e Design,architectural_designer,2,http://www.p--m.it/,,Rome,"41,910497","12,499996"
Padri in Movimento,community_services_non_profits,2,http://www.padriinmovimento.it/,,Rome,"41,9943929","12,4894595"
Pagina CdQ Tor de' Cenci - Spinaceto,community_services_non_profits,2,http://www.quartierisud.it/,,Rome,"41,7748924","12,4391441"
Palacavicchi Hotel,venue_and_event_space,2,http://hotelpalacavicchi.com/,,Rome,"41,80981","12,58391"
Palazzo Apostolico del Vaticano,arts_and_entertainment,2,Ingen webbplats,,Rome,"41,9026423","12,4571824"
Palazzo Brancaccio,arts_and_entertainment,2,https://www.palazzobrancaccio.net/,,Rome,"41,8939453","12,4981834"
Palazzo del Drago,arts_and_entertainment,2,Ingen webbplats,,Rome,"41,9004166","12,4701576"
Palazzo dell'Ufficio Geologico,attractions_and_activities,2,Ingen webbplats,,Rome,"41,9028904","12,4908419"
Palucci Arch. Anna,architect,2,https://www.annapalucci.com/,,Rome,"41,8771259","12,5478389"
PAM - Professional Artist Materials,arts_and_crafts,2,http://www.pamsrl.it/,,Rome,"41,9151128","12,4530345"
Panciando ETS,community_services_non_profits,2,http://www.panciando.it/,,Rome,"41,83563","12,50635"
Pandorum-UndercityGames,arcade,2,http://www.pandorumroma.com/,,Rome,"41,8819896","12,4563825"
Pangea Niente Troppo - Altromercato,community_services_non_profits,2,http://www.commercioequo.org/,,Rome,"41,9097131","12,4761463"
Pantaneo,cultural_center,2,https://pantaneo.it/dove-luomo/,,Rome,"41,88004","12,45305"
Paola Cardinale Architetto ,architectural_designer,2,https://paolacardinalearchitetto.com/,,Rome,"41,8628349","12,4689579"
Paola Mastropasqua,art_restoration,2,http://www.paolamastropasqua.it/,,Rome,"41,926476","12,4374793"
Paola Rossi_Studio di Architettura,architectural_designer,2,http://www.paolarossi.net/,,Rome,"41,8730727","12,4506487"
Paolini e Storchi architetti associati,architectural_designer,2,Ingen webbplats,,Rome,"41,8824981","12,4601618"
Papal Apartments,museum,2,http://en.wikipedia.org/wiki/Papal_Apartments,,Rome,"41,90246","12,4584"
Paper and milk educational events,community_services_non_profits,2,http://www.ipagurionlus.eu,,Rome,"41,94767","12,31547"
Paradoxa Review,community_services_non_profits,2,https://www.novaspes.org/paradoxa/,,Rome,"41,9046499","12,46518"
Parallel Digital Italia,architectural_designer,2,https://paralleldigital.it/,,Rome,"41,9009218","12,538513"
Parchetto via Alberto Cadlolo,attractions_and_activities,2,Ingen webbplats,,Rome,"41,9189232","12,4459157"
Parchi Avventura Italiani,community_services_non_profits,2,http://www.parchiavventuraitaliani.it/,,Rome,"41,9095882","12,5069371"
Parchi Pazzi,community_services_non_profits,2,Ingen webbplats,,Rome,"41,9356621","12,5584781"
Parco Bellagio,attractions_and_activities,2,Ingen webbplats,,Rome,"42,060776","12,4867471"
Parco degli Acquedotti,attractions_and_activities,2,https://parcodegliacquedotti.com/,,Rome,"41,86587","12,5427"
Parco degli Acquedotti,attractions_and_activities,2,http://it.wikipedia.org/wiki/Parco_degli_Acquedotti,,Rome,"41,847","12,562"
Parco dei Casali,attractions_and_activities,2,Ingen webbplats,,Rome,"41,862417","12,437884"
Parco delle Sabine - Porta di Roma,attractions_and_activities,2,https://x.com/ParcoDelleSabin?t=YVsFACk6bn3hzFWlnAAiBw&s=03,,Rome,"41,9772742","12,5283301"
Parco Di Villa Borghese,attractions_and_activities,2,http://www.sovraintendenzaroma.it/i_luoghi/ville_e_parchi_storici/ville_dei_nobili/villa_borghese,,Rome,"41,9111764","12,4808153"
Parco Di Villa Glori,attractions_and_activities,2,Ingen webbplats,,Rome,"41,9290325","12,4801801"
Parco Europa - ODV,community_services_non_profits,2,http://www.parcoeuropa-odv.it/,,Rome,"41,8227612","12,4505008"
Parco Lanciani,attractions_and_activities,2,Ingen webbplats,,Rome,"41,9214968","12,5255869"
Parco Lineare Ciclopedonale Monte Ciocci - Monte Mario,attractions_and_activities,2,Ingen webbplats,,Rome,"41,919247","12,436815"
Parco Melvin Jones,attractions_and_activities,2,Ingen webbplats,,Rome,"41,8896123","12,4161879"
Parco Prenestina,attractions_and_activities,2,Ingen webbplats,,Rome,"41,8947884","12,5540099"
Parco Sangalli Comitato Spontaneo Acquedotto Alessandrino,community_services_non_profits,2,http://acquedottoalessandrino.blogspot.it/,,Rome,"41,8749301","12,5428886"
Parioli Fotografia,arts_and_entertainment,2,http://www.pariolifotografia.it/,,Rome,"41,9223359","12,4892093"
Parlamento Europeo Giovani - European Youth Parliament Italy,community_services_non_profits,2,http://eypitaly.org/,,Rome,"41,92074","12,45747"
"PARM, Platform for Agricultural Risk Management",community_services_non_profits,2,http://www.parm.org/,,Rome,"41,83","12,49422"
Parole di Lulù,community_services_non_profits,2,http://www.paroledilulu.it/,,Rome,"41,912127","12,493539"
Parrocchietta Delle Gocce onlus,community_services_non_profits,2,Ingen webbplats,,Rome,"41,85119","12,43812"
Parsec Cooperativa Sociale,community_services_non_profits,2,http://www.cooperativaparsec.it/,,Rome,"41,945381","12,531959"
Partito Radicale,community_services_non_profits,2,http://www.partitoradicale.it/,,Rome,"41,8971865","12,4763561"
Pascià club Roma,arts_and_entertainment,2,Ingen webbplats,,Rome,"41,9669709","12,5468373"
PASFA  - Associazione per l'Assistenza Spirituale alle Forze Armate,community_services_non_profits,2,http://www.associazionepasfa.it/,,Rome,"41,8956888","12,4868973"
PASSAMANERIE ROMA DI WALTER POLLEDRI,arts_and_crafts,2,,,Rome,"41,908421","12,4553434"
Passepartout,community_services_non_profits,2,https://www.cooperativapassepartout.it/,,Rome,"41,8985802","12,5395072"
Pasti Caldi odv,community_services_non_profits,2,Ingen webbplats,,Rome,"41,9178588","12,46482"
Patrizia Pepe,fashion,2,Ingen webbplats,,Rome,"41,9070021","12,4621105"
Patronato,community_services_non_profits,2,Ingen webbplats,,Rome,"41,91218","12,44381"
"Patronato ACAI Centro Studi Formazione, Comunicazione e Qualità",community_services_non_profits,2,http://acaiforma.info/,,Rome,"41,8998113","12,477666"
Patronato ANMIL,community_services_non_profits,2,https://www.patronatoanmil.it/,,Rome,"41,8436819","12,4870171"
Patronato ENAPA,community_services_non_profits,2,http://www.enapa.it/ita/,,Rome,"41,896592","12,474923"
Patronato Vitinia,community_services_non_profits,2,http://WWW.VITINIASERVIZIROMA.IT/,,Rome,"41,7949922","12,406354"
Pavia Restauro,art_restoration,2,http://www.paviarestauro.com/,,Rome,"41,9078522","12,4804613"
Pazzi di Pizza,arts_and_entertainment,2,http://www.pazzidipizza.online/,,Rome,"41,892577","12,632193"
Pedagogisti Familiari ANPEF,community_services_non_profits,2,http://www.anpef.org/,,Rome,"41,87889","12,46606"
Pedalando nella Storia,community_services_non_profits,2,http://www.pedalandonellastoria.net/,,Rome,"42,0084145","12,3806024"
Pedalata dei Babbo Natale 2024,community_services_non_profits,2,Ingen webbplats,,Rome,"41,889994","12,4912644"
Peekaboo,community_services_non_profits,2,http://peekaboovision.com/,,Rome,"41,828085","12,477154"
Pellizzari,fashion,2,http://www.negozipellizzari.it/negozio/Roma-Lunghezza/7,,Rome,"41,9144066","12,6600598"
Penelope Italia Odv,community_services_non_profits,2,http://www.penelopeitalia.org/,,Rome,"41,8971235","12,4979719"
Penitenza 35,community_services_non_profits,2,Ingen webbplats,,Rome,"41,89414","12,46517"
Pensiero leggero,arts_and_entertainment,2,Ingen webbplats,,Rome,"41,8603044","12,5697486"
Pentastudio Architetti Associati,architectural_designer,2,http://www.pentastudio.com/,,Rome,"41,83232","12,46703"
PeopleTakeCare,community_services_non_profits,2,https://www.peopletakecare.it/supportaci/,,Rome,"41,92651","12,48318"
Per passione e per diletto,community_services_non_profits,2,http://per-passione-e-per-diletto.webnode.it/,,Rome,"41,89305","12,47473"
Per un Mondo migliore ,community_services_non_profits,2,Ingen webbplats,,Rome,"41,8685815","12,63837"
Percorsi di Cittadinanza,community_services_non_profits,2,http://www.percorsidicittadinanza.org/,,Rome,"41,84487","12,35776"
Percorsi Evolutivi,community_services_non_profits,2,http://www.percorsievolutivi.org/,,Rome,"41,8524204","12,49132"
Periferiacapitale,community_services_non_profits,2,http://www.periferiacapitale.org/,,Rome,"41,91913","12,50029"
Perla Onlus Cooperativa Sociale,community_services_non_profits,2,http://www.perlaonlus.it/,,Rome,"41,932842","12,5192853"
Pescheria,music_venue,2,Ingen webbplats,,Rome,"41,880654","12,535399"
PeterPan Odv,community_services_non_profits,2,http://www.peterpanodv.it/,,Rome,"41,8939509","12,4629794"
Petitecherie,fashion,2,Ingen webbplats,,Rome,"41,9046891","12,4858252"
Petteruti & Roberti,fashion,2,http://petterutieroberti.it/,,Rome,"41,88444","12,51031"
PetterutiRoberti Gioielli,fashion,2,http://www.petterutieroberti.it/,,Rome,"41,77177","12,35914"
Peugeot River Club,dance_club,2,http://www.covoriverbar.it/,,Rome,"41,870554","12,47373"
Pgs Italia,community_services_non_profits,2,http://www.pgsitalia.org/,,Rome,"41,9127781","12,5054963"
"Phronesis, Associazione Italiana per la Consulenza Filosofica",community_services_non_profits,2,http://www.phronesis-cf.com/,,Rome,"41,9145167","12,5174815"
Phygital Sustainability EXPO by Sustainable Fashion Innovation Society,fashion,2,https://www.sustainablefashioninnovation.org/,,Rome,"41,9508729","12,4468244"
Piazza Cardinali,attractions_and_activities,2,Ingen webbplats,,Rome,"41,8778234","12,5487523"
Piazza Dei Ponziani,arts_and_entertainment,2,Ingen webbplats,,Rome,"41,8885403","12,4776634"
Piazza dei Siculi,newspaper_and_magazines_store,2,Ingen webbplats,,Rome,"41,8985288","12,5143145"
Piazza Giovanni Paolo II,arts_and_entertainment,2,Ingen webbplats,,Rome,"41,886798","12,504739"
Piazza Giuliani E Dalmati,arts_and_entertainment,2,Ingen webbplats,,Rome,"41,8212181","12,4835899"
Piazza Italia - Pagina Ufficiale,fashion,2,Ingen webbplats,,Rome,"41,976","12,53818"
"Piazza Vittorio, Roma",arts_and_entertainment,2,Ingen webbplats,,Rome,"41,8933192","12,5047798"
Piazzale di Porta Pia,arts_and_entertainment,2,Ingen webbplats,,Rome,"41,9095822","12,5017153"
PID Onlus,community_services_non_profits,2,https://linktr.ee/pid_onlus,,Rome,"41,912","12,53783"
Pietre della Memoria - Il segno della storia,community_services_non_profits,2,http://www.pietredellamemoria.it/,,Rome,"41,9037546","12,46856"
Pietro Taricone Onlus,community_services_non_profits,2,https://www.facebook.com/ghamisolarschool,,Rome,"41,91929","12,51261"
PIN.GO,community_services_non_profits,2,http://www.pingocoop.it/,,Rome,"41,8723401","12,4768186"
Piñateria II Fratelli Peru Roma,arts_and_entertainment,2,Ingen webbplats,,Rome,"41,86301","12,49295"
Pink car,fashion,2,Ingen webbplats,,Rome,"41,94248","12,47413"
Pio Sodalizio dei Fornai,community_services_non_profits,2,http://www.fornairoma.it/,,Rome,"41,8961374","12,4835469"
Pirotecnica Franzè,arts_and_entertainment,2,Ingen webbplats,,Rome,"41,9302996","12,4176386"
Pista Ciclabile Della Magliana,attractions_and_activities,2,Ingen webbplats,,Rome,"41,8435","12,4604199"
Pista di ghiaccio Roma,arts_and_entertainment,2,Ingen webbplats,,Rome,"41,815","12,5877"
Pit Stop 353,arts_and_entertainment,2,Ingen webbplats,,Rome,"41,8943","12,55367"
Pitagora 2.0,community_services_non_profits,2,http://www.centrostudiopitagora.org/,,Rome,"41,9592118","12,405501"
Pittori Anonimi Trullo,community_services_non_profits,2,Ingen webbplats,,Rome,"41,8475573","12,4357468"
PLANBsolution,architectural_designer,2,http://www.planbsolution.it/,,Rome,"41,8786876","12,5461716"
Planet Solidarietà - APS,community_services_non_profits,2,http://www.planetonlus.it/,,Rome,"41,8922517","12,5623067"
Planet Win 365 Via Cossa,arcade,2,Ingen webbplats,,Rome,"41,9067754","12,4723974"
Planetwin365,arcade,2,https://shop.planetwin365.it/planetwin365-b6079279f3d7,,Rome,"41,8720671","12,621081"
Planetwin365,arcade,2,https://shop.planetwin365.it/planetwin365-0efd8de8b80f,,Rome,"41,86457683","12,63159991"
Planetwin365,arcade,2,https://shop.planetwin365.it/planetwin365-ccb6ce901c1c,,Rome,"41,90140014","12,42508876"
Plastici 543,architectural_designer,2,http://www.plastici543.com/,,Rome,"41,8891106","12,5075636"
Plastifoto Srl,arts_and_entertainment,2,http://www.plastifoto.it/,,Rome,"41,9323724","12,4188753"
Plaza Venezia,arts_and_entertainment,2,http://ko.wikipedia.org/wiki/%A0%24%58%44_%11%A5,,Rome,"41,8964816","12,482681"
PoliBò - Centro Polivalente Giovani,arts_and_entertainment,2,Ingen webbplats,,Rome,"41,9069326","12,4672955"
PoliziadellaGiustizia,childrens_museum,2,Ingen webbplats,,Rome,"41,8721504","12,3810301"
"Polo Accoglienza Prima Infanzia ""Il Girotondo""",community_services_non_profits,2,http://www.coopsansaturnino.org/servizio/centro-comunale-per-la-prima-infanzia-il-girotondo/,,Rome,"41,8625098","12,4355366"
Polo Sociale Panfilo Castaldi,cultural_center,2,Ingen webbplats,,Rome,"41,8740642","12,4693549"
Poltrona Frau,fashion,2,Ingen webbplats,,Rome,"41,9102266","12,4976364"
Pomerium Psicologia,community_services_non_profits,2,http://www.pomeriumpsicologia.it/,,Rome,"41,8760887","12,5701044"
Ponte Galeria,attractions_and_activities,2,Ingen webbplats,,Rome,"41,973244","12,429559"
"Ponte Sant'angelo, Castel Sant'angelo, Roma",history_museum,2,Ingen webbplats,,Rome,"41,9008809","12,4565317"
PonteVia,community_services_non_profits,2,https://www.pontevia.net/,,Rome,"41,9000211","12,4747551"
Pop-pat by patriziamoscone,arts_and_entertainment,2,http://www.patriziamoscone.etsy.com/,,Rome,"41,9279266","12,4135097"
Popica Onlus,community_services_non_profits,2,http://www.popica.org/,,Rome,"41,9091","12,5177"
PopUp Coworking - Lab Puzzle,community_services_non_profits,2,https://labpuzzle.noblogs.org/attivita/coworking-pop-up/,,Rome,"41,94504","12,53617"
Porcelli.Romani Freedom,community_services_non_profits,2,https://porcelliromani.wixsite.com/landing,,Rome,"41,88485","12,51188"
Porta di Damasco,art_restoration,2,http://www.portadidamasco.com/,,Rome,"41,8920326","12,4687462"
Porticus Aemilia,history_museum,2,http://it.wikipedia.org/wiki/Porticus_Aemilia,,Rome,"41,8800801","12,4737076"
Portobahia Churrascaria Musica & Dance,music_venue,2,Ingen webbplats,,Rome,"41,83128","12,44072"
Potter Devil,arcade,2,Ingen webbplats,,Rome,"41,96904","12,4396799"
PPKnit-  The Happy knitting,arts_and_crafts,2,http://www.ppknit.com/,,Rome,"41,8573242","12,421091"
Pranaoro,community_services_non_profits,2,http://www.pranaoro.com/,,Rome,"41,8803539","12,5115536"
Pratiko,arts_and_crafts,2,http://www.pratikobricoearredo.com,,Rome,"41,884394","12,611068"
Pratolungo ODV,community_services_non_profits,2,Ingen webbplats,,Rome,"41,9326084","12,5810111"
Praxis FCL in Italia,community_services_non_profits,2,http://www.praxislacaniana.it/,,Rome,"41,907011","12,476851"
Premio Film Impresa,community_services_non_profits,2,https://www.filmimpresa.it/,,Rome,"41,9129184","12,6200121"
Premio Iusartelibri Il Ponte della Legalita',print_media,2,Ingen webbplats,,Rome,"41,91993","12,46181"
Premio Lucio Dalla,arts_and_entertainment,2,http://www.premioluciodalla.eu/,,Rome,"41,8116418","12,4490944"
Premio Margutta,arts_and_entertainment,2,http://www.premiomargutta.com/,,Rome,"41,9093664","12,4787741"
PreviAmbiente,community_services_non_profits,2,http://www.previambiente.it/,,Rome,"41,9133","12,46978"
Previdenza Cooperativa,community_services_non_profits,2,http://www.previdenzacooperativa.it/,,Rome,"41,9132021","12,5188663"
Prima,arts_and_entertainment,2,Ingen webbplats,,Rome,"41,89471","12,51548"
Prima ar Dopo,cultural_center,2,Ingen webbplats,,Rome,"41,8906549","12,4675664"
Primavera Missionaria,community_services_non_profits,2,https://www.sangaspare.it/,,Rome,"41,8796741","12,527457"
Prime Italia,community_services_non_profits,2,http://www.prime-italia.org/,,Rome,"41,89686","12,51039"
Primoconsumo,community_services_non_profits,2,http://www.primoconsumo.it/,,Rome,"41,9081327","12,4497032"
Prison Fellowship Italia,community_services_non_profits,2,http://www.prisonfellowshipitalia.it/,,Rome,"41,87902","12,57728"
Pro Familia Onlus,community_services_non_profits,2,http://www.profamiliaonlus.it/,,Rome,"41,8928115","12,4720366"
Pro Italia Cristiana,community_services_non_profits,2,https://proitaliacristiana.it/,,Rome,"41,91366","12,5013216"
Pro Loco Epli,community_services_non_profits,2,http://www.enteprolocoitaliane.com/,,Rome,"41,9139201","12,4683304"
Pro Loco San Lorenzo,community_services_non_profits,2,http://www.tangoriachuelo.it/,,Rome,"41,896451","12,5139349"
Pro Loco UNPLI,community_services_non_profits,2,http://www.unioneproloco.it/,,Rome,"41,8727428","12,4662664"
Pro Vita & Famiglia Onlus,community_services_non_profits,2,https://www.provitaefamiglia.it/,,Rome,"41,8901922","12,5055799"
Pró-Vida Roma,community_services_non_profits,2,http://www.provida.net/,,Rome,"41,8980445","12,5423303"
ProArchitettura srl,architectural_designer,2,http://www.proarchitettura.it/,,Rome,"41,9857189","12,4952914"
Professione Immobili,architectural_designer,2,http://www.professioneimmobili.it/,,Rome,"41,86235","12,44235"
Professione in Famiglia,community_services_non_profits,2,http://www.professioneinfamiglia.it/,,Rome,"41,8807616","12,5232181"
Professione Militare,community_services_non_profits,2,http://www.professionemilitare.it/,,Rome,"41,9058661","12,4950256"
Profumi della Calabria,community_services_non_profits,2,http://www.profumidellacalabria.it/,,Rome,"41,9223947","12,366583"
"Progetto ""Riparto""",community_services_non_profits,2,https://www.progettoriparto.it/,,Rome,"41,90671","12,49405"
Progetto Axé Italia,community_services_non_profits,2,https://www.projetoaxe.org/,,Rome,"41,895","12,47288"
Progetto Continenti onlus,community_services_non_profits,2,http://www.progettocontinenti.org/,,Rome,"41,8892688","12,4742889"
Progetto Coscienza,community_services_non_profits,2,http://progettocoscienza.hyst.eu/,,Rome,"41,94446","12,598989"
Progetto GRAF Gruppo e Rete per l'apprendimento e la formazione,cultural_center,2,http://www.progettografroma.com/,,Rome,"41,8902806","12,5090025"
Progetto Itaca Roma,community_services_non_profits,2,http://progettoitacaroma.org/comeaiutarci,,Rome,"41,93104","12,52704"
Progetto Memoria,community_services_non_profits,2,http://www.progettomemoria.info/,,Rome,"41,88885","12,47617"
Progetto Perseo,community_services_non_profits,2,https://www.assoaddress.org/2020/07/22/per-se-o-percorsi-servizi-orientamento-allinclusione-socio-lavorativa-dei-titolari-di-protezione-internazionale/,,Rome,"41,89507","12,50864"
Progetto Rwanda Onlus,community_services_non_profits,2,http://progettorwanda.it/,,Rome,"41,9139012","12,4657309"
Progetto SUD,community_services_non_profits,2,http://www.progettosud.org/,,Rome,"41,9117223","12,4971099"
Progeu,community_services_non_profits,2,https://www.progeu.org/,,Rome,"41,9058916","12,5585912"
Programma integra,community_services_non_profits,2,http://www.programmaintegra.it/,,Rome,"41,8834735","12,5257644"
Proj3ct Store,fashion,2,http://www.project.roma.it,,Rome,"41,9353733","12,5336988"
Proj3ct Store,fashion,2,Ingen webbplats,,Rome,"41,92088","12,66154"
Promueve RD,community_services_non_profits,2,http://www.promueverd.com/,,Rome,"41,9071795","12,5465797"
Pronto Intervento Fabbro Roma 24h Cambio Serrature e Cilindri e Porte Blindate Roma,blacksmiths,2,https://centroserraturebs.it/,,Rome,"41,90792","12,4661"
Pronto Soccorso Sociale,community_services_non_profits,2,Ingen webbplats,,Rome,"41,90758","12,54634"
Propaganda Italia,movie_television_studio,2,https://www.propaganda.it/,,Rome,"41,911207","12,4465902"
Propaganda Live,movie_television_studio,2,Ingen webbplats,,Rome,"41,9091635","12,5411861"
Prospettive Architetti,architectural_designer,2,https://www.prospettivearchitetti.com/,,Rome,"41,9445908","12,44306"
Proteo Fare Sapere,community_services_non_profits,2,http://www.proteofaresapere.it/,,Rome,"41,8819358","12,470919"
"Protezione Civile "" I LUPI """,community_services_non_profits,2,http://www.protezionecivileilupi.com/,,Rome,"41,8993665","12,7105289"
Protezione Civile Arvalia - Prociv Arci,community_services_non_profits,2,http://www.protezionecivilearvalia.it/,,Rome,"41,8425309","12,4578971"
Protezione Civile Bersaglieri Roma,community_services_non_profits,2,https://www.protezionecivilebersaglieriroma.it/,,Rome,"41,88612","12,47425"
Protezione Civile Camelot HIM,community_services_non_profits,2,http://www.camelot-him.org/,,Rome,"41,7881954","12,4457899"
Protezione Civile Centro Zeta,community_services_non_profits,2,http://www.centrozeta.it/,,Rome,"41,7895147","12,3516006"
Protezione Civile EARTH,community_services_non_profits,2,http://www.earth-associazione.org/,,Rome,"41,86508","12,55137"
Protezione Civile Guadalupe,community_services_non_profits,2,Ingen webbplats,,Rome,"41,9412006","12,4233141"
Protezione Civile Radio Soccorso Roma ODV,community_services_non_profits,2,http://www.radiosoccorsoroma.it/,,Rome,"41,94403","12,53483"
Protezione Civile Roma Est Lunghezza-ODV,community_services_non_profits,2,Ingen webbplats,,Rome,"41,9179865","12,670658"
Protezione Civile RomaXV,community_services_non_profits,2,http://www.romaxv.com/,,Rome,"42,0071924","12,4731102"
Protezione Civile SOS ROMA Soccorso,community_services_non_profits,2,http://www.sosromasoccorso.it/,,Rome,"41,8435463","12,4553936"
Protezione Civile The Angels,community_services_non_profits,2,http://www.pctheangels.it/,,Rome,"41,7792286","12,3586309"
Protezione Civile VI Gruppo,community_services_non_profits,2,Ingen webbplats,,Rome,"41,8559288","12,6541416"
Protezione civile VII Gruppo,community_services_non_profits,2,Ingen webbplats,,Rome,"41,9067944","12,5946886"
Protezione Mutua,community_services_non_profits,2,http://www.protezionemutua.it/,,Rome,"41,9069769","12,4634576"
Prova,fashion,2,Ingen webbplats,,Rome,"41,854273","12,5013717"
Psi Onlus,community_services_non_profits,2,Ingen webbplats,,Rome,"41,83886","12,4639176"
Psicoanalisi e Sociale,cultural_center,2,https://www.psicoanalisiesociale.it/,,Rome,"41,89491","12,51597"
Psicologi In Ascolto,community_services_non_profits,2,http://www.psicologinascolto.net/,,Rome,"41,85454","12,48405"
PsyPlus,community_services_non_profits,2,http://www.psyplus.org/,,Rome,"41,9048446","12,5008021"
Pubblica Assistenza Roma Capitale,community_services_non_profits,2,http://www.paromacapitale.it/,,Rome,"41,8766518","12,4217901"
Pulcini Alberto Decor Center Oikos,fashion,2,Ingen webbplats,,Rome,"41,86237","12,68382"
Punto per Punto,arts_and_entertainment,2,http://www.dsaostia.it/,,Rome,"41,7358313","12,2898887"
Punto slot Tor de' Cenci,arcade,2,Ingen webbplats,,Rome,"41,7746576","12,4392437"
Punto Snai - Tor Bella Monaca,arcade,2,Ingen webbplats,,Rome,"41,87541","12,62784"
puntosartoria,fashion,2,https://punto-sartoria-artigianale.business.site/,,Rome,"41,7632467","12,3008223"
Pæma - Spazio Urbano Protetto,community_services_non_profits,2,http://www.maitreya.it/,,Rome,"41,896019","12,4925829"
Quadra associati srl,architectural_designer,2,http://www.quadrassociati.it/,,Rome,"41,8613494","12,4870836"
Quartiere Flaminio,auditorium,2,Ingen webbplats,,Rome,"41,924644","12,468948"
Quartiere Miani,attractions_and_activities,2,Ingen webbplats,,Rome,"41,8759284","12,4884141"
Quartoslab,community_services_non_profits,2,http://www.quartoslab.it/,,Rome,"41,9433","12,52663"
Quasar Elite,arcade,2,http://www.quasarelite.it/,,Rome,"41,891137","12,587548"
QUASI - Una festa pressappochista,music_venue,2,Ingen webbplats,,Rome,"41,8531964","12,4584961"
QuBic_Studio architettura,architectural_designer,2,http://www.qubicstudio.it/,,Rome,"41,8686514","12,518669"
Quiin21,fashion,2,Ingen webbplats,,Rome,"41,86051","12,45364"
Quintastrada-Roma         C.C. Casetta Mattei,fashion,2,Ingen webbplats,,Rome,"41,8528651","12,4171947"
Quite Essential Boutique,fashion,2,http://quiteessential.it/,,Rome,"41,9030235","12,4749516"
R.P.Creazioni di Paolo Furlan,arts_and_entertainment,2,https://shop.ecom-rpcreazioni.it/,,Rome,"41,733364","12,3003351"
Raffaele Caruso Architects - Architecture & Interior Design,architectural_designer,2,http://www.raffaelecarusoarchitects.com/,,Rome,"41,9204298","12,5016913"
Raffaello Sanzio da Urbino nella loggia detta de' Chigi,arts_and_entertainment,2,Ingen webbplats,,Rome,"41,8936802","12,4671212"
RaffArte,arts_and_entertainment,2,https://raffartetsi.etsy.com/,,Rome,"41,901766","12,4530029"
Raggio Di Luce - Società Cooperativa Sociale ETS,community_services_non_profits,2,https://www.coopraggiodiluce.it/,,Rome,"41,8350439","12,5004637"
Raggio di Sole ETS,community_services_non_profits,2,http://www.raggiodisoleonlus.it/,,Rome,"41,9106556","12,6145437"
Rai Cinema,cinema,2,Ingen webbplats,,Rome,"41,9048174","12,4653948"
Rampa Mignanelli,attractions_and_activities,2,Ingen webbplats,,Rome,"41,9059227","12,4832745"
Raphael Rooms,arts_and_entertainment,2,http://www.vaticanstate.va/content/vaticanstate/en/monumenti/musei-vaticani/stanze-di-raffaello.paginate.1.html,,Rome,"41,9066067","12,4534988"
RAVAL gallery,museum,2,http://www.ravalgallery.altervista.org/,,Rome,"41,8956215","12,5144704"
RC Architetti,architectural_designer,2,https://www.rcrespi.com/,,Rome,"41,9001724","12,4530108"
RDP Studio srl,architectural_designer,2,http://www.rdpstudio.it/,,Rome,"41,953692","12,5152198"
RDS 100% Grandi Successi,radio_station,2,Ingen webbplats,,Rome,"41,9280024","12,433955"
Re.Co. Restauratori Consorziati,arts_and_crafts,2,http://www.recorestauratori.com,,Rome,"41,906031","12,447254"
"Reale Accademia ""Papa Benedetto XV"" ",community_services_non_profits,2,http://www.idadoijesakingdom.org/,,Rome,"41,9037","12,49347"
Reating,community_services_non_profits,2,http://www.reating.it/,,Rome,"41,8447095","12,5485056"
Rebike Altermobility,community_services_non_profits,2,http://www.altermobility.it/,,Rome,"41,8757876","12,5233137"
Recitare con il Metodo DGC,theatre,2,http://www.teatrodaviaggio.com/,,Rome,"41,87739","12,45219"
ReCommon,community_services_non_profits,2,http://www.recommon.org/,,Rome,"41,89761","12,51004"
recto verso,art_restoration,2,http://rectoversolab.it/,,Rome,"41,8955325","12,5476874"
Red Ink,arts_and_entertainment,2,Ingen webbplats,,Rome,"41,90099","12,5141"
Reforming.it,community_services_non_profits,2,http://www.reforming.it/,,Rome,"41,8819511","12,5210251"
Regia Nave Roma - Associazione Culturale,community_services_non_profits,2,http://www.regianaveroma.org/,,Rome,"41,91128","12,49268"
Regina Pacis APS,community_services_non_profits,2,Ingen webbplats,,Rome,"41,73126","12,28116"
Regnum Christi,community_services_non_profits,2,https://regnumchristi.org/es/,,Rome,"41,8934517","12,4154396"
Regola D’Arte,fashion,2,Ingen webbplats,,Rome,"41,8999867","12,476067"
Regolare,architectural_designer,2,https://regolare.business.site/,,Rome,"41,8870927","12,5365294"
Regoli e Radiciotti,arts_and_crafts,2,http://www.regoli-radiciotti.it,,Rome,"41,8943354","12,4769457"
Relaxia Roma club,arts_and_entertainment,2,https://www.relaxiasaunaclubpriveroma.it/,,Rome,"41,9172","12,50202"
René Caovilla,fashion,2,Ingen webbplats,,Rome,"41,9050972","12,4820376"
Renovalo,architectural_designer,2,http://www.renovalo.it/,,Rome,"41,896978","12,5392686"
Res Militares,history_museum,2,https://www.tiktok.com/@resmili,,Rome,"41,893428","12,477247"
Res Nova,community_services_non_profits,2,Ingen webbplats,,Rome,"41,8915599","12,5556993"
RES4Africa Foundation,community_services_non_profits,2,https://www.res4africa.org/,,Rome,"41,9174746","12,5047204"
Residenza Faustina Apartment,attractions_and_activities,2,Ingen webbplats,,Rome,"41,877141","12,48387"
Residenza Stenone,community_services_non_profits,2,Ingen webbplats,,Rome,"41,98607","12,55162"
Résonnance Italia,community_services_non_profits,2,http://www.resonnance.it/,,Rome,"41,8942397","12,4635914"
RestaurArte dei Fratelli Sarrecchia,arts_and_crafts,2,http://anticart.it/,,Rome,"41,9101022","12,5650241"
Restauratori Senza Frontiere Italia,community_services_non_profits,2,http://www.restauratorisenzafrontiere.com/,,Rome,"41,893923","12,480827"
Restauri Squatriti,art_restoration,2,Ingen webbplats,,Rome,"41,9086628","12,4760997"
Restauro Antichità Montinaro,art_restoration_service,2,https://restauromobilimontinaro.it/,,Rome,"41,90702","12,44371"
Restauro Calia,art_restoration,2,Ingen webbplats,,Rome,"41,9506893","12,4734951"
Restauro Ceramiche Dipinti e Oggetti D'arte,art_restoration,2,Ingen webbplats,,Rome,"41,9134417","12,5266816"
"Restauro mobili Roma, la casa del restauro",art_restoration,2,http://www.restauromobiliroma.it/,,Rome,"41,884883","12,578899"
RetAssistere,community_services_non_profits,2,http://www.assistere.net/aprire-una-sede-assistere/,,Rome,"41,9436222","12,5483251"
Rete degli Sportelli Solidali Mun IX,community_services_non_profits,2,Ingen webbplats,,Rome,"41,8132442","12,4778549"
Rete degli Studenti Medi,community_services_non_profits,2,http://www.retedeglistudenti.it/,,Rome,"41,910169","12,5112487"
Rete dei Centri Scout Italiani,community_services_non_profits,2,http://www.centriscout.org/,,Rome,"41,9256321","12,4895178"
Rete dei Comuni Sostenibili,community_services_non_profits,2,https://www.comunisostenibili.eu/aderisci/,,Rome,"41,89505","12,47959"
Rete di Sicurezza Attiva,community_services_non_profits,2,http://www.retedisicurezzaattiva.it/,,Rome,"41,8992955","12,4984482"
Rete Emergenze OdV,community_services_non_profits,2,http://www.retemergenze.org/,,Rome,"41,9216068","12,5895363"
Rete Nazionale Forense,community_services_non_profits,2,https://www.retenazionaleforense.eu/,,Rome,"41,855768","12,447657"
Rete Trionfale,community_services_non_profits,2,http://www.trionfale.org/,,Rome,"41,91179","12,44964"
Revcond,community_services_non_profits,2,http://www.revcond.it/,,Rome,"41,8959388","12,485082"
Rhome,dance_club,2,http://www.discotecadiroma.it/discoteca-roma/rhome-roma-centro-discoteca-ristorante.html,,Rome,"41,90507","12,47745"
Riapriamo il Luneur 1953/2008,fair,2,luneurpark.it,,Rome,"41,83929","12,47372"
Riequilibrio Modulare Progressivo - Development of PNF Technique,community_services_non_profits,2,http://associazionermp.it/,,Rome,"41,861215","12,56892"
RIFF - Rome Independent Film Festival,community_services_non_profits,2,http://www.riff.it/,,Rome,"41,9175067","12,4993864"
Rifugi - Cortometraggio,cinema,2,Ingen webbplats,,Rome,"41,84973","12,57413"
Rifugio San Francesco Roma,community_services_non_profits,2,http://Www.rifugiosanfrancesco.org/,,Rome,"41,7917045","12,3815435"
Rigatteria,arts_and_entertainment,2,Ingen webbplats,,Rome,"41,8745762","12,4758885"
Rinascita Villanova di Accumoli onlus,community_services_non_profits,2,http://www.villanovadiaccumolionlus.it/,,Rome,"41,91634","12,46805"
Rione XX,cultural_center,2,Ingen webbplats,,Rome,"41,8762772","12,4762219"
Ripa dei Settesoli,community_services_non_profits,2,https://www.francescanioggi.it/,,Rome,"41,8854018","12,4726367"
Ripartiamo APS,community_services_non_profits,2,https://ripartiamonlus.com/,,Rome,"41,8943093","12,4764886"
Riscatto al Secondo,community_services_non_profits,2,http://linktr.ee/riscattoalsecondo,,Rome,"41,9238287","12,5085662"
Risorsa Donna,community_services_non_profits,2,http://www.fondazionerisorsadonna.it/home.aspx,,Rome,"41,8828424","12,4867103"
Ristorante Il Casaletto,venue_and_event_space,2,https://www.ilcasaletto.net/,,Rome,"42,0281564","12,3756806"
Ristorante Le streghe,venue_and_event_space,2,https://www.ristorantelestreghe.it/,,Rome,"41,8628445","12,5517196"
RistrutturaSmart,architectural_designer,2,https://sedi.ristrutturasmart.it/7129-roma?utm_source=facebook&utm_campaign=localmarketing&utm_medium=localrecord,,Rome,"41,8478308","12,6013396"
RistrutturaSmart,architectural_designer,2,https://sedi.ristrutturasmart.it/7147-roma?utm_source=facebook&utm_campaign=localmarketing&utm_medium=localrecord,,Rome,"41,9309755","12,5860192"
Rita Sperduti,arts_and_entertainment,2,http://www.ritasperduti.it/,,Rome,"41,8618401","12,6925336"
RiverMarket Roma,fashion,2,Ingen webbplats,,Rome,"41,912","12,50135"
RivoluzioMario,community_services_non_profits,2,http://www.gasroma.org/gas/rivoluziomario/,,Rome,"41,9397536","12,4251666"
RM,architectural_designer,2,http://www.architettorm.com/,,Rome,"41,8948389","12,514582"
Road to Green,community_services_non_profits,2,http://www.roadtogreen2020.com/,,Rome,"41,9678608","12,4388273"
Roberta Vincenzi architetto,architectural_designer,2,Ingen webbplats,,Rome,"41,9141675","12,4544228"
Robertò,dance_club,2,http://www.robertorestaurantsevents.it/,,Rome,"41,7513983","12,3674056"
Robta's Dream Home,arts_and_entertainment,2,Ingen webbplats,,Rome,"41,87868","12,47413"
ROE Protezione Civile,community_services_non_profits,2,https://www.roeitalia.it/,,Rome,"41,98333","12,50778"
Roma,arts_and_entertainment,2,http://it.wikipedia.org/wiki/Roma,,Rome,"41,8608215","12,5497502"
Roma - Auditorium Parco Della Musica,auditorium,2,Ingen webbplats,,Rome,"41,929243","12,4743467"
Roma - Piazza San Lorenzo,arts_and_entertainment,2,Ingen webbplats,,Rome,"41,9036682","12,4782088"
Roma a Nord,community_services_non_profits,2,Ingen webbplats,,Rome,"41,93058","12,46827"
Roma Aperitivi,arts_and_entertainment,2,Ingen webbplats,,Rome,"41,8972702","12,4763298"
Roma Aurelio Protezione Civile,community_services_non_profits,2,http://www.romaurelio.it/,,Rome,"41,9137324","12,4267202"
Roma Bonsai Associazione Culturale,community_services_non_profits,2,http://www.romabonsai.it/,,Rome,"41,8432629","12,3598834"
Roma Chapter Italy #9076,community_services_non_profits,2,http://www.romachapter.com/,,Rome,"41,77992","12,44597"
Roma città ,arts_and_entertainment,2,Ingen webbplats,,Rome,"41,898789","12,442654"
Roma Discoteche,arts_and_entertainment,2,http://www.italianjobeventi.com/,,Rome,"41,89344","12,4977"
Roma Eur,arts_and_entertainment,2,http://aperitivoroma.com/,,Rome,"41,8126778","12,4482624"
Roma Eventi,dance_club,2,Ingen webbplats,,Rome,"41,8754079","12,4743818"
Roma in Festa,arts_and_entertainment,2,http://www.romapronobis.it/,,Rome,"41,89097","12,49298"
Roma Invicta,history_museum,2,Ingen webbplats,,Rome,"41,8893931","12,4948566"
Roma IX SaR,community_services_non_profits,2,http://www.roma9sar.it/,,Rome,"41,7934739","12,5284653"
Roma Kizomba Festival - Festa do Semba,arts_and_entertainment,2,Ingen webbplats,,Rome,"41,888453","12,4032533"
Roma la mia città,community_services_non_profits,2,http://www.infermieriprofessionaliadomicilio.it/,,Rome,"41,818995","12,617463"
Roma Ltalia,museum,2,Ingen webbplats,,Rome,"41,8891947","12,5238807"
"Roma Massoneria mista ""Le Droit Humain""",community_services_non_profits,2,http://www.droit-humain.it/,,Rome,"41,9124503","12,5027034"
Roma Nascosta,community_services_non_profits,2,http://www.romanascosta.net/,,Rome,"41,88181","12,4675999"
Roma Nel Cuore,community_services_non_profits,2,http://www.romanelcuore.com,,Rome,"41,8693097","12,4448404"
Roma Opera Omnia,museum,2,http://www.romaoperaomnia.com/,,Rome,"41,899027","12,472814"
Roma Pro Natura,community_services_non_profits,2,http://www.romapronatura.it/,,Rome,"41,908281","12,4890787"
Roma San Lorenzo,arts_and_entertainment,2,Ingen webbplats,,Rome,"41,8963644","12,5144428"
Roma Sotterranea,community_services_non_profits,2,http://www.romasotterranea.it/associazione.html,,Rome,"41,8693232","12,5021041"
Roma Sport & Fun,community_services_non_profits,2,http://www.romasportandfun.it/,,Rome,"41,9677868","12,602005"
Roma Yacht Club Porto Di Ostia,community_services_non_profits,2,http://www.yachtclubroma.it/,,Rome,"41,7377519","12,2492597"
Roma. Pendici nord orientali del Palatino - scavo archeologico,history_museum,2,http://archeopalatino.uniroma1.it/it,,Rome,"41,8901222","12,4900174"
Roma2Lug,fashion,2,Ingen webbplats,,Rome,"41,8545665","12,623744"
Roma40 - Agesci Lazio,community_services_non_profits,2,Ingen webbplats,,Rome,"41,8247777","12,5104423"
RomAbout,history_museum,2,http://www.romabout.com/,,Rome,"41,89155","12,4924353"
RomaCube,community_services_non_profits,2,http://www.romacube.org/,,Rome,"41,97782","12,41039"
Romagnoli Atelier,fashion,2,https://www.romagnoliatelier.it/,,Rome,"41,9069066","12,4640935"
RomAltruista,community_services_non_profits,2,https://donazioni.romaltruista.it/,,Rome,"41,916168","12,455038"
RomAmoR,community_services_non_profits,2,http://www.romamor.org/,,Rome,"41,8811066","12,5206702"
Romana Telai di Cantagalli Fausto,arts_and_entertainment,2,http://www.romanatelai.it/,,Rome,"41,905442","12,389734"
Romanzo Criminale - La Banda della Magliana,arts_and_entertainment,2,Ingen webbplats,,Rome,"41,8549605","12,4792382"
RomaPiu.it,arts_and_entertainment,2,http://www.romapiu.it/,,Rome,"41,9365887","12,5342631"
RoMarket,arts_and_entertainment,2,http://www.romarket.it/,,Rome,"41,92794","12,46716"
Rome Accueil,community_services_non_profits,2,http://www.romeaccueil.com/,,Rome,"41,9195003","12,4879144"
Rome African Square,cultural_center,2,Ingen webbplats,,Rome,"41,89118","12,50597"
Rome After Dark,dance_club,2,Ingen webbplats,,Rome,"41,904348","12,504449"
Rome Birth Center - Casa Maternità a Testaccio,community_services_non_profits,2,http://www.associazioneilnido.it/,,Rome,"41,8820557","12,4766089"
Rome Observatory,museum,2,http://www.mporzio.astro.it/,,Rome,"41,9225","12,4525"
Romei 25 APS,community_services_non_profits,2,https://www.romei25.com/,,Rome,"41,928973","12,577297"
Room 26,dance_club,2,https://www.room26.it,,Rome,"41,8344922","12,4708175"
ROSC - training saves life,community_services_non_profits,2,http://www.roscitalia.it/,,Rome,"41,88764","12,54357"
Rosso Bebe’ APS,community_services_non_profits,2,http://www.rossobebe.it/,,Rome,"41,85982","12,61843"
Rosy By Barbara,fashion,2,Ingen webbplats,,Rome,"41,8255984","12,5119101"
Rotaract Club Roma Foro Italico,community_services_non_profits,2,https://rotaractromaforoitalico.wordpress.com/,,Rome,"41,9185749","12,5142964"
Rotary Club di Roma,community_services_non_profits,2,http://www.rotaryclubroma.com/,,Rome,"41,9213181","12,470895"
Rotary Club Roma Campidoglio,community_services_non_profits,2,http://www.rotaryromacampidoglio.it/,,Rome,"41,8426838","12,4718822"
Rotary Club Roma Capitale,community_services_non_profits,2,https://www.rotaryromacapitale.it/,,Rome,"41,9672009","12,4729207"
Rotary Club Roma Cristoforo Colombo,community_services_non_profits,2,http://www.rotaryromacristoforocolombo.it/,,Rome,"41,81722","12,46171"
Rotary Club Roma EUR,community_services_non_profits,2,https://www.rotaryromaeur.it/,,Rome,"41,8181412","12,4472984"
Rotary Club Roma Leonardo Da Vinci,community_services_non_profits,2,http://www.romaleonardo.it/,,Rome,"41,88849","12,42597"
Rotary Club Roma Olgiata Veio,community_services_non_profits,2,https://rotaryclubromaolgiata.com/,,Rome,"42,0292501","12,3739832"
Rotary Club Roma Ostia Casal Palocco,community_services_non_profits,2,Ingen webbplats,,Rome,"41,74994","12,34585"
Rotary International - Distretto 2080,community_services_non_profits,2,http://www.rotary2080.org/,,Rome,"41,9086439","12,4673713"
Rowni - Roma Women Network Italy,community_services_non_profits,2,https://sites.google.com/site/rowniromawomennetworkitaly/,,Rome,"41,87169","12,69249"
Royal Wolf Rangers Castro dei Volsci,community_services_non_profits,2,http://www.royalwolfrangers.it/,,Rome,"41,89166","12,4691"
Ru candle bar,arts_and_crafts,2,Ingen webbplats,,Rome,"41,9016836","12,5028789"
RUEDALATINA Roma,arts_and_entertainment,2,Ingen webbplats,,Rome,"41,8562","12,4843"
Rukije - Un raggio di sole,community_services_non_profits,2,http://www.rukije.org/,,Rome,"41,8024934","12,4509973"
Ruotalibera coop sociale ONLUS,community_services_non_profits,2,http://ruotalibera.eu/,,Rome,"41,8897813","12,5345665"
Ryna Dancewear,fashion,2,http://shop.rynadancewear.com/,,Rome,"41,8636829","12,5479212"
Römisches Institut der Görres-Gesellschaft,community_services_non_profits,2,http://www.goerres-gesellschaft-rom.de/,,Rome,"41,8980809","12,476409"
S. Angelo Castle,arts_and_entertainment,2,http://castelsantangelo.beniculturali.it/,,Rome,"41,903064","12,466355"
S.O.S. CAVALLI Onlus,community_services_non_profits,2,http://www.soscavalli.com/,,Rome,"41,90871","12,41934"
S14 Engineering,architectural_designer,2,https://s14engineering.it/,,Rome,"41,96438","12,48926"
SAAD ROMA Srl,architectural_designer,2,http://www.saadroma.com/,,Rome,"41,8994133","12,4677178"
SabrinAttiani - Il Cerchio,fashion,2,Ingen webbplats,,Rome,"41,7527199","12,36275"
Sacrario delle bandiere,museum,2,http://www.marina.difesa.it/storiacultura/ufficiostorico/musei/sacrario/Pagine/default.aspx,,Rome,"41,8949","12,4836673"
Sacro Romano Impero - Associazione,community_services_non_profits,2,http://www.ordinesacroromanoimpero.it/,,Rome,"41,91397","12,45653"
Sadifor cooperativa sociale arl,community_services_non_profits,2,http://www.sadifor.it/,,Rome,"41,893355","12,5485098"
Saida vlogz,arts_and_entertainment,2,Ingen webbplats,,Rome,"41,96823","12,54979"
SAL Onlus,community_services_non_profits,2,http://www.saldelatierra.org/,,Rome,"41,8733407","12,5211709"
Sala 2,cinema,2,Ingen webbplats,,Rome,"41,9155753","12,6614704"
Sala a Croce Greca,history_museum,2,Ingen webbplats,,Rome,"41,906637","12,4526766"
Sala Bristol,cinema,2,Ingen webbplats,,Rome,"41,8571785","12,5497512"
Sala Charlot,arts_and_entertainment,2,http://www.lacompagniadellestelle.it/index.asp,,Rome,"41,8826671","12,5433129"
Sala Columbus,theatre,2,Ingen webbplats,,Rome,"41,8605282","12,4924086"
Sala dell'Immacolata Concezione,museum,2,http://www.museivaticani.va/,,Rome,"41,9035866","12,4545479"
Sala delle Nozze Aldobrandine,museum,2,Ingen webbplats,,Rome,"41,9065924","12,4534645"
Sala di lettura Marta Russo,library,2,http://gburoma.altervista.org,,Rome,"41,9071298","12,5114882"
"Sala Festa Roma Est ""Eventi""",arts_and_entertainment,2,http://www.salafesteromaest.com/,,Rome,"41,8942415","12,6769289"
SALA Feste Bambini & Eventi Privati,community_services_non_profits,2,Ingen webbplats,,Rome,"41,877","12,45222"
Sala Lettura Psicologia,library,2,Ingen webbplats,,Rome,"41,8963923","12,5165181"
Sala Mike,arcade,2,Ingen webbplats,,Rome,"41,86243","12,44221"
Sala Ottorino Respighi,opera_and_ballet,2,Ingen webbplats,,Rome,"41,90038","12,4942499"
Sala prove Colli Aniene,arts_and_entertainment,2,Ingen webbplats,,Rome,"41,9142081","12,5758932"
Sala Rotonda,history_museum,2,Ingen webbplats,,Rome,"41,9066446","12,4540423"
Sala Scommesse Serpentara,arcade,2,Ingen webbplats,,Rome,"41,9671343","12,5167525"
Sala Slot & Bingo Palace di Roma,arcade,2,Ingen webbplats,,Rome,"41,890442","12,517575"
"Sala Spadolini, Via Del Collegio Romano, Roma",cultural_center,2,Ingen webbplats,,Rome,"41,8988112","12,4806078"
Sala Stampa Italiana,mass_media,2,Ingen webbplats,,Rome,"41,9057385","12,4772673"
Sala Vittoria Colonna,auditorium,2,Ingen webbplats,,Rome,"41,9051677","12,4724972"
SalaKadula,theatre,2,http://www.teatroaniene.it/,,Rome,"41,95633","12,53577"
Sale in Zucca aps,community_services_non_profits,2,http://saleinzuccaps.it/,,Rome,"41,910159","12,515863"
Salesiani Cooperatori LAZIO,community_services_non_profits,2,http://www.salesianicooperatori.eu/,,Rome,"41,90211","12,50286"
Salesiani per il sociale APS,community_services_non_profits,2,https://www.salesianiperilsociale.it/,,Rome,"41,8755633","12,5305179"
Salotto Romano,arts_and_entertainment,2,http://www.romatiberina.com/salottoromano.htm,,Rome,"41,8978371","12,4735594"
Salute e Sviluppo,community_services_non_profits,2,http://salutesviluppo.org/,,Rome,"41,900177","12,4767866"
Salvi & Associati,architectural_designer,2,http://www.salviassociati.com/,,Rome,"41,9332158","12,5336185"
San Giovanni Rotondo,attractions_and_activities,2,Ingen webbplats,,Rome,"41,8987206","12,5010211"
San Giuseppe ai Prati,community_services_non_profits,2,Ingen webbplats,,Rome,"41,9065389","12,4729102"
San Lorenzo Dè Speziali In Miranda,science_museum,2,Ingen webbplats,,Rome,"41,892664","12,487739"
San Pellegrino in Vaticano,arts_and_entertainment,2,http://it.wikipedia.org/wiki/Chiesa_di_San_Pellegrino_(Roma),,Rome,"41,905003","12,456961"
San Stanislao,community_services_non_profits,2,Ingen webbplats,,Rome,"41,8566546","12,5796663"
SanArti,community_services_non_profits,2,http://www.sanarti.it/,,Rome,"41,9215394","12,5182558"
Sandrina&Friends,arts_and_entertainment,2,https://www.sandrinaefriends.com/,,Rome,"41,880745","12,5712776"
Sandro Ferrone Acqua Bullicante,fashion,2,Ingen webbplats,,Rome,"41,89093","12,54182"
SANES di Claudio Pacifici,community_services_non_profits,2,http://www.sanes.it/,,Rome,"41,8682141","12,4560022"
Sanfelice Cashmere,fashion,2,http://www.sanfelicecashmere.it/,,Rome,"41,9179101","12,473309"
Sant'Egidio,community_services_non_profits,2,https://www.santegidio.org/,,Rome,"41,8901234","12,4688802"
Sant'Egidio Ostia,community_services_non_profits,2,http://www.santegidio.org/,,Rome,"41,73138","12,27157"
Santa Costanza,arts_and_entertainment,2,http://en.wikipedia.org/wiki/Santa_Costanza,,Rome,"41,922614","12,517375"
Santa Maria del Soccorso,community_services_non_profits,2,Ingen webbplats,,Rome,"41,91467","12,5619"
Santa Maria Siamo Noi,community_services_non_profits,2,https://www.casasantamariaroma.it/,,Rome,"41,8800756","12,4388106"
Saperi&Co,fashion,2,https://web.uniroma1.it/saperi_co/,,Rome,"41,9015","12,51243"
Sapori della Provincia Romana,community_services_non_profits,2,https://g.co/kgs/ZSwaca,,Rome,"41,8041255","12,5068902"
Sara Ferrini Architetto,architectural_designer,2,Ingen webbplats,,Rome,"41,9264","12,46202"
SARA LUCCI Architetto,architectural_designer,2,http://www.saralucci.com/,,Rome,"41,9250815","12,4646433"
Sarai Onlus,community_services_non_profits,2,http://www.sarai-onlus.org/,,Rome,"41,9122613","12,4551161"
Sartí Sartoria-Atelier,fashion,2,Ingen webbplats,,Rome,"41,8991183","12,5342078"
Sartogo Architetti Associati,architectural_designer,2,http://www.sartogoarchitetti.it/,,Rome,"41,9082502","12,489096"
Sartoria colibrì,fashion,2,Ingen webbplats,,Rome,"41,8581953","12,5587735"
Sartoria e Riparazioni,fashion,2,Ingen webbplats,,Rome,"41,9426393","12,5484671"
Sartoria L'Ago Magico,fashion,2,Ingen webbplats,,Rome,"42,0633","12,37347"
Sartoria Leone Roma,fashion,2,http://sartorialeone.it/,,Rome,"41,8972796","12,4681016"
Sartoria Nina Navaro Ostia,arts_and_crafts,2,Ingen webbplats,,Rome,"41,734","12,27651"
Sartoria Orchidea,arts_and_entertainment,2,http://sartoriaorchidea.blogspot.it/,,Rome,"41,871062","12,595331"
Sartoria Penna,fashion,2,http://www.sartoriapenna.com/,,Rome,"41,9054139","12,4634408"
Sartoria RAMY,fashion,2,Ingen webbplats,,Rome,"41,9193392","12,5225068"
Sartoria Trionfale,fashion,2,http://sartoriatrionfale.com/,,Rome,"41,9126188","12,4530186"
SartoriaJovy,fashion,2,Ingen webbplats,,Rome,"41,90168","12,42927"
Sartorie Saia Roma,fashion,2,http://www.sartoriesaia.com/,,Rome,"42,01261","12,51903"
Save The Dreams Amici di Don Guanella APS,community_services_non_profits,2,http://www.savethedreams.org/,,Rome,"41,890152","12,422006"
Sbarch Bargone Architetti Associati,architectural_designer,2,http://www.studiobargone.it/,,Rome,"41,8258095","12,4914198"
SBS per il Sociale Onlus,community_services_non_profits,2,http://www.sbsociale.org/,,Rome,"41,91982","12,5008758"
Scalo Sant’Angelo,museum,2,Ingen webbplats,,Rome,"41,9024191","12,4687294"
Scenografia Izzo Roma,arts_and_entertainment,2,Ingen webbplats,,Rome,"41,842006","12,426746"
Schiattarella Associati,architectural_designer,2,http://www.schiattarella.com/,,Rome,"41,9160291","12,5083524"
Schiavello Architects Office - SAO architecture,architectural_designer,2,http://www.schiavello.it/,,Rome,"41,8879748","12,4704822"
Schola Mundi,community_services_non_profits,2,Ingen webbplats,,Rome,"41,8661282","12,4091882"
Scholas Italia,community_services_non_profits,2,https://www.scholasoccurrentes.org/it/,,Rome,"41,88888","12,47071"
Schumina Taekwondo 1  ASD,arts_and_entertainment,2,Ingen webbplats,,Rome,"41,97564","12,51211"
Scienza & Vita,community_services_non_profits,2,http://www.scienzaevita.org/,,Rome,"41,8900466","12,4079913"
Scoperta del giorno di Giulia,print_media,2,Ingen webbplats,,Rome,"41,9031694","12,4955577"
SCOSSE - Associazione di Promozione Sociale,community_services_non_profits,2,http://www.scosse.org/,,Rome,"41,894597","12,465828"
Scout Roma CNGEI - Associazione Scout Laica,community_services_non_profits,2,https://roma.cngei.it/,,Rome,"41,8559528","12,5804139"
Scrivi la tua storia,community_services_non_profits,2,http://www.scrivilatuastoria.com/,,Rome,"41,93886","12,43944"
Scuola di Italiano Cidis Impresa Sociale,community_services_non_profits,2,http://cidisonlus.org/,,Rome,"41,8961747","12,4994655"
Scuola di politica - Agenda Roma 2021,cultural_center,2,http://www.21luglio.org/,,Rome,"41,8690079","12,6384992"
Scuola di Teatro La Stazione,theatre,2,Ingen webbplats,,Rome,"41,8966117","12,4555811"
Scuola di Vita,community_services_non_profits,2,https://scuoladivita.co/,,Rome,"41,8950498","12,5179871"
Scuola Kitesurf Roma,community_services_non_profits,2,http://www.kitesurfroma.it/,,Rome,"41,6814413","12,3811975"
Scuola Matumbé • Capoeira Angola Roma,cultural_center,2,http://www.matumbecapoeira.com/,,Rome,"41,8761709","12,4859999"
Scuola Paolo Consiglio - Roma,community_services_non_profits,2,http://www.scuolapaoloconsiglio.it/,,Rome,"41,8774701","12,4765199"
Scuola Popolare Carla Verbano,cultural_center,2,https://labpuzzle.noblogs.org/attivita/scuola-popolare-carla-verbano/,,Rome,"41,9450452","12,5361524"
Scuola Popolare di Tor Pignattara,community_services_non_profits,2,http://www.scuolapopolaretorpigna.it/,,Rome,"41,875053","12,541933"
Scuola Romana di Psicologia del Lavoro,community_services_non_profits,2,http://www.psicologia-del-lavoro.it/,,Rome,"41,9152864","12,4550071"
ScuolAttiva Onlus,community_services_non_profits,2,http://www.scuolattiva.it/,,Rome,"41,8972454","12,4818937"
Scuole del Mare e del Bosco,community_services_non_profits,2,http://www.scuolenaturali.it/,,Rome,"41,7394276","12,2572676"
SDB architettura,architectural_designer,2,http://www.sdbarchitettura.com/,,Rome,"41,9105707","12,451364"
SDB Architettura - Roma,architect,2,,,Rome,"41,91685807","12,45567146"
SDP Architects,architectural_designer,2,http://www.sdpa.it/,,Rome,"41,9280022","12,5199973"
Seami ETS,community_services_non_profits,2,http://www.seami.it/,,Rome,"41,962","12,41412"
Seba Causo Architetti,architectural_designer,2,http://www.sebacausoarchitetti.it/,,Rome,"41,8241788","12,5051465"
Second Generation Aid,community_services_non_profits,2,https://linktr.ee/secondgenerationaid,,Rome,"41,9493831","12,5143056"
Sede Rai Roma,arts_and_entertainment,2,Ingen webbplats,,Rome,"41,9154065","12,4560564"
SeedScience,community_services_non_profits,2,https://seedscience.it/,,Rome,"41,81228","12,60266"
Segni di Integrazione - Lazio Coop. Soc. Onlus,community_services_non_profits,2,http://www.segnidiintegrazione.it/,,Rome,"41,9305611","12,5275304"
Seguimi,community_services_non_profits,2,https://www.aisseguimi.org/contattaci/,,Rome,"41,9122736","12,4219734"
Selva Nera,attractions_and_activities,2,Ingen webbplats,,Rome,"41,941678","12,368376"
Semi di Rosa ODV,community_services_non_profits,2,Ingen webbplats,,Rome,"41,90694","12,46974"
Semplice By Smartly Events,arts_and_entertainment,2,https://www.facebook.com/semplicesmartlyevents/,,Rome,"41,88644","12,48647"
Sempre Per SempreViola,community_services_non_profits,2,http://sempre-per-sempre-viola-odv.org/,,Rome,"41,8900687","12,68361"
SENAS,community_services_non_profits,2,http://www.senas.it/,,Rome,"41,87493","12,46603"
Senior Italia Federanziani,community_services_non_profits,2,http://www.senioritalia.it/,,Rome,"41,91347","12,46807"
Senior L'Età della Saggezza,community_services_non_profits,2,http://www.senioronlus.it/,,Rome,"41,89654","12,47491"
Senor De Cachuy En Roma,community_services_non_profits,2,http://www.arzobispadodelima.org/,,Rome,"41,889338","12,475212"
Sense Sexy Shop,arts_and_entertainment,2,http://www.sexyshopsense.it/,,Rome,"41,86414","12,55718"
Sentiero Lavoro,community_services_non_profits,2,http://www.sentierolavoro.it/,,Rome,"41,8112386","12,4461703"
Senza Confine,community_services_non_profits,2,https://associazionesenzaconfine.wordpress.com/,,Rome,"41,875198","12,474172"
Senza Filtro,arts_and_entertainment,2,Ingen webbplats,,Rome,"41,8714294","12,5461998"
Sepelegno,arts_and_crafts,2,http://www.falegnameria.roma.It/,,Rome,"41,8846911","12,536726"
Ser&Gio,arts_and_entertainment,2,https://www.vivaticket.com/it/ticket/ecce-h-omo/236579,,Rome,"41,8865493","12,4625364"
Serate Vinile Roma By  Ivaneventi,dance_club,2,http://www.romadiscoeventi.it/,,Rome,"41,8631954","12,4803409"
Serena Romano' Architetto,architectural_designer,2,http://www.archilovers.com/serena-romano/,,Rome,"41,912192","12,476152"
Sergio Rappino,architectural_designer,2,http://www.rappinosergio.it/,,Rome,"41,8607185","12,5549577"
Servizio Civile UILDM,community_services_non_profits,2,https://serviziocivile.uildm.org/,,Rome,"41,90621","12,41899"
Seste Engineering Srl,architectural_designer,2,http://www.studioseste.it/,,Rome,"41,8920043","12,4767164"
SET Architects,architectural_designer,2,https://www.set-architects.com/,,Rome,"41,8732426","12,4820071"
Settecamini Quartiere di Roma,community_services_non_profits,2,http://www.settecamini.eu/,,Rome,"41,9380492","12,6206804"
Settore Discipline Bionaturali  CSEN,community_services_non_profits,2,http://www.benesserecsen.com/,,Rome,"41,9450111","12,4659996"
Sew In Style Sartoria,fashion,2,http://sew-in-style-sartoria.business.site/,,Rome,"41,8587426","12,4491712"
Sex and the cancer,community_services_non_profits,2,https://sexandthecancer.it/,,Rome,"41,93294","12,47405"
Sezione e Gruppo Volontari ANC Villaggio Prenestino Castelverde,community_services_non_profits,2,Ingen webbplats,,Rome,"41,91904","12,79464"
SG MARKA,fashion,2,Ingen webbplats,,Rome,"41,9308768","12,5174141"
SHAKE,dance_club,2,Ingen webbplats,,Rome,"41,8647557","12,4809068"
Shambala asd,community_services_non_profits,2,http://yogashambala.wordpress.com/,,Rome,"41,8402594","12,5846676"
SharingMood arti e mestieri,arts_and_entertainment,2,Ingen webbplats,,Rome,"41,89372","12,47748"
Shopping 7DAY,museum,2,http://www.crtecomuseo.it/,,Rome,"41,7456888","12,3188814"
showroom_cervini,fashion,2,http://www.cervini.biz/,,Rome,"42,00138","12,48643"
Si Può Fare Architetti Associati,architectural_designer,2,http://www.spf-studio.it/,,Rome,"41,9110679","12,453895"
SIAARTI,community_services_non_profits,2,http://www.siaarti.it/,,Rome,"41,8999073","12,4950079"
SIAMO coop,community_services_non_profits,2,https://www.siamoumani.org/,,Rome,"41,90219","12,50279"
Sib Confcommercio,community_services_non_profits,2,http://www.sindacatobalneari.it/,,Rome,"41,8896358","12,4742772"
SICo - Società Italiana di Counseling,community_services_non_profits,2,http://www.sicoitalia.it/,,Rome,"41,8188095","12,4516296"
SICS  Scuola Italiana Cani Salvataggio-Tirreno,community_services_non_profits,2,http://www.scuolacanisalvataggio.it/,,Rome,"41,8136843","12,5237099"
Sidero Onlus,community_services_non_profits,2,http://www.sidero.it/,,Rome,"41,909772","12,516427"
SIED - Società Italiana di Endoscopia Digestiva,community_services_non_profits,2,http://www.sied.it/,,Rome,"41,94905","12,46564"
SIET - Educazione Terapeutica,community_services_non_profits,2,http://www.educazioneterapeutica.com/,,Rome,"41,8561166","12,4920674"
SIGE - Società Italiana di Gastroenterologia ed Endoscopia Digestiva,community_services_non_profits,2,http://www.sigeitalia.it/,,Rome,"41,9438335","12,4692172"
SIGEA - Società Italiana di Geologia Ambientale,community_services_non_profits,2,http://www.sigea-aps.it/,,Rome,"41,91352","12,4953"
Signorina Grandi Firme Srl,fashion,2,http://www.signorinagrandifirme.com/,,Rome,"41,854548","12,4845286"
Sigrid Ceramics,arts_and_crafts,2,http://Sigridceramics.com/,,Rome,"41,8986915","12,4553731"
SIL - Sindacato italiano librai e cartolibrai,community_services_non_profits,2,http://www.sindacatolibrai.it/,,Rome,"41,89952","12,49157"
Silice,arts_and_crafts,2,Ingen webbplats,,Rome,"41,8964609","12,4943534"
silviacorrado_architetto,architectural_designer,2,Ingen webbplats,,Rome,"41,94037","12,53273"
Simedet- Società Italiana Medicina Diagnostica e Terapeutica,community_services_non_profits,2,http://www.simedet.eu/,,Rome,"41,8827545","12,4201086"
SIMEO,community_services_non_profits,2,Ingen webbplats,,Rome,"41,887309","12,56153"
Simferweb,community_services_non_profits,2,http://www.simfer.it/,,Rome,"41,9136845","12,4946113"
SIMI Società Italiana di Medicina Interna,community_services_non_profits,2,http://www.simi.it/,,Rome,"41,903617","12,508991"
Simona Merceria Intimo,fashion,2,Ingen webbplats,,Rome,"41,9157601","12,7285212"
Simone Pavesi,community_services_non_profits,2,https://linktr.ee/simonepavesi_lav,,Rome,"41,91443","12,50496"
Simpat,community_services_non_profits,2,http://www.simpat.org/,,Rome,"41,92269","12,44172"
Simtur,community_services_non_profits,2,https://www.simtur.eu/,,Rome,"41,8617897","12,4865084"
Sindacato Del Disabile,community_services_non_profits,2,Ingen webbplats,,Rome,"41,7409807","12,2607699"
Sindacato Italiano Diritti Invalidi,community_services_non_profits,2,http://www.sindacatoinvalidi.it/,,Rome,"41,8692063","12,6398523"
Sindacato Libero Scrittori Italiani,community_services_non_profits,2,http://slsi.it/,,Rome,"41,897468","12,470524"
Sindacato Snater,community_services_non_profits,2,http://www.snater.it/rai,,Rome,"41,9172388","12,4578092"
Sineo Marina,cinema,2,Ingen webbplats,,Rome,"41,9005","12,46989"
SinergieSolidali,community_services_non_profits,2,http://www.sinergiesolidali.it/,,Rome,"41,9239676","12,5081541"
Sinpref - Associazione Sindacale dei Funzionari Prefettizi,community_services_non_profits,2,http://www.sinpref.it/,,Rome,"41,9004354","12,4935889"
Sintesi Grafica SRL,architectural_designer,2,Ingen webbplats,,Rome,"41,7713888","12,3321107"
SIPEM SoS Lazio - Psicologia dell’Emergenza,community_services_non_profits,2,https://sipemsoslazio.wordpress.com/,,Rome,"41,873504","12,615111"
Sirio e i Tetrabondi,community_services_non_profits,2,http://fondazionetetrabondi.org/,,Rome,"41,8483748","12,4389199"
SISM Roma Sant'Andrea,community_services_non_profits,2,http://romasantandrea.sism.org,,Rome,"41,9825527","12,4704138"
SISM Roma Tor Vergata,community_services_non_profits,2,http://www.romatorvergata.sism.org/,,Rome,"41,85636","12,63304"
Sismed - Società Italiana Scienze Mediche,community_services_non_profits,2,https://www.sismed-it.com/,,Rome,"41,9102094","12,4623799"
Sistema Bibliotecario di Ateneo - Roma Tre,library,2,https://sba.uniroma3.it/,,Rome,"41,86461","12,4793"
SIULP Nazionale,community_services_non_profits,2,https://www.siulp.it/,,Rome,"41,9030329","12,5026731"
Slack Architetti,architectural_designer,2,https://www.slackarchitetti.com/coming-soon/,,Rome,"41,863212","12,4806177"
Smile House Fondazione ETS,community_services_non_profits,2,https://smilehousefondazione.org/,,Rome,"41,9088268","12,4620034"
SNALV Confsal,community_services_non_profits,2,http://www.snalv.it/,,Rome,"41,8933358","12,5102206"
So.Spe. - Solidarietà e Speranza,community_services_non_profits,2,http://www.sospe.it/,,Rome,"41,8664169","12,422147"
Soccorso7,community_services_non_profits,2,http://www.lecentopartidelcuore.it/,,Rome,"41,9427439","12,6457032"
Social Desk Ostia,community_services_non_profits,2,http://liberacittadinanza.org/LC/,,Rome,"41,7371884","12,283862"
Società Genealogica Italiana -SGI / Italian Genealogical Society,community_services_non_profits,2,http://www.genmarenostrum.com/sgi.htm,,Rome,"41,874502","12,480101"
Società Geologica Italiana,community_services_non_profits,2,http://www.socgeol.it/,,Rome,"41,9039518","12,5142565"
Società Italiana del Dottorato di Ricerca,community_services_non_profits,2,http://www.sidri.it/,,Rome,"41,92006","12,51914"
Società Italiana delle Storiche - SIS,community_services_non_profits,2,http://www.societadellestoriche.it/,,Rome,"41,894436","12,465974"
Società Italiana di Diabetologia,community_services_non_profits,2,http://www.siditalia.it/,,Rome,"41,9167246","12,5240848"
Società Italiana di Nefrologia,community_services_non_profits,2,https://sinitaly.org/,,Rome,"41,9032871","12,5081377"
Società Italiana di Psicoterapia Psicoanalitica,community_services_non_profits,2,http://www.sippnet.it/,,Rome,"41,9167065","12,4982526"
Società Italiana di Scienze dell'Alimentazione - SISA,community_services_non_profits,2,http://www.sisalimentazione.it/,,Rome,"41,9111611","12,4543489"
Società Psicoanalitica Italiana,community_services_non_profits,2,http://www.spiweb.it/,,Rome,"41,9239287","12,494918"
Società Studi Fiumani,museum,2,http://www.fiume-rijeka.it/,,Rome,"41,820909","12,481642"
Società Teosofica Roma,community_services_non_profits,2,http://www.teosofica.org/it/,,Rome,"41,92036","12,5096"
Society for International Development,community_services_non_profits,2,http://www.sidint.org/,,Rome,"41,8978963","12,5146921"
SOD ITALIA,community_services_non_profits,2,http://www.soditalia.it/,,Rome,"41,9228181","12,5136732"
SOFIA Salvatorian Office for International Aid,community_services_non_profits,2,http://www.fondazionesofia.org/,,Rome,"41,9020914","12,4599019"
Soggiorno Sereno Sandro Gabbani - Onlus,community_services_non_profits,2,http://www.soggiornoserenosandrogabbani.it/,,Rome,"41,9107655","12,4914035"
Sol.Id. - European Volunteers,community_services_non_profits,2,http://europeanvolunteers.org/,,Rome,"41,8744805","12,5474338"
Solare Onlus,community_services_non_profits,2,http://www.solare-onlus.it/,,Rome,"41,8800725","12,5274581"
Sole SRL,community_services_non_profits,2,Ingen webbplats,,Rome,"41,905897","12,481842"
Soledad Twombly,fashion,2,http://www.soledadtwombly.com/,,Rome,"41,8969471","12,4684999"
Solenero Onlus,community_services_non_profits,2,http://www.soleneroonlus.org/,,Rome,"41,925032","12,4703203"
Soleshoproma.com,fashion,2,http://Www.soleshoproma.com/,,Rome,"41,869927","12,445808"
SolidAid Onlus,community_services_non_profits,2,http://www.solidaid.it/,,Rome,"41,8334558","12,46227"
Solidarietà e Cooperazione CIPSI - ETS,community_services_non_profits,2,http://www.cipsi.it/,,Rome,"41,9089923","12,5353096"
Solidarmondo per la cooperazione internazionale Odv,community_services_non_profits,2,http://solidarmondo.it/,,Rome,"41,909375","12,420933"
Solitec Floor Engineering,architectural_designer,2,http://www.solitec.eu/,,Rome,"41,9434012","12,4694363"
Sommozzatori di Protezione Civile FIAS - Roma Onlus,community_services_non_profits,2,http://www.protezionecivilefiasroma.it/,,Rome,"41,8800972","12,6283975"
Sophia,community_services_non_profits,2,https://www.sophiacoop.it/,,Rome,"41,8236701","12,4909136"
Sophia Music Club,dance_club,2,http://sophiamusiclub.wordpress.com/,,Rome,"41,879915","12,5206455"
Sophia's sexy disco,dance_club,2,http://www.addioalcelibato.roma.it/,,Rome,"41,907449","12,446508"
Soprintendenza Speciale Roma,museum,2,http://www.soprintendenzaspecialeroma.it/,,Rome,"41,9012972","12,4985007"
SOS Equitalia,community_services_non_profits,2,http://www.sosequitalia.com/,,Rome,"41,94116","12,526586"
SoS Ostetrica,community_services_non_profits,2,http://www.sosostetrica.it/,,Rome,"41,90998","12,46104"
SOS Ragazzi,community_services_non_profits,2,http://www.sosragazzi.net/donazione-sito/,,Rome,"41,9212921","12,4961084"
SOS Terra Onlus,community_services_non_profits,2,http://www.sosterra.it/,,Rome,"41,9057043","12,4954308"
Sostegno della Vita,community_services_non_profits,2,https://instagram.com/sostegno_della_vita?igshid=YmMyMTA2M2Y%3D,,Rome,"42,06738","12,34284"
Sostenibilia,community_services_non_profits,2,https://www.sostenibilia.net/,,Rome,"41,914083","12,497335"
Sostoss,community_services_non_profits,2,http://www.sostoss.it/,,Rome,"41,8831736","12,4567676"
Sosviaggiatore,community_services_non_profits,2,https://sosviaggiatore.it/contattaci/,,Rome,"41,9478944","12,4397095"
Sotimi,community_services_non_profits,2,https://www.sotimi.it/,,Rome,"41,88689","12,54079"
Sotterranei,dance_club,2,Ingen webbplats,,Rome,"41,8898192","12,4689624"
Sottosuolo,dance_club,2,Ingen webbplats,,Rome,"41,8961702","12,4716368"
Sottrazioni,fashion,2,http://www.sottrazioni.com/,,Rome,"41,9248594","12,4631843"
Soul Singers Gospel & Spirituals in Rome,community_services_non_profits,2,http://www.soulsingers.it/,,Rome,"41,8801143","12,5274548"
Soundboutique,dance_club,2,Ingen webbplats,,Rome,"41,9287429","12,458775"
Soundfarm 999,cinema,2,Ingen webbplats,,Rome,"41,9636269","12,4884008"
Soy Latino,dance_club,2,Ingen webbplats,,Rome,"41,7480097","12,2839846"
Sp Ens Roma,community_services_non_profits,2,http://roma.ens.it/,,Rome,"41,89418","12,59221"
SP4SE,community_services_non_profits,2,Ingen webbplats,,Rome,"41,83223","12,46316"
"SPACE - Spazio di Prossimità per l'Aggregazione, la Cultura e l'Educazione",community_services_non_profits,2,https://villaggioprenestino.it/progetto-space/,,Rome,"41,91897","12,69205"
Spaceplanners,architectural_designer,2,http://www.spaceplanners.it/,,Rome,"41,8422141","12,3877612"
Spaini Architetti Associati srl,architectural_designer,2,http://www.spainiaa.com/,,Rome,"41,9210618","12,4932663"
Spazio 14 10 ::: Interior design,architectural_designer,2,http://www.spazio1410.com/,,Rome,"42,0040369","12,5186343"
Spazio 900 Lab,dance_club,2,Ingen webbplats,,Rome,"41,880891","12,5127431"
Spazio Field,attractions_and_activities,2,http://www.spaziofield.com/,,Rome,"41,8942909","12,5004519"
Spazio Fonderia 900,theatre,2,Ingen webbplats,,Rome,"41,8790504","12,525106"
Spazio Forte ,architectural_designer,2,https://spazioforte.com/,,Rome,"41,90755","12,48074"
Spazio Impero,theatre,2,Ingen webbplats,,Rome,"41,8836643","12,5432632"
Spazio Italia,community_center,2,Ingen webbplats,,Rome,"41,9215166","12,4224372"
Spazio Oxygene,cultural_center,2,https://spazioxygene.wordpress.com/,,Rome,"41,91115","12,4480318"
Spazio322,fashion,2,https://www.spazio322.com/,,Rome,"41,85586","12,49185"
Spaziodomotica,arts_and_entertainment,2,http://www.spaziodomotica.it/,,Rome,"41,890442","12,517575"
Special servizi Cooperativa di inclusione Sociale,community_services_non_profits,2,http://specialservizi.wordpress.com/,,Rome,"41,922861","12,417181"
Spedale della Provvidenza di San Giacomo e San Benedetto Labre,community_services_non_profits,2,http://www.pellegriniaroma.org/,,Rome,"41,8863638","12,4753398"
Sperimentiamo Arte Musica Teatro,theatre,2,http://www.sperimentiamo.it/,,Rome,"41,8283373","12,4928015"
Spes contra spem Onlus,community_services_non_profits,2,http://www.spescontraspem.it/,,Rome,"41,960197","12,5512445"
Sphinx Club,dance_club,2,Ingen webbplats,,Rome,"41,7433777","12,374822"
Spi Cgil Lega VIII Municipio,community_services_non_profits,2,Ingen webbplats,,Rome,"41,86602","12,49298"
Spi Cgil Roma Lazio,community_services_non_profits,2,http://www.cgillaziospi.it/,,Rome,"41,89335","12,50208"
SPIBS srl,architectural_designer,2,http://www.spibs.it/,,Rome,"41,9310277","12,4679564"
Spighe Verdi,community_services_non_profits,2,http://www.spigheverdi.net/,,Rome,"41,9202844","12,50513"
Spogliarellista,arts_and_entertainment,2,Ingen webbplats,,Rome,"41,8796","12,52024"
Sport Senza Frontiere,community_services_non_profits,2,http://www.sportsenzafrontiere.it/,,Rome,"41,867043","12,48474"
Sportello  Buonarroti eblart,community_services_non_profits,2,http://www.eblart.it/,,Rome,"41,89327","12,50203"
Sportello Antiviolenza Diana Roma,community_services_non_profits,2,http://www.associazionecotulevi.it/,,Rome,"41,91625","12,45632"
Sportello DEL Cittadino,community_services_non_profits,2,https://www.sportellodelcittadino.org/contatti/,,Rome,"41,78897","12,51454"
"Sportello DEL Cittadino"""""" via v. statella 52",community_services_non_profits,2,Ingen webbplats,,Rome,"41,85294","12,4513"
Sportello Informativo SPICO,community_services_non_profits,2,http://www.arcadinoe.it/,,Rome,"41,8753679","12,550871"
Sportello Pensionati e Cittadini,community_services_non_profits,2,Ingen webbplats,,Rome,"41,89088","12,53298"
Sportello Quelli della 68,community_services_non_profits,2,http://www.uildmlazio.org/quellidel68.html,,Rome,"41,9062119","12,4189901"
Spsk,architectural_designer,2,http://www.spsk.it/,,Rome,"41,9110749","12,5029313"
SRSN Società Romana di Scienze Naturali ETS,community_services_non_profits,2,http://www.srsn.it/,,Rome,"41,9666846","12,6066065"
SS Lazio Nuoto,community_services_non_profits,2,https://twitter.com/LazioNuoto,,Rome,"41,85483","12,4873999"
ST Arch srl,architectural_designer,2,http://www.st-arch.it/,,Rome,"41,9160823","12,6848762"
StabiliArchitetti,architectural_designer,2,http://stabiliarchitetti.com/,,Rome,"41,8935302","12,4582341"
Stamperia Ripa 69,arts_and_entertainment,2,http://www.stamperiaripa69.it/,,Rome,"41,8858632","12,4727565"
Stanleybet Giardino di Roma,arts_and_entertainment,2,Ingen webbplats,,Rome,"41,7870925","12,3933767"
Stargames Lasertag Roma,arts_and_entertainment,2,http://www.starlasergamesroma.com/,,Rome,"41,943638","12,472721"
Starlex Productions,cinema,2,Ingen webbplats,,Rome,"41,89327","12,47954"
StartNet - Transizione scuola-lavoro,community_services_non_profits,2,http://www.start-net.org/,,Rome,"41,9132703","12,4991324"
STARTT - studio di architettura e trasformazioni territoriali,architectural_designer,2,http://www.startt.it/,,Rome,"41,9006757","12,538455"
Stazione Architettura,architectural_designer,2,https://www.stazionearchitettura.com/,,Rome,"41,9100739","12,5359951"
STEP DANCE Academy ASD,community_services_non_profits,2,Ingen webbplats,,Rome,"41,8684958","12,6762215"
Steps Aba,community_services_non_profits,2,http://www.steps-aba.it/,,Rome,"41,8738751","12,5467331"
Still I Rise,community_services_non_profits,2,http://www.stillirise.org/,,Rome,"41,9298941","12,4932024"
Stonella,cultural_center,2,Ingen webbplats,,Rome,"41,8707854","12,5463352"
Stop Animal Crimes Italia,community_services_non_profits,2,https://www.stopanimalcrimesitalia.it/,,Rome,"41,88816","12,4958178"
Storici Ideali Onlus,community_services_non_profits,2,http://www.storicideali.it/,,Rome,"41,9107158","12,4495024"
Storie di Campagna,arts_and_entertainment,2,https://www.storiedicampagna.com/,,Rome,"41,9799425","12,2877069"
Stradafacendonlus,community_services_non_profits,2,http://www.stradafacendonlus.it/,,Rome,"41,897353","12,471385"
Stranolab di Castagnoli Chiara & C. Snc,fashion,2,Ingen webbplats,,Rome,"41,93102","12,51904"
Stratigrafie c.arch,architectural_designer,2,http://www.stratigrafie.it/,,Rome,"41,93224","12,52056"
Street Child Italia,community_services_non_profits,2,http://www.street-child.it/,,Rome,"41,85358","12,58108"
Strike,arts_and_entertainment,2,http://strike-spa.net,,Rome,"41,9037034","12,5349057"
Strongers Social Club,community_services_non_profits,2,https://www.strongersc.com/,,Rome,"41,905684","12,446133"
STTarch,architectural_designer,2,http://www.sttarch.it/,,Rome,"41,9260933","12,4835146"
Studenti Senza Frontiere,community_services_non_profits,2,http://www.studentisenzafrontiere.it,,Rome,"41,9671111","12,5133563"
Studio 34,fashion,2,http://www.studio34roma.it/,,Rome,"41,9971328","12,4603216"
STUDIO 4C,architectural_designer,2,https://www.facebook.com/architetturacontabilita,,Rome,"41,9319313","12,5266052"
Studio 6858,architectural_designer,2,Ingen webbplats,,Rome,"41,9618834","12,5239998"
Studio 8a,architectural_designer,2,http://www.studio8a.it/,,Rome,"41,8792321","12,461261"
Studio A&P architettura del paesaggio,architectural_designer,2,http://www.studioaep.com/,,Rome,"41,8920365","12,4766551"
Studio Adek - Arch. Giuseppe Bisceglia,fashion,2,http://www.studioadek.it/,,Rome,"41,8871008","12,5210693"
Studio AFR - Architetti Fiorentino e Riccardi,architectural_designer,2,https://www.studioarchitetturafr.it/,,Rome,"41,8968722","12,4853551"
Studio AlCubo Architetti,architectural_designer,2,http://www.studioalcubo.com/,,Rome,"41,9403867","12,5262866"
Studio Amati Architetti,architectural_designer,2,http://www.studioamati.it/,,Rome,"41,8573531","12,4956767"
Studio Arch. Carla Brenciaglia,architectural_designer,2,http://www.carlabrenciaglia.it/,,Rome,"41,8791436","12,51275"
Studio Architecture rM,architectural_designer,2,http://www.rmarchitecture.it/,,Rome,"41,9121891","12,4936242"
Studio Architetti Bollati,architectural_designer,2,http://www.bollati.org/,,Rome,"41,823631","12,4877358"
Studio Architetti Scanzani D'Andria,architectural_designer,2,https://www.dsdstudio.it/,,Rome,"41,9177424","12,5128552"
Studio Architettura  Zacutti,architectural_designer,2,https://www.archstudiozacutti.it/,,Rome,"41,9219605","12,4994118"
Studio Architettura Andrea Fraternali,architectural_designer,2,http://studioarchitetturafraternali.com/,,Rome,"41,9394555","12,5117212"
Studio Architettura AYD,architectural_designer,2,http://www.ayd.it/,,Rome,"41,8802717","12,5217067"
Studio Architettura D'Agostino ,architectural_designer,2,https://www.dagostinoarchitetto.it/,,Rome,"41,7903043","12,4652293"
Studio Architettura DA,architectural_designer,2,http://www.architettoromada.it/,,Rome,"41,8793499","12,5690527"
Studio Architettura Marina Stanziale,architectural_designer,2,http://www.officinedesarc.it,,Rome,"41,933657","12,520675"
Studio architettura Mario Sacco,architectural_designer,2,http://www.studioarcrea.com/,,Rome,"41,9190175","12,4433553"
Studio architettura progettazione 2BR,architectural_designer,2,https://sitoaziendale.wixsite.com/2br-architettura,,Rome,"41,90516","12,54957"
Studio Architettura Tender Unit,architectural_designer,2,Ingen webbplats,,Rome,"41,8349288","12,4896674"
Studio Arco,arts_and_entertainment,2,Ingen webbplats,,Rome,"41,8962179","12,4713466"
Studio Arsarc,architectural_designer,2,http://www.arsarc.it/,,Rome,"41,9140903","12,5212452"
Studio Artea Srl,architectural_designer,2,http://studioartea.it,,Rome,"41,88828","12,4974693"
Studio Associato Architetti Paris e Pascucci,architectural_designer,2,https://www.parispascucci.it/,,Rome,"41,8561401","12,4733316"
Studio associato di Architettura e Ingegneria -  Resta e Picciarelli,architectural_designer,2,http://www.linkedin.com/pub/concetta-resta/3b/358/10,,Rome,"41,8803356","12,5086224"
Studio associato di architettura Micocci,architectural_designer,2,Ingen webbplats,,Rome,"41,9440058","12,4697654"
Studio Associato Ingaglio Architetti,architectural_designer,2,http://www.studioingaglio.com/,,Rome,"41,8938588","12,4335958"
Studio Bianchi Architettura,architectural_designer,2,http://www.studiobianchiarchitettura.com/,,Rome,"41,8655287","12,505598"
Studio Bordi,architectural_designer,2,http://www.studiobordi.it/,,Rome,"41,8956892","12,4903595"
Studio Bordoni - Architettura & Servizi,architectural_designer,2,Ingen webbplats,,Rome,"41,8530661","12,4944657"
Studio Caivano Roma,community_services_non_profits,2,http://www.studiocaivanoroma.it/,,Rome,"41,8636979","12,4643308"
Studio Cappellanti,architectural_designer,2,http://www.cappellanti.com/,,Rome,"41,803717","12,4421078"
Studio Celletti,architectural_designer,2,http://www.studiocelletti.it/,,Rome,"41,8724766","12,4460131"
Studio Celletti architetti,architectural_designer,2,http://www.federicocelletti.it/,,Rome,"41,8908371","12,4700233"
Studio Coni Stella,cultural_center,2,http://www.lafrangia.com/,,Rome,"41,88932","12,52797"
Studio Cordisco,architectural_designer,2,http://www.studiocordisco.it/,,Rome,"41,8752335","12,4454939"
Studio CREA,architectural_designer,2,Ingen webbplats,,Rome,"41,8739628","12,4520762"
Studio d'Architettura Di Martino,architectural_designer,2,http://www.architettodimartino.it/,,Rome,"41,9210096","12,5193247"
Studio D'Architettura Massimiliano Mercadante,architect,2,https://www.studioarchitetturamercadante.it/,,Rome,"41,9109385","12,5447599"
Studio D'Artibale,architectural_designer,2,http://www.dartibale.it/,,Rome,"41,8953545","12,4977563"
Studio dell'architetto Pinardi,architectural_designer,2,https://www.architetto.name/,,Rome,"41,8741025","12,4881181"
Studio Dentistico Matta Michele,library,2,Ingen webbplats,,Rome,"41,7821088","12,3402836"
Studio di Architettura AMisura,architectural_designer,2,http://www.studioamisura.com/,,Rome,"41,9355939","12,5301834"
Studio di Architettura Andrea Golisano,architectural_designer,2,http://www.architettoandreagolisano.com/contatti/,,Rome,"41,9134128","12,5471792"
Studio di architettura Angiola,arts_and_entertainment,2,http://www.studioangiola.it/,,Rome,"41,8368899","12,48982"
Studio di Architettura Architetto Ilaria Montella,architectural_designer,2,Ingen webbplats,,Rome,"41,8882578","12,5059862"
Studio di architettura Barbato,architectural_designer,2,https://www.studioarchitettobarbato.com/,,Rome,"41,8740026","12,4609444"
Studio di Architettura Ciemme Design,architectural_designer,2,Ingen webbplats,,Rome,"41,91756","12,46912"
Studio di Architettura Fabio Valente,architectural_designer,2,https://www.fabiovalente.it/,,Rome,"41,9262518","12,4619945"
Studio Di Architettura Filippo Bombace,architectural_designer,2,http://www.filippobombace.com/,,Rome,"41,9315666","12,5384806"
Studio di Architettura Forniti,architect,2,,,Rome,"41,87738194","12,52649629"
Studio di Architettura Gentili Luigi Pierpaoli Valeria,architectural_designer,2,http://www.studiogentilipierpaoli.com/,,Rome,"41,8690562","12,4495204"
Studio di Architettura GRAM34,architectural_designer,2,http://Www.gram34.com/,,Rome,"41,94713","12,514"
Studio di Architettura Leonardo Fanelli,architectural_designer,2,Ingen webbplats,,Rome,"41,894464","12,436787"
Studio di Architettura S. Manca,architectural_designer,2,http://www.habitissimo.it/studio-di-architettura-s-manca,,Rome,"41,962571","12,455683"
Studio di Architettura Virgili Architetto Alessio Virgili,architectural_designer,2,https://www.alessiovirgiliarchitetto.it/,,Rome,"41,8757565","12,5051645"
Studio di Architettura Virgili Architetto Alessio Virgili,architectural_designer,2,http://www.alessiovirgiliarchitetto.it,,Rome,"41,8894609","12,5697932"
Studio di Consulenza Ing. Stefano Crivelli,fashion,2,http://www.crivelliconsulenze.it/,,Rome,"41,8462983","12,5479896"
Studio Domino,architectural_designer,2,http://www.dominodesign.it/,,Rome,"41,9105965","12,4476533"
Studio FO(u)RMA srl,architectural_designer,2,http://www.studio4ma.it/,,Rome,"41,8873265","12,5340341"
Studio Francesco Casagrande,architectural_designer,2,http://www.francescocasagrande.it/,,Rome,"41,7322948","12,2866326"
Studio GAD,architectural_designer,2,http://www.studiogad.it/,,Rome,"41,9032309","12,4384951"
Studio Gemma Progettazione,architect,2,http://www.studiogemma.it/,,Rome,"41,909754","12,5071872"
Studio Goldbeat,general_festivals,2,https://www.goldbeat.it/,,Rome,"41,9085096","12,3907599"
Studio GTP architetti,architectural_designer,2,https://www.instagram.com/gtp.architetti?igsh=MWpnYWgxZ3o2aWFmcQ%3D%3D&utm_source=qr,,Rome,"41,9403803","12,5424918"
Studio Guglielmi,architectural_designer,2,http://guglielmiarchitetto.com/,,Rome,"41,9390374","12,5629453"
Studio integrato di architettura e paesaggio,architectural_designer,2,http://www.studiointegratoarchi.com/,,Rome,"41,7388521","12,2851072"
Studio LDL,architectural_designer,2,http://www.ekod.eu/,,Rome,"41,7916082","12,4081103"
Studio M&R,architectural_designer,2,http://www.mrarchitetti.it/,,Rome,"41,768717","12,308898"
Studio MAB_Manuele Architetto Bertuccelli,architectural_designer,2,https://www.manuelearchitettobertuccelli.com/,,Rome,"41,7935109","12,5294621"
Studio Magrelli,architectural_designer,2,Ingen webbplats,,Rome,"41,9025256","12,4213614"
Studio Marincola Architects,architectural_designer,2,http://www.studiomarincola.com/,,Rome,"41,9040794","12,4775"
Studio Maschera d'Apollo Srl,fashion,2,http://www.mascheradapollo.com/,,Rome,"41,9208891","12,4431993"
Studio Mezzacane,architectural_designer,2,http://www.studiomezzacane.it/,,Rome,"41,9238235","12,4986498"
Studio Millecento,architectural_designer,2,http://www.studiomillecento.com/,,Rome,"41,9079844","12,4561775"
Studio Morelletti Arch. Benedetta - Progettazioni Pratiche catastali Ristrutturazioni,architect,2,,,Rome,"41,97546","12,42524"
Studio Nebula,architectural_designer,2,http://www.studionebula.it/,,Rome,"41,8631541","12,480607"
Studio Nema,architectural_designer,2,http://www.nemastudio.com/,,Rome,"41,9236766","12,4695125"
Studio Pasquinangeli,architectural_designer,2,https://www.architettopasquinangeli.it/,,Rome,"41,872635","12,4517227"
Studio Pinci Architettura,architectural_designer,2,https://www.studiopinciarchitettura.com/,,Rome,"41,8936398","12,4799813"
Studio Pisani 28,cultural_center,2,www.sarabernabucci.it,,Rome,"41,90849","12,4489"
Studio Più,architectural_designer,2,http://www.iacoarchitect.com/,,Rome,"41,8892632","12,5367563"
Studio polimedico sociale,community_services_non_profits,2,http://odmonlus.org/,,Rome,"41,920606","12,4159988"
Studio Politecnico Campana,architectural_designer,2,https://politecnicocampana.it/,,Rome,"41,8781067","12,5391947"
Studio Racheli Architetti,architectural_designer,2,http://www.studioracheliarchitetti.it/,,Rome,"41,8808599","12,4798007"
Studio Rhome Club,dance_club,2,http://www.rhomerestaurant.it/,,Rome,"41,9052282","12,4773728"
STUDIO RISO architettura e tecnica edilizia,architectural_designer,2,http://www.studioriso.net/,,Rome,"41,9214143","12,4836096"
Studio SALES di Norberto Ruggeri,museum,2,http://www.studiosales.it/,,Rome,"41,8917824","12,5032934"
Studio Saponetti,architectural_designer,2,http://www.studiosaponetti.com/,,Rome,"41,8834492","12,4668065"
Studio SDL,architectural_designer,2,http://www.studiosdl.it/,,Rome,"41,8596994","12,6776996"
Studio SenzaForma,architectural_designer,2,http://www.senzaforma.com/,,Rome,"41,8901501","12,5105726"
Studio Sforza Architetti Associati,architectural_designer,2,http://www.studiosforza.org/,,Rome,"41,9205054","12,5101863"
Studio spta,architectural_designer,2,http://www.spta.it,,Rome,"41,8822076","12,5395606"
Studio Star,architectural_designer,2,http://www.stararchitetti.it/,,Rome,"41,8708857","12,5147697"
Studio TAD,architectural_designer,2,http://www.studiotad.it/,,Rome,"41,8759148","12,5183775"
Studio Tassi Architetto,architectural_designer,2,http://www.studiotassi.com/,,Rome,"41,8994403","12,3160105"
Studio Tecnico  Geom. Carlo Pesce,architectural_designer,2,http://www.carlopesce.it/,,Rome,"41,8526557","12,5895446"
Studio Tecnico - Geom.Gianluca Costantini,architectural_designer,2,Ingen webbplats,,Rome,"41,8851254","12,5634345"
Studio tecnico Arch. Erika Zamprogno,architectural_designer,2,Ingen webbplats,,Rome,"41,8892854","12,519941"
Studio tecnico Arch. Ernani Rossetti,architectural_designer,2,http://www.ernanirossettiarchitetto.com/,,Rome,"41,8911508","12,5283432"
Studio Tecnico Bastianelli,architectural_designer,2,https://www.studiotecnicobastianelli.it/,,Rome,"41,9215924","12,458166"
Studio Tecnico Cellitti,architectural_designer,2,Ingen webbplats,,Rome,"41,8947891","12,561599"
Studio Tecnico e di Progettazione Tantino,architectural_designer,2,http://www.studiotantino.it/,,Rome,"41,8816935","12,3595218"
Studio Tecnico Fasano,architectural_designer,2,http://www.studiotecnicofasano.it/,,Rome,"41,9137867","12,6703135"
Studio Tecnico Fiume Arch. Federico Bioarchitettura e Progettazione Architetto -Roma,architect,2,,,Rome,"41,92862","12,51212"
Studio Tecnico Meliffi - Geometra Roma,architectural_designer,2,http://www.studiomeliffi.it/,,Rome,"41,8917999","12,5506595"
Studio Tecnico Progetto Futuro,architectural_designer,2,Ingen webbplats,,Rome,"41,73575","12,28054"
"Studio Tecnico Sarti - Architettura, Ingegneria e Amministrazione Condomini",architectural_designer,2,https://www.studiotecnicosarti.com/chi-siamo,,Rome,"41,8670028","12,586069"
Studio Tecnico Spaccasassi,architectural_designer,2,Ingen webbplats,,Rome,"41,7793653","12,3305933"
Studio Tecnico Talenti,architectural_designer,2,https://studiotecnicotalenti.it/,,Rome,"41,9437346","12,5483495"
Studio Tecnico Tangini,architectural_designer,2,Ingen webbplats,,Rome,"41,8731355","12,514556"
Studio Tecnico VD - Architettura - Interior Design,architectural_designer,2,Ingen webbplats,,Rome,"41,8594127","12,5631848"
Studio Tecnico Vulcano,architectural_designer,2,http://www.studiotecnicovulcano.it/,,Rome,"41,8742296","12,6454815"
Studio Tiberi - Progettazione e Realizzazioni Architettoniche -,architectural_designer,2,http://www.tiberistudio.it/,,Rome,"41,8872604","12,5189348"
Studio Transit,architectural_designer,2,http://www.studiotransit.com/,,Rome,"41,8708554","12,4784632"
Studio Valle Progettazioni,architectural_designer,2,http://www.studiovalle.com/,,Rome,"41,9200946","12,4575349"
Studio Varuna,museum,2,Ingen webbplats,,Rome,"41,9118036","12,5046823"
Studio Violo,architectural_designer,2,Ingen webbplats,,Rome,"41,9139102","12,4620843"
Studio Virgili - Architetto Alessio Virgili,architect,2,http://www.alessiovirgiliarchitetto.it/,,Rome,"41,88946152","12,5697403"
Studio Zaccardini,architectural_designer,2,http://studiozaccardini.wordpress.com/,,Rome,"42,0816303","12,3382849"
STUDIO.in L'Officina di MaRò,architectural_designer,2,http://www.malabruzzirossella.com/,,Rome,"41,911056","12,456625"
Studio2Archi - studio d'Architettura,architectural_designer,2,http://www.studio2archi.com/,,Rome,"41,9171583","12,5077989"
studioARtec,architectural_designer,2,http://www.studioartec.it/,,Rome,"41,9742712","12,4282768"
StudioCORBELLI,architectural_designer,2,https://studiocorbelli.it/,,Rome,"41,9413727","12,5290719"
Studiodarm Architetti,architectural_designer,2,http://www.studiodarm.it/,,Rome,"41,9038434","12,4749491"
Studiodiciannove,architectural_designer,2,Ingen webbplats,,Rome,"41,9121438","12,4759115"
StudioFranzetti,architectural_designer,2,http://www.studiofranzetti.it/,,Rome,"41,8994737","12,436223"
StudioKami Architetti,architectural_designer,2,http://www.studiokami.it/,,Rome,"41,9262473","12,5376197"
Studiomgl srl,architectural_designer,2,http://www.studiomgl.com/,,Rome,"41,8882861","12,5242286"
Studiomidroma,architectural_designer,2,http://www.studiomidroma.com/,,Rome,"41,9067602","12,4461321"
StudioRauco,architectural_designer,2,http://www.studiorauco.it/,,Rome,"41,8766456","12,4740798"
Studiotamat,architectural_designer,2,http://www.studiotamat.com/,,Rome,"41,9112448","12,4510651"
studiozerodue,architectural_designer,2,http://www.studiozerodue.com/,,Rome,"41,8611197","12,4649936"
SubstratumStudio,architectural_designer,2,http://www.substratum.it/,,Rome,"41,8945846","12,4954042"
Sud del Mondo,community_services_non_profits,2,http://www.suddelmondo.it/,,Rome,"41,9219956","12,456404"
Sudgestaid Scarl,community_services_non_profits,2,http://www.sudgestaid.it/,,Rome,"41,91824","12,52689"
Sulla Strada OdV,community_services_non_profits,2,http://www.sullastrada.org/,,Rome,"41,9055365","12,5590143"
SuperAbile,community_services_non_profits,2,https://superabile.net/,,Rome,"41,939504","12,575092"
Superdry Outlet,designer_clothing,2,https://stores.superdry.com/it/roma/unit-38/39?utm_source=ExtNet&utm_medium=Yext,,Rome,"41,7190802","12,4486155"
Support 81 Eternal City,community_services_non_profits,2,http://it-it.facebook.com/EternalCity81,,Rome,"41,8630181","12,4782581"
SURF Engineering srl URBAN Design & Landscape,architectural_designer,2,Ingen webbplats,,Rome,"41,874331","12,4897109"
Susan G. Komen Italia,community_services_non_profits,2,http://www.komen.it/,,Rome,"41,9205776","12,4576824"
Sussidiaria,community_services_non_profits,2,http://www.sussidiaria.it/,,Rome,"41,8753979","12,4864349"
Svadhyaya Associazione Olistica,community_services_non_profits,2,Ingen webbplats,,Rome,"41,88451","12,54057"
sVejo,cultural_center,2,Ingen webbplats,,Rome,"42,0695025","12,3563369"
SVS sede di Roma,community_services_non_profits,2,http://www.svsitalia.it/,,Rome,"41,8981","12,53844"
Sweet Home Gallery,arts_and_entertainment,2,Ingen webbplats,,Rome,"41,92315","12,48038"
Sweet Leaf 100C,cultural_center,2,Ingen webbplats,,Rome,"41,8889102","12,563518"
Swingers Club69 Roma,dance_club,2,http://swingersclub69.com/,,Rome,"41,8828879","12,5140873"
Swiss Institute Rome,arts_and_entertainment,2,Ingen webbplats,,Rome,"41,906493","12,4876868"
Sycamore Architecture Research,architectural_designer,2,http://www.sycamore.it/,,Rome,"41,8542353","12,4577255"
Syrus Industry,newspaper_and_magazines_store,2,https://syrusindustry.com/,,Rome,"41,8172146","12,6006735"
T-essere il territorio,community_services_non_profits,2,http://www.intersos.org/,,Rome,"41,96494","12,40254"
T.E.D. Technology and Engineering Design Srls,architectural_designer,2,http://www.tedarchitettura.it/,,Rome,"41,87534","12,52997"
Tabaccheria da Davide,newspaper_and_magazines_store,2,Ingen webbplats,,Rome,"41,90206","12,41354"
Tabaccheria Spalmach,newspaper_and_magazines_store,2,,,Rome,"41,881501","12,5402665"
Tabularasa srl,arts_and_entertainment,2,http://www.tabvlarasa.com/,,Rome,"41,8953571","12,5182241"
Tale e Quale Show,movie_television_studio,2,Ingen webbplats,,Rome,"41,9411714","12,5475602"
Taloni Arte - TREND HOME DECOR,arts_and_crafts,2,http://www.trend17.it/,,Rome,"41,8316045","12,4946696"
TalyFood,library,2,Ingen webbplats,,Rome,"41,89393","12,4876"
Tana dei Goblin Roma,community_services_non_profits,2,https://www.goblins.net/,,Rome,"41,9111647","12,4479322"
Tanzi Architecture,architectural_designer,2,https://www.tanziarchitecture.com/,,Rome,"41,8758752","12,5404671"
Tappami,community_services_non_profits,2,https://twitter.com/Ass_Tappami,,Rome,"41,8880925","12,5045133"
TarGet Roma,dance_club,2,https://instagram.com/target_roma/,,Rome,"41,8709106","12,4762802"
TARI-Architects,architectural_designer,2,http://www.tari-architects.com/contacts/,,Rome,"41,91994","12,51277"
Tasselli Cashmere Factory Shop,designer_clothing,2,http://www.tassellicashmere.com/,,Rome,"41,9077017","12,4896207"
Team Garden 2001,dance_club,2,https://www.teamgarden2001.it/,,Rome,"41,84482","12,57471"
Teatro dell'Arte Italiana,community_services_non_profits,2,http://www.teatrodellarteitaliana.com/,,Rome,"41,9484385","12,5452427"
TEBRO  - Biancheria dal 1867,fashion,2,https://www.tebro.it,,Rome,"41,9025532","12,477339"
Tecnicon s.r.l.,art_restoration,2,http://www.tecniconrestauro.it/,,Rome,"41,8965522","12,4505243"
TEDi,arts_and_crafts,2,Ingen webbplats,,Rome,"41,8480124","12,6081445"
TEDi Anagnina,arts_and_crafts,2,Ingen webbplats,,Rome,"41,83547","12,59545"
TEDxLuiss,arts_and_entertainment,2,https://tedxluiss.net/,,Rome,"41,9193575","12,5107498"
Telefono Rosa,community_services_non_profits,2,http://www.telefonorosa.it/,,Rome,"41,91518","12,4625241"
Telefono Viola.,community_services_non_profits,2,http://www.telefonoviola.it/CHI-SIAMO,,Rome,"41,8918367","12,5087109"
Televita,community_services_non_profits,2,http://www.televita.org/,,Rome,"41,947045","12,5169885"
Tempio di Romolo,museum,2,Ingen webbplats,,Rome,"41,8918872","12,4872369"
Tempo Luxury Boutique,fashion,2,Ingen webbplats,,Rome,"41,885261","12,5102299"
Tenda dei Popoli ONLUS,community_services_non_profits,2,http://www.latendadeipopoli.it/,,Rome,"41,7392032","12,2784237"
Tennis For Africa,community_services_non_profits,2,http://www.tennisforafrica.org/,,Rome,"41,9599153","12,4795789"
Tenuta del Presidente,attractions_and_activities,2,Ingen webbplats,,Rome,"41,775171","12,3972021"
Teorema Associazione Culturale,community_services_non_profits,2,http://www.associazione-teorema.it/,,Rome,"41,8957373","12,4695977"
Termini Underground,arts_and_entertainment,2,http://alionlus.blogspot.com/,,Rome,"41,899","12,50686"
Termini Underground Studio,arts_and_entertainment,2,Ingen webbplats,,Rome,"41,9006059","12,499753"
Terra di Ars,architectural_designer,2,http://www.terradiarsbenefit.it/,,Rome,"41,8946628","12,4954146"
Tessura Studio,fashion,2,Ingen webbplats,,Rome,"41,88768","12,46871"
Testaccio Estate,arts_and_entertainment,2,Ingen webbplats,,Rome,"41,8747646","12,473769"
TestaccioinTesta,community_services_non_profits,2,http://www.testacciointesta.eu/,,Rome,"41,87808","12,47383"
Tetezana APS - Ponte tra Italia e Madagascar,community_services_non_profits,2,http://www.tetezanaonlus.org/,,Rome,"41,8996624","12,4962082"
TGS Nazionale,community_services_non_profits,2,https://linktr.ee/turismogiovanilesociale,,Rome,"41,87544","12,53076"
That's Amore,dance_club,2,Ingen webbplats,,Rome,"41,8342407","12,4705431"
The Apartment - coworking & cobaby in Rome,community_services_non_profits,2,https://www.ciape.it/ciape/the-apartment/,,Rome,"41,8417916","12,4813995"
The Bridge,community_services_non_profits,2,Ingen webbplats,,Rome,"41,91204","12,53614"
The Commonwealth Club of Rome,community_services_non_profits,2,http://www.commonwealthclubrome.org/,,Rome,"41,91821","12,48103"
The Door - Escape Rome: the first Live Investigation Game in Rome,arts_and_entertainment,2,http://bit.ly/escaperoomROMA,,Rome,"41,8913175","12,5010806"
The Enriques English Theatre,theatre,2,Ingen webbplats,,Rome,"41,73475","12,28911"
The Garrison Club,dance_club,2,Ingen webbplats,,Rome,"41,8953645","12,5136797"
The Happy Place,arts_and_crafts,2,https://www.thehappyplace.shop/,,Rome,"41,8574396","12,5580575"
The James Joyce Italian Foundation,community_services_non_profits,2,http://thejamesjoyceitalianfoundation.wordpress.com/,,Rome,"41,852584","12,474342"
The Mall Store Rome,fashion,2,Ingen webbplats,,Rome,"41,8454493","12,6189026"
The Manhattan Omaggio,dance_club,2,Ingen webbplats,,Rome,"41,8772895","12,4757269"
The Modern Age,fashion,2,Ingen webbplats,,Rome,"41,8273054","12,4825814"
The NEST - Architettura & Design,architectural_designer,2,https://www.instagram.com/the_nest_architettura_e_design/,,Rome,"41,929527","12,5283637"
The New Chamber Singers,community_services_non_profits,2,Ingen webbplats,,Rome,"41,9082163","12,4789959"
The Random,dance_club,2,https://www.therandompub.it/,,Rome,"41,8934567","12,5110309"
The Three Tenors Opera,opera_and_ballet,2,Ingen webbplats,,Rome,"41,9011094","12,4942068"
The Tiber,community_services_non_profits,2,Ingen webbplats,,Rome,"41,92768","12,46427"
The Wood Alchemist - Simone Castelli,architectural_designer,2,http://www.thewoodalchemist.com/,,Rome,"41,8882918","12,4946847"
TheBox,dance_club,2,Ingen webbplats,,Rome,"41,8744432","12,4789766"
These Hands Melt,record_label,2,https://linkin.bio/these_hands_melt,,Rome,"41,935741","12,4198104"
Thinkpinkmanagement,arts_and_entertainment,2,http://www.thinkpinkmanagement.it/,,Rome,"41,9020203","12,4986422"
Thormax - Piattaforma Distribuzione Ferramenta e Gruppo Affiliazione,arts_and_crafts,2,http://www.thormax.it/,,Rome,"41,86638","12,59244"
Ti meriti tempo,community_services_non_profits,2,http://www.timerititempo.org/,,Rome,"41,94256","12,53638"
Ticket Point,arts_and_entertainment,2,http://magicsoundroma.wix.com/biglietti,,Rome,"41,8730666","12,5277035"
TIM SPA,community_services_non_profits,2,http://www.tim.it/assistenza/i-consumatori/info-consumatori-fisso/contatti,,Rome,"41,911173","12,496389"
Timbuctù,arts_and_entertainment,2,http://www.timbuctu.net/,,Rome,"41,90963","12,538494"
Tintoria 1000 bolle blu,fashion,2,Ingen webbplats,,Rome,"41,8729311","12,4466439"
Tintoria e Lavanderia fast service GL. EM. sec,fashion,2,Ingen webbplats,,Rome,"41,8852692","12,4605608"
Tipiattivi,community_services_non_profits,2,https://sites.google.com/site/tipiattivi/,,Rome,"41,92183","12,55087"
tipografia copisteria legatoria timbri giannotti,newspaper_and_magazines_store,2,http://www.tipografiagiannotti.it/,,Rome,"41,91259","12,47416"
Tipolitografia Grafica 90,bookbinding,2,http://www.grafica90.it/,,Rome,"41,8901585","12,5685394"
Tips_tap_,fashion,2,Ingen webbplats,,Rome,"41,89588","12,50507"
TL 180,fashion,2,http://www.tl-180.com/,,Rome,"41,8964555","12,4640878"
Tlon,cultural_center,2,http://www.tlon.it/,,Rome,"41,8710915","12,4820687"
Toastmasters Roma,community_services_non_profits,2,http://www.toastmastersroma.com/,,Rome,"41,8296951","12,4834252"
Together let's Help the Community,community_services_non_profits,2,http://shop.coopthc.org/,,Rome,"41,8969205","12,5575017"
Tomba di Cecilia Metella,museum,2,http://www.archeoroma.beniculturali.it,,Rome,"41,852019","12,520926"
Top Shirt,arts_and_crafts,2,http://www.topshirtroma.it/,,Rome,"41,9217368","12,4166948"
TorPiùBella,community_services_non_profits,2,Ingen webbplats,,Rome,"41,8688342","12,645016"
Torrisi & Procopio Architetti,architectural_designer,2,https://www.instagram.com/torrisiprocopioarchitetti/,,Rome,"41,9172655","12,4564181"
Toscana Pelletteria S R L,fashion,2,Ingen webbplats,,Rome,"41,90628","12,4807995"
Tota Pulchra,community_services_non_profits,2,http://totapulchra.org/,,Rome,"41,8895202","12,4685863"
Touch Wood Club / Rome Wasn't Built In A Day,dance_club,2,Ingen webbplats,,Rome,"41,8945357","12,5092597"
Tour virtuali dei Musei Vaticani,museum,2,https://www.cappellasistintour.online/,,Rome,"41,90241","12,45843"
Tourette Roma Onlus,community_services_non_profits,2,http://www.touretteroma.it/,,Rome,"41,8283466","12,4899711"
Toys Center,newspaper_and_magazines_store,2,http://www.toyscenter.it/,,Rome,"41,951428","12,527438"
Tra le righe,community_services_non_profits,2,https://associazionetralerighe.com/,,Rome,"41,8553038","12,4896671"
Transitio,architectural_designer,2,http://www.colasantonobile.it/,,Rome,"41,8611191","12,4947663"
Transition Town Roma Appio Latino,community_services_non_profits,2,http://transitiontownappiolatino.wordpress.com/,,Rome,"41,87936","12,51752"
Trasportounito Fiap,community_services_non_profits,2,http://www.trasportounito.org/,,Rome,"41,92519","12,49587"
Trekking Roma,community_services_non_profits,2,https://trekkingroma.it/,,Rome,"41,8684103","12,5384903"
Trenta7,fashion,2,https://trenta7.com/,,Rome,"41,93915","12,4700399"
Trevi Fountain - Fontana Di Trevi - Roma,arts_and_entertainment,2,Ingen webbplats,,Rome,"41,9136551","12,618009"
Trimarchi Design & Architecture,architectural_designer,2,http://www.trimarchidesign.it/,,Rome,"41,7355685","12,3647584"
Trimundo,community_services_non_profits,2,http://www.trimundo.eu/,,Rome,"41,8837","12,53494"
TROPICS,arts_and_entertainment,2,Ingen webbplats,,Rome,"41,8400917","12,4650202"
"tuscolana,roma",urban_farm,2,Ingen webbplats,,Rome,"41,8618072","12,5526388"
Tutelati Associazione Consumatori - Sede di Roma,community_services_non_profits,2,http://www.tutelati.org/,,Rome,"41,874629","12,48025"
Tutti giù per Terra Onlus,community_services_non_profits,2,http://www.tuttigiuperterra.org/,,Rome,"41,8964273","12,4565136"
UAAR Unione degli Atei e degli Agnostici Razionalisti,community_services_non_profits,2,https://www.uaar.it/,,Rome,"41,8702965","12,4833769"
UAI Unione Artigiani Italiani-Roma Cinecittà,community_services_non_profits,2,Ingen webbplats,,Rome,"41,8504421","12,5883345"
Ublae - Unione Banqueting Location Allestimenti Eventi,community_services_non_profits,2,https://www.ublae.it/,,Rome,"41,8824064","12,514643"
UCCA,community_services_non_profits,2,https://www.uccaarci.com/,,Rome,"41,9108313","12,5370839"
UCEMI - Unione Cristiana Enti Migranti Italiani,community_services_non_profits,2,Ingen webbplats,,Rome,"41,8898356","12,4081325"
UCI - Unione Consumatori Italiani,community_services_non_profits,2,Ingen webbplats,,Rome,"41,92523","12,51572"
UCID Nazionale,community_services_non_profits,2,https://www.ucid.it/,,Rome,"41,9005733","12,4753774"
UCIIM,community_services_non_profits,2,http://www.uciim.it/,,Rome,"41,9055233","12,4651796"
UCRI Unione Comunità Romanès in Italia,community_services_non_profits,2,http://www.ucri.eu/,,Rome,"41,8967775","12,5104431"
UCSI - Unione Consorzi Stabili Italiani,community_services_non_profits,2,https://www.unioneconsorzistabili-ucsi.it/,,Rome,"41,90359","12,48818"
UCSI Nazionale,community_services_non_profits,2,http://www.ucsi.it/,,Rome,"41,9027332","12,4786144"
Ud gdp-Unità Democratica Giudici di Pace,community_services_non_profits,2,http://www.unitademocraticagiudicidipace.it/,,Rome,"41,9190755","12,455548"
UDI - Unione Donne in Italia,community_services_non_profits,2,http://www.udinazionale.org/,,Rome,"41,8942447","12,46555"
Udicon - Sede Zonale Roma Monteverde,community_services_non_profits,2,Ingen webbplats,,Rome,"41,8789378","12,4481084"
Udicon - Unione per la difesa dei consumatori,community_services_non_profits,2,http://udicon.org/,,Rome,"41,8908707","12,5108234"
Udicon Roma Tiburtina,community_services_non_profits,2,Ingen webbplats,,Rome,"41,9071229","12,5380892"
Ufficio Anagrafico La Storta,community_services_non_profits,2,https://www.comune.roma.it/,,Rome,"42,014625","12,3744452"
Ufficio Progetti Uisp Nazionale,community_services_non_profits,2,http://www.uisp.it/progetti,,Rome,"41,91216","12,57325"
UGCons Lazio,community_services_non_profits,2,https://ugconslazio.it/,,Rome,"41,89838","12,49967"
Ugl Metalmeccanici Nazionale,community_services_non_profits,2,http://www.uglmetalmeccanici.it/,,Rome,"41,9084076","12,498046"
UICI - sezione di Roma,community_services_non_profits,2,http://www.uicroma.it/,,Rome,"41,90713","12,503639"
UIF - Unione Italiana Forense,community_services_non_profits,2,http://www.unioneitalianaforense.it/,,Rome,"41,9064","12,46901"
Uila Roma Rieti Viterbo,community_services_non_profits,2,http://www.uila.eu/,,Rome,"41,91412","12,50391"
Uilcom Nazionale,community_services_non_profits,2,http://www.uilcom.it/,,Rome,"41,9168242","12,4954636"
Uildm Lazio,community_services_non_profits,2,https://uildmlazio.org/,,Rome,"41,9063619","12,4188936"
UILposte Lazio,community_services_non_profits,2,http://www.uilpostelazio.it/,,Rome,"41,8239822","12,4812071"
UIM Unione Italiani nel Mondo,community_services_non_profits,2,http://www.uim.it/,,Rome,"41,9058542","12,5014358"
UISP - Sport d'Acquaviva,community_services_non_profits,2,http://www.uisp.it/acquaviva/,,Rome,"41,91196","12,57357"
Uisp Roma Pallavolo,community_services_non_profits,2,http://www.uisp.it/roma/,,Rome,"41,8771502","12,4871647"
ULA architects,architectural_designer,2,http://www.ularchitects.com/,,Rome,"41,8734445","12,4610447"
ULAIA Arte Sud Odv,community_services_non_profits,2,https://www.ulaia.org/,,Rome,"41,889832","12,526053"
ULAMA Council of  ITALY,community_services_non_profits,2,Ingen webbplats,,Rome,"41,87958","12,54455"
ULIAS Unione Liberi Intermediari Sezione E,community_services_non_profits,2,http://www.ulias.it/,,Rome,"41,9263573","12,4617033"
ULPIA Costruzioni,architectural_designer,2,http://www.ulpiacostruzioni.com/,,Rome,"41,8728067","12,596117"
Ultime Notizie,mass_media,2,Ingen webbplats,,Rome,"41,9038988","12,4804821"
UN / DONE architectures,architectural_designer,2,http://www.undone.it/,,Rome,"41,8887485","12,4974418"
Un Ponte Per,community_services_non_profits,2,http://www.unponteper.it/,,Rome,"41,8923496","12,5011014"
Una Breccia nel Muro,community_services_non_profits,2,http://www.unabreccianelmuro.org/,,Rome,"41,9094395","12,4102255"
Una Grande Famiglia Onlus,community_services_non_profits,2,Ingen webbplats,,Rome,"41,8743731","12,5805399"
Una mano tesa ODV,community_services_non_profits,2,Ingen webbplats,,Rome,"41,8646224","12,5897256"
Una Quantum inc,community_services_non_profits,2,http://www.unaquantum.com/,,Rome,"41,8617896","12,4865258"
Una Zebra a Pois Onlus,community_services_non_profits,2,http://www.unazebraapois.org/,,Rome,"41,9070761","12,5392742"
UNAI Unione Nazionale Amministratori d'Immobili,community_services_non_profits,2,http://www.unai.it,,Rome,"41,90551","12,50208"
Unamanoperunsorriso,community_services_non_profits,2,http://www.unamanoperunsorriso.net/,,Rome,"41,789229","12,3470312"
Under The Lids,arts_and_entertainment,2,https://shop.spreadshirt.it/under-the-lids-shop/,,Rome,"41,85926","12,56052"
Underground Cinecittà,arts_and_entertainment,2,Ingen webbplats,,Rome,"41,8525846","12,5670189"
UNHCR Italia - Agenzia ONU per i Rifugiati,community_services_non_profits,2,https://www.unhcr.org/it,,Rome,"41,8941933","12,5016136"
Unicedil,community_services_non_profits,2,http://www.unicedil.eu/,,Rome,"41,93607","12,65421"
UNICI - Associazione,community_services_non_profits,2,http://www.uniciassociazione.it/,,Rome,"41,9545706","12,5484787"
UNIEcig,community_services_non_profits,2,https://www.uniecig.it/,,Rome,"41,94637","12,53123"
Unilavoratori ,community_services_non_profits,2,https://unilavoratori.sindacatofast.it/,,Rome,"41,89779","12,55164"
UNIMPRESA Lazio,community_services_non_profits,2,http://www.unimpresalazio.it/,,Rome,"41,89663","12,48142"
Unioncamere,community_services_non_profits,2,http://www.unioncamere.gov.it/,,Rome,"41,9080776","12,4971638"
Unioncasa   Regione  Lazio,community_services_non_profits,2,http://www.unioncasaregionelazio.com/,,Rome,"41,9115324","12,4558611"
Unione Cattolica Farmacisti Italiani,community_services_non_profits,2,http://www.ucfi-italia.it/,,Rome,"41,9025735","12,4627489"
Unione Europea delle Cooperative - Uecoop,community_services_non_profits,2,http://www.uecoop.org/,,Rome,"41,898277","12,4880259"
Unione forense per la tutela dei diritti umani,community_services_non_profits,2,http://www.unionedirittiumani.it/,,Rome,"41,9211577","12,4924983"
Unione Inquilini,community_services_non_profits,2,http://www.unioneinquiliniroma.it/,,Rome,"41,8971312","12,4955993"
Unione Italiana Ciechi e Ipovedenti UICI Consiglio Regionale del Lazio,community_services_non_profits,2,https://www.uiclazio.it/,,Rome,"41,9299398","12,5162426"
Unione Italiana dei Cechi Sez. Provinciale di Roma,arts_and_entertainment,2,Ingen webbplats,,Rome,"41,906558","12,503399"
Unione Italiana Tabaccai,community_services_non_profits,2,http://www.tabaccaiuniti.it/,,Rome,"41,89878","12,46763"
Unione Nazionale Consumatori,community_services_non_profits,2,http://www.consumatori.it/,,Rome,"41,910319","12,4639259"
Unione Nazionale Mutilati per Servizio,community_services_non_profits,2,https://www.unms.it/,,Rome,"41,914076","12,502478"
Unione Nazionale Mutilati per Servizio - Consiglio Regionale Lazio,community_services_non_profits,2,http://www.unmslazio.it/contact,,Rome,"41,9168","12,4598099"
Unione Nazionale Revisori Legali,community_services_non_profits,2,http://www.revisori-legali.com/,,Rome,"41,90849","12,46639"
Unione Tifosi Romanisti Onlus,community_services_non_profits,2,http://www.utronlus.com/,,Rome,"41,9093904","12,4572525"
UniPhelan - APS  aderente FIRST,community_services_non_profits,2,Ingen webbplats,,Rome,"41,85751","12,55249"
Unipromos Ets,community_services_non_profits,2,http://www.unipromos.it/,,Rome,"41,8806929","12,4691374"
Unirett Unione Italiana Rett onlus,community_services_non_profits,2,http://www.unirett.org/,,Rome,"41,9651722","12,5992775"
UNLA Sede Centrale,community_services_non_profits,2,http://unla.it/,,Rome,"41,89749","12,4704"
Unlimited-Studio,architectural_designer,2,http://www.unlimited-studio.com/,,Rome,"41,9207263","12,4651979"
UNOE,community_services_non_profits,2,http://www.unoe.it/,,Rome,"41,896531","12,4805081"
UNPLI - Servizio Civile,community_services_non_profits,2,http://www.serviziocivileunpli.net/,,Rome,"41,8726072","12,4662085"
UNRRA  CASAS Associazione Culturale,attractions_and_activities,2,Ingen webbplats,,Rome,"41,94267","12,587491"
Upcycling Roma,arts_and_crafts,2,http://www.upcyclingroma.it/,,Rome,"41,85912","12,56653"
UPEL Chateaubriand,community_services_non_profits,2,http://upelchateaubriand.com/,,Rome,"41,91284","12,47626"
URBAN-GAP,architectural_designer,2,http://www.urban-gap.it/,,Rome,"41,91367","12,54199"
URBE Volontariato e Protezione Civile,community_services_non_profits,2,http://urbe.info/,,Rome,"41,9449203","12,5311732"
Urbs Roma,fashion,2,https://www.urbs-roma.com/,,Rome,"41,8819502","12,4758966"
US Acli Roma,community_services_non_profits,2,http://www.usacliroma.it,,Rome,"41,8692078","12,4871452"
Usarci Roma,community_services_non_profits,2,http://www.usarciroma.it/,,Rome,"41,8600999","12,4934173"
Usato Firmato Nomentana Roma,fashion,2,https://romanomentana1.mercatinousato.com/,,Rome,"41,9360259","12,5381988"
Usato Firmato Roma Gregorio VII,fashion,2,https://romagregoriovii.mercatinousato.com/prodotti-negozio/usato-firmato/11c,,Rome,"41,8939816","12,4391011"
Uscita 23,community_services_non_profits,2,http://www.uscita23.it/,,Rome,"41,8366774","12,5592687"
USICONS,community_services_non_profits,2,http://www.usicons.it/,,Rome,"41,85134","12,47247"
Usmi Nazionale,community_services_non_profits,2,http://www.usminazionale.it/,,Rome,"41,9011702","12,472122"
VAAN architecture,architectural_designer,2,http://www.vaan.it/,,Rome,"41,9263192","12,5134944"
Vajradhara,arts_and_entertainment,2,Ingen webbplats,,Rome,"41,9141139","12,4499875"
Valentina Cucchiara ,fashion,2,https://instagram.com/valentinacucchiaraofficial?igshid=OGQ5ZDc2ODk2ZA%3D%3D,,Rome,"41,916157","12,369138"
Valenze,community_services_non_profits,2,https://valenze.it/,,Rome,"41,89991","12,47751"
VALLE 3.0,architectural_designer,2,http://valle3.com/,,Rome,"41,923598","12,4701508"
valle 3.0,architect,2,,,Rome,"41,9216199","12,4955707"
Vallicelli architettura,architectural_designer,2,http://www.vallicelliarchitettura.com/,,Rome,"41,9288523","12,4873344"
VAMI Roma,community_services_non_profits,2,http://www.associazionevami.it/,,Rome,"41,9144","12,4929"
Vàquelpaese Museo,museum,2,https://vaquelpaese.altervista.org/,,Rome,"41,931551","12,4746735"
Varmont Impianti Srl Autospurgo Fogne e Relining No Dig Roma e Provincia,venue_and_event_space,2,http://www.varmont-impianti.com/,,Rome,"41,9286122","12,5489051"
Varypix,arts_and_entertainment,2,http://www.varypix.it/,,Rome,"41,8850904","12,5643851"
Vatican Hill (Vaticano),attractions_and_activities,2,Ingen webbplats,,Rome,"41,903779","12,451803"
"Vatican Museum, Sistine Chapel, St. Peter's Basilica Vatican City",museum,2,Ingen webbplats,,Rome,"41,9063918","12,453764"
Vatican Museums And Sistine Chapel Entrance Ticket Booking,museum,2,https://bit.ly/VaticanMuseumsTourTickets,,Rome,"41,9030436","12,4530673"
VEGAN Animal Sanctuary SANTO Spirito-ROMA,community_services_non_profits,2,Ingen webbplats,,Rome,"41,8724529","12,3697472"
Vegan Quo Vadis? Roma,community_services_non_profits,2,http://www.veganquovadis.com/,,Rome,"41,8902979","12,4921417"
Veio Gioielli ,fashion,2,Ingen webbplats,,Rome,"41,884451","12,510297"
Vengo da Primavalle,community_services_non_profits,2,http://www.vengodaprimavalle.it/,,Rome,"41,9182179","12,4139473"
Verde Nero,fashion,2,Ingen webbplats,,Rome,"41,9082918","12,4539347"
Verderame progetto cultura,community_services_non_profits,2,http://www.verderameprogettocultura.it/,,Rome,"41,9032065","12,4888106"
Versoltre,community_services_non_profits,2,http://versoltre.hyst.eu/,,Rome,"41,9432783","12,6001169"
Vertigo School,arts_and_entertainment,2,http://www.vertigoschool.net/,,Rome,"41,8644191","12,6901907"
Vespa Museum Roma,museum,2,http://www.spaziomuseovespa.com/en/,,Rome,"41,8936888","12,4890754"
Vestire lo spazio - Daniele Giorgi Architetto,architectural_designer,2,http://www.danielegiorgi.com/,,Rome,"41,8789631","12,4782857"
Vetrate D'Arte Giuliani,arts_and_entertainment,2,http://www.vetrategiuliani.com/,,Rome,"41,8909123","12,466571"
Vetreria Mazzini,arts_and_crafts,2,http://www.vetreriamazziniroma.it/,,Rome,"41,9166127","12,4658201"
Vetri d'arte IN DOMO,arts_and_entertainment,2,http://www.vetrateindomo.it/,,Rome,"41,931045","12,522561"
VI Valentina Ilardi,fashion,2,https://valentinailardi.it/,,Rome,"41,8932656","12,4948113"
Via del Pellegrino - Roma,community_services_non_profits,2,Ingen webbplats,,Rome,"41,8970879","12,4700149"
Via della Croce,arts_and_entertainment,2,Ingen webbplats,,Rome,"41,9062591","12,479816"
Via Della Mendola,attractions_and_activities,2,Ingen webbplats,,Rome,"41,945678","12,4413354"
Via Di Monte Testaccio,dance_club,2,https://www.parkopedia.it/parcheggi/garage/monte_testaccio/00153/roma/?vendor=here,,Rome,"41,8933345","12,5010279"
Via Di Montoro 13,arts_and_entertainment,2,http://www.micheleggimann.com/,,Rome,"41,8963899","12,47009"
Via Francigena,arts_and_entertainment,2,http://fr.wikipedia.org/wiki/Via_Francigena,,Rome,"41,9031505","12,4955787"
Via Margutta - Associazione Internazionale,community_services_non_profits,2,https://www.viamargutta.art/,,Rome,"41,907924","12,480212"
Via Nazionale,fashion,2,http://vianazionale.it/,,Rome,"41,9013127","12,4940126"
Via Stendhal abbigliamento donna,designer_clothing,2,https://www.viastendhal.net/,,Rome,"41,8323741","12,4724513"
Viaggio nel Sapere,community_services_non_profits,2,Ingen webbplats,,Rome,"41,8645835","12,5536083"
Viale Maresciallo Pilsudski,circus,2,Ingen webbplats,,Rome,"41,9249708","12,4720577"
"Viale Romania - Roma, Italia",arts_and_entertainment,2,Ingen webbplats,,Rome,"41,92397","12,49265"
Viavai social,community_services_non_profits,2,http://www.ufficio-viavai.eu/,,Rome,"41,9132517","12,499409"
VIC-Volontari In Carcere,community_services_non_profits,2,https://www.vic-odv.org/,,Rome,"41,9400291","12,5382214"
Vicious Eventi Roma,dance_club,2,http://www.viciousclub.com/it/contatti/,,Rome,"41,8924946","12,5128391"
Victor Sodano Studio,arts_and_entertainment,2,http://www.vittoriosodano.studio/,,Rome,"41,90179","12,53521"
Victor Victoria Aperitivo Lgbtq+,arts_and_entertainment,2,http://www.ellingtonclubroma.com/,,Rome,"41,8837085","12,5347996"
Videostar,arts_and_entertainment,2,Ingen webbplats,,Rome,"41,908843","12,459767"
Vides Associazione Internazionale di Volontariato,community_services_non_profits,2,http://www.vides.org/,,Rome,"41,8958955","12,4493469"
VIGAMUS - The Video Game Museum of Rome,video_game_store,2,http://www.vigamus.com/,,Rome,"41,917029","12,4592638"
Villa Ada,attractions_and_activities,2,http://www.villaada.org/,,Rome,"41,9323633","12,502239"
Villa Appia Antica,venue_and_event_space,2,http://www.villappiantica.com/,,Rome,"41,8314295","12,5423518"
"Villa Borghese, Roma",museum,2,Ingen webbplats,,Rome,"41,911282","12,4874917"
Villa Celimontana,attractions_and_activities,2,http://www.turismoroma.it,,Rome,"41,8838797","12,4952185"
Villa Livia - Appia Antica,venue_and_event_space,2,http://www.villalivia-appiaantica.it/,,Rome,"41,8394157","12,5349858"
Villa Massimo Roma,arts_and_entertainment,2,http://www.villamassimo.de/de/kontakt,,Rome,"41,9164232","12,5193601"
Villa Matrix,community_services_non_profits,2,https://www.villamatrix.it/,,Rome,"41,8829855","12,5142167"
Villa Nazareth,community_services_non_profits,2,https://sostieni.villanazareth.org/,,Rome,"41,9064489","12,4248474"
Villa Pamphili,attractions_and_activities,2,http://www.villapamphili.it/,,Rome,"41,8818452","12,440764"
Villa Pamphili Dogs,attractions_and_activities,2,Ingen webbplats,,Rome,"41,88012","12,44895"
Village lifestyle ,cultural_center,2,Ingen webbplats,,Rome,"41,86667","12,62024"
Villaggio 95,community_services_non_profits,2,http://www.villaggio95.it/,,Rome,"41,9011431","12,5385619"
Villaggio dei Bambini,community_services_non_profits,2,Ingen webbplats,,Rome,"41,93427","12,47019"
"Villaggio dell'ospitalità ""un sorriso una mano tesa""",community_services_non_profits,2,Ingen webbplats,,Rome,"41,7607472","12,5646964"
Villaggio DI BABBO Natale 2019,arts_and_entertainment,2,http://labspazioeventi.it/,,Rome,"41,9991024","12,4788755"
Villaggio Emanuele,community_services_non_profits,2,Ingen webbplats,,Rome,"41,979666","12,5283679"
Villaggio falcone Ponte di nona,attractions_and_activities,2,Ingen webbplats,,Rome,"41,89658","12,67678"
Villaggio VIP -Foro Italico- Roma,arts_and_entertainment,2,http://www.centosgroup.it/,,Rome,"41,9270618","12,456913"
VillaMood,community_services_non_profits,2,https://www.villamood.it/,,Rome,"41,8427409","12,409842"
VIMAR SRL,architectural_designer,2,http://www.vimaredilizia.it/,,Rome,"41,9144741","12,3632015"
Vincenzo Chirico Architetto,architectural_designer,2,http://www.architettovincenzochirico.it/,,Rome,"41,9082988","12,44914"
Vincenzo Villani Orafo,fashion,2,Ingen webbplats,,Rome,"41,89803","12,47171"
Vinile Lista DiscoRoma,dance_club,2,https://bar.top10posti.it/01830444/Vinile_Lista_DiscoRoma,,Rome,"41,8630677","12,4804663"
Virgil Academy,community_services_non_profits,2,http://www.virgilacademy.org/,,Rome,"41,9228601","12,5209047"
Virtual Museum of Ancient Rome,history_museum,2,http://www.colosseum-info.de/,,Rome,"41,8907218","12,4919292"
Vis Romana,community_services_non_profits,2,http://www.visromana.it/,,Rome,"41,9201106","12,4399433"
VIS Volontariato Internazionale per lo Sviluppo,community_services_non_profits,2,https://www.volint.it/,,Rome,"41,8577711","12,5137331"
Visioni E Illusioni Il grande Cinema del '900,community_services_non_profits,2,http://www.visionieillusioni.com/,,Rome,"41,9214624","12,4889649"
Visite guidate Mausoleo Monte del Grano,history_museum,2,http://www.sovraintendenzaroma.it/i_luoghi/roma_antica/monumenti/mausoleo_di_monte_del_grano,,Rome,"41,8652665","12,5496824"
Vita Umana Internazionale,community_services_non_profits,2,http://vitaumanainternazionale.org/,,Rome,"41,8989322","12,4513054"
Vitae Studio - architettura,architectural_designer,2,http://www.vitaestudioarchitettura.it/,,Rome,"41,8860022","12,5138664"
Vite Senza Paura Onlus,community_services_non_profits,2,http://www.vitesenzapaura.org/,,Rome,"41,787697","12,5024414"
Viva la Vita ODV ETS,community_services_non_profits,2,http://www.wlavita.org/,,Rome,"41,916787","12,459726"
Viva srl,arts_and_entertainment,2,http://lattinepersonalizzate.it/,,Rome,"41,918325","12,567283"
Viva Venezuela en Italia,cultural_center,2,https://www.vvenezuelaenitalia.com/,,Rome,"41,8490048","12,5751902"
VivaceMente Associazione di Promozione Sociale,community_services_non_profits,2,http://www.vivacementeaps.it/,,Rome,"41,963234","12,533253"
Vivere da Sportivi,community_services_non_profits,2,http://www.viveredasportivi.it/,,Rome,"41,9249178","12,4846779"
Vivere nel Futuro,community_services_non_profits,2,http://vivere-nel-futuro.webnode.it/,,Rome,"41,8614884","12,5560915"
VivereLab di Paola Damiani Architetta,architectural_designer,2,http://www.viverelab.com/,,Rome,"41,8887156","12,5076722"
Vogue Roma,dance_club,2,Ingen webbplats,,Rome,"41,9338333","12,4521911"
Voie Appienne,arts_and_entertainment,2,http://id.wikipedia.org/wiki/Jalan_Appia,,Rome,"41,9031505","12,4955787"
VOLCANO,dance_club,2,Ingen webbplats,,Rome,"41,8390811","12,4710672"
Volée Summer Club Roma,community_services_non_profits,2,http://www.voleeristorante.it/,,Rome,"41,8352512","12,5324415"
Volerai,community_services_non_profits,2,http://www.volerai.it/,,Rome,"41,9172491","12,4646786"
Volontari Capitano Ultimo Associazione,community_services_non_profits,2,http://www.volontaricapitanoultimo.it/,,Rome,"41,888555","12,6004847"
Volontari del Parco delle Sabine / Porta di Roma,community_services_non_profits,2,https://associazione-volontari-del-parco-delle-sabine.webnode.it/,,Rome,"41,9777734","12,5315166"
Volontari del trauma,community_services_non_profits,2,http://prontotrauma.it/,,Rome,"41,8463361","12,482435"
Volontariato Missionario di Cristo Risorto,community_services_non_profits,2,https://www.volontariatomissionario.org/,,Rome,"41,9029985","12,5030068"
Volsci 86 • Casa della Socialità,cultural_center,2,https://buonacausa.org/cause/volsci86,,Rome,"41,8983307","12,5160844"
VrBus Roma,museum,2,https://vrbusroma.it/,,Rome,"41,8948409","12,4821824"
Vw Polo Club,community_services_non_profits,2,https://www.instagram.com/vwpoloclub/,,Rome,"41,86515","12,70583"
W2 srl architecture-engineering-design,architectural_designer,2,http://www.w2srl.eu/,,Rome,"41,8742358","12,4879429"
Waferstudio,architectural_designer,2,http://waferstudio.it/,,Rome,"41,8706414","12,4657853"
WALLS,community_services_non_profits,2,http://www.onthewalls.it/,,Rome,"41,8964374","12,5640193"
Wanted in Rome,arts_and_entertainment,2,http://www.wantedinrome.com/,,Rome,"41,8954111","12,470245"
Ways Cooperativa Onlus,community_services_non_profits,2,http://www.wayscooperativa.it/,,Rome,"42,0221513","12,3761354"
Webevagna,fashion,2,Ingen webbplats,,Rome,"41,94275","12,47444"
WeBreak,cinema,2,https://servizi.webreak.net/,,Rome,"41,81773","12,4903"
Welcome Association Italy,community_services_non_profits,2,http://waitaly.net/,,Rome,"41,89556","12,51408"
Welcome To Rome,history_museum,2,https://welcometo-rome.it/,,Rome,"41,8973451","12,4710849"
wepost,cinema,2,http://www.wepostlab.com/,,Rome,"41,8797846","12,5130529"
Werunrome,attractions_and_activities,2,Ingen webbplats,,Rome,"41,8871544","12,4849096"
WFP Interns,community_services_non_profits,2,http://www.wfp.org/,,Rome,"41,8217198","12,4074329"
White Fang,arts_and_entertainment,2,Ingen webbplats,,Rome,"41,9142722","12,4160786"
Why Not ?,music_school,2,http://www.whynotroma.it/,,Rome,"41,87004","12,46557"
Win Time Slot&Videolottery,arcade,2,Ingen webbplats,,Rome,"41,865568","12,465534"
Wishlist Roma,music_venue,2,Ingen webbplats,,Rome,"41,8995","12,51831"
WonderEdu,community_services_non_profits,2,http://www.wonderedu.it/,,Rome,"41,9077","12,45666"
Woody Allen,theatre,2,http://web.tiscali.it/WoodyAllen/,,Rome,"41,8866638","12,5171487"
World Food Programme,community_services_non_profits,2,http://wfp.org/,,Rome,"41,821485","12,407629"
World Friends,community_services_non_profits,2,http://www.world-friends.it/,,Rome,"41,8286378","12,4541561"
World Vision Italia,community_services_non_profits,2,http://www.worldvision.it/,,Rome,"41,926409","12,5140747"
WOW architettura,architectural_designer,2,http://www.wowarchitettura.com/,,Rome,"41,8811995","12,4564548"
Wrap Factory,graphic_designer,2,Ingen webbplats,,Rome,"41,8660342","12,6825513"
Wyn Club Ostia,arts_and_entertainment,2,http://www.discotecadiroma.it/discoteca-roma/wyn-club-ostia-la-pinetina-discoteca-eisha.html,,Rome,"41,716138","12,313288"
X 4 Zampe,community_services_non_profits,2,Ingen webbplats,,Rome,"41,9390225","12,5657175"
X Regio Roma,arts_and_crafts,2,http://www.xregio.com/,,Rome,"41,9033182","12,4610589"
XfragileLazio,community_services_non_profits,2,http://www.xfragilelazio.it/,,Rome,"41,9477771","12,5396843"
Yamamay,fashion,2,https://www.yamamay.com/,,Rome,"41,9148672","12,6614075"
Yamamay,fashion,2,https://www.yamamay.com/,,Rome,"41,8170859","12,4597119"
Yamamay di Francesca Agabiti,fashion,2,http://www.yamamay.com/,,Rome,"41,913731","12,505062"
YD'Actors - Yvonne D'Abbraccio Studio,theatre,2,http://www.ydactors.com/,,Rome,"41,8781283","12,4722853"
Yoga Saram Studio,cultural_center,2,http://yogasaramstudio.it/,,Rome,"41,9089666","12,4554232"
YouGreen Lab,fashion,2,http://www.yougreenlab.com/,,Rome,"41,9386876","12,4634327"
Yourban2030,community_services_non_profits,2,http://www.yourban2030.com/,,Rome,"41,7057285","12,5244141"
YourLesson,community_services_non_profits,2,http://www.yourlesson.it/,,Rome,"41,8633393","12,559365"
Youtoostudio Architettura,architectural_designer,2,http://www.youtoostudio.com/,,Rome,"41,8311848","12,4945449"
Z Torvergata,designer_clothing,2,http://shop.z-eshop.com/vetement-enfant/torvergata/599,,Rome,"41,84019974","12,62149469"
ZaliBAR,arts_and_entertainment,2,Ingen webbplats,,Rome,"41,8977558","12,4803568"
Zanca Studio,architectural_designer,2,https://www.zancastudio.com/,,Rome,"41,9011196","12,4774278"
Zappia Cornici d'Arte,arts_and_entertainment,2,http://www.zappiacornici.com/,,Rome,"41,9066968","12,4804851"
ZeroCento,community_services_non_profits,2,Ingen webbplats,,Rome,"41,8642538","12,468217"
Zètema Progetto Cultura s.r.l.,arts_and_entertainment,2,http://www.zetema.it/,,Rome,"41,9279361","12,5597433"
Ziqqurat,community_services_non_profits,2,http://www.ziqquratroma.com/,,Rome,"41,882332","12,475206"
Zoo De Roma,arts_and_entertainment,2,Ingen webbplats,,Rome,"41,9173194","12,4848253"
zoomarine,arts_and_entertainment,2,http://www.zoomarine.it/,,Rome,"41,9055266","12,446547"
Zoozone Artforum,arts_and_entertainment,2,http://zoo-zoneroma.blogspot.it/,,Rome,"41,8999978","12,4952572"
ZP Tailor,fashion,2,http://www.zptailor.it/,,Rome,"41,903678","12,4866837"
Zuccon International Project,architectural_designer,2,http://www.zucconinternationalproject.com/,,Rome,"41,929493","12,4462614"
Zwami Roma,dance_club,2,Ingen webbplats,,Rome,"41,81476","12,50682"
Аппиева дорога,arts_and_entertainment,2,http://id.wikipedia.org/wiki/Jalan_Appia,,Rome,"41,9031505","12,4955787"
Арка на Константин,arts_and_entertainment,2,http://et.wikipedia.org/wiki/index.html?curid=357844,,Rome,"41,889722","12,490833"
Ватикан,arts_and_entertainment,2,http://www.vatican.va/phome_en.htm,,Rome,"41,903333","12,453333"
Виа Апия,arts_and_entertainment,2,http://id.wikipedia.org/wiki/Jalan_Appia,,Rome,"41,9031505","12,4955787"
Иль-Джезу,arts_and_entertainment,2,http://www.chiesadelgesu.org/,,Rome,"41,895833","12,479722"
Национален паметник на Виктор Емануил II,arts_and_entertainment,2,http://ja.wikipedia.org/wiki/index.html?curid=540657,,Rome,"41,894599","12,483092"
Палацо Барберини,arts_and_entertainment,2,http://pt.wikipedia.org/wiki/Palazzo_Barberini,,Rome,"41,903611","12,490278"
Піраміда Цестія,arts_and_entertainment,2,http://fi.wikipedia.org/wiki/Cestiuksen_pyramidi,,Rome,"41,876389","12,480833"
Чинечитта,theatre,2,http://www.cinecittastudios.it,,Rome,"41,85","12,566667"
ქართული ბიბლიოთეკა რომში,library,2,https://www.bibliotechediroma.it/opac/library/Biblioteca%20Enzo%20Tortora/RMBA3,,Rome,"41,8769","12,47645"
הגלריה הלאומית לאמנות מודרנית,art_museum,2,http://www.gnam.beniculturali.it,,Rome,"41,916944","12,481944"
المكان المعلوم Roma,mass_media,2,Ingen webbplats,,Rome,"41,92425","12,52069"
کلیسای سیستین,arts_and_entertainment,2,http://www.mv.vatican.va/,,Rome,"41,903056","12,454444"
مسجد دار السلام روما casa della pace,arts_and_entertainment,2,Ingen webbplats,,Rome,"41,81318","12,48652"
نافورة تريفي,arts_and_entertainment,2,http://sv.wikipedia.org/wiki/Fontana_di_Trevi,,Rome,"41,900875","12,483167"
चौतारी  नेपाली समाज रोम इटाली,community_services_non_profits,2,Ingen webbplats,,Rome,"41,76521","12,3478"
ইউরোপীয়ান বাংলাদেশী ফোরাম,community_services_non_profits,2,http://european-bangladeshi-forum.org/,,Rome,"41,8791","12,54371"
ইসলামিক ফোরাম রোম - মহানগরী পশ্চিম,community_services_non_profits,2,Ingen webbplats,,Rome,"41,896323","12,501633"
উত্তরবঙ্গ এসোসিয়েশন ইতালি ,community_services_non_profits,2,Ingen webbplats,,Rome,"41,89729","12,43128"
ヴァチカン美術館,museum,2,Ingen webbplats,,Rome,"41,916044","12,4717619"
九天舞社 the Phoenix Dance Studio,dance_school,2,Ingen webbplats,,Rome,"41,89558","12,5023826"
卡拉卡拉浴场,arts_and_entertainment,2,http://zh.wikipedia.org/zh-tw/%61%C9%61%C9%74%3A,,Rome,"41,879444","12,493056"
古罗马广场,arts_and_entertainment,2,http://uk.wikipedia.org/wiki/%20%38%3C%41%4C%3A%38%39_%24%3E%40%43%3C,,Rome,"41,8922","12,4852"
屠牛广场,arts_and_entertainment,2,http://hu.wikipedia.org/wiki/Forum_Boarium,,Rome,"41,888889","12,481111"
神廟遺址聖母堂,arts_and_entertainment,2,http://www.basilicaminerva.it/,,Rome,"41,898056","12,478333"
羅馬國家博物館,museum,2,http://ko.wikipedia.org/wiki/index.html?curid=578746,,Rome,"41,9013889","12,4983333"
羅馬現代藝術美術館,art_museum,2,http://fr.macro.roma.museum/,,Rome,"41,912825","12,5022167"
Francesca Policastro,asian_art_museum,1,http://www.francescapolicastro.it/,,Rome,"41,8068596","12,6224684"
SMASH,arts_and_entertainment,1,http://www.smashofficial.com/,,Rome,"41,92609","12,53858"
Snai San Paolo,arts_and_entertainment,1,Ingen webbplats,,Rome,"41,8554377","12,4844041"
Social Park Rome,arts_and_entertainment,1,http://www.socialpark.it/,,Rome,"41,9430534","12,4907001"
SottoPonteSant'Angelo,arts_and_entertainment,1,Ingen webbplats,,Rome,"41,9024808","12,4658834"
Spazio 44 Roma,arts_and_entertainment,1,Ingen webbplats,,Rome,"41,916639","12,49878"
Spazio Bompiani - mob.+39 3357046211,arts_and_entertainment,1,Ingen webbplats,,Rome,"41,949823","12,4782922"
 Little Woody Allen Theater,theatre,,http://web.tiscali.it/WoodyAllen/,,Rome,"41,886765","12,517108"
_hellofred,graphic_designer,,http://www.hellofred.it/,,Rome,"41,898534","12,4552559"
¡BolerOlé Associazione Culturale,community_services_non_profits,,Ingen webbplats,,Rome,"41,8655178","12,54674"
"""Closer"" Music Live Rock Club",music_venue,,http://www.closerliveclub.org/,,Rome,"41,912694","12,536124"
"""Piccolo Teatro Il Salotto di Pulcinella""",theatre,,Ingen webbplats,,Rome,"41,8974198","12,4952182"
001,art_gallery,,http://www.zerozerouno.org/,,Rome,"41,8953251","12,545826"
00124 Grafica,graphic_designer,,http://www.00124grafica.it/,,Rome,"41,7741683","12,3526101"
1/9unosunove,art_gallery,,http://www.unosunove.com/,,Rome,"41,8934663","12,4748217"
11Radio.it,arts_and_entertainment,,http://www.11radio.it/,,Rome,"41,856573","12,481338"
160 bpm Recording Studio,music_production,,Ingen webbplats,,Rome,"41,9","12,5"
195 recording studio,music_production,,https://instagram.com/195.rec?utm_medium=copy_link,,Rome,"41,911597","12,45616"
1punto6 . Design Made in Italy,arts_and_entertainment,,http://www.1punto6.it/,,Rome,"41,9076429","12,5408936"
2 Dance Lab Company ASDC - Dir. Giuseppe Meli,dance_school,,http://www.2dancelabcompany.it/,,Rome,"41,894339","12,4130304"
27 Baldini,radio_station,,http://www.27baldini.com/,,Rome,"41,83106","12,43867"
28 Piazza di Pietra - Fine Art Gallery,art_gallery,,http://www.28piazzadipietra.com/,,Rome,"41,8999905","12,4789483"
2C Arte - Belle Arti,art_gallery,,http://www.2carte.it/,,Rome,"41,9012201","12,4070435"
2Click Recording Studio,music_production,,Ingen webbplats,,Rome,"41,90563","12,40888"
2ndo,music_venue,,http://www.2ndo.it/,,Rome,"41,887733","12,5297894"
360 the Studio ASD,dance_school,,https://instagram.com/360thestudio?igshid=MzRlODBiNWFlZA%3D%3D,,Rome,"41,81522","12,6138422"
38 Mmc Gallery,art_gallery,,http://www.38mmcgallery.it/,,Rome,"41,88939","12,502244"
3B Gallery,art_gallery,,http://www.3bgallery.com/,,Rome,"41,916625","12,439895"
3C Cascianese Country CLUB,community_services_non_profits,,Ingen webbplats,,Rome,"41,92512","12,50417"
3Cycle,movie_television_studio,,Ingen webbplats,,Rome,"41,9564922","12,4868495"
3G Libri srl,bookstore,,http://www.3glibri.it/,,Rome,"41,9693998","12,499293"
3ggorla,arts_and_crafts,,http://www.3ggorla.it/,,Rome,"41,8628826","12,55505"
64biz Società cooperativa,video_film_production,,http://www.64biz.com/,,Rome,"41,8806299","12,4689"
8 Production,movie_television_studio,,http://www.pr8duction.com/,,Rome,"41,9017266","12,5371844"
842 ART Factory,art_gallery,,Ingen webbplats,,Rome,"41,9158682","12,5619387"
8MOON,cinema,,http://www.8moon.it/,,Rome,"41,87899","12,50811"
8pollici Studio,music_production,,https://www.8pollicistudio.it/,,Rome,"41,9140823","12,5476626"
900 Lab,arts_and_entertainment,,http://www.lediscotechediroma.it/discoteche-roma-estate/discoteca-900lab.html,,Rome,"41,834386","12,470617"
A Casa di Fulvia,arts_and_entertainment,,Ingen webbplats,,Rome,"41,9703712","12,5499096"
A Movie Productions,drive_in_theater,,http://www.a-movie.it/index.php,,Rome,"41,9203687","12,4606803"
A Passo di Danza,dance_school,,Ingen webbplats,,Rome,"41,9413508","12,3480455"
A passo di danza,community_services_non_profits,,Ingen webbplats,,Rome,"41,86403","12,6917"
A Roda da Domingueira - Mestre Aranha,arts_and_entertainment,,http://www.capoeirasaosalomaoroma.it/,,Rome,"41,79084","12,51917"
A S D Bilotta's Dance Academy Scuola di Danza e Musical,art_school,,Ingen webbplats,,Rome,"42,008681","12,47975"
A tutto libro,bookstore,,Ingen webbplats,,Rome,"41,9373201","12,4274606"
A-Sapiens,graphic_designer,,http://www.a-sapiens.it/,,Rome,"41,9083794","12,5226643"
A-Sociale,dance_club,,https://www.asociale.cloud/,,Rome,"41,9569182","12,4873225"
A.C.Club degli Artisti,arts_and_entertainment,,Ingen webbplats,,Rome,"41,8567","12,56901"
A.F. Project srl,broadcasting_media_production,,http://www.afprojectsrl.com/,,Rome,"41,9119856","12,5013851"
A.I.D.A. (Accademia Internazionale delle Arti),community_services_non_profits,,http://www.aidarte.org/,,Rome,"41,9058824","12,4630322"
A.M. Verde 2000 Srl,landscape_architect,,http://www.amverde2000.com/,,Rome,"41,9492089","12,3181534"
A.Mu.R,music_school,,Ingen webbplats,,Rome,"41,9310672","12,5369101"
A.S.C.I. -  Esploratori d'Italia,community_services_non_profits,,http://www.asci.it/,,Rome,"41,829428","12,56484"
A.s.d Viva La Danza,dance_school,,http://www.vivaladanzaroma.it/,,Rome,"41,9214975","12,5046732"
A.S.For Cinema,cinema,,http://www.asforcinema.it/index.php?option=com_content&view=article&id=54%3AschedA.S.For.CINEMA,,Rome,"41,9106448","12,5092455"
A'Roma nel ballo,dance_club,,Ingen webbplats,,Rome,"41,8838297","12,5989256"
AAIE Center For Contemporary Art,art_gallery,,https://www.aaie.art,,Rome,"41,8814609","12,5167146"
AB24.tv,broadcasting_media_production,,http://ab24.tv/,,Rome,"41,8787912","12,541049"
Abarico Teatro,theatre,,http://www.teatroabarico.it/,,Rome,"41,8990439","12,5193751"
Abbey Rocchi Studios,music_production,,https://www.abbeyrocchistudios.com/,,Rome,"41,9297902","12,5444673"
Abclibri2.0,bookstore,,Ingen webbplats,,Rome,"41,89199","12,41299"
AbitoVerde,landscaping,,http://www.abitoverde.it/,,Rome,"41,8261358","12,5081239"
ABR,dance_school,,http://www.accademiaballettoroma.com/,,Rome,"41,8850695","12,3877096"
AbracaDown il Musical,theatre,,http://www.abracadown.it/,,Rome,"41,88643","12,51685"
Abraxa Teatro,theatre,,http://www.abraxa.it/,,Rome,"41,8563692","12,4423076"
Academia Belgica,library,,http://www.academiabelgica.it/,,Rome,"41,9164305","12,4793198"
Academia y Compañia de flamenco El Rio Andaluz,dance_school,,http://www.elrioandaluz.com/,,Rome,"41,8612289","12,46455"
ACAST-Produzioni,theatrical_productions,,Ingen webbplats,,Rome,"41,88469","12,56939"
ACCA,art_gallery,,http://www.accaroma.com/,,Rome,"41,865989","12,471891"
ACCA Academy Roma,art_school,,Ingen webbplats,,Rome,"41,8950043","12,479629"
Accademia Achille Togliani,art_school,,http://www.accademiatogliani.it/,,Rome,"41,9204978","12,4712"
Accademia Acustica,music_school,,https://accademiaacustica.com/,,Rome,"41,8817356","12,4566969"
Accademia Aiart,arts_and_entertainment,,http://www.accademiaaiart-com.webnote.it/,,Rome,"41,8639748","12,5467736"
Accademia Ametista,dance_school,,www.ramonanawal.it,,Rome,"41,8718613","12,6807856"
Accademia Artisti,art_school,,http://www.accademiartisti.com,,Rome,"41,905881","12,4606504"
Accademia Balletto Roma,dance_school,,http://www.artvillage.top/,,Rome,"41,8983253","12,4260842"
Accademia Barrio Tango - Milonga del Barrio,music_venue,,http://www.barriotango.it/,,Rome,"41,9269799","12,5369136"
Accademia Belli,community_services_non_profits,,Ingen webbplats,,Rome,"41,8898641","12,5187803"
Accademia Cinema e Tv Massimiliano Terzo - scuola di cinema,cinema,,http://www.accademiacinemaetv.it/,,Rome,"41,8331992","12,5841179"
Accademia d'Egitto,cultural_center,,http://www.accademiaegitto.org/,,Rome,"41,9161606","12,4799301"
Accademia d'italia,community_services_non_profits,,http://www.accademiaditalia.it/,,Rome,"41,8968289","12,4530798"
Accademia d'Ungheria in Roma / Collegium Hungaricum Róma,cultural_center,,https://culture.hu/it/roma,,Rome,"41,8946675","12,4696421"
Accademia Danza Foro Italico,dance_school,,https://www.accademiadanzaforoitalico.it/,,Rome,"41,9322127","12,4588873"
Accademia Danza Siempre Pa'Lante,art_school,,http://www.siemprepalante.it,,Rome,"41,9332653","12,5940291"
Accademia DanzArte - Scuola di Danza Classica & Modern,dance_school,,Ingen webbplats,,Rome,"41,88743","12,52807"
Accademia de I Musici di Roma - Fortini,music_school,,http://www.accademiadeimusici.com/,,Rome,"41,9209659","12,4219174"
Accademia degli Ostinati,music_school,,http://www.accademiadegliostinati.com/,,Rome,"41,9605366","12,5211273"
Accademia dei Desiderosi del Sapere,arts_and_entertainment,,http://www.accademiadesiderosi.it/,,Rome,"41,89426","12,47998"
Accademia Dei Virtuosi,bookstore,,Ingen webbplats,,Rome,"41,8038422","12,4399917"
Accademia del Cinema Renoir,cinema,,http://www.accademiadelcinemarenoir.it/,,Rome,"41,8595002","12,4588025"
Accademia del Divertimento • Manolo Academy,dance_school,,http://www.manoloacademy.it/,,Rome,"41,8965405","12,7032042"
Accademia del Doppiaggio,art_school,,https://www.accademiadoppiaggio.com/,,Rome,"41,91012","12,4633"
Accademia Del Superfluo-Fine Arts Academy in Rome,art_school,,http://www.cappellaorsini.net/,,Rome,"41,8953588","12,4735768"
Accademia dell'Arcadia,cultural_center,,http://www.accademiadellarcadia.it/,,Rome,"41,900765","12,474464"
Accademia della Sabbia,art_gallery,,http://www.presepedisabbia.it/,,Rome,"41,8977898","12,534279"
Accademia delle Arti,dance_school,,http://www.accademiadelleartiroma.it/,,Rome,"41,8591723","12,4431017"
Accademia delle Piccole Arti Art Page,art_school,,http://www.accademiadellepiccolearti.com/,,Rome,"41,8796379","12,4682973"
Accademia delle STAR di  Danza Cinema Teatro Musica,dance_school,,http://www.accademiadellestar.it/,,Rome,"41,9276345","12,3749317"
Accademia di canto e musica Eleonora Lavore - Roma,music_school,,http://www.premioeleonoralavore.it/,,Rome,"41,8711903","12,4803655"
Accademia di Canto Pop On the Heart Road -  Roberta Tomassini,music_school,,Ingen webbplats,,Rome,"41,7412874","12,3606672"
Accademia di Canto Romanesco,theatre,,Ingen webbplats,,Rome,"41,8681398","12,4910698"
Accademia di Cinema e Televisione Griffith,theatre,,https://www.griffithduemila.com/,,Rome,"41,8833995","12,5174547"
Accademia di Musica Moebius,music_school,,http://www.accademiamoebius.it/,,Rome,"41,7862499","12,3952369"
Accademia di Musica Nomos,music_school,,http://www.accademia-nomos.com,,Rome,"41,9470549","12,5629758"
Accademia di Musica Unla Roma Nord,music_venue,,http://www.unlaromanord.it/,,Rome,"41,9412458","12,4735774"
Accademia di Romania,cultural_center,,http://www.accadromania.it/,,Rome,"41,9168962","12,4795246"
Accademia Doppiatori Professionisti,performing_arts,,http://www.accademiadoppiatori.it/,,Rome,"41,9782418","12,4904239"
Accademia Ellenica Danze Greche,cultural_center,,http://www.accademiaellenica.it/,,Rome,"41,87651","12,47332"
Accademia Europea di Danza,dance_school,,http://www.accademiaeuropeadidanza.it/,,Rome,"41,8575006","12,4597326"
Accademia G. Arnone,art_school,,https://www.cantiereteatrale.it/,,Rome,"41,8771035","12,441495"
Accademia Iacopini,dance_school,,https://accademiaiacopini.it/,,Rome,"41,8111844","12,4445099"
"Accademia Internazionale "" Teatro Cinema E Televisione """,cinema,,http://www.accademiateatrocinematelevisione.com/,,Rome,"41,89327","12,47954"
Accademia Internazionale del Musical Roma,art_school,,http://www.aidmusical.it/,,Rome,"41,872534","12,5295064"
Accademia Internazionale di Danze Orientali,dance_school,,Ingen webbplats,,Rome,"41,89091","12,56424"
Accademia Italiana del Flauto,community_services_non_profits,,http://www.accademiaitalianadelflauto.it/,,Rome,"41,8624339","12,4854898"
Accademia Italiana Galateo,arts_and_entertainment,,http://www.accademiaitalianagalateo.it/,,Rome,"41,8889857","12,4943465"
Accademia Materiaviva - Scuola di teatro e circo - Roma,arts_and_entertainment,,http://accademiamateriaviva.it/,,Rome,"41,8753447","12,5255413"
Accademia Musicale Artitalia,art_school,,www.artitaliascuoladimusica.it,,Rome,"41,88443","12,566534"
Accademia Musicale di Roma Capitale,community_services_non_profits,,https://www.accademiamusicalediromacapitale.org/,,Rome,"41,8252918","12,4706647"
Accademia Musicale Euterpe,community_services_non_profits,,http://www.accademiadeibardi.org/,,Rome,"41,8922146","12,5434536"
Accademia Musicale Interamnense,music_school,,http://www.scuolamusicagarbatella.it/,,Rome,"41,8715131","12,4826836"
Accademia Musicale Mediterranea - Roma,music_school,,https://en.wikipedia.org/wiki/Cosimo_Damiano_Lanza,,Rome,"41,9195786","12,4879704"
Accademia Musicale Praeneste,music_school,,https://www.scuolamusicale.com/,,Rome,"41,9115933","12,5254381"
Accademia Musicale Risonanze,music_school,,http://www.accademiamusicalerisonanze.com/,,Rome,"41,8302766","12,4546762"
Accademia Musicale Romana,arts_and_entertainment,,http://www.accademiamusicaleromana.it/,,Rome,"41,846509","12,449858"
Accademia Musicale Sherazade,music_school,,http://www.amsherazade.it/,,Rome,"41,8772824","12,5152566"
Accademia Musitea,performing_arts,,http://www.accademiamusitea.com/,,Rome,"41,97643","12,46306"
Accademia Nazionale D'Arte Drammatica Silvio D'Amico - Teatrino,theatre,,http://www.accademiasilviodamico.it/,,Rome,"41,9067243","12,4786542"
Accademia Nazionale Dello Spettacolo,theatre,,http://www.accademianazionaledellospettacolo.com/,,Rome,"41,9123381","12,4978448"
Accademia Nazionale di Danza,art_school,,https://www.premioromadanza.com/,,Rome,"41,88427","12,483962"
Accademia Nazionale di San Luca,art_gallery,,https://accademiasanluca.it/,,Rome,"41,9014905","12,4838481"
Accademia Nazionale Maestri di Danza,dance_school,,http://www.maestridanza.it/,,Rome,"41,9113927","12,5695295"
Accademia Nova - Centro Studi Musicali,music_school,,http://www.accademianova.com/,,Rome,"41,9518311","12,5465546"
Accademia Parioli,theatre,,http://accademiaparioli.com/,,Rome,"41,92616","12,48824"
Accademia Polacca delle Scienze Biblioteca Centro Studi Roma,library,,http://rzym.pan.pl/,,Rome,"41,897","12,48164"
Accademia Prati,music_school,,http://www.accademiapratiroma.tk/,,Rome,"41,9069562","12,4697568"
Accademia Progetto Uomo,community_services_non_profits,,http://www.accademiaprogettouomo.it,,Rome,"41,9122244","12,5703743"
Accademia Radio Televisiva - Roma,radio_station,,http://www.art-roma.it/,,Rome,"41,9221749","12,4924613"
Accademia Romana César Franck,community_services_non_profits,,http://www.accademiaromana.it/,,Rome,"41,87888","12,50808"
Accademia Romana Del Tango,arts_and_entertainment,,http://www.accademiaromanadeltango.com/,,Rome,"41,8563166","12,5508583"
Accademia Romana Di Musica,music_school,,http://www.accademiaromanadimusica.com/,,Rome,"41,9225302","12,5036505"
Accademia San Paolo,theatre,,http://www.accademiasanpaolo.it/,,Rome,"41,8585077","12,4739185"
Accademia Scarlatti,music_school,,http://www.accademiascarlatti.com/,,Rome,"41,8674844","12,4660476"
Accademia Scharoff Recitazione,art_school,,http://www.scharoff.it/,,Rome,"41,8858374","12,5118689"
Accademia SonRumba,dance_school,,http://www.marioquintin.com/,,Rome,"41,78539","12,4316"
Accademia Spettacolo Italia,arts_and_entertainment,,Ingen webbplats,,Rome,"41,8236924","12,5111928"
Accademia Studios Scuola di Cinema,theatre,,http://www.accademiastudios.com/,,Rome,"41,908788","12,541336"
Accademia Teatrale di Roma - Sofia Amendolea,theatre,,http://www.accademiateatralediroma.com/,,Rome,"41,9137338","12,5253066"
Accademia Teatrale Goldoniana,theatre,,http://www.teatrodaviaggio.com/,,Rome,"41,88869","12,49595"
Accademia Teatro Roma,theatre,,http://www.scuoladiteatro.it/,,Rome,"41,8893525","12,5080893"
Accademia Virtuosi,community_services_non_profits,,http://accademiavirtuosi.it/,,Rome,"41,88878","12,47043"
Accademica di Musica e Cultura Bocca della Verità Roma,arts_and_entertainment,,Ingen webbplats,,Rome,"41,8879135","12,4814788"
AccadeMusica,music_school,,http://www.accademusica.it/,,Rome,"41,8455203","12,4859923"
AccaMidea Pianoforte Roma,music_school,,http://www.accamidea.it/,,Rome,"41,90769","12,45667"
Accento Teatro,theatre,,https://www.accentoteatro.info/,,Rome,"41,8807356","12,4743947"
ACCI - Associazione Circo Contemporaneo Italia,circus,,http://www.associazionecircocontemporaneo.it/,,Rome,"41,89674","12,47866"
ACI & GALATEA - ROMA Associazione Culturale,community_services_non_profits,,https://www.facebook.com/pages/LArtista-Teresa-Coratella/308065762590738?ref=bookmarks,,Rome,"41,888026","12,500542"
ACI Radio,radio_station,,https://radio.aci.it/,,Rome,"41,9363681","12,5152406"
ACI Sport,community_services_non_profits,,http://www.acisport.it/,,Rome,"41,9040107","12,5015459"
Acini in fermento,community_services_non_profits,,http://www.acininfermento.com/,,Rome,"41,843425","12,485847"
Acli Arte e Spettacolo,community_services_non_profits,,http://www.acliartespettacolo.it/,,Rome,"41,8812474","12,4690908"
ACLI LIDO Danza,dance_school,,Ingen webbplats,,Rome,"41,72642","12,29023"
Acos Nazionale,cultural_center,,https://www.acos-nazionale.it/,,Rome,"41,89619","12,44971"
Acquisto Arte,art_gallery,,https://www.acquistoarte.it/,,Rome,"41,897147","12,468343"
ACSD Sporteduca,community_services_non_profits,,http://www.sporteduca.it/,,Rome,"41,8192398","12,6109099"
ACT School,dance_school,,http://www.ials.org/,,Rome,"41,9234506","12,4691681"
Acting Lab -Studio Prete,theatre,,http://www.alessandroprete.com/,,Rome,"41,9077826","12,4528772"
Action Academy,art_school,,http://actionacademy.it/le-selezioni,,Rome,"41,8943105","12,5003199"
Actor's Planet scuola di cinema,cinema,,http://Www.actorsplanet.eu/,,Rome,"41,91827","12,51187"
Actors Academy,theatre,,http://www.actorsacademy.it/,,Rome,"41,8557496","12,4498196"
Actors Creators Studio,art_school,,https://www.actorscreatorsstudio.com/,,Rome,"41,87635","12,57533"
Acusticarte,music_production,,http://acusticarte.com/contatti,,Rome,"41,7900939","12,5129301"
ADA Project,art_gallery,,http://www.ada-project.it/,,Rome,"41,8877433","12,4770549"
Adelante Studio Roma,music_production,,http://www.adelantestudio.it/,,Rome,"41,8658541","12,4900772"
ADEMY DANCE Academy,dance_school,,https://ademydanceacademy.com/,,Rome,"41,935963","12,5820455"
AEDES ARTE,arts_and_entertainment,,http://www.aedesarte.it/,,Rome,"41,9088453","12,4984832"
AESSE VIDEO S.r.l  Broadcast Television Service,movie_television_studio,,http://www.aessevideo.it/,,Rome,"41,9204721","12,4657916"
Afnakafna gallery,art_gallery,,https://www.afnakafna.com/,,Rome,"41,915426","12,5094716"
Africasottosopra onlus,community_services_non_profits,,http://www.africasottosopra.com/,,Rome,"41,8089479","12,4429985"
AfrikaSì Onlus,community_services_non_profits,,http://www.afrikasi.org,,Rome,"41,8774623","12,4438245"
Afrobeats Roma Production,arts_and_entertainment,,Ingen webbplats,,Rome,"41,89534","12,47887"
Afrodita compagnia,theatre,,http://www.afroditacompagnia.com/,,Rome,"41,9129543","12,4605712"
After! Under300,dance_club,,Ingen webbplats,,Rome,"41,8710581","12,4761702"
Agenzia Dei Desideri Tuba,bookstore,,http://www.agenziadeidesideri.it/,,Rome,"41,8894","12,52464"
Agenzia di Musica e Spettacolo Romadjpianobar,dj_service,,http://www.romadjpianobar.com/,,Rome,"41,78546","12,44174"
Agenzia ItaliaStampa,mass_media,,https://www.italiastampa.it/,,Rome,"41,9086283","12,4587631"
Agenzia Legale Giuffrè Francis Lefebvre Roma,bookstore,,http://www.giuffreroma.it,,Rome,"41,9108363","12,4645846"
Agenzia Spettacolo Paola Dragone,mass_media,,http://www.paoladragone.it/,,Rome,"41,9106033","12,4483494"
agile_italia_giocoleria_magia,circus,,https://www.agileitalia.it/,,Rome,"41,86861","12,48707"
Agis Nazionale,arts_and_entertainment,,http://www.agisweb.it/,,Rome,"41,89667","12,47869"
Agorà - RAI 3,movie_television_studio,,Ingen webbplats,,Rome,"41,9825967","12,4968761"
Agorà #1 - Largo Don Orione,community_services_non_profits,,http://retake.org/,,Rome,"41,8784326","12,5166607"
Agorà Feste Roma,arts_and_entertainment,,http://www.agoraroma.it/,,Rome,"41,9167423","12,3839104"
Agua Revolution Dance School,dance_school,,http://www.aguarevolution.it/,,Rome,"41,8779169","12,5259047"
AGUA SALSA Fusion ASD,dance_school,,Ingen webbplats,,Rome,"41,9234345","12,4689846"
Ahora Salsa Style,dance_school,,http://www.ahorasalsa.it/,,Rome,"41,8975023","12,5646095"
AIAC Associazione Internazionale di Archeologia Classica,community_services_non_profits,,http://www.aiac.org/,,Rome,"41,9009075","12,4729049"
AIART,community_services_non_profits,,http://www.aiart.org/,,Rome,"41,8988272","12,4250787"
Aidac,theatre,,http://aidac.it/,,Rome,"41,9093356","12,4585275"
Aidaf Agis,community_services_non_profits,,https://www.aidaf-agis.it/,,Rome,"41,89667","12,47869"
AIDM Accademia Internazionale di Musica ROMA,music_venue,,http://www.aidmusic.com/it/corsi.html,,Rome,"41,9310585","12,536824"
AIESEC Italia,community_services_non_profits,,http://www.youthchange.it,,Rome,"41,849831","12,481085"
AIFVS aps - archivio video,community_services_non_profits,,http://www.vittimestrada.org/,,Rome,"41,9127888","12,5365"
"AIGAM, Associazione Italiana Gordon per l'Apprendimento Musicale",music_school,,http://www.aigam.it/,,Rome,"41,873369","12,4547099"
Aimart,music_venue,,http://www.aimart.it/,,Rome,"41,8973844","12,4709175"
Aisha Live Music,music_venue,,Ingen webbplats,,Rome,"41,889519","12,50686"
AKA - Club e spazio eventi,dance_club,,http://www.aka-roma.it/,,Rome,"41,9000555","12,5092971"
Al Cassiodoro,music_venue,,Ingen webbplats,,Rome,"41,906062","12,467774"
Al Ferro di Cavallo SAS,bookstore,,Ingen webbplats,,Rome,"41,9072112","12,4758772"
Al Muretto,cultural_center,,Ingen webbplats,,Rome,"41,896087","12,5145131"
Ala 34,art_gallery,,https://www.ala34.com/,,Rome,"41,862961","12,433161"
Ala Fori Imperiali,museum,,https://vive.cultura.gov.it/it/ala-fori-imperiali,,Rome,"41,8938978","12,484202"
Ala Fori Imperiali,museum,,Ingen webbplats,,Rome,"41,894615","12,4846059"
AlagiSound,music_production,,Ingen webbplats,,Rome,"41,77106","12,35436"
Alberoandronico,community_services_non_profits,,http://alberoandronico.net/,,Rome,"41,9441454","12,4207503"
AlbFest Roma,arts_and_entertainment,,Ingen webbplats,,Rome,"41,8618697","12,6498467"
AlbumArte,community_services_non_profits,,http://www.albumarte.org/,,Rome,"41,9170954","12,4740652"
Alchimia Restauri,art_restoration,,http://www.alchimiarestauri.com/,,Rome,"41,9012369","12,4692621"
Ale & Vale - Salsa y Bachata,dance_school,,Ingen webbplats,,Rome,"41,89427","12,41299"
Alea Contemporary Art,art_museum,,http://www.aleacontemporaryart.com/,,Rome,"41,8622482","12,4932832"
Alefbet,art_gallery,,https://www.gabrielelevy.com/,,Rome,"41,8935689","12,4773978"
"Alessandra Cisternino Fotografa di Bambini, Famiglie, Gravidanza, Neonati, Book fotografici, Ritratti aziendali",photography_store_and_services,,https://www.alessandracisternino.com/,,Rome,"41,9506924","12,5451399"
Alessandro Valentini Bronzista,art_restoration,,http://www.alessandrovalentini.it/,,Rome,"41,8948942","12,4923267"
Alessandro Vitiello Home Gallery,art_gallery,,http://avhg.it/,,Rome,"41,8964301","12,485066"
Alex Gas,dj_service,,https://alexgasdj.bandcamp.com/releases,,Rome,"41,8098681","12,4445915"
Alexander Luigi Di Meglio - Artist,arts_and_entertainment,,http://www.alexanderdimeglio.com/,,Rome,"41,8912376","12,5022013"
Alexanderplatz Jazz Club,dance_club,,https://www.alexanderplatzjazz.com/,,Rome,"41,9091412","12,4536086"
AlfaMusic Studio,music_production,,http://www.alfamusic.com/,,Rome,"41,8692976","12,5883535"
Alfonsi Pianoforti dal 1906 - Roma,music_and_dvd_store,,http://www.alfonsipianoforti.it/,,Rome,"41,8950821","12,4994888"
Alibi Club Roma ,cultural_center,,http://www.alibiclubroma.com/,,Rome,"41,8755106","12,4742609"
Alice nella città,cinema,,https://alice.mymovies.it/,,Rome,"41,923556","12,505464"
ALICE Service,graphic_designer,,https://www.shopaliceservice.com/,,Rome,"41,9441955","12,6272022"
All Music Drm Studio scuola di Musica e Canto,music_school,,http://www.drmstudio.net/,,Rome,"41,8938934","12,4387582"
Alla Dance,dance_school,,http://www.alladance.it/,,Rome,"41,8674562","12,5368099"
Alldance.it,dance_school,,http://www.all-dance.it/,,Rome,"41,8933248","12,5380933"
Almatango,dance_school,,http://www.almatango.it/,,Rome,"41,8696476","12,4857539"
Almost Corner Bookshop,bookstore,,http://www.bookshoptours.com,,Rome,"41,8906733","12,4706845"
Alpacha distro,art_gallery,,http://alpachadistro.blogspot.com/,,Rome,"41,890824","12,530229"
ALPHA Dance Studio,dance_school,,Ingen webbplats,,Rome,"41,7337046","12,3557538"
Alpha Music,music_school,,Ingen webbplats,,Rome,"41,7697476","12,3729153"
Alpha Record Studio,music_production,,Ingen webbplats,,Rome,"41,7337052","12,3557562"
Alphaville Cineclub,cinema,,http://www.cineclubalphaville.it/,,Rome,"41,8874226","12,5337696"
Alter Ego,broadcasting_media_production,,http://alteregomedia.it/,,Rome,"41,925532","12,4471798"
Alterlego,community_services_non_profits,,http://www.alterlego.it/,,Rome,"41,820109","12,491254"
Altre Storie,movie_television_studio,,http://www.altrestorie.it/,,Rome,"41,9030107","12,5026647"
Altre Vie - Sala Espositiva ,cultural_center,,Ingen webbplats,,Rome,"41,84521","12,55131"
Altro Spazio Studio,music_venue,,https://www.spaziotiburno.it,,Rome,"41,9113194","12,5464747"
Altro_studio,arts_and_entertainment,,http://www.altro-studio.info/,,Rome,"41,9108275","12,5010058"
Altroquando,bookstore,,http://www.altroquando.com/,,Rome,"41,8978935","12,4718279"
Altrove Teatro Studio,theatre,,http://www.altroveteatrostudio.it/,,Rome,"41,9060421","12,4447015"
Am Music,mass_media,,https://www.andreamorricone.org/,,Rome,"41,9152934","12,4596898"
Am.arte.gallery,art_gallery,,http://www.am-arte.it/,,Rome,"41,9062518","12,4721353"
Amanda Flor S.r.l. Officina delle idee,arts_and_entertainment,,Ingen webbplats,,Rome,"41,9139554","12,5272696"
AMarte,art_gallery,,Ingen webbplats,,Rome,"41,92729","12,46267"
Amazing Cinema,cinema,,http://www.amazingcinema.it/,,Rome,"41,9067","12,4437"
Amazon Hub Counter Chiosco Edicola Giornali,newspaper_and_magazines_store,,Ingen webbplats,,Rome,"41,8149879","12,4361182"
Ambarabà,bookstore,,Ingen webbplats,,Rome,"41,950748","12,5160058"
Ambasciata Stati  Uniti,arts_and_entertainment,,Ingen webbplats,,Rome,"41,9196318","12,6035175"
Ambra Actor Studio,theatre,,http://actorstudioambra.it/,,Rome,"41,861871","12,4899734"
Amd Mondial Dance,dance_school,,http://www.mondialdance.it,,Rome,"41,8621358","12,4643652"
American Musical Theatre Academy (AMTA) Rome,drama_school,,https://theamta.com/it,,Rome,"41,8629996","12,4702315"
AMG International,movie_television_studio,,https://amginternational.it/,,Rome,"41,9173969","12,5967287"
Amici del Museo delle mura aureliane,history_museum,,http://www.museodellemuraroma.it/,,Rome,"41,8736462","12,5014035"
Amore 2015,dance_club,,http://www.discotecheroma.com/eventi/amore-2015-roma-capodanno-amore-nuova-fiera-di-roma/,,Rome,"41,80734","12,32197"
Amore e odio,dance_club,,Ingen webbplats,,Rome,"41,9478179","12,5365953"
Amore Festival,arts_and_entertainment,,https://www.amorefestival.eu/,,Rome,"41,9916499","12,5175476"
ÀMU - Artigianato Multimediale,graphic_designer,,http://www.giorgiom.stirparo.net/,,Rome,"41,8572448","12,64146"
Analisi e Ricerche Territoriali - ART srl,art_gallery,,http://www.artsrl.it/,,Rome,"41,97888","12,479586"
Andamento Analogico Recording Studio,music_production,,http://www.andamentoanalogico.it/,,Rome,"41,8857966","12,5194518"
André - galleria d'arte moderna e contemporanea,art_gallery,,http://www.andrearte.it,,Rome,"41,8947489","12,469557"
Andrea Doria Club,dance_club,,http://www.asdoria.it/,,Rome,"41,9427098","12,4926375"
Andrea Festa Fine Art,art_gallery,,https://www.andreafestafineart.com/,,Rome,"41,901098","12,4658175"
Andrea Serlupi Crescenzi,arts_and_crafts,,http://www.serlupi.com,,Rome,"41,8990512","12,4783165"
Andromeda Roma,drive_in_theater,,https://roma.andromeda.andromedacinemas.it/,,Rome,"41,913067","12,418161"
Anemone Film,movie_television_studio,,http://www.anemonefilm.it/,,Rome,"41,8800935","12,475841"
Anfiteatro La Quercia Del Tasso - Gianicolo,arts_and_entertainment,,http://instagram.com/p/RR4IIhKifN/,,Rome,"41,8958266","12,4609906"
ANG FILM,movie_television_studio,,http://www.angfilm.com/,,Rome,"41,8991587","12,5164306"
Angel Dance Academy,dance_school,,Ingen webbplats,,Rome,"41,9094706","12,4593159"
Angelika Vision,cinema,,http://www.angelikavision.it/,,Rome,"41,9177243","12,5027069"
Anglo American Book,bookstore,,http://www.aab.it/,,Rome,"41,9036234","12,4805618"
Angolo del Collezionista,bookstore,,http://www.ebay.it/str/angolodelcollezionista66,,Rome,"41,9110894","12,4524914"
Angolo delle storie,library,,http://www.santugo.it/,,Rome,"41,96429","12,51509"
AngoloFoto 21,photography_store_and_services,,Ingen webbplats,,Rome,"41,8529111","12,5034243"
Angriservices Edizioni Srl,cinema,,Ingen webbplats,,Rome,"41,9214096","12,4655199"
ANICA,cinema,,http://www.anica.it,,Rome,"41,9103792","12,509522"
Animal 21,arts_and_entertainment,,http://animalsocialclub.com/,,Rome,"41,9059799","12,5354809"
Animatori di Roma,arts_and_entertainment,,http://www.animatoridiroma.it/,,Rome,"41,93024","12,525088"
Anna Maria Ferrara Tango,dance_school,,https://annamariaferrara.it/,,Rome,"41,8790278","12,5250509"
Anonymous Tracks,music_production,,https://www.anonymoustracks.com/,,Rome,"41,90702","12,47789"
Antani,cinema,,Ingen webbplats,,Rome,"41,8632052","12,3322051"
Antenna 1,radio_station,,https://www.antenna1.fm/,,Rome,"41,9060628","12,4799813"
Anteprima d'arte contemporanea,art_gallery,,http://www.anteprimadartecontemporanea.it/,,Rome,"41,9163905","12,4626515"
Antesi studio,landscaping,,http://www.antesistudio.it/,,Rome,"41,9214262","12,5119165"
Antica Costumeria Fanfulla dal 1812,cinema,,http://www.fanfulla.org/antica-costumeria-fanfulla-dal-1812/,,Rome,"41,89133","12,53005"
Antica Edicola di Roma di Pacioni Ivano e Votano Fabio Snc,bookstore,,Ingen webbplats,,Rome,"41,9007988","12,4795904"
Antica Libreria Cascianelli,bookstore,,https://www.anticalibreriacascianelli.com/,,Rome,"41,9000971","12,4724085"
Antica Stamperia Pigneto,graphic_designer,,http://www.anticastamperiapigneto.it/,,Rome,"41,8867501","12,5371067"
Antica Tipografia Aquila dal 1925,graphic_designer,,http://www.tipografiaaquiladal1925.it/,,Rome,"41,8866304","12,5153643"
AnticArt Roma,art_gallery,,Ingen webbplats,,Rome,"41,8993168","12,4722117"
Antichità 25,art_gallery,,Ingen webbplats,,Rome,"41,8980829","12,4910268"
Antiquario San Lorenzo,cultural_center,,https://linktr.ee/antiquario_sanlorenzo,,Rome,"41,8961414","12,5118601"
Antiquarium comunale del Celio,museum,,http://www.archeoroma.com/Foro%20Romano/antiquarium_forense.htm,,Rome,"41,8875715","12,4909181"
Anton Rubinstein Scuola di Musica,music_school,,http://www.antonrubinstein.net,,Rome,"41,9110113","12,5659318"
Anton Rubinstein Settecamini,music_school,,http://wwwantonrubinstein.net/,,Rome,"41,93871","12,62084"
Antonacci Lapiccirella Fine Art,art_gallery,,http://www.francescaantonacci.com,,Rome,"41,9078528","12,4804559"
Antonelli Management,cinema,,http://www.antonellimanagement.com/,,Rome,"41,906519","12,4619744"
Antonia D'Amato,arts_and_entertainment,,https://www.duodulcimermusicaceltica.it/,,Rome,"41,98768635","12,40180129"
Any Given Monday,dance_club,,http://www.anygivenmonday.it/,,Rome,"41,897054","12,5400523"
AOC F58 - Galleria Bruno Lisi,art_gallery,,https://www.brunolisi.org/,,Rome,"41,9135263","12,4752105"
ÀP - Antimafia Pop Academy,cultural_center,,http://www.apacademy.it/,,Rome,"41,8571755","12,5716636"
AP Distribuzione SRL,book_magazine_distribution,,Ingen webbplats,,Rome,"41,93272","12,52696"
Ape Sound Studio,music_production,,Ingen webbplats,,Rome,"41,9156599","12,5265709"
AperiDisco Eventi,dance_club,,https://AperiDisco.it/,,Rome,"41,834026","12,4705861"
AperiDisco Roma,dance_club,,http://www.aperidisco.it/,,Rome,"41,8359635","12,6038096"
Aperitivi ed Eventi Discoteche Roma,dance_club,,Ingen webbplats,,Rome,"41,83422","12,47068"
Aperitivo & Discoteca in Lista Mandimandi,dance_club,,http://www.serateromane.it/,,Rome,"41,8632582","12,4803305"
Aperitivo Eur,dance_club,,https://www.eventiglobo.it/boho-chic-roma-eur/,,Rome,"41,83051","12,465259"
Aperitivo Roma,dance_club,,http://www.aperitivoroma.com/,,Rome,"41,80455","12,51679"
Aperitivo Roma Nord,dance_club,,https://www.eventiglobo.it/discoteca-eden-roma/,,Rome,"41,93386","12,45223"
Apocalypse Recording Studio,music_production,,http://www.vdmschool.it/lo_studio.html,,Rome,"41,8773264","12,4366236"
Apollo Undici,cinema,,http://www.apolloundici.it/,,Rome,"41,892479","12,50769"
Appartamento Borgia,museum,,http://www.amei.biz/pagine/stato-citta-del-vaticano,,Rome,"41,9034807","12,454993"
AppartArt,art_gallery,,Ingen webbplats,,Rome,"41,8912855","12,5025066"
Appia Libri Roma,bookstore,,http://www.librilibri.it/appialibri,,Rome,"41,8693935","12,5291345"
AppiaBallet ASD,dance_school,,www.appiaballet.it,,Rome,"41,8820394","12,5120821"
Appunti di Viaggio,bookstore,,http://www.appuntidiviaggio.it/,,Rome,"41,8716616","12,4681642"
Après la Classe,arts_and_entertainment,,http://apreslaclasse.it/,,Rome,"41,9437562","12,5253168"
APS Casa delle Culture,arts_and_entertainment,,Ingen webbplats,,Rome,"41,8870127","12,535275"
Aps Musicaincantina,arts_and_entertainment,,http://www.musicaincantina.it/,,Rome,"41,8232194","12,5017688"
ApS Settenote,music_school,,Ingen webbplats,,Rome,"41,87746","12,4432"
APS Tralevolte,cultural_center,,http://www.tralevolte.com/,,Rome,"41,8869423","12,5070595"
Apsaras Bollywood Events Italy,dance_school,,http://www.apsarasevents.com/,,Rome,"41,9152996","12,5478575"
Aquarelle Art Studio,arts_and_entertainment,,http://www.aquarelleartstudio.it/,,Rome,"41,89626","12,47318"
Aquila della Notte,cinema,,http://www.cinemaaquila.com/evento/aquila-della-notte/,,Rome,"41,87687","12,55326"
Aquilani & Sons Oriental And Fine Arts,art_gallery,,Ingen webbplats,,Rome,"41,9067947","12,4826328"
AR2 Studio,music_production,,http://www.ar2studio.com/,,Rome,"41,8619942","12,549534"
Arabesque - Scuola di danza e delle arti -,dance_school,,Ingen webbplats,,Rome,"41,9330229","12,5119841"
Aramis - Associazione Culturale,cultural_center,,Ingen webbplats,,Rome,"41,8964259","12,5149193"
Aranciera di Villa Borghese,arts_and_entertainment,,Ingen webbplats,,Rome,"41,9131949","12,4822051"
Arca Social Club,dance_club,,http://www.arcadancing.com/,,Rome,"41,8723824","12,5441863"
Arcadia delle 18 Lune,theatre,,http://www.arcadiadelle18lune.it/,,Rome,"41,8747725","12,5464709"
Archeologia per l'Infanzia,arts_and_entertainment,,https://archeoroad.it/eventi/,,Rome,"41,7603719","12,3016672"
Archeoroma,arts_and_crafts,,http://www.make-in.it,,Rome,"41,8960792","12,4780501"
ArchiBit Generation S.r.l.,graphic_designer,,http://www.archibit.net/,,Rome,"41,9435957","12,4387058"
Archicaketure,art_school,,https://www.archicaketure.com/,,Rome,"41,8691737","12,5338972"
archiosco_edicola,newspaper_and_magazines_store,,Ingen webbplats,,Rome,"41,9075498","12,449819"
Archita,art_gallery,,http://www.architalab.com/,,Rome,"41,9069746","12,4641248"
Architetture Sonore Srls,music_production,,http://www.architetturesonore.com/,,Rome,"41,872918","12,5083047"
Archivio Corrado Cagli,arts_and_entertainment,,http://www.archiviocagli.com/,,Rome,"41,8828547","12,4858034"
Archivio e Biblioteca della Basilica Papale di Santa Maria Maggiore,library,,http://www.vatican.va/various/basiliche/sm_maggiore/it/archivio/archivio_storico.htm,,Rome,"41,8971987","12,499135"
Archivio Enrico Appetito,cinema,,Ingen webbplats,,Rome,"41,91723","12,46045"
Archivio Flamigni,community_services_non_profits,,https://memoria.cultura.gov.it/,,Rome,"41,8630553","12,4850722"
Archivio Piero Guccione,community_services_non_profits,,https://www.archiviopieroguccione.com/,,Rome,"41,91606","12,46588"
Archivio Storico Capitolino,library,,http://www.archiviocapitolino.it,,Rome,"41,8989585","12,4685843"
Archivio Storico della Comunità Ebraica di Roma,community_services_non_profits,,http://www.romaebraica.it/tag/archivio-storico,,Rome,"41,8924039","12,477513"
Archivio Storico e Museo Birra Peroni,museum,,peroni.it,,Rome,"41,9045852","12,5993001"
Archivio Storico Istituto Luce,museum,,http://www.archivioluce.com/archivio/,,Rome,"41,8501756","12,5743139"
Archivio Storico Propaganda Fide,auditorium,,Ingen webbplats,,Rome,"41,8993838","12,4598508"
ArchivioGarzia,community_services_non_profits,,https://tessera-arci.it/,,Rome,"41,8743333","12,4799944"
Archivum Romanum Societatis Iesu,library,,Ingen webbplats,,Rome,"41,901449","12,459067"
Arci Freddy,cultural_center,,http://freddyproduction.com/,,Rome,"41,89345","12,50612"
Arciliuto,theatre,,http://www.arciliuto.it/,,Rome,"41,8999965","12,4708033"
Arco dodici,screen_printing_t_shirt_printing,,http://www.arcododici.it/,,Rome,"41,8764191","12,4651614"
Arcobaleno Associazione Culturale,arts_and_entertainment,,Ingen webbplats,,Rome,"41,87787","12,48793"
Arcobaleno Square Dance,dance_school,,https://arciarcobaleno.modo2.org/balli-collettivi-nord-americani/,,Rome,"41,863503","12,483832"
Arcobalenolibri/Arcoiris,bookstore,,http://www.arcobalenolibri.it/,,Rome,"41,8221173","12,4001633"
ARE ARTE,art_gallery,,http://www.arearte.it/,,Rome,"41,9110984","12,4541291"
Area Archeologica del Circo Massimo,museum,,http://www.sovraintendenzaroma.it/i_luoghi/roma_antica/monumenti/circo_massimo,,Rome,"41,884521","12,4884561"
Area Archeologica del Vicus Caprarius - la Città dell'Acqua,history_museum,,http://www.vicuscaprarius.com/,,Rome,"41,9004031","12,4840903"
Area archeologica Villa dei Quintili - S. Maria Nova,history_museum,,http://archeoroma.beniculturali.it/siti-archeologici/villa-dei-quintili,,Rome,"41,8290999","12,55788"
Area Cultura,print_media,,http://www.areacultura.online/,,Rome,"41,9075838","12,3978"
Area21,cultural_center,,Ingen webbplats,,Rome,"42,00287","12,38314"
Area5 Lab,theatre,,http://www.areacinque.it/,,Rome,"41,909586","12,5511461"
Aregoladarte,performing_arts,,http://www.aregoladarteassociazione.it/,,Rome,"41,9069204","12,4779949"
Arena Anfiteatro Mancini,theaters_and_performance_venues,,Ingen webbplats,,Rome,"41,9297277","12,462732"
Arena Casale della Certosa,cinema,,Ingen webbplats,,Rome,"41,71998","12,58446"
Arena Cinema Villa Lazzaroni,cinema,,Ingen webbplats,,Rome,"41,87052","12,52298"
Arena Garbatella,cinema,,http://www.arenagarbatella.it/,,Rome,"41,8625578","12,4824246"
Arena Mamiani 2020,cinema,,Ingen webbplats,,Rome,"41,91276","12,46372"
Arena Righi - Boncompagni22,cultural_center,,http://www.arenarighi.it/,,Rome,"41,9089848","12,4959551"
Arena San Saba,drive_in_theater,,http://nuke.olivud.com/ARENASANSABA/tabid/77/language/it-IT/Default.aspx,,Rome,"41,8794055","12,4866959"
ArenAniene,cinema,,http://www.arenaniene.it/,,Rome,"41,933443","12,5332892"
Arene di Roma,cultural_center,,http://arenediroma.com/,,Rome,"41,874578","12,4724007"
Arene Diverse,cinema,,http://www.arenediverse.com/,,Rome,"41,8716517","12,5270736"
Aretè Danza,dance_school,,Ingen webbplats,,Rome,"41,7740299","12,3520102"
Arethusa Libri,bookstore,,http://www.arethusalibri.it/,,Rome,"41,8837002","12,5610894"
Argot Produzioni,theatre,,http://www.teatroargotstudio.com/,,Rome,"41,8871287","12,4699697"
Aria e Terra,arts_and_entertainment,,http://www.ariaeterra.com/,,Rome,"41,9755651","12,443435"
Ariadimusica,music_school,,http://ariadimusica.com/,,Rome,"41,8672574","12,593084"
Arimvideo,movie_television_studio,,http://www.arimvideo.it/,,Rome,"41,9143467","12,4545427"
Arion,bookstore,,http://www.euroma2.it/it/store,,Rome,"41,8168375","12,4585278"
Arion Eritrea SRL,bookstore,,Ingen webbplats,,Rome,"41,927148","12,516044"
Arion Esposizioni,bookstore,,http://www.libreriearion.it,,Rome,"41,899203","12,490162"
Arion Monti,bookstore,,http://libreriearion.it,,Rome,"41,894167","12,490759"
ArKobaleno Academy,cultural_center,,http://www.arkobalenoacademy.com/,,Rome,"41,8642043","12,6050452"
Armando Curcio Editore,bookstore,,http://www.curciostore.com/,,Rome,"41,91722","12,568"
Armonia Arte Danza,theatre,,http://www.armoniartedanza.it/,,Rome,"41,95851","12,52159"
Armonica Film,videographer,,https://www.armonicafilm.it/,,Rome,"41,91340626","12,50064282"
Armonie Musicali Centro di Formazione Artistica e Professionale,art_school,,http://armoniemusicali.it/,,Rome,"41,8890279","12,5345851"
"ARS AUREA ""Bottega delle Arti""",art_school,,https://www.facebook.com/associazionespectre?locale=it_IT,,Rome,"41,8939644","12,4649363"
Ars Metallica,art_museum,,http://www.arsmetallica.it/,,Rome,"41,89428","12,5096"
Ars-imago Italia,photography_store_and_services,,https://www.ars-imago.com/,,Rome,"41,9095945","12,4602553"
Ars30,landscaping,,http://www.ars30.it/,,Rome,"41,9213182","12,463779"
Arscritica Modernaecontemporanea,art_gallery,,http://www.arscritica.com/,,Rome,"41,9222747","12,4945329"
Art Ballet,dance_school,,http://www.physicalvillage.com/,,Rome,"41,9104729","12,602478"
Art Cafè,dance_club,,http://discotecheroma.events/art-cafe/?gclid=COSAsrKj1sgCFYYUHwodYm8JUQ,,Rome,"41,9093755","12,4868703"
Art Core Gallery,art_gallery,,http://www.apartmentbar.it/,,Rome,"41,9000596","12,513928"
Art Gallery Gregorio VII,art_gallery,,http://www.artgallerygregoriovii.it/,,Rome,"41,8963205","12,4403997"
Art Gallery Rome,art_gallery,,https://www.artgalleryrome.it/,,Rome,"41,8988435","12,4709736"
Art Industries Studio,music_production,,http://www.artindustriestudio.com/,,Rome,"41,9466199","12,56836"
Art of Dance Studio,dance_school,,https://artofdancestudioroma.wordpress.com/,,Rome,"41,8064747","12,6324292"
Art Relax,arts_and_entertainment,,http://artrelaxblog.wordpress.com/,,Rome,"41,91998","12,42044"
Art Sound & Vision,cultural_center,,Ingen webbplats,,Rome,"41,9181498","12,4392101"
ART STORIA,art_gallery,,http://artstoriabooks.com/,,Rome,"41,8945681","12,4832439"
Art Studio 110,art_gallery,,Ingen webbplats,,Rome,"41,8598037","12,5490456"
Art Village,performing_arts,,http://www.artvillage.top/,,Rome,"41,8983203","12,4261233"
Art-Club,arts_and_entertainment,,http://www.art-club.it/,,Rome,"41,8973184","12,4756044"
Arte & Riuso,arts_and_entertainment,,Ingen webbplats,,Rome,"41,9324167","12,5195274"
Arte 3,arts_and_crafts,,http://www.arte3.it/,,Rome,"41,9081421","12,4757696"
Arte al carotene,art_gallery,,https://www.creativiamonti.com/mostra,,Rome,"41,89652","12,49113"
Arte Balletto,dance_school,,http://www.arteballettoroma.it/,,Rome,"41,8806623","12,4733078"
Arte Borgo Gallery,art_gallery,,http://www.arteborgo.it/,,Rome,"41,9041943","12,4607037"
Arte Cultura Spettacolo,theatre,,Ingen webbplats,,Rome,"41,8844114","12,5063682"
Arte di Chiara,arts_and_crafts,,https://www.artedichiara.com/,,Rome,"41,7862671","12,3952758"
Arte e Cornici,art_gallery,,Ingen webbplats,,Rome,"41,8175278","12,4462425"
Arte e Danza Collatino,dance_school,,http://www.collatino2.com/,,Rome,"41,8914047","12,5716277"
Arte in Movimento asd.,dance_school,,http://www.arteinmovimentoasd.it/,,Rome,"41,9450542","12,5681343"
Arte in Regola,arts_and_entertainment,,http://www.arteinregola.it/,,Rome,"41,8969876","12,4698035"
Arte in Voce,art_museum,,http://www.arteinvoce.it/,,Rome,"41,9074622","12,463408"
Arte Maieutica,theatre,,http://www.artemaieutica.org/,,Rome,"41,8679766","12,4902593"
Arte Sempione,art_gallery,,Ingen webbplats,,Rome,"41,9354143","12,5348132"
Arte&Mani - Deaf Italy ETS,theatre,,http://www.artemanideafitaly.org/,,Rome,"41,9132494","12,5074077"
Arte2o Music Academy,music_school,,https://linktr.ee/arte2omusicacademy,,Rome,"41,8776611","12,4408929"
Arteatrio,theatre,,http://www.arteatrio.it/,,Rome,"41,9447489","12,5693262"
Artedanza Roma,dance_school,,https://artedanzaroma.it/,,Rome,"41,8041247","12,4365022"
Artedattore,performing_arts,,http://www.artedattore.it/,,Rome,"41,8940349","12,4648616"
Artedintorni,arts_and_entertainment,,Ingen webbplats,,Rome,"41,8563295","12,452214"
Artedoro,art_restoration,,Ingen webbplats,,Rome,"41,93822","12,53431"
Artefab,art_restoration,,https://twitter.com/artefabxyz?s=20&t=7RxfniumFbgna01YGFfHpg,,Rome,"41,8805035","12,4766208"
artefiamminga,art_gallery,,http://artefiamminga.com/,,Rome,"41,85791164","12,55748418"
Arteggiando,art_restoration,,Ingen webbplats,,Rome,"41,75655","12,53308"
ArteGraffa,graphic_designer,,https://www.artegraffa.it/,,Rome,"41,8345206","12,5564474"
Artelier,art_gallery,,Ingen webbplats,,Rome,"41,9277241","12,5113671"
Artemarcia sas,arts_and_crafts,,http://www.artemarcia.it/,,Rome,"41,8868377","12,5180246"
Artemisia gallery,art_gallery,,Ingen webbplats,,Rome,"41,90794","12,45588"
ArteNatura,art_school,,Ingen webbplats,,Rome,"41,87887","12,41638"
Arteoratv,art_gallery,,http://www.arteoratv.it/,,Rome,"42,06096","12,37328"
ArteSpettacolo,dance_school,,http://www.artespettacolo.net/,,Rome,"41,7771168","12,436387"
Artesse Gallery,art_gallery,,https://artesse.bisiconcept.com/,,Rome,"41,9091362","12,4761783"
ArtEssere MSG Music,performing_arts,,Ingen webbplats,,Rome,"41,8780535","12,5411513"
ArtEtica,arts_and_entertainment,,http://www.annaavelli.it/,,Rome,"41,90796","12,45392"
Artétoiles a.s.d,dance_school,,http://www.artetoiles.net/,,Rome,"41,9450255","12,5682247"
Artgallery di Alfredo Tramutoli,art_gallery,,https://tramutoliart.com/,,Rome,"41,9326791","12,5375306"
Artheka 32,art_gallery,,Ingen webbplats,,Rome,"41,727348","12,2902562"
Arthemisia,art_gallery,,http://www.arthemisia.it/,,Rome,"41,8939831","12,4748545"
Arthes Gallery,art_gallery,,Ingen webbplats,,Rome,"41,8981488","12,4664483"
Arti & Spettacolo,performing_arts,,http://www.accademiadelleartiroma.it/,,Rome,"41,85877","12,4425"
"ARTI & SUONI - Scuola di musica di ""Fede In Azione"" s.c.s. Onlus",music_school,,https://arti-suoni-di-fede-in-azione-societa-cooperativa.business.site/?m=true,,Rome,"41,7843081","12,4362522"
Arti Diffuse,theatre,,http://www.artidiffuse.it/,,Rome,"41,8833711","12,4832244"
Arti e Suoni Scuola di Musica,music_school,,https://fedeinazione.vozanet.org/,,Rome,"41,7835971","12,43594"
Arti Grafiche P&B,screen_printing_t_shirt_printing,,http://pb20086.wix.com/pb2008,,Rome,"41,8570731","12,6035671"
Arti Grafiche Roma,graphic_designer,,http://www.artigraficheroma.it/,,Rome,"41,8737405","12,5251687"
Arti Plastiche di Morucci Riccardo & co sas,movie_television_studio,,http://www.artiplastiche.it/,,Rome,"41,92333","12,4701"
Artidee - Laboratorio della Musica e delle Arti,art_school,,http://www.artidee.org,,Rome,"41,8363003","12,4881935"
"Artificialia, Wunderkammer Roma",theatre,,https://www.wunderkammer-roma.com/,,Rome,"41,9366389","12,5278729"
Artificio ostiense presso Centro culturale Affabulazione,arts_and_entertainment,,https://artificioostiense.com/,,Rome,"41,7361133","12,2657616"
Artificio Post,cinema,,Ingen webbplats,,Rome,"41,8833556","12,4603036"
Artificio6,theatre,,Ingen webbplats,,Rome,"41,8781126","12,5454488"
Artigianadesign,arts_and_crafts,,http://www.artigianadesign.it/,,Rome,"41,9312432","12,6239354"
Artigiano dell'Ottone Ventura Maurizio,arts_and_crafts,,https://www.artigianodellottone.it/,,Rome,"41,8964924","12,4573046"
Artindipendent,art_gallery,,http://www.artindipendent.com/,,Rome,"41,9413223","12,4695938"
Artists Academy,music_school,,https://artistsacademy.it/,,Rome,"41,8241568","12,5070398"
Artithesi,art_school,,http://www.artithesidas.it/,,Rome,"41,9538373","12,5214851"
Artonworld.com - Casa Editrice Multimediale Internazionale Indipendente,newspaper_and_magazines_store,,http://www.artonworld.com/,,Rome,"41,88420171","12,50882715"
Artotek,cultural_center,,http://www.artotek.it/,,Rome,"41,8511964","12,4772856"
artQ13,museum,,http://www.artq13.com/,,Rome,"41,8792344","12,4838842"
ArtS,arts_and_entertainment,,http://stores.ebay.it/ArtS-ArteContemporanea,,Rome,"41,85717","12,56025"
ArtSharing Roma,community_services_non_profits,,https://www.artsharingroma.it/,,Rome,"41,863841","12,4471673"
Artstore Agostinelli,art_gallery,,http://artstoreagostinelli.com/,,Rome,"41,7801177","12,3387843"
Arvalia Scuola di Musica,music_school,,http://www.arvaliascuolamusica.com/,,Rome,"41,842386","12,457814"
Asa Nisi Masa,broadcasting_media_production,,http://www.asanisimasa.it/,,Rome,"41,9196176","12,4548025"
ASC Danzacom,arts_and_entertainment,,http://www.danzacom.it/,,Rome,"41,7948176","12,4874343"
Ascla Takaynamo,arts_and_entertainment,,https://twitter.com/#!/asclatakaynamo,,Rome,"41,9612981","12,3809959"
Asd arabesque,arts_and_entertainment,,Ingen webbplats,,Rome,"41,8792091","12,5713391"
ASD artestudiodanza,art_school,,http://www.asd-artestudiodanza.it/,,Rome,"41,9630509","12,5330512"
Asd Ballerina,dance_school,,Ingen webbplats,,Rome,"41,788348","12,378934"
Asd Centro Studi R. Danza,art_school,,Ingen webbplats,,Rome,"41,8903495","12,5535797"
ASD Compañia Saoko - Scuola di ballo e danze caraibiche - folkloriche,dance_school,,http://www.companiasaoko.it/,,Rome,"41,8088512","12,6274196"
Asd Dance Art Studio,dance_school,,http://www.danceartstudio.it/,,Rome,"41,8548523","12,4057282"
ASD Dance Dance School,dance_school,,http://www.dance-dance.it/,,Rome,"42,0035286","12,4817305"
ASD DanzaRe,dance_school,,http://www.centrodanzaroma70.it/,,Rome,"41,8358572","12,5069243"
ASD Fit Stop,dance_school,,https://www.asdfitstop.it/,,Rome,"41,8480228","12,4562265"
ASD Guateque,dance_school,,http://www.romasalsa.com/,,Rome,"41,8627901","12,4798218"
ASD Le Papillon,dance_school,,Ingen webbplats,,Rome,"41,8220819","12,6386905"
ASD Marius Petipa,dance_school,,https://www.asdmariuspetipa.com/,,Rome,"41,98121","12,51918"
ASD Monteverde Danza e Movimento - MDM -,dance_school,,Ingen webbplats,,Rome,"41,8701235","12,4459951"
ASD Officina della danza,dance_school,,Ingen webbplats,,Rome,"41,8787918","12,4480234"
ASD Stem ballet Company,dance_school,,http://www.stemballetcompany.it/,,Rome,"41,8668201","12,6236421"
Asd Style Dance,dance_school,,https://www.francescapolicastro.it/,,Rome,"41,8068748","12,6224694"
ASEQ,bookstore,,https://aseq.it/,,Rome,"41,8979157","12,4746526"
Asian Film Festival,cinema,,http://www.asianfilmfestival.info/,,Rome,"41,8955","12,47268"
ASLAN - Laboratorio Identitario,theatre,,http://laboratorioaslan.blogspot.com/,,Rome,"41,90605","12,50394"
Ass. Frattina Ass.Culturale Internazionale,community_services_non_profits,,https://www.artboxfrattina.com/,,Rome,"41,9014147","12,4696345"
Ass. Int. Galleria Il Collezionista,art_gallery,,http://www.galleryart-ilcollezionista.it/,,Rome,"41,9023924","12,48679"
Ass. Teatrodanza 85,theatre,,http://www.teatrodanza85.it,,Rome,"41,8663033","12,6564426"
Ass.Cult.Minestrone d'Arte - Scuola di Teatro Musica e Danza,music_school,,http://www.minestronedarte.com/,,Rome,"41,94343323","12,42454072"
Asse Communication,media_agency,,http://www.assecommunication.com/,,Rome,"41,8318745","12,4648598"
Assetto Teatro,theatre,,https://www.assettoteatro.it/contatti/,,Rome,"41,8851313","12,5170329"
Assi del Palcoscenico,theatre,,http://www.assidelpalcoscenico.it/,,Rome,"41,90799","12,45069"
"Associazione ""Arte per l'arte""",community_services_non_profits,,http://www.arteperlarte.com/,,Rome,"41,914701","12,5041359"
Associazione ”Cenaclul de la Roma”,cultural_center,,Ingen webbplats,,Rome,"41,8699584","12,5769661"
Associazione Accademia Europea Musicale - MANT,music_venue,,http://www.accademiaeuropeamusicale.com/,,Rome,"41,8891805","12,5130539"
Associazione Amici di Luigi Vittorio Ferraris,cultural_center,,Ingen webbplats,,Rome,"41,9451206","12,4666004"
Associazione Amici di Villa Strohl-fern,art_museum,,http://www.villastrohlfern.it/,,Rome,"41,9137","12,47722"
Associazione Araldica Genealogica Italiana,library,,https://www.aagi.it/,,Rome,"41,9219803","12,5092855"
Associazione Artesanía Laboratorio Creativo,arts_and_entertainment,,Ingen webbplats,,Rome,"41,8508853","12,4524374"
Associazione Centro Internazionale CinemAvvenire,cinema,,https://unnuovosguardo.wixsite.com/unnuovosguardo,,Rome,"41,9298547","12,5191497"
Associazione CentRocelle,cultural_center,,http://www.associazionecentrocelle.it/,,Rome,"41,8779711","12,5656558"
Associazione Culturale  Ecliss'Arte,community_services_non_profits,,Ingen webbplats,,Rome,"41,9171","12,41504"
"Associazione culturale ""Il Centro"" per la crescita personale",cultural_center,,Ingen webbplats,,Rome,"41,86835","12,48681"
"Associazione culturale ""Laura Lombardo Radice""",community_services_non_profits,,http://www.iford.eu/,,Rome,"41,9088481","12,517758"
"Associazione Culturale ""Un Mondo Up-Arte""",arts_and_entertainment,,Ingen webbplats,,Rome,"41,7739651","12,3524681"
Associazione Culturale AegeaMosaici,art_school,,https://www.aegeamosaici.com/,,Rome,"41,8924746","12,4666607"
Associazione Culturale Archivio Boetti,cultural_center,,http://www.archivioalighieroboetti.it/,,Rome,"41,9085298","12,4704629"
Associazione Culturale Argo,cultural_center,,http://www.argoroma.com/,,Rome,"41,8974791","12,3852626"
Associazione Culturale Aristofane,community_services_non_profits,,http://asscultaristofane.wixsite.com/ass-aristofane,,Rome,"41,9520087","12,5311923"
Associazione Culturale Clemente Riva,community_services_non_profits,,http://associazioneclementeriva.wordpress.com/,,Rome,"41,7372429","12,2839543"
Associazione Culturale Cosmos - Teatro,community_services_non_profits,,http://Cosmosteatro.it/,,Rome,"41,82502","12,39763"
Associazione Culturale Due Gatti,community_services_non_profits,,http://www.associazioneculturaleduegatti.it/,,Rome,"41,9116863","12,5212102"
Associazione culturale e ricreativa Molino,arts_and_entertainment,,Ingen webbplats,,Rome,"41,7949038","12,5325497"
Associazione culturale e teatrale Luce dell'Arte,theatre,,http://www.manoscritti.wixsite.com/lucedellarteedizioni/,,Rome,"41,8880332","12,5623638"
Associazione Culturale Eibisì,community_services_non_profits,,http://www.eibisi.org/,,Rome,"41,8990957","12,5605795"
Associazione culturale elgirò,arts_and_entertainment,,http://www.elgiro.it/,,Rome,"41,77722","12,34983"
Associazione Culturale EOS,art_gallery,,http://www.eoscultura.it/,,Rome,"41,8900446","12,5136034"
Associazione Culturale Eufonia,community_services_non_profits,,http://www.eufonia.eu/,,Rome,"41,9344336","12,5113832"
Associazione Culturale Flauto Magico,music_school,,http://associazioneflautomagico.com/,,Rome,"41,9287759","12,4155419"
Associazione Culturale Flumen,cultural_center,,http://www.flumen.it/,,Rome,"41,8794868","12,5063472"
Associazione Culturale Futura,arts_and_entertainment,,Ingen webbplats,,Rome,"41,8803677","12,5862438"
Associazione Culturale Habana-Roma,cultural_center,,Ingen webbplats,,Rome,"41,9209051","12,7245512"
Associazione culturale I Fuselli Rossi,community_services_non_profits,,Ingen webbplats,,Rome,"41,8605468","12,6211272"
"Associazione Culturale Il Tempietto""",music_venue,,http://www.tempietto.it/,,Rome,"41,9403092","12,5342318"
Associazione culturale JARI,community_services_non_profits,,http://www.jariassociazioneculturale.com/,,Rome,"41,92163","12,48718"
Associazione Culturale L'altra Roma,cultural_center,,http://www.laltraroma.net/,,Rome,"41,8707113","12,5276756"
Associazione Culturale L'Attico,art_gallery,,http://www.fabiosargentini.it/,,Rome,"41,8962298","12,4734439"
Associazione Culturale La Compagnia Instabile di Roma,theatre,,https://www.youtube.com/@lacompagniainstabilediroma7244,,Rome,"41,8806106","12,4265383"
Associazione Culturale Molly Malone,arts_and_entertainment,,Ingen webbplats,,Rome,"41,88914","12,4715543"
Associazione Culturale MotivArti,arts_and_entertainment,,Ingen webbplats,,Rome,"41,76413","12,35769"
Associazione Culturale Musica Nova,music_school,,http://www.musica-nova.it/,,Rome,"41,9715425","12,4335021"
Associazione Culturale Novamusica e Arte,music_school,,http://www.novamusica.it/index.html,,Rome,"41,9616092","12,5307107"
Associazione Culturale Numen,community_services_non_profits,,http://www.universonumen.it/,,Rome,"41,8620885","12,4876914"
"Associazione Culturale Poker d'Assi ""Fans Club""",community_services_non_profits,,http://www.associazioneculturalepokerdassi.it/,,Rome,"41,9626016","12,5188912"
Associazione Culturale Punto & Virgola aps,community_services_non_profits,,http://www.puntoevirgola.eu/,,Rome,"41,8810224","12,4733764"
Associazione Culturale Sinopie,cultural_center,,http://www.sinopie.it/,,Rome,"41,8942422","12,4799852"
Associazione culturale Skenè,theatre,,https://teatrosfr.wixsite.com/associazioneskene,,Rome,"41,862579","12,5023008"
Associazione Culturale Sociale Sportiva Nuovi Spazi,community_services_non_profits,,http://acssnuovispazi.org,,Rome,"41,8911122","12,5332271"
Associazione Culturale Sol Fa Mi Scuola di Musica,music_school,,Ingen webbplats,,Rome,"41,77465","12,43739"
"Associazione Culturale Teatrale ""Sirio 87""",community_services_non_profits,,Ingen webbplats,,Rome,"41,8668045","12,6290889"
Associazione Culturale Teatro Due Roma,theatre,,http://www.teatrodueroma.it/,,Rome,"41,9034291","12,484299"
Associazione Culturale Teatro Empatico di Leana Palmieri,theatrical_productions,,Ingen webbplats,,Rome,"42,0212213","12,3746302"
Associazione Culturale TEATROinSTALLA,theatre,,Ingen webbplats,,Rome,"41,76288","12,2994706"
Associazione Culturale Tierra Latina,community_services_non_profits,,http://www.tierralatina.it/,,Rome,"41,8660597","12,5506794"
Associazione Culturale Tommaso d'Aquino,music_school,,http://www.tommasodaquino.it/,,Rome,"41,9077342","12,4566973"
Associazione Culturale Torraccia,community_services_non_profits,,http://www.actorraccia.com/,,Rome,"41,949031","12,5873766"
Associazione Culturale Tris d'Arte,theatre,,http://www.trisdarte.it/,,Rome,"41,85423","12,43767"
Associazione culturale Y=V.F Experience,arts_and_entertainment,,http://www.wix.com/site/review?t=5-Go688sVD7ksf9TRg02zBBkEZH0lyIKgwUqcIeKbxMK_IO4g9czBKbWNK6cjyH4xsHfepC4hUr12RcZroFA5KS,,Rome,"42,0813359","12,3634708"
Associazione Culturale Zip Zone,arts_and_entertainment,,http://www.zipzone.it/,,Rome,"41,886543","12,463567"
Associazione Culture del Mondo,community_services_non_profits,,https://linktr.ee/culturedelmondo,,Rome,"41,8975284","12,4763413"
Associazione Happy Days,arts_and_entertainment,,Ingen webbplats,,Rome,"41,8849127","12,5195255"
Associazione Historia (Teatro Sociale),theatre,,http://www.associazionehistoria.blogspot.com/,,Rome,"41,861728","12,48785"
Associazione Il Sentiero aps,music_school,,http://acilsentiero.it/,,Rome,"41,8427811","12,4098401"
Associazione Italiana Biblioteche - AIB,library,,http://www.aib.it/,,Rome,"41,9057811","12,5079276"
Associazione Italiana Danzatori,community_services_non_profits,,http://www.aidonline.it/,,Rome,"41,862565","12,4704724"
Associazione Italiana dei Professori di Diritto Penale,library,,Ingen webbplats,,Rome,"41,9014131","12,5124219"
Associazione Italiana Musica in Scena,music_venue,,Ingen webbplats,,Rome,"41,8681","12,48477"
Associazione Libera-mente,theatre,,http://www.teatroliberamente.com/,,Rome,"41,9216847","12,5504944"
Associazione Luigia Tincani per la promozione della cultura,community_services_non_profits,,https://lumsa.it/it/associazione-tincani,,Rome,"41,903174","12,462809"
Associazione Musica Monteverde,music_school,,http://www.musicamonteverde.com/,,Rome,"41,8713912","12,4560142"
Associazione Musicale A. Corelli,music_venue,,http://www.associazionemusicalecorelli.wordpress.com/,,Rome,"41,7434767","12,2885884"
Associazione Musicale Eschilo,music_school,,http://www.associazionemusicaleeschilo.org/,,Rome,"41,8253204","12,4773074"
Associazione Musicale Muzio Clementi,music_venue,,http://www.associazioneclementi.org/,,Rome,"41,8928139","12,4893261"
Associazione Musicale Reggina Domenico Scarlatti AMRDS,music_venue,,http://www.amrds.it/,,Rome,"41,92067","12,52323"
Associazione Nazionale Filmaker e Videomaker Italiani,community_services_non_profits,,http://associazionefilmaker.com/,,Rome,"41,899572","12,5156343"
Associazione SottoSopra,cultural_center,,https://www.associazione-sottosopra.it/,,Rome,"41,8899037","12,4984977"
Associazione Spazio 360,cultural_center,,http://www.spazio360.eu/,,Rome,"41,8568192","12,5665703"
Associazione Spazio Mecenate,art_gallery,,http://www.spaziomecenate.com/,,Rome,"41,8918605","12,4992707"
Associazione Studio 121,cultural_center,,Ingen webbplats,,Rome,"41,89965","12,43633"
Associazione Torre Jacova,arts_and_entertainment,,http://www.asstorrejacova.it/,,Rome,"41,85796","12,71152"
Associazione Virginiasette,arts_and_entertainment,,http://www.virginiasette.com/,,Rome,"41,8764204","12,5230287"
AssoKappa Roma,arts_and_entertainment,,Ingen webbplats,,Rome,"41,8630455","12,5529876"
Astracult,cinema,,https://t.me/joinchat/RQsKY-Sx72CPt4zu,,Rome,"41,94674","12,53379"
Atelier Art by ILIAN Rachov,art_gallery,,http://www.ARTBYILIAN.com/,,Rome,"41,9060779","12,4894595"
Atelier Cannatà,art_school,,https://ateliercannata.it/,,Rome,"41,88594","12,51423"
Atelier degli Artisti Roma,art_gallery,,http://www.atelierdegliartisti.it/,,Rome,"41,87217","12,45717"
Atelier del Possibile,cultural_center,,http://www.atelierdelpossibile.it/,,Rome,"41,9571879","12,3839151"
Atelier dell'Attore Responsabile,arts_and_entertainment,,http://www.atelierattoreresponsabile.com/,,Rome,"41,8766513","12,5652867"
Atelier Montez,art_gallery,,https://montez.it/product-category/books-and-editorials/,,Rome,"41,926231","12,536674"
Atlantic,cinema,,http://www.ferrerocinemas.it,,Rome,"41,860865","12,555519"
Atlantico Roma,music_venue,,http://www.atlanticoroma.it/,,Rome,"41,8171889","12,463013"
Attitude Rome Pole asd,art_school,,http://www.attituderomepole.it/,,Rome,"41,8715097","12,5991319"
"Audas Scuola di Recitazione ""H.demia del Grano""",theatre,,http://www.hdemiadelgrano.altervista.org/,,Rome,"41,865107","12,5501273"
audioland-postpro.it,movie_television_studio,,http://www.instagram.com/audioland.spinelli,,Rome,"41,8714099","12,5206394"
Auditorium Ara Pacis,auditorium,,Ingen webbplats,,Rome,"41,9063608","12,4756497"
Auditorium Conciliazione,theatre,,http://www.auditoriumconciliazione.it,,Rome,"41,9025396","12,4635585"
Auditorium del Massimo,theatre,,http://www.auditorium.it/,,Rome,"41,8300853","12,4579491"
Auditorium Della Scienza E Della Tecnica,auditorium,,Ingen webbplats,,Rome,"41,8403617","12,4623114"
Auditorium Due Pini,auditorium,,Ingen webbplats,,Rome,"41,9438561","12,3830092"
Auditorium Due Pini,theatre,,Ingen webbplats,,Rome,"41,9479451","12,4621113"
Auditorium Ennio Morricone,auditorium,,http://www.lettere.uniroma2.it/it/pagina-base/ufficio-eventi,,Rome,"41,852413","12,62102"
Auditorium Giuseppe Avolio,auditorium,,http://www.cia.it/auditorium1,,Rome,"41,9146091","12,4756634"
Auditorium Parco Della Musica - Cavea,auditorium,,Ingen webbplats,,Rome,"41,9000892","12,4984281"
Auditorium Parco della Musica Ennio Morricone,music_venue,,https://www.auditorium.com/en/,,Rome,"41,9289367","12,4748652"
Auditorium Pineta Sacchetti,auditorium,,Ingen webbplats,,Rome,"41,9052516","12,426352"
Auditorium RAI del Foro Italico,auditorium,,http://it.wikipedia.org/wiki/Rai,,Rome,"41,931817","12,457657"
Auditorium Sala Santa Cecilia,auditorium,,Ingen webbplats,,Rome,"41,9267644","12,4763171"
Auditorium San Leone Magno,theatre,,http://www.cinecircoloromano.it,,Rome,"41,921486","12,5158418"
Auditorium San Pio X - Angelo Brizi,auditorium,,Ingen webbplats,,Rome,"41,919589","12,4413187"
Auditorium Santa Chiara,theatre,,http://www.auditoriumsantachiara.it/,,Rome,"41,8109839","12,44955"
Auditorium Santa Croce,auditorium,,Ingen webbplats,,Rome,"41,8905381","12,5111866"
Auditorium Via Rieti,auditorium,,http://www.auditoriumviarieti.it/Index.htm,,Rome,"41,9123657","12,4982781"
Auditorium Via Veneto Spazio Cultura,auditorium,,http://www.auditoriumviaveneto.it/,,Rome,"41,90593","12,48936"
Augustus Color,arts_and_entertainment,,http://www.augustuscolor.com/,,Rome,"41,9301625","12,5904627"
Aula Magna - La Sapienza,theatre,,Ingen webbplats,,Rome,"41,9018292","12,5114274"
Aula Studio Spinacity,library,,Ingen webbplats,,Rome,"41,787921","12,4460721"
"Aula Studio/Mediateca Simon Bolivar, Aaron Swartz. Lab Puzzle",cultural_center,,https://t.me/mediatecalabpuzzle,,Rome,"41,94502","12,53622"
Aurelia Books,bookstore,,http://www.aureliabooks.it,,Rome,"41,8816784","12,4257411"
Auro 87 Comics,bookstore,,http://www.sisal.com,,Rome,"41,895773","12,430005"
Aut Aut Live Music & Dart Club,music_venue,,Ingen webbplats,,Rome,"41,888346","12,47744"
AV Dance Academy,dance_school,,Ingen webbplats,,Rome,"41,8628036","12,6746066"
Avalon Roma,game_publisher,,Ingen webbplats,,Rome,"41,91182","12,459322"
Aviolibri,bookstore,,http://www.aviolibri.com/,,Rome,"41,8959191","12,5147231"
Avos Project - Scuola Internazionale di Musica,music_venue,,http://www.avosproject.it/,,Rome,"41,9095806","12,4769091"
Axé - Villa Borghese,art_gallery,,Ingen webbplats,,Rome,"41,9097536","12,4855329"
Az2015,arts_and_crafts,,http://www.az2015vernici.it/contatti-indirizzo-orari/,,Rome,"41,7358696","12,2964211"
Azienda Speciale Palaexpo,art_gallery,,http://www.palaexpo.it/,,Rome,"41,8993489","12,4906611"
Azzolino Art Gallery,art_gallery,,http://www.azzolinoartgallery.com/,,Rome,"41,9028002","12,4743045"
Azzurra cartolibreria,bookstore,,http://ww.facebook.com/pg/azzurracartolibreria.1999/about/?ref=page_internal,,Rome,"41,8439781","12,5483265"
B.ARTE,art_gallery,,http://www.borghinicontemporanearte.it/,,Rome,"41,9058337","12,479199"
B&BFilm,broadcasting_media_production,,http://www.bbfilm.tv/,,Rome,"41,8950112","12,449225"
B2win SPA,arts_and_entertainment,,http://www.ecare.it,,Rome,"41,8622833","12,5909842"
B4 Communication,graphic_designer,,http://www.b4com.it/,,Rome,"41,90066","12,43809"
B49 Studio,art_gallery,,http://www.lineab.net/,,Rome,"41,883774","12,534259"
Bab el Kasbah,art_gallery,,http://www.babelkasbah.net/,,Rome,"41,899465","12,467961"
Baburka Production,cinema,,http://www.baburkaproduction.com/,,Rome,"41,8768001","12,5534517"
Babylandia Park,arts_and_entertainment,,http://Babylandiapark.it/,,Rome,"41,9019511","12,6899398"
Babylon Gallery SRL,art_gallery,,http://www.babylongallery.it,,Rome,"41,8727157","12,4464974"
BACCgallery,art_gallery,,http://www.baccgallery.com/,,Rome,"41,8966932","12,4925085"
Bachateame NIGHT - Palacavicchi Sala Bachata,performing_arts,,http://www.palacavicchidisco.it/,,Rome,"41,81473","12,58758"
Backdiscolive,dance_club,,http://www.backdiscolive.it/,,Rome,"41,9711652","12,4334287"
Backstage Studios,music_school,,http://www.backstagestudios.it,,Rome,"41,8761645","12,6509016"
Bad Romance swingers club,dance_club,,http://www.swingersbadromanceclub.com/,,Rome,"41,8777588","12,4729055"
Bad Romance Swingers Club Privè Roma,arts_and_entertainment,,https://badromanceclub.com/,,Rome,"41,8777284","12,4728457"
Baila Con Luis School,dance_school,,Ingen webbplats,,Rome,"41,8576402","12,5882695"
Baila Dance,dance_school,,https://www.bailadance.it/,,Rome,"41,8943224","12,4131373"
Baila TamTam dance school,dance_school,,Ingen webbplats,,Rome,"42,00342","12,4810479"
Bailamos page,dance_school,,http://www.bailamos.it/,,Rome,"41,81322","12,62697"
Baires Produzioni,cinema,,https://it.wikipedia.org/wiki/Maurizio_Tedesco,,Rome,"41,9211245","12,4636634"
Balla&Snella Roma EUR,dance_school,,https://ballaesnellaromaeur.it/,,Rome,"41,8359402","12,466308"
Balla&Snella Roma Portuense,art_school,,http://ballaesnellaromaportuense.com/,,Rome,"41,8516878","12,4478977"
BallaconmebyAnnalisa,dance_school,,https://ballaconmebyannalisa.com/,,Rome,"41,8516819","12,4478951"
Ballad Caffè Ristorante,jazz_and_blues,,http://www.balladcaffe.com/,,Rome,"41,893307","12,515178"
Ballandi,broadcasting_media_production,,http://www.ballandi.com/,,Rome,"41,909374","12,4678293"
Ballandi Entertainment SPA,arts_and_entertainment,,http://www.ballandi.com,,Rome,"41,918898","12,461945"
Ballet America - Roma,dance_school,,http://balletamerica.it/,,Rome,"41,8806377","12,4740759"
Ballet asd San Lorenzo,art_school,,Ingen webbplats,,Rome,"41,897831","12,5165997"
Balletto di Roma,dance_school,,http://www.ballettodiroma.com/,,Rome,"41,9274573","12,4258921"
Balletto di Roma,performing_arts,,https://www.ballettodiroma.com/,,Rome,"41,8981299","12,4274582"
Balloon Artist,arts_and_entertainment,,http://www.balloonartist.it/,,Rome,"41,851251","12,4348364"
Balthazar Management,theatre,,http://www.balthazarmanagement.com/,,Rome,"41,9074909","12,463518"
BAM Biblioteca Abusiva Metropolitana,library,,http://bambibliotecaabusivametropolitana.noblogs.org/,,Rome,"41,8789736","12,5665876"
Bambagia Testaccio,dance_club,,Ingen webbplats,,Rome,"41,8752524","12,474677"
Bancarella del Professore,bookstore,,http://www.comprolibriusati.com/,,Rome,"41,9116368","12,4751198"
Banchi 141,art_gallery,,https://banchi141.business.site/,,Rome,"41,8975232","12,4678365"
Banco 13,bookstore,,http://oberdan13.webnode.it/,,Rome,"41,9202069","12,4687344"
Banco 8 Colli Albani,bookstore,,http://www.libriscolasticiroma.it/orari%20colli%20albani%20mercatino%20libri.html,,Rome,"41,8678894","12,5321999"
Bancolibri Cinecittà,bookstore,,http://www.bancolibri.it/,,Rome,"41,8599267","12,5728947"
Bancolibri Sulla Strada,bookstore,,https://bancolibri.it/,,Rome,"41,8901574","12,5641506"
Bancolibri.it,bookstore,,http://www.bancolibri.it/,,Rome,"41,7382944","12,2890615"
Bar Lux Caffetteria,cinema,,http://www.cinemadiroma.it/,,Rome,"41,9264124","12,5147038"
Bar Music,music_venue,,Ingen webbplats,,Rome,"41,7371369","12,2582745"
bar.lina,art_gallery,,http://www.barlina.org/,,Rome,"41,8951608","12,5174918"
Barattolo Art,art_gallery,,http://www.galleriabarattolo.it/,,Rome,"41,8853465","12,4676152"
Barberini Film,cinema,,http://www.bibifilmtv.com/,,Rome,"41,91063","12,45783"
Barnum Semin-teatro,theatre,,http://www.barnumseminteatro.it,,Rome,"41,8590056","12,4900091"
Barreras Tango Academy,dance_school,,http://www.maurobarreras.com/,,Rome,"41,87708","12,54016"
Barrio de la Salsa,dance_school,,https://www.barriodelasalsa.it/,,Rome,"41,8884769","12,4969482"
Barry Harris International school Rome,performing_arts,,http://www.bhirome.com/,,Rome,"41,870327","12,483331"
Basement Roma,art_gallery,,http://www.basementroma.org/,,Rome,"41,9154616","12,45776"
Basile Contemporary,art_gallery,,http://www.basilecontemporary.com/,,Rome,"41,8988411","12,4709826"
Basilica Sotterranea di Porta Maggiore,museum,,http://www.beniculturali.it/mibac/opencms/MiBAC/sito-MiBAC/Luogo/MibacUnif/Luoghi-della-Cultura/visualizza_asset.html?id=151701&pagename=57,,Rome,"41,8917024","12,5162099"
Bateras Beat Roma,music_school,,Ingen webbplats,,Rome,"41,7921123","12,407282"
Battiti Scuola,music_school,,https://www.battitiscuola.com/,,Rome,"41,8841612","12,5298412"
BAZ biblioteca popolare,library,,Ingen webbplats,,Rome,"41,91118","12,44798"
BBDanceArt,dance_school,,http://bbdanceart.it/,,Rome,"41,8762245","12,4524632"
BbMusic - Scuola di Musica,record_label,,http://www.bbmusic.it/,,Rome,"41,9154827","12,4563056"
BDA Broadway Dance Academy,dance_school,,Ingen webbplats,,Rome,"41,8714114","12,4825281"
BdR - Scuola di Danza,dance_school,,http://www.bdrscuoladidanza.it/,,Rome,"41,9309255","12,4916087"
Be dance,dance_school,,http://www.bedance.it/,,Rome,"41,8753834","12,4685486"
Be Different Magazine,print_media,,http://www.bedifferentmagazine.it/,,Rome,"41,9384359","12,4776986"
Be Fit - Dance School,dance_school,,http://www.befit.it/,,Rome,"41,874924","12,453254"
Be Unique - Art Academy,dance_school,,http://www.beuniqueartacademy.it/,,Rome,"41,826738","12,6110008"
Be Voice,music_school,,Ingen webbplats,,Rome,"41,8935519","12,5380622"
BEAT Records Company,record_label,,http://www.beatrecords.it/,,Rome,"41,914518","12,4411677"
Beautiful Night Club Roma,dance_club,,http://www.beautifulclub.it/,,Rome,"41,93605","12,51672"
BeBop Jazz Club Rome,jazz_and_blues,,http://www.bebopjazzclub.net/,,Rome,"41,8752274","12,4794466"
BeCool Club,dance_club,,Ingen webbplats,,Rome,"41,8714802","12,4760121"
Beep Studios,mass_media,,http://www.beepstudios.com/,,Rome,"41,8731596","12,4508601"
Belladonna Discoclub,dance_club,,Ingen webbplats,,Rome,"41,861777","12,553751"
Bertani Dai,arts_and_entertainment,,http://www.officinab5.it/,,Rome,"41,88768","12,46871"
Berti Optometria,photography_store_and_services,,http://www.otticaberti.it/,,Rome,"41,9091376","12,4521753"
Best Mood Eventi,arts_and_entertainment,,http://www.bestmood.it/,,Rome,"41,8733745","12,5182091"
Best Service,art_school,,http://www.indacoatelier.it/,,Rome,"41,92995","12,5384"
Bestiary,arts_and_entertainment,,Ingen webbplats,,Rome,"41,75677","12,3675"
Bettina Corallo Ostia,dance_club,,http://www.exe.discotecadiroma.it/,,Rome,"41,7144478","12,3173034"
Bhaktivedanta Cultural And Educational Library,library,,http://bibliothe.blogspot.it/,,Rome,"41,8952501","12,4789624"
Bharata Natyam - Roma,dance_school,,http://annalisamigliorini.wix.com/bharatanatyamroma,,Rome,"41,8923656","12,5046078"
Bianca Film,broadcasting_media_production,,Ingen webbplats,,Rome,"41,9470407","12,4712883"
Biancamano & Spinetti,cinema,,http://www.biancamanospinetti.com/,,Rome,"41,8941296","12,4745822"
Bianco Contemporaneo,art_gallery,,http://www.lastellinaartecontemporanea.com/,,Rome,"41,9200165","12,5063254"
Bibliobus S.Maria della Pietà,library,,Ingen webbplats,,Rome,"41,9408922","12,4195423"
Bibliocabina di Torresina,library,,http://www.torresina.net/,,Rome,"41,9311454","12,400732"
Bibliocaffè Letterario,library,,http://www.bibliotu.it/.do,,Rome,"41,86689","12,47904"
Bibliomediateca Accademia Nazionale di Santa Cecilia,library,,bibliomediateca.santacecilia.it,,Rome,"41,9293803","12,4744221"
Bibliomelograno,cultural_center,,http://www.ilmelogranoitalia.it/,,Rome,"42,05842","12,37406"
Biblionova,library,,http://www.biblionova.it/,,Rome,"41,9304763","12,4648975"
Bibliopoint Alessandra Tarducci,library,,http://www.icferraironi.it/CMS/index.php?option=com_content&view=category&layout=blog&id=23&Itemid=128&lang=it,,Rome,"41,87923","12,55779"
Bibliopoint Beatrice Costanzo,library,,Ingen webbplats,,Rome,"41,9190696","12,5076186"
Bibliopoint Biblioteca Artemisia,library,,http://www.iisviasandi.it/,,Rome,"41,9483","12,53009"
Bibliopoint Ennio Morricone - I.C. Ennio Morricone,library,,https://www.icenniomorricone.edu.it/,,Rome,"41,9433282","12,5750888"
Bibliopoint Perlasca - Biblioteca I.C. Giorgio Perlasca - Pietralata,library,,https://instabio.cc/bibliopointperlasca,,Rome,"41,9219199","12,5505106"
Bibliopoint San Lorenzo ,library,,http://www.coopoltre.org/cosa-facciamo/bibliopoint,,Rome,"41,8980599","12,5156753"
Bibliopoint Senza Confini - IC Fidenae,library,,http://www.comprensivofidenae.edu.it/,,Rome,"41,9701298","12,517655"
Bibliotanas,library,,Ingen webbplats,,Rome,"41,91792","12,41436"
Biblioteca Ain Karim,library,,http://www.ainkarim.it/,,Rome,"41,9037239","12,5429094"
Biblioteca Aldo Fabrizi,library,,https://www.bibliotechediroma.it/opac/library/biblioteca-aldo-fabrizi/RMBE2,,Rome,"41,9378672","12,5846919"
Biblioteca Angelica,library,,http://www.beniculturali.it/mibac/opencms/MiBAC/sito-MiBAC/Luogo/MibacUnif/Luoghi-della-Cultura/visualizza_asset.html?id=153975&pagename=57,,Rome,"41,9005742","12,4743838"
Biblioteca Antonino de Stefano,library,,biblioteca.corteconti.it,,Rome,"41,9142301","12,4607245"
Biblioteca Arcipelago,library,,https://www.bibliotechediroma.it/opac/library/biblioteca-arcipelago-auditorium/RMBM1,,Rome,"41,8410223","12,4842199"
Biblioteca Area Giuridica - Università Tor Vergata,library,,http://juris.biblio.uniroma2.it/,,Rome,"41,85134","12,62932"
Biblioteca Beato Angelico,library,,http://www.senato.it/biblioteca,,Rome,"41,8982889","12,47763"
Biblioteca Biasa,library,,http://www.archeologica.librari.beniculturali.it/index.php?it%2F106%2Finfo-orari,,Rome,"41,898693","12,480587"
Biblioteca Boaga Facoltà di Ingegneria Civile e Industriale,library,,http://boaga.ing.uniroma1.it/,,Rome,"41,89323","12,493"
Biblioteca Borghesiana,library,,http://www.comune.roma.it/wps/portal/pcr?jp_pagecode=biblioteca_borghesiana.wp&ahew=jp_pagecode,,Rome,"41,8609435","12,6708026"
Biblioteca Casa del Parco,library,,http://www.bibliotu.it/.do#0,,Rome,"41,91382","12,42261"
Biblioteca Casanatense,library,,http://www.casanatense.beniculturali.it/,,Rome,"41,8987066","12,4794699"
Biblioteca centrale Facoltà di architettura -  Sapienza Università di Roma,library,,https://web.uniroma1.it/bca/,,Rome,"41,9195827","12,4787092"
Biblioteca Centrale Giuridica,library,,Ingen webbplats,,Rome,"41,9044255","12,470534"
Biblioteca Centrale Ragazzi,library,,http://www.bibliotu.it/,,Rome,"41,8932747","12,4731738"
Biblioteca Chigiana,library,,http://anagrafe.iccu.sbn.it,,Rome,"41,9012024","12,479867"
Biblioteca Civica di Montorio al vomano,library,,http://www.comune.montorio.te.it/,,Rome,"41,9131043","12,5062818"
Biblioteca Cnr Artov,library,,http://biblioteca.artov.rm.cnr.it/,,Rome,"41,8391097","12,646457"
Biblioteca Colli Portuensi,library,,https://www.bibliotechediroma.it/opac/library/biblioteca-colli-portuensi/RMBR1,,Rome,"41,867654","12,444171"
Biblioteca Collina della Pace,library,,http://www.bibliotu.it/biblioteca/collinadellapace,,Rome,"41,8636101","12,6852252"
Biblioteca Condominiale Al Cortile,library,,https://palazzodeiferrovieri1915memoria2015.wordpress.com/,,Rome,"41,8751267","12,4684262"
Biblioteca Condominiale La Quercia - Mario Brancoli,library,,Ingen webbplats,,Rome,"41,89483","12,43581"
Biblioteca Cornelia,library,,https://www.bibliotechediroma.it/opac/library/biblioteca-cornelia/RMBT2,,Rome,"41,9067118","12,3935625"
Biblioteca del Conservatorio Santa Cecilia di Roma,library,,http://www.conservatoriosantacecilia.it,,Rome,"41,9073884","12,4785027"
Biblioteca del Dipartimento di Lettere e Culture Moderne,library,,https://web.uniroma1.it/sbs/home,,Rome,"41,9022027","12,5151409"
Biblioteca del Dipartimento di Studi Orientali,library,,Ingen webbplats,,Rome,"41,8952413","12,5046262"
Biblioteca del Fumetto a Mezzocammino,library,,Ingen webbplats,,Rome,"41,8007091","12,4213509"
Biblioteca del Paziente,library,,http://www.ifo.it/index/biblioteche/biblioteca-paziente.html,,Rome,"41,801825","12,4488613"
Biblioteca del Policlinico,library,,Ingen webbplats,,Rome,"41,9301334","12,4297317"
Biblioteca del Polo Universitario Giovanni XXIII,library,,Ingen webbplats,,Rome,"41,9348749","12,4275624"
Biblioteca dell'Accademia dei Lincei e Corsiniana,library,,www.lincei.it/biblioteca,,Rome,"41,8933623","12,4668112"
Biblioteca dell’Accademia Nazionale di Danza,library,,http://bibliotecadanzaccademia.blogspot.com/,,Rome,"41,8838686","12,4850154"
Biblioteca dell'Area Biomedica,library,,Ingen webbplats,,Rome,"41,856435","12,633324"
Biblioteca della Camera dei Deputati,library,,http://anagrafe.iccu.sbn.it,,Rome,"41,8991","12,47864"
"Biblioteca della Cartiera Latina ""Fabrizio Giucca""",library,,https://www.parcoappiaantica.it/home/servizi/biblioteca,,Rome,"41,8684173","12,5025035"
Biblioteca della Corte Costituzionale,library,,http://www.cortecostituzionale.it/ActionPagina_955.do,,Rome,"41,8990654","12,4864773"
Biblioteca della Direzione Studi e Documentazione ENEA,library,,http://anagrafe.iccu.sbn.it,,Rome,"41,9327595","12,4645956"
Biblioteca della Federazione Italiana delle Associazioni Partigiane,library,,Ingen webbplats,,Rome,"41,9090511","12,4700545"
Biblioteca della Nonviolenza,library,,http://bibliotecadellanonviolenza.it/,,Rome,"41,897214","12,476244"
Biblioteca delle Arti,library,,http://www.icr.beniculturali.it/pagina.cfm?usz=3&uid=222&umn=253,,Rome,"41,8850946","12,4749517"
Biblioteca delle Scuole Pie di S Pantaleo,library,,Ingen webbplats,,Rome,"41,8983254","12,4744309"
Biblioteca Deutscher Künstlerverein in Rom,library,,http://www.casadigoethe.it/,,Rome,"41,9090118","12,4770699"
Biblioteca di Alchimia e Spagyria,library,,Ingen webbplats,,Rome,"41,83281","12,46594"
Biblioteca di Archeologia e Storia dell’Arte,library,,https://vive.cultura.gov.it/it/biblioteca-archeologia-e-storia-arte,,Rome,"41,8964297","12,4809886"
Biblioteca di Area delle Arti,library,,Ingen webbplats,,Rome,"41,9038652","12,4964985"
Biblioteca di Area delle Arti - Università degli studi Roma Tre,library,,http://www.sba.uniroma3.it/it/biblioteche/baa-biblioteca-di-area-delle-arti,,Rome,"41,8636774","12,4793467"
Biblioteca di Area di Scienze Economiche Pierangelo Garegnani,library,,http://anagrafe.iccu.sbn.it,,Rome,"41,8510852","12,4803902"
Biblioteca di area giuridica - Università degli Studi Roma Tre,library,,http://www.sba.uniroma3.it/it/biblioteche/giu-biblioteca-di-area-giuridica,,Rome,"41,8618052","12,4797962"
"Biblioteca di Area Umanistica ""Giorgio Petrocchi"" - Roma Tre",library,,https://sba.uniroma3.it/biblioteche/biblioteca-di-area-umanistica-giorgio-petrocchi/,,Rome,"41,8506423","12,4752773"
Biblioteca di Documentazione Pedagogica,library,,http://www.indire.it,,Rome,"41,826278","12,475664"
Biblioteca di Geologia - Università degli Studi La Sapienza,library,,Ingen webbplats,,Rome,"41,9399266","12,5145919"
Biblioteca di Geriatria,library,,Ingen webbplats,,Rome,"41,9067785","12,5098079"
"Biblioteca di Medicina e Psicologia ""Ernesto Valentini""",library,,https://web.uniroma1.it/bibvalentini/,,Rome,"41,8965036","12,5161299"
Biblioteca di Scienze Biomediche,library,,https://web.uniroma1.it/saimlal/strutture/biblioteca,,Rome,"41,9060663","12,5180623"
Biblioteca di Scienze Economiche - Università degli Studi Roma Tre,library,,https://sba.uniroma3.it/biblioteche/biblioteca-di-area-di-scienze-economiche-pierangelo-garegnani/,,Rome,"41,8510374","12,4804156"
Biblioteca di Scienze Politiche ,library,,https://opac.uniroma1.it/SebinaOpacRMS/.do,,Rome,"41,9036014","12,5152602"
Biblioteca di Storia della Musica - Sapienza,library,,https://bibliomusicasapienza.wordpress.com/,,Rome,"41,9025126","12,5157773"
Biblioteca di Storia Moderna e Contemporanea,library,,http://www.bsmc.it/,,Rome,"41,8939954","12,4782695"
Biblioteca di Villa Altieri Roma,library,,http://biblioteca-provinciale.provincia.roma.it/,,Rome,"41,8909985","12,5080297"
Biblioteca DIAEE,library,,https://web.uniroma1.it/diaee/biblioteche/biblioteca-diaee,,Rome,"41,89319","12,493793"
Biblioteca Dipartimento CoRiS,library,,https://web.uniroma1.it/bibliocoris/,,Rome,"41,914115","12,496958"
Biblioteca Dipartimento ISO - Sapienza Università di Roma,library,,https://web.uniroma1.it/bibiso/,,Rome,"41,8964555","12,5205946"
Biblioteca Dipartimento MISU,library,,https://opac.uniroma1.it/SebinaOpacRMS/article/biblioteche-sapienza/biblioteche,,Rome,"41,9072916","12,5133204"
Biblioteca Don Bosco,library,,http://anagrafe.iccu.sbn.it,,Rome,"41,9605355","12,5195436"
Biblioteca e Raccolta Teatrale del Burcardo,history_museum,,http://www.burcardo.org,,Rome,"41,8959776","12,4753404"
Biblioteca EEHAR,library,,http://www.eehar.csic.es/,,Rome,"41,8963876","12,4846798"
Biblioteca Elio Pagliarani,library,,http://www.associazioneletterariapremioeliopagliarani.it/,,Rome,"41,90717","12,444492"
Biblioteca Elsa Morante,library,,http://www.comune.roma.it/wps/portal/pcr?jppagecode=biblioteca_elsa_morante.wp,,Rome,"41,7320258","12,2709884"
Biblioteca Ennio Flaiano,library,,http://www.bibliotechediroma.it/,,Rome,"41,9471522","12,5311995"
Biblioteca Enzo Tortora,library,,https://www.bibliotechediroma.it/opac/library/biblioteca-enzo-tortora/RMBA3,,Rome,"41,8768951","12,4776281"
Biblioteca Europea,library,,https://www.bibliotechediroma.it/opac/library/biblioteca-europea/RMBA1,,Rome,"41,9130402","12,4987097"
Biblioteca Fabrizio Giovenale,library,,https://www.bibliotechediroma.it/opac/library/biblioteca-fabrizio-giovenale/RMBWA,,Rome,"41,933372","12,560122"
"Biblioteca Facoltà di Medicina e Odontoiatria, Sapienza",library,,Ingen webbplats,,Rome,"41,9085381","12,5131468"
Biblioteca Federico Caffè Sapienza Università di Roma,library,,https://web.uniroma1.it/dip_ecodir/dipecodir/strutture/biblioteca,,Rome,"41,90499","12,51844"
Biblioteca Flaminia,library,,http://www.comune.roma.it/wps/portal/pcr?jp_pagecode=biblioteca_flaminia.wp&ahew=jp_pagecode,,Rome,"41,923402","12,47044"
Biblioteca Fondazione Besso,library,,http://anagrafe.iccu.sbn.it,,Rome,"41,8964453","12,4771053"
Biblioteca Franco Basaglia,library,,https://www.bibliotechediroma.it/opac/library/biblioteca-franco-basaglia/RMBU1,,Rome,"41,93054","12,41585"
Biblioteca Galline Bianche,library,,https://www.bibliotechediroma.it/opac/library/biblioteca-galline-bianche/RMBV1,,Rome,"41,9956245","12,4858398"
Biblioteca Generale Carmelitana,library,,http://archivioocarm.com/,,Rome,"41,901297","12,4997958"
"Biblioteca Generale di Economia ""Enrico Barone""",library,,http://web.uniroma1.it/bibbarone/,,Rome,"41,9056966","12,5192355"
Biblioteca Gianfranco Becchere,library,,http://www.bibliotecabecchere.org/,,Rome,"41,85709","12,58153"
Biblioteca Gianni Rodari,library,,http://www.comune.roma.it/wps/portal/pcr?jp_pagecode=biblioteca_gianni_rodari.wp&ahew=jp_pagecode,,Rome,"41,8810542","12,589103"
Biblioteca Gioacchino Gesmundo,library,,http://www.liceocavour.gov.it/framework/,,Rome,"41,8927179","12,4912083"
Biblioteca Giordano Bruno,library,,https://www.bibliotechediroma.it/opac/library/giordano-bruno/RMBS1,,Rome,"41,9110736","12,4519574"
Biblioteca Goffredo Mameli,library,,https://www.bibliotechediroma.it/opac/library/biblioteca-goffredo-mameli/RMBF1,,Rome,"41,8893846","12,5246315"
Biblioteca Guglielmo Marconi,library,,https://www.bibliotechediroma.it/opac/library/biblioteca-guglielmo-marconi/RMBQ1,,Rome,"41,86245","12,46511"
Biblioteca IC Manin,library,,https://danielemanin.edu.it/,,Rome,"41,8923725","12,5070159"
Biblioteca Interculturale Cittadini del Mondo,library,,https://www.associazionecittadinidelmondo.it/cosa-facciamo/biblioteca-interculturale-cittadini-del-mondo/,,Rome,"41,861539","12,5488758"
Biblioteca Interdipartimentale,library,,https://web.uniroma1.it/biblodorga/,,Rome,"41,908435","12,513358"
Biblioteca Interdipartimentale Chirurgia - Sapienza - Università di Roma,library,,https://web.uniroma1.it/bibliostefanini/home,,Rome,"41,9080066","12,5099547"
Biblioteca Interdipartimentale di Scienze giuridiche,library,,http://opac.uniroma1.it/SebinaOpacRMS/.do#2,,Rome,"41,9035855","12,5147707"
Biblioteca Invalsi,library,,http://www.invalsi.it/biblioteca/index.php?page=biblioteca_it_00,,Rome,"41,8788773","12,4673816"
"Biblioteca Istituto Comprensivo ""Nando Martellini""",library,,Ingen webbplats,,Rome,"41,88301","12,36055"
Biblioteca Italo-Tedesca di Roma,library,,Ingen webbplats,,Rome,"41,9123814","12,5088105"
Biblioteca Lancisiana,library,,Ingen webbplats,,Rome,"41,9030658","12,4578478"
Biblioteca Laurentina,library,,https://www.comune.roma.it/web/it/istituzione-biblioteche-di-roma-uffici-e-contatti.page?contentId=UFF182670,,Rome,"41,81172","12,4695699"
Biblioteca Longhena,library,,http://www.comune.roma.it/wps/portal/pcr?jp_pagecode=biblioteca_longhena.wp&ahew=jp_pagecode,,Rome,"41,8690626","12,4101728"
"Biblioteca Ludovico Quaroni ""Sapienza"" Università di Roma",library,,https://web.uniroma1.it/pdta/biblioteche/biblioteche,,Rome,"41,9143024","12,4750531"
Biblioteca Luigi Chiarini,library,,https://bibliochiarini.sebina.it/opac/.do,,Rome,"41,8512182","12,5699481"
Biblioteca María Zambrano,library,,http://roma.cervantes.es/it/biblioteca_spagnolo/biblioteca_spagnolo.htm,,Rome,"41,913947","12,500396"
Biblioteca Medica Statale di Roma,library,,http://bibliotecamedicastatale.cultura.gov.it/,,Rome,"41,90638","12,50635"
"Biblioteca Memotef ""Ferdinando Milone"" - Sapienza Università di Roma",library,,https://memotef.web.uniroma1.it/biblioteca-ferdinando-milone,,Rome,"41,9065593","12,5179191"
Biblioteca Nazionale Aikido Massimo Aviotti,library,,Ingen webbplats,,Rome,"41,8545999","12,4444146"
Biblioteca nazionale centrale di Roma,library,,http://www.bncrm.beniculturali.it/,,Rome,"41,9055575","12,508287"
Biblioteca Nelson Mandela,library,,https://www.bibliotechediroma.it/opac/library/Biblioteca%20Nelson%20Mandela/RMBI1,,Rome,"41,885902","12,5117053"
Biblioteca Passepartout - GiovenaleDoc,cultural_center,,https://casalepodererosa.org/biblioteca-passepartout/,,Rome,"41,9439468","12,565527"
Biblioteca Penazzato,library,,http://www.comune.roma.it/wps/portal/pcr?jp_pagecode=biblioteca_penazzato.wp&ahew=jp_pagecode,,Rome,"41,8983979","12,5662945"
Biblioteca Pier Paolo Pasolini,library,,http://www.bibliotechediroma.it/,,Rome,"41,785371","12,440322"
Biblioteca Popolare Casal Bertone,library,,Ingen webbplats,,Rome,"41,8974583","12,5376705"
"Biblioteca Precaria Metropolitana, hotel quattrostelle occupato",library,,Ingen webbplats,,Rome,"41,89194","12,60098"
Biblioteca Provinciale San Francesco a Ripa,library,,https://www.centroculturalearacoeli.org/archivi-biblioteche/biblioteca-s-francesco-a-ripa/,,Rome,"41,8852055","12,4731302"
Biblioteca Raffaello,library,,https://www.instagram.com/accounts/login/?next=%2Fbiblioteca.raffaello%2F,,Rome,"41,8439576","12,5834344"
Biblioteca Regina Apostolorum - Roma,library,,http://www.piediscepole.it/,,Rome,"41,85107","12,42915"
Biblioteca Renato Nicolini,library,,http://www.comune.roma.it/pcr/it/biblioteca_corviale.page,,Rome,"41,8501037","12,4140277"
Biblioteca Rispoli,library,,http://www.bibliotu.it/.do#3,,Rome,"41,897249","12,480283"
Biblioteca Romana A Sarti,library,,http://www.comune.roma.it/wps/portal/pcr?jp_pagecode=biblioteca_romana_sarti.wp&ahew=jp_pagecode,,Rome,"41,8963056","12,4827441"
Bibliotecă românească în Italia / Biblioteca romena in Italia,library,,https://futuroinsieme.wordpress.com/biblioteca-romaneasca-in-italia-biblioteca-romena-in-italia/,,Rome,"41,8841034","12,4920572"
Biblioteca Rugantino,library,,http://www.bibliotechediroma.it/,,Rome,"41,8653685","12,5780832"
Biblioteca San Marco,library,,http://parrocchiasanmarco.altervista.org/la-biblioteca.html,,Rome,"41,8205151","12,4833843"
Biblioteca Sandro Onofri,library,,http://www.bibliotu.it/biblioteca/sandroonofri#0,,Rome,"41,7757689","12,3484924"
Biblioteca SCIAC La Sapienza,library,,Ingen webbplats,,Rome,"41,9085705","12,5053946"
Biblioteca Scienze della Formazione - Roma Tre,library,,https://sba.uniroma3.it/biblioteche/biblioteca-di-area-di-scienze-della-formazione-angelo-broccoli/,,Rome,"41,90146","12,5052"
Biblioteca statale Antonio Baldini,library,,https://bibliotecabaldini.cultura.gov.it/,,Rome,"41,9197361","12,48535"
Biblioteca Studi Politici - Roma Tre,library,,https://sba.uniroma3.it/biblioteche/biblioteca-di-area-di-studi-politici-pietro-grilli-di-cortona/,,Rome,"41,85209","12,47888"
Biblioteca Uil,library,,https://www.istitutostudisindacali.net/biblioteca/,,Rome,"41,9063436","12,4932466"
Biblioteca Universitaria Alessandrina,library,,http://www.alessandrina.cultura.gov.it/,,Rome,"41,902862","12,5150267"
Biblioteca Vaccheria Nardi,library,,https://www.bibliotechediroma.it/opac/library/biblioteca-vaccheria-nardi/RMBE1,,Rome,"41,9139377","12,565311"
Biblioteca Valle Aurelia,library,,http://www.comune.roma.it/wps/portal/pcr?jp_pagecode=biblioteca_valle_aurelia.wp&ahew=jp_pagecode,,Rome,"41,9051324","12,4371233"
Biblioteca Vallicelliana,library,,https://vallicelliana.cultura.gov.it/,,Rome,"41,898206","12,4689213"
Biblioteca Villa Leopardi,library,,https://www.bibliotechediroma.it/opac/library/biblioteca-villa-leopardi/RMBB1,,Rome,"41,9266901","12,5217154"
Biblioteca Villa Mercede,library,,https://bit.ly/bibliotullio,,Rome,"41,8991973","12,514211"
Biblioteca Villino Corsini - Villa Pamphilj,library,,https://www.bibliotechediroma.it/opac/library/biblioteca-villino-corsini-villa-pamphilj/RMBR3,,Rome,"41,88828","12,46094"
Biblioteca Ximenes,library,,http://anagrafe.iccu.sbn.it,,Rome,"41,9113415","12,5093306"
BibliotecadelleDonne,library,,Ingen webbplats,,Rome,"41,8474","12,48479"
Biblioteche di Roma,library,,http://www.bibliotechediroma.it/,,Rome,"41,9195162","12,4880809"
Biblioteche Sapienza,library,,https://www.uniroma1.it/sbs,,Rome,"41,90158","12,51723"
Bibliotheca Hertziana,library,,http://www.biblhertz.it,,Rome,"41,9055261","12,4840911"
Bibloteca,library,,Ingen webbplats,,Rome,"41,89814","12,53514"
Biennale Internazionale dell'Etruria. Cultura ed Arti in Territorio etrusco,art_gallery,,Ingen webbplats,,Rome,"41,91213","12,49668"
Big Art Gallery,art_gallery,,Ingen webbplats,,Rome,"41,8745465","12,5811468"
Big Bang Roma,dance_club,,http://www.bigbangroma.org/,,Rome,"41,874923","12,474326"
Big Mama,dance_club,,Ingen webbplats,,Rome,"41,87474","12,47604"
BIG MUSIC -Associazione Artistico/Musicale,music_school,,http://www.bigmusic.it/,,Rome,"41,9486792","12,3791529"
Big Show Live Band,arts_and_entertainment,,http://www.bigshowliveband.it/,,Rome,"41,8358154","12,4309841"
Biglietteria Agis La Sapienza,cinema,,Ingen webbplats,,Rome,"41,904026","12,517047"
Bike Square Piazza della Bicicletta,dance_club,,https://sites.google.com/a/bikesquare.org/piazzadellabicicletta,,Rome,"41,9025212","12,4810981"
Bim Produzione,arts_and_entertainment,,https://bimproduzione.com/,,Rome,"41,8758735","12,4656132"
Binario Ostiense,arts_and_entertainment,,http://www.binarioostiense.it/,,Rome,"41,8747498","12,4812018"
Binario30 Teatro,theatre,,Ingen webbplats,,Rome,"41,89848","12,50362"
Birrificio Marconi Ostia,dance_club,,https://www.instagram.com/birrificiomarconiostia?igsh=MWtmYmozNmkyM2R5MA%3D%3D,,Rome,"41,7218864","12,3038224"
Bit Music Studio - Scuola di Batteria e Chitarra Roma,music_school,,https://bitmusicstudio.com/,,Rome,"41,9625668","12,4075186"
Bitterfilm,cinema,,Ingen webbplats,,Rome,"41,920726","12,4543825"
Bivisio SRL,media_agency,,http://www.bivision.it,,Rome,"41,894211","12,476496"
Bizzarro Books,arts_and_entertainment,,https://www.redstarpress.it/categoria-prodotto/bizzarro-books/,,Rome,"41,85266","12,49781"
BKStudios,movie_television_studio,,http://www.bradek.it/,,Rome,"41,9149968","12,5039183"
Black Box,dance_club,,http://www.seseventi.com,,Rome,"41,9119336","12,4986708"
Black Box Theater,theatre,,http://www.officinadarte.it/,,Rome,"41,927355","12,4627598"
Black Mirror  Mat Collishaw    Galleria Borghese,museum,,http://www.blackmirror.info/,,Rome,"41,91392","12,49186"
Black Tape Studio,music_production,,http://www.blacktapestudio.com/,,Rome,"41,8945721","12,5477118"
Black World,arts_and_entertainment,,http://www.lep-org.com,,Rome,"41,8444724","12,573837"
Blacklightfilmproduction,movie_television_studio,,http://www.blacklightfilm.com/,,Rome,"41,8805356","12,4749634"
Blackstone Studio,movie_television_studio,,http://www.blackstonestudio.it/,,Rome,"41,9087319","12,4673298"
BLAST,dance_club,,Ingen webbplats,,Rome,"41,8647557","12,4809068"
BLcinevideorental,movie_television_studio,,http://Www.blcinevideorental.com/,,Rome,"41,9430718","12,4600247"
Blind Faith Recording Studio,music_production,,Ingen webbplats,,Rome,"41,891411","12,5318215"
Blitzclub,dance_club,,http://www.blitzroma.it,,Rome,"41,8753616","12,4746411"
Blobteatrodanza Casal Lumbroso,dance_school,,http://www.blobteatrodanza.com/,,Rome,"41,870961","12,356136"
Blockbuster Village - Acilia,bookstore,,http://blockbustervillage.it/,,Rome,"41,781318","12,3657933"
Blu DREAM Academy,dance_school,,https://lauguz77.wixsite.com/bludreamacademy,,Rome,"41,912829","12,5633029"
Blu Rosso Giallo,music_and_dvd_store,,http://www.catalogocd.com,,Rome,"41,944545","12,552111"
BLUE DESK,cultural_center,,http://www.bluedesk.it/,,Rome,"41,8756212","12,5231701"
Blue Moon,dance_club,,http://www.bluemoonshows.it/,,Rome,"41,8964081","12,4964011"
Blue Music di Andrea Fasola,arts_and_entertainment,,https://www.youtube.com/c/bluemusicstudioroma,,Rome,"41,786177","12,432598"
Blue Ocean Recording Studio,music_production,,https://www.youtube.com/channel/UCAWSNvqa0IGbtJUbjrEcGXg/playlists?sort=dd&view=1&shelf_id=0,,Rome,"41,898693","12,430028"
Blue Room,bookstore,,http://www.blueroomcafe.it/,,Rome,"41,8769653","12,5319059"
Bluemoon,dance_school,,Ingen webbplats,,Rome,"41,7780756","12,3318842"
Blues Design,graphic_designer,,http://www.bluesdesign.net/,,Rome,"41,887328","12,504839"
Bluevents srl - provider ECM 836,media_agency,,http://www.bluevents.it/,,Rome,"41,9391332","12,4691691"
Blutopia,music_and_dvd_store,,https://www.discogs.com/it/seller/BlutopiaStore/profile,,Rome,"41,8876678","12,5314089"
Boffi | De Padova Roma,art_gallery,,https://www.boffi.com/en-it/stores/boffi-roma-margutta,,Rome,"41,9092","12,47895"
BOGARTANGO Scuola di Tango argentino,dance_school,,http://www.bogartango.com/,,Rome,"41,8697015","12,5264283"
Bolaffi,framing_store,,http://www.bolaffi.it/,,Rome,"41,90500259","12,48032856"
Bonita Dance Scuola di Ballo,arts_and_entertainment,,Ingen webbplats,,Rome,"41,8850913","12,5595197"
Book-Cycle. Il Ri-Ciclo del Libro,bookstore,,http://www.book-cycle.it/,,Rome,"41,8780841","12,5411429"
Bookabar S.R,library,,Ingen webbplats,,Rome,"41,898618","12,48643"
Bookabar SRL,bookstore,,http://www.libreriearion.it,,Rome,"41,899","12,49011"
Bookish: chiacchiere sui libri,bookstore,,http://www.bookishlibreria.com/,,Rome,"41,9362699","12,5287082"
Books & Brunch,bookstore,,http://www.booksandbrunch.it/,,Rome,"41,879475","12,519809"
Bookshop MUCIV Aditum Cultura,bookstore,,Ingen webbplats,,Rome,"41,86896","12,46774"
"Bookstorie - libri, incontri, racconti",bookstore,,https://www.instagram.com/bookstorielibreria/,,Rome,"41,9352689","12,5276746"
Booktique,bookstore,,http://www.booktique.info/,,Rome,"41,9015844","12,4760843"
Bootleg Recording Studio,record_label,,http://www.bootlegrecordingstudio.com/,,Rome,"41,936405","12,539761"
Borghese Gallery,museum,,https://borghese.gallery/,,Rome,"41,9142412","12,4922664"
Borghetta Stile,arts_and_entertainment,,http://www.borghettastile.it/,,Rome,"41,8710764","12,4755885"
Borgo Meraviglia,arts_and_entertainment,,http://www.borgomeraviglia.it/,,Rome,"41,9104427","12,3657453"
Borgo Pio Art Gallery,art_gallery,,http://www.borgopioartgallery.com/,,Rome,"41,9038943","12,4610248"
Borgo Ripa,dance_club,,http://www.borgoripa.it/,,Rome,"41,8869254","12,4783348"
Borri Books,bookstore,,http://www.borribooks.com/,,Rome,"41,9008466","12,5009672"
Bosco delle Fragole,dance_club,,http://www.discotechearoma.it/il-bosco-delle-fragole.aspIl,,Rome,"41,9340494","12,4523062"
Bosi Artes,art_gallery,,http://www.bosiartes.com/,,Rome,"41,9117681","12,4924903"
Bottega degli Alchimisti,arts_and_entertainment,,http://www.alchimisti.org,,Rome,"41,923733","12,438345"
Bottega di Calligrafia,arts_and_crafts,,http://www.calligrafia.it/,,Rome,"41,908755","12,4586695"
Bouganville Celimontana,arts_and_entertainment,,http://www.bouganvillecelimontana.it/,,Rome,"41,88447","12,49575"
Bounce Factory Dance Studio,dance_school,,Ingen webbplats,,Rome,"41,92673","12,53579"
Box Office Lazio,arts_and_entertainment,,http://www.boxofficelazio.it/,,Rome,"41,8984","12,49652"
Bracci Gallery,art_gallery,,https://www.bmartgallery.com/,,Rome,"41,9073236","12,4706197"
Braccio Di Carlo Magno,museum,,Ingen webbplats,,Rome,"41,89597","12,45531"
Braccio Nuovo,art_museum,,Ingen webbplats,,Rome,"41,9052729","12,4546317"
BraDypUS,broadcasting_media_production,,http://bradypus.net/,,Rome,"41,86334","12,46404"
Brancaleone,dance_club,,http://www.brancaleone.it/,,Rome,"41,9370725","12,5404771"
Brano Inedito,music_production,,http://www.branoinedito.it/,,Rome,"41,9298166","12,3641857"
BrasilVivo,cultural_center,,http://www.brasilvivo.it/,,Rome,"41,89042","12,50902"
Break Video,music_and_dvd_store,,Ingen webbplats,,Rome,"41,8351","12,60188"
Breakfastnight Roma [BKF],dance_club,,Ingen webbplats,,Rome,"41,89564","12,512503"
BreaKTime,dance_club,,http://www.salvatorelucianofurnari.in/,,Rome,"41,9436078","12,5295178"
Bricolage Dance Movement,dance_school,,http://www.bricolagedancemovement.com/,,Rome,"41,8506039","12,4511587"
Broken Spirits Production,movie_television_studio,,https://www.brokenspiritsproduction.art/,,Rome,"41,9464537","12,3907856"
Brunit SRL,arts_and_entertainment,,Ingen webbplats,,Rome,"41,9338928","12,4797338"
Bsocial,media_agency,,http://agencybsocial.it/,,Rome,"41,8705995","12,4782534"
Bungalow Ostia,dance_club,,Ingen webbplats,,Rome,"41,8509291","12,5939774"
Bunker Villa Ada Savoia,museum,,http://www.bunkervillaada.it/,,Rome,"41,9249449","12,4981842"
Buraq Aperetreat,dance_club,,http://www.buraq.it/,,Rome,"41,81917","12,5846997"
Burattini senza Fili,theatre,,Ingen webbplats,,Rome,"41,8642399","12,4682056"
Butterfly,theatre,,http://www.butterflyticket.it/,,Rome,"41,883884","12,5399977"
Butterfly Dance to Be,dance_school,,http://www.asd-butterfly.it/,,Rome,"41,9152875","12,5547295"
C.C.F. - Centro Corsi Fotografia,photography_store_and_services,,https://www.centrocorsifotografia.it/,,Rome,"41,9352757","12,5364112"
C.cartoattack,bookstore,,https://linktr.ee/cartoattack,,Rome,"41,90865","12,69521"
C.S.A. Design,photography_store_and_services,,https://www.csa-design.eu/,,Rome,"41,9083417","12,4150486"
"C'era due volte kids - libreria, spazio gioco-asilo, ludoteca",bookstore,,http://www.ceraduevolte.it/,,Rome,"41,9433767","12,5174265"
Cabala's Queen,dance_club,,http://www.discotechearoma.it/,,Rome,"41,901972","12,472323"
Cacciare TV,television_station,,https://cacciare.tv/,,Rome,"41,928112","12,4617831"
Cacciatori di Note,music_school,,http://www.williamschoolmusic.com/,,Rome,"41,87095","12,59389"
Caffe Latino di Roma,dance_club,,http://caffelatinodiroma.com/,,Rome,"41,8764865","12,4761348"
CAG XIII Municipio - Liberi d'arte,cultural_center,,https://www.liberidarte.it/,,Rome,"41,9114207","12,34997"
Cagne Sciolte,dance_club,,https://cagnesciolte.noblogs.org/,,Rome,"41,8639444","12,4792235"
Cake Academy Roma,arts_and_entertainment,,http://www.cakeacademy.it/,,Rome,"41,9000537","12,4793122"
CakeAcademy,art_school,,https://www.cakeacademyofficial.com/,,Rome,"41,8796263","12,468299"
Calamide,dance_school,,Ingen webbplats,,Rome,"41,739906","12,3368863"
Caleidos creazioni d'arte,arts_and_entertainment,,http://www.vetratedarte.com/,,Rome,"41,879746","12,574352"
Caliban Produzioni Teatrali,theatre,,http://www.calibanproduzioni.it/,,Rome,"41,8786524","12,5071398"
Calidarium - Art Store,art_gallery,,http://www.dariocali.com/,,Rome,"41,88998","12,46961"
California Night Club,dance_club,,http://californianightclub.wixsite.com/californianightclub,,Rome,"41,925201","12,5772756"
Cambi Casa d'Aste,art_gallery,,Ingen webbplats,,Rome,"41,9095154","12,4780822"
Cambiapiano,music_school,,http://www.cambiapiano.com/,,Rome,"41,8855034","12,5327448"
CAMERA 21,art_gallery,,http://www.camera21.it/,,Rome,"41,9077346","12,5226927"
Camera 79 Art Gallery,art_gallery,,https://www.camera79artgallery.com/,,Rome,"41,8910349","12,4689808"
Camera Musicale Romana,music_venue,,https://www.cameramusicaleromana.it/,,Rome,"41,918763","12,49022"
Camera Musicale Romana Project,theatrical_productions,,Ingen webbplats,,Rome,"41,785343","12,517644"
Camera Oscura,art_gallery,,http://www.cameraoscura.org/,,Rome,"41,8827468","12,5193797"
Campo,art_gallery,,http://www.campo.space/,,Rome,"41,8775575","12,5340213"
Campo Sportivo Panichelli,arts_and_entertainment,,Ingen webbplats,,Rome,"41,8672015","12,6471366"
Canale 10,broadcasting_media_production,,https://canaledieci.it/,,Rome,"41,7341345","12,2823633"
Canale 21 - Extra,movie_television_studio,,http://www.canale21.it/,,Rome,"41,9060977","12,5039439"
Candy House,art_gallery,,Ingen webbplats,,Rome,"41,8942331","12,4893848"
Canova Production,movie_television_studio,,https://canovafilmproduction.com/,,Rome,"41,90516","12,54957"
Canova22,art_gallery,,https://www.dancescreenintheland.org/,,Rome,"41,9073273","12,4764889"
Cantagalli Telai,arts_and_entertainment,,https://www.cantagallitelai.it/,,Rome,"41,9012891","12,4072515"
Cantieri Musicali,music_venue,,http://cantierimusicali.it,,Rome,"41,919432","12,455306"
Cantieri Sonori Produzioni,music_production,,http://www.cantierisonori.net/,,Rome,"41,7921145","12,4072054"
Capella Sistina - Vatican,history_museum,,http://www.mv.vatican.va/,,Rome,"41,9036588","12,4543381"
Capital museum tour,museum,,http://capitalmuseumtour.com/,,Rome,"41,90433","12,4596699"
Capitalvideo Produzioni srl,movie_television_studio,,http://www.capitalvideo.net/,,Rome,"41,9142542","12,4574792"
Capitclub,arts_and_entertainment,,http://capitclub.it/,,Rome,"41,8904257","12,5331044"
Capitoline Museums,museum,,Ingen webbplats,,Rome,"41,8929471","12,4825583"
Capitolini,museum,,Ingen webbplats,,Rome,"41,8954556","12,4736834"
Capodanno a Roma,dance_club,,https://www.estateromana.com/blog/promozioni/capodanno-a-roma/,,Rome,"41,901779","12,512163"
Capodanno Atlantico Roma,dance_club,,http://www.capodannoaroma.it/atlantico-live.htm,,Rome,"41,8151355","12,4624392"
Capodanno Castello di Ponte Milvio,dance_club,,http://www.capodannovillamiani.com/,,Rome,"41,94991","12,48356"
Capodanno Roma,arts_and_entertainment,,https://www.capodannoroma.org/,,Rome,"41,87353","12,52701"
Cappella Musicale Pontificia,music_school,,Ingen webbplats,,Rome,"41,8957789","12,47494"
Cappella Niccolina,arts_and_entertainment,,http://it.wikipedia.org/wiki/Cappella_Niccolina,,Rome,"41,9034","12,454619"
Cappelletta di Villa Mirafiori,library,,Ingen webbplats,,Rome,"41,9184297","12,5164907"
Cappuchiner kirken,history_museum,,http://en.wikipedia.org/wiki/Capuchin_Crypt,,Rome,"41,904847","12,488471"
Caracciolo Management & Production Srl,performing_arts,,http://www.caracciolomanagement.com/,,Rome,"41,9407001","12,4667531"
Caracciolo Musical School,music_school,,http://www.caracciolomanagement.com/,,Rome,"41,879093","12,5251921"
Caravan Film,movie_television_studio,,http://www.caravanfilm.it/,,Rome,"41,88125","12,460376"
Carbó Dance Center - Scuola di Ballo Roma,dance_school,,Ingen webbplats,,Rome,"41,8684953","12,6762281"
Carla Sergio Zoobar Roma,dance_club,,http://www.zoobar.roma.it,,Rome,"41,9326179","12,5292346"
Carlotta nel Giardino,art_school,,https://www.instagram.com/carlottanelgiardino/,,Rome,"41,88771","12,47"
Carlucci Gallery,art_gallery,,http://www.carluccigallerie.com/,,Rome,"41,9085133","12,4789778"
Carolyn Smith Dance Academy Roma Flydancing,dance_school,,https://flydancing.it/,,Rome,"41,9424423","12,465381"
Carovana Tribale,dance_school,,https://linktr.ee/carovana_tribale,,Rome,"41,89749","12,51101"
Carpe Diem Home Video s.a.s.,music_and_dvd_store,,http://www.cdhv.it/,,Rome,"41,948308","12,514726"
Carpe Diem Multimedia,arts_and_entertainment,,http://www.carpediemmedia.it/,,Rome,"41,8935521","12,5380628"
Carrousel Piano Bar,dance_club,,Ingen webbplats,,Rome,"41,9078505","12,4886341"
CArt Gallery,art_gallery,,http://www.cart-gallery.com/,,Rome,"41,8965813","12,4787206"
Carta Canta Print Shop,graphic_designer,,http://www.cartacantaprintshop.com/,,Rome,"41,9596805","12,5231747"
Carta e Penna,bookstore,,Ingen webbplats,,Rome,"41,9710301","12,5168768"
Carta Penna e Dintorni di Ridolfi Daniela,bookstore,,Ingen webbplats,,Rome,"41,896655","12,431966"
Carta PerDue Latina,arts_and_entertainment,,http://www.cartaperdue.it/,,Rome,"41,9203","12,50931"
Cartarancia,bookstore,,http://www.cartarancia.it/,,Rome,"41,8636432","12,4688327"
Cartaria Appia,bookstore,,http://www.cartariaappia.it/,,Rome,"41,8758926","12,5095767"
Cartiera 11.7,art_school,,Ingen webbplats,,Rome,"41,8807335","12,5274706"
Cartiera Romaniello,arts_and_entertainment,,Ingen webbplats,,Rome,"41,91895","12,37668"
Cartoidea,bookstore,,Ingen webbplats,,Rome,"41,9026655","12,3888098"
Cartoleria,bookstore,,http://millematite.it/,,Rome,"42,00878","12,51928"
Cartoleria Aurora,book_magazine_distribution,,Ingen webbplats,,Rome,"41,89193","12,50182"
Cartoleria Emy,bookstore,,Ingen webbplats,,Rome,"41,9411387","12,423252"
Cartoleria Lancos,bookstore,,Ingen webbplats,,Rome,"41,7883709","12,3287892"
Cartoleria Libreria Le Petre,bookstore,,https://www.cartolerialepetre.it/,,Rome,"41,86772","12,4478782"
Cartoleria Libreria Sabry,bookstore,,Ingen webbplats,,Rome,"41,8693509","12,5936418"
Cartoleria TERZO PONTE,bookstore,,http://www.cartoleriaterzoponte.it/,,Rome,"41,8145266","12,4817434"
Cartoleria Vertecchi,vinyl_record_store,,https://shop.vertecchi.com/it/,,Rome,"41,9575414","12,4876203"
Cartolibreria 4effe,bookstore,,Ingen webbplats,,Rome,"41,90849","12,68193"
Cartolibreria ABC,bookstore,,Ingen webbplats,,Rome,"41,8392578","12,6248639"
Cartolibreria ALBA,bookstore,,http://WWW.LIBRILIBRI.IT/ALBA,,Rome,"41,8586176","12,6723617"
Cartolibreria C'art Attack,bookstore,,http://www.divacartattack.it/,,Rome,"41,8622919","12,6853334"
Cartolibreria Casa Dello Scolaro,bookstore,,https://swite.com/cartolibreriacasadelloscolaro,,Rome,"41,9486","12,5328"
Cartolibreria De Biasi,bookstore,,http://www.cartolibreriadebiasi.it/,,Rome,"41,909682","12,521468"
Cartolibreria Enzo Lo Medico Lo Medico Enzo,bookstore,,Ingen webbplats,,Rome,"42,0688328","12,3337374"
Cartolibreria Francia,bookstore,,Ingen webbplats,,Rome,"41,92554","12,44259"
Cartolibreria Il Coccio Matto,bookstore,,Ingen webbplats,,Rome,"41,949936","12,5464755"
Cartolibreria Il Quadernone,bookstore,,http://www.ilquadernone.com/,,Rome,"41,8901013","12,5579443"
Cartolibreria L'Arca di Pallozza Nicola,bookstore,,Ingen webbplats,,Rome,"41,974525","12,513284"
Cartolibreria Lapucci Luciano Libreria e Editoria,bookstore,,http://www.poste.it,,Rome,"42,037855","12,310757"
Cartolibreria Marco De Bellis,bookstore,,Ingen webbplats,,Rome,"41,8668033","12,4465977"
Cartolibreria Marietta,bookstore,,Ingen webbplats,,Rome,"42,0701767","12,3369188"
Cartolibreria Menchinella,bookstore,,http://www.librilibri.it/MENCHINELLA/,,Rome,"41,9249845","12,4703049"
Cartolibreria New Fantasy Shop,bookstore,,http://www.newfantasyshop.it/,,Rome,"41,8152835","12,4361435"
CartoLibreria OLIMPIA,bookstore,,https://m.facebook.com/CARTOLIBRERIA-OLIMPIA-di-Daniele-Screpante-156486531087176,,Rome,"41,8766818","12,4534801"
Cartolibreria Planis,bookstore,,https://www.google.com/search?q=CARTOLIBRERIA+ROMA+EUR&oq=cartoli&aqs=chrome.0.69i59j69i57j69i59j0l2j69i60l3.8500j0j4&sourceid=chrome&ie=UTF-8&sxsrf=ACYBGNTSjom4L9_CJb9R7TxsP4sA8bzNOQ%3A1579173325692&npsic=0&rflfq=1&rlha=0&rllag=41559205%2C12507606%2C30139&tbm=lcl&rldimm=16527063273831856211&lqi=ChZDQVJUT0xJQlJFUklBIFJPTUEgRVVSWicKDWNhcnRvbGlicmVyaWEiFmNhcnRvbGlicmVyaWEgcm9tYSBldXI&phdesc=txAfqF2nR3s&ved=2ahUKEwjkgPeI_4fnAhUj06YKHfR3CbIQvS4wAHoECAsQIQ&rldoc=1&tbs=lrf%3A%211m4%211u3%212m2%213m1%211e1%211m4%211u2%212m2%212m1%211e1%212m1%211e2%212m1%211e3%213sIAE%2Clf%3A1%2Clf_ui%3A10&rlst=f#rlfi=hd:,,Rome,"41,7814787","12,4416838"
Cartolibreria socrate,bookstore,,http://www.librisocrate.altervista.org,,Rome,"41,8661474","12,4930024"
Cartolibreria Valente,bookstore,,http://www.cartolibreriavalente.it/,,Rome,"41,8767532","12,5776623"
Cartoservice Roma,newspaper_and_magazines_store,,http://www.cartoservice.it/,,Rome,"41,8344351","12,5960895"
Cartotecnica B&B,bookstore,,Ingen webbplats,,Rome,"41,922019","12,505094"
Casa Atelier,art_gallery,,https://www.lucagiannini.it/,,Rome,"41,9766602","12,4445605"
Casa Balla,museum,,Ingen webbplats,,Rome,"41,9183173","12,4618758"
Casa d'aste - Gaartess,art_gallery,,http://www.gaartess.it/,,Rome,"41,8059765","12,4823434"
Casa dei Bimbi,library,,https://www.bibliotechediroma.it/opac/library/biblioteca-casa-dei-bimbi/RMBL3,,Rome,"41,8520245","12,5927207"
Casa del Cinema,drive_in_theater,,http://www.casadelcinema.it/,,Rome,"41,9108067","12,4876311"
Casa Del Conte DeSimone,arts_and_entertainment,,Ingen webbplats,,Rome,"41,894595","12,4764767"
Casa Del Fumetto srls,bookstore,,http://www.casadelfumetto.it,,Rome,"41,9074338","12,4504781"
Casa del Jazz,jazz_and_blues,,http://www.casadeljazz.com/,,Rome,"41,8737357","12,4945171"
Casa del Pastore / მწყემსის სახლი,art_school,,Ingen webbplats,,Rome,"41,89436","12,48996"
"Casa del Popolo ""Lorenzo Orsetti""",cultural_center,,Ingen webbplats,,Rome,"41,9253345","12,4019766"
"Casa del Popolo ""Pio La Torre""",cultural_center,,Ingen webbplats,,Rome,"41,78484","12,36071"
Casa dell'Architettura,art_museum,,https://casadellarchitettura.it/,,Rome,"41,897688","12,502796"
Casa della Città,cultural_center,,Ingen webbplats,,Rome,"41,8689339","12,4878099"
Casa della Memoria e della Storia,library,,https://www.bibliotechediroma.it/opac/library/biblioteca-casa-della-memoria-e-della-storia/RMBA5,,Rome,"41,8940516","12,4636582"
Casa della Musica,music_venue,,Ingen webbplats,,Rome,"41,902743","12,493781"
Casa della Musica Elefantino verde,music_venue,,https://www.facebook.com/casadellamusicaelefantinoverde,,Rome,"41,9003946","12,4339112"
Casa della Partecipazione,cultural_center,,Ingen webbplats,,Rome,"41,8972274","12,5156655"
Casa delle Letterature,library,,http://www.bibliotechediroma.it/,,Rome,"41,899139","12,468727"
Casa delle stelle,cultural_center,,http://www.oltreilmomento.net/,,Rome,"41,86443","12,4478"
Casa delle Traduzioni,library,,http://www.comune.roma.it/wps/portal/pcr?jppagecode=casa_traduzioni.wp,,Rome,"41,9028624","12,4867978"
"Casa di Goethe, Roma",museum,,http://www.casadigoethe.it/,,Rome,"41,9089852","12,4771786"
Casa Museo Alberto Moravia,museum,,http://www.casaalbertomoravia.it/,,Rome,"41,9212344","12,4662816"
Casa Radio,broadcasting_media_production,,http://www.casaradio.it/,,Rome,"41,9347926","12,5521731"
Casa Spazio Interiore,cultural_center,,http://www.spaziointeriore.com/,,Rome,"41,884946","12,533993"
Casa Utòpia,arts_and_entertainment,,Ingen webbplats,,Rome,"41,88614","12,52974"
Casa Vuota,arts_and_entertainment,,http://www.instagram.com/casavuota/,,Rome,"41,86551","12,54742"
Casale dei Cedrati,bookstore,,http://www.casaledeicedrati.it/,,Rome,"41,8891211","12,4429923"
Casale Dell'ex Mulino,history_museum,,Ingen webbplats,,Rome,"41,8652451","12,5164828"
Casale Podere Rosa,cultural_center,,https://casalepodererosa.org/,,Rome,"41,9440715","12,5654356"
Casale Sant'Eusebio,arts_and_entertainment,,http://www.casalesanteusebio.it/,,Rome,"41,9271644","12,6149547"
Casarecycle,art_gallery,,http://www.recycleit.it/,,Rome,"41,891016","12,543179"
Casares Palace - Sala Slot e VLT,arts_and_entertainment,,Ingen webbplats,,Rome,"41,94756","12,51576"
Case Piperno,arts_and_entertainment,,http://www.casepiperno.it/,,Rome,"41,8956693","12,4773567"
Casina delle Civette,history_museum,,http://www.museivillatorlonia.it/casina_delle_civette,,Rome,"41,914934","12,513064"
Casina di Raffaello - Ludoteca a Villa Borghese,arts_and_entertainment,,http://www.casinadiraffaello.it/,,Rome,"41,91249","12,48662"
Casina Tusculum,arts_and_entertainment,,Ingen webbplats,,Rome,"41,85899","12,559"
Casino Dei Principi,museum,,http://www.museivillatorlonia.it,,Rome,"41,9142283","12,5126597"
Casino dell'Aurora Pallavicini,art_museum,,http://www.casinoaurorapallavicini.it,,Rome,"41,8984","12,4877"
Castelletto Torre Angela,arts_and_entertainment,,Ingen webbplats,,Rome,"41,89127","12,62311"
Castello Orsini Odescalchi-Bracciano,museum,,Ingen webbplats,,Rome,"41,9352155","12,5109002"
Castrianni Pianoforti,music_and_dvd_store,,http://www.pianoforticastrianni.it/,,Rome,"41,8996585","12,4840175"
CAT SOUND International,broadcasting_media_production,,http://www.catsoundinternational.com/,,Rome,"41,9236843","12,4839173"
Cataloghimusicali,music_production,,http://www.cataloghimusicali.it/,,Rome,"41,851933","12,472468"
Catering Roma,dance_club,,http://www.jtcafe.com/,,Rome,"41,8159","12,5706"
Cato Cotu Nardo,radio_station,,https://www.teleradiostereo.it/,,Rome,"41,96976","12,50062"
Cattleya,cinema,,http://www.cattleya.it/,,Rome,"41,9060308","12,5218516"
Cavea Auditorium,auditorium,,Ingen webbplats,,Rome,"41,9291702","12,4747135"
Cayman Copy & Graphics,graphic_designer,,http://www.caymancopygraphics.it,,Rome,"41,8958838","12,5170914"
CBC Ballet Studio,arts_and_entertainment,,Ingen webbplats,,Rome,"41,97824","12,41066"
CBC Conservazione Beni Culturali Società Cooperativa,art_restoration,,http://www.cbccoop.it/,,Rome,"41,8902344","12,5056483"
CCCDS Conservatorio Teatrale Scuola di recitazione GB Diotaiuti,theatre,,http://WWW.CONSERVATORIOTEATRALEDIOTAIUTI.IT/,,Rome,"41,9125178","12,5057084"
CD Cine Dubbing,music_production,,http://www.cinedubbing.net/,,Rome,"41,9428216","12,4322445"
CDA Studio Di Nardo Srl,cinema,,http://www.cdastudiodinardo.com/,,Rome,"41,896006","12,4945115"
CDE Agenzia Coesione Territoriale,library,,http://agenziacoesione.sebina.it/SebinaOpac/.do?sysb=MSEST#0,,Rome,"41,9094266","12,4940825"
Cdk.rome,cultural_center,,Ingen webbplats,,Rome,"41,93147","12,46768"
CDM Centro Didattico Musicale,music_school,,https://www.cdm.roma.it/,,Rome,"41,9409081","12,5351167"
CDR danza e sport,dance_school,,http://www.csendanzaroma.it,,Rome,"41,8786965","12,5394879"
Centenario Alberto Sordi,museum,,https://www.corperlacultura.it/mostre/sordi/,,Rome,"41,8830302","12,4929326"
Centostorie - Libreria per bambini,bookstore,,http://www.centostorie.it/,,Rome,"41,8895873","12,5619109"
Central Park Roma Parco de Medici,dance_club,,http://www.e20mandimandi.com/,,Rome,"41,81821","12,41336"
Centrale Montemartini,museum,,http://www.centralemontemartini.org/,,Rome,"41,8668802","12,4783608"
Centrale Preneste Teatro,theatre,,https://centraleprenesteteatro.it/,,Rome,"41,8897844","12,5345666"
Centro Afro Latino Roma,dance_school,,http://www.ipanemadance.com/,,Rome,"41,9070411","12,4174263"
Centro Alta Formazione Musicale,music_venue,,http://artedelsuonare.wordpress.com/,,Rome,"41,9117065","12,497587"
Centro Arte Piano Zero,dance_school,,http://www.centroartepianozero.it/,,Rome,"41,9105324","12,5173685"
Centro Artistico Culturale Amici della Danza,dance_school,,http://www.amicidelladanza.com/index.htm,,Rome,"41,8703083","12,4678516"
Centro Artistico Culturale Il Leone,art_gallery,,http://www.leonearte.com/,,Rome,"41,8880862","12,5046791"
Centro Congressi Auditorium Aurelia,auditorium,,http://www.geacongress.it/,,Rome,"41,8897149","12,4089657"
"Centro Culturale ""Insieme per""",cultural_center,,http://alessia321af.wix.com/insieme-per-sito,,Rome,"41,8515101","12,4569689"
Centro Culturale Aracoeli,cultural_center,,http://www.centroculturalearacoeli.it/,,Rome,"41,8933","12,48323"
Centro Culturale Artemia,theatre,,http://www.centroculturaleartemia.org/,,Rome,"41,8598819","12,4584155"
Centro Culturale Boncompagni 22,cultural_center,,Ingen webbplats,,Rome,"41,9089346","12,4957704"
Centro Culturale Brasile Italia,cultural_center,,Ingen webbplats,,Rome,"41,8982281","12,4731472"
Centro Culturale Elsa Morante,cultural_center,,http://www.centroelsamorante.roma.it,,Rome,"41,8114071","12,4704129"
Centro culturale internazionale Giovanni Xxiii,cultural_center,,http://studenticentrocigiovannixxiii.blogspot.com/,,Rome,"41,9083363","12,516866"
Centro Culturale Lepetit,cultural_center,,http://centroculturalelepetit.wordpress.com/,,Rome,"41,888549","12,5841069"
Centro Culturale Michele Testa,cultural_center,,http://centroculturalemicheletesta.blogspot.it/,,Rome,"41,8994304","12,5900658"
Centro Culturale Salesiano,theatre,,http://www.donboscocineteatro.it/,,Rome,"41,8576229","12,5670705"
Centro Culturale Santa Maria in Cosmedin,cultural_center,,Ingen webbplats,,Rome,"41,8879","12,48153"
Centro D'iniziativa Popolare Alessandrino,music_venue,,http://www.cipeventi.it,,Rome,"41,88387","12,575555"
Centro Danza Alpha e Omega,dance_school,,Ingen webbplats,,Rome,"41,88012","12,41652"
Centro Danza Maura Paparo Roma,dance_school,,Ingen webbplats,,Rome,"41,9544703","12,4514813"
Centro Danza Raffaelel Paganini,dance_school,,www.scuolaraffaelepaganini.it,,Rome,"41,874141","12,511374"
Centro Danza Villa Ada,dance_school,,http://centrodanzavillaada.it/,,Rome,"41,924712","12,5074722"
Centro Dart,dance_school,,http://www.centrodart.it/,,Rome,"41,8815333","12,5075417"
Centro di Controcultura Mala-Testa,bookstore,,http://rebelstorevolsci41.blogspot.it/,,Rome,"41,8952612","12,5176306"
Centro di Cultura Ebraica,cultural_center,,http://www.culturaebraica.roma.it/,,Rome,"41,8921953","12,4773892"
Centro Di Documentazione Giornalistica,bookstore,,http://www.cdgweb.it,,Rome,"41,899928","12,478994"
Centro di Documentazione Marco Sanna,library,,http://www.mariomieli.net/,,Rome,"41,854433","12,475664"
Centro di Documentazione Maria Baccante - Archivio Storico Viscosa,community_services_non_profits,,http://www.archivioviscosa.org/,,Rome,"41,8944799","12,5369384"
Centro di giornalismo permanente,community_services_non_profits,,https://www.gofundme.com/f/FIRE2024,,Rome,"41,895151","12,515235"
Centro documentazione internazionale Alma Sabatini,cultural_center,,https://www.casainternazionaledelledonne.org/associazioni/centro-documentazione-internazionale-alma-sabatini/,,Rome,"41,89452","12,466"
Centro Doppiaggio SRL,media_agency,,http://www.accademiadoppiaggio.com/corsi_doppiaggio/corso_doppiaggio_roma,,Rome,"41,909621","12,462947"
Centro E.D. Emozione Danza,dance_school,,http://www.emozionedanza.com,,Rome,"41,8914452","12,5890236"
Centro Educazione Movimento,dance_school,,Ingen webbplats,,Rome,"41,8614888","12,5734474"
Centro Ginnastica E Danza Maria Luisa,dance_school,,Ingen webbplats,,Rome,"41,92311","12,417548"
Centro Iniziative Sociali Montesacro,cultural_center,,http://www.cismontesacro.it/,,Rome,"41,9350434","12,5274273"
Centro Internazionale Rocca Romana,cultural_center,,http://www.centroroccaromana.com/,,Rome,"41,9232728","12,4924507"
Centro Invito alla Danza,dance_school,,http://www.centroinvitoalladanza.com/,,Rome,"41,9109107","12,4539876"
Centro Italiano Danza,dance_school,,http://www.centroitalianodanza.it/,,Rome,"41,8475977","12,4858301"
"Centro Luigi di Sarro, Roma",art_gallery,,http://www.centroluigidisarro.it/,,Rome,"41,9090455","12,4640488"
Centro Multidisciplinare Delle Arti,dance_school,,http://www.cmaroma.com/,,Rome,"41,8696045","12,518643"
Centro Musicale srl,music_venue,,http://www.centromusicalesrl.it/,,Rome,"41,9456798","12,5192835"
Centro Nazionale Libro Parlato,bookstore,,http://www.uiciechi.it/,,Rome,"41,9045486","12,48034"
Centro Notabene,bookstore,,http://lindambongiovanni.wix.com/lindamb,,Rome,"41,8877559","12,5330129"
Centro Ottava - Il Centro della Formazione Musicale,music_school,,https://www.centrottava.it/,,Rome,"41,9041475","12,4445239"
Centro Ottico Puntovista di Antonella e Fabio Ciaffi,photography_store_and_services,,,,Rome,"41,8670334","12,486572"
Centro Poesia Roma,cultural_center,,http://www.centropoesia.wordpress.com/,,Rome,"41,84814","12,4905899"
Centro Pro Unione,library,,https://www.prounione.it/,,Rome,"41,8990526","12,4723415"
Centro Produzione TV Elios - Mediaset,movie_television_studio,,http://www.mediaset.it/corporate,,Rome,"41,9386297","12,6194582"
Centro Professionale Danza,dance_school,,https://centroprofessionaledanza.com/,,Rome,"41,9174355","12,3750698"
Centro radiotelevisivo Biagio Agnes,broadcasting_media_production,,www.nobis.it,,Rome,"41,980025","12,495667"
Centro Rai Saxa Rubra,broadcasting_media_production,,http://www.rai.it,,Rome,"41,9806587","12,4937655"
Centro Sonoro Roma,music_school,,http://www.centrosonororoma.it/,,Rome,"41,8886119","12,5263431"
"Centro Sperimentale di Fotografia ""Adams""",arts_and_entertainment,,http://www.csfadams.it,,Rome,"41,8743638","12,4441458"
Centro Sperimentale Televisivo,movie_television_studio,,http://www.ciessetv.it/,,Rome,"41,8959877","12,4971624"
Centro Sportivo Il Baiardo Corte dei Conti,fair,,http://www.ilbaiardo.it/,,Rome,"41,94326","12,49089"
Centro Stampa Aniene,arts_and_entertainment,,Ingen webbplats,,Rome,"41,90877","12,56701"
Centro Studi Acting,performing_arts,,http://www.centrostudiacting.it/,,Rome,"41,8678902","12,4844804"
Centro Studi Americani,library,,http://www.centrostudiamericani.org/,,Rome,"41,89401","12,47831"
Centro Studi Arti Sceniche,theatre,,http://www.centrostudiartisceniche.it/,,Rome,"41,7343132","12,2994557"
Centro Studi Cinematografici,cinema,,http://cscinema.org/,,Rome,"41,8981214","12,4505981"
Centro Studi Clotilde e Maurizio Pontecorvo,library,,https://www.centrostudicmpontecorvo.it/,,Rome,"41,9239676","12,5151528"
"Centro Studi Danza ""Arte e Movimento"" Roma",dance_school,,https://centrostudidanzaarteemovimentodal1983.business.site/,,Rome,"41,8790273","12,5343172"
Centro studi danza classica,dance_school,,http://www.centrostudidanzaclassica.it/,,Rome,"41,871853","12,456088"
Centro Studi Danza Paganini,dance_school,,http://www.centrostudidanzapaganini.it/,,Rome,"41,9308404","12,5247379"
Centro Studi infinite parentesi,cultural_center,,http://facebook.com/infiniteparentesicentrostudi,,Rome,"41,9062919","12,6910475"
Centro Studi Musical,music_school,,http://www.centrostudimusical.info/,,Rome,"41,8296","12,48306"
Centro Studi Musicali,music_venue,,http://www.csmusica.it/,,Rome,"41,91442","12,45913"
Centro Studi Musicali Roma,music_school,,http://www.centrostudimusicaliroma.com/,,Rome,"41,9072289","12,4713824"
Centro Studi Storici PP. Barnabiti,library,,https://www.barnabiti.net/centro-studi-storici/,,Rome,"41,8623","12,48193"
Centro studi sul moderno,cultural_center,,Ingen webbplats,,Rome,"41,86195","12,49345"
Centro Suono Sport 101 5,broadcasting_media_production,,www.centrosuono.com,,Rome,"41,893801","12,588148"
CentroScritture,cultural_center,,http://www.centroscritture.it/,,Rome,"41,89668","12,48529"
Ceramica Artistica Macias,art_gallery,,http://ricardo-macias.com/,,Rome,"41,8803743","12,473712"
Ceramicalab,arts_and_entertainment,,http://Ceramicalab.studio/,,Rome,"41,88846","12,53222"
CeramicArt Studio,arts_and_entertainment,,https://www.rosanantonelli-ceramics.com/,,Rome,"41,8896535","12,5009814"
Cerbero Produzioni,cinema,,http://www.cerberoproduzioni.com/,,Rome,"41,8845043","12,5357884"
Chalet del Benessere,arts_and_entertainment,,http://www.chaletdelbenessere.com/,,Rome,"41,7911389","12,4264256"
Chance Club,dance_club,,http://www.lineapay.it/,,Rome,"41,905017","12,486708"
Chaplin Academy of PerformingArts ASD,arts_and_entertainment,,Ingen webbplats,,Rome,"41,87429","12,52928"
Charleston Musica,music_school,,http://charlestonmusica.com/,,Rome,"41,9419121","12,4223889"
Che palle ovverosia le palle rotte,arts_and_entertainment,,http://www.cinziacotellessa.it/,,Rome,"41,9686","12,44819"
Cherry Wood - Cocktail Bar,dance_club,,Ingen webbplats,,Rome,"41,9103519","12,5194454"
Cherubini,music_and_dvd_store,,http://www.cherubini.com,,Rome,"41,9081056","12,5357615"
Cheyenne - Scuola di Ballo,dance_school,,Ingen webbplats,,Rome,"41,9232","12,41554"
Chi è di scena,dance_school,,https://www.scuoladiteatroroma.com/,,Rome,"41,9398471","12,5446702"
Chiara Atelier Anaclio,graphic_designer,,https://www.behance.net/chiaranaclio,,Rome,"41,8632599","12,4804"
Chicken Records - Music Shop,music_and_dvd_store,,https://www.discogs.com/it/seller/ChickenRecords,,Rome,"41,8954026","12,5567489"
Chiodo Storto Teatro,theatre,,http://www.chiodostorto.it/,,Rome,"41,8114922","12,4461554"
Chioschi Gialli - Libreria Nuova Cultura,bookstore,,http://www.chioschigialli.it/,,Rome,"41,903284","12,5177405"
Chiosco Auditorium,auditorium,,Ingen webbplats,,Rome,"41,930876","12,474412"
Chiostro del Commendatore - borgo santo Spirito - roma,cultural_center,,Ingen webbplats,,Rome,"41,9013545","12,4615467"
Chrystel Dance Axa Academy ,dance_school,,Ingen webbplats,,Rome,"41,76297","12,37143"
Chubbuck Technique Rome,cinema,,https://www.dorisvonthury.it/,,Rome,"41,874111","12,4781969"
Ci sarà sempre qualcuno che,graphic_designer,,http://Www.bestvisualcity.it/,,Rome,"41,7313177","12,276489"
Ciak Village,arts_and_entertainment,,Ingen webbplats,,Rome,"41,9411646","12,4810921"
Ciampi Hammond,music_and_dvd_store,,http://www.hammonditalia.it/,,Rome,"41,9075643","12,4573179"
CIAVY Eventi Roma,dance_club,,Ingen webbplats,,Rome,"41,83586","12,47311"
cicchetteriapigneto,dance_club,,Ingen webbplats,,Rome,"41,8883276","12,5293036"
Cidim - Comitato Nazionale Italiano Musica,music_venue,,http://www.cidim.it/,,Rome,"41,9117212","12,4546703"
Cieloterra,dance_club,,Ingen webbplats,,Rome,"41,904838","12,5359609"
CiemmeWorks,cinema,,http://www.salacinemaincasa.roma.it/,,Rome,"41,950543","12,491104"
Cimitero dei cappuccini - Roma,museum,,http://www.cappucciniviaveneto.it,,Rome,"41,90482","12,48838"
Cine Detour,cinema,,http://www.cinedetour.it/,,Rome,"41,8961847","12,4939717"
Cine-Teatro Castello Scandeluzza,theatre,,https://www.accademiadellestar.it/contatti/,,Rome,"41,92778","12,37576"
Cine.tv.Bistrot,cinema,,Ingen webbplats,,Rome,"41,88471","12,54038"
Cine1 Italia,cinema,,http://www.cine1italia.it/,,Rome,"41,82442","12,48638"
Cine3.tv,cinema,,http://www.cinecitta3.tv/,,Rome,"41,8374328","12,577209"
CineArt Roma Location,cinema,,http://www.cineartroma.eu/,,Rome,"41,93014","12,5902"
Cineaudioeffects Rome,cinema,,http://cineaudioeffects.net/,,Rome,"41,8773433","12,5241078"
CineCantiere,cinema,,https://academycinecantiere.com/,,Rome,"41,92926","12,70737"
Cinecasting Scarduffa,movie_television_studio,,http://www.cinecasting.it/,,Rome,"41,8759144","12,4643784"
Cinecircolo Sant'Enrico,cinema,,https://www.parrocchiasantenrico.it/attivita-e-gruppi/cinecircolo/,,Rome,"41,9456239","12,6009329"
Cinecittà,movie_television_studio,,http://www.cinecittastudios.it,,Rome,"41,85","12,566667"
Cinecittà,cinema,,http://www.cinecitta.com/,,Rome,"41,8517551","12,5777736"
Cinecittà si Mostra - Shows Off,museum,,https://cinecitta.com/visita/,,Rome,"41,8495612","12,5745149"
Cinecitta' Studi Televisivi,movie_television_studio,,http://www.cinecittastudios.it/,,Rome,"41,84973","12,57413"
CinecittàNews,print_media,,https://cinecittanews.it/,,Rome,"41,844153","12,582727"
CinecittàWorld La finale di Ragazza Cinema OK 2025,cinema,,http://www.ragazzacinemaok.it/,,Rome,"41,853085","12,5748457"
Cineclub Loggia Nera Roma Est,cinema,,Ingen webbplats,,Rome,"41,92682","12,56647"
CineCorvialEstate,cinema,,http://cinecorvialestate.it/,,Rome,"41,8497457","12,4140385"
"Cineforum ""Casa della Pace""",cinema,,Ingen webbplats,,Rome,"41,8744323","12,4726471"
Cineforum CSP,cinema,,http://www.csp-palocco.it/,,Rome,"41,7581973","12,3588623"
Cineforum Palestina,cinema,,http://www.aamod.it/,,Rome,"41,8669815","12,4790201"
Cineforum Psicologia Clinica,cinema,,Ingen webbplats,,Rome,"41,89626","12,51595"
Cineforum Seraphicum,auditorium,,https://www.seraphicum.org/cineforum.asp,,Rome,"41,830192","12,481496"
Cineland,cinema,,https://www.cineland.it/,,Rome,"41,7464799","12,28717"
CINEMA,cinema,,http://www.cinemasrl.com/,,Rome,"41,9064017","12,4734259"
Cinema  Alhambra,cinema,,https://barberini.18tickets.it/select_cinema?mandatory=true,,Rome,"41,9003679","12,4275536"
Cinema & Talenti,music_and_dvd_store,,http://www.cinemaetalenti.it/,,Rome,"41,9495354","12,5484117"
Cinema 4 Fontane,cinema,,http://www.circuitocinema.com,,Rome,"41,9013791","12,4918616"
Cinema Admiral,cinema,,http://www.ferrerocinemas.com/admiral/index.php#inside,,Rome,"41,9232104","12,5065165"
Cinema Adriano,drive_in_theater,,http://www.ferrerocinemas.com/adriano/index.php#inside,,Rome,"41,9060169","12,4697046"
Cinema Ambasciatori,cinema,,Ingen webbplats,,Rome,"41,8953314","12,5030374"
Cinema America Occupato,cinema,,http://www.americaoccupato.org,,Rome,"41,887245","12,471289"
Cinema Antares,cinema,,http://www.mycityplex.it/,,Rome,"41,9384668","12,535116"
Cinema Atlantic,drive_in_theater,,http://www.ferrerocinemas.com/atlantic/index.php#inside,,Rome,"41,8608488","12,5554402"
Cinema Autogestito Spin Time Labs,cinema,,Ingen webbplats,,Rome,"41,890373","12,511092"
Cinema Avorio,cinema,,Ingen webbplats,,Rome,"41,8892152","12,5264525"
Cinema Azzurro Scipioni,cinema,,http://www.silvanoagosti.com/cinema-azzurro,,Rome,"41,908398","12,458181"
Cinema Barberini,cinema,,http://www.cinemabarberini.it/,,Rome,"41,9035931","12,489034"
Cinema Broadway,cinema,,http://www.cinemabroadway.com/,,Rome,"41,8822477","12,5657544"
Cinema Caravaggio,cinema,,http://www.cinemacaravaggio.it/,,Rome,"41,9185061","12,49332"
Cinema dei Piccoli,cinema,,https://www.cinemadeipiccoli.com/,,Rome,"41,9117337","12,4876234"
Cinema delle Provincie,drive_in_theater,,http://www.cinemadelleprovincie.it/,,Rome,"41,9109324","12,5214195"
Cinema delle Rondini,cinema,,Ingen webbplats,,Rome,"41,862725","12,594615"
Cinema dipinto,cinema,,http://www.google.it/,,Rome,"41,74192","12,26041"
Cinema Doria,cinema,,Ingen webbplats,,Rome,"41,96882","12,43478"
Cinema Europa SRL,cinema,,http://www.mycityplex.it,,Rome,"41,921328","12,4168422"
Cinema Farnese,cinema,,http://www.cinemafarnese.it/,,Rome,"41,8952748","12,472563"
Cinema Fiamma,cinema,,http://fiamma.ccroma.circuitocinema.com,,Rome,"41,9052992","12,4926948"
Cinema Filmstudio,cinema,,http://www.romafilmstudio.it/,,Rome,"41,8965255","12,4643774"
Cinema Giulio Cesare,cinema,,www.circuitocinema.com,,Rome,"41,9087861","12,4559778"
Cinema Intrastevere,drive_in_theater,,https://intrastevere.cdr.18tickets.it/,,Rome,"41,8921","12,4684903"
Cinema King,cinema,,https://www.circuitocinema.com/,,Rome,"41,928367","12,508503"
Cinema LUX di Roma (Via Massaciuccoli),drive_in_theater,,http://www.luxroma.it/index.php,,Rome,"41,9263745","12,5148939"
Cinema Madison,cinema,,http://www.cinemamadison.it/,,Rome,"41,8535608","12,4793062"
Cinema Maestoso,cinema,,http://www.circuitocinema.com/cinema/roma/maestoso.html,,Rome,"41,8751411","12,5219151"
Cinema Mignon,cinema,,http://mignon.ccroma.circuitocinema.com/,,Rome,"41,911863","12,498228"
Cinema Multisala Lux,cinema,,https://www.cinemadiroma.it/,,Rome,"41,9264478","12,5145687"
Cinema Nuovo Olimpia,cinema,,http://www.circuitocinema.com,,Rome,"41,90287","12,478926"
Cinema Pirata,cinema,,Ingen webbplats,,Rome,"41,97721","12,51417"
Cinema Players Official,cinema,,http://www.cinemaplayers.it/,,Rome,"41,88045","12,47336"
Cinema Politecnico,cinema,,Ingen webbplats,,Rome,"41,923985","12,469184"
Cinema Reale,cinema,,http://www.ferrerocinemas.com/reale/index.php#inside,,Rome,"41,8892614","12,4743355"
Cinema Roma,cinema,,Ingen webbplats,,Rome,"41,888459","12,47393"
Cinema Roxy Parioli,cinema,,http://www.cineroxyparioli.it,,Rome,"41,922338","12,481"
Cinema Starplex,cinema,,http://www.starplex.it,,Rome,"41,9587022","12,3996767"
Cinema Teatro Don Bosco Roma,theatre,,https://www.liveticket.it/donboscoroma,,Rome,"41,8575157","12,5670668"
Cinema Teatro San Timoteo,cinema,,http://cineteatrosantimoteo.com,,Rome,"41,7519923","12,355503"
Cinema Tibur,cinema,,http://www.cinemadiroma.it,,Rome,"41,8970644","12,5152711"
Cinema Tiziano sito ufficiale,cinema,,Ingen webbplats,,Rome,"41,92858","12,4677059"
Cinema Trianon,cinema,,http://www.mycityplex.it/,,Rome,"41,8750896","12,5260957"
Cinema Troisi,cinema,,http://www.cinematroisi.it/,,Rome,"41,8849488","12,4717684"
Cinema Ulisse,cinema,,Ingen webbplats,,Rome,"41,9080434","12,5354894"
Cinemadamare,cinema,,http://www.cinemadamare.com/,,Rome,"41,9099899","12,4392589"
CinemaForte,cinema,,https://forteprenestino.net/attivita/cinema,,Rome,"41,8923134","12,5692292"
CinemaLab Roma,movie_television_studio,,http://www.cinemalabroma.com/,,Rome,"41,872167","12,5106882"
CinemaLive,cinema,,http://www.cinemalive.it/,,Rome,"41,8290729","12,4738627"
CinemÀP,cinema,,https://www.apaccademia.it/cinemap/,,Rome,"41,8569543","12,5716781"
CineMasterclass,cinema,,http://www.cinemavvenire.it/,,Rome,"41,8951657","12,5177409"
Cinematic Party,cinema,,http://www.cinematicfolks.com/,,Rome,"41,8923106","12,4971199"
Cinemaundici,cinema,,http://www.cinemaundici.it/,,Rome,"41,91631","12,46664"
Cinemino Icon,cinema,,https://cineminoicon.wordpress.com/,,Rome,"41,88819","12,47483"
Cinemusa,broadcasting_media_production,,http://www.cinemusa.it/Home.aspx,,Rome,"41,9158713","12,4623422"
Cineporto,cinema,,http://www.cineporto.com/,,Rome,"41,936564","12,462069"
Cinestudi Dear,movie_television_studio,,www.rai.it,,Rome,"41,94039","12,54692"
Cineteatro 33,theatre,,http://www.ssredentoreroma.it/index.php/teatro,,Rome,"41,947328","12,5277702"
CineTeatro L'aura,theatre,,http://www.teatrolaura.org/,,Rome,"41,8661118","12,4701099"
Cineteatro Roma,cinema,,http://www.cineteatro.it/,,Rome,"41,9366697","12,52743"
Cinetech Italiana s.r.l.,cinema,,http://www.cinetech.it/,,Rome,"41,839381","12,5852821"
Cinetorre,cinema,,Ingen webbplats,,Rome,"41,9309911","12,5537893"
CineVillage Monteverde,cinema,,http://cinevillageroma.it/,,Rome,"41,9499202","12,5563008"
Cinevox Record,record_label,,http://www.cinevox.it/,,Rome,"41,9170626","12,4502586"
Cinik International Recording,music_production,,http://www.cinikrecords.it/,,Rome,"41,894313","12,500828"
Cinque Quarti Music Studio,music_production,,http://cinquequartimusicstudio.it/,,Rome,"41,8808645","12,4240947"
Cipro Creative Studio,music_production,,Ingen webbplats,,Rome,"41,91099","12,44914"
CirAfrica,circus,,http://www.circafrica.it/,,Rome,"41,8259","12,45576"
Circo Maximo Experience,circus,,http://www.circomaximoexperience.it/,,Rome,"41,8842799","12,4887053"
Circo Montecarlo,dance_club,,Ingen webbplats,,Rome,"41,8636266","12,4819368"
Circo VolaVoilà Roma,circus,,http://www.volavoila.it/,,Rome,"41,7570634","12,3490674"
Circofficina Porto Fluviale,arts_and_entertainment,,https://www.facebook.com/circofficina.cabaret,,Rome,"41,872551","12,479024"
Circolo Culturale La Ginestra,arts_and_entertainment,,https://www.laginestraostia.it/,,Rome,"41,7333469","12,2724495"
Circolo Culturale Palmiro Togliatti,cultural_center,,Ingen webbplats,,Rome,"41,8455777","12,4583805"
Circolo Degli Illuminati,dance_club,,https://www.circolodegliilluminati.it/,,Rome,"41,8646","12,48105"
"Circolo del Cinema ""La Carrozza d'oro""",cinema,,http://lacarrozzadorocineclub.com/,,Rome,"41,8700254","12,527347"
"Circolo del Cinema ""Zero in Condotta""",cinema,,http://www.zeroincondotta.info/,,Rome,"41,864341","12,485964"
Circolo del Golf Casal Palocco,fair,,http://www.circologolfcasalpalocco.it/,,Rome,"41,74979353","12,34882058"
Circolo del Tennis Foro Italico,music_venue,,http://ctforoitalico.coni.it,,Rome,"41,9305807","12,4555999"
Circolo della Caccia,arts_and_entertainment,,http://www.circolodellacaccia.it/,,Rome,"41,9037785","12,4767216"
Circolo Delle Quinte,music_school,,http://www.circolodellequinte.com/,,Rome,"41,973","12,43597"
"Circolo LUA di scrittura e cultura autobiografica ""Clara Sereni"" - Roma",community_services_non_profits,,Ingen webbplats,,Rome,"41,8619185","12,4875498"
"Circolo Ricreativo Laurentino 38 ""La Bisca""",dance_club,,Ingen webbplats,,Rome,"41,8131439","12,4715104"
Circuito Cinema,cinema,,http://circuitocinema.com/,,Rome,"41,891364","12,495972"
Circus • Disco Bar,dance_club,,Ingen webbplats,,Rome,"41,8338458","12,4684759"
Cit Studio,movie_television_studio,,https://www.citstudio.it/,,Rome,"41,913499","12,4746791"
Città del sole Roma Esquilino,bookstore,,Ingen webbplats,,Rome,"41,8929532","12,5016268"
Città Ibrida,community_services_non_profits,,http://www.cittaibrida.org/,,Rome,"41,9372309","12,5177001"
City Dream,dance_club,,http://www.citydream.com/,,Rome,"41,868497","12,605115"
CityLab 971,arts_and_entertainment,,http://www.citylab971.it/,,Rome,"41,967059","12,506237"
Civica Scuola delle Arti,music_school,,http://www.civicascuoladellearti.com/,,Rome,"41,9107712","12,5156593"
CLAC Danza,dance_school,,http://www.clacdanza.it/,,Rome,"41,8807235","12,4733548"
Clandestine Rome,music_venue,,http://www.clandestinerome.com/,,Rome,"41,91465","12,49573"
Claudio Palmieri & Michela Mantovani - Scuola SALSADIFERENTE Roma,dance_school,,http://www.salsadiferente.com/wcs3_instructor/claudio-palmieri-e-michela-mantovani/,,Rome,"41,893683","12,4193512"
Clave de Son,dance_school,,http://www.clavedeson.it/,,Rome,"41,8833648","12,4831487"
Clemi Cinematografica,cinema,,http://www.cdifilm.it/,,Rome,"41,920754","12,500042"
ClickePc Srl,graphic_designer,,http://www.clickepc.it/,,Rome,"41,9161107","12,3740255"
Clivis APS - Accademia di Musica e Formazione,music_school,,http://www.clivis.it/,,Rome,"41,8704819","12,5256641"
Clode Art Gallery,art_gallery,,http://www.clodeartgallery.com/,,Rome,"41,9075214","12,4790644"
ClodioManagement,broadcasting_media_production,,http://www.clodiomanagement.com/,,Rome,"41,9183526","12,4642834"
Clorofilla Officina d'Arte e Benessere,music_school,,http://www.centroclorofilla.com/,,Rome,"41,8877104","12,5435325"
CLUB 55 pigneto,music_venue,,http://www.club55.it/,,Rome,"41,8898574","12,5255104"
Club Cristal,dance_club,,Ingen webbplats,,Rome,"41,87662","12,56411"
Club dei Single,dance_club,,http://www.clubdeisingle.com/,,Rome,"41,91465","12,50431"
Club Epoque,dance_club,,http://www.clubepoque.com/,,Rome,"41,903271","12,4879482"
Club FGR,dance_club,,Ingen webbplats,,Rome,"41,9323473","12,4252644"
Club Fiat 500 Collection,dance_club,,https://instagram.com/club_fiat500_collection?igshid=159exd8kgvatg,,Rome,"41,8988113","12,6877298"
Club Paradise Roma,dance_club,,http://www.clubparadiseroma.com/,,Rome,"41,9250337","12,5776037"
Club prive roma centro,dance_club,,http://Www.swingerspriverome.com/,,Rome,"41,877786","12,472782"
Club Salsamania,dance_school,,http://www.clubsalsamania.it/,,Rome,"41,8298292","12,4829674"
Club Star Eventi Tuscolana,dance_club,,http://www.stareventi.com/,,Rome,"41,856784","12,581557"
Club Vortex,dance_club,,Ingen webbplats,,Rome,"41,9118004","12,5518503"
Club27 sala prove recording studio,music_production,,https://www.club27recordingstudio.com/,,Rome,"41,8631164","12,460603"
Clubgoers,dance_club,,http://www.galliamusic.it/,,Rome,"41,91203","12,49864"
Cluster Club Roma - Unlimited,dance_club,,http://www.clusterclub-aperitivodiscoteca.it/,,Rome,"41,86346","12,4807"
ClusterRadio,broadcasting_media_production,,Ingen webbplats,,Rome,"41,8922262","12,5391476"
CM Teatro,theatre,,http://www.cmteatro.it/,,Rome,"41,8701103","12,4474475"
CMA Pole Dance Studio,dance_school,,https://www.cmaroma.com/,,Rome,"41,8696817","12,5187504"
CMA: Cinema Makeup Academy,cinema,,http://cinemamakeupacademy.wordpress.com/,,Rome,"41,931331","12,597539"
"CNR Biblioteca Centrale ""G. Marconi""",library,,http://bice.cnr.it/,,Rome,"41,9007238","12,5126265"
Cocò,dance_club,,http://www.cocoplayhouse.com/,,Rome,"41,8744497","12,4790176"
Coffee Records,record_label,,https://open.spotify.com/user/31el2pokdjlm32six7obyg6p2nyq,,Rome,"41,87716","12,44139"
Colibrì,bookstore,,Ingen webbplats,,Rome,"41,8968326","12,513603"
Coliseo de Roma,museum,,http://archeoroma.beniculturali.it/siti-archeologici/colosseo,,Rome,"41,89072","12,492584"
Collection of Contemporary Art,art_museum,,http://www.christusrex.org/www1/vaticano/0-Musei.html,,Rome,"41,9033333","12,455"
Collettivo Basement,art_gallery,,Ingen webbplats,,Rome,"41,91514","12,54775"
Collettivo Chiaroscuro - CCS,cinema,,https://collettivochiaroscuro.com/,,Rome,"41,84958","12,57433"
Collezionando Gallery,art_gallery,,http://www.collezionandogallery.it/,,Rome,"41,905929","12,472723"
Collezionando Gallery di Ada Egidio,art_gallery,,http://www.collezionandogallery.it/,,Rome,"41,9028051","12,4311874"
COLLI gallery,art_gallery,,http://www.colli-independent.com/,,Rome,"41,8957345","12,4696013"
ColliAlbani6,bookstore,,Ingen webbplats,,Rome,"41,86785","12,5322"
Collosseum Rome,art_museum,,Ingen webbplats,,Rome,"41,9078794","12,4981208"
Coloora,music_production,,http://www.coloora.it/,,Rome,"41,90921","12,45653"
Colors Of Music,music_school,,http://www.colorsofmusic.it/,,Rome,"41,8143237","12,5971347"
Colosseo,museum,,http://it.wikipedia.org/wiki/Colosseo,,Rome,"41,886389","12,406429"
Colosseum,arts_and_entertainment,,http://www.overome.com/colosseum-ancient-city-tour.html,,Rome,"41,8993391","12,4770884"
"Colosseum, Rome",arts_and_entertainment,,http://soprintendenzaspecialeroma.beniculturali.it/categorie/la-soprintendenza-speciale-per-il-colosseo-e-l-area-archeologica-centrale-di-roma_6/&set=0&l=2&p=6,,Rome,"41,8250625","12,3919298"
Cometa Edizioni Musicali,music_production,,http://www.cometaedizionimusicali.it,,Rome,"41,9155559","12,4499263"
Cometa Off,theatre,,https://www.cometaoff.it/,,Rome,"41,8802107","12,4771433"
Comic Service,bookstore,,Ingen webbplats,,Rome,"41,8774895","12,5664633"
ComicOut,cultural_center,,http://comicout.com/,,Rome,"41,891252","12,518642"
Compagnia 4 Cambi,theatre,,http://www.compagnia4cambi.com/,,Rome,"41,8896003","12,5506878"
Compagnia dell' Agnello,theatre,,http://compagniadellagnello.it/,,Rome,"41,8526995","12,5582346"
Compagnia Fuori Tempo Massimo,theatre,,http://www.compagniafuoritempomassimo.com/,,Rome,"41,84769","12,48593"
Compagnia Granatina,theatre,,Ingen webbplats,,Rome,"41,8688","12,61946"
Compagnia Italiana di Operette,arts_and_entertainment,,http://www.operettaitaliana.it/,,Rome,"41,943164","12,549979"
Compagnia Molière,theatrical_productions,,https://www.compagniamoliere.net/,,Rome,"41,9353823","12,5317499"
Compagnia Readarto,theatre,,http://www.readarto.org/,,Rome,"41,7317621","12,2890911"
Compendio Gallery,art_gallery,,https://www.compendiogallery.com/,,Rome,"41,9143252","12,5023312"
Comune Di Roma - Istituzione Sistemi Biblioteche,library,,http://www.icfratellibandiera.it,,Rome,"41,9472113","12,5309866"
Comusic School,music_school,,https://www.comusic.it/,,Rome,"41,9217871","12,5022643"
Concept Lab Dance Studio,dance_school,,https://www.conceptlabdancestudio.it/,,Rome,"41,859653","12,6000546"
Confinifotografici,community_services_non_profits,,http://www.confinifotografici.com/,,Rome,"41,8911758","12,5324774"
Conservatorio Santa Cecilia,music_school,,http://www.conservatoriosantacecilia.it/,,Rome,"41,90679","12,47865"
ConsonanzeMusica,music_school,,http://www.consonanzemusica.it/,,Rome,"41,8080086","12,4840356"
Consorzio Le Arti,arts_and_entertainment,,http://www.consorziolearti.it/,,Rome,"41,878","12,46165"
Consorzio Turisco,cinema,,http://www.luneur.roma.it/,,Rome,"41,9218067","12,4576745"
Consulenza Radiofonica,radio_station,,https://www.consulenzaradiofonica.com/,,Rome,"41,91238","12,41459"
Consulta Universitaria del Cinema,cinema,,https://www.newsonthemarch.it/,,Rome,"41,865377","12,478789"
Container16 Emporio Libreria,bookstore,,https://www.container16.it/,,Rome,"41,9022503","12,4751316"
Contemporary Cluster,art_gallery,,http://it-it.facebook.com/contemporarycluster,,Rome,"41,874271","12,48968"
ConticelloGiovannone,arts_and_entertainment,,http://www.ncmedia.it/,,Rome,"41,91388","12,46814"
Continenza Bruno,music_school,,http://www.scuoladimusicaeducativeschoolofmusic.it/,,Rome,"41,8715235","12,6570837"
Controluce - Studio Fotografico,photography_store_and_services,,http://www.associazionecontroluce.com/,,Rome,"41,96504","12,5232"
ControTempo Eventi,arts_and_entertainment,,https://controtempoeventi.com/,,Rome,"41,7803281","12,329172"
Controtempo theatre,theatre,,https://www.compagniacontrotempo.it/,,Rome,"42,066774","12,338584"
Convergenze Urbane - Il Pigneto in Cuffia,theatre,,https://convergenzeurbane.wix.com/convergenzeurbane,,Rome,"41,89207","12,530397"
Copeam - Conférence Permanente de l'Audiovisuel Méditerranéen,community_services_non_profits,,http://www.copeam.org/,,Rome,"41,918705","12,4454679"
Copisteria Cimone,graphic_designer,,Ingen webbplats,,Rome,"41,9337374","12,5370386"
Copisteria libreria cartoleria Roma,bookstore,,http://pb20086.wix.com/pb2008,,Rome,"41,857935","12,6035005"
Corallo Disco Club Ostia,dance_club,,http://www.exeroma.it/,,Rome,"41,7139244","12,3164586"
Corallo Live Club,dance_club,,Ingen webbplats,,Rome,"41,7062999","12,3358482"
CORE Factory ROMA,music_production,,Ingen webbplats,,Rome,"41,87053","12,62702"
Coreander Libreria,bookstore,,Ingen webbplats,,Rome,"41,9109767","12,4395385"
Corìma,broadcasting_media_production,,http://www.corimaproduzioni.com/,,Rome,"41,9204684","12,4753272"
Cornici e Design,art_gallery,,https://corniciedesign.it/,,Rome,"41,9132132","12,5199801"
"Coro ""IN CANTO VIVO""",choir,,https://www.youtube.com/user/incantovivo,,Rome,"41,93725","12,42418"
Coro Johannes Ockeghem,choir,,https://www.youtube.com/@Coro.Johannes.Ockeghem,,Rome,"41,874131","12,488418"
Coro Raro,choir,,Ingen webbplats,,Rome,"41,94185","12,53683"
Coro Seron,choir,,http://www.settenoteromane.com/seron/,,Rome,"41,83964","12,44198"
Coronati,choir,,Ingen webbplats,,Rome,"41,94379","12,5753"
Corriere 2030,print_media,,https://www.corriere2030.org/,,Rome,"41,807997","12,429548"
Corriere della Sera,art_museum,,www.corriere.it,,Rome,"41,89687","12,48241"
Corsi di Archeologia e Storia dell'Arte itinerante - Roma,community_services_non_profits,,https://www.romaelazioperte.it/,,Rome,"41,8837231","12,4875311"
Corsi di Disegno e Pittura di Gianfranco De Meo - Roma,art_school,,http://www.gianfrancodemeo.it/,,Rome,"41,7914297","12,4079293"
Corsi di Musica Fidene di Manuel de Petris,music_venue,,https://maps.app.goo.gl/D6TDGML9FEZL8xJh6?g_st=ic,,Rome,"41,9739638","12,5132373"
Corsi di musica Giulio Agricola,performing_arts,,http://www.isola-arte.com/home,,Rome,"41,85574","12,55992"
Corsi di Salsa e Bachata a Roma zona Termini-Castro Pretorio-San Lorenzo,dance_school,,http://www.aka-roma.it/,,Rome,"41,90001","12,50914"
"Corsi Musicali ""Associazione Arcangelo Corelli""",music_school,,http://www.associazionemusicalecorelli.it/,,Rome,"41,73406","12,27063"
Corsi Ritmi di Teatro,theatre,,http://www.ritmiditeatro.it/,,Rome,"41,8815913","12,5246251"
Corso di Disegno Creativo,art_school,,http://www.disegnocreativo.com/,,Rome,"41,90994","12,51971"
Corso di Pittura e Disegno di Adriano Fida a Roma,art_school,,http://www.adrianofida.com/,,Rome,"41,94364","12,55881"
Corso440,art_gallery,,http://www.corso440.com,,Rome,"41,90565","12,47831"
Cortile Ottagonale,museum,,Ingen webbplats,,Rome,"41,90635","12,45001"
Coryphée,dance_school,,Ingen webbplats,,Rome,"41,7512589","12,3716097"
CosArte Spazio Creativo,art_gallery,,Ingen webbplats,,Rome,"41,8663158","12,4870622"
Così Si Balla,dance_school,,Ingen webbplats,,Rome,"41,87262","12,54639"
Così Si Balla,dance_school,,Ingen webbplats,,Rome,"41,80547","12,43495"
Così Si Balla,dance_school,,Ingen webbplats,,Rome,"41,8565348","12,4790835"
CosiArte,art_school,,https://www.setteotto.it/profilo-scuola/1790/cosiarte-forme-d-espressione,,Rome,"41,7161478","12,313437"
Cospazio26,arts_and_entertainment,,http://www.silviaguidoni.com/,,Rome,"41,8962943","12,4347458"
CovoLab,art_gallery,,https://www.covolab.it/,,Rome,"41,8992251","12,5150432"
CPD LIBRI,bookstore,,Ingen webbplats,,Rome,"41,8962513","12,4321273"
CR Professional Dance,dance_school,,http://scuoladanzacrprofessionaldance.it/,,Rome,"41,8137625","12,6272136"
CRACK fumetti dirompenti - Rome Festival of Drawn and Printed Art,art_gallery,,http://crack.forteprenestino.net/,,Rome,"41,8926087","12,5689486"
Cral Bombardier punto di Incontro Roma,arts_and_entertainment,,http://www.bombardier.com,,Rome,"41,93319","12,61744"
Creative Room Art Gallery,art_gallery,,http://www.creativeroom.org/,,Rome,"41,9062281","12,4729936"
Credo nelle fate,graphic_designer,,http://www.credonellefate.it/,,Rome,"41,8997382","12,45408"
Creo - Creative Obsession,screen_printing_t_shirt_printing,,https://www.creoshop.it/it/index.html,,Rome,"41,9061295","12,4458547"
Cripta San Magno,art_museum,,Ingen webbplats,,Rome,"41,851494","12,5918515"
Cristian eventi Roma,dance_club,,https://www.facebook.com/profile.php?id=100037905287028,,Rome,"41,8353758","12,60552"
Cristina Frugante Tangowellness,dance_school,,Ingen webbplats,,Rome,"41,9075606","12,5238255"
CROSS Productions,mass_media,,http://www.crossproductions.it/,,Rome,"41,9080211","12,4684957"
CrossRoads Live Club,music_venue,,https://www.crossroadsliveclub.it/,,Rome,"42,0351995","12,3104399"
Crowe Horwath,newspaper_and_magazines_store,,http://www.crowe.com/it,,Rome,"41,912706","12,475308"
Crypta Balbi,museum,,http://archeoroma.beniculturali.it/mostre,,Rome,"41,8948625","12,4784346"
Crystal Disco Roma,dance_club,,Ingen webbplats,,Rome,"41,9448492","12,5175048"
Crystal Drops Design,graphic_designer,,http://www.crystaldropsdesign.it/,,Rome,"41,9976877","12,3914607"
CSCcinetecanazionale,cinema,,https://linktr.ee/CSCcinetecanazionale,,Rome,"41,8515396","12,5704403"
CSCscuolanazionaledicinema,cinema,,http://www.fondazionecsc.it/,,Rome,"41,8511233","12,5700605"
Csen Roma Danza,dance_school,,http://www.csenroma.it/,,Rome,"41,93851","12,51623"
Csoa Corto Circuito,arts_and_entertainment,,http://cortocircuito.sonarproject.net/,,Rome,"41,861751","12,5739589"
Csoa eXSnia,arts_and_entertainment,,Ingen webbplats,,Rome,"41,892798","12,535708"
Csoa La Strada,community_center,,http://www.csoalastrada.jimdo.com,,Rome,"41,861909","12,486904"
CTC Casa del Teatro e del Cinema,theatre,,http://accademiactc.it/,,Rome,"41,8701859","12,4473812"
CTV,movie_television_studio,,www.ctv.va,,Rome,"41,9048489","12,4568553"
Cuba Linda,dance_club,,http://www.lazaromartindiaz.it,,Rome,"41,8322","12,5734"
Cuba te Quiero,dance_club,,http://www.cubatequiero-roma.it/,,Rome,"41,9123523","12,5522466"
Cubo Libro,library,,http://www.cubolibro.org/,,Rome,"41,8695963","12,6398931"
Cucina & Vini Rivista,print_media,,https://www.cucinaevini.it/,,Rome,"41,9413399","12,55102"
Cultè,arts_and_entertainment,,Ingen webbplats,,Rome,"41,93014","12,51422"
CultRise,art_gallery,,http://www.cultrise.com/,,Rome,"41,8943582","12,4880982"
Cultural Bridge Musica e Libri,record_label,,http://www.culturalbridgelabel.it/,,Rome,"41,8658598","12,4882421"
Culturmedia Legacoop,theatre,,http://culturmedia.legacoop.coop/,,Rome,"41,9169219","12,5150373"
CulturTango,dance_school,,https://linktr.ee/culturTango,,Rome,"41,9009721","12,4654081"
Curva Pura,art_gallery,,http://www.curvapura.com,,Rome,"41,8713787","12,4774427"
CWR,cinema,,Ingen webbplats,,Rome,"41,9105507","12,5711514"
D DOMUS 17,art_restoration,,http://www.ddomus.com,,Rome,"41,8196689","12,4505126"
D Sound,music_school,,http://www.dsound.it/,,Rome,"41,8604949","12,4438969"
D-HUB Studios,mass_media,,http://www.dhubstudios.com/,,Rome,"41,8595053","12,44925"
D-Vision  Movie People,cinema,,http://www.dvisionmoviepeople.com/,,Rome,"41,8676812","12,6046178"
D'AV - OGGETTISTICA D'ARTE E BIJOUX - idee regalo,museum,,Ingen webbplats,,Rome,"41,8473726","12,4235142"
Da Guercino a Caravaggio,art_museum,,http://www.daguercinoacaravaggio.it/,,Rome,"41,9027296","12,4895472"
Da Tiziano,museum,,http://datiziano.ilbello.com/,,Rome,"41,85922","12,56316"
Da Venezia a Roma,cinema,,http://www.aneclazio.com/,,Rome,"41,9037535","12,5037054"
DAF Dance Arts Faculty,dance_school,,https://danceartsfaculty.com/,,Rome,"41,9260204","12,5391081"
DAF Studios,movie_television_studio,,https://landing.dafstudios.it/,,Rome,"41,9066129","12,4827862"
Daje roma Daje,arts_and_entertainment,,Ingen webbplats,,Rome,"41,821796","12,50231"
Dakota Film Lab,movie_television_studio,,http://www.dakotafilmlab.it/,,Rome,"41,9160542","12,4644534"
Dal Ricamatore,screen_printing_t_shirt_printing,,https://www.dalricamatore.com/,,Rome,"41,78043","12,338393"
Dale Studios,music_production,,Ingen webbplats,,Rome,"41,9478109","12,5862829"
Dall'Angelo Pictures,media_agency,,http://www.dallangelopictures.it/,,Rome,"41,9041939","12,4959701"
DAM Dance Studio,dance_school,,http://www.damdancestudio.it/,,Rome,"41,733731","12,2814282"
DAMA Book & Design Store,bookstore,,http://www.damabookdesign.com/,,Rome,"41,838168","12,5970171"
Dance & Co,dance_school,,http://www.dancetoenglish.it/,,Rome,"41,855473","12,5618356"
Dance Evolution Roma,dance_school,,http://www.danceevolution.it/,,Rome,"41,9551267","12,4849399"
Dance For Life - Scuola Danza,dance_school,,Ingen webbplats,,Rome,"41,96692","12,45195"
Dance Lab,dance_school,,http://www.lecreazionidivalentina.jimdo.com/,,Rome,"41,9077598","12,4646461"
Dance OUT Incontri Internazionali di Danza e Arte Contemporanea,dance_school,,Ingen webbplats,,Rome,"41,9259","12,53916"
Dance Studio - Dipartimento Professionale Danza,dance_school,,http://dancestudiogb.wixsite.com/dancestudio,,Rome,"41,7662852","12,317649"
DanceAsFire - Roma Balduina,dance_school,,http://www.danceasfire.com/,,Rome,"41,92321","12,43693"
Dancing Blue di Nicola,music_venue,,Ingen webbplats,,Rome,"41,8274234","12,3117482"
Dancing Center,dance_school,,http://dancingcenter.it/,,Rome,"41,9532034","12,5207476"
Daniele Mignardi Promopressagency,mass_media,,http://www.danielemignardi.it/,,Rome,"41,9160245","12,4671237"
Dantebus Margutta,art_gallery,,Ingen webbplats,,Rome,"41,9087937","12,47938"
Danz'è Arte e Movimento,dance_school,,http://www.danz-e.it/,,Rome,"41,8526146","12,5861295"
Danza In Lilla,dance_school,,http://calamide.com/,,Rome,"41,739906","12,3368863"
Danza Incontro,dance_school,,http://www.danzaincontro.it/,,Rome,"41,9114079","12,5497326"
Danza Indiana Bharatanatyam Kaustubha,dance_school,,Ingen webbplats,,Rome,"41,886676","12,516621"
Danza Nuova,arts_and_entertainment,,http://www.danzanuova.it/,,Rome,"41,90859","12,45114"
Danza Studio,dance_school,,http://www.danzastudio.net/,,Rome,"41,919868","12,7261694"
Danza3.0,dance_school,,http://www.danza3-0.com/,,Rome,"41,7697702","12,3729823"
Danzaedintorni,dance_school,,http://www.danzaedintorni.it/,,Rome,"41,8283272","12,4849054"
Danzamica Academy,dance_school,,https://www.danzamicacademy.com/,,Rome,"41,872283","12,6210555"
Danzanta,dance_school,,https://marziapellecchia.it/,,Rome,"41,8016014","12,5378103"
Danzarmonia Academy,dance_school,,http://www.danzarmonia.org/,,Rome,"41,8945802","12,4496537"
Danzarti,dance_school,,Ingen webbplats,,Rome,"41,8821554","12,5207371"
dapalab,graphic_designer,,http://www.dapalab.it/,,Rome,"41,893159","12,501491"
DAQ Studio - set design and architecture,arts_and_entertainment,,https://daqstudio.it/,,Rome,"41,9141","12,45929"
DAREC Accademia Internazionale di Musical,dance_school,,https://www.darec-academy.it/audizioni-darec/,,Rome,"41,8556796","12,560141"
Dars Danza,music_school,,http://www.darsdanza.it/,,Rome,"41,8930367","12,6321296"
David Lubin Memorial Library,library,,http://www.fao.org/library,,Rome,"41,8822822","12,4882479"
Davide e Marta Tango,dance_school,,https://davideemartatango.wordpress.com/,,Rome,"41,924019","12,5082164"
Dayanna Visconti,arts_and_entertainment,,https://www.dayannavisconti.com/,,Rome,"41,87041","12,48305"
Dbros graphic lab,photography_store_and_services,,http://www.dbrosgraphiclab.com/,,Rome,"41,8818563","12,565265"
DE CESARIS,art_restoration_service,,,,Rome,"41,9047152","12,4713827"
De Crescenzo e Viesti Galleria d'Arte Contemporanea,arts_and_entertainment,,http://www.decrescenzoeviesti.com/,,Rome,"41,9104667","12,4748235"
De Lollis Underground Audio Lab,music_production,,Ingen webbplats,,Rome,"41,90101","12,51616"
De Vittoria srl,graphic_designer,,Ingen webbplats,,Rome,"41,9090144","12,5854722"
Dean&Vial,graphic_designer,,http://www.deanvial.com/,,Rome,"41,8533654","12,4809472"
Dear Friends Compagnia di Prosa,theatre,,http://www.gitiesseartistiriuniti.it/,,Rome,"41,89981","12,48268"
DECIBEL,movie_television_studio,,http://decibelpost.it/#!/home,,Rome,"41,8714099","12,5206394"
Decoresrl,art_restoration,,http://www.decoresrl.it/,,Rome,"41,86316","12,49992"
Deep Blue Art Center,music_production,,Ingen webbplats,,Rome,"41,9975902","12,3912767"
Defrag,arts_and_entertainment,,http://www.associazionedefrag.com/,,Rome,"41,9488072","12,5311797"
DEI Tipografia del Genio Civile,bookstore,,http://www.build.it/,,Rome,"41,896049","12,493969"
Delian Dance,theatre,,Ingen webbplats,,Rome,"41,8724486","12,6147682"
Delta del Tevere Museo Digitale,museum,,http://www.deltadeltevere.it/,,Rome,"41,73914","12,27844"
Delta Studio,music_production,,http://deltatopstudio.com/,,Rome,"41,9175716","12,4581738"
Demood Live Club,dance_club,,Ingen webbplats,,Rome,"41,8638978","12,4809373"
Deodato Arte Roma,art_gallery,,http://www.deodato.com/,,Rome,"41,8978297","12,4667231"
DeriveApprodi Radical Bookstore,bookstore,,http://www.deriveapprodi.it/,,Rome,"41,8900017","12,5249997"
Desansound audio video produzioni,music_production,,http://www.desansound.it/,,Rome,"41,8605347","12,4575605"
Design by Sundog,graphic_designer,,http://sundog.studio/,,Rome,"41,873311","12,481934"
Destinazione Benessere,graphic_designer,,https://www.destinazionebenessere.com/,,Rome,"41,8736513","12,4969482"
Desvelo - Scuola di Tango Argentino - Roma Nuovo Salario,dance_school,,https://desvelo.it/,,Rome,"41,9532385","12,5207512"
Deutsches Archäologisches Institut Rom - Istituto Archeologico Germanico,history_museum,,http://opac.dainst.org/,,Rome,"41,9081876","12,4690001"
Deville,music_production,,https://www.devillestudio.com/,,Rome,"41,817","12,47006"
Dgcast,broadcasting_media_production,,http://www.dgcast.net/,,Rome,"41,9136997","12,4571785"
DGexperience,arts_and_entertainment,,https://linktr.ee/dgexperience.it,,Rome,"41,8805899","12,4750928"
Dharma Studio,music_production,,http://www.dharmastudio.it/,,Rome,"42,080624","12,3359006"
Di Benedetto Productions,music_production,,https://www.youtube.com/channel/UCU6dBv_dDm5_MbEHzw3iAmw,,Rome,"41,8833063","12,5476677"
Di Gregorio Art Gallery,modern_art_museum,,https://www.digregorioarte.com/,,Rome,"41,8892587","12,5018842"
Di Stefano Franco,newspaper_and_magazines_store,,http://www.dottorfrancodistefano.it/,,Rome,"41,83091842","12,6182016"
Diacronie Lab,music_production,,https://www.diacronielab.com/,,Rome,"41,9466962","12,5619819"
Dialogues,arts_and_entertainment,,http://www.dialoguesarte.it/,,Rome,"41,8885458","12,4962224"
Diamond Special Events - Agenzia di organizzazione eventi,music_venue,,Ingen webbplats,,Rome,"41,93057","12,33545"
Diap Biblioteca,library,,https://web.uniroma1.it/dip_diap/dipdiap/strutture/biblioteca,,Rome,"41,9305916","12,4680052"
Dickens Academy,theatre,,Ingen webbplats,,Rome,"41,8790504","12,525106"
Dicò Gallery,art_gallery,,http://www.dicoart.com/,,Rome,"41,8968466","12,4689573"
"Dietro Le Forme, Oltre I Colori - San Pietro in Vincoli",art_restoration,,http://www.landsrl.it/it/por-fesr-lazio-2014-2020-2/,,Rome,"41,8938207","12,4927976"
Dietrolequinte 2.0,theatre,,Ingen webbplats,,Rome,"41,9073916","12,5357255"
Different Club Rome Afrodita Entertainment,music_venue,,https://www.dayannavisconti.com/,,Rome,"41,8704132","12,4832208"
Diffusione del Libro - ROMA,book_magazine_distribution,,https://www.diffusionedellibro.com/,,Rome,"41,87175","12,6524157"
Digimax Creative Services,arts_and_entertainment,,http://www.digimaxfilm.com/,,Rome,"41,9317267","12,4656945"
Digital game sharing,video_game_store,,http://www.digitalgamesharing.it/,,Rome,"41,9031461","12,4955837"
Digital Grafic,graphic_designer,,Ingen webbplats,,Rome,"41,8119286","12,6171849"
Digital Group SRL,photography_store_and_services,,http://www.digitalgrouproma.it/,,Rome,"41,87362","12,41496"
Digital Records,music_production,,http://www.digitalrecords.it/,,Rome,"41,9138481","12,4413571"
Digitalfingers,media_agency,,https://www.digitalfingers.it/,,Rome,"41,8819898","12,5857072"
Digitalialab srl,mass_media,,https://www.digitalialab.it/,,Rome,"41,93613","12,63329"
Dimensione Musica,music_school,,http://www.dimensione-musica.it/,,Rome,"41,8687889","12,5300003"
Dimensione Suono Roma,broadcasting_media_production,,http://www.dimensionesuonoroma.it/,,Rome,"41,9280579","12,4340679"
diomedeadrone,videographer,,http://www.diomedeadrone.com/,,Rome,"41,9765832","12,4445976"
Dipartimento di Farmacologia Medica V. Erspamer,bookstore,,Ingen webbplats,,Rome,"41,9041737","12,5167707"
Direzione generale Biblioteche e diritto d'autore,library,,http://biblioteche.cultura.gov.it/,,Rome,"41,9193832","12,4851129"
Direzione Generale Cinema e Audiovisivo del Ministero della Cultura,cinema,,https://cinema.cultura.gov.it/,,Rome,"41,8885937","12,5179188"
Dirty Records,music_production,,Ingen webbplats,,Rome,"41,9435859","12,5285719"
Disco Club,arts_and_entertainment,,http://www.discoclubroma.it/,,Rome,"41,8444598","12,4674884"
Disco Club Bamboo Roma,dance_club,,Ingen webbplats,,Rome,"41,85817","12,46056"
DISCO CLUB GC Eventi,dance_club,,Ingen webbplats,,Rome,"41,83594","12,46682"
Disco Club Piccolo Mondo,dance_club,,Ingen webbplats,,Rome,"41,857138","12,6022"
Disco+,music_and_dvd_store,,http://www.discopiuroma.com/,,Rome,"41,8813266","12,5638813"
Discoclub Drakula,dance_club,,Ingen webbplats,,Rome,"41,8551375","12,6757373"
Discografia - Future Disco Night,dance_club,,http://www.movidazouk.com/,,Rome,"41,8754871","12,4765686"
Discoteca 45 Giri,dance_club,,Ingen webbplats,,Rome,"41,8630995","12,4783052"
Discoteca di Stato,art_museum,,Ingen webbplats,,Rome,"41,89401","12,47831"
Discoteca e Aperitivo,dance_club,,http://www.exe.discotecadiroma.it/,,Rome,"41,8333746","12,4727359"
Discoteca GUS Roma,dance_club,,https://www.eventiglobo.it/gus-club-roma/,,Rome,"41,9053637","12,4731856"
Discoteca Laziale,bookstore,,http://www.discotecalaziale.com/,,Rome,"41,8971683","12,5057407"
Discoteca Montecristo EUR ROMA,dance_club,,Ingen webbplats,,Rome,"41,8310935","12,4548511"
Discoteca NOIR,dance_club,,Ingen webbplats,,Rome,"41,8645588","12,5901626"
Discoteca Roma,dance_club,,http://www.theclubrome.com/,,Rome,"41,864571","12,481009"
Discoteca San salvador,dance_club,,http://www.google.it/url?sa=t&source=web&cd=1&ved=0CBkQFjAA&url=http%3A%2F%2Fwww.s-sansalvador.it%2Feventi_speciali.asp&ei=LqSDTfSVEIjOswaJ5tmlAw&usg=AFQjCNGQ8dd_2EPccR8VFw1hpQ5OcKRZ3A,,Rome,"41,817892","12,463311"
Discoteca Sole Latino Club presso millennium roma,dance_club,,http://www.solelatinoclub.com/,,Rome,"41,8704275","12,5878199"
Discoteca Spazio900,dance_club,,http://www.spazionovecento.it/,,Rome,"41,834405","12,470032"
Discoteca Sporting Ostia,dance_club,,Ingen webbplats,,Rome,"41,7131836","12,3194128"
Discoteca Xanadù,dance_club,,http://www.discotecaxanadu.com/,,Rome,"41,888197","12,477765"
Discoteche di Roma,dance_club,,http://www.serateromane.it/,,Rome,"41,8580551","12,5045128"
Discoteche Di Roma,arts_and_entertainment,,http://www.discotechediroma.it/,,Rome,"41,914341","12,5081701"
Discoteche Ostia,dance_club,,http://www.discotecheostia.it/,,Rome,"41,7284585","12,2841373"
Discoteche-Roma,dance_club,,http://www.nottearoma.it/,,Rome,"41,8731623","12,5138498"
DiscotecheRoma.com,dance_club,,https://www.discotecheroma.com/,,Rome,"41,93659","12,53425"
Discount Del Fumetto,bookstore,,Ingen webbplats,,Rome,"41,9240438","12,5152991"
Discount DEL fumetto  via la spezia n 4 s.giovanni roma,bookstore,,Ingen webbplats,,Rome,"41,8856791","12,5116907"
Discovering Beauty Art Gallery,art_gallery,,https://www.dbfinearts.com/,,Rome,"41,900567","12,4702529"
Discovery - Bruno Turcano,music_and_dvd_store,,Ingen webbplats,,Rome,"41,9139276","12,522199"
Disorder Officina Musicale,music_venue,,Ingen webbplats,,Rome,"41,9089917","12,535186"
Ditta di Pulizie - DPA Service,landscape_architect,,https://www.dpaservice.it/,,Rome,"41,84118416","12,62788554"
Divaoptic di Sebastiano Fotia,photography_store_and_services,,https://www.divaoptic.com/,,Rome,"41,9129048","12,5742178"
Divario,art_gallery,,http://www.divario.space/,,Rome,"41,9098124","12,4566944"
Diverso,bookstore,,http://www.diversolab.it/,,Rome,"41,9200139","12,5225756"
Divertirsi Sabato A ROMA,dance_club,,Ingen webbplats,,Rome,"41,9131176","12,4508479"
Divina Club,dance_club,,Ingen webbplats,,Rome,"41,8360699","12,6036811"
Divina Social Club,arts_and_entertainment,,http://www.discotecadiroma.it/,,Rome,"41,83534","12,60563"
Divine Ostia,arts_and_entertainment,,Ingen webbplats,,Rome,"41,73221","12,27838"
Dix Music Studio,music_production,,https://diegokeys.wixsite.com/dixmusicstudio,,Rome,"41,8745232","12,5992501"
Dj Academy Roma,music_school,,http://www.djacademyroma.it/,,Rome,"41,98754","12,4105748"
Dj Valerio Angeli,dj_service,,https://djvalerioangeli.com/,,Rome,"41,8886117","12,5876795"
DLA Piper,performing_arts,,https://www.dlapiper.com/it/italy/locations/rome/,,Rome,"41,9046081","12,4839436"
DM Cartolibri,bookstore,,https://dm-cartolibri.business.site/?m=true,,Rome,"41,885922","12,5174958"
Dmensionstudio29,music_production,,Ingen webbplats,,Rome,"41,9129808","12,4155507"
DMT Academy,dance_school,,http://www.asdfitforfight.com/,,Rome,"41,7676857","12,4778854"
Dmt-ER Danzamovimentoterapia Espressivo-Relazionale,dance_school,,https://www.danzaterapia-esprel.it/la-scuola,,Rome,"41,8312905","12,4912993"
Doc Anno Zero,cinema,,http://www.raccontardicinema.it/,,Rome,"41,90005","12,4753"
Doclab,mass_media,,http://www.doclab.it/,,Rome,"41,9234525","12,5126925"
Doctor Music,music_and_dvd_store,,Ingen webbplats,,Rome,"41,9077989","12,458719"
DODO Retro Black Beat,dance_club,,Ingen webbplats,,Rome,"41,9108959","12,5200487"
Does Matter Agency,graphic_designer,,http://does-matter.com/,,Rome,"41,9875384","12,410572"
Dolce&Gabbana Exhibit,art_gallery,,https://roma.dolcegabbanaexhibition.com/,,Rome,"41,9012694","12,4866647"
Dom Lab,graphic_designer,,Ingen webbplats,,Rome,"41,8730739","12,4496409"
Domani,print_media,,http://www.domani.it/,,Rome,"41,904738","12,492907"
Domina - Femdom Party Roma,dance_club,,http://www.aka-roma.it/domina/,,Rome,"41,90001","12,50914"
Dominio Pubblico,theatre,,https://dominio-pubblico-teatro.it/,,Rome,"41,8866627","12,4695852"
Don't Walk Dance - Scuola danza,arts_and_entertainment,,http://www.dontwalkdance.eu/,,Rome,"41,9482041","12,5569818"
Doria palace art museum,museum,,http://www.dopart.it/roma,,Rome,"41,8978694","12,4812212"
Doris Creations,screen_printing_t_shirt_printing,,http://www.doriscreations.it/,,Rome,"41,8977889","12,6802307"
Dorothy Circus Gallery,art_gallery,,http://www.dorothycircusgallery.com/,,Rome,"41,893508","12,4722624"
Double S Dance Studio,dance_school,,Ingen webbplats,,Rome,"41,8088537","12,6274116"
DPT Dance Project Theatre,theatre,,Ingen webbplats,,Rome,"41,90316","12,68469"
DR Books,bookstore,,https://www.maremagnum.com/librerie/libreria-le-case-di-carta,,Rome,"41,91189","12,46583"
Dr. Joe & Mr. Mike,music_production,,https://www.drjoemrmike.it/,,Rome,"41,9284945","12,5217346"
Dream Dance - Scuola di Danza,dance_school,,https://www.all-dance.it/,,Rome,"41,8932308","12,5380166"
Dreams Srl,cinema,,https://www.dreams.srl/,,Rome,"41,8758899","12,465621"
Drive-in Cassia,drive_in_theater,,https://www.i-ticket.it/location/drive-in-cassia-olgiata-roma,,Rome,"42,0346305","12,3764816"
driveincinemapaoloferrari,drive_in_theater,,http://www.driveincinemapaoloferrari.it/,,Rome,"41,74648","12,28717"
Drugstore Gallery,art_museum,,Ingen webbplats,,Rome,"41,8661124","12,4617307"
Due Ponti Academy Dance,dance_school,,http://www.duepontisportingclub.it/,,Rome,"41,9599153","12,4795789"
Duel Produzioni,movie_television_studio,,http://www.duelproduzioni.com/,,Rome,"41,8725532","12,4894101"
Duilio Litorale,mass_media,,http://www.apledizioni.it/,,Rome,"41,7665285","12,3057469"
dunp,newspaper_and_magazines_store,,https://www.dunp.it/,,Rome,"41,933415","12,5793935"
Duran Sound,music_production,,Ingen webbplats,,Rome,"41,9205441","12,5463971"
Duse,theatre,,http://www.duseinternational.com/,,Rome,"41,8934958","12,4650319"
DVDlab,graphic_designer,,http://www.dvdlab.it/,,Rome,"41,9082876","12,4722439"
Dvdomain - Digital Creative Movie & Image Factory,arts_and_entertainment,,http://www.dvdomain.it/,,Rome,"41,75682","12,36387"
E'stile ConceptStore,bookstore,,http://www.estileroma.it/,,Rome,"41,9224819","12,5038481"
E42,dance_club,,http://www.e42roma.it/,,Rome,"41,84035","12,47041"
EA Etoile Dance Project,dance_school,,Ingen webbplats,,Rome,"41,73833","12,28097"
EA Lab,music_production,,Ingen webbplats,,Rome,"41,9611034","12,4109663"
Ea Stunt,drive_in_theater,,http://www.eastunt.com/,,Rome,"41,834103","12,5705991"
eastwest Rivista di Geopolitica,newspaper_and_magazines_store,,https://www.eastwest.eu/,,Rome,"41,9185201","12,4731159"
Ebanoise Liuteria,music_production,,http://www.ovldstudio.com/,,Rome,"41,8613101","12,4846976"
Eccom - Idee per la Cultura,community_services_non_profits,,http://www.eccom.it/,,Rome,"41,8937487","12,5025711"
Echo Loco - Recording Studio,mass_media,,http://echolocorecordingstudio.com,,Rome,"41,8473726","12,4856081"
Ecko-Sound Sala Prove - Studio,music_venue,,http://www.eckosound.it/,,Rome,"41,855413","12,5616802"
Eclettica Fest,arts_and_entertainment,,http://artinconnessione.com/,,Rome,"41,8935776","12,5358575"
Eco di Fata,bookstore,,http://www.ecodifata.it/,,Rome,"41,8663244","12,4926879"
École d'art Martenot di Loris Liberatori - Roma,art_school,,http://www.martenot.it/,,Rome,"41,944571","12,4431572"
Ecomuseo Casilino Ad Duas Lauros,community_services_non_profits,,http://www.ecomuseocasilino.it/,,Rome,"41,8789545","12,5411523"
Ecomuseo della Via Latina,museum,,https://www.ecomuseodellavialatina.it/,,Rome,"41,8600912","12,5440652"
Econnection,media_agency,,http://www.econnection.it/,,Rome,"41,81992","12,44251"
Ecosomatic Lab Rome,dance_school,,http://www.raffaelerufo.com/,,Rome,"41,760804","12,292082"
Ecoteca,museum,,http://www.ecoteca.it/,,Rome,"41,9123928","12,5002372"
"ED - ""The wall of the artists"" - Cinecitta' 3",theatre,,http://www.cinecitta3.tv/,,Rome,"41,83505","12,57578"
Eden Film Center,cinema,,http://www.edenfilmcenter.it/,,Rome,"41,9086362","12,4686554"
Edf Point Vinylstrike,music_and_dvd_store,,http://www.vinylstrike.com/,,Rome,"41,8367922","12,5030186"
EdGraphic,graphic_designer,,https://www.edgraphic.it/,,Rome,"41,8547291","12,497762"
Edicola,newspaper_and_magazines_store,,Ingen webbplats,,Rome,"41,877891","12,5665288"
Edicola,newspaper_and_magazines_store,,Ingen webbplats,,Rome,"41,732869","12,3005067"
Edicola  Ojetti,newspaper_and_magazines_store,,Ingen webbplats,,Rome,"41,9480865","12,5553006"
Edicola & Comics Tuscolana,newspaper_and_magazines_store,,Ingen webbplats,,Rome,"41,8530807","12,5693094"
Edicola 3.0,newspaper_and_magazines_store,,Ingen webbplats,,Rome,"41,90482","12,42465"
Edicola Aloisi Massimiliano,print_media,,Ingen webbplats,,Rome,"41,8119336","12,485156"
Edicola Antonio a Porta Maggiore,print_media,,http://www.ledicolapiu.it/,,Rome,"41,8931724","12,5101869"
Edicola Aquila Reale,newspaper_and_magazines_store,,https://g.page/r/CZq9OqA3zrhbEBE/review,,Rome,"41,8656066","12,596377"
Edicola Bossetti,book_magazine_distribution,,Ingen webbplats,,Rome,"41,7309264","12,2770849"
Edicola Brothers Di Maggio,newspaper_and_magazines_store,,Ingen webbplats,,Rome,"41,9510891","12,5160272"
Edicola Cestia,book_magazine_distribution,,Ingen webbplats,,Rome,"41,8755502","12,4812695"
Edicola Cimini,newspaper_and_magazines_store,,Ingen webbplats,,Rome,"41,8674982","12,4920509"
Edicola Colucci,newspaper_and_magazines_store,,https://edicolacolucciroma.com/,,Rome,"41,872869","12,5257121"
Edicola Cucchiarale-Via Baldovinetti,newspaper_and_magazines_store,,Ingen webbplats,,Rome,"41,8310974","12,4944141"
"Edicola da Anna a Finocchio, Roma.",newspaper_and_magazines_store,,http://maps.google.com/maps?f=q&source=s_q&hl=en&geocode&q=Edicola+da+Anna+a+Finocchio%2C+Roma+%4041.862891%2C12.683187&sll=41.862891%2C12.683187&sspn=0.010355%2C0.022659&ie=UTF8&t=k&z=16&iwloc=addr,,Rome,"41,8628588","12,6831469"
Edicola del Futuro,newspaper_and_magazines_store,,Ingen webbplats,,Rome,"41,8519524","12,5909228"
Edicola del Sole Pubblicità,book_magazine_distribution,,http://www.edicoladelsole.com/,,Rome,"41,8997","12,60329"
Edicola di Giornali Via Col di Lana,newspaper_and_magazines_store,,Ingen webbplats,,Rome,"41,917492","12,4642306"
Edicola Edizione Straordinaria,bookstore,,Ingen webbplats,,Rome,"41,8521492","12,4730445"
Edicola Elisabetta e Giovanni,bookstore,,Ingen webbplats,,Rome,"41,8475312","12,4576794"
Edicola Finocchio-Massimo e Catia,newspaper_and_magazines_store,,Ingen webbplats,,Rome,"41,8628929","12,6831692"
Edicola Forte Braschi,book_magazine_distribution,,Ingen webbplats,,Rome,"41,91299","12,418739"
Edicola gordian village,print_media,,Ingen webbplats,,Rome,"41,8964743","12,5560036"
Edicola il Papiro,bookstore,,Ingen webbplats,,Rome,"41,9420852","12,5331733"
Edicola Il Parco,book_magazine_distribution,,Ingen webbplats,,Rome,"41,88519","12,61919"
Edicola M. De,bookstore,,Ingen webbplats,,Rome,"41,83581","12,58707"
Edicola Marco,newspaper_and_magazines_store,,Ingen webbplats,,Rome,"41,9245945","12,4690624"
Edicola Mondini Via Poggi D Oro 19,newspaper_and_magazines_store,,Ingen webbplats,,Rome,"41,8712204","12,5297788"
Edicola Morelli,newspaper_and_magazines_store,,Ingen webbplats,,Rome,"41,8319646","12,5823637"
"Edicola New Tiburtina - Tabacchi, biglietteria e ricevitoria",newspaper_and_magazines_store,,https://www.newedicolatiburtina.it/,,Rome,"41,9097011","12,5303917"
Edicola new tiburtina srl,book_magazine_distribution,,Ingen webbplats,,Rome,"41,8976135","12,536261"
Edicola Papiria,bookstore,,Ingen webbplats,,Rome,"41,85898","12,55231"
Edicola Piazza Oreste Tommasini 00162,book_magazine_distribution,,Ingen webbplats,,Rome,"41,9198504","12,5263881"
Edicola Piazza Vega,newspaper_and_magazines_store,,Ingen webbplats,,Rome,"41,7269388","12,2949058"
Edicola Ponte Milvio,newspaper_and_magazines_store,,https://www.instagram.com/edicola_ponte_milvio/,,Rome,"41,9371","12,4666066"
Edicola portuense,newspaper_and_magazines_store,,Ingen webbplats,,Rome,"41,8584853","12,4494452"
Edicola Primoli,bookstore,,Ingen webbplats,,Rome,"41,94931","12,54975"
Edicola Proni,bookstore,,Ingen webbplats,,Rome,"41,9454639","12,5163011"
Edicola Proni Andrea,newspaper_and_magazines_store,,,,Rome,"41,9455026","12,51629888"
Edicola Rizzetto,newspaper_and_magazines_store,,Ingen webbplats,,Rome,"41,897111","12,5644182"
Edicola Roberto,newspaper_and_magazines_store,,Ingen webbplats,,Rome,"41,8896755","12,5420627"
Edicola Sacchetti,newspaper_and_magazines_store,,Ingen webbplats,,Rome,"41,9479825","12,5442568"
Edicola Scifoni,newspaper_and_magazines_store,,Ingen webbplats,,Rome,"41,8309178","12,46554"
Edicola Silvi,newspaper_and_magazines_store,,Ingen webbplats,,Rome,"41,87661","12,44856"
Edicola Sympa,newspaper_and_magazines_store,,Ingen webbplats,,Rome,"41,8739615","12,5234351"
Edicola Terribile,bookstore,,http://www.facebook.com/ivan.terribile.338,,Rome,"41,86218","12,46581"
Edicola Trionfi,book_magazine_distribution,,Ingen webbplats,,Rome,"41,87062","12,46316"
Edicola Venditti al Celio,book_magazine_distribution,,https://edicola-venditti.business.site/,,Rome,"41,8891882","12,4966519"
Edicola Via Aristide Carabelli - Ostia,newspaper_and_magazines_store,,Ingen webbplats,,Rome,"41,738582","12,2693146"
Edicola Via del Calice Roma,newspaper_and_magazines_store,,Ingen webbplats,,Rome,"41,83155","12,5642737"
Edicola Vitinia,book_magazine_distribution,,Ingen webbplats,,Rome,"41,7949564","12,4034889"
Edicola-Cartoleria Lentricchia,newspaper_and_magazines_store,,Ingen webbplats,,Rome,"41,9276387","12,5691317"
Edicolabatman,newspaper_and_magazines_store,,http://www.edicolabatman.it/,,Rome,"41,7938823","12,4262661"
Edicolapisino87,newspaper_and_magazines_store,,Ingen webbplats,,Rome,"41,8982378","12,5588149"
Edicolapoliclinico,newspaper_and_magazines_store,,http://www.edicolapoliclinico.it/,,Rome,"41,907843","12,509213"
Edit Master Tú Sí Que Vales,movie_television_studio,,Ingen webbplats,,Rome,"41,94002","12,617827"
Edit Service di Ranaldi Enrico,bookstore,,http://www.editservice.net/,,Rome,"41,8880271","12,5631016"
Edizioni e Formazione Anicia,bookstore,,https://www.formazioneanicia.it/,,Rome,"41,8859139","12,4727262"
Edizioni Luigi Pozzi,newspaper_and_magazines_store,,http://www.edizioniluigipozzi.it/,,Rome,"41,9252262","12,4966132"
Edizioni Segni d'Autore,bookstore,,http://www.segnidautore.it/,,Rome,"41,9369184","12,5143512"
Edizioni Ubulibri,bookstore,,http://www.ubulibri.it/,,Rome,"41,8817498","12,4754158"
Efilsitra Acting Studio,theatre,,http://www.efilsitra.com/,,Rome,"41,8883","12,47738"
Ego Club,music_venue,,https://www.egoclubroma.com/,,Rome,"41,9284883","12,5234675"
Eikongraf,graphic_designer,,http://www.eikongraf.it/,,Rome,"41,7318365","12,3569253"
El Cartel,dance_club,,http://www.elcartelproductions.it/,,Rome,"41,87641","12,47619"
El Cid Roma,arts_and_entertainment,,http://www.romaparty.it/,,Rome,"41,9407612","12,5293417"
El Club de la Clave,dance_club,,Ingen webbplats,,Rome,"41,7672997","12,4776697"
El Cubanyto Dance School,dance_school,,Ingen webbplats,,Rome,"41,8524679","12,569303"
El Palacio de la Salsa,theatre,,Ingen webbplats,,Rome,"41,7991378","12,4478514"
El ritmo de Cuba,dance_school,,Ingen webbplats,,Rome,"41,8761902","12,55548"
EL TOPO • libri e dischi usati,bookstore,,https://www.produzionidalbasso.com/project/almeno-altri-nove-mesi,,Rome,"41,8873192","12,5634775"
Ela Dance Asd,dance_school,,Ingen webbplats,,Rome,"41,9119597","12,5380559"
ElasticRock,music_and_dvd_store,,http://www.elasticrock.it/,,Rome,"41,87476","12,45781"
Electrovinyl Corner,music_and_dvd_store,,Ingen webbplats,,Rome,"41,89524","12,4755"
Elefante Bianco Studio,arts_and_entertainment,,http://www.elefantebianco.info/,,Rome,"41,85709","12,5549199"
Elegance Cafè jazz club,jazz_and_blues,,https://www.elegancecafe.it/,,Rome,"41,8736513","12,4812354"
Elegia scuola,music_school,,https://elegiascuola.it/,,Rome,"41,861854","12,6481643"
Elevan,media_agency,,https://www.elevan.it/,,Rome,"41,91901","12,47232"
Elica Produzioni,broadcasting_media_production,,http://www.elicaproduzioni.it/,,Rome,"41,87054","12,35195"
Eliseo S.r.l. - Teatro,theatre,,Ingen webbplats,,Rome,"41,9019","12,495"
Elite Dance Studios,dance_school,,Ingen webbplats,,Rome,"41,9348293","12,4756963"
Elle Dance Studio,dance_school,,https://www.elledancestudio.it/,,Rome,"41,9452","12,52698"
Ellemedia srl,mass_media,,http://www.ellemedia.it/,,Rome,"41,9888073","12,4031549"
Elleradio FM 88.1,broadcasting_media_production,,http://www.elleradio.it/,,Rome,"41,937667","12,44214"
Emiliofrancescorusso,cinema,,Ingen webbplats,,Rome,"41,91586","12,50933"
Emmeci design,graphic_designer,,Ingen webbplats,,Rome,"41,9305409","12,3990334"
Emmeotto Arte,art_gallery,,http://www.emmeotto.net/,,Rome,"41,8975023","12,472374"
Emons Libri & Audiolibri,bookstore,,http://www.emonsedizioni.it/,,Rome,"41,8802055","12,4841263"
Emozioni in Teatro,theatre,,http://www.emozioniinteatro.it/,,Rome,"41,7767303","12,3603171"
Empire,cinema,,http://www.cecchigori.com,,Rome,"41,9190348","12,4995594"
Empire Club,dance_club,,Ingen webbplats,,Rome,"41,8582007","12,4412851"
Empire State Of Art,craft_shop,,http://www.empirestateofart.it/,,Rome,"41,8687743","12,4489195"
Emporio della Pace,bookstore,,Ingen webbplats,,Rome,"41,877651","12,432656"
Emporio delle Arti,theatre,,http://www.emporiodellearti.com/,,Rome,"41,8753469","12,5321973"
Emy Records,record_label,,http://www.emyrecords.it/,,Rome,"41,7832712","12,3633889"
EMY Studios Roma,music_production,,http://www.emystudiosroma.it/,,Rome,"41,7833812","12,3633295"
Enjoy Discoclub,arts_and_entertainment,,Ingen webbplats,,Rome,"41,9117948","12,5507102"
Enoarcano S R L,bookstore,,http://www.larcano.it,,Rome,"41,8992113","12,4786465"
"Enoteca Letteraria, Roma",bookstore,,http://www.enolibreria.it/,,Rome,"41,8883516","12,5000939"
Enoteca Letteriaria,bookstore,,http://www.enolibreria.it,,Rome,"41,901859","12,491159"
Ensemble,bookstore,,http://www.edizioniensemble.it/,,Rome,"41,92806","12,52317"
Entropia Digital Post-Production,movie_television_studio,,Ingen webbplats,,Rome,"41,9148427","12,4498606"
Enzo De Camillis,cinema,,http://www.ascinema.com/,,Rome,"41,8776057","12,452039"
Equilibrarte restauro e conservazione,arts_and_entertainment,,http://www.equilibrarte.it/,,Rome,"41,8514368","12,4685895"
ER Ventresca LAB,arts_and_entertainment,,http://www.erventresca.it/,,Rome,"41,72198","12,30276"
Era Vetro,arts_and_entertainment,,http://www.eravetro.it,,Rome,"41,9080291","12,544669"
Erickson Roma,bookstore,,http://roma.erickson.it/,,Rome,"41,93265","12,52221"
Ermes Records,music_production,,http://ermesrecords.com/,,Rome,"41,8316609","12,5987706"
Erno. Edicola Romana Non Ordinaria,newspaper_and_magazines_store,,Ingen webbplats,,Rome,"41,9050189","12,4607677"
Esacordo Scuola Di Musica,music_school,,http://www.esacordo.net/,,Rome,"41,9291352","12,4187024"
Esc Atelier Autogestito,arts_and_entertainment,,http://www.escatelier.net/,,Rome,"41,8997838","12,5185136"
Escape Room Game Oasis,fair,,http://gameoasis.it/,,Rome,"41,9149128","12,5544387"
Eschilo Dance Lab,dance_school,,https://www.instagram.com/eschilodance/?hl=it,,Rome,"41,76176","12,37227"
Eschilo2 Latino,dance_club,,http://www.misterjef.it/,,Rome,"41,75408","12,33027"
Escuela Espanola de Arqueologia,library,,Ingen webbplats,,Rome,"41,8964767","12,478405"
Eskimo,cinema,,http://www.eskimoweb.it/,,Rome,"41,875166","12,468428"
Essenza della danza,dance_school,,Ingen webbplats,,Rome,"41,8843321","12,5624609"
Essenza Verde Lab,library,,http://www.essenzaverde.it/,,Rome,"41,8991374","12,4684083"
Essenzateatro,theatre,,http://www.essenzateatro.it/,,Rome,"41,7840637","12,3440523"
Estate Romana,art_gallery,,https://www.estateromana.com/,,Rome,"41,890017","12,493021"
Estate Romana,arts_and_entertainment,,http://www.mipiaceroma.it/estate-romana,,Rome,"41,910012","12,476797"
Estudio Musical Manuel M. Ponce,art_school,,https://escuela-manuel-m-ponce.webnode.mx/,,Rome,"41,897613","12,474595"
Eterea Negozio Esoterico,bookstore,,Ingen webbplats,,Rome,"41,9091729","12,4669867"
Etnofonie Scuola di Musica,music_school,,https://smetnofonie.wixsite.com/etnofonie-roma,,Rome,"41,8985787","12,5349416"
Étoile - Scuola di danza,dance_school,,http://www.ascuoladidanza.it/,,Rome,"41,8535154","12,458076"
Etoile Blu ASD,dance_school,,Ingen webbplats,,Rome,"41,959725","12,546979"
Etoile Disco Salsa,dance_club,,https://www.etoile23.com/,,Rome,"41,8812752","12,5100214"
ètude,dance_school,,http://www.lecupole.it/site/,,Rome,"41,8620685","12,43311"
Euphoria roma,arts_and_entertainment,,Ingen webbplats,,Rome,"41,8751426","12,4746768"
Euphorica Eventi,broadcasting_media_production,,https://www.ticketone.it/artist/mandrake/imbarazziamoci-giuseppe-ninno-mandrake-3619136/,,Rome,"41,91281","12,47535"
Eurcine,cinema,,http://eurcine.ccroma.circuitocinema.com,,Rome,"41,8338771","12,4684719"
European Dance Union Italia Associazione,performing_arts,,https://teatrogreco.weebly.com/renatogrecodancestudio.html,,Rome,"41,9367944","12,5124507"
Europictures,arts_and_entertainment,,http://www.europictures.it/,,Rome,"41,89408","12,47468"
Evasioni Art Studio,art_gallery,,Ingen webbplats,,Rome,"41,8942213","12,4797376"
Eventi Pleasure Roma,dance_club,,Ingen webbplats,,Rome,"41,8342767","12,470754"
Everest Film Productions,cinema,,http://www.everestfilm.it/,,Rome,"41,966588","12,4455011"
Evoluzione Casa,landscaping,,http://www.evoluzionecasa.com/,,Rome,"41,8994703","12,4705601"
EWEI - Eastwest European Institute,newspaper_and_magazines_store,,https://ew-ei.eu/,,Rome,"41,9185201","12,4731159"
Ex Cinema Augustus,cinema,,http://www.welcometo-rome.it/,,Rome,"41,897395","12,471157"
Ex Elettrofonica,art_gallery,,http://www.exelettrofonica.com/,,Rome,"41,8988419","12,462154"
Ex Forlanini,dance_club,,Ingen webbplats,,Rome,"41,8655444","12,4510607"
Ex Magazzini,dance_club,,Ingen webbplats,,Rome,"41,8713951","12,476069"
Ex Mattatoio - Roma,arts_and_entertainment,,http://it.wikipedia.org/wiki/Ex_mattatoio_(Roma),,Rome,"41,8748537","12,473032"
Excitech Postworks - Production Company,movie_television_studio,,http://www.excitech.it/,,Rome,"41,921225","12,4576088"
Exclusive Urban Art,art_gallery,,http://www.exclusiveurbanart.com/,,Rome,"41,8936948","12,4774679"
Exdicola,newspaper_and_magazines_store,,Ingen webbplats,,Rome,"41,9447391","12,5611645"
Exe Roma,dance_club,,http://www.exeroma.it/,,Rome,"41,83326","12,472579"
Explora - il Museo dei Bambini di Roma,museum,,http://www.mdbr.it/,,Rome,"41,9150993","12,4747485"
ExpoBrick,museum,,http://www.expobrick.com/,,Rome,"41,83143","12,46578"
Extra Comunicazione e Marketing,media_agency,,https://www.extracomunicazione.it/,,Rome,"41,9195208","12,5034403"
Extras Movies,cinema,,Ingen webbplats,,Rome,"41,87731","12,5791"
Exvuoto,museum,,http://davidfagioli.it/,,Rome,"41,8679268","12,6305974"
Eye03 Roma,graphic_designer,,http://www.eye03.it/,,Rome,"41,8881054","12,5656343"
F&G Salsaenonsolo,dance_school,,http://salsaenonsolo.it/,,Rome,"41,8692001","12,5442647"
Fabbrica Artistica - Scuola per attori,performing_arts,,http://www.fabbricaartistica.it/,,Rome,"41,9197533","12,5238587"
Fabbrica YAP - Teatro dell'Opera di Roma,opera_and_ballet,,http://www.fabbrica.operaroma.it/,,Rome,"41,9006155","12,4956994"
Fabbrica-Museo del cioccolato,museum,,http://www.fabbricamuseocioccolato.it/,,Rome,"41,8088456","12,3323453"
Fabio D'Aroma Art Gallery,art_gallery,,http://www.fabiodaroma.com/,,Rome,"41,8975017","12,470251"
Fabio Imperiale Art Studio,arts_and_entertainment,,Ingen webbplats,,Rome,"41,8832202","12,4687898"
Fabio Masotta - Giardini e Paesaggi,landscaping,,http://www.fabiomasotta.it/,,Rome,"41,9242","12,4649087"
Fabrica,arts_and_entertainment,,http://www.fabricassociazione.it/,,Rome,"41,9163969","12,5121687"
Fabrizio Di Nardo Marte,art_gallery,,http://www.fabriziodinardo.com/,,Rome,"41,8952991","12,4925991"
Facilitieservice,movie_television_studio,,http://www.facilitieservice.it/,,Rome,"41,8768277","12,5093362"
FaCri Dance,dance_school,,http://www.amiracristinaborelli.it/,,Rome,"41,86953","12,67986"
Factory 0.0,art_restoration,,http://www.lessisbest.it/,,Rome,"41,9494271","12,4930981"
Factory Eventi,arts_and_entertainment,,Ingen webbplats,,Rome,"41,89247","12,50125"
FactoryRoma  Sirica,dance_club,,http://www.discoromaeventi.com/,,Rome,"41,93384","12,45245"
Falcinelli&Co.,graphic_designer,,http://www.falcinelliand.co/,,Rome,"41,866779","12,4884"
Fallout Studio & Label,music_production,,http://fallout.simplybook.it/,,Rome,"41,8946199","12,4911931"
Famiglia De Angelis,cinema,,Ingen webbplats,,Rome,"41,8495594","12,5743735"
Fandango SRL,cinema,,http://www.fandango.it,,Rome,"41,9196058","12,5123483"
Fans of Leaning Tower of Pisa,arts_and_entertainment,,Ingen webbplats,,Rome,"41,8999602","12,5004402"
Fantasmagorie Studio,movie_television_studio,,https://www.fantasmagoriestudio.net/,,Rome,"41,8315602","12,4913292"
Fantasy Park Roma,dance_club,,Ingen webbplats,,Rome,"41,88165","12,60881"
Fargo Entertainment Srl,cinema,,http://www.fargoentertainment.eu/,,Rome,"41,914482","12,4645571"
Farnese Persol,cinema,,http://www.cinemafarnese.eu/,,Rome,"41,895608","12,472583"
FARO Gasometro,arts_and_entertainment,,http://www.gasometro.it/,,Rome,"41,870386","12,473786"
Faro Music School,music_school,,http://www.faromusicschool.it/,,Rome,"41,8475223","12,475276"
Fashion Bus,dance_club,,http://www.fashionbus.it/,,Rome,"41,8414409","12,4642402"
Fashionbar DiscoClub,dance_club,,http://www.fashionbar.it/,,Rome,"41,7949708","12,4039313"
Faso Film,movie_television_studio,,http://www.fasofilm.it/,,Rome,"41,9246713","12,4786448"
Fastbook,bookstore,,http://www.fastbookspa.it/dove-siamo,,Rome,"41,835642","12,619096"
FAT SOUND Studio,music_production,,Ingen webbplats,,Rome,"41,8859758","12,5154969"
Fattoria Didattica Saint Michel,urban_farm,,https://www.saint-michel.it/,,Rome,"41,8703848","12,4982897"
FAUST,arts_and_entertainment,,http://www.clubfaust.it/,,Rome,"41,91195","12,49865"
Fdm La Fabbrica della Musica,music_venue,,http://www.fabbricadellamusica.com/,,Rome,"41,7306655","12,2849509"
FE-GI Servizicinetv,cinema,,http://www.fegiservizicinetv.it/,,Rome,"41,8541093","12,5675791"
Fede in Azione Cooperativa Sociale,music_school,,https://www.fedeinazione.it/,,Rome,"41,7838251","12,4361423"
Feedback Studio,arts_and_entertainment,,http://www.feedbackstudio.it/,,Rome,"41,8913293","12,5355042"
Feel Your Touch,record_label,,https://www.feelyourtouchagency.com/,,Rome,"41,9210448","12,4572632"
Felt Music Club & School,jazz_and_blues,,http://www.feltmusic.it,,Rome,"41,8965988","12,5185959"
Feltrinelli Bookstores,bookstore,,http://www.lafeltrinelli.it/,,Rome,"41,9092901","12,4567815"
Feltrinelli Librerie,bookstore,,http://www.lafeltrinelli.it,,Rome,"41,9322205","12,5200264"
Fenice calzature,cinema,,http://www.fenicecalzature.com/,,Rome,"41,86519","12,54004"
Fenice Laboratori,art_school,,https://linktr.ee/fenicelaboratori,,Rome,"41,95633","12,53577"
Fenix Lab Tango,arts_and_entertainment,,http://Www.eduardomoyano.it/,,Rome,"41,94746","12,42646"
Ferdinando Codognotto,art_gallery,,www.ferdinandocodognotto.com,,Rome,"41,9011281","12,4739154"
Ferdinando Colloca artista e creativo,commissioned_artist,,http://ferdinandocolloca.it/,,Rome,"41,73051408","12,27818574"
FerPress,mass_media,,http://www.ferpress.it/,,Rome,"41,9024424","12,475674"
Fertik,graphic_designer,,https://fertik.it/,,Rome,"41,8805262","12,4908447"
Festa del Cinema di Roma,cinema,,http://www.romacinemafest.it/,,Rome,"41,929608","12,4741616"
Festa della Musica,music_venue,,https://www.festadellamusicaitalia.it/,,Rome,"41,8791579","12,4576964"
Festival del Cinema Veramente Indipendente,cinema,,http://www.cvifest.com/,,Rome,"41,9004425","12,4839654"
"FFM - Fuoco, Ferro e Magia",bookstore,,http://www.ffmfantasy.com/,,Rome,"41,922989","12,515162"
FID Fondazione Italiana Danza,dance_school,,https://www.ludodanza.it/,,Rome,"41,8827885","12,4229236"
Fidelio,cinema,,http://www.fidelio.it/,,Rome,"41,9157491","12,4539314"
Fidelio Club Roma,dance_club,,Ingen webbplats,,Rome,"41,9029663","12,4749514"
Fidenae Sala Museale Porta di Roma,museum,,Ingen webbplats,,Rome,"41,9721664","12,5408125"
Fiebre ASD,dance_school,,Ingen webbplats,,Rome,"41,9108028","12,5368392"
Fiesta,dance_club,,https://fiestafestival.it/,,Rome,"41,8404077","12,4687232"
Film Caro Nipote,cinema,,Ingen webbplats,,Rome,"41,8905469","12,5255552"
Film Society,cinema,,https://www.cinematicarena.it/,,Rome,"41,8778746","12,542074"
Film-Mania,cinema,,http://www.film-mania.it/,,Rome,"41,914366","12,522761"
Filmauro Srl,movie_television_studio,,http://www.filmauro.it/,,Rome,"41,8979658","12,4866173"
Filmstudio,cinema,,http://www.filmsocialclub.it/,,Rome,"41,8965394","12,4643002"
Finta Prospettiva Del Borromini,art_gallery,,Ingen webbplats,,Rome,"41,8939553","12,4721119"
FISH-EYE Digital Video Creation,movie_television_studio,,http://www.fisheyeweb.it/,,Rome,"41,9125137","12,4626813"
Fit & Dance Studio,dance_school,,Ingen webbplats,,Rome,"41,7880951","12,3944107"
FITA - Federazione Italiana Teatro Amatori,theatre,,http://www.fitateatro.it,,Rome,"41,9014774","12,4719545"
Fivizzano27,theatre,,http://www.fivizzano27.it/,,Rome,"41,88846","12,52567"
Flaminio Garden,dance_club,,Ingen webbplats,,Rome,"41,9166294","12,473727"
Fleisch Marie Laure,art_gallery,,Ingen webbplats,,Rome,"41,90305","12,47563"
Floatingtheatreroma,theatre,,https://www.floatingtheatre.it/,,Rome,"41,9357079","12,5063697"
Flopicco Design Studio,graphic_designer,,https://www.behance.net/flopicco_studio,,Rome,"41,9174443","12,4573768"
Flora Roma,dance_club,,https://www.floraroma.it/,,Rome,"41,9484209","12,5513114"
Flow Dance Group - Corsi di Danza,dance_school,,Ingen webbplats,,Rome,"41,8682146","12,4847013"
Flowsound Recording Studio,music_production,,Ingen webbplats,,Rome,"41,8471484","12,4617698"
FLstudio,dance_club,,http://www.effellestudio.net/,,Rome,"41,941655","12,460889"
Fly Age,movie_television_studio,,http://www.flyage.it/,,Rome,"41,9753624","12,4252946"
Flyer Art Gallery - Warning,art_gallery,,https://www.kickstarter.com/projects/rudolfrubin/coffee-syrup-reinvented,,Rome,"41,8993318","12,4927903"
Flyerz,arts_and_entertainment,,https://flyerz.it/,,Rome,"41,9149836","12,3745839"
Fm Records Music,music_production,,http://www.fmrecords.it/,,Rome,"41,9005238","12,5361921"
FOCUS DANCE Academy,dance_school,,Ingen webbplats,,Rome,"41,8533968","12,457744"
Foley Studio,cinema,,http://www.foleyartist.it/,,Rome,"41,879419","12,5399923"
Folkificio,record_label,,http://www.folkificio.it/,,Rome,"41,8671513","12,4790743"
Fondaco Roma,art_gallery,,http://www.fondacoroma.com/,,Rome,"41,9070451","12,4769248"
Fondamenta Gallery,art_gallery,,Ingen webbplats,,Rome,"41,9150219","12,5476867"
Fondamenta Teatro e Teatri,theatre,,http://www.fondamentateatroeteatri.it/,,Rome,"41,87224","12,52564"
Fondamenta Under 18,arts_and_entertainment,,http://scuola-recitazione-roma.com/,,Rome,"41,8794","12,52558"
Fondazione Alda Fendi - Esperimenti,art_gallery,,http://www.fondazionealdafendi-esperimenti.it/,,Rome,"41,8890688","12,4825257"
Fondazione Aldo Della Rocca,cultural_center,,https://www.fondazionedellarocca.it/,,Rome,"41,8772457","12,4562199"
Fondazione Bruno Zevi,arts_and_entertainment,,http://www.fondazionebrunozevi.it/,,Rome,"41,9221802","12,5191055"
Fondazione Carla Fendi/Carla Fendi Foundation,community_services_non_profits,,http://www.fondazionecarlafendi.it/,,Rome,"41,9039513","12,4780871"
Fondazione Carlo Levi,art_museum,,http://www.carlolevifondazione.it/,,Rome,"41,9103954","12,5018032"
Fondazione Farefuturo,theatre,,http://www.farefuturofondazione.it/,,Rome,"41,90046","12,48222"
Fondazione FS Italiane,museum,,http://www.fondazionefs.it/,,Rome,"41,9089757","12,5037238"
Fondazione Giorgio e Isa De Chirico,art_museum,,http://www.fondazionedechirico.org/,,Rome,"41,905373","12,482386"
Fondazione Isabella Scelsi,museum,,http://www.scelsi.it/,,Rome,"41,8910516","12,484659"
Fondazione Kainòn ETS,arts_and_entertainment,,http://www.fondazionekainon.it/,,Rome,"41,9056308","12,4694824"
Fondazione Memmo,museum,,http://www.fondazionememmo.it,,Rome,"41,9043194","12,4783625"
Fondazione Micol Fontana,museum,,www.micolfontana.it,,Rome,"41,906893","12,482267"
Fondazione Museo della Shoah,history_museum,,http://www.museodellashoah.it/,,Rome,"41,8921985","12,4787647"
Fondazione Nicola Bulgari,museum,,http://www.fondazionenb.com/,,Rome,"41,932423","12,525525"
Fondazione Nicola Del Roscio,art_gallery,,http://www.lafondazione.info/,,Rome,"41,9036835","12,4857544"
Fondazione Paolo Bulgari,community_services_non_profits,,https://fondazionepaolobulgari.org/,,Rome,"41,894068","12,4932375"
Fondazione Pastificio Cerere,art_gallery,,http://www.pastificiocerere.it/,,Rome,"41,8989691","12,5165514"
Fondazione per l'Arte,art_gallery,,http://www.fondazioneperlarte.org/,,Rome,"41,8790265","12,5343169"
Fondazione Pro Musica e Arte Sacra,museum,,http://www.fondazionepromusicaeartesacra.org/,,Rome,"41,9010368","12,4569713"
Fondazione Terzo Pilastro - Internazionale,art_museum,,http://www.fondazioneterzopilastro.it/,,Rome,"41,8995365","12,4809507"
Fondazione Toti Scialoja,museum,,http://totiscialoja.it/,,Rome,"41,8931939","12,4742612"
Fondazione Treccani Cultura,cultural_center,,https://www.treccani.it/fondazione/,,Rome,"41,894748","12,4775805"
Fondazione Valerio Marchitelli Onlus - Anemos Arts,art_gallery,,http://www.fondazionemarchitelli.it/,,Rome,"41,8601229","12,6043609"
Fondazione Vincenzo Agnesi,museum,,https://www.fondazionevincenzoagnesi.it/,,Rome,"41,91853","12,472885"
Fondazione Volume,art_gallery,,http://www.fondazionevolume.com/,,Rome,"41,8945885","12,4649455"
Fondente,broadcasting_media_production,,https://www.fondenteproduzione.it/,,Rome,"41,8759181","12,5183701"
Fonderia delle Arti,theatre,,http://www.fonderiadellearti.com/,,Rome,"41,8788911","12,5248943"
Fonderia Novecento,arts_and_entertainment,,http://fonderia900.org/,,Rome,"41,8751051","12,5253328"
Fonderie Sonore,music_school,,http://www.fonderiesonore.it/,,Rome,"41,853596","12,4769848"
Fono Roma,cinema,,http://www.fonoroma.com,,Rome,"41,8803426","12,5130769"
FontanonEstate TeatroStudio,cinema,,http://www.fontanonestate.it/biglietti/prenotazioni.html,,Rome,"41,888785","12,464075"
ForbiddenPlanet Roma,bookstore,,https://www.youtube.com/channel/UC1hJ37uaNhZOC5raLblRByA,,Rome,"41,8828448","12,5160827"
Forever Dance,dance_school,,Ingen webbplats,,Rome,"41,94372","12,5352"
Forever Dance Group,dance_school,,https://www.youtube.com/@ForeverDanceGroup-2023/videos,,Rome,"41,8736564","12,5461521"
FormaPop Mutazioni Contemporanee - galleria d'arte,art_gallery,,Ingen webbplats,,Rome,"41,7341751","12,2716651"
Formazione Danza EM.IA,dance_school,,Ingen webbplats,,Rome,"41,86576","12,49618"
Forte Boccea,community_center,,Ingen webbplats,,Rome,"41,9011","12,34077"
Forte Fanfulla,music_venue,,http://www.fanfulla.org/,,Rome,"41,890643","12,53036"
Forte Prenestino,dance_club,,http://www.forteprenestino.net/,,Rome,"41,8925022","12,5688447"
Fortezza Est,theatre,,http://www.fortezzaest.com/,,Rome,"41,8797678","12,5395484"
Forum Austriaco di Cultura Roma,cultural_center,,http://www.austriacult.roma.it/,,Rome,"41,919035","12,478425"
Forum Studios,theatre,,http://www.forummusicvillage.com/,,Rome,"41,9274762","12,4806965"
Forumusica,music_school,,http://www.forumusica.it/,,Rome,"41,8904967","12,3842006"
Foto e Video New,photography_store_and_services,,https://www.fotoevideonew.it/,,Rome,"41,8689496","12,5313542"
Fotociak,arts_and_entertainment,,http://www.fotociak.it/,,Rome,"41,9479543","12,5555112"
Fotocinema,movie_television_studio,,http://www.fotocinema.com/,,Rome,"41,883254","12,498131"
Fotodigitaldiscount Ostia Corso Duca di Genova,bookstore,,Ingen webbplats,,Rome,"41,7329133","12,2744804"
Fotodiscount STORE,photography_store_and_services,,http://www.photosi.com/,,Rome,"41,9285276","12,5237471"
Fotodiscount viale pinturicchio 33,photography_store_and_services,,Ingen webbplats,,Rome,"41,9312133","12,4655483"
Fotoemmeci,photography_store_and_services,,http://www.carlomassa.com/,,Rome,"41,914","12,45417"
Fotofficina  2.0,photography_store_and_services,,http://www.fotofficinalab.it/,,Rome,"41,8797949","12,5072627"
Fotografi Creativi La Pigna - UCAI Roma,art_gallery,,http://www.gallerialapigna.it/,,Rome,"41,897","12,47786"
Fotorec,photography_store_and_services,,http://www.fotorecroma.it/,,Rome,"41,91957","12,52247"
Four in the morning,graphic_designer,,http://www.fourinthemorning.it/,,Rome,"41,8945828","12,4952457"
Fourth Mile Studio,music_school,,http://www.fourthmilestudio.com/,,Rome,"41,842742","12,5466833"
Fox Gallery,art_gallery,,https://fox-gallery.scontrinoshop.com/it/,,Rome,"41,8961269","12,4787854"
Fox International Channels Italy,movie_television_studio,,http://www.foxtv.it,,Rome,"41,970475","12,5048066"
Fox Italia,broadcasting_media_production,,www.foxtv.it,,Rome,"41,90254","12,48079"
FPT  14902,dance_club,,Ingen webbplats,,Rome,"41,93553","12,53467"
frame by frame,broadcasting_media_production,,http://www.frame.it/,,Rome,"41,9088821","12,4679468"
Framexs,movie_television_studio,,http://www.framexs.com/,,Rome,"41,8036943","12,4684954"
FraMmenti Club,cultural_center,,https://www.frammenti.club/,,Rome,"41,9005047","12,4751752"
Frammenti d'arte       Monteverde Vecchio,art_gallery,,http://www.frammentidartemonteverde.com/,,Rome,"41,8812351","12,460562"
Francesca Antonini Arte Contemporanea,art_gallery,,http://www.francescaantonini.it/,,Rome,"41,9039101","12,4852434"
Francesco Luz,radio_station,,http://www.francescoluz.com/,,Rome,"41,88275","12,46846"
Franco Bottone Attore,cinema,,Ingen webbplats,,Rome,"41,91971","12,38289"
Fratelli Cartocci SRL,arts_and_entertainment,,http://www.cartocci.com,,Rome,"41,8265041","12,5849487"
Free Sport Life - Associazione di Ballo e Sport No Profit Piazza Bologna,dance_school,,https://danasclub.it/,,Rome,"41,917728","12,519294"
Freedom Roma,dance_club,,Ingen webbplats,,Rome,"41,9120423","12,4986756"
Frutta,arts_and_entertainment,,http://www.fruttagallery.com/,,Rome,"41,8882068","12,4776122"
FTPImostre,arts_and_entertainment,,https://www.fondazioneterzopilastrointernazionale.it/le-mostre/,,Rome,"41,899456","12,4805076"
Fuji studio,music_production,,http://www.fujistudio.it/,,Rome,"41,9218742","12,5093106"
FukSia - Billiards & Rock'n'Live,music_venue,,Ingen webbplats,,Rome,"41,8993","12,53541"
Full Metal Academy,music_school,,Ingen webbplats,,Rome,"41,7813517","12,3389018"
FullMoonClub Roma,dance_club,,http://www.fullmoonclub.org/,,Rome,"41,887131","12,468226"
Fumetteria dott. comics & miss manga Roma,bookstore,,http://www.dottcomicsmissmanga.it/,,Rome,"41,9361162","12,5286354"
Fumetteria Golden Store Roma,bookstore,,http://www.ebay.it/usr/fumetteriagoldenstoreromamonteverde,,Rome,"41,8757118","12,4509174"
Fumetto e Illustrazione Lab Puzzle,art_school,,https://labpuzzle.noblogs.org/,,Rome,"41,94502","12,53622"
Fumettopoli (Roma),bookstore,,http://fumettopoliroma.jimdo.com/,,Rome,"41,9352746","12,4207052"
Fumo Leggo & Gioco,newspaper_and_magazines_store,,Ingen webbplats,,Rome,"41,9489","12,60183"
Funside Ostia,bookstore,,http://www.gamesacademy.it/,,Rome,"41,7348198","12,278191"
Funspace Art,art_gallery,,http://www.funspaceart.com,,Rome,"41,89354","12,50914"
Fuori Studio,graphic_designer,,http://www.fuoristudio.com/,,Rome,"41,8859702","12,5295474"
Fusolab,art_gallery,,http://www.fusolab.net,,Rome,"41,8941273","12,5475425"
Fusolab,music_venue,,http://www.fusolab.net/,,Rome,"41,8722056","12,5820516"
Futurarte Roma,dance_club,,http://www.futurarte.net/,,Rome,"41,835205","12,470067"
Futurism&Co Art Gallery,art_gallery,,http://www.futurismandco.com/,,Rome,"41,9059621","12,4809946"
Futuro Italia Doria,arts_and_entertainment,,Ingen webbplats,,Rome,"41,914733","12,4739027"
G A D dancestudio,dance_school,,Ingen webbplats,,Rome,"41,8868877","12,5621399"
GA&A Productions,arts_and_entertainment,,http://www.gaea.it/,,Rome,"41,908081","12,4680301"
"Gagosian, Rome",art_gallery,,Ingen webbplats,,Rome,"41,9034379","12,4856148"
Galactus,arts_and_entertainment,,http://www.galactus.it/,,Rome,"41,9194856","12,5464269"
Galan7 Laser Game,music_venue,,http://www.galan7.site/,,Rome,"41,8159443","12,4123583"
Galeria Atelier Alexia Molino,arts_and_entertainment,,http://www.alexiamolino.com/,,Rome,"41,8742082","12,5175411"
Galerie des cartes géographiques,art_museum,,http://www.christusrex.org/www1/vaticano/0-Musei.html,,Rome,"41,9041667","12,4547222"
Galerie Maison Naim,art_gallery,,Ingen webbplats,,Rome,"41,9046885","12,4817878"
Gall'Art Roma,art_gallery,,http://www.gallartroma.com/,,Rome,"41,8962535","12,4733341"
"Galleria ""Arte e Pensieri""",art_gallery,,http://www.galleriaarteepensieri.it/,,Rome,"41,889519","12,4953115"
Galleria 291 Inc.,arts_and_entertainment,,http://www.galleria291est.com/inc.html,,Rome,"41,8951227","12,5174772"
Galleria Alessandra Bonomo,art_gallery,,http://www.bonomogallery.com/,,Rome,"41,8967065","12,478668"
Galleria Anna Marra,art_gallery,,http://www.galleriaannamarra.it/,,Rome,"41,8933078","12,4785709"
Galleria Arte Maggiore,art_gallery,,http://www.acebo.com/GallriaArteaggiore,,Rome,"41,897657","12,49705"
Galleria Arte Poli,art_gallery,,Ingen webbplats,,Rome,"41,9043133","12,4600446"
Galleria Arte Russo,art_gallery,,http://www.galleriarusso.com/,,Rome,"41,9071562","12,4808071"
Galleria Bartolino,dance_school,,http://www.maurobarreras.com/,,Rome,"41,8770772","12,5402742"
Galleria Berardi,art_gallery,,http://www.berardiarte.it/,,Rome,"41,8973989","12,4740584"
Galleria Borghese,art_museum,,http://www.galleriaborghese.beniculturali.it/,,Rome,"41,9141439","12,4920749"
Galleria Camelù,art_gallery,,http://www.camelu.com/,,Rome,"41,905592","12,47104"
Galleria Carlo Virgilio & C.,art_gallery,,http://carlovirgilio.it/,,Rome,"41,9030007","12,4767424"
"Galleria Colonna In Via Del Corso - Roma, Italia",art_museum,,http://www.galleriacolonna.it,,Rome,"41,9010556","12,4812"
Galleria Colonna Museo e Pinacoteca,museum,,http://www.galleriacolonna.it/dove-siamo,,Rome,"41,897587","12,484748"
Galleria Contact artecontemporanea,art_gallery,,http://galleriacontact.it/,,Rome,"41,8686669","12,5325659"
"Galleria d'arte ""Stefano Simmi""",art_gallery,,http://www.galleriadartesimmi.it/,,Rome,"41,9015957","12,4723943"
Galleria d'Arte Borromini,art_gallery,,http://www.eitchborromini.com/,,Rome,"41,8991041","12,4725704"
Galleria d'Arte Edarcom Europa,art_gallery,,http://www.edarcom.it/,,Rome,"41,8734356","12,511772"
galleria d'arte FABER,art_gallery,,https://galleriadartefaber.com/,,Rome,"41,8982512","12,4669138"
Galleria D'Arte Mancini Arte&Arredo,art_gallery,,http://www.manciniartearredo.com/,,Rome,"41,7841984","12,3317289"
Galleria d'Arte Marchetti,art_gallery,,http://www.artemarchetti.it,,Rome,"41,9096101","12,4785655"
Galleria d'Arte Moderna di Roma Capitale,art_museum,,http://www.galleriaartemodernaroma.it/,,Rome,"41,9038084","12,4857016"
Galleria d'Arte Perera - casa fondata nel 1911,art_gallery,,Ingen webbplats,,Rome,"41,907845","12,48027"
Galleria D’arte Roberto di JULLO,art_gallery,,http://www.dijullo.it/,,Rome,"41,8959959","12,4908303"
Galleria d'Arte Thule,art_gallery,,http://www.thule-italia.com/Wordpress%20galleria/,,Rome,"41,9062974","12,5387194"
"Galleria D'Arte, Via Dei Sabelli N. 60/62",art_gallery,,Ingen webbplats,,Rome,"41,88941","12,52578"
Galleria Degas,art_gallery,,http://www.artedegas.com,,Rome,"41,7314812","12,2850119"
Galleria del Cembalo,art_gallery,,http://www.galleriadelcembalo.it/,,Rome,"41,9037993","12,4767145"
Galleria del Cortile - Archivio Sante Monachesi associazione culturale,museum,,Ingen webbplats,,Rome,"41,9085222","12,4789637"
Galleria Del Laocoonte,art_gallery,,http://www.laocoontegalleria.it/,,Rome,"41,896694","12,475814"
"Galleria Delle Carte Geografiche, Palazzi E Musei Vaticani",museum,,www.icavour.it,,Rome,"41,901376","12,4933769"
Galleria Design Roma,art_gallery,,Ingen webbplats,,Rome,"41,9117788","12,4593135"
Galleria di opere grafiche,art_gallery,,http://www.aleandriartemoderna.com/,,Rome,"41,899602","12,46831"
Galleria Don Chisciotte,art_gallery,,http://www.galleriadonchisciotte.com,,Rome,"41,9091","12,475917"
Galleria Doria Pamphilj,art_museum,,https://www.beniculturali.it/luogo/galleria-doria-pamphilj#apertura,,Rome,"41,8979703","12,4815877"
Galleria Edieuropa,art_gallery,,Ingen webbplats,,Rome,"41,8928402","12,4755512"
Galleria Embrice,art_gallery,,Ingen webbplats,,Rome,"41,861256","12,480694"
Galleria EP,art_museum,,Ingen webbplats,,Rome,"41,9173","12,45815"
Galleria Erica Ravenna,art_gallery,,http://www.ericafiorentini.it/,,Rome,"41,893082","12,4772655"
Galleria Ess&rre,art_gallery,,http://www.accainarte.it/,,Rome,"41,7396375","12,2429357"
Galleria Fidia,art_gallery,,https://www.artefidia.com/,,Rome,"41,9092639","12,4745874"
Galleria Fondaco - Arte Architettura,art_gallery,,http://www.fondaco.eu/,,Rome,"41,895264","12,492679"
Galleria Gallerati,art_gallery,,http://www.galleriagallerati.it/,,Rome,"41,9148063","12,5266604"
Galleria Gilda Lavia,art_gallery,,http://www.gildalavia.com/,,Rome,"41,898848","12,5184274"
Galleria Horti Lamiani-Bettivò,art_gallery,,https://hortilamianiart.wixsite.com/hortilamiani,,Rome,"41,8985071","12,5036083"
Galleria Il Leone,art_gallery,,http://www.leone-arte.com/,,Rome,"41,8881157","12,504587"
Galleria Il Sole Arte Contemporanea,art_gallery,,https://www.galleriailsole.it/,,Rome,"41,9116831","12,5045125"
Galleria Il Trittico Arte Contemporanea,art_gallery,,Ingen webbplats,,Rome,"41,895169","12,4737776"
Galleria InQuadro,art_gallery,,http://www.galleriainquadro.com/,,Rome,"41,8347887","12,5027337"
Galleria Internazionale Area Contesa Arte,art_gallery,,http://www.areacontesaarte.it/,,Rome,"41,9088864","12,4792168"
Galleria L'Acquario,art_gallery,,http://www.galleriacquario.it/,,Rome,"41,8946689","12,4696383"
Galleria La Nica,art_gallery,,http://www.gallerialanica.it/,,Rome,"41,8993969","12,4678595"
Galleria La Porta dell'Arte,art_gallery,,Ingen webbplats,,Rome,"41,88797","12,47765"
Galleria Lombardi,art_gallery,,http://www.gallerialombardi.com/,,Rome,"41,8996103","12,4688418"
Galleria Lorcan O'Neill Roma,arts_and_entertainment,,http://www.lorcanoneill.com/site/index.php,,Rome,"41,8939223","12,4745593"
Galleria Maria Grazia Del Prete,art_gallery,,Ingen webbplats,,Rome,"41,896887","12,4685764"
Galleria Mario Iannelli,art_gallery,,http://www.marioiannelli.it,,Rome,"41,9319793","12,467732"
Galleria MIA,arts_and_crafts,,Ingen webbplats,,Rome,"41,9078863","12,4758613"
Galleria Miralli,art_gallery,,Ingen webbplats,,Rome,"41,8969107","12,4830437"
Galleria Moderni,art_gallery,,http://www.galleriamoderni.it/,,Rome,"41,8985266","12,4667125"
Galleria Monty&Company,art_museum,,http://www.montyecompany.it/,,Rome,"41,894234","12,4897551"
Galleria Nazionale d'Arte Antica,art_gallery,,http://www.barberinicorsini.org/,,Rome,"41,9031603","12,4898174"
Galleria Nazionale D'Arte Antica,modern_art_museum,,http://galleriacorsini.beniculturali.it,,Rome,"41,8932889","12,4666902"
galleria nazionale d'arte moderna,art_gallery,,Ingen webbplats,,Rome,"41,901093","12,4980304"
Galleria O.A.C. Margutta 9,art_gallery,,Ingen webbplats,,Rome,"41,9079","12,480392"
Galleria PGD,art_gallery,,Ingen webbplats,,Rome,"41,9017821","12,4735054"
Galleria Pian Dè Giullari,art_gallery,,http://piandegiullari2.blogspot.com/,,Rome,"41,8966435","12,4700985"
Galleria Prencipe,art_gallery,,https://www.galleriaprencipe.it/,,Rome,"41,8810745","12,4555275"
Galleria Recta,museum,,http://www.galleriarecta.it/,,Rome,"41,9005733","12,4680191"
Galleria Richter Fine Art,art_gallery,,http://www.galleriarichter.com/,,Rome,"41,9005213","12,4671494"
Galleria Russo Archivi,art_gallery,,https://www.galleriarusso.com/,,Rome,"41,908759","12,477877"
Galleria San Pietro Roma,art_gallery,,https://www.galleriasanpietro.com/,,Rome,"41,902942","12,45838"
Galleria Sisters,arts_and_crafts,,Ingen webbplats,,Rome,"41,8974766","12,4678424"
Galleria Sonora,music_venue,,https://www.pejmantadayon.com/galleria-sonora/,,Rome,"41,88003","12,512148"
Galleria Spada,museum,,http://galleriaspada.beniculturali.it/index.php?it%2F1%2Fhome,,Rome,"41,8942253","12,47194"
Galleria Spazio Tempo,art_gallery,,Ingen webbplats,,Rome,"41,9045366","12,4604014"
Galleria TRART,art_gallery,,http://galleria-trart.business.site/,,Rome,"41,8953599","12,4776801"
Galleria Triphé Roma -Cortona,arts_and_entertainment,,http://www.triphe.it/,,Rome,"41,9040919","12,4636539"
Galleria Ulisse,art_gallery,,http://www.ulissegallery.com/,,Rome,"41,9037942","12,4837971"
Galleria Valentina Bonomo,art_gallery,,http://www.galleriabonomo.com/,,Rome,"41,8927958","12,4779651"
Galleria Veneziani 1000 years of design,art_gallery,,https://www.1stdibs.com/dealers/galleria-veneziani/,,Rome,"41,896805","12,4521411"
Galleria Vista,art_museum,,Ingen webbplats,,Rome,"41,8898375","12,4954309"
Galleria Vittoria,art_gallery,,http://www.galleriavittoria.com/,,Rome,"41,9092309","12,4788145"
Galleriadartebottega,art_gallery,,http://www.artebottega.it/,,Rome,"41,8807289","12,4739595"
Gallerie d'arte Benucci - iart Investments,art_gallery,,http://www.galleriabenucci.it,,Rome,"41,9076921","12,4797857"
Gallerja,art_gallery,,http://www.gallerja.it/,,Rome,"41,9030524","12,4767284"
Galliamusic,record_label,,https://linktr.ee/galliamusic,,Rome,"41,91889","12,50113"
gamelife,video_game_store,,https://www.gamestop.it/,,Rome,"41,9723596","12,5400212"
gamelife,video_game_store,,https://www.gamestop.it/,,Rome,"41,957986","12,548921"
Gamelife,video_game_store,,http://www.gamelife.it/,,Rome,"41,8840124","12,6076743"
Gamelife,video_game_store,,http://www.gamelife.it/,,Rome,"41,8174624","12,4590213"
gamelife,video_game_store,,http://www.gamelife.it/,,Rome,"41,807659","12,485237"
Gamemania,video_game_store,,http://www.gamemaniashop.it/,,Rome,"41,9299504","12,4180052"
Gamemaniamalatesta,video_game_store,,https://www.gamemaniashop.it/,,Rome,"41,8877295","12,5413066"
Gamesmart Piazza Bologna,arts_and_entertainment,,Ingen webbplats,,Rome,"41,9111393","12,5242241"
GameStop,video_game_store,,https://www.gamestop.it/,,Rome,"41,882031","12,55959"
GameStop,video_game_store,,https://www.gamestop.it/,,Rome,"41,852906","12,416492"
GameStop,video_game_store,,https://www.gamestop.it/,,Rome,"41,8653","12,469347"
GameStop,video_game_store,,https://www.gamestop.it/,,Rome,"41,908726","12,454744"
Gamestop Domus,video_game_store,,Ingen webbplats,,Rome,"41,8454","12,6103"
GameStop Italia,video_game_store,,https://www.gamestop.it/,,Rome,"41,9289089","12,4010942"
GameStop Italia,video_game_store,,https://www.gamestop.it/,,Rome,"41,8815007","12,5149246"
GameStop Italia,video_game_store,,https://www.gamestop.it/,,Rome,"41,898841","12,5312164"
GameStop Italia,video_game_store,,https://www.gamestop.it/,,Rome,"41,8818385","12,5601027"
GameStop Italia,video_game_store,,https://www.gamestop.it/,,Rome,"41,8540456","12,5710885"
GameStop Italia,video_game_store,,https://www.gamestop.it/,,Rome,"41,8511658","12,5991165"
GameStop Italia,video_game_store,,https://www.gamestop.it/,,Rome,"41,8406879","12,6218817"
GameStop Italia,video_game_store,,https://www.gamestop.it/,,Rome,"41,9450206","12,5169583"
GameStop Italia,video_game_store,,https://www.gamestop.it/,,Rome,"41,9717239","12,5405806"
GameStop Italia,video_game_store,,https://www.gamestop.it/,,Rome,"41,9581258","12,5482272"
GameStop Italia,video_game_store,,https://www.gamestop.it/,,Rome,"41,90976","12,63167"
GameStop Italia,video_game_store,,https://www.gamestop.it/,,Rome,"41,7356637","12,2781816"
GameStop Italia,video_game_store,,https://www.gamestop.it/,,Rome,"41,8177082","12,459392"
GameStop Italia,video_game_store,,https://www.gamestop.it/,,Rome,"41,8530103","12,4168893"
GameStop Italia,video_game_store,,https://www.gamestop.it/,,Rome,"41,8652231","12,4691721"
GameStop Italia,video_game_store,,https://www.gamestop.it/,,Rome,"41,9086385","12,4547307"
GameTekk Roma S.M. Ausiliatrice,video_game_store,,http://www.gametekk.it/,,Rome,"41,8723921","12,5272839"
Gaming World,game_publisher,,Ingen webbplats,,Rome,"41,8905096","12,471714"
GAMM Game Museum,museum,,http://www.gammuseum.com/,,Rome,"41,902","12,49693"
Gamma 3000,game_publisher,,Ingen webbplats,,Rome,"41,9694599","12,4996639"
Gangemi Editore,bookstore,,http://www.gangemi.com/,,Rome,"41,8966527","12,4678992"
GarageZero,art_gallery,,http://garagezeroproject.wordpress.com/,,Rome,"41,8594165","12,5516604"
Garamond,arts_and_entertainment,,Ingen webbplats,,Rome,"41,9124489","12,4966898"
Garden Club Roma,dance_club,,https://www.tennisclubgarden.com/,,Rome,"41,8448923","12,5733726"
Gardenightolgiata,dance_club,,Ingen webbplats,,Rome,"42,0316585","12,3755461"
Gare di Ballo FITD,dance_school,,http://www.garediballo.net/,,Rome,"41,90695","12,41684"
"Garum, Biblioteca e Museo della Cucina",museum,,http://www.museodellacucina.com/,,Rome,"41,8874189","12,4846979"
Gasometro,arts_and_entertainment,,http://www.gasometro.it/,,Rome,"41,8721573","12,4737096"
Gata Loca Dance - Scuola di Danze Caraibiche - ROMA,arts_and_entertainment,,Ingen webbplats,,Rome,"41,9451565","12,527077"
Gattomerlino Edizioni,community_services_non_profits,,http://www.gattomerlino.it/,,Rome,"41,90426","12,46078"
Gavin Brown,art_gallery,,Ingen webbplats,,Rome,"41,8882142","12,4776409"
Gebart,art_museum,,http://www.gebart.it/,,Rome,"41,894178","12,5881394"
Gender Klub Roma,dance_club,,http://www.genderclub.it/,,Rome,"41,8834698","12,5108134"
general jingles,broadcasting_media_production,,http://www.gjaudio.eu/,,Rome,"41,9215255","12,458617"
Genius Academy,art_school,,https://www.geniusacademy.it/,,Rome,"41,890327","12,562539"
GeoSmartCampus,mass_media,,http://geosmartcampus.it/,,Rome,"41,8890036","12,5196167"
Geosta Trekking e Libreria,bookstore,,http://www.geosta.it/,,Rome,"41,8681998","12,4497268"
Geppino Afeltra,record_label,,http://www.geppinoafeltra.com/,,Rome,"41,9428377","12,4722374"
GetOut Roma Escape Room,fair,,https://getoutroma.it/,,Rome,"41,86149","12,6002951"
ggbs.records,music_production,,Ingen webbplats,,Rome,"41,7877968","12,3806943"
ghibli,dance_club,,http://www.ghibli.mobi/,,Rome,"41,9035713","12,5013984"
Ghost Record Store,music_and_dvd_store,,https://www.discogs.com/it/seller/Ghostrecordstore/profile,,Rome,"41,8891293","12,5311447"
Ghost Sfx Srl,cinema,,http://www.imdb.com/company/co0150032/?ref_=fn_al_co_1,,Rome,"41,8309884","12,6149101"
Ghostrack studio,music_production,,http://www.ghostrack.net,,Rome,"41,8940966","12,6114756"
GHS recording studio,music_production,,http://www.ghsrecordingstudio.com/,,Rome,"41,8791993","12,4602447"
Giallodimarte - aps,arts_and_entertainment,,http://www.giallodimarte.com/,,Rome,"41,9511403","12,5146535"
Giampiero Alessandro Cantone,dance_school,,http://Www.accademiaromanadeltango.com/,,Rome,"41,85628","12,55082"
Gianicolo Country Club,arts_and_entertainment,,http://www.gianicolocountryclub.com,,Rome,"41,873893","12,440236"
Gianicolo in musica,arts_and_entertainment,,https://www.ilgianicolo.it/,,Rome,"41,8914142","12,4612613"
Giardinetti Club,arts_and_entertainment,,Ingen webbplats,,Rome,"41,8664921","12,6051813"
Giardini e paesaggi Roma,landscaping,,http://www.giardiniepaesaggi.it/,,Rome,"41,7954526","12,5326428"
Giardino degli Aranci - Roma,arts_and_entertainment,,Ingen webbplats,,Rome,"41,8851296","12,4802137"
Ginger,arts_and_entertainment,,Ingen webbplats,,Rome,"41,716174","12,597358"
GiO Drum Training - Scuola di Batteria Roma e Morlupo,music_school,,http://www.giodrumtraining.com/,,Rome,"41,9236177","12,3986769"
GiocArtelab,arts_and_entertainment,,http://www.giocarte.com/,,Rome,"41,8475018","12,5496479"
Giochi Stars,arts_and_entertainment,,https://giochistars.it/,,Rome,"41,9095273","12,4983215"
Giornale InGiustizia La Parola Al Popolo,newspaper_and_magazines_store,,http://www.in-giustizia.eu/,,Rome,"41,92194","12,47156"
Giornali & Regali,bookstore,,http://www.giornalieregali.it/,,Rome,"41,914479","12,414515"
Giove Live Music,music_venue,,Ingen webbplats,,Rome,"41,8896002","12,5316473"
Giovedissimo,arts_and_entertainment,,http://www.borghettastile.it/giovedissimo,,Rome,"41,8956","12,51236"
Giufa Library Coffee,bookstore,,http://www.libreriagiufa.it/,,Rome,"41,8963967","12,5150741"
Giulia & Tiziana PHOTO,photography_store_and_services,,https://gtphoto6.wixsite.com/gtphoto,,Rome,"41,982374","12,5127746"
Giunti al Punto,bookstore,,https://www.giuntialpunto.it/,,Rome,"41,8529589","12,4168753"
Giunti al Punto c/c Primavera,bookstore,,https://www.giuntialpunto.it/,,Rome,"41,8819459","12,5595772"
Giunti al Punto Librerie,newspaper_and_magazines_store,,https://www.giuntialpunto.it/,,Rome,"41,9111047","12,5315058"
Giunti al Punto Librerie,newspaper_and_magazines_store,,https://www.giuntialpunto.it/,,Rome,"41,9573873","12,5491625"
Giunti al Punto Librerie,vinyl_record_store,,https://www.giuntialpunto.it/,,Rome,"41,8843622","12,607293"
Giurisprudenza Economia Concorsi,bookstore,,https://www.giurisprudenzaeconomiaconcorsi.it/,,Rome,"41,90942","12,51085"
Giuseppe Meli - Insegnante di Danza e Coreografo,dance_school,,https://www.giuseppemelidanza.it/,,Rome,"41,89439","12,4129799"
Gladiator Museum,museum,,http://www.gladiatormuseum.com/,,Rome,"41,8989402","12,4733974"
Glam Roma - Lista Revolution,arts_and_entertainment,,http://www.futurarte.net/,,Rome,"41,835205","12,470067"
Gli Amici della Libreria Lancio,bookstore,,Ingen webbplats,,Rome,"42,001676","12,3846"
Gli Shinhanga - Una Rivoluzione nelle Stampe Giapponesi,art_museum,,https://shinhanga.it/,,Rome,"41,90078","12,46925"
Glid,dance_school,,https://www.studiovaleroma.com/candidati,,Rome,"41,8378194","12,5854743"
Glitch DANCE & ART,dance_school,,Ingen webbplats,,Rome,"41,91002","12,61212"
Global Dance Camp Rome,dance_school,,Ingen webbplats,,Rome,"41,9265154","12,4280172"
Global Dance Studio,dance_school,,http://www.globaldancestudio.it/,,Rome,"41,9029211","12,4126075"
Global Fashion System,arts_and_entertainment,,http://www.globalfashionsystem.com/,,Rome,"41,896674","12,492447"
Globe Theatre Roma,theatre,,http://www.globetheatreroma.com,,Rome,"41,9144478","12,4857741"
Globo Vintage,radio_station,,https://www.globovintage.it/,,Rome,"41,9435847","12,5037035"
Gm Drum School Roma,music_school,,Ingen webbplats,,Rome,"41,9","12,5"
Gm Drum School Roma,music_school,,Ingen webbplats,,Rome,"41,9205415","12,5463938"
Gnam. Museo arte moderna. Roma,modern_art_museum,,http://lagallerianazionale.com/,,Rome,"41,9170308","12,4817436"
Goa Club,dance_club,,http://www.goaclub.com/,,Rome,"41,8638649","12,4810462"
Goblin Music Record,music_production,,http://www.goblinmusicrecord.com/,,Rome,"41,73655","12,38282"
Golconda Movies,media_agency,,https://www.instagram.com/golcondamovies/,,Rome,"41,8859931","12,529896"
Gold tv,movie_television_studio,,http://www.goldtv.it/index.php,,Rome,"41,9362616","12,6334543"
Goldbet Prati Roma,arts_and_entertainment,,Ingen webbplats,,Rome,"41,9174109","12,4623513"
Golden Age Club,dance_club,,https://pro.pns.sm/yg912k1,,Rome,"41,8701016","12,465681"
Golden Lab,dance_school,,http://www.goldenlab.it/,,Rome,"41,818325","12,6179247"
GOMMA,art_gallery,,http://www.spaziogomma.com/,,Rome,"41,884778","12,5351533"
GOOD JOB,radio_station,,https://valorepiu.wixsite.com/goodjob,,Rome,"41,8740399","12,4425077"
goodgamebadsituation,music_production,,http://www.goodgamebadsituation.com/,,Rome,"41,7911311","12,38402"
Goody Music Production,record_label,,http://www.goodymusicproduction.com/,,Rome,"41,91618","12,45998"
Gotan Club,dance_school,,Ingen webbplats,,Rome,"41,8648068","12,530758"
GOTHA - Discoteca Roma,dance_club,,http://www.discotecheroma.com/locali/gotha/,,Rome,"41,8357","12,474161"
GothaStudio,arts_and_entertainment,,Ingen webbplats,,Rome,"41,9694877","12,4422139"
GPRV - ex cinema preneste,cinema,,Ingen webbplats,,Rome,"41,8911289","12,5345751"
Grafi2,graphic_designer,,http://grafi2.com/,,Rome,"41,8613094","12,4660743"
GrafiBus,graphic_designer,,http://www.grafibus.it/,,Rome,"41,88202","12,61531"
Grafica AlessioLancioni,graphic_designer,,Ingen webbplats,,Rome,"41,9204679","12,3764406"
Grafica d'arte Lombardi di Fabio Lombardi,art_gallery,,Ingen webbplats,,Rome,"41,96017","12,5266"
Grafica express,graphic_designer,,http://www.dpcomunicare.it/,,Rome,"41,870108","12,420751"
Grafica Store,graphic_designer,,http://www.graficastore.it/,,Rome,"41,9284893","12,4232938"
Graficakreativa,graphic_designer,,https://www.graficakreativa.com/,,Rome,"41,9731599","12,5158677"
graficando.fpm,graphic_designer,,Ingen webbplats,,Rome,"41,9379061","12,4698553"
Graficat Pubblicità Grafica Stampa,graphic_designer,,Ingen webbplats,,Rome,"41,8829557","12,5146809"
Grafideaprint,graphic_designer,,http://grafideaprint.com/,,Rome,"41,7495311","12,3759894"
Grande Giove Ostia,music_venue,,Ingen webbplats,,Rome,"41,75171","12,31684"
Grande Mela Digital Film,movie_television_studio,,http://www.grandemela.net/,,Rome,"41,9086541","12,4518037"
Grapevine Studio,movie_television_studio,,http://www.vimeo.com/grapevinestudio,,Rome,"41,885725","12,529215"
Grapherix,graphic_designer,,Ingen webbplats,,Rome,"41,8560715","12,566328"
Graphilm Entertainment,movie_television_studio,,http://www.graphilm.com/,,Rome,"41,9161124","12,4648802"
Green FILM,cinema,,https://www.greenfilmsrl.it/,,Rome,"41,9113986","12,4552698"
Greenvideo,music_and_dvd_store,,http://www.greenvideo.it/,,Rome,"41,8637526","12,4413893"
Greenvision Centro Ottico Opti Chic,photography_store_and_services,,https://www.otticaoptichic.com/,,Rome,"41,9304257","12,5229496"
Greenwich Multisala,drive_in_theater,,https://green.multisalagreenwichroma.com/,,Rome,"41,8787969","12,4740313"
Gremese Libreria,bookstore,,http://www.libreriagremese.it/,,Rome,"41,9054864","12,4794936"
GRM Foto,mass_media,,Ingen webbplats,,Rome,"41,9215453","12,4644683"
GRM Management,arts_and_entertainment,,http://www.grmanagement.it/,,Rome,"41,896168","12,4768679"
Groove and Sound Factory,music_production,,https://www.grooveandsoundfactory.com/,,Rome,"41,9529477","12,5195217"
Groove Black Studio,music_production,,http://www.grooveblackstudio.it/,,Rome,"41,9105179","12,5358146"
Groove Master Edition,record_label,,http://www.groovemasteredition.it/,,Rome,"41,92374","12,46845"
GrooveLabrecords,music_and_dvd_store,,https://www.groovelabrecords.com/shop-vinili-online/,,Rome,"41,880448","12,4765138"
Grosso,dance_club,,http://WWW.GROSSO.ROMA.IT/,,Rome,"41,9052954","12,4738383"
Grottapinta Jazz,music_venue,,http://www.grottapinta.com,,Rome,"41,89517","12,473736"
Groucho Cinema,movie_television_studio,,http://www.grouchocinema.com/,,Rome,"41,93766","12,53088"
Gruppo Archeologico Romano,community_services_non_profits,,http://www.gruppoarcheologico.it/,,Rome,"41,9118516","12,5236595"
Gruppo Eleusis Teatro,theatre,,http://www.eleusisteatro.it/,,Rome,"41,8765342","12,4273328"
Gruppo FOTO Pennetta,photography_store_and_services,,http://www.gruppofotopennetta.com/,,Rome,"41,8858424","12,4693233"
Gruppone - Roma Vintage,music_venue,,http://www.gruppone.cc/,,Rome,"41,8341622","12,4704632"
Grus House Green,landscaping,,http://grus-house-green.it/,,Rome,"41,9414986","12,5340336"
Guidi dal 1958,bookstore,,http://www.guididal1958.com/,,Rome,"41,8664625","12,5931079"
Guido Faro,music_school,,http://www.emyrecords.it/,,Rome,"41,87148","12,46854"
Guildenstern Original Poster Gallery,art_gallery,,http://www.guildenstern.it/,,Rome,"41,899502","12,467644"
Guitar Lab Music Studio Scuola Di Chitarra Moderna,music_venue,,http://www.vincenzogrieco.it/lezioni-di-chitarra,,Rome,"41,7904512","12,4067707"
Gutenberg al Colosseo,art_gallery,,https://sites.google.com/view/gutenberg-al-colosseo/home,,Rome,"41,8890528","12,4975452"
Guys Film School,cinema,,Ingen webbplats,,Rome,"41,9155297","12,4561446"
GV Srl,arts_and_entertainment,,http://www.gvsrl.it/,,Rome,"41,9333122","12,4661708"
Gym Center Dance School,dance_school,,https://www.gymcentersc.com/,,Rome,"41,904215","12,443877"
H.T. Classical,arts_and_entertainment,,https://www.htclassical.com/,,Rome,"41,8818539","12,4308071"
H24 SRL,movie_television_studio,,Ingen webbplats,,Rome,"41,9066505","12,4570704"
hacienda_rome,music_venue,,https://DICE.fm/venue/hacienda-6568,,Rome,"41,9070225","12,5451015"
Hafla Dancers,dance_school,,http://www.hafladancers.it/,,Rome,"41,8283","12,4848199"
Halfdie,arts_and_entertainment,,Ingen webbplats,,Rome,"41,8683549","12,5404117"
Handpan School Roma,music_school,,https://www.handpanschool.it/,,Rome,"41,89081","12,5392278"
Harem Studio,music_production,,Ingen webbplats,,Rome,"41,8238582","12,5073551"
Harmonia Mundi,bookstore,,https://twitter.com/Harmonia_Mundi,,Rome,"41,8887465","12,4976315"
Hashtag disco club,music_venue,,Ingen webbplats,,Rome,"41,7958815","12,532338"
Havana Team asd Escuela de Salsa Y Bachata,salsa_club,,http://www.havanateamasd.it/,,Rome,"41,8790967","12,5251866"
He Xiangning Art Museum,museum,,http://www.hxnart.com/,,Rome,"41,9154789","12,5096995"
Heart 4 Dance Studio,dance_school,,http://www.heartfordancestudio.com/,,Rome,"41,830978","12,5652402"
Hearth Gallery,art_gallery,,Ingen webbplats,,Rome,"41,9074144","12,454298"
Heathers The Musical Italia - High School Edition,theatre,,https://www.heathersmusicalitalia.com/,,Rome,"41,77618","12,36907"
Heaven,dance_club,,http://www.heaven.it/,,Rome,"41,876057","12,485606"
HekArt SFX Studio,cinema,,https://hekart-sfx-studio.business.site/,,Rome,"41,9173924","12,4217884"
Helter Skelter,screen_printing_t_shirt_printing,,http://www.helterskelterstore.com/,,Rome,"41,8620242","12,4881327"
Herder Bücherstube Rom,bookstore,,http://www.herder.it/,,Rome,"41,9030154","12,4583646"
Here We Go,video_game_store,,http://www.herewego.it/,,Rome,"41,90666","12,48162"
Hermes Production,studio_taping,,https://www.hermesproductionfilm.com/,,Rome,"41,84954","12,57435"
Hi Qu Music,music_venue,,http://www.hiqumusic.com/,,Rome,"41,9285211","12,5217521"
Hic Visionary Box,art_restoration,,http://www.hicvisionarybox.com/,,Rome,"41,9397512","12,535673"
Hinkypunk Studio,music_production,,Ingen webbplats,,Rome,"41,8869611","12,4682788"
Hip Hop. Art - Prati,theatre,,Ingen webbplats,,Rome,"41,90805","12,45868"
Hobby dei Ricordi,arts_and_entertainment,,https://chat.whatsapp.com/LKHiMn2LKRS3Yh5xAOCETA,,Rome,"41,8621522","12,4658416"
Hochfeiler S.r.l.,mass_media,,http://www.hochfeiler.it/,,Rome,"41,93363","12,50965"
Hocus Pocus Record Store Roma,music_and_dvd_store,,http://www.hocuspocusroma.it/,,Rome,"41,882499","12,505816"
Hollywood LA Villa,dance_club,,https://www.centosgroup.it/sublime-la-villa-roma-nord-aperitivo-cena-sabato-giovedi/,,Rome,"41,9381902","12,4733068"
Hollywood Music Club,arts_and_entertainment,,http://www.clubhollywood.it/,,Rome,"41,789274","12,347155"
Honey Dance Studio di Lia Russo,dance_school,,Ingen webbplats,,Rome,"41,87896","12,42841"
Honeycom Dance Studio,dance_school,,http://www.asdhoneycomb.it/,,Rome,"41,9211778","12,5218078"
Honiro Entertainment,record_label,,http://www.honiro.it/factory,,Rome,"41,8803334","12,5332901"
Honos Art,art_gallery,,http://www.honosart.com/,,Rome,"41,89393997","12,47953033"
HOP - House Of Photography,art_gallery,,http://www.houseofphotography.it/,,Rome,"41,757353","12,3608553"
Hopeful Music,record_label,,http://www.hopefulmusic.it/,,Rome,"41,79227","12,4072"
Horti Farnesiani,museum,,Ingen webbplats,,Rome,"41,8885722","12,4869417"
House Music Caffe,music_venue,,Ingen webbplats,,Rome,"41,9093266","12,5462052"
House Music Factory,music_venue,,Ingen webbplats,,Rome,"41,76176","12,37227"
Howtan Space,art_gallery,,https://www.howtanspace.com/,,Rome,"41,895628","12,4778711"
Huaxing Arts Group Roma,dance_school,,Ingen webbplats,,Rome,"41,8939991","12,5018463"
Hudson News,newspaper_and_magazines_store,,http://www.romatermini.com/it/offertacommerciale/dettaglio/hudson-news8,,Rome,"41,9002491","12,5014535"
Huffington Post,mass_media,,http://www.huffingtonpost.it/,,Rome,"41,8661103","12,4963099"
Hulala Club,dance_club,,http://www.hulalaclub.it/,,Rome,"41,8743343","12,4789107"
Hygieia Salus,museum,,http://WWW.ASSOCIAZIONEOLISTICA.COM/,,Rome,"41,7642856","12,3593885"
Hyntegra Activity A.C.,arts_and_entertainment,,Ingen webbplats,,Rome,"41,922265","12,411114"
Hội Tín Đồ May Mắn,dance_club,,Ingen webbplats,,Rome,"41,9564","12,5727"
I 7 Sensi dell'Arte - Mahalia Eventi,music_venue,,http://www.mahalia.org/,,Rome,"41,8725424","12,5265199"
I Capolavori Del Caravaggio,art_gallery,,Ingen webbplats,,Rome,"41,90024","12,49587"
I Colori di Dentro di Maria Grazia Luffarelli,art_gallery,,http://www.mgluffarelli.com,,Rome,"41,89822","12,46693"
I Colossi della Musica,music_school,,https://www.colossidellamusica.it/,,Rome,"41,959291","12,5456912"
I Concerti nel Parco,arts_and_entertainment,,https://www.instagram.com/iconcertinelparco/,,Rome,"41,87382","12,49447"
I fiori blu libreria • libreria di quartiere,bookstore,,Ingen webbplats,,Rome,"41,8910438","12,5312416"
I Giardini dell'Arte,arts_and_entertainment,,http://www.igiardinidellarte.it/,,Rome,"41,9297899","12,462647"
I libri di Tosca,bookstore,,Ingen webbplats,,Rome,"41,8549099","12,47906"
I love Dance,dance_school,,Ingen webbplats,,Rome,"41,89458","12,50636"
I-Grow - Viale Giulio Cesare,bookstore,,http://www.i-grow.it,,Rome,"41,9090734","12,4563595"
I.A.L.S.,dance_school,,http://www.swingoroma.it,,Rome,"41,9233775","12,4690582"
IAC Design Roma,art_school,,http://iacdesignroma.it/,,Rome,"41,9170099","12,5679563"
Ials Roma,dance_school,,https://ialsroma.com/,,Rome,"41,9233478","12,468972"
Ibidem,music_venue,,Ingen webbplats,,Rome,"41,8820549","12,5241922"
Icarusart,cultural_center,,http://icarusart.it/,,Rome,"41,8564924","12,5685933"
ICBSA - Istituto Centrale per i beni sonori ed audiovisivi,museum,,http://www.icbsa.it/,,Rome,"41,8939054","12,4783163"
Ida Montanari,art_school,,https://www.idamontanari.it/,,Rome,"41,9097946","12,456161"
IDEA Academy,art_school,,http://www.idea-academy.eu/,,Rome,"41,9071143","12,4891333"
"Idea Danza - dance school, eventi e animazione",dance_school,,http://www.ideadanza.it/,,Rome,"41,7761195","12,369189"
Idee Musicali,music_and_dvd_store,,Ingen webbplats,,Rome,"41,8549509","12,5639893"
IDF - Italian Dreams Factory,broadcasting_media_production,,Ingen webbplats,,Rome,"41,9052015","12,4604529"
If,art_gallery,,https://www.ifsantiquattro.it/,,Rome,"41,8890232","12,4962231"
Igenchi Tango Group,dance_school,,Ingen webbplats,,Rome,"41,89238","12,50728"
IIF - Italian International Film,cinema,,http://www.lucisanomediagroup.com/,,Rome,"41,9122191","12,4739746"
IKONO Roma,art_gallery,,https://ikono.qrd.by/rom-tickets,,Rome,"41,89907","12,47801"
"Il Bestiario degli italiani, rivista",print_media,,https://ilbestiariorivista.com/,,Rome,"41,92232","12,47726"
Il Bidone,dance_club,,Ingen webbplats,,Rome,"41,89064","12,46754"
Il Borgo Urbano dell'Agricoltura.,arts_and_entertainment,,Ingen webbplats,,Rome,"41,9234","12,58257"
Il BrucoTondo libreria per bambini,bookstore,,Ingen webbplats,,Rome,"41,7342467","12,2994146"
Il Buco Della Serratura Del Giardino Dei Cavalieri Di Malta,arts_and_entertainment,,Ingen webbplats,,Rome,"41,8828601","12,4787072"
Il Bulc Club,arts_and_entertainment,,Ingen webbplats,,Rome,"41,9431566","12,5187249"
Il Calamaio,bookstore,,http://www.cartolibreriailcalamaio.it/,,Rome,"41,8754877","12,3484144"
Il Candelibro Storie ed Essenze,bookstore,,Ingen webbplats,,Rome,"41,9456571","12,5381736"
il carato,dance_club,,http://www.ilcarato.net/,,Rome,"41,8672698","12,4092606"
Il Cartolaio Matto,bookstore,,http://www.fermopoint.it/punto-di-ritiro-e-di-spedizione-pacchi/il-cartolaio-matto-7723,,Rome,"41,9152713","12,3518256"
Il Centro Copie di Paolo Corradini,bookstore,,Ingen webbplats,,Rome,"41,87921","12,46691"
Il Centro Onlus,community_center,,http://www.iocentro.it/,,Rome,"41,8975792","12,5331297"
Il Ceppo Roma,landscaping,,http://www.pergotenda-roma.it/,,Rome,"41,8364209","12,5099826"
Il Cilindro Club,dance_club,,http://www.ilcilindroclub.it/,,Rome,"41,9287911","12,522819"
Il Cine-Forum di Carlo & Flavio,cinema,,http://www.cine-forum.it/,,Rome,"41,8463708","12,4820886"
Il Cinema alle Mura,cinema,,https://www.muralatine.it/progetti/il-cinema-alle-mura/,,Rome,"41,8806843","12,499788"
Il Cinema in Piazza,cinema,,https://ilcinemainpiazza.it/,,Rome,"41,8874542","12,4696068"
Il Coniglio Volante,bookstore,,http://www.ilconigliovolante.com/,,Rome,"41,9134103","12,4435661"
Il Coro di Piazza Vittorio,arts_and_entertainment,,http://www.ilcorodipiazzavittorio.it/,,Rome,"41,89241","12,50721"
Il Covo del Nerd - Roma,comic_books_store,,http://ilcovodelnerd.com/,,Rome,"41,8523216","12,4803182"
Il Cubo Rosso Recording³,music_production,,http://www.ilcuborossorecording.it/,,Rome,"41,873038","12,4583774"
Il Danzificio,dance_school,,Ingen webbplats,,Rome,"41,8237315","12,5063548"
Il Deposito Studio Danza,dance_school,,http://www.ildepositostudiodanza.it/,,Rome,"41,9176166","12,5647855"
Il Difforme,print_media,,http://www.ildifforme.it/,,Rome,"41,9004099","12,4749406"
Il Digitale,print_media,,https://www.ildigitale.it/,,Rome,"41,882103","12,467254"
Il Divano Culturale,arts_and_entertainment,,Ingen webbplats,,Rome,"41,9311681","12,5365466"
Il Fagiolo magico,arts_and_entertainment,,http://ilfagiolomagico.ilcavallobianco.it/,,Rome,"41,86633","12,5333"
Il Geranio,arts_and_entertainment,,http://www.ilgeranio.net/,,Rome,"41,8861179","12,5676587"
Il Ghirigoro,bookstore,,http://www.libreriailghirigoro.com,,Rome,"41,9417617","12,423767"
Il Ghirigoro Di Barbara & Silvia Alegi,bookstore,,Ingen webbplats,,Rome,"41,8771","12,3442"
Il Giardino del Tango RM,dance_club,,Ingen webbplats,,Rome,"41,934429","12,4688727"
Il giardino di Ousti,dance_club,,Ingen webbplats,,Rome,"41,80045","12,48376"
Il Giardino Incartato,bookstore,,http://www.ilgiardinoincartato.com/,,Rome,"41,8859477","12,5375471"
Il Gioia Club,dance_club,,http://www.gioiaclub.it,,Rome,"41,917424","12,3526976"
Il Grande Coro di Roma,choir,,http://www.ilgrandecorodiroma.com/,,Rome,"41,85644","12,50067"
Il Mangiadischi Record Shop,music_and_dvd_store,,https://www.discogs.com/it/seller/Mangiadischi_Records/profile,,Rome,"41,8878493","12,4701185"
Il Mare SRL,bookstore,,http://www.ilmare.com/,,Rome,"41,908627","12,4758469"
Il meglio di Dvdequipe,music_and_dvd_store,,http://www.dvdequipe.it/,,Rome,"41,8933641","12,5583838"
Il Melograno,art_school,,https://www.melogranoarte.it/,,Rome,"41,8877364","12,5196636"
"Il Melograno, Solidarietà Ambiente Cultura - APS",library,,http://WWW.ILMELOGRANOITALIA.IT/,,Rome,"42,058365","12,3740728"
Il Mercatone del Libro,bookstore,,http://www.ilmercatonedellibro.it/,,Rome,"41,9080804","12,5170387"
Il Mercatone del libro di via Cremona,bookstore,,Ingen webbplats,,Rome,"41,9130514","12,5197453"
Il Minotauro,bookstore,,http://ilminotauro.com/diario,,Rome,"41,8972781","12,4690506"
Il mio Cinema - Scuola di Cinema,cinema,,Ingen webbplats,,Rome,"41,830875","12,5805193"
Il mondo dei libri,bookstore,,https://ilmondodeilibri.info/,,Rome,"41,8813754","12,5091736"
Il Mondo di Atlantis club privè & SPA,dance_club,,http://www.ilmondodiatlantis.com/,,Rome,"42,0070099","12,4446111"
Il MURO,arts_and_entertainment,,Ingen webbplats,,Rome,"41,8645111","12,5469496"
Il Museo di Tutti,museum,,http://www.ilmuseoditutti.it/,,Rome,"41,89401","12,51481"
Il Nido del Falco,art_gallery,,https://e-motiva.it/,,Rome,"41,86812","12,4913667"
il nuovo manifesto società cooperativa editrice,newspaper_and_magazines_store,,https://ilmanifesto.it/,,Rome,"41,87965","12,4681599"
Il Padiglione Ludwig,arts_and_entertainment,,http://www.padiglioneludwig.it/,,Rome,"41,8799147","12,5190978"
Il Particolare,art_gallery,,http://www.corniciequadri.com/,,Rome,"41,8961799","12,5619372"
Il Pensiero,print_media,,http://www.pensiero.online/,,Rome,"41,915298","12,463458"
Il Piccolo Teatro Dell'Arte,theatre,,http://piccoloteatrodellarte.altervista.org/,,Rome,"41,88958","12,55073"
IL Pipistrello ,dance_club,,Ingen webbplats,,Rome,"41,9068445","12,48898"
Il Ponte Contemporanea,art_gallery,,https://www.ilpontecontemporanea.com/,,Rome,"41,9275045","12,4634531"
Il Ponte d'Oro,print_media,,https://fundfacility.it/missio/abbonamento,,Rome,"41,889583","12,407711"
Il Portiere di Quartiere,newspaper_and_magazines_store,,Ingen webbplats,,Rome,"41,86543","12,49631"
Il posto delle buone letture,library,,Ingen webbplats,,Rome,"41,90598","12,49631"
Il PUFF,theatre,,http://www.ilpuff.it/,,Rome,"41,8806524","12,4733541"
Il Punto Editoriale Sas,bookstore,,http://www.libreriarussailpunto.it/,,Rome,"41,8969599","12,4868089"
Il Regno dei Bimbi,bookstore,,Ingen webbplats,,Rome,"41,9172956","12,4380006"
Il Ritrovo delle Arti,performing_arts,,Ingen webbplats,,Rome,"41,8843588","12,5199863"
Il Sabato del Capitano,dance_club,,Ingen webbplats,,Rome,"41,8994115","12,4970699"
Il Salvagente,mass_media,,https://www.ilsalvagente.it/,,Rome,"41,887468","12,5085547"
Il Santo - Milonga in Basilica,arts_and_entertainment,,Ingen webbplats,,Rome,"41,88019","12,47714"
Il Segnalibro,bookstore,,http://www.ilsegnalibrolibreria.it/,,Rome,"41,9189847","12,4619053"
Il Seminterrato di via Siena,arts_and_entertainment,,https://www.qeasrl.it/chi-siamo/le-nostre-sedi/,,Rome,"41,9088608","12,5177384"
Il sogno letterario The Literary Dream,art_gallery,,Ingen webbplats,,Rome,"41,90859","12,47949"
Il sole e la luna - danza,dance_school,,http://www.ilsoleelalunadanza.it/,,Rome,"41,8847968","12,5291618"
Il Tartarughino - Venerdì,arts_and_entertainment,,Ingen webbplats,,Rome,"41,9002","12,47496"
Il Tavolo da Disegno 2,screen_printing_t_shirt_printing,,http://www.iltavolodadisegno.com,,Rome,"41,9216439","12,4864286"
Il Teatro di Alice,theatre,,http://www.ilteatrodialice.com/,,Rome,"41,887625","12,5111091"
Il Tempio delle Donne,dance_club,,Ingen webbplats,,Rome,"41,9097309","12,4852507"
Il Tempo dell'Arte,theatre,,http://www.iltempodellarte.it/,,Rome,"41,90775","12,51697"
Il Vizietto Sexy Shop - Centocelle,arts_and_entertainment,,https://www.ilviziettosexyshop.it/i-negozi/sexyshop-roma-centocelle/,,Rome,"41,88245","12,5699"
Ile Flottante,art_school,,http://www.ileflottante.org/,,Rome,"41,773915","12,3527344"
ILÊ ODARA ROMA - Centro di Cultura Brasiliana,cultural_center,,https://ileodara.matumbecapoeira.com/,,Rome,"41,8761733","12,4859947"
ILEX Gallery,art_gallery,,http://www.ilexphoto.com/,,Rome,"41,8892333","12,4683209"
Illumined Roma,dance_club,,http://www.illuminedsauna.com/,,Rome,"41,8848729","12,5119076"
ilmelogranosolidarieta,library,,http://www.ilmelogranoitalia.it/,,Rome,"42,05862","12,37407"
IloveCeramica,art_gallery,,http://Www.iloveceramica.com/,,Rome,"41,872038","12,4470717"
Image Hunters,movie_television_studio,,http://www.imagehunters.it/,,Rome,"41,8723295","12,4794788"
Image&Light,arts_and_entertainment,,http://www.imagelight.it/,,Rome,"41,9635205","12,5196712"
Imaginando.photo,photography_store_and_services,,http://www.imaginando.photo/,,Rome,"41,91082968","12,45771337"
Imago Distribution,cinema,,http://www.imagodistribution.it/,,Rome,"41,9158592","12,4383497"
Imago. Studi di cinema e media,cinema,,http://www.bulzoni.it/it/riviste/imago-studi-di-cinema-e-media,,Rome,"41,9001341","12,5121154"
ImagoArte srl,art_gallery,,http://www.imagoarte.it/,,Rome,"41,8888347","12,4971972"
Imagolignea,arts_and_entertainment,,http://www.imagolignea.it/,,Rome,"41,7874221","12,3951666"
Immagina Communication,photography_store_and_services,,https://www.immaginacommunication.it/,,Rome,"41,8418194","12,4852631"
Immagineria s.r.l.,screen_printing_t_shirt_printing,,http://www.immagineria.net/,,Rome,"41,8949997","12,4914241"
Impatto,art_gallery,,Ingen webbplats,,Rome,"41,8748709","12,5061464"
Impresa di Pulizie Roma | Romana Service,landscape_architect,,https://www.romanaservice.it/,,Rome,"41,9131306","12,5555721"
Improvvisazione Teatrale Bugiardini,theatre,,http://www.bugiardini.it/,,Rome,"41,92633","12,51401"
Imusicschool Rome,music_school,,http://www.imusicschoolrome.com/,,Rome,"41,8817021","12,5018396"
In punta di piedi ASD Roma,dance_school,,Ingen webbplats,,Rome,"41,8618985","12,68723"
In The Deep,arts_and_entertainment,,https://inthedeepshow.com/,,Rome,"41,9193176","12,4597484"
Incontri Punto Einaudi,bookstore,,http://www.einaudi.it,,Rome,"41,9233989","12,5115108"
Incontri Urbani,community_services_non_profits,,http://www.incontriurbani.it,,Rome,"41,8769817","12,4524288"
Incontrotempo ASD & Scuola di danza Lidia Filomarino,art_school,,http://www.scuoladidanzafilomarino.it/,,Rome,"41,8537547","12,4790328"
Index Production,movie_television_studio,,https://indexway.it/index-production/,,Rome,"41,93177","12,51251"
Indie Gala,video_game_store,,https://www.indiegala.com/,,Rome,"41,921393","12,5145602"
Indigo Film,movie_television_studio,,http://www.indigofilm.it/,,Rome,"41,7713117","12,4804688"
Indipendenza,art_gallery,,http://www.indipendenzaroma.com/,,Rome,"41,9040234","12,5029987"
Industria della Musica Since Enao,music_school,,http://www.lindustriadellamusicasinceenao.com/,,Rome,"41,8820493","12,4586067"
Industrialab,graphic_designer,,http://industrialab.com/,,Rome,"41,9260437","12,5391412"
Industrie Fluviali,cultural_center,,http://www.industriefluviali.it/,,Rome,"41,8723143","12,4768729"
Inferno Store,music_and_dvd_store,,http://www.infernostore.it/,,Rome,"41,911566","12,5043391"
Infinite Parentesi - librerie di quartiere,bookstore,,http://www.infiniteparentesi.com/,,Rome,"41,9073917","12,6903058"
Infinity Road Pictures,mass_media,,http://www.postproduzioneroma.it/,,Rome,"41,9122987","12,5367999"
InForma Libris,bookstore,,http://it-it.facebook.com/informalibris,,Rome,"41,9102091","12,5177888"
Informa Srl,bookstore,,Ingen webbplats,,Rome,"41,9956597","12,4806949"
Informarte,music_school,,http://www.informarte.it/,,Rome,"41,8510149","12,5639554"
InFunzione,arts_and_entertainment,,Ingen webbplats,,Rome,"41,9263471","12,5374945"
InQuadro Cornici,art_gallery,,http://www.inquadro.it/,,Rome,"41,83484","12,50264"
Inside Art,art_gallery,,http://www.insideart.eu/,,Rome,"41,9193","12,47811"
Insieme Per Fare,music_school,,http://www.insiemeperfare.it,,Rome,"41,937316","12,5313666"
Insiememusica,music_school,,http://www.accademiainsiememusica.org/,,Rome,"41,8215635","12,4467914"
Interbeat S r l,broadcasting_media_production,,Ingen webbplats,,Rome,"41,7415932","12,3538938"
Interlinea srl,movie_television_studio,,http://www.interlineafilm.com/,,Rome,"41,89923","12,51638"
International College of Musical Theatre (ICMT),drama_school,,https://theicmt.it/,,Rome,"41,8629996","12,4702315"
International Dance Studio Style Dance,dance_school,,Ingen webbplats,,Rome,"41,806882","12,622363"
International Music Institute,music_school,,http://www.imionline.it/,,Rome,"41,9206792","12,4968238"
International Music Institute - Castelverde,music_school,,http://www.imionline.it/,,Rome,"41,9193468","12,6918577"
International Salsa School,dance_school,,http://www.salsainternacional.it/,,Rome,"41,85879","12,56138"
Interno Notte,movie_television_studio,,http://vimeo.com/znortvj,,Rome,"41,9042456","12,4609947"
Interno P,arts_and_entertainment,,Ingen webbplats,,Rome,"41,95171","12,4846651"
Intervallo Teatro,theatre,,http://www.intervalloteatro.it/,,Rome,"41,8657807","12,5312838"
Interzone Galleria,art_gallery,,http://www.interzonegalleria.it/,,Rome,"41,89009","12,5266341"
Inthelfilm,movie_television_studio,,http://www.inthelfilm.it/,,Rome,"41,87154","12,4802977"
Intrigo Club,dance_club,,http://www.eventdiscoclub.it.gg/,,Rome,"41,8785986","12,5426774"
Introspazio,cultural_center,,https://introspazio.com/,,Rome,"41,86153","12,55632"
Invicolo Architettura,arts_and_entertainment,,Ingen webbplats,,Rome,"41,89205","12,46837"
Invision Lab,broadcasting_media_production,,http://www.in-visionlab.com/,,Rome,"41,9245891","12,5254162"
Ipanema Dance,dance_school,,http://www.ipanemadance.com/,,Rome,"41,88703","12,5614"
Ipercreativo Open Loft,media_agency,,http://www.ipercreativo.it/,,Rome,"41,86498","12,4918399"
Iqos Embassy,arts_and_entertainment,,www.iqos.it,,Rome,"41,90969","12,47835"
Irishness in Rome,music_venue,,http://magazine.spiritidivitae.it/,,Rome,"41,82264","12,48025"
ISABELLA's things,dance_school,,https://m.facebook.com/isabella.magbanua?eav=AfaFtUr9vNsU539BCebP6oor3Yk6ufY5W7g_5npXpD3MtChqKOC_zzmMQHSvSF3rE_E&paipv=0&_rdr,,Rome,"41,87799","12,64555"
Isad Danza Roma,dance_school,,Ingen webbplats,,Rome,"41,8625746","12,70745"
IsICult - Istituto italiano per l’Industria Culturale,mass_media,,http://www.isicult.it/,,Rome,"41,883095","12,5232451"
Istituto Archeologico Germanico,library,,Ingen webbplats,,Rome,"41,9044719","12,5015139"
Istituto Cervantes,art_gallery,,http://roma.cervantes.es/it/default.shtm,,Rome,"41,8988532","12,4732103"
Istituto Culturale Coreano in Italia - 주이탈리아 한국문화원,cultural_center,,http://culturacorea.it/,,Rome,"41,9109177","12,5039065"
Istituto dell'Intrattenimento,arts_and_entertainment,,http://www.istitutodellintrattenimento.it/,,Rome,"41,8991656","12,585815"
Istituto di Bibliografia Musicale,library,,https://ibimus.eu/,,Rome,"41,9058281","12,50863"
Istituto di Cultura e Lingua Russa,cultural_center,,http://www.italia-russia.it/,,Rome,"41,86376","12,54898"
Istituto di ricerca per il teatro musicale,theatre,,http://www.irtem.it/,,Rome,"41,9086336","12,4146674"
Istituto di Studi Pirandelliani,museum,,http://www.studiodiluigipirandello.it/,,Rome,"41,9162182","12,5142358"
Istituto Giapponese di Cultura,cultural_center,,https://www.eventbrite.it/o/istituto-giapponese-di-cultura-33417990837,,Rome,"41,9187457","12,4792567"
Istituto Italiano Arte e Danza,art_school,,http://www.istitutoitalianoarteedanza.it/,,Rome,"41,86636","12,55022"
Istituto Italiano per la Storia Antica,library,,http://www.storiaantica.eu/,,Rome,"41,8968833","12,4925635"
"Istituto Musicale ""Arcangelo Corelli""",music_school,,https://www.istitutocorelli.com/,,Rome,"41,9125032","12,536847"
Istituto Nazionale di Archeologia e Storia dell'Arte,museum,,https://www.inasaroma.org/,,Rome,"41,8958394","12,4813862"
Istituto Nazionale di Danza,dance_school,,Ingen webbplats,,Rome,"41,9106335","12,5690453"
Istituto Nazionale Per La Grafica,museum,,http://www.grafica.beniculturali.it,,Rome,"41,9011263","12,4833498"
Istituto Salesiano Bernardi Semeria,bookstore,,Ingen webbplats,,Rome,"41,90237","12,50207"
Istituto Storico e di Cultura dell'Arma del Genio,museum,,http://www.esercito.difesa.it/storia/musei/Istituto-Storico-e-di-Cultura-dell-Arma-del-Genio,,Rome,"41,9230692","12,4607431"
Istituto Storico Medioevo,library,,http://www.isime.it/,,Rome,"41,898999","12,468666"
Istituto Superiore di Sanità - Museo,science_museum,,https://museo.iss.it/,,Rome,"41,9042147","12,5179756"
Istituto Teatrale Europeo,theatre,,http://www.istitutoteatraleuropeo.it/,,Rome,"41,8990389","12,5193541"
Istituzione Sistema Biblioteche Centri Culturali,library,,http://www.icfratellibandiera.it,,Rome,"41,890723","12,483838"
Italia Tv,print_media,,http://www.italiatv.it/,,Rome,"41,8981884","12,481842"
Italian Film Srl,cinema,,http://www.italiafilm.it/,,Rome,"41,9632899","12,5199401"
Italy for Movies,cinema,,http://www.italyformovies.it/,,Rome,"41,84954","12,57435"
Italy music home,music_venue,,http://liveonlienevent24.xyz/,,Rome,"41,9029123","12,5017556"
Italycomics / Ecomics,comic_books_store,,http://www.ecomics.it/,,Rome,"41,8778453","12,523118"
ITBStudio,music_production,,http://www.itbstudio.com/,,Rome,"41,8760875","12,5233139"
ITER,dance_club,,http://www.itercultura.net/,,Rome,"41,9067277","12,4718131"
Iter Roma,dance_club,,http://www.iter-roma.it/,,Rome,"41,8883107","12,4778947"
Iuc Concerti Alla Sapienza,music_venue,,http://www.concertiiuc.it/,,Rome,"41,92395","12,46563"
J.E.A. Multiservice,landscape_architect,,http://www.jeamultiservice.it/,,Rome,"41,8553525","12,651553"
Jackie O' Roma,dance_club,,http://www.jackieoroma.com/,,Rome,"41,9077866","12,4911957"
Jacopo e Davide,newspaper_and_magazines_store,,Ingen webbplats,,Rome,"41,902302","12,518489"
Jaku Toys Fumetteria,comic_books_store,,https://fumetteria.jakutoys.com/,,Rome,"41,8659148","12,4872306"
Jam Bar,music_venue,,https://sites.google.com/view/jam-bar/,,Rome,"41,9670218","12,5055928"
Japanese Art,art_gallery,,Ingen webbplats,,Rome,"41,943402","12,45502"
Jasmine Bookshop,bookstore,,Ingen webbplats,,Rome,"41,8996797","12,5174911"
Jazz Lab Alessandrino,community_services_non_profits,,http://www.jazzlabalessandrino.it/,,Rome,"41,9049695","12,5364549"
Jazz&Wine al Chiostro di San Pietro in Vincoli,cinema,,http://chiostro.arenediroma.com/,,Rome,"41,8933272","12,4933101"
JazzImage,jazz_and_blues,,https://www.jazzimage.it/,,Rome,"41,888898","12,491302"
Jedi Sound studio,music_production,,Ingen webbplats,,Rome,"41,8650082","12,4716678"
JEMMA crew,music_production,,https://linktr.ee/jemma_crew,,Rome,"41,87944","12,5093651"
Jet Set Roma,dance_club,,Ingen webbplats,,Rome,"41,83179","12,46078"
Jetset,dance_club,,http://www.discotechearoma.it/,,Rome,"41,8296707","12,4646844"
Jewish Museum,museum,,https://plus.google.com/104123333055846302653/about?gl=uk&hl=en,,Rome,"41,8919529","12,4779852"
Jey,jazz_and_blues,,Ingen webbplats,,Rome,"41,8531581","12,4768398"
Jgr Studios,music_production,,http://www.jgrstudios.com/,,Rome,"41,8520527","12,4514832"
Jimmy Jazz Studio,arts_and_entertainment,,http://jimmyjazzstudio.it/,,Rome,"41,8524677","12,4570663"
JLP Motion Pictures,video_film_production,,,,Rome,"41,84791811","12,48719176"
JMP - Music Academy by Aulico-Opera&Musica,music_school,,http://www.jmp-musicacademy.com/,,Rome,"41,90855","12,4685"
Joe Russo - Latin Dance,dance_school,,http://www.joerusso.it/,,Rome,"41,9092","12,51638"
Jolie Club,dance_club,,http://www.jolieclub.it/,,Rome,"41,912","12,4986576"
Joseba Publishing,record_label,,http://www.josebapublishing.com/,,Rome,"41,8968965","12,4507081"
JoyLatino,dance_school,,Ingen webbplats,,Rome,"41,9436221","12,4209573"
Juan carlos pro,dance_club,,Ingen webbplats,,Rome,"41,87911","12,54502"
Junior Art Academy,art_school,,https://www.larchivio14.it/2019/02/13/laboratori-pittura-per-bambini,,Rome,"41,9245808","12,5053614"
Jupiter Giant Studios,arts_and_entertainment,,Ingen webbplats,,Rome,"41,9","12,5"
K2 Italia,mass_media,,http://www.k2italia.it/,,Rome,"41,8670358","12,6917625"
Kaleido Music Agency,music_production,,https://www.kaleidoagency.com/,,Rome,"41,9480598","12,5858771"
Kaleidos Monteverde,arts_and_entertainment,,Ingen webbplats,,Rome,"41,8698047","12,4506956"
Kalimba Club Salsa & Bachata Roma,dance_club,,Ingen webbplats,,Rome,"41,8445461","12,5737227"
Kalimba-Il Villaggio della Musica,arts_and_entertainment,,http://www.kalimba.it/,,Rome,"41,8322","12,5734"
KAMA Productions,arts_and_entertainment,,http://kamaproductions.eu/it/home-ita/,,Rome,"41,8992","12,51627"
Kanapè,arts_and_entertainment,,Ingen webbplats,,Rome,"41,93936","12,53272"
Kaos Teatro,theatre,,http://www.kaosteatro.it/,,Rome,"41,8606716","12,4462343"
Kappa Production,music_production,,http://www.kappaproduction.it/,,Rome,"41,9414356","12,5830731"
KaramBeat Studio,music_production,,https://instagram.com/karambeatstudio,,Rome,"41,9355512","12,5175571"
Karma Factory,arts_and_entertainment,,http://www.karmafactory.it/,,Rome,"41,8876833","12,4687533"
Karma Komix,bookstore,,https://www.karmakomix.it/,,Rome,"41,8641266","12,4731763"
Katana Sounds,record_label,,http://www.artistema.eu/,,Rome,"41,8818635","12,5050213"
Kate Academy Studio ROMA,music_production,,http://www.kateacademy.it/,,Rome,"41,87249","12,51938"
Kate Creative Studio,music_production,,http://www.katecreativestudio.it/,,Rome,"41,7838467","12,4730931"
Kavac Film,broadcasting_media_production,,https://www.kavacfilm.com/,,Rome,"41,9213811","12,5185958"
Kea Sound,music_production,,Ingen webbplats,,Rome,"41,8872995","12,5188488"
KeaService,arts_and_entertainment,,https://generali-italia-spa-agenzia-roma-numidio.business.site/,,Rome,"41,8638918","12,5484988"
Key Gallery,art_gallery,,http://www.keygallery.it/,,Rome,"41,9141456","12,5081109"
Keypan srl,television_station,,https://www.keypansrl.com/,,Rome,"41,861441","12,6409371"
Kiki Orsi,music_production,,https://youtu.be/1sjdntUlaGE,,Rome,"41,8285862","12,4880602"
KIM-KreArt,arts_and_entertainment,,http://www.associazionekimonlus.it/,,Rome,"41,88181","12,40673"
Kinema Fanfulla,cinema,,https://instagram.com/kinema_fanfulla?igshid=YTQwZjQ0NmI0OA%3D%3D&utm_source=qr,,Rome,"41,89069","12,53019"
Kinemovik,movie_television_studio,,https://www.kinemovik.com/,,Rome,"41,9924176","12,4018877"
Kinéo studio grafico,graphic_designer,,https://www.kineostudio.com/,,Rome,"41,8886556","12,536141"
Kinesis Film,cinema,,http://www.kinesisfilm.it/,,Rome,"41,913222","12,505995"
King,cinema,,Ingen webbplats,,Rome,"41,928211","12,508738"
King'S Libreria/Cartoleria/Art.Da Regalo,bookstore,,http://WWW.LIBRERIAKING.IT/,,Rome,"41,9227101","12,4105784"
KINO produzioni,arts_and_entertainment,,http://www.kinoproduzioni.it/,,Rome,"41,9245926","12,4839551"
KitchenFilm Roma,cinema,,http://www.kitchenfilm.com/,,Rome,"41,8935422","12,4581743"
Klamm,arts_and_entertainment,,Ingen webbplats,,Rome,"41,891141","12,531967"
Klimax Theatre Company,theatre,,http://www.klimaxtheatre.it/,,Rome,"41,8799154","12,518962"
KNIR Bibliotheek,library,,http://www.knir.it/nl/bibliotheek.html,,Rome,"41,9166977","12,47895"
Kon-Tiki Film,cinema,,http://www.kontikifilm.it/,,Rome,"41,9448086","12,5384903"
Kou Gallery,art_gallery,,https://kou.gallery/,,Rome,"41,8960618","12,4688026"
Kreadanza Studio,art_school,,http://www.kreadanza.com/,,Rome,"42,00206","12,3519324"
Kreazioni,art_school,,http://www.kreazioniartistiche.it/,,Rome,"41,8651968","12,553655"
Kromakò Serigrafia,screen_printing_t_shirt_printing,,Ingen webbplats,,Rome,"41,8944664","12,5868815"
KromArt Expo,art_gallery,,http://www.kromartgallery.it/,,Rome,"41,8744431","12,4440398"
Kromatika Lab,arts_and_entertainment,,http://www.kromatikalab.it/,,Rome,"41,8999918","12,4679236"
Krug Exclusive Club,dance_club,,http://www.krugdiscoclub.it/,,Rome,"41,8672292","12,4644886"
Krypta Night,dance_club,,Ingen webbplats,,Rome,"41,83856","12,58955"
Krystall,dance_club,,http://www.krystalldisco.it/,,Rome,"41,7033866","12,3421758"
Kura Kura,dance_club,,Ingen webbplats,,Rome,"41,916159","12,481088"
Kursaal disco aperitif  info: 3294699450,music_venue,,Ingen webbplats,,Rome,"41,7150247","12,3157172"
L.F. Performing Art Studio,dance_school,,https://lfperformingartstudio.it/,,Rome,"41,8202989","12,6202635"
L' Acchiappasogni,dance_school,,Ingen webbplats,,Rome,"41,93299","12,64272"
L' Archivio 14,theatre,,http://www.larchivio14.it,,Rome,"41,9245919","12,5054143"
L' edicola di Marco Leonardi,newspaper_and_magazines_store,,Ingen webbplats,,Rome,"41,9286315","12,4629553"
L'Accademia della Danza,dance_school,,http://www.accademiadelladanza.org/,,Rome,"41,9515107","12,4837838"
L'Accademia Della Musica,music_school,,http://www.laccademiadellamusica.com/,,Rome,"41,7676047","12,3085768"
L'Agenzia di Viaggi magazine,print_media,,https://www.viaggioff.it/,,Rome,"41,906619","12,4679115"
L'Albero della neve Teatro,theatre,,http://www.lalberodellaneve.com/,,Rome,"41,9103466","12,464135"
L'Albero di Terracotta,art_gallery,,http://www.alberoditerracotta.it/,,Rome,"41,8712997","12,4556968"
L'Alchimista,arts_and_entertainment,,Ingen webbplats,,Rome,"41,8742105","12,4813271"
L'Alfabeto della Danza,dance_school,,Ingen webbplats,,Rome,"41,9434302","12,4210196"
L'Alibi,dance_club,,http://www.lalibi.it,,Rome,"41,8753581","12,47443"
L'alibi. IT SRL - Discoteca,dance_club,,http://www.lalibi.it,,Rome,"41,875416","12,474345"
L'Allegretto dischi,music_and_dvd_store,,https://www.lallegrettodischi.it/,,Rome,"41,9188939","12,4619067"
L'Alternavicolo,dance_club,,Ingen webbplats,,Rome,"41,8687619","12,4671006"
L'Altracittà Roma,bookstore,,https://www.laltracittaroma.com/,,Rome,"41,9086435","12,5186127"
L'altravista,broadcasting_media_production,,http://www.laltravista.it/,,Rome,"41,925169","12,466513"
L'altro Scatto - Circolo Fotografico,community_services_non_profits,,http://www.laltroscatto.it/laltroscatto/Home.html,,Rome,"41,757936","12,358725"
L'anatomia di Leonardo,history_museum,,http://www.leonardoanatomia.it/,,Rome,"41,90004","12,48013"
L'Arco Letterario,cultural_center,,http://linktr.ee/larcoletterario,,Rome,"41,8638192","12,4846001"
L'arte a San Lorenzo,arts_and_entertainment,,Ingen webbplats,,Rome,"41,900197","12,5177446"
L'Arte dei Suoni,music_school,,http://www.lartedeisuoni.it/,,Rome,"41,8445532","12,4829654"
L'Arte della Ceramica Mileto,arts_and_entertainment,,Ingen webbplats,,Rome,"41,7485799","12,35849"
L'Arte della Cornice WebArte,art_gallery,,Ingen webbplats,,Rome,"41,9042824","12,6619471"
L'Arte Perfetta,art_school,,http://www.larteperfetta.eu/,,Rome,"41,8840871","12,5683658"
L'Artistica Art Lab,arts_and_crafts,,https://lartisticacornici.wordpress.com/galleria/,,Rome,"41,8902654","12,5586591"
L'Asino Che Vola,music_venue,,http://www.lasinochevolaroma.com/,,Rome,"41,8700061","12,5152243"
L’edicola al 62,newspaper_and_magazines_store,,Ingen webbplats,,Rome,"41,8691087","12,5933704"
L'Edicola di Castel Di Leva,newspaper_and_magazines_store,,Ingen webbplats,,Rome,"41,78713","12,51869"
L'Identità,print_media,,https://www.lidentita.it/,,Rome,"41,9193778","12,4553051"
L'isola che non c'è,theatre,,http://www.omnesartes.it/,,Rome,"41,9738617","12,44345"
L'isola non trovata,cultural_center,,http://lisolanontrovata.it/,,Rome,"41,8593828","12,4457722"
L'Isola Pedonale via Flavio Stilicone,print_media,,http://www.isolapedonale.it/,,Rome,"41,86014","12,55871"
L'Isola Trovata,theatre,,http://www.isolatrovata.it/,,Rome,"41,90974","12,49827"
L'Officina del Colore,arts_and_entertainment,,http://officinadelcoloreroma.it/,,Rome,"41,8891487","12,4713497"
L'officina Scuola di Danza,dance_school,,http://www.lofficina.tv/,,Rome,"41,8680081","12,4903012"
L'ora di libertà,bookstore,,http://www.loradiliberta.it/,,Rome,"41,88723","12,56311"
L'Orecchio di Giano,music_venue,,http://www.musicaimmagine.it/orecchio_di_giano.php,,Rome,"41,8925844","12,4604957"
L'orma editore,bookstore,,http://lormaeditore.it/,,Rome,"41,8874289","12,4967856"
L29,arts_and_entertainment,,Ingen webbplats,,Rome,"41,88931","12,50047"
La Batteria Del Ritmo,dance_school,,Ingen webbplats,,Rome,"41,8812507","12,5099835"
La Bibi.it,theatre,,http://labibi.info/,,Rome,"41,926862","12,446975"
La Biblioteca del Casale,library,,Ingen webbplats,,Rome,"41,84634","12,48585"
La Biblioteca DI ELISA,library,,http://www.icviamottacamastra.it/pvw/app/RMME0308/pvw_sito.php?sede_codice=RMME0308&from=-1&page=1898861,,Rome,"41,8706554","12,6932713"
La Bottega degli Artisti,theatre,,http://www.labottegadegliartisti.it/,,Rome,"41,9094436","12,4613973"
La Bottega degli Attori,arts_and_entertainment,,http://www.labottegadegliattori.it/,,Rome,"41,881056","12,523113"
La bottega dell'attore.,theatre,,https://chat.whatsapp.com/HuLIvyBwt7jJbAF650DXoL PER ENTRARE NEL GRUPPO WHATSAPP e rimanere informati su tutte le attività della Bottega,,Rome,"41,896238","12,5118261"
La Boutique DEL Giornale,bookstore,,Ingen webbplats,,Rome,"41,76041","12,47718"
La Cabala,dance_club,,Ingen webbplats,,Rome,"41,9019781","12,4724193"
La Capital de la Salsa,dance_school,,Ingen webbplats,,Rome,"41,8747294","12,5151638"
La Cartoleria,bookstore,,Ingen webbplats,,Rome,"42,0036926","12,3824773"
La Cartoleria,bookstore,,Ingen webbplats,,Rome,"41,8741011","12,6462551"
La casa del male,fair,,https://www.lacasadelmale.it/,,Rome,"41,8113034","12,5738127"
La Casa di Alice Ludoteca,arts_and_entertainment,,Ingen webbplats,,Rome,"41,874934","12,6320204"
La casetta delle arti,cultural_center,,Ingen webbplats,,Rome,"41,81361","12,60684"
La Cava,arts_and_entertainment,,http://www.lacavateatro.it/,,Rome,"41,9103448","12,4650423"
La Caverna di Platone - Associazione culturale - ,cultural_center,,Ingen webbplats,,Rome,"41,90971","12,46242"
La Chanceria,bookstore,,http://www.lachanceria.it/,,Rome,"41,8650669","12,5511204"
La Ciambella - Associazione Culturale APS,cultural_center,,http://www.laciambella.com/,,Rome,"41,87287","12,56873"
La Città in Tasca,arts_and_entertainment,,http://www.lacittaintasca.com/,,Rome,"41,8764663","12,5014337"
la civetta vanitosa,art_school,,http://www.lacivettavanitosa.it/,,Rome,"41,8724","12,52097"
La clessidra sala blu,art_gallery,,http://www.artenellaclessidra.com/,,Rome,"41,8989288","12,4715747"
La Clinica Del Libro,art_restoration,,http://www.laclinicadellibro.it/,,Rome,"41,898916","12,3889382"
La Cocca Cartolibreria,bookstore,,Ingen webbplats,,Rome,"41,81658","12,60233"
La Compagnia Dei Masnadieri,theatre,,http://www.compagniadeimasnadieri.org/,,Rome,"41,8585354","12,4920081"
La Contrada - Studio,cultural_center,,Ingen webbplats,,Rome,"41,9000825","12,5120303"
La Cresceria,cultural_center,,Ingen webbplats,,Rome,"41,9533074","12,5213406"
La Danza Progetto Formazione Danzatori,art_school,,http://la-danza-progetto-formazione-danzatori.business.site,,Rome,"41,7394169","12,2777113"
La Danza Va A Scuola,dance_school,,https://www.chorondeprogettoeducativo.it/,,Rome,"41,89981","12,4963599"
La fabbrica dei suoni,music_school,,http://www.lafabbricadeisuoni.net/,,Rome,"41,8756607","12,5234461"
La Falegnameria,art_restoration,,https://lafalegnameriaroma.it/,,Rome,"41,7699626","12,48374"
La Feltrinelli,comic_books_store,,http://www.lafeltrinelli.it,,Rome,"41,9011242","12,4808724"
la Feltrinelli,bookstore,,http://www.lafeltrinelli.it,,Rome,"41,97034","12,5385032"
La Feltrinelli,comic_books_store,,http://www.lafeltrinelli.it,,Rome,"41,8962644","12,4766617"
La Feltrinelli - Via Appia,bookstore,,http://www.lafeltrinelli.it,,Rome,"41,8738256","12,5244264"
La Feltrinelli International,bookstore,,http://www.lafeltrinelli.it,,Rome,"41,9035383","12,495193"
La FINE,music_venue,,http://www.lafine.it/,,Rome,"41,90896","12,48964"
La Fortezza del Fumetto,comic_books_store,,http://www.lafortezzadelfumetto.it/,,Rome,"41,8578911","12,565741"
La Galleria,arts_and_entertainment,,http://www.enotecaferrara.it/contatti,,Rome,"41,8911095","12,4703598"
La Galleria del Domani,arts_and_entertainment,,Ingen webbplats,,Rome,"41,8915782","12,5373745"
La Galleria delle Arti,art_gallery,,https://www.assofacile.it/calendario/lagalleriadellearti/iscriviti,,Rome,"41,8954991","12,5125777"
La Galleria Nazionale,museum,,http://gnam.beniculturali.it/,,Rome,"41,9168048","12,4819185"
La Gardel Roma,arts_and_entertainment,,http://www.lagardel.com/,,Rome,"41,8814462","12,4747849"
La Giostra Camp,theatre,,http://lagiostra.weebly.com/,,Rome,"41,7803002","12,57163"
La Grotta dipinta,arts_and_entertainment,,http://www.lagrottadipinta.it/,,Rome,"41,8957795","12,4740117"
La Lanterna immaginaria,theatre,,http://www.lalanternaimmaginaria.it/,,Rome,"41,8618335","12,4537948"
la Libreria,bookstore,,http://www.la-libreria.it/,,Rome,"41,9065968","12,5172476"
La libreria delle Pessime idee,bookstore,,http://www.pessimeidee.it/,,Rome,"41,9419755","12,4745436"
La Libroleria,bookstore,,http://www.lalibroleria.it,,Rome,"41,8554795","12,484497"
La Librotèca,bookstore,,Ingen webbplats,,Rome,"41,9480934","12,5862009"
La Luce di Aelnath,comic_books_store,,http://www.violaeditrice.it/prodotto/2606/,,Rome,"41,73647","12,28402"
La Luminaria,arts_and_entertainment,,https://laluminariainfo.com/,,Rome,"41,903769","12,508808"
La Maggiolina,theatre,,http://www.lamaggiolina.roma.it,,Rome,"41,932607","12,52916"
La Maison Accademia di Danza,dance_school,,http://www.lamaisonaccademiadidanza.it/,,Rome,"41,8804702","12,5335604"
La Maratonda Libreria Per Bambini,bookstore,,Ingen webbplats,,Rome,"41,8843822","12,4556146"
La Mia Libreria Roma,bookstore,,http://www.lamialibreria.com/,,Rome,"41,8876402","12,5384345"
La Milonga de la Luna,dance_school,,Ingen webbplats,,Rome,"41,9485985","12,5311191"
La Milonga Dei Barbari,dance_club,,Ingen webbplats,,Rome,"41,859941","12,5389498"
La Milonga delle Ciliegie,dance_school,,https://www.cipalessandrino.org/,,Rome,"41,8837797","12,5755365"
La Milonga Internacional - Roma,dance_club,,http://www.aka-roma.it/,,Rome,"41,8999468","12,5092231"
La Moschettiera,cultural_center,,Ingen webbplats,,Rome,"41,7638894","12,5574118"
La Musica che Gira Intorno,music_school,,http://scuola.lamusicachegiraintorno.it/,,Rome,"41,8843379","12,4182671"
La Nube Di Oort,art_gallery,,Ingen webbplats,,Rome,"41,8938446","12,5080574"
La Nuova Pesa,art_gallery,,http://www.nuovapesa.it/,,Rome,"41,9095722","12,476759"
La Nuova Rivera del Tango,music_venue,,Ingen webbplats,,Rome,"41,91624","12,46965"
La Nuvola,art_gallery,,http://www.gallerialanuvola.it,,Rome,"41,9086629","12,4796593"
La Nuvola di Fuksas,arts_and_entertainment,,Ingen webbplats,,Rome,"41,8312614","12,4708112"
La Palestra dell'Attore,drama_school,,https://www.palestradellattore.it/,,Rome,"41,8899981","12,4738018"
La Pelle,handicraft_shop,,https://www.lapelleroma.com/,,Rome,"41,8990204","12,4774355"
La Petite Tribu Francophone,arts_and_entertainment,,http://www.lapetitetribufrancophone.it/,,Rome,"41,9249404","12,4833758"
La Pietà - Michelangelo,arts_and_entertainment,,Ingen webbplats,,Rome,"41,9022527","12,4583169"
La Pirandelliana,theatre,,http://www.lapirandelliana.it/,,Rome,"41,8832649","12,4587435"
La Piroetta Dance School,dance_school,,http://www.lapiroettaaleph.it/,,Rome,"41,86822","12,4847037"
La Porta Blu Gallery,art_gallery,,Ingen webbplats,,Rome,"41,8961955","12,4712201"
La Porta dei Sogni theater Lab & Music,theatre,,Ingen webbplats,,Rome,"41,8979944","12,5373814"
La Porta dell' Arte,arts_and_entertainment,,Ingen webbplats,,Rome,"41,8753042","12,5321636"
La Porteñita milonga tradicional,arts_and_entertainment,,http://www.scuoladitangoroma.it/,,Rome,"41,9539047","12,452232"
La Portineria Romana,arts_and_entertainment,,Ingen webbplats,,Rome,"41,88894","12,52768"
La Pulce Fumetti,bookstore,,http://www.lapulcefumetti.it/,,Rome,"41,8934622","12,5587755"
La Quadriennale di Roma,arts_and_entertainment,,https://quadriennalediroma.org/,,Rome,"41,899357","12,490881"
La Ranocchia in Festa - Sala per Feste,arts_and_entertainment,,Ingen webbplats,,Rome,"41,8772","12,51638"
La Roca Flamenco,dance_school,,Ingen webbplats,,Rome,"41,8803897","12,5637939"
La Roma,print_media,,http://www.rivistalaroma.it/,,Rome,"41,9","12,5"
La Romantica,arts_and_entertainment,,http://www.barrerastango.com/,,Rome,"41,9077859","12,523539"
La Sapienza University Publishing House,bookstore,,http://www.librerialasapienza.it,,Rome,"41,9066442","12,5168288"
La scala d'oro,arts_and_entertainment,,https://www.lascaladoro.it/,,Rome,"41,9060885","12,4712775"
La Scatola Archeologica,museum,,http://www.scatolaarcheologica.it/,,Rome,"41,8806322","12,4836487"
La Scatola dell'Arte,dance_school,,http://www.compagniaatacama.it/,,Rome,"41,8969545","12,5134648"
La Soffitta di Zoe,art_restoration,,Ingen webbplats,,Rome,"41,9344","12,5186276"
"La Sortita di ""Quelli di Piazza Bologna"" - Laboratorio e Compagnia Teatrale",theatre,,http://www.lasortita.com/,,Rome,"41,9156111","12,5244677"
La Stella Danzante,performing_arts,,Ingen webbplats,,Rome,"41,8691841","12,5932438"
La Suite,dance_club,,Ingen webbplats,,Rome,"41,9097618","12,486286"
La Tana del Demon Rex,graphic_designer,,Ingen webbplats,,Rome,"41,9135316","12,5416116"
La Tana del Libro,bookstore,,Ingen webbplats,,Rome,"41,8674155","12,4911472"
La Torre Del Minotauro,arts_and_entertainment,,http://www.latorredelminotauro.it/,,Rome,"41,8610365","12,5535008"
La Villa Club,dance_club,,http://www.villa1908.it/,,Rome,"41,8846172","12,3875493"
La Villa Sublime Roma,movie_television_studio,,Ingen webbplats,,Rome,"41,9384924","12,4738401"
La Voce del Podista ,radio_station,,http://www.radioinpiazza.it/,,Rome,"41,913591","12,4142849"
La___lineaartecontemporanea,art_gallery,,http://www.spaziolalinea.it/,,Rome,"41,8955263","12,4985253"
La7 Centro di Produzione TV,broadcasting_media_production,,http://www.la7.it,,Rome,"41,9210999","12,4566609"
Lab Puzzle - Bene Comune,cultural_center,,https://labpuzzle.noblogs.org/,,Rome,"41,9450379","12,5362161"
Lab.174,arts_and_entertainment,,http://www.lab174.com/,,Rome,"41,9130277","12,4609157"
Lab123 ceramica,art_restoration,,http://www.lab123ceramica.com/,,Rome,"41,9467879","12,4293009"
LAB74,glass_blowing,,https://www.behance.net/carolincalabre,,Rome,"41,8635372","12,4468462"
Label201,art_gallery,,http://www.label201.com/,,Rome,"41,8713355","12,4657779"
LABeremberg,performing_arts,,Ingen webbplats,,Rome,"41,93542","12,53478"
Labirion - Officine Trasversali,cultural_center,,Ingen webbplats,,Rome,"41,8935031","12,5566623"
Laboratori architettura ed ingegneria,landscaping,,http://www.laboratori.eu/,,Rome,"41,8190699","12,4584584"
Laboratori Visivi,art_school,,http://www.laboratorivisivi.it/,,Rome,"41,894909","12,517044"
Laboratorio ArtDesign,art_restoration,,Ingen webbplats,,Rome,"41,9733999","12,5163842"
Laboratorio Arte Moderna,art_gallery,,http://www.laboratorioartemoderna.com/,,Rome,"41,8733151","12,4465665"
Laboratorio C.Re.A.,arts_and_entertainment,,http://crea4.altervista.org/index.html,,Rome,"41,8706282","12,5210637"
Laboratorio Circo MaXimo,circus,,http://lnx.circomaximo.it/,,Rome,"41,89796","12,51109"
"Laboratorio Creattivo ""Una vita a colori""",art_gallery,,Ingen webbplats,,Rome,"41,7376178","12,27737"
Laboratorio D'arte e Pittura GAMÙ,art_school,,Ingen webbplats,,Rome,"41,9204089","12,5123973"
Laboratorio Danzando,dance_school,,http://www.lab-danzando.com/,,Rome,"41,8503132","12,4130266"
Laboratorio di Arti Sceniche diretto da Massimiliano Bruno,theatre,,https://www.laboratoriodiartisceniche.it/,,Rome,"41,8955896","12,4462402"
Laboratorio di Doppiaggio,art_school,,Ingen webbplats,,Rome,"41,9151259","12,5082424"
Laboratorio di Pittura Antonio Carrano,arts_and_entertainment,,Ingen webbplats,,Rome,"41,8688009","12,4468129"
Laboratorio La Fenice,cultural_center,,http://www.laboratoriolafenice.it/,,Rome,"41,8734344","12,4472828"
Laboratorio MarcoAurelio,art_gallery,,https://laboratoriomarcoaurelio.business.site/,,Rome,"41,8960412","12,4710649"
Laboratorio Musicale CineTv,music_school,,Ingen webbplats,,Rome,"41,856403","12,4685642"
Laboratorio per il restauro del libro Gottscher,art_restoration,,http://www.gottscher.it/,,Rome,"41,8750475","12,5263865"
Laboratorio Permanente di Arte,theatre,,http://laboratoriopermanentediarte.it/,,Rome,"41,8881269","12,5276566"
Laboratorio Sostenibile,community_services_non_profits,,http://laboratoriosostenibile.it/,,Rome,"41,8608711","12,5509346"
"Laboratorio teatrale ""Emozioni in tasca""",theatre,,https://laboratorioteatraleemozioniintasca.wordpress.com/,,Rome,"41,9817863","12,5593265"
Laboratorio teatrale c/o teatro dell'Orologio,theatre,,Ingen webbplats,,Rome,"41,8984319","12,4683718"
Laboratorio teatrale Casale Garibaldi,theatre,,Ingen webbplats,,Rome,"41,8823743","12,5557265"
Laboratorio Teatrale Integrato Piero Gabrielli,theatre,,https://www.laboratoriogabrielli.it/,,Rome,"41,8863547","12,4762713"
Laboratorio Tempus Et Opera,art_restoration,,http://www.tempusetopera.it/,,Rome,"41,8858844","12,525946"
Laboratorio Zero,theatre,,http://www.laboratoriozero.it/,,Rome,"41,9131754","12,5072646"
Laborintus,arts_and_entertainment,,https://laborintusroma.wordpress.com/,,Rome,"41,8513889","12,4136967"
LABS Laboratorio Audiovisivo per lo Spettacolo-Sapienza Università di Roma,cinema,,https://web.uniroma1.it/labs/,,Rome,"41,899077","12,517677"
Lacagnina Fine Art,art_gallery,,http://www.lacagninafineart.com/,,Rome,"41,9005166","12,4701795"
LaDanza,dance_school,,http://www.ladanza.info/,,Rome,"41,8155749","12,4636905"
Ladididanza,dance_school,,http://www.ladididanza.it/,,Rome,"41,9334613","12,444355"
laFeltrinelli Books and Music,bookstore,,http://www.lafeltrinelli.it,,Rome,"41,8655104","12,4686948"
LaFeltrinelli Point,bookstore,,http://www.lafeltrinelli.it,,Rome,"41,9146113","12,520579"
Lagattaturchina,theatre,,http://www.gattaturchina.it/,,Rome,"41,9468905","12,5695157"
Lallero,dance_club,,Ingen webbplats,,Rome,"41,9071087","12,5356562"
Laltradanza,dance_school,,http://www.laltradanza.it/,,Rome,"41,9234412","12,4215484"
Lanificio159,dance_club,,https://illanificio.webflow.io/,,Rome,"41,9260669","12,539227"
Largo del Teatro Valle,theatre,,Ingen webbplats,,Rome,"41,8969895","12,4747739"
Largo Venue,music_venue,,http://www.largovenue.com/,,Rome,"41,8926221","12,5379218"
Laserfilm,cinema,,http://www.laserfilm.it/,,Rome,"41,9638895","12,4883158"
Late Milk,arts_and_entertainment,,http://www.latemilk.com/,,Rome,"41,8236","12,45171"
Latin Beat,dance_school,,http://www.mamborico.it,,Rome,"41,917436","12,564108"
Latin Core Labaro - scuola di ballo,dance_school,,Ingen webbplats,,Rome,"41,9879","12,49409"
Latin Feel Bachata & Salsa,dance_school,,http://salsanonima-lifefitroma.business.site/,,Rome,"41,92699","12,42093"
Latin Music - Official Fanpage,music_venue,,Ingen webbplats,,Rome,"41,81216","12,6177"
Latin Palace,dance_club,,http://www.albanesimarzia.it/,,Rome,"41,8086425","12,4445056"
"Latino Fit Roma - Scuola di ballo, Salsa e Bachata",dance_school,,http://latinofitroma.it/,,Rome,"41,9568395","12,588014"
Latintouch Scuola di Salsa y Bachata ROMA,dance_school,,https://instagram.com/latintouch_salsaybachata_roma?igshid=MzRlODBiNWFlZA%3D%3D,,Rome,"41,89879","12,56041"
LatomusicaStudio,music_production,,http://www.latomusica.com/,,Rome,"41,9364777","12,5279899"
Lavatoio Contumaciale,art_gallery,,Ingen webbplats,,Rome,"41,9249835","12,4648925"
Lazio Padel,cinema,,http://www.laziopadel.com/,,Rome,"41,8188819","12,4457051"
Lazy,arts_and_entertainment,,http://www.lazyfilm.it/,,Rome,"41,894925","12,495352"
Le Ali di Iside - Arte e Movimento,dance_school,,http://www.lealidiiside.it/,,Rome,"41,94452","12,5155469"
Le Api Operaie,arts_and_crafts,,http://www.leapioperaie.it/,,Rome,"41,8798448","12,5069926"
Le biblioteche di Antonio,library,,http://www.sinnos.org/,,Rome,"41,9128733","12,5265097"
Le Cinque Lune,art_gallery,,Ingen webbplats,,Rome,"41,9003249","12,4734807"
Le Granelle,bookstore,,http://www.librerianuovaeuropa.it/,,Rome,"41,8370925","12,5032986"
Le Mille e una storia - Libreria per bambini e ragazzi,bookstore,,http://www.lemilleeunastoria.it/,,Rome,"41,94871","12,51948"
Le Mostre al Museo di Palazzo Altemps,art_museum,,http://archeoroma.beniculturali.it/musei/museo-nazionale-romano-palazzo-altemps,,Rome,"41,9012689","12,4728394"
Le Mura - Quartiere San Lorenzo,music_venue,,Ingen webbplats,,Rome,"41,8955884","12,5124493"
Le Petit Jazz,jazz_and_blues,,Ingen webbplats,,Rome,"41,75399","12,30791"
Le Storie,bookstore,,http://www.lestorie.it/,,Rome,"41,8627769","12,4796292"
Le Tende ad Arte,arts_and_crafts,,http://www.letendeadarte.com/,,Rome,"41,9113711","12,5234508"
Le Vetrine Di Sognalibro,library,,Ingen webbplats,,Rome,"41,7923644","12,4059926"
Le Vie della Lana - Atelier Morbiducci,art_gallery,,Ingen webbplats,,Rome,"41,8782046","12,4724769"
Lea Production,theatrical_productions,,Ingen webbplats,,Rome,"41,8728954","12,4527407"
Lead Recording Studios,music_production,,http://www.leadstudios.it/,,Rome,"41,8949843","12,4453659"
Leave Music,music_venue,,http://www.linktr.ee/leavemusic,,Rome,"41,9196025","12,5066476"
Left,print_media,,https://www.left.it/,,Rome,"41,8874701","12,5086041"
Legaleconomy,print_media,,http://www.legaleconomy.eu/,,Rome,"41,9091364","12,4608356"
Legatoria Di Libri Cimino,art_restoration,,http://www.facebook.com/LegatoriaDiLibriCimino,,Rome,"41,8986707","12,5559906"
Legend Studio Roma,music_production,,http://www.legendstudio.it/,,Rome,"41,8699586","12,5324607"
Leggendo con Stella-Gaby Adviser Roma EUR,print_media,,https://lnk.bio/stelladisegni,,Rome,"41,8357704","12,4683725"
LeggereInCircolo,library,,http://www.bibliotechediroma.it/,,Rome,"41,91955","12,48812"
Leica Store Roma,photography_store_and_services,,http://www.leicastore-roma.com/,,Rome,"41,9041344","12,4838285"
Leopix,broadcasting_media_production,,http://www.leopix.it/,,Rome,"41,987389","12,5103097"
Leporello,bookstore,,http://www.leporello-books.com/,,Rome,"41,886","12,5365294"
LeriCart montagnola,bookstore,,Ingen webbplats,,Rome,"41,8461714","12,482442"
Les Premieres,dance_school,,http://www.lespremieres.it/,,Rome,"41,8835999","12,4195403"
Let it be dance,dance_school,,http://www.letitbedance.it/,,Rome,"41,9433362","12,5553719"
Let It Beer,music_venue,,http://www.letitbeer.it/,,Rome,"41,9089238","12,5266714"
Letti a colazione,bookstore,,http://www.ifixweb.it/,,Rome,"41,870855","12,515191"
Lettori per caso,library,,http://www.bibliopointcardarelli.it/,,Rome,"41,8645957","12,4609779"
Lezioni Canto Roma,music_school,,http://www.lezionicantoroma.it/,,Rome,"41,8741","12,47818"
Lezioni Dancehall Roma,dance_school,,Ingen webbplats,,Rome,"41,89031","12,50895"
Lezioni di Canto Roma,music_school,,Ingen webbplats,,Rome,"41,8843598","12,5199815"
Lezioni di Pianoforte Roma,music_school,,http://lezionidipianoforteroma.wordpress.com/,,Rome,"41,8835881","12,5787271"
Libera Accademia Horti Teatrali,theatre,,http://www.liberaaccademiahortiteatrali.com/,,Rome,"41,8984952","12,5036174"
Libero Spazio Giochi e Laboratori,art_school,,Ingen webbplats,,Rome,"41,8877136","12,4699891"
Libraccio,bookstore,,Ingen webbplats,,Rome,"41,8788246","12,5174808"
Libraccio,bookstore,,http://negozi.libraccio.it/,,Rome,"41,9019885","12,494958"
Libraccio,bookstore,,https://negozi.libraccio.it/negozi/roma/libraccio-roma-chiana,,Rome,"41,9216507","12,5058029"
Libraccio,bookstore,,Ingen webbplats,,Rome,"41,9322349","12,5200229"
Libraccio,bookstore,,Ingen webbplats,,Rome,"41,90636","12,44614"
Libraria,bookstore,,http://www.libriscolastici-Roma.it/,,Rome,"41,877696","12,426102"
Librarti,art_restoration,,http://www.librarti.it/,,Rome,"41,864538","12,6226049"
Libreria - Centro Vocazionale AP,bookstore,,http://www.apostoline.it/cvap,,Rome,"41,889054","12,50321"
Libreria '900 di Carta,bookstore,,http://www.900dicarta.com/,,Rome,"41,8778651","12,5162945"
"Libreria ""il Chiosco""",bookstore,,Ingen webbplats,,Rome,"41,89012","12,55728"
"Libreria ""Pagina 272""",bookstore,,https://www.facebook.com/LibreriaPagina272,,Rome,"41,9197988","12,4990556"
Libreria 2.0 EUR - Roma,bookstore,,http://libreriaduepuntozero.it/,,Rome,"41,82299","12,4461"
Libreria 3f,bookstore,,http://www.anastatica.it/,,Rome,"41,8638269","12,4846209"
Libreria ai Prefetti - Antica Libreria Romana dal 1897,bookstore,,Ingen webbplats,,Rome,"41,902383","12,476875"
Libreria AIACE,bookstore,,https://www.ebay.it/str/libreriaaiace,,Rome,"41,9437991","12,5490792"
Libreria Amici,bookstore,,Ingen webbplats,,Rome,"41,8919558","12,5018747"
Libreria Ancora Roma,bookstore,,http://www.ancorastore.it/,,Rome,"41,9022099","12,4593375"
Libreria Anomalia,bookstore,,http://dialogocontinuo.blog.kataweb.it/2009/10/26/424,,Rome,"41,8950479","12,5156687"
Libreria Antiquaria Apriti Sesamo,bookstore,,http://www.apritisesamoroma.com,,Rome,"41,9197244","12,5086794"
Libreria Antiquaria Borromini,bookstore,,https://www.libreriaborromini.com/,,Rome,"41,8996561","12,4774542"
Libreria Antiquaria Calligrammes srl,bookstore,,http://www.calligrammes.it/,,Rome,"41,8974364","12,4742552"
Libreria Antiquaria Ex Libris,bookstore,,http://www.exlibrisroma.it/,,Rome,"41,8994834","12,4823518"
Libreria Antiquaria Giulio Cesare,bookstore,,https://www.libreriantiquaria.com/,,Rome,"41,9106701","12,4641082"
Libreria Antiquaria Rappaport,bookstore,,http://www.rappaport.it/,,Rome,"41,9042223","12,486673"
Libreria Argenta,bookstore,,Ingen webbplats,,Rome,"41,8417121","12,5491496"
Libreria Arion,bookstore,,Ingen webbplats,,Rome,"41,9294278","12,4291446"
Libreria Arion,bookstore,,Ingen webbplats,,Rome,"41,927148","12,516044"
Libreria Arion,bookstore,,http://libreriearion.it,,Rome,"41,9003221","12,4785037"
Libreria Asterisco,bookstore,,http://www.libreriasterisco.com/,,Rome,"41,8655488","12,4441654"
Libreria Ave,comic_books_store,,http://www.libreriacoletti.it/,,Rome,"41,90217","12,46276"
Libreria Boccea,bookstore,,http://www.libreriaboccea.com/,,Rome,"41,9058972","12,4184652"
Libreria Book Felix,bookstore,,Ingen webbplats,,Rome,"41,7330493","12,2744827"
Libreria Borgo,bookstore,,https://www.libreriaborgo.it/,,Rome,"41,9207462","12,4590022"
Libreria Bramati,bookstore,,http://www.libreriabramati.it/,,Rome,"42,016883","12,369282"
Libreria Buzzoli,bookstore,,http://www.libreriabuzzoli.it/,,Rome,"41,8912078","12,502614"
Libreria Caffetteria,bookstore,,Ingen webbplats,,Rome,"41,8336952","12,6009467"
Libreria Caffetteria Scione Editore,bookstore,,http://www.scione.it/,,Rome,"41,8937152","12,515279"
Libreria Cartoleria Scarponi,bookstore,,http://librilibri.it/scarponi,,Rome,"41,7845","12,364614"
Libreria Casa dell’architettura,bookstore,,http://www.acquarioromano.it/,,Rome,"41,8977993","12,5022974"
Libreria Cinabro,bookstore,,https://libreriacinabro.it/,,Rome,"41,9221884","12,5159897"
Libreria Claudiana di Roma,bookstore,,http://www.claudiana.it/,,Rome,"41,9060952","12,4706355"
Libreria CLC Roma,bookstore,,http://www.clcitaly.com/,,Rome,"41,9046551","12,5009671"
Libreria Croce Rossella & C SRL,bookstore,,http://www.libreriacroce.com,,Rome,"41,9420685","12,4365397"
Libreria Cultora Roma,bookstore,,http://www.cultora.it/libreria,,Rome,"41,8705761","12,5167237"
Libreria de Miranda,bookstore,,http://www.libreriademiranda.it/index.asp,,Rome,"41,9107828","12,464466"
Libreria degli Astalli,bookstore,,Ingen webbplats,,Rome,"41,8960826","12,4805307"
Libreria Degli Studenti,bookstore,,http://www.libreriadeglistudenti.eu,,Rome,"41,9073768","12,517148"
Libreria Del Senato,bookstore,,www.senato.it,,Rome,"41,9005703","12,4766606"
Libreria Del Sole,bookstore,,http://www.libreriadelsole.org/,,Rome,"41,7840072","12,441842"
Libreria del Viaggiatore,bookstore,,https://twitter.com/LIBviaggiatore,,Rome,"41,8970188","12,4702825"
Libreria Dell'olgiata,bookstore,,http://lalibreriadellolgiata.altervista.org,,Rome,"42,0210173","12,3746042"
Libreria Delle Rughe,bookstore,,http://79.59.242.240:8080/libreriadellerughe/default.htm,,Rome,"42,0615862","12,3739555"
Libreria Dharma,bookstore,,http://www.libreriadharma.com,,Rome,"41,8903734","12,4684496"
Libreria Di Libro in Libro,bookstore,,http://www.dilibroinlibro.it/,,Rome,"41,8688423","12,530933"
Libreria di Officine Fotografiche,bookstore,,http://officinefotografiche.org/,,Rome,"41,8647588","12,4809262"
Libreria Dias,bookstore,,https://libreriadias.it/,,Rome,"41,9064893","12,5171333"
Libreria Doppiagi,bookstore,,http://www.libreriadoppiagi.it/,,Rome,"41,8297204","12,4892727"
Libreria Dorfè,bookstore,,http://www.libreriadorfe.it/,,Rome,"41,8712498","12,451056"
Libreria Dueci,bookstore,,http://www.libreriadueci.com/,,Rome,"41,8555616","12,4498472"
Libreria Efesto,bookstore,,http://www.edizioniefesto.it/,,Rome,"41,8547977","12,4715836"
Libreria Elle di Ci,bookstore,,http://www.elledici.org,,Rome,"41,9021304","12,5029495"
Libreria Equilibri,bookstore,,http://www.libreriaequilibri.it/,,Rome,"41,9236096","12,4471346"
Libreria Errante,bookstore,,http://libreriaerrante.it/,,Rome,"41,8931907","12,5565893"
Libreria Europa Roma,bookstore,,http://www.libreriaeuroparoma.it/,,Rome,"41,9074453","12,4528512"
Libreria Forense,bookstore,,http://www.forense.it/,,Rome,"41,9058146","12,4720355"
Libreria Gela,bookstore,,http://www.libreriagela.it/,,Rome,"41,8784469","12,5198606"
Libreria Giuridica 110 & Lode,bookstore,,http://www.libreria110elode.com/,,Rome,"41,9214238","12,5140184"
Libreria GRIOT,bookstore,,http://www.libreriagriot.it/,,Rome,"41,887619","12,4772991"
Libreria Gufo Dotto,bookstore,,http://libreria-gufo-dotto.webnode.it/,,Rome,"41,7774766","12,3509054"
Libreria Il Corsaro,bookstore,,Ingen webbplats,,Rome,"41,8899037","12,5264384"
Libreria Il Mattone,bookstore,,http://www.libreriailmattone.it,,Rome,"41,8932768","12,5611748"
Libreria Il Papiro,bookstore,,http://www.libreriapapiro.com/,,Rome,"41,9704523","12,4351178"
Libreria Il Seme,bookstore,,http://www.libreriailseme.com,,Rome,"41,9167206","12,4634025"
Libreria Illiria,bookstore,,http://libreriailliria.it/,,Rome,"41,88155","12,502603"
Libreria Internazionale Benedetto XVI,bookstore,,Ingen webbplats,,Rome,"41,904012","12,45782"
Libreria Internazionale Paolo Vi,bookstore,,Ingen webbplats,,Rome,"41,903835","12,483421"
Libreria IV Fontane,bookstore,,http://www.libreriaquattrofontane.it/,,Rome,"41,9073201","12,4962454"
Libreria Kappa,bookstore,,http://www.edizionikappa.com/,,Rome,"41,918464","12,472755"
Libreria Kappa,bookstore,,http://www.libreriakappa.com,,Rome,"41,9147884","12,4972192"
Libreria Kappa,bookstore,,http://www.libreriakappa.com/,,Rome,"41,9000513","12,5140721"
Libreria Kappa Bistrot,bookstore,,https://instagram.com/libreria_kappa_bistrot?igshid=sk2tqff0yu0e,,Rome,"41,9063511","12,5169295"
Libreria Koob,bookstore,,http://www.koob.it/,,Rome,"41,9264356","12,4619697"
Libreria Koob,bookstore,,http://www.koob.it/,,Rome,"41,92972","12,465418"
Libreria L'Angolo dell'Avventura,bookstore,,http://www.libreriaangoloavventurenelmondo.it/,,Rome,"41,8818821","12,4745809"
Libreria La Leoniana,bookstore,,http://www.laleoniana.shop/,,Rome,"41,9029722","12,4586381"
Libreria La Sapienza,bookstore,,https://www.librerialasapienza.it/,,Rome,"41,906714","12,516892"
Libreria La Scaletta,bookstore,,http://www.librerialascaletta.it/,,Rome,"41,9078238","12,5184137"
Libreria La Tenda,bookstore,,Ingen webbplats,,Rome,"41,7705554","12,3590882"
Libreria Lauri,bookstore,,http://www.librerialauri.it/,,Rome,"41,884061","12,5658924"
Libreria Le Torri,bookstore,,http://www.librerialetorriroma.it/,,Rome,"41,8682712","12,6312049"
Libreria Leggere,bookstore,,Ingen webbplats,,Rome,"41,77355","12,348216"
Libreria Lilli,book_magazine_distribution,,http://www.librerialilli.com/,,Rome,"41,8854794","12,4597535"
libreria lunatika,bookstore,,Ingen webbplats,,Rome,"41,7788644","12,3393635"
Libreria Manzoni,bookstore,,http://www.librerie-indipendenti-riunite.org,,Rome,"41,9239207","12,4908869"
Libreria Marini,bookstore,,http://www.libreriamarini.it/,,Rome,"41,8898415","12,5256239"
Libreria Mazzini,bookstore,,http://www.libreriamazzini.it/,,Rome,"41,9151752","12,4620753"
Libreria Militare Ares,bookstore,,http://www.libreriamilitareares.it/,,Rome,"41,9129341","12,5224453"
Libreria Minerva Roma 1923,bookstore,,http://www.minervalibreria.it/,,Rome,"41,9112094","12,4987826"
Libreria Mondadori,bookstore,,http://www.mondadoristore.it/negozi/punti-vendita/Mondadori-Bookstore-Roma-Cola-Di-Rienzo/1512,,Rome,"41,908655","12,46703"
Libreria Mondadori,bookstore,,Ingen webbplats,,Rome,"41,897063","12,469564"
Libreria Mondadori Via Piave,bookstore,,http://www.libreriaviapiave.it/,,Rome,"41,9084663","12,4985562"
Libreria MT Cicerone,bookstore,,http://www.libreriacicerone.com/,,Rome,"41,901451","12,4804"
Libreria Nebula,bookstore,,https://www.instagram.com/libreria.nebula/,,Rome,"41,9432646","12,5294987"
Libreria Novarcadia Ubik,bookstore,,http://www.librerianovarcadia.it/,,Rome,"41,7570909","12,3672629"
Libreria Nuova Europa I Granai,bookstore,,http://www.librerianuovaeuropa.it/,,Rome,"41,8371978","12,5027246"
Libreria Nuove Edizioni Romane,bookstore,,http://nuoveedizioniromane.it/,,Rome,"41,887267","12,476616"
Libreria Odontoiatrica - Servizi Scientifici,bookstore,,http://www.serviziscientifici.it,,Rome,"41,9096482","12,5124414"
Libreria Odradek Roma,bookstore,,http://www.odradek.it/html/librerie/libreriaroma.html,,Rome,"41,8990015","12,4665745"
Libreria Orienta,bookstore,,http://www.orientaedizioni.it/,,Rome,"41,93079","12,46523"
Libreria Orizzonte,bookstore,,http://www.librilibri.it/orizzonte,,Rome,"41,9122723","12,5669759"
Libreria Pag 36,bookstore,,http://www.libriscolasticiusati.roma.it/,,Rome,"41,89325","12,49203"
Libreria PAG36 Cartoleria,bookstore,,http://www.pag36.it/,,Rome,"41,9343222","12,5305787"
Libreria Pagine di Sport,bookstore,,Ingen webbplats,,Rome,"41,927964","12,4620261"
Libreria Panisperna 220,bookstore,,Ingen webbplats,,Rome,"41,8965488","12,4918192"
Libreria Passaparola,bookstore,,http://www.libreriapassaparola.it/,,Rome,"41,9207616","12,4402222"
Libreria PER,bookstore,,https://www.palazzoesposizioni.it/pagine/libreria,,Rome,"41,8991385","12,4901708"
Libreria Pippi,bookstore,,http://www.libreriapippi.it/,,Rome,"41,8469053","12,482866"
Libreria Politecnica,bookstore,,http://www.libreriapolitecnicaroma.it/,,Rome,"41,8943552","12,4916219"
Libreria Ponteponente,bookstore,,http://www.libreriaponteponente.it/,,Rome,"41,8776979","12,5155099"
Libreria Popolare di San Lorenzo,bookstore,,Ingen webbplats,,Rome,"41,8969732","12,513439"
Libreria Psicologia,bookstore,,http://www.libreriapsicologia.com/,,Rome,"41,896192","12,517495"
Libreria QuadraroBuck,bookstore,,Ingen webbplats,,Rome,"41,8660555","12,5459967"
Libreria Racconti Ritrovati,bookstore,,http://www.raccontiritrovati.com/,,Rome,"41,9448655","12,5204705"
Libreria Raponi,bookstore,,Ingen webbplats,,Rome,"41,8753008","12,4461358"
Libreria rfb,bookstore,,Ingen webbplats,,Rome,"41,8713868","12,4524378"
Libreria Risvolti,bookstore,,Ingen webbplats,,Rome,"41,8534891","12,5650971"
Libreria Romani,bookstore,,http://www.libreriaromani.it/,,Rome,"41,8855638","12,503725"
Libreria Rosati - Cartoleria,bookstore,,Ingen webbplats,,Rome,"41,8858154","12,5645421"
Libreria Rotondi,bookstore,,http://www.libreriarotondi.it/,,Rome,"41,8919562","12,5021064"
Libreria San Paolo,bookstore,,http://www.onebook.it/,,Rome,"41,85457","12,4747492"
Libreria San Paolo Laterano Roma,bookstore,,https://www.disp.it/librerie-san-paolo/,,Rome,"41,8876749","12,5064718"
Libreria San Paolo Via della Conciliazione,bookstore,,https://www.disp.it/librerie-san-paolo/,,Rome,"41,9025399","12,4618517"
Libreria Sant'Agostino,bookstore,,http://www.libreriasantagostino.it,,Rome,"41,9005079","12,4746349"
Libreria Scuola e Cultura,bookstore,,http://www.libreriascuolaecultura.it,,Rome,"41,9447643","12,5516905"
Libreria Serendipity,bookstore,,http://www.serendipitylibri.it/,,Rome,"41,8972555","12,4742301"
Libreria Silvio D'Amico,bookstore,,https://libreria-silvio-damico.business.site,,Rome,"41,8521533","12,4779278"
Libreria Sole,bookstore,,Ingen webbplats,,Rome,"41,899149","12,4842523"
Libreria Stendhal - Librairie francaise de Rome,bookstore,,http://www.librairiefrancaiserome.com,,Rome,"41,8999307","12,4748438"
Libreria Suspense,bookstore,,http://www.suspense.it/epages/990505585.sf/it_IT/?ObjectPath=/Shops/990505585/Categories/Orario_di_attivita,,Rome,"41,9269122","12,5089672"
Libreria Tara,bookstore,,http://www.libroccasione.com/,,Rome,"41,8956044","12,4725373"
Libreria Tempesta in Testa,bookstore,,Ingen webbplats,,Rome,"41,883822","12,5405576"
Libreria Termini,bookstore,,Ingen webbplats,,Rome,"41,900743","12,5007"
Libreria Testa di Ferro,bookstore,,http://www.latestadiferro.org/,,Rome,"41,895332","12,498108"
Libreria Testaccio,bookstore,,http://www.libreriediroma.it/,,Rome,"41,880059","12,4757806"
Libreria Ti Con Zero,bookstore,,http://www.ticonzerolibri.it/,,Rome,"41,8524345","12,4717393"
Libreria Tiburtina Incipit,bookstore,,http://www.libreriatiburtinaincipit.it/,,Rome,"41,9096411","12,5394502"
Libreria Tilopa,bookstore,,http://www.tilopa.it/,,Rome,"41,8819033","12,454797"
Libreria Tombolini,bookstore,,http://www.libreriatombolini.it,,Rome,"41,8970337","12,4852725"
Libreria Tra le Righe,bookstore,,http://www.libreriatralerighe.it/,,Rome,"41,919994","12,510784"
Libreria Trastevere,bookstore,,Ingen webbplats,,Rome,"41,8897301","12,4707151"
Libreria Ubik Ostia,bookstore,,https://www.instagram.com/libreriaubikostia/,,Rome,"41,7297798","12,2797986"
Libreria Ubik Prenestina,bookstore,,https://romaprenestina.ubiklibri.it/,,Rome,"41,895074","12,5613744"
Libreria Ubik Roma Tiburtina,bookstore,,https://www.ubiklibri.it/,,Rome,"41,9094329","12,5370629"
Libreria Universo,bookstore,,http://www.libreriauniverso.it/,,Rome,"41,9322443","12,4255919"
Libreria Velitti,bookstore,,Ingen webbplats,,Rome,"41,949838","12,4660212"
Libreria Vescovio,bookstore,,http://www.libreriaeli.it/,,Rome,"41,9351471","12,5117858"
Libreria Volpetti,bookstore,,Ingen webbplats,,Rome,"41,8480546","12,4861429"
Libreria Willy's,bookstore,,http://www.libreriawillys.it,,Rome,"41,7343855","12,2698944"
LibreriaAssaggi,bookstore,,https://www.libreriaassaggi.it/,,Rome,"41,8982","12,5142"
Librerie Feltrinelli SRL,bookstore,,Ingen webbplats,,Rome,"41,909266","12,456639"
Librerie Feltrinelli SRL,bookstore,,www.feltrinelli.it,,Rome,"41,8960666","12,4767294"
Librerie Giunti al Punto,bookstore,,https://www.giuntialpunto.it/,,Rome,"41,910244","12,5301907"
Librerie Giunti al Punto,bookstore,,https://www.giuntialpunto.it/?utm_source=Facebook&utm_medium=FBSitelink&utm_campaign=FBSitelink_Roma_70328,,Rome,"41,8407095","12,6213735"
Librerie Giunti al Punto,bookstore,,https://www.giuntialpunto.it/,,Rome,"41,8840282","12,6071203"
Libri & Idee Roma,bookstore,,http://www.librieidee.com/,,Rome,"41,8669808","12,6272477"
Libri Come - Festa del Libro e della Lettura,print_media,,https://www.auditorium.com/it/festival/libri-come-2025/,,Rome,"41,929705","12,4745488"
Libri Di Biografie,newspaper_and_magazines_store,,https://edizionie100.com/collana/biografie/,,Rome,"41,83692","12,46821"
Libri di ieri,bookstore,,http://libridiieri.it/,,Rome,"41,9269187","12,5149523"
Libri Necessari,bookstore,,http://www.librinecessari.it/,,Rome,"41,8953766","12,4925718"
Libri Scolastici Usati a Domicilio Bookmarket5,bookstore,,Ingen webbplats,,Rome,"41,9073418","12,4567922"
Libri20bis,bookstore,,http://www.oberdanlibri.it/,,Rome,"41,9202028","12,4687537"
LibRidine MaRket,bookstore,,http://studiocampoboario.xoom.it/,,Rome,"41,8756198","12,4799477"
Libriperconcorsi.com,bookstore,,http://Libriperconcorsi.com/,,Rome,"41,901369","12,504205"
Libropoli Roma,bookstore,,http://www.libropoli.com/narrativa-e-saggistica.html,,Rome,"41,8628852","12,4794188"
Liburdi Davide Potature D'alto Fusto,landscaping,,http://www.potatureroma.com/,,Rome,"41,8399218","12,3151003"
LIFE - il Musical,music_venue,,http://www.newmusicalacademy.com/,,Rome,"41,93677","12,51257"
Life 85 Disco Style,dance_club,,http://www.life85.com/,,Rome,"41,9149409","12,4504773"
LIFE Disco,dance_club,,http://www.lifedisco.it/,,Rome,"41,8646495","12,481325"
Life Studio Dance,dance_school,,Ingen webbplats,,Rome,"41,9401","12,544927"
LiFra Associazione Culturale,theatre,,http://www.lifraweb.com/,,Rome,"41,8664515","12,4725737"
Light History Productions,broadcasting_media_production,,http://www.lighthistory.com/,,Rome,"41,9162087","12,4380243"
Lighthouse Harmonies,choir,,https://www.romagospelvoices.com/lighthouse-harmonies/,,Rome,"41,934492","12,51149"
Lignarius Arte E Restauro,art_restoration,,http://www.lignarius.net/,,Rome,"41,8928041","12,5004164"
Lilium Distribution,mass_media,,http://www.liliumdistribution.it/,,Rome,"41,9374399","12,4736625"
Limen otto9cinque,art_gallery,,http://www.limen895.com/,,Rome,"41,8991501","12,5154409"
Limoni Eventi - Discoteche Roma,dance_club,,https://www.discotecheroma.info/,,Rome,"41,942273","12,530501"
Linearmente,arts_and_entertainment,,http://www.linearmenteonlus.org/,,Rome,"41,940738","12,3835293"
Lineartstudio Roma,graphic_designer,,http://www.lineartstudio.it/,,Rome,"41,9019624","12,4128708"
Lipstick Studio,music_production,,http://lipstickstudio.maurolamanna.it/,,Rome,"41,8328805","12,5619763"
Liquix.Studio,movie_television_studio,,http://www.liquix.studio/,,Rome,"41,8236869","12,4869933"
Lista Giancarlo - Discoteca Roma,dance_club,,http://www.giancarlofranceschini.it/,,Rome,"41,79035","12,53203"
Lista Luna,dance_club,,Ingen webbplats,,Rome,"41,91889","12,50113"
Liszt AndFriends Rome,music_venue,,Ingen webbplats,,Rome,"41,8991426","12,4723304"
Lithos Libreria Editrice,bookstore,,https://lithoseditore.wixsite.com/lithos,,Rome,"41,907802","12,5182618"
Litografia Bulla,arts_and_entertainment,,http://www.litografiabulla.com/,,Rome,"41,9086426","12,4748341"
LM Scuolaccademica,dance_school,,http://www.luanamanni.it/,,Rome,"41,7793729","12,3569112"
Lo Medico Enzo,bookstore,,Ingen webbplats,,Rome,"42,0688532","12,3336983"
Lo Potere,theatre,,http://www.formi4.it/wordpress,,Rome,"41,8933354","12,481848"
Lo Scrittoio di Salvo Parrello,art_gallery,,Ingen webbplats,,Rome,"41,8763982","12,4538908"
Lo Sfizio,dance_club,,http://www.romaporteaperte.com/,,Rome,"41,9458011","12,5261929"
Lo Studio D'arte Via Del Pellegrino 44,art_gallery,,http://www.lostudiodarte.com/,,Rome,"41,896361","12,4714097"
Lo studio dell'attore,theatre,,http://www.teatromarconi.it/,,Rome,"41,84688","12,47553"
LoaDistrict,music_production,,http://loadistrict.com/,,Rome,"41,91154","12,54213"
Locale notturno Midnight,dance_club,,http://www.nightsign.net/midnightclub/locale.htm,,Rome,"41,9652389","12,5193974"
Locali Roma,dance_club,,http://www.jtcafe.com/,,Rome,"41,814064","12,570641"
Locanda Blues,music_venue,,Ingen webbplats,,Rome,"42,03355","12,42816"
Loft - Fleming,dance_club,,https://www.loft855.it/,,Rome,"41,9514468","12,4834247"
Loft Barrio Arte,arts_and_entertainment,,http://www.barrioarte.com/,,Rome,"41,926659","12,536655"
Loft romantico la casa di Giulia a Roma,art_gallery,,https://www.airbnb.it/rooms/9677348?bev_ref=1447704007_uO6uxVS5zMEDgy8y&photo=2&s=3,,Rome,"41,898446","12,4668592"
LOFT4 - La cantina milonguera,arts_and_entertainment,,Ingen webbplats,,Rome,"41,75408","12,33027"
LoMa-Dance Corsi Di Danza,dance_school,,Ingen webbplats,,Rome,"41,7811271","12,3650971"
London Bus Roma,arts_and_entertainment,,http://www.festedivertenti.it/,,Rome,"41,8915577","12,2500289"
Look-ed Model Management,media_agency,,Ingen webbplats,,Rome,"41,8964058","12,457568"
LOOP Music Factory,music_venue,,http://loop.fusolab.net/,,Rome,"41,8911413","12,5493445"
Lorenfa,arts_and_entertainment,,http://www.lorenfa.com/,,Rome,"41,8989659","12,453206"
Los Compadres,dance_club,,http://www.loscompadres.it/,,Rome,"41,8965517","12,5185155"
LostWay Produzioni,movie_television_studio,,https://www.lostwayproduzioni.com/,,Rome,"41,8779326","12,5425873"
Lotta libreria,bookstore,,Ingen webbplats,,Rome,"41,7872646","12,4324475"
Lotto20 Garbatella,cultural_center,,http://www.lotto20.eu/,,Rome,"41,8665762","12,4922829"
Lottounico,cultural_center,,http://www.lottounico.it/,,Rome,"41,8874228","12,521916"
Loups Garoux Produzioni,cinema,,http://www.loups.it/,,Rome,"41,8992407","12,4701445"
LRS Factory - Recording & Mastering Solutions,music_production,,http://www.lrsfactory.com/,,Rome,"41,916933","12,4569753"
LSD Edizioni,theatre,,http://www.lsdedizioni.it/contatti/,,Rome,"41,9273182","12,4412764"
LSDlibri.it - la Rivoluzione dei Libri Scolastici Usati,bookstore,,http://www.lsdlibri.it/,,Rome,"41,9239735","12,4125389"
Luce per la didattica,movie_television_studio,,http://www.luceperladidattica.com/,,Rome,"41,84954","12,57435"
Luciano Donda e Cinzia Lombardi,dance_school,,http://romatango.it/#contact,,Rome,"41,843853","12,4855716"
LUCIO VIRZI' FOTOGRAFO,photography_store_and_services,,http://www.360roma.it/,,Rome,"41,86299896","12,49997234"
Ludoteca Il Piccolo Principe,music_school,,https://www.ludotecailpiccoloprincipe.com,,Rome,"41,7882556","12,5192467"
Lulifilm,cinema,,http://www.lulifilm.net/,,Rome,"41,89521","12,46039"
Lumina Studios Roma,cinema,,Ingen webbplats,,Rome,"41,9977044","12,4721888"
Lupa Capitolina,arts_and_entertainment,,http://www.museicapitolini.org/en,,Rome,"41,8933993","12,4835596"
Lux Vide SPA,cinema,,http://www.luxvide.it/,,Rome,"41,9146895","12,4671452"
Lydia Turchi Xgea Studio,dance_school,,http://www.lydiaturchixgeastudio.com/,,Rome,"41,9270599","12,4193837"
LYS Extreme,dance_school,,Ingen webbplats,,Rome,"41,8648758","12,5556578"
M. & .C Gelardini Arte srl,art_gallery,,http://www.gelardiniaste.it/,,Rome,"41,913193","12,4493229"
M.U.Ro. Museo di Urban Art di Roma,art_museum,,Ingen webbplats,,Rome,"41,850555","12,54927"
M'Art Dance Lab,dance_school,,http://www.martdancelab.it/,,Rome,"41,8700301","12,5878496"
M2O Radio,broadcasting_media_production,,http://www.m2o.it,,Rome,"41,8662811","12,4961151"
M74_post,cinema,,http://www.m74post.com/,,Rome,"41,9077846","12,4676306"
Ma che freddo fa,jazz_and_blues,,http://www.abemusanpietro.it/,,Rome,"41,895152","12,450406"
MA.NI. Grafiche,graphic_designer,,http://www.manigrafiche.it/,,Rome,"41,852478","12,415918"
Maam,art_museum,,http://www.museomaam.it,,Rome,"41,8938687","12,5954446"
MACRO - Museo d'Arte Contemporanea Roma,museum,,http://www.museomacro.it/,,Rome,"41,9134513","12,5029549"
Macro Contemporary Art Museum,art_museum,,https://www.museomacro.it/,,Rome,"41,91609","12,50227"
MACRO Museum of Contemporary Art of Rome Roma,museum,,http://www.macro.roma.museum,,Rome,"41,912739","12,502075"
MACRO Testaccio,museum,,http://www.museomacro.org/,,Rome,"41,8757141","12,4731696"
Mad Music Roma,music_school,,https://www.madmusicroma.com/,,Rome,"41,8007187","12,4280062"
MAd'O - Museo dell'Atto di Ospitalità,museum,,Ingen webbplats,,Rome,"41,89116","12,51033"
Madama Louise,print_media,,http://www.madamalouise.com/,,Rome,"41,92206","12,51293"
Madison Cinemas Roma,cinema,,http://www.cinemamadison.it,,Rome,"41,853415","12,4793038"
Madville - Scuola di Musica,music_school,,http://www.madville.it/,,Rome,"41,9080843","12,418725"
Maestro Nicosia,art_museum,,http://www.maestronicosia.com/,,Rome,"41,9070027","12,4779444"
MAG - Movimento Artistico Giovanile,theatre,,http://www.movimentomag.com/,,Rome,"41,9361464","12,5113309"
Magazzino,art_gallery,,https://magazzino.gallery/,,Rome,"41,9024309","12,476817"
Magazzino Dei Semi,arts_and_entertainment,,https://www.youtube.com/channel/UCQybu-I3PFDSTyzwURBNB1w,,Rome,"41,7300418","12,285912"
Magia dell'Opera,theatre,,http://www.lamagiadellopera.it/,,Rome,"42,0079193","12,3699198"
Magic BlueRay,arts_and_entertainment,,http://www.magicblueray.it/,,Rome,"41,869667","12,4483704"
Magic Fly Discoteca,dance_club,,https://www.magicfly.it/,,Rome,"41,972681","12,442264"
Magic Sound Bullicante,music_and_dvd_store,,http://magicsoundroma.it/,,Rome,"41,8874837","12,5430363"
Magicamente Plastica,theatrical_productions,,Ingen webbplats,,Rome,"41,7126629","12,449183"
Magico Valentino,theatre,,http://www.magicovalentino.com/,,Rome,"41,9413054","12,5639548"
MagmaLab,theatre,,http://www.teobellia.it/,,Rome,"41,90454","12,4646"
MAGR - Museo Abusivo Gestito dai Rom,museum,,http://www.999contemporary.com/exmiralanza/,,Rome,"41,867875","12,4710596"
MAH club,music_venue,,http://www.mahclub.it/,,Rome,"41,9077883","12,6923196"
Maison Bosi,art_gallery,,https://www.maisonbosi.com/,,Rome,"41,9090146","12,4791461"
Maison Musée Dorée,museum,,http://www.xn--maisonmusedore-jkbe.com/,,Rome,"41,8968275","12,4905969"
Maja Arte Contemporanea,art_gallery,,https://www.majartecontemporanea.com/,,Rome,"41,8963744","12,4691175"
"makeup effetti speciali, corsi",commissioned_artist,,http://larokspfx.it/,,Rome,"41,8822767","12,5021503"
Makinarium,movie_television_studio,,http://www.makinarium.it/,,Rome,"41,84954","12,57435"
Makkekomiko,arts_and_entertainment,,www.makkekomiko.it,,Rome,"41,8807308","12,4745825"
Maksim Gorshkov,art_gallery,,https://www.singulart.com/en/artist/maksim-gorshkov-36475?ref=ts,,Rome,"41,90241","12,48698"
Mama Produzioni laboratorio artistico,arts_and_entertainment,,http://www.mamaproduzioni.it/,,Rome,"41,8842434","12,4204489"
MaMa School Dance,art_school,,http://www.mamaschooldance.it/,,Rome,"41,9467766","12,5453863"
Mamborico Dance Movement,dance_school,,Ingen webbplats,,Rome,"41,91744","12,56433"
Mamborico Roma Nord,dance_school,,Ingen webbplats,,Rome,"41,9104443","12,4027252"
MAME Museo Nazionale dell'Alto Medioevo,history_museum,,http://www.museocivilta.beniculturali.it/musei/museo-alto-medioevo.html,,Rome,"41,831851","12,471959"
Mammanannapappacacca,mass_media,,http://www.mammanannapappacacca.it/,,Rome,"41,8790375","12,5343231"
Mamug1878 -  Casa Museo Accademia Musumeci Greco,museum,,http://www.casamuseoaccademiamusumecigreco.it/,,Rome,"41,89904","12,47771"
Mandalica Associazione Ri-Creativa Culturale,cultural_center,,Ingen webbplats,,Rome,"41,90312","12,43786"
Mangarake,bookstore,,https://mangarakeroma.it/,,Rome,"41,7945264","12,4469943"
Manicomio Latino,dance_school,,Ingen webbplats,,Rome,"41,81499","12,50596"
manueldesimone77,newspaper_and_magazines_store,,Ingen webbplats,,Rome,"41,88837","12,56524"
ManuFactory CERAMICHE ARTISTICHE,arts_and_crafts,,http://www.manufactory.it/,,Rome,"41,8819532","12,5017814"
Map to the Stars,broadcasting_media_production,,http://www.maptothestars.it/,,Rome,"41,8842511","12,5371191"
Maqueta Records,record_label,,http://www.maqueta.it/,,Rome,"41,8949579","12,4999541"
Marco Aurelio,bookstore,,Ingen webbplats,,Rome,"41,91905","12,46184"
Marco Evola Maestro e Dj di Tango,dance_school,,Ingen webbplats,,Rome,"41,8849014","12,4555395"
Maregrafico,screen_printing_t_shirt_printing,,http://Www.maregrafico.it/,,Rome,"41,8885255","12,5402288"
Màrgana - terra di danze,dance_school,,http://www.marganaterradidanze.it/,,Rome,"41,8811773","12,4240863"
Margana41,arts_and_entertainment,,http://www.salamargana.it/,,Rome,"41,894378","12,479942"
Margutta Digital International,movie_television_studio,,http://www.marguttadigital.it/,,Rome,"41,9082997","12,4799009"
Marilunadanza,dance_school,,http://www.marilunadanza.com/,,Rome,"41,83248","12,5639"
Marilyn dance,dance_school,,Ingen webbplats,,Rome,"41,8944","12,43845"
Marilyndanceacademy,dance_school,,Ingen webbplats,,Rome,"41,8938315","12,438725"
Marina Gozzi Ceramica,museum,,http://www.marinagozzi.com/,,Rome,"41,89424","12,487451"
Marinelli Studios - Musica,music_production,,http://marinellistudioroma.com/,,Rome,"41,8855058","12,520193"
Mario Pistella Liutaio,arts_and_entertainment,,http://www.pistella.com/contatti/,,Rome,"41,91402","12,522695"
Martini Nadia,bookstore,,Ingen webbplats,,Rome,"41,899303","12,591353"
MARVIN FILM,video_film_production,,,,Rome,"41,9199567","12,4546599"
Mascherino Arte Contemporanea,art_gallery,,http://fotobellocchio.it,,Rome,"41,9035806","12,4587192"
Massenzio Art,community_services_non_profits,,Ingen webbplats,,Rome,"41,8709727","12,4789424"
Massi Arte,art_gallery,,http://www.massiarte.com/,,Rome,"41,935027","12,5293268"
Massimo Edicola,bookstore,,Ingen webbplats,,Rome,"41,89185","12,50186"
Massimo Ferrero Cinemas,cinema,,http://www.ferrerocinemas.com/,,Rome,"41,90626","12,46922"
Massimo Stasi Graphic Designer,graphic_designer,,http://www.massimostasi.it/,,Rome,"41,8804256","12,560903"
Master di primo livello di Composizione Musica per Videogiochi,music_school,,http://www.conservatoriosantacecilia.it/master-di-primo-livello-musica-per-videogiochi/,,Rome,"41,9074204","12,4783999"
Master FIVE Cinematografica,cinema,,http://masterfive.it/,,Rome,"41,9087493","12,5409698"
Master Mixo,radio_station,,https://www.capital.it/programmi/capital-records-pt-1/,,Rome,"41,86644","12,49599"
Master of Rock,music_school,,http://www.federvaler.com/,,Rome,"41,90238","12,53862"
Master Suono,broadcasting_media_production,,http://mastersuono.uniroma2.it/,,Rome,"41,8555174","12,6242821"
MateArts,art_school,,http://www.matearts.com/,,Rome,"41,8846767","12,5116473"
Matèria,art_gallery,,http://www.materiagallery.com/,,Rome,"41,8969668","12,5136803"
Mattatoio Roma,art_gallery,,http://www.mattatoioroma.it/,,Rome,"41,8764942","12,4733563"
Mattia De Luca Gallery,art_gallery,,https://www.mattiadeluca.com/,,Rome,"41,8933137","12,4795657"
Mauro Gennari Salsa,dance_school,,http://www.maurogennarisalsa.it/,,Rome,"41,79293","12,4583"
Mausoleo di Adriano - Roma,museum,,Ingen webbplats,,Rome,"41,9028599","12,46905"
Mausoleo di Cecilia Metella,museum,,Ingen webbplats,,Rome,"41,8520133","12,5208545"
Mausoleo Ossario Garibaldino,museum,,http://www.beniculturali.it/mibac/opencms/MiBAC/sito-MiBAC/Luogo/MibacUnif/Luoghi-della-Cultura/visualizza_asset.html?id=153409&pagename=57,,Rome,"41,8882043","12,465756"
MAXXI - Museo nazionale delle arti del XXI secolo,art_museum,,http://www.maxxi.art/,,Rome,"41,9282765","12,4668413"
MAXXI National Museum of 21st Century Art,art_museum,,http://www.fondazionemaxxi.it,,Rome,"41,9287213","12,4668417"
MAXXI Roma,modern_art_museum,,www.fondazionemaxxi.it,,Rome,"41,9282699","12,4667624"
Mayaclub,dance_club,,http://www.clubprivemaya.it/,,Rome,"42,00036","12,45355"
Mazda Cinema Hall,cinema,,Ingen webbplats,,Rome,"41,9304585","12,4719107"
MB Graphics,graphic_designer,,http://www.mbgraphics.it/,,Rome,"41,7569621","12,3630529"
Mbm Biliardi Srl Semplificata,cinema,,Ingen webbplats,,Rome,"41,8917613","12,5067409"
MC Guitar - modern lessons & creative solutions,music_school,,http://www.mcguitarstudio.com/,,Rome,"41,8640335","12,4706992"
Mcgrafic,graphic_designer,,http://www.mcgrafic.com/,,Rome,"41,808799","12,478141"
"MCR Art's Factory - Eventi, Teatro, Musica",theatre,,http://www.mcrartsfactory.com/,,Rome,"41,87894","12,51359"
MDF,graphic_designer,,http://www.servicemdf.it/,,Rome,"41,875942","12,503124"
ME.SIA S.PACE - Arte Contemporanea,arts_and_entertainment,,https://romeartweek.com/it/strutture/?code=MQESXP,,Rome,"41,8776111","12,5033149"
Mealli Grafica,graphic_designer,,http://www.mealligrafica.it/,,Rome,"41,8478104","12,5903926"
Meccanica Sonora,music_school,,http://www.massimotiburzi.com/,,Rome,"41,910113","12,516651"
Med Hakim Art,art_museum,,https://youtube.com/channel/UCkMOxAeTpI5PlpYdTp70gBQ,,Rome,"41,8638218","12,4698187"
Medfilm Festival Onlus,cinema,,http://www.medfilmfestival.org/,,Rome,"41,9117457","12,5015713"
Media Fenix Group,movie_television_studio,,https://www.mediafenixgroup.com/,,Rome,"41,9380771","12,4415123"
Media Production Srl,mass_media,,http://www.mediaproductiontv.it/,,Rome,"41,9129457","12,4734388"
Media2be,broadcasting_media_production,,http://www.media2be.it/,,Rome,"41,8189873","12,4590314"
Mediacam,broadcasting_media_production,,http://www.mediacam.net/,,Rome,"41,89117","12,53342"
MediaMai,broadcasting_media_production,,http://www.mediamai.it/,,Rome,"41,9153499","12,45956"
Mediaset Palatino,broadcasting_media_production,,http://www.mediaset.it,,Rome,"41,886142","12,492589"
Mediasfera | Agenzia di comunicazione,newspaper_and_magazines_store,,http://www.mediasfera.it/,,Rome,"41,89462973","12,443306"
Mediasfera s.r.l.,newspaper_and_magazines_store,,http://www.mediasfera.it/,,Rome,"41,8944661","12,4432222"
Medicalinformation.it,bookstore,,http://www.medicalinformation.it/,,Rome,"41,9094055","12,5108576"
Medichini Clodio Formazione,bookstore,,http://www.medichini.it/,,Rome,"41,9157795","12,4531503"
Medichini Lepanto,bookstore,,https://www.medichinilepanto.it/,,Rome,"41,9111575","12,4662045"
Medichini Lex,bookstore,,Ingen webbplats,,Rome,"41,910779","12,464469"
Medina Art Gallery Roma,art_gallery,,http://bit.ly/3Oa22Lv,,Rome,"41,8921177","12,5008716"
Mediterranea Productions,cinema,,http://www.mediterraneaproductions.it/index.php,,Rome,"41,9138794","12,4681396"
meetatrome,media_agency,,http://www.meetrome.it/,,Rome,"41,8995765","12,5202188"
Meeting Studios Srl,art_gallery,,http://www.meetingstudios.com/,,Rome,"41,92987","12,60942"
Melanchòlia Teatro,theatrical_productions,,Ingen webbplats,,Rome,"41,82898","12,62351"
Melody Music School,music_school,,http://www.scuolacantomusicarecitazione.com/,,Rome,"41,8747803","12,507057"
Melody Records,music_production,,http://www.melodymusicschool.it/,,Rome,"41,8751012","12,5084109"
Melting Pot,radio_station,,http://www.radiocittaperta.it/,,Rome,"41,90656","12,54676"
Memorie della Viscosa di Roma,history_museum,,http://www.archivioviscosa.org/,,Rome,"41,8922232","12,5360219"
Menabò,art_school,,https://menabospaziocreativo.com/,,Rome,"41,8531067","12,5607578"
Menexa,graphic_designer,,https://menexa.eu/,,Rome,"41,8960622","12,4686966"
Menti Associate,arts_and_entertainment,,http://www.mentiassociate.com/,,Rome,"41,824826","12,4755001"
Mercati di Traiano - Museo dei Fori Imperiali,history_museum,,http://www.mercatiditraiano.it/,,Rome,"41,89562","12,4861679"
Mercatino dei libri usati di Tor Vergata,bookstore,,http://www.altroateneo.info/mercatino-del-libro-usato/,,Rome,"41,853487","12,604827"
Mercatino Giapponese,comic_books_store,,https://www.mercatinogiapponese.it/,,Rome,"41,82446","12,56314"
Mercato di Via Sannio,cinema,,Ingen webbplats,,Rome,"41,8840158","12,507424"
Mercato Libri Usati Colli Albani,bookstore,,http://www.libriscolasticiroma.it/,,Rome,"41,8682266","12,5320959"
Merlo Recording Studio,music_production,,http://www.merlorecordingstudio.com/,,Rome,"41,8551838","12,4058292"
Mescalito Film,cinema,,http://www.mescalitofilm.com/,,Rome,"41,92","12,49717"
Metal It - www.metal.it,mass_media,,http://www.metal.it/,,Rome,"41,8586304","12,4173832"
Metallo PeNsante,radio_station,,https://anchor.fm/metallopensante,,Rome,"41,8726309","12,5286595"
Metis Teatro,theatre,,https://www.metisteatro.it/contatti/,,Rome,"41,886731","12,5190983"
Mi Alma Libre,salsa_club,,Ingen webbplats,,Rome,"41,8719666","12,4561449"
Mi Locura,dance_school,,http://www.conceptlabroma.it/,,Rome,"41,85974","12,60012"
MIA Mercato Internazionale Audiovisivo,movie_television_studio,,http://www.miamarket.it/en,,Rome,"41,91699","12,45924"
Mia Progetto Musica,music_school,,Ingen webbplats,,Rome,"41,9152041","12,4569788"
MIAC,museum,,http://www.museomiac.it/,,Rome,"41,8508253","12,5737418"
Mial Vision,mass_media,,https://www.mialvision.com/,,Rome,"41,895861","12,4783873"
Miami Vice The Radio,radio_station,,http://www.miamiviceradio.it/,,Rome,"41,87041","12,51836"
Michael's gate museum,arts_and_entertainment,,http://www.michaelsgatemuseum.com/,,Rome,"41,9063799","12,4925512"
MiChaelangeL,art_gallery,,http://www.michaelangel.it/,,Rome,"41,8992357","12,4701858"
Michelle Production Group,movie_television_studio,,http://www.michelleproductiongroup.it/,,Rome,"41,9087277","12,5409275"
Micro,art_gallery,,http://www.microartivisive.it/,,Rome,"41,9179812","12,4690442"
MidiWare,music_production,,http://www.midiware.com/,,Rome,"41,9754851","12,4252159"
Mignon Multisala,cinema,,https://mignon.multisalagreenwichroma.com/,,Rome,"41,9117652","12,4983565"
Mikevents - Entertainment & Show Production,arts_and_entertainment,,http://www.mikevents.it/,,Rome,"41,9053728","12,4680115"
Milano Canio,bookstore,,Ingen webbplats,,Rome,"41,8751976","12,5051402"
MILK - Minds In a Lovely Karma,broadcasting_media_production,,https://milkstudios.it/,,Rome,"41,9354243","12,4366441"
Milkshake Party,dance_club,,http://www.milkshakeparty.it/,,Rome,"41,83435","12,46996"
Millenium Audio Recording di Fabio Ferri,music_production,,https://www.milleniumaudiorecording.it/studio/about-us/,,Rome,"41,9305674","12,4671137"
Millennium Dance School,dance_school,,Ingen webbplats,,Rome,"41,8799773","12,5204588"
Millerecords,music_and_dvd_store,,http://www.millerecords.it/,,Rome,"41,8914627","12,5023101"
Milleunavoce,dance_school,,http://www.milleunavoce.it/,,Rome,"41,9480669","12,4624068"
Milonga El Arrabal - Vida Tanguera,dance_club,,Ingen webbplats,,Rome,"41,921172","12,5522792"
Milonga Garage,arts_and_entertainment,,Ingen webbplats,,Rome,"41,8740693","12,4692969"
Milonga Popolare 100Celle,arts_and_entertainment,,http://www.lsa100celle.org/events/categoria/teatro/elenco/?tribe_event_display=past&tribe_paged=2,,Rome,"41,8784841","12,5590679"
Milonga Salone delle Fontane,arts_and_entertainment,,https://www.tangoinprogress.it/,,Rome,"41,80782","12,43806"
Milonga Sentimental e Scuola Tango Roma,arts_and_entertainment,,Ingen webbplats,,Rome,"41,8785411","12,5347254"
Milonga Zanussi,dance_club,,http://www.dancingzanussi.it/,,Rome,"41,8812483","12,5098926"
Mimma Mercurio - Scuola Meditango Tcm asd,dance_school,,http://www.meditango.com/,,Rome,"41,9077938","12,523583"
Minerva House,art_gallery,,Ingen webbplats,,Rome,"41,8977382","12,4767542"
Minerva Pictures,movie_television_studio,,http://www.minervapictures.com/,,Rome,"41,8822188","12,4820836"
Minestrone D'Arte   aps  asd,theatre,,https://www.minestronedarte.com/,,Rome,"41,943551","12,4244084"
MINI D'ADA,music_venue,,https://www.villaada.org/,,Rome,"41,9349285","12,504825"
Mintadi,museum,,http://de.wikipedia.org/wiki/index.html?curid=8572959,,Rome,"41,832222","12,471389"
Minù,arts_and_entertainment,,http://circolodegliilluminati.it/,,Rome,"41,864696","12,480912"
MIPLAE SRL,landscape_architect,,http://www.miplae.it/,,Rome,"41,82972615","12,61413622"
Mirabilia - Art gallery,art_gallery,,http://www.mirabiliagallery.com/,,Rome,"41,8909842","12,4845758"
Miss Music Roma,music_venue,,http://www.missmusicroma.it/,,Rome,"41,8563244","12,5670113"
Missclickfoto,photography_store_and_services,,http://www.missclick.it/,,Rome,"41,9426699","12,5207998"
Mississippi Music School,music_school,,http://www.mississippimusicschool.it,,Rome,"41,9043685","12,4592725"
Mistaker,arts_and_entertainment,,http://www.studiomistaker.com/,,Rome,"41,9208536","12,5004122"
Mister Dancing Roma - Dance Studio,dance_school,,https://it.misterdancinginternational.com/mr-dancing-roma,,Rome,"41,913111","12,505183"
Mister Songs,music_venue,,http://www.mistersongs.it/,,Rome,"41,9074026","12,4501628"
Misty Lane Shop,music_production,,www.mistylanemusic.com,,Rome,"41,9249083","12,4279529"
Mitreo di Santa Prisca,museum,,Ingen webbplats,,Rome,"41,8831232","12,4835522"
Mitreo-ArteContemporanea,art_gallery,,http://www.mitreoiside.com/,,Rome,"41,8501055","12,4131636"
Mix Studios,movie_television_studio,,https://mixstudios.it/,,Rome,"41,9127542","12,4534886"
MixiLab,music_production,,https://linktr.ee/Mixilab,,Rome,"41,8025756","12,4676431"
Mizuki Isabella Navarro,cinema,,Ingen webbplats,,Rome,"41,8441161","12,5995807"
MLAC - Museo Laboratorio di Arte Contemporanea,museum,,http://www.museolaboratorioartecontemporanea.it/,,Rome,"41,9032998","12,5157546"
MM Productions Srl,movie_television_studio,,https://www.mmproductions.it/,,Rome,"41,9030156","12,4123001"
MMB Studios - Scuola di Musica e Sale Prova,music_school,,http://www.mmbstudios.com,,Rome,"41,8631764","12,4707726"
MMC Edizioni,newspaper_and_magazines_store,,https://www.mmcedizioni.it/,,Rome,"41,81584417","12,59608303"
mmFACTORY,music_production,,http://www.mmfactory.it/,,Rome,"41,9151999","12,4569938"
MMI Roma,music_school,,http://www.modernmusicinstitute.net/,,Rome,"41,8707651","12,5166211"
MOA- Il Museo dell’Oltre e dell’Altro,museum,,Ingen webbplats,,Rome,"41,7560688","12,3626768"
MOB Studios,music_production,,https://mobstudios.it/,,Rome,"41,8740598","12,4781588"
MOBA Recording Studio,music_production,,Ingen webbplats,,Rome,"41,8785497","12,652954"
Moby Dick - Biblioteca Hub Culturale,library,,https://linktr.ee/hubmobydick,,Rome,"41,8630773","12,4855334"
MOCAFILM.it,movie_television_studio,,http://www.obiettivocinema.com/,,Rome,"41,8722525","12,4551744"
Mocagency Promopress,graphic_designer,,http://www.mocagency.it/,,Rome,"41,864691","12,42243"
Mocobo centro culturale,cultural_center,,http://www.mocobo.com/,,Rome,"41,8713414","12,482428"
Modulo,art_gallery,,http://saradavidovics.com/,,Rome,"41,99992","12,48049"
Mokà,newspaper_and_magazines_store,,http://www.chefexpress.it/,,Rome,"41,91152283","12,53194558"
Molinari Art Center,theatre,,Ingen webbplats,,Rome,"41,8662057","12,4654732"
Molly Coppini,art_school,,http://mollycoppini.it/,,Rome,"41,9031455","12,4955842"
MoMa Lab_store,art_gallery,,http://instagram.com/momalab_store,,Rome,"41,921539","12,501605"
Momento Danza - Roma,dance_school,,http://www.momentodanza.it/,,Rome,"41,892681","12,556751"
MomentuM Glass,glass_blowing,,https://www.Instagram.com/momentumglass,,Rome,"41,8974162","12,4751106"
Mondadori,bookstore,,Ingen webbplats,,Rome,"41,9017143","12,5043814"
Mondadori,bookstore,,Ingen webbplats,,Rome,"41,9130797","12,6620337"
Mondadori Bookstore,bookstore,,http://www.mondadoristore.it/negozi/punti-vendita/Mondadori-Bookstore-Libreria-Mondadori-ROMA-Via-Appia/1514/,,Rome,"41,8844886","12,511359"
Mondadori Bookstore,bookstore,,http://www.mondadorituscolanaroma.it/,,Rome,"41,86034","12,5564272"
Mondadori Bookstore,bookstore,,http://www.mondadoristore.it/negozi/punti-vendita/Mondadori-Bookstore-Libreria-Mondadori-ROMA-CASALBERTONE/1661/,,Rome,"41,89904","12,5323761"
Mondadori Bookstore,vinyl_record_store,,https://www.mondadoristore.it/negozi/punti-vendita/Mondadori-Bookstore-Roma-Pollio/1661/,,Rome,"41,8991855","12,5327741"
Mondadori Bookstore,vinyl_record_store,,https://www.mondadoristore.it/negozi/punti-vendita/Mondadori-Bookstore-Roma-Enrico-Ferri/1100/,,Rome,"41,8506205","12,5990626"
Mondadori Bookstore,vinyl_record_store,,https://www.mondadoristore.it/negozi/punti-vendita/Mondadori-Bookstore-Roma-Collatina/1788/,,Rome,"41,9133875","12,6498752"
Mondadori Bookstore,bookstore,,http://www.mondadoristore.it/negozi/punti-vendita/Mondadori-Bookstore-Libreria-Mondadori-PONTE-DI-NONA/1460/,,Rome,"41,9208","12,66146"
Mondadori Bookstore,bookstore,,Ingen webbplats,,Rome,"41,7140455","12,4455337"
Mondadori Bookstore,bookstore,,http://www.mondadoristore.it/negozi/punti-vendita/Mondadori-Bookstore-Libreria-Mondadori-ROMA-Vle-Europa/1505/,,Rome,"41,8320431","12,4644845"
Mondadori Bookstore,bookstore,,Ingen webbplats,,Rome,"41,9025279","12,4389162"
Mondadori Bookstore,bookstore,,http://www.mondadoristore.it/negozi/punti-vendita/Mondadori-Bookstore-Libreria-Mondadori-ROMA-P.zza-Cola/1512/,,Rome,"41,9086304","12,4670018"
Mondadori Bookstore Caput Mundi,newspaper_and_magazines_store,,https://www.mondadoristore.it/,,Rome,"41,8995091","12,4597988"
Mondadori Bookstore Giolitti,bookstore,,http://WWW.discotecalaziale.com/,,Rome,"41,8972475","12,5057377"
Mondadori Bookstore Ostia,bookstore,,Ingen webbplats,,Rome,"41,7390345","12,2798763"
Mondadori Bookstore Roma Galleria Sordi,bookstore,,https://www.mondadoristore.it/negozi/punti-vendita/Mondadori-Bookstore-Roma-Gas/42283/,,Rome,"41,9010884","12,480652"
Mondadori Bookstore San Cesareo,bookstore,,Ingen webbplats,,Rome,"41,8814947","12,5391381"
Mondadori Bookstore Torrevecchia,bookstore,,Ingen webbplats,,Rome,"41,9336292","12,4193049"
Mondadori Media Store,music_and_dvd_store,,Ingen webbplats,,Rome,"41,9034833","12,4793585"
Mondadori Megastore,bookstore,,http://www.mondadoristore.it/negozi/punti-vendita/Mondadori-Bookstore-Libreria-Mondadori-ROMA-Via-Ferri/1100/,,Rome,"41,8507682","12,5999385"
Mondadori Point,bookstore,,http://www.mondadoristore.it/negozi/regioni/,,Rome,"41,8721686","12,4446843"
Mondadori Roma Tiburtina,bookstore,,Ingen webbplats,,Rome,"41,9084269","12,5432877"
Mondi Sonori Acilia,music_school,,http://www.mondisonori.it/,,Rome,"41,7862237","12,3742858"
Mondo Carta,bookstore,,Ingen webbplats,,Rome,"41,8631424","12,4565925"
Mondo Dell'Arte Roma,art_gallery,,http://www.givartroma.org/,,Rome,"41,9132369","12,5711924"
Mondo Mostre - Arcimboldo Roma,art_museum,,http://www.arcimboldoroma.it/,,Rome,"41,90155","12,49151"
Mondo Musica,art_school,,http://www.mondomusica.info/,,Rome,"41,7395335","12,2737392"
Mondo Musica Acilia,music_school,,http://www.imusicanti.org,,Rome,"41,7861154","12,3743591"
MondoMostre,art_museum,,http://mondomostre.it/,,Rome,"41,8970169","12,4748728"
Mondoperaio Rivista,print_media,,http://www.mondoperaio.net/,,Rome,"41,8976685","12,4782137"
Mondrian Suite,art_gallery,,http://mondriansuitegallery.blogspot.co.uk,,Rome,"41,8973589","12,513747"
Monitor Rome Lisbon Pereto,art_gallery,,http://www.monitoronline.org/,,Rome,"41,8983261","12,4674618"
MONK Roma,dance_club,,http://www.monkroma.it/,,Rome,"41,903744","12,5388251"
Monogramma Arte Contemporanea,art_gallery,,http://www.monogramma.it/,,Rome,"41,9091968","12,4788741"
Mons Art Stage,arts_and_entertainment,,Ingen webbplats,,Rome,"41,8972459","12,4726159"
Monserrato Arte 900,art_gallery,,http://it-it.facebook.com/Monserrato-Arte-900-168087143208008,,Rome,"41,897112","12,468572"
Monteverdelegge - Plautilla,library,,http://mvl-monteverdelegge.blogspot.it/,,Rome,"41,8811","12,45974"
Monti&Taft,museum,,http://www.monti-taft.org/,,Rome,"41,8823812","12,4843218"
Montoro12 Contemporary Art,arts_and_entertainment,,http://www.m12gallery.com/,,Rome,"41,896423","12,470237"
MOOD Club Rome,dance_club,,Ingen webbplats,,Rome,"41,8973348","12,4710147"
MOODY BEAT,music_school,,http://www.moodybeat.it/,,Rome,"41,8733381","12,6203958"
Moon Voice Recording Studio,arts_and_entertainment,,http://www.reverbnation.com/moonvoicerecordingstudio,,Rome,"41,8170623","12,4739446"
Morpheus,dance_club,,Ingen webbplats,,Rome,"41,86597","12,61701"
MOSCOT Shop,photography_store_and_services,,https://it.moscot.com/,,Rome,"41,9068541","12,4606466"
MossRoma,arts_and_entertainment,,http://www.mossroma.it/,,Rome,"41,8261313","12,5081287"
Mostra di Leonardo Da Vinci - Roma Palazzo della Cancelleria,museum,,http://www.mostradileonardo.com/,,Rome,"41,8965566","12,4714308"
Mostre Palazzo Bonaparte,art_museum,,http://www.mostrepalazzobonaparte.it/,,Rome,"41,8968421","12,4819351"
Mottoscarabocchio,print_media,,http://www.mottoscarabocchio.it/,,Rome,"41,9343291","12,5274718"
Mounts,movie_television_studio,,https://www.youtube.com/channel/UC9LPF9dZ55kxSxNczq5p8Ow,,Rome,"41,87417","12,46833"
Move art,dance_school,,Ingen webbplats,,Rome,"41,8622398","12,5672042"
Movement Sport Academy Roma,dance_school,,Ingen webbplats,,Rome,"41,86401","12,68318"
Movida Studio Danza,dance_school,,https://www.instagram.com/movidastudiodanza,,Rome,"41,93686","12,5577593"
Movie Factory,broadcasting_media_production,,http://www.moviefactorysrl.com/,,Rome,"41,929184","12,4615404"
Moviheart,broadcasting_media_production,,http://www.moviheart.com/,,Rome,"41,9124127","12,4688579"
Movimento Arte Danza,dance_school,,Ingen webbplats,,Rome,"41,77936","12,34261"
Movinbeat LAB,dance_school,,Ingen webbplats,,Rome,"41,87138","12,41897"
MP Eventi Musica e Cultura,music_venue,,Ingen webbplats,,Rome,"41,9479212","12,4674229"
Mr Kaos,cinema,,http://www.mrkaos.it/,,Rome,"41,86103058","12,4458704"
Mr. Afterparty,mass_media,,https://www.mrafter.party/,,Rome,"41,8445206","12,4995728"
MSPD Studios,dance_school,,http://www.mspdstudios.com/,,Rome,"41,87821","12,52631"
Mu.ga+Merzbau,art_gallery,,http://www.muga.it/,,Rome,"41,8981322","12,4664935"
Muccassassina,dance_club,,http://www.muccassassina.com,,Rome,"41,89728","12,539971"
Mucciaccia Art,art_gallery,,http://www.galleriamucciaccia.com/,,Rome,"41,9035249","12,4764876"
Muef Artgallery,art_gallery,,Ingen webbplats,,Rome,"41,8908864","12,4997168"
"Multisala Adriano, Piazza Cavour Roma",cinema,,Ingen webbplats,,Rome,"41,9058934","12,4697087"
Multisala Jolly,cinema,,http://www.multisalajolly.com/,,Rome,"41,908695","12,5231367"
Multisala King,cinema,,Ingen webbplats,,Rome,"41,9282607","12,5088274"
Multisala Lux Roma,cinema,,http://www.cinemadiroma.it/,,Rome,"41,9264215","12,5147436"
Multisala Odeon,cinema,,https://www.cinemadiroma.it/,,Rome,"41,9499082","12,4655947"
Muni-8-Musica,music_school,,Ingen webbplats,,Rome,"41,84958","12,49053"
Murga Fest Italia,community_services_non_profits,,Ingen webbplats,,Rome,"41,93914","12,4167"
Murri Mirella,art_school,,http://www.centrottava.it,,Rome,"41,89954","12,43241"
MUSA - Connessioni per la Cultura,cultural_center,,https://www.musabc.it/,,Rome,"41,7713117","12,577149"
Musa Museo degli Strumenti Musicali Dell'Accademia Nazionale di Santa Cecilia,museum,,http://museo.santacecilia.it,,Rome,"41,9289704","12,4753003"
MUSA The Viral Factory,community_services_non_profits,,http://www.musafactory.com/,,Rome,"41,897615","12,513086"
Muse Handpan,music_school,,Ingen webbplats,,Rome,"41,90992","12,51695"
Musée archéologique d'Ostie,museum,,Ingen webbplats,,Rome,"41,7597974","12,301157"
Musee Borghèse,museum,,Ingen webbplats,,Rome,"41,9141163","12,4919669"
Musei Capitolini,museum,,http://cs.wikipedia.org/wiki/Kapitolsk%E1_muzea,,Rome,"41,892995","12,482328"
Musei di Villa Torlonia,art_museum,,http://www.museivillatorlonia.it/,,Rome,"41,9147849","12,5114213"
Musei nazionali Lazio,museum,,https://direzioneregionalemuseilazio.cultura.gov.it/,,Rome,"41,8886","12,51566"
Musei Sapienza,museum,,https://web.uniroma1.it/polomuseale,,Rome,"41,9015","12,51243"
Musei Vaticani,museum,,http://www.museivaticani.va,,Rome,"41,8752757","12,5200949"
Musei Vaticani,art_museum,,http://www.welcome-rome.com/,,Rome,"41,9063889","12,4544444"
Musei Vaticani,museum,,www.museivaticani.va,,Rome,"41,9055341","12,4722558"
museitaliani,museum,,http://www.musei.beniculturali.it/,,Rome,"41,8849106","12,4747181"
Museo Agostinelli,history_museum,,http://www.museoagostinelli.it,,Rome,"41,780027","12,3386127"
Museo Archeologico Nazionale Di Perugia,museum,,Ingen webbplats,,Rome,"41,8734595","12,4602985"
Museo Archivio di Fotografia Storica,museum,,http://www.beniculturali.it/mibac/opencms/MiBAC/sito-MiBAC/Luogo/MibacUnif/Luoghi-della-Cultura/visualizza_asset.html?id=155572&pagename=57,,Rome,"41,8862021","12,4763478"
Museo Barracco,modern_art_museum,,http://www.museobarracco.it/,,Rome,"41,89667","12,47307"
Museo Boncompagni Ludovisi,museum,,https://portale.museiitaliani.it/b2c/#it/buyTicketless/255963d7-e47e-44ed-a990-f18d5a9d1911,,Rome,"41,9086662","12,4951032"
Museo Carlo Bilotti,art_museum,,http://www.museocarlobilotti.it/,,Rome,"41,9133324","12,4832621"
Museo Centrale Del Risorgimento,history_museum,,http://www.risorgimento.it,,Rome,"41,8940011","12,4838674"
Museo Civico del Tempo di Saracinesco,science_museum,,https://www.pregio.org/it/monti-prenestini-valle-giovenzano/museo-del-tempo/19,,Rome,"41,89014","12,55846"
Museo Civico di Zoologia,science_museum,,https://www.museocivicodizoologia.it/it,,Rome,"41,9193518","12,4885953"
Museo Condominiale di Tor Marancia,museum,,http://www.museotormarancia.it/,,Rome,"41,8557565","12,4974217"
Museo Criminologico,museum,,http://www.museocriminologico.it,,Rome,"41,8976692","12,4666892"
Museo Crocetti,museum,,http://www.museocrocetti.it/,,Rome,"41,959303","12,454472"
Museo D'arte Moderna Roma,modern_art_museum,,Ingen webbplats,,Rome,"41,7537085","12,2908287"
Museo dei dolmen,museum,,http://www.museodeidolmen.it/,,Rome,"41,88379","12,4166"
Museo dei Sognatori,art_museum,,http://www.museodeisognatori.org/,,Rome,"41,908695","12,479313"
Museo del Barbiere,modern_art_museum,,http://www.museodelbarbiere.it/,,Rome,"41,9048","12,48169"
Museo del Calcio Internazionale,museum,,http://www.museodelcalcio.com/,,Rome,"41,8967904","12,498677"
Museo del Corso - Polo Museale,art_museum,,https://museodelcorso.com/,,Rome,"41,89983","12,48136"
Museo Del Pleistocene,museum,,Ingen webbplats,,Rome,"41,9285034","12,5649476"
"Museo del Presepio  ""A. Stefanucci"" - Roma",museum,,https://www.museopresepioroma.it/,,Rome,"41,8942007","12,4878419"
Museo del Tesoro della Basilica di San Pietro,museum,,http://www.vaticanstate.va/content/vaticanstate/it/monumenti/basilica-di-s-pietro/tesoro-di-san-pietro.html,,Rome,"41,9012837","12,4536875"
Museo Del Tesoro Liberiano,museum,,http://www.museoliberiano.net/,,Rome,"41,8975249","12,4974883"
"Museo del Vicino Oriente, Egitto e Mediterraneo",museum,,http://mvoem.web.uniroma1.it/,,Rome,"41,9029187","12,515747"
Museo del Vittoriano,art_gallery,,http://www.ilvittoriano.com,,Rome,"41,892693","12,484009"
Museo della Casina delle Civette,history_museum,,http://www.museivillatorlonia.it/casina_delle_civette,,Rome,"41,9141695","12,5128414"
Museo della Civiltà Romana,museum,,http://www.museociviltaromana.it/it/il_museo/storia_del_museo,,Rome,"41,8313303","12,4785275"
Museo della Donna Romana,art_museum,,https://www.instagram.com/museo_della_donna_romana/,,Rome,"41,8700251","12,4990412"
Museo della luce / Museum of Light,museum,,https://museodellaluce.it/,,Rome,"41,8950978","12,4800192"
Museo Della Mente - Ex Manicomio,museum,,Ingen webbplats,,Rome,"41,8962111","12,4229209"
Museo della Radio,museum,,Ingen webbplats,,Rome,"41,8472403","12,596529"
Museo della Repubblica Romana e della Memoria Garibaldina,museum,,http://www.museodellarepubblicaromana.it/,,Rome,"41,8884706","12,4615694"
Museo della scuola romana,museum,,Ingen webbplats,,Rome,"41,9141783","12,5128987"
Museo della Torretta,museum,,http://www.catacombe.roma.it/it/index.php,,Rome,"41,8589568","12,5107232"
Museo della Zecca,museum,,http://www.museozecca.ipzs.it/home.html,,Rome,"41,9432163","12,5078474"
Museo Delle Anime Del Purgatorio,museum,,http://www.vicariatusurbis.org/?page_id=188&ID=53,,Rome,"41,9042762","12,4724901"
Museo delle Auto della Polizia di Stato,museum,,http://museoauto.poliziadistato.it,,Rome,"41,8557895","12,4955645"
Museo delle cere - Roma,museum,,http://www.museodellecere.com/,,Rome,"41,8969952","12,4834923"
Museo delle Civiltà,museum,,https://museocivilta.cultura.gov.it/,,Rome,"41,8325467","12,4718151"
Museo delle Illusioni Roma,museum,,https://moiroma.it/,,Rome,"41,8961969","12,4996665"
Museo delle Macchine da Scrivere,museum,,http://www.museomacchinedascrivere.it/,,Rome,"41,9173632","12,5123875"
Museo delle Mura,history_museum,,http://www.museodellemuraroma.it/,,Rome,"41,8734449","12,5014225"
Museo delle Origini,art_museum,,https://web.uniroma1.it/museoorigini/,,Rome,"41,9014103","12,5123703"
Museo di Anatomia Comparata ,museum,,https://www.instagram.com/museoanatomiacomparatasapienza/,,Rome,"41,90719","12,51525"
Museo di Anatomia Patologica Sapienza,museum,,https://web.uniroma1.it/polomuseale/anatomiapatologica,,Rome,"41,907241","12,513422"
Museo di Casal de' Pazzi,museum,,http://www.museocasaldepazzi.it/,,Rome,"41,9283442","12,5641877"
Museo di Palazzo Venezia,art_museum,,http://museopalazzovenezia.beniculturali.it,,Rome,"41,8961833","12,4815667"
Museo Di Roma - Palazzo Braschi,museum,,Ingen webbplats,,Rome,"41,89636","12,4725"
Museo di Roma in Trastevere,museum,,http://www.museodiromaintrastevere.it/,,Rome,"41,8900098","12,4689902"
Museo di Roma Palazzo Braschi,art_museum,,http://www.museodiroma.it/,,Rome,"41,8972775","12,4727772"
Museo di Storia della Medicina,museum,,http://web.uniroma1.it/museostoriamedicina,,Rome,"41,9048754","12,5138412"
Museo e Biblioteca Lasalliana,library,,https://www.museolasalleroma.org/,,Rome,"41,8982666","12,4232607"
Museo e Cripta dei Cappuccini,museum,,https://linktr.ee/museoecriptacappuccini,,Rome,"41,9049674","12,4885371"
Museo e Galleria Borghese,museum,,Ingen webbplats,,Rome,"41,914233","12,492131"
Museo Ebraico di Roma,history_museum,,http://www.museoebraico.roma.it,,Rome,"41,892","12,478"
Museo Etrusco,history_museum,,http://www.museivaticani.va/content/museivaticani/es/collezioni/musei/museo-gregoriano-etrusco.html,,Rome,"41,9069874","12,4540897"
Museo Etrusco Valle Giulia,museum,,Ingen webbplats,,Rome,"41,9177616","12,4779634"
Museo Gregoriano Etrusco,museum,,Ingen webbplats,,Rome,"41,9031455","12,4955842"
Museo Gregoriano Profano,art_museum,,http://www.museivaticani.va/content/museivaticani/en/collezioni/musei/museo-gregoriano-profano.html,,Rome,"41,9063587","12,4525902"
Museo Hendrik Christian Andersen,art_museum,,https://portale.museiitaliani.it/b2c/#it/buyTicketless/4e7c2220-041e-42aa-9ffc-e21888df1eff,,Rome,"41,9140733","12,4726539"
Museo Laboratorio d'Arte Tor Bella Monaca,museum,,http://www.santegidio.org/,,Rome,"41,8776703","12,6302214"
Museo Laboratorio della Mente,museum,,http://www.museodellamente.it,,Rome,"41,9403761","12,4167593"
Museo Leonardo da Vinci - Piazza del Popolo,history_museum,,http://www.museodavinci.it/,,Rome,"41,9112762","12,4762722"
Museo Leonardo Da Vinci Experience,museum,,http://leonardodavincimuseo.com/,,Rome,"41,9021425","12,4615772"
Museo Luogo della Memoria IMI,museum,,http://www.anrp.it/,,Rome,"41,8890781","12,5017843"
Museo Magno Merdapostaggio,museum,,Ingen webbplats,,Rome,"41,90702","12,47789"
Museo Mario Praz,art_museum,,http://www.polomusealelazio.beniculturali.it/index.php?it%2F249%2Fcasa-museo-mario-praz,,Rome,"41,9018623","12,4719132"
Museo Maxi,museum,,Ingen webbplats,,Rome,"41,9284073","12,4666758"
"Museo Mineralogia, La Sapienza",art_museum,,http://musmin.geo.uniroma1.it/,,Rome,"41,9012892","12,5132324"
Museo missionario di Propaganda Fide,museum,,http://www.museionline.info/roma-musei-e-monumenti/museo-missionario-di-propaganda-fide,,Rome,"41,9043057","12,4831951"
Museo MORA,museum,,http://www.museomora.it/,,Rome,"41,902488","12,518672"
Museo Napoleonico,museum,,http://www.museonapoleonico.it/,,Rome,"41,9019101","12,4719691"
Museo Nazionale degli Strumenti Musicali,art_museum,,http://museostrumentimusicali.beniculturali.it/,,Rome,"41,8886","12,51566"
Museo Nazionale dell'Emigrazione Italiana,museum,,http://www.museonazionaleemigrazione.it,,Rome,"41,894828","12,482397"
Museo Nazionale delle Arti e Tradizioni Popolari,museum,,http://www.popolari.arti.beniculturali.it,,Rome,"41,8337581","12,4725721"
Museo Nazionale di Castel Sant'Angelo,history_museum,,http://castelsantangelo.beniculturali.it/,,Rome,"41,9030352","12,4663626"
Museo Nazionale Etrusco di Villa Giulia,art_museum,,https://www.museoetru.it/,,Rome,"41,91874139","12,47768541"
Museo Nazionale Etrusco di Villa Giulia,history_museum,,https://www.museoetru.it/,,Rome,"41,9183652","12,4777109"
Museo Nazionale Romano,history_museum,,http://www.museonazionaleromano.beniculturali.it/it/170/palazzo-massimo,,Rome,"41,9014517","12,498218"
Museo Nazionale Romano,art_museum,,http://www.museonazionaleromano.beniculturali.it/,,Rome,"41,9010912","12,4731699"
Museo Nazionale Romano - Palazzo Massimo alle Terme,art_museum,,http://www.museonazionaleromano.beniculturali.it/it/170/palazzo-massimo,,Rome,"41,901908","12,500216"
Museo Nazionale Romano Aula Ottagona,museum,,https://www.beniculturali.it/luogo/museo-nazionale-romano-aula-ottagona-delle-terme-di-diocleziano#apertura,,Rome,"41,903742","12,496002"
Museo Nena,museum,,http://www.museoalfieronena.com/,,Rome,"41,9123444","12,5717581"
Museo Numismatico della Zecca Italiana,museum,,http://www.museozecca.ipzs.it,,Rome,"41,906181","12,497586"
Museo Palatino,museum,,http://www.museopalatino.com,,Rome,"41,8883277","12,4865665"
Museo Pietro Canonica,art_museum,,http://www.museocanonica.it/,,Rome,"41,9147802","12,4862929"
Museo Pio-Cristiano,museum,,http://www.christusrex.org,,Rome,"41,906561","12,4543999"
Museo Preistorico La Polledrara Di Cecanibbio,museum,,Ingen webbplats,,Rome,"41,934438","12,30221"
"Museo Radici del Presente, collezione archeologica Assicurazioni Generali",museum,,http://www.radicidelpresente.it/it,,Rome,"41,8963909","12,4831966"
Museo Renato Zero,museum,,Ingen webbplats,,Rome,"41,8760777","12,4730802"
Museo Storico - Cecchignola,museum,,Ingen webbplats,,Rome,"41,8053098","12,4957252"
Museo Storico dei Bersaglieri,museum,,http://www.esercito.difesa.it/root/musei/museo_bersaglieri.asp,,Rome,"41,9092646","12,501241"
Museo Storico dei Vigili del Fuoco,museum,,Ingen webbplats,,Rome,"41,8784446","12,4786906"
Museo Storico dell'Arma dei Carabinieri,museum,,http://www.carabinieri.it/arma/ieri/museo-storico,,Rome,"41,906307","12,4589941"
Museo Storico della Didattica Mauro Laeng,museum,,http://host.uniroma3.it/laboratori/museodidattica,,Rome,"41,901714","12,505463"
Museo Storico della Fanteria,museum,,http://www.esercito.difesa.it/storia/musei/Museo-Storico-della-Fanteria,,Rome,"41,8895181","12,5159024"
Museo Storico della Fisica e Centro di Studi e Ricerche Enrico Fermi,museum,,http://www.centrofermi.it,,Rome,"41,900056","12,493878"
Museo Storico della Liberazione,museum,,http://www.museoliberazione.it/,,Rome,"41,8887632","12,5063843"
Museo Storico della Motorizzazione Civile,museum,,Ingen webbplats,,Rome,"41,9654592","12,5432657"
Museo storico della motorizzazione militare,museum,,http://www.esercito.difesa.it/root/musei/museo_motorizzazione.asp,,Rome,"41,8052224","12,4980179"
Museo Storico delle Poste e delle Telecomunicazioni,museum,,http://www.museionline.info/roma-musei-e-monumenti/museo-storico-delle-poste-e-delle-telecomunicazioni,,Rome,"41,8326355","12,4624055"
Museo Storico Guardia di Finanza,museum,,http://www.gdf.it/GdF/it/Chi_siamo/Museo_Storico/index.html,,Rome,"41,918611","12,5227457"
Museo Storico Nazionale dell'Arte Sanitaria,museum,,http://www.museionline.info/tipologie-museo/museo-storico-nazionale-dell-arte-sanitaria,,Rome,"41,9011602","12,4626746"
Museo Storico Vaticano,museum,,http://www.vatican.va,,Rome,"41,8866","12,5057"
Museo Tassiano,museum,,http://www.beniculturali.it/mibac/opencms/MiBAC/sito-MiBAC/Luogo/MibacUnif/Luoghi-della-Cultura/visualizza_asset.html?id=151940&pagename=57,,Rome,"41,897314","12,461194"
Museo Vaticano Etnologico,history_museum,,http://www.museivaticani.va,,Rome,"41,9060191","12,4543615"
Museo Vaticano Pasillo De Los mapas,museum,,Ingen webbplats,,Rome,"41,906304","12,45429"
Museo Vatikan,museum,,Ingen webbplats,,Rome,"41,9064211","12,4722803"
Museo Virtuale della Valle del Tevere,museum,,http://www.museovirtualevalletevere.it/,,Rome,"41,9184189","12,4772568"
Museo Zoologico,museum,,Ingen webbplats,,Rome,"41,910581","12,492313"
Museum of Chemistry Primo Levi,museum,,Ingen webbplats,,Rome,"41,9025143","12,5137965"
Museum of Dreamers,museum,,https://museumofdreamers.com/rome-exhibition/,,Rome,"41,9187111","12,4588237"
Music 1284,music_school,,https://djacademyroma.it/,,Rome,"41,987788","12,4108233"
Music All,music_school,,http://www.musicall.it/,,Rome,"41,8731068","12,5297395"
MUSic Aria,arts_and_entertainment,,https://www.discogs.com/user/MUSicARIA,,Rome,"41,8541578","12,5045254"
Music Core - Scuola di Musica,music_school,,http://www.musiccore.it/,,Rome,"41,9101693","12,457364"
Music Educational Project,music_school,,https://www.musiceducationalproject.com/,,Rome,"41,9081274","12,5358008"
Music Machine,music_and_dvd_store,,https://www.musicmachine2021.com/,,Rome,"41,8834031","12,3800801"
music room 28,music_production,,Ingen webbplats,,Rome,"41,73518","12,26522"
Music Shop,music_and_dvd_store,,http://www.musicshoproma.it,,Rome,"41,9000591","12,4950441"
Music Studio Roma,music_school,,http://musicstudioroma.com/,,Rome,"41,8777069","12,4408589"
Music Theatre International ETS,community_services_non_profits,,http://www.mthi.it/,,Rome,"41,8823775","12,5052341"
Music Up,music_venue,,www.music-up.it,,Rome,"41,892351","12,579107"
Music Up - Associazione Culturale,music_production,,http://www.music-up.it/,,Rome,"41,9482632","12,5866437"
Music Village Institute,arts_and_entertainment,,http://www.musicvillageinstitute.it/,,Rome,"41,8630373","12,5522667"
Music.it,print_media,,https://www.music.it/,,Rome,"41,8193399","12,586417"
Musica a Margutta,music_venue,,http://www.musicamargutta.it/,,Rome,"41,908225","12,4791583"
Musica al Centro,music_school,,http://www.musicaalcentro.it/,,Rome,"41,9034895","12,4828485"
Musica e Arte,music_school,,http://www.musicaearte.it/,,Rome,"41,8574403","12,4392629"
Musica e Colori,music_school,,http://www.monteverdemusicacolori.it/,,Rome,"41,8638494","12,4464783"
MUSICA INCONTRO Scuola di Musica,music_venue,,http://www.musicaincontro.it/,,Rome,"41,9117781","12,5494428"
Musica minuscola,music_school,,http://musicaminuscola.it/,,Rome,"41,8733693","12,4547072"
Musica su Roma,music_venue,,http://www.musicasuroma.com/,,Rome,"41,929283","12,485985"
Musicabile Onlus,community_services_non_profits,,https://linktr.ee/CorradoAlba,,Rome,"41,9430511","12,5527865"
MusicAdesso Scuola di Musica,music_school,,http://www.musicadesso.net/,,Rome,"41,8864787","12,5855804"
Musicaealtro - Balduina,music_school,,http://www.musicaealtro-balduina-mab.it/,,Rome,"41,92146","12,43924"
Musicaimmagine,music_venue,,http://www.musicaimmagine.it/,,Rome,"41,907778","12,47749"
Musical Passion,performing_arts,,http://www.musicalpassionschool.com/,,Rome,"41,87266","12,52939"
Musicalificio Grande Blu,music_venue,,http://www.musicalificio.it/,,Rome,"41,892379","12,5040644"
Musicalmente,music_school,,http://www.scuolamusicalmente.it/,,Rome,"41,8534037","12,5035763"
Musicasenzafrontiere ROMA,community_services_non_profits,,https://www.musicasenzafrontiere.com/,,Rome,"41,91102","12,536197"
Musicology Scuola Di Musica,music_school,,http://www.musicologyscuoladimusica.it/,,Rome,"41,8130376","12,4489467"
Musicopaideia,community_services_non_profits,,http://www.musicopaideia.com/,,Rome,"41,9087714","12,4789962"
Musik Vibes,music_school,,http://www.musikvibes.com/,,Rome,"41,8794091","12,5131815"
Musikè,performing_arts,,http://www.associazione-musike.com/,,Rome,"41,8810312","12,5035794"
Musivum studio,art_gallery,,Ingen webbplats,,Rome,"41,88254","12,47543"
MUST - Milonga,dance_club,,https://www.youtube.com/channel/UCs6DVWDBXasyRiT4-wa9iwg,,Rome,"41,8378899","12,5853429"
MUST - Sapienza Università di Roma,museum,,http://www.dst.uniroma1.it/MUST,,Rome,"41,9045089","12,514345"
Muta Imago,theatre,,http://mutaimago.com/,,Rome,"41,9148149","12,5251391"
Mutant_MusicArt_Festival,music_venue,,https://www.instagram.com/mutant_artmusic_festival_/,,Rome,"41,8646539","12,4814436"
Mutation in Motion,theatre,,Ingen webbplats,,Rome,"41,7391493","12,2542711"
Muzak Club,arts_and_entertainment,,http://www.muzakroma.it/,,Rome,"41,8756866","12,4740844"
Mv Pictures,broadcasting_media_production,,http://www.mvpictures.it/,,Rome,"41,8554328","12,4804215"
MV Servizi,landscape_architect,,https://www.mvserviziroma.it/,,Rome,"41,8640741","12,5572692"
My Cityplex Doria,cinema,,http://www.mycityplex.it/,,Rome,"41,9095357","12,4506902"
My Cityplex Europa,cinema,,http://www.mycityplex.it/,,Rome,"41,9101027","12,5005955"
My Cityplex Savoy,cinema,,http://www.mycityplex.it/,,Rome,"41,911303","12,499609"
My Doll Roma,bookstore,,http://mydollroma.it/,,Rome,"41,883802","12,458448"
Mydaybyday Gallery in Rome,art_gallery,,http://mydaybydaydiary.com/,,Rome,"41,8800849","12,4770781"
Myxilon Studios Production,music_production,,https://instagram.com/myxilon_studios?utm_medium=copy_link,,Rome,"41,8762047","12,5706109"
MZarte,art_gallery,,Ingen webbplats,,Rome,"41,9273739","12,5239688"
Möbius,theatre,,https://moebius.network/,,Rome,"41,8891199","12,4970819"
N.25 Laboratorio di restauro,art_restoration,,http://simoneghezzi.it/,,Rome,"41,87732","12,43719"
N2 Design,graphic_designer,,http://www.n2design.it/,,Rome,"41,9084545","12,5421315"
NAFFINTUSI  Cinema And Audiovisual Art,cinema,,http://www.naffintusi.com/,,Rome,"41,9054397","12,5374511"
"Nania Spettacolo, produzione spettacoli ed eventi",theatrical_productions,,http://www.operettaitaliana.it/,,Rome,"41,9431696","12,5500086"
NARDI galleria d'arte e cornici,art_gallery,,Ingen webbplats,,Rome,"41,944042","12,5529214"
Nat Scuola Di Tango Argentino a Roma,dance_school,,http://www.natango.net/,,Rome,"41,87863","12,53462"
Natalia Titova Academy,dance_school,,http://www.dancelabstudio.com/,,Rome,"41,9715058","12,4335043"
National Museum of Prehistory and Ethnography Luigi Pigorini,history_museum,,http://www.pigorini.beniculturali.it,,Rome,"41,8322222","12,4713889"
National Museum of the Palazzo di Venezia,museum,,beniculturali.it,,Rome,"41,89575","12,48135"
National Roman Museum,museum,,http://archeoroma.beniculturali.it/node/481,,Rome,"41,9014416","12,4981286"
NAU!,photography_store_and_services,,http://www.nau.it/,,Rome,"41,8366831","12,5014931"
NAU!,photography_store_and_services,,http://www.nau.it/,,Rome,"41,8799608","12,5165516"
NAU!,photography_store_and_services,,http://www.nau.it/,,Rome,"41,9149786","12,6616897"
NAU!,photography_store_and_services,,http://www.nau.it/,,Rome,"41,9019224","12,4377951"
nea POLIS Roma,arts_and_entertainment,,http://www.neapolisroma.it/,,Rome,"41,88181","12,4675999"
Necos,mass_media,,http://www.necos.it/,,Rome,"41,8896801","12,5366949"
Nel Blu Studios,theatre,,http://www.nelblustudios.com/,,Rome,"41,918153","12,462457"
Nemesi Film,cinema,,http://www.nemesifilm.com/,,Rome,"41,88135","12,4791"
Neo Club Roma,dance_club,,http://www.neoclubroma.com/,,Rome,"41,8646633","12,4814061"
Neolonga Roma,dance_club,,http://www.neotango.top/,,Rome,"41,87708","12,54023"
Neowise studio,movie_television_studio,,https://neowisestudio.it/,,Rome,"41,8969831","12,5393427"
Nero di China,comic_books_store,,http://www.nerodichina.net/,,Rome,"41,8685899","12,5266408"
Never Cover,arts_and_entertainment,,https://nevercover88.wixsite.com/never-cover-roma,,Rome,"41,90823","12,4218"
New Art Cornici,art_gallery,,http://www.newartcornici.com/,,Rome,"41,8921522","12,5017365"
New Chanel,dance_club,,http://www.newchanel.it/strip-bar-roma/,,Rome,"41,8980202","12,5197101"
New Copysystem,photography_store_and_services,,https://www.copysystemy.it/chi_siamo.php,,Rome,"41,9108529","12,5359065"
New Dance School,arts_and_entertainment,,http://www.newdanceschool.it/,,Rome,"41,8635894","12,6954884"
New Dances 2000,dance_school,,Ingen webbplats,,Rome,"41,940927","12,550284"
New DanceTeam Stefania Eleuteri,dance_school,,https://www.newdanceteam.com/,,Rome,"41,7398922","12,3368627"
New Decor System,screen_printing_t_shirt_printing,,http://www.pubblicitasugrandeformato.it/,,Rome,"41,9408472","12,5960331"
New King Club,dance_club,,http://www.newkingclub.it/,,Rome,"41,9042177","12,4596286"
New Luna Club Privè,dance_club,,http://www.newlunaclubprive.it/,,Rome,"42,045069","12,5534852"
New Musical Academy,performing_arts,,https://newmusicalacademy.com/,,Rome,"41,945183","12,527131"
News Il Giornale Di Roma,print_media,,http://giornalenewsgseg.wix.com/nome_sito,,Rome,"41,816708","12,4414965"
Next Academy Roma,dance_school,,Ingen webbplats,,Rome,"41,89461","12,44968"
Next Generation Academy,dance_school,,https://www.nextgenerationacademy.it/,,Rome,"41,943353","12,5552967"
Next Museum,museum,,Ingen webbplats,,Rome,"41,9111934","12,4951356"
Next Music Academy & Studios,music_school,,http://www.nextmusicacademy.it/,,Rome,"41,8524479","12,5658558"
Next to me ASD,dance_school,,http://www.nexttomeasd.com/,,Rome,"41,8778498","12,4486801"
Nice Club - lista Danilo Cappa,dance_club,,Ingen webbplats,,Rome,"41,9672607","12,5191954"
Nice Club - lista Diamante,dance_club,,Ingen webbplats,,Rome,"41,9337692","12,4586401"
Nice Disco - Lista Pegasus,dance_club,,http://www.nicedisco.com/,,Rome,"41,9359901","12,4557924"
Nice in lista Pegasus,dance_club,,Ingen webbplats,,Rome,"41,9756","12,4954843"
Nice Roma,dance_club,,http://www.discolight.it/serate/nice-roma/,,Rome,"41,9359981","12,4557066"
Nichindanza,dance_school,,Ingen webbplats,,Rome,"41,902471","12,426395"
Nico Ufficio Stampa,media_agency,,http://www.nicoufficiostampa.it/,,Rome,"41,96541","12,44569"
Nicomax Cinematografica,drive_in_theater,,http://www.nicomax.biz/,,Rome,"41,9503","12,47925"
Night Stars,dance_club,,http://www.nightstars-roma.it,,Rome,"41,940421","12,384677"
Nightswim,broadcasting_media_production,,http://www.nightswim.eu/,,Rome,"41,89061","12,49987"
Ninfe Driadi Scuola danze Antiche Roma,dance_school,,https://www.instagram.com/ninfedriadigsr/,,Rome,"41,8698298","12,4987797"
Ninfeo di via Degli Annibaldi,museum,,Ingen webbplats,,Rome,"41,8916788","12,4920524"
Ninfeo Live&Club,music_venue,,http://www.ninfeovillage.it/,,Rome,"41,8241928","12,4660221"
Nitido Exhibition & Body art,art_gallery,,https://nitidoexhibitionbodyart.it/,,Rome,"41,8657038","12,4466976"
No Face studio Roma,music_production,,https://www.instagram.com/noface_studioroma,,Rome,"41,9490551","12,5468304"
NO.MAD Entertainment,broadcasting_media_production,,https://lnx.no-madentertainment.eu/,,Rome,"41,89692","12,45077"
Noantri Trastevere,dance_club,,https://www.noantritrastevere.it/,,Rome,"41,8912576","12,4699474"
NOAO,graphic_designer,,http://www.noao.it/,,Rome,"41,889849","12,530414"
NoGravity Theatre,dance_school,,http://www.nogravitytheatre.com/,,Rome,"41,8867212","12,53686"
Nogu Teatro,theatre,,www.interneteatro.it,,Rome,"41,86146","12,45509"
NOISE GATE Recording Studio,arts_and_entertainment,,Ingen webbplats,,Rome,"41,7874704","12,3257845"
Noise Symphony Music,record_label,,http://www.noisesymphony.com/,,Rome,"41,9628133","12,4117656"
NoiseFree Recording Studio,music_production,,Ingen webbplats,,Rome,"41,8121009","12,6107507"
Nolook,music_production,,https://francescoduranti26.wixsite.com/website,,Rome,"41,92035","12,54733"
Nomas Foundation,community_services_non_profits,,http://www.nomasfoundation.com/,,Rome,"41,935391","12,5115915"
Nomentana Libri Roma,bookstore,,http://www.nomentanalibri.it/,,Rome,"41,940959","12,5516825"
Non escludo il ritorno CLUB,dance_club,,https://nonescludoilritornoclub.wordpress.com/,,Rome,"41,9477507","12,5872194"
Non solo Salotto,music_venue,,http://poolclubtorpagnotta.it/,,Rome,"41,80455","12,51679"
Non Solo Video,music_and_dvd_store,,http://www.nsvideo.it/,,Rome,"41,8790321","12,4619966"
Nonna Roma,community_services_non_profits,,http://nonnaroma.it/,,Rome,"41,89349","12,57419"
Nonpanic,broadcasting_media_production,,http://www.nonpanic.com/,,Rome,"41,9186003","12,4667025"
Nonsolodtf,screen_printing_t_shirt_printing,,http://www.nonsolodtf.it/,,Rome,"41,9306934","12,5972695"
Nonsoloedicola,newspaper_and_magazines_store,,Ingen webbplats,,Rome,"41,81968","12,35252"
Norman Academy Inc. no profit,community_services_non_profits,,http://www.normanacademy.it/,,Rome,"41,9031791","12,5040504"
NoSilence Eventi,arts_and_entertainment,,https://www.nosilence.it/,,Rome,"41,8734914","12,52695"
Not For Tourist Rome,arts_and_entertainment,,http://notfortouristrome.com/index.php/it/modulocontatti,,Rome,"41,91047","12,51815"
NOT Nuove Officine Teatrali,theatre,,http://www.nuoveofficineteatrali.com/,,Rome,"41,7372519","12,2948866"
NOT Perfect,music_and_dvd_store,,https://www.discogs.com/it/seller/NotPerfect/profile,,Rome,"41,9006166","12,5362347"
Note di classe Roma srl,music_school,,http://www.notediclasseroma.it/,,Rome,"41,8600816","12,4451915"
Note in Tempo - Accademia di Musica e Danza,arts_and_entertainment,,http://www.noteintempo.com/,,Rome,"42,0108403","12,3791952"
Notebook,bookstore,,http://www.notebookauditorium.it/,,Rome,"41,9295871","12,4740316"
Notorious,music_venue,,http://www.notoriousroma.com/,,Rome,"41,90463","12,49052"
Notorious Roma,arts_and_entertainment,,http://www.notoriousroma.com/,,Rome,"41,9045933","12,4904762"
Nova Domus Ecclesiae,bookstore,,https://www.novadomusikneart.com/,,Rome,"41,9034932","12,4602766"
NovaDanza Roma,dance_school,,http://cosisiballa.com/novadanza,,Rome,"41,885009","12,5673072"
Novecento e Dintorni,art_gallery,,http://www.novecentoedintorni.com/,,Rome,"41,8970749","12,4699407"
NOZOO,dance_club,,http://www.goaclub.com/,,Rome,"41,8639684","12,4810683"
Nsl Radio Tv,broadcasting_media_production,,Ingen webbplats,,Rome,"41,8541053","12,5588442"
Nuccia,music_production,,http://www.nucciastore.com/,,Rome,"41,9168655","12,456978"
NUCT - Scuola internazionale di Cinema e Televisione,cinema,,http://www.nuct.it/,,Rome,"41,8497374","12,5741372"
Nufactory,arts_and_entertainment,,http://www.nufactory.it/,,Rome,"41,8913297","12,518932"
Nui Lab,graphic_designer,,Ingen webbplats,,Rome,"41,8689226","12,6509702"
Numero Cromatico,mass_media,,http://www.numerocromatico.com/,,Rome,"41,9013181","12,4740149"
Nuova Royal,dance_club,,Ingen webbplats,,Rome,"41,905632","12,71954"
Nuove Dinamiche Centro Danza E Fitness,dance_school,,http://www.nuovedinamichecentrodanza.com/,,Rome,"41,8744425","12,5767919"
Nuovi Quaderni Di Capestrano,bookstore,,http://www.libreria-capestrano.it,,Rome,"41,9329385","12,5252013"
Nuovi Valori Editore Srl,mass_media,,http://www.nuovivalorieditore.it/,,Rome,"41,961191","12,5130775"
Nuovo Cinema Aquila,cinema,,http://www.cinemaaquila.it/,,Rome,"41,8905655","12,5255266"
Nuovo Cinema Inferno,cinema,,http://www.dalverme.it/,,Rome,"41,8887596","12,5359001"
Nuovo Sacher,cinema,,http://www.sacherfilm.eu/,,Rome,"41,8842606","12,4728033"
Nuovo Teatro Ateneo - Sapienza Università di Roma,theatre,,https://www.sapienzacrea.uniroma1.it/,,Rome,"41,9042507","12,517005"
Nuovo Teatro Orione,theatre,,http://www.teatroorione.it/,,Rome,"41,8796174","12,5151877"
Nuovo Teatro San Giuseppe al Casaletto,theatre,,Ingen webbplats,,Rome,"41,8685","12,43849"
Nuovo Teatro SAN PAOLO,theatre,,http://www.nuovoteatrosanpaolo.it/,,Rome,"41,8585989","12,473757"
Nuvole Parlanti,comic_books_store,,http://www.nuvoleparlanti.it,,Rome,"41,9068676","12,5366584"
NVMEN - Spazio Colosseo,art_gallery,,http://www.numenspace.it/,,Rome,"41,8888624","12,4945366"
"O.A.S.I. studio, recording studio",music_production,,http://www.oasistudio.it/,,Rome,"41,9116013","12,4561765"
OASI Dancing CLUB asd-associato ASI,dance_school,,Ingen webbplats,,Rome,"41,796085","12,541173"
Oasi di Sashaman,arts_and_entertainment,,https://giromatto.it/oasi-di-sashaman/,,Rome,"42,0016467","12,4361232"
Oberdan 15 - Libri scolastici usati,comic_books_store,,http://www.oberdan15.it/,,Rome,"41,9209725","12,4678258"
Oberon Media International,arts_and_entertainment,,http://www.oberonmedia.it/,,Rome,"41,9148924","12,4563392"
Obiettivo Fotografico,arts_and_entertainment,,http://www.obiettivofotografico.com/,,Rome,"41,8941217","12,489058"
Oblique Strategies // Utopie Musicali,music_and_dvd_store,,https://www.discogs.com/it/seller/ObliqueStrategies/profile,,Rome,"41,88287","12,54108"
occhiali24.it,photography_store_and_services,,https://www.occhiali24.it/,,Rome,"41,86627948","12,53114126"
occhiali24.it,photography_store_and_services,,https://www.occhiali24.it/,,Rome,"41,85452858","12,56593381"
Octopus Music Factory,music_school,,http://www.octopusmusic.it/,,Rome,"41,9174282","12,4402942"
Odeon Roma,cinema,,https://www.cinemadiroma.it/programmazione-multisala-odeon,,Rome,"41,9497133","12,465504"
ODILE Scuola di Danza - Roma,dance_school,,https://www.informazionedanza.it/odile-scuola-professionale-di-danza/,,Rome,"41,7898521","12,4507566"
Off/Off Theatre,theatre,,http://www.off-offtheatre.com/,,Rome,"41,8957196","12,4685548"
Off1c1na,arts_and_entertainment,,Ingen webbplats,,Rome,"41,865224","12,545897"
Officina Danza Ottavia,arts_and_entertainment,,http://www.officinadanzaottavia.it/,,Rome,"41,9538144","12,3951151"
Officina della Fantasia,cultural_center,,http://www.officinadellafantasia.info/,,Rome,"41,869731","12,3577722"
Officina della Voce,music_school,,http://www.officinadellavoce.it/,,Rome,"41,9312844","12,4672372"
Officina delle Arti Antiche,art_school,,https://www.officinadelleartiantiche.com/,,Rome,"41,886592","12,516048"
Officina delle Arti Roma,community_services_non_profits,,http://www.officinadellearti.org/,,Rome,"41,8528137","12,4469424"
Officina di Teatro Sociale Adynaton,theatre,,http://www.adynaton.it/,,Rome,"41,9323209","12,422725"
Officina Musicale,music_venue,,Ingen webbplats,,Rome,"41,8714465","12,4683685"
Officina Teatro XI,arts_and_entertainment,,http://www.marte2010.net/,,Rome,"41,8374813","12,4950498"
OfficinArte,arts_and_entertainment,,http://www.officinarte-roma.it/,,Rome,"41,8558857","12,4204706"
OfficinaVisioni,cinema,,http://www.officinavisioni.it/,,Rome,"41,86971","12,48762"
Officine bynight,arts_and_entertainment,,https://www.officinastraordinaria.it/,,Rome,"41,888058","12,4684421"
Officine di Talenti Preziosi,community_services_non_profits,,http://www.officine-di-talenti-preziosi.it/,,Rome,"41,8965168","12,4850866"
Officine Discografiche,music_production,,http://officinedisco.wixsite.com/offdi,,Rome,"41,9099547","12,5475615"
Officine flò,theatre,,http://www.cristianovaccaro.it/,,Rome,"41,8809635","12,4753053"
Officine grafiche Deco,graphic_designer,,http://www.officinegrafichedeco.com/,,Rome,"41,8429427","12,5412735"
Officine Incisorie,community_services_non_profits,,http://www.officineincisorie.it/,,Rome,"41,816278","12,6153426"
Officine Musicali del Borgo,music_school,,http://www.officinemusicali.com/,,Rome,"41,9032014","12,4593713"
Officine Robotiche,community_services_non_profits,,https://officinerobotiche.github.io/,,Rome,"41,8991433","12,5858501"
Officine Teatrali,theatre,,http://www.officineteatrali.net/,,Rome,"41,8896338","12,4673487"
Officine Tor Marancia,art_gallery,,Ingen webbplats,,Rome,"41,8551032","12,4979041"
Officine Zero,music_school,,http://www.officinezero.it/,,Rome,"41,9531097","12,5197652"
OffiCinema Roma,cinema,,http://www.officinema.com/,,Rome,"41,9314613","12,5964899"
OHM,arts_and_entertainment,,Ingen webbplats,,Rome,"41,8994205","12,518293"
Oikos Cinema,cinema,,http://www.oikos.org/attivita/cinema.htm,,Rome,"41,785319","12,443016"
Old Station Music Pub,music_venue,,http://www.oldstationmusicpub.it/,,Rome,"41,8968413","12,4990295"
Olimpo del Fumetto,bookstore,,http://www.olimpodelfumetto.it/,,Rome,"41,8612721","12,5564625"
OliStage,arts_and_entertainment,,http://www.olistage.it/,,Rome,"41,8298047","12,4815967"
Oltre le Parole onlus Roma- Teatro Civile e Sociale,community_services_non_profits,,http://www.teatrocivile.it/,,Rome,"41,9461634","12,5185951"
Oltredanza,dance_school,,Ingen webbplats,,Rome,"41,8390342","12,5079235"
Oltrelamusica Scuola di musica,music_school,,Ingen webbplats,,Rome,"42,0034279","12,4810962"
Ombrelloni Art Space,art_gallery,,https://linktr.ee/ombrelloniartspace,,Rome,"41,8945996","12,5148507"
On_off,cinema,,http://www.issas.org,,Rome,"41,880934","12,518586"
Onda Videoproduzioni,movie_television_studio,,http://www.ondavideoproduzioni.com/,,Rome,"41,7780882","12,3374766"
ondha club,music_venue,,Ingen webbplats,,Rome,"41,9016543","12,468571"
One E Music Rome Recording,music_production,,Ingen webbplats,,Rome,"41,8362498","12,5571794"
Onedance & Music,dance_school,,http://www.onedance.it/,,Rome,"41,8722547","12,6211095"
ONEROOM,bookstore,,http://www.oneroombooks.com/,,Rome,"41,8951336","12,474167"
OnGigz Srl,music_venue,,https://ongigz.com/,,Rome,"41,86576","12,49912"
Onigiri Store,comic_books_store,,http://www.jakutoys.com/,,Rome,"41,8658853","12,4871844"
ontheroad group,cultural_center,,"http://www.google.com/maps/place/Piazza+On+the+Road,+00157+Roma+RM/@41.9130104,12.543629,17z/data=!3m1!4b1!4m5!3m4!1s0x132f63c5c975f73b:0xe34c1c413843e025!8m2!3d41.9130104!4d12.5458177",,Rome,"41,9136324","12,5451452"
Opa Opa Danze Greche,dance_school,,http://opaopa.myblog.it/,,Rome,"41,93851","12,53533"
Open dance corporate,dance_school,,Ingen webbplats,,Rome,"41,9420411","12,5371994"
openARTmarket,art_gallery,,http://www.antoniettacampilongo.it/,,Rome,"41,878879","12,524699"
Operà - Pole Dance Studio -,dance_school,,Ingen webbplats,,Rome,"41,8348166","12,6013544"
Opera da Camera di Roma,opera_and_ballet,,http://operadacameradiroma.com/,,Rome,"41,89775","12,47501"
Opera Lab Edu,theatrical_productions,,http://www.operalabedu.it/,,Rome,"41,912028","12,513004"
Opera Lirica di Roma,opera_and_ballet,,https://operaliricaroma.it/,,Rome,"41,8976521","12,4766244"
Operativa Arte Contemporanea,art_gallery,,http://www.operativa-arte.com/,,Rome,"41,8996901","12,4658894"
Opificio del Sapere,cultural_center,,http://www.opificiodelsapere.com/,,Rome,"41,9633485","12,4548386"
Opificio Romaeuropa,theatre,,http://www.romaeuropa.net/opificio,,Rome,"41,8717876","12,4770507"
Opus Musica,music_school,,http://www.opusmusica.it/,,Rome,"41,8619486","12,6216379"
Orange Media,movie_television_studio,,http://www.orangemedia.it/,,Rome,"41,815876","12,4457847"
OrangoTango Roma,dance_school,,http://www.orangotangoroma.it/,,Rome,"41,8746004","12,5280742"
ORBIS Production: #1 Top Film and Video Production Company in Rome and Italy,video_film_production,,https://orbispro.it/en,,Rome,"41,9058126","12,4886876"
Orbita Spellbound Centro Nazionale di Produzione della Danza,dance_school,,https://www.orbitaspellbound.com/,,Rome,"41,862654","12,485357"
Ore 20 Discoclub Roma,dance_club,,http://www.ore20.it,,Rome,"41,88518","12,509359"
OREDARIA  Arti Contemporanee,art_gallery,,http://www.youtube.com/user/OREDARIA,,Rome,"41,911877","12,503707"
Origami SNC,bookstore,,http://libreriaorigami.oneminutesite.it/,,Rome,"41,7506779","12,3550474"
Orione Cinematografica SRL,cinema,,Ingen webbplats,,Rome,"41,870624","12,534513"
Orisa Produzioni,cinema,,http://www.orisa.it/,,Rome,"41,8883862","12,4949121"
Ornus - Garden design,landscaping,,https://www.ornus.it/,,Rome,"41,922557","12,5145673"
Orologi Le Misure Del Tempo,print_media,,http://www.orologi.it/,,Rome,"41,908598","12,489178"
Osa,bookstore,,http://www.osadesignfirm.com/,,Rome,"41,855708","12,4905562"
Ospitale Santa Francesca Romana,museum,,https://www.midaticket.it/eventi/15324,,Rome,"41,8871579","12,4776497"
Ostia Cinema Station,cinema,,http://www.libera.it/,,Rome,"41,7326749","12,2718086"
Ostia Film Factory,arts_and_entertainment,,https://ostiafilmfactory.eu/,,Rome,"41,7383924","12,2842705"
Ostia in Musica,music_school,,Ingen webbplats,,Rome,"41,7377009","12,252416"
Ostia TV,movie_television_studio,,http://www.ostiatv.it/,,Rome,"41,7371197","12,2788045"
OstiaDanza,dance_school,,http://www.ostiadanza.it/,,Rome,"41,7328666","12,2822142"
Ostiense Museum,museum,,http://www.beniculturali.it/mibac/opencms/MiBAC/sito-MiBAC/Luogo/MibacUnif/Luoghi-della-Cultura/visualizza_asset.html?id=161662&pagename=157031,,Rome,"41,8766722","12,4814694"
Otherwise Bookshop,bookstore,,http://otherwisebookshop.com,,Rome,"41,8979605","12,4718357"
Ottica Freedom,photography_store_and_services,,https://www.otticafreedomroma.com/,,Rome,"41,8554792","12,4475147"
Ottica Micheli,photography_store_and_services,,http://www.fototticamicheliroma.it/,,Rome,"41,9099538","12,4618678"
Ottica Piero Lattarini,photography_store_and_services,,https://www.otticapierolattarini.it/,,Rome,"41,9243836","12,4696148"
Ottica Universitaria - Tutto sulla fotografia digitale,photography_store_and_services,,http://www.otticauniversitaria.it/,,Rome,"41,9064578","12,5170286"
Ottica Visionari Armellini,photography_store_and_services,,https://www.otticavisionariarmellini.com/,,Rome,"41,93237147","12,4673091"
Ottimomassimo,bookstore,,http://www.ottimomassimo.eu,,Rome,"41,8878911","12,4706094"
"Ottimomassimo, Librerie per ragazzi e ragazze",bookstore,,http://www.ottimomassimo.it/,,Rome,"41,884218","12,5116608"
Ottocento.it,art_gallery,,http://www.ottocento.it/,,Rome,"41,897171","12,4683304"
Ottoemezzo,arts_and_entertainment,,http://ottoemezzocinema.com/,,Rome,"41,910556","12,457719"
Out Out Production,arts_and_entertainment,,http://www.outoutproduction.com/,,Rome,"41,9147733","12,4021963"
OuterSound Studios,music_production,,http://www.outersoundstudios.com/,,Rome,"41,7858402","12,4295215"
Outside Gallery,art_gallery,,http://www.outsidegallery.it/,,Rome,"41,887445","12,477592"
OVALdoc,mass_media,,http://www.ovaldoc.com/,,Rome,"41,8721923","12,4522817"
Overload Music College,music_school,,http://www.overloadcollege.it/,,Rome,"41,8613272","12,4846326"
Overlook. Cinema & Libri,bookstore,,Ingen webbplats,,Rome,"41,897863","12,4714932"
Ownidea Studio,music_production,,https://www.ownideastudio.com/,,Rome,"41,853939","12,501314"
P.pole studio,dance_school,,Ingen webbplats,,Rome,"41,9799199","12,5173141"
P&B Communication,cinema,,http://www.pbcommunication.it/,,Rome,"41,9325528","12,4675489"
Pablo Garcia Tango Academy,arts_and_entertainment,,www.pablogarciatangoacademy.com,,Rome,"41,8732724","12,5218153"
Paco Cinematografica,cinema,,http://www.pacocinematografica.it/,,Rome,"41,9000366","12,4757172"
Pagina 348,bookstore,,http://www.pagina348.it/,,Rome,"41,817025","12,4698561"
Pagina7 di Brugnoni Renzo,bookstore,,http://www.cartolibreriapagina7.it/,,Rome,"41,91149","12,6109"
Pagine Liquide Book Club,print_media,,Ingen webbplats,,Rome,"41,90869","12,5187"
Pagine Romane,bookstore,,http://www.pagineromane.com/,,Rome,"41,8719608","12,51068"
Paint Studio Grafico,screen_printing_t_shirt_printing,,http://www.paintstudiografico.com/,,Rome,"41,8397161","12,5080437"
Paintball Sport City,fair,,https://facebook.com/PaintballRoma/,,Rome,"41,7819435","12,4762687"
Pala Cavicchi,dance_club,,http://www.palacavicchieventi.com/index.html,,Rome,"41,8149447","12,5865842"
PalaCavicchi Roma,dance_club,,http://www.palacavicchieventi.com/,,Rome,"41,8200556","12,5836043"
Palacio de los Tramites - Latinoamerica in Italia,cultural_center,,Ingen webbplats,,Rome,"41,90197","12,66918"
Palazzo Barberini Museo,museum,,http://galleriabarberini.beniculturali.it,,Rome,"41,9039616","12,4895687"
Palazzo Braschi,art_museum,,http://zh.wikipedia.org/zh-tw/%03%C9%AF%47%AB,,Rome,"41,89749","12,472733"
Palazzo Cipolla,art_museum,,https://www.fondazioneroma.it,,Rome,"41,899571","12,4809229"
Palazzo Cisterna - Atelier Guglielmo Della Porta,art_gallery,,http://www.fondazioneducci.org/,,Rome,"41,895327","12,469145"
Palazzo Corsini Alla Lungara,art_museum,,http://fr.wikipedia.org/wiki/Palais_Corsini,,Rome,"41,893329","12,466586"
Palazzo degli Esami,museum,,http://www.vangoghroma.it,,Rome,"41,8852607","12,4718676"
Palazzo dei Conservatori,art_museum,,http://www.museicapitolini.org,,Rome,"41,89321","12,4826274"
Palazzo del Vicariato,museum,,Ingen webbplats,,Rome,"41,8967702","12,4777241"
Palazzo Doria Pamphili,art_gallery,,http://www.dopart.it,,Rome,"41,8977917","12,4813806"
Palazzo Esposizioni Roma,art_museum,,https://www.palazzoesposizioniroma.it/,,Rome,"41,8993625","12,4902901"
Palazzo Labar,art_museum,,http://www.labar.it/,,Rome,"41,76183","12,3556"
Palazzo Lateranense,museum,,https://omniavaticanrome.org/it/pages/il-palazzo-lateranense,,Rome,"41,886672","12,506326"
Palazzo Merulana,art_museum,,http://www.palazzomerulana.it/,,Rome,"41,8898711","12,5032407"
Palazzo Nuovo,art_museum,,http://en.museicapitolini.org,,Rome,"41,8935788","12,4831053"
Palazzo Offline,book_magazine_distribution,,http://www.palazzostudio.it/,,Rome,"41,8876667","12,5267964"
Palazzo Orsini,museum,,Ingen webbplats,,Rome,"41,891811","12,479015"
Palazzo Pamphilj,art_gallery,,http://roma.itamaraty.gov.br/it,,Rome,"41,89833","12,47278"
Palazzo Rondinini,art_museum,,Ingen webbplats,,Rome,"41,9089065","12,4768953"
Palazzo Ruspoli,museum,,http://www.palazzoruspoli.it,,Rome,"41,9042885","12,4783746"
Palazzo Sacchetti,art_gallery,,http://it.wikipedia.org/wiki/Palazzo_Sacchetti,,Rome,"41,8988056","12,4658889"
Palazzo Santa Chiara,theatre,,http://www.palazzosantachiara.it/,,Rome,"41,8976693","12,4765918"
Palazzo Sciarra,art_museum,,http://www.fondazioneroma.it/it/fondazione/palazzo_sciarra.html,,Rome,"41,8996111","12,4811944"
Palazzo Spada,art_museum,,http://www.galleriaspada.beniculturali.it,,Rome,"41,90135","12,48096"
Palazzo Venezia,art_museum,,http://museopalazzovenezia.beniculturali.it/,,Rome,"41,896027","12,481199"
PALESTRA DELL’ATTORE SCUOLA TEATRO ROMA CORSI RECITAZIONE,drama_school,,http://www.palestradellattore.it/,,Rome,"41,8899959","12,4737883"
Palestra dell'Attore Teatro Studio (P.A.T.S.),performing_arts,,https://www.palestradellattore.it/,,Rome,"41,889986","12,473767"
Palloncini Rossi- librogiocheria per bambini,bookstore,,Ingen webbplats,,Rome,"41,89757","12,56344"
Palomar Production,cinema,,http://www.palomaronline.com/,,Rome,"41,9394345","12,4659054"
"Panalight,",movie_television_studio,,www.panalight.it,,Rome,"41,8337662","12,5674603"
Paoline International,bookstore,,http://www.paoline.eu/,,Rome,"41,9051044","12,4590046"
Paolo Antonacci Roma,art_gallery,,http://paoloantonacci.com/,,Rome,"41,90729","12,4809081"
Paolo Furente Films,videographer,,http://www.paolofurente.com/,,Rome,"41,8978725","12,442591"
Paolo Nofri Studio,graphic_designer,,http://www.paolonofristudio.it/,,Rome,"41,9352935","12,5130942"
Papasidero Dream Factory,music_school,,Ingen webbplats,,Rome,"41,8948118","12,5166023"
PAPEL,art_gallery,,http://www.papelroma.com/,,Rome,"41,8940978","12,4874668"
Papillon Club Roma,dance_club,,http://www.papillonclubroma.it/,,Rome,"41,9056803","12,594998"
Papiro Comics,bookstore,,Ingen webbplats,,Rome,"41,9429998","12,5171172"
Parco archeologico del Colosseo,museum,,https://ticketing.colosseo.it/,,Rome,"41,8911219","12,4870905"
Parco Archeologico dell'Appia Antica,museum,,https://muviappia.it/,,Rome,"41,9054735","12,4989962"
Parco della Musica Records,music_venue,,https://www.auditorium.com/it/etichetta-pmr/,,Rome,"41,9293756","12,4731216"
Parco delle Tombe della Via Latina,museum,,http://www.beniculturali.it/mibac/opencms/MiBAC/sito-MiBAC/Luogo/MibacUnif/Luoghi-della-Cultura/visualizza_asset.html?id=156094&pagename=57,,Rome,"41,8616762","12,5358296"
Parco Iris,arts_and_entertainment,,http://www.parcoirissgaravatti.it/,,Rome,"41,8609282","12,510825"
Parco museo ferroviario Met.Ro Roma Porta San Paolo,museum,,http://www.roma.it/page.asp?p=137&r=1507&rs=1&act=1,,Rome,"41,874746","12,482539"
Parioli Theatre Club,theatre,,http://www.pariolitheatreclub.it/,,Rome,"41,9261552","12,4880464"
Park Farm,urban_farm,,Ingen webbplats,,Rome,"41,866952","12,4160328"
Parrot Cinema,cinema,,https://www.parrotcinema.it/,,Rome,"41,89351","12,51499"
Party Monster,dance_club,,http://80monster.tumblr.com/,,Rome,"41,900099","12,4823727"
Paso Adelante Dance Academy,dance_school,,http://www.PasoAdelante.info/,,Rome,"41,897319","12,5835765"
Passepartout,art_school,,https://passepartout5.webnode.it/,,Rome,"41,9142355","12,4546381"
Passione Danza,dance_school,,Ingen webbplats,,Rome,"41,8153029","12,600598"
Pasto Nudo,bookstore,,http://pastonudo.altervista.org/,,Rome,"41,8782883","12,5590354"
PAT ROMA,music_venue,,http://www.patroma.it/,,Rome,"41,8334163","12,4720987"
PAV,music_venue,,http://www.pav-it.eu/,,Rome,"41,89377","12,50254"
Pavart,art_gallery,,http://www.pavart.it/,,Rome,"41,8834696","12,4600837"
Pedretti Felice,art_gallery,,http://www.pedrettifelice.it,,Rome,"41,9240827","12,5235566"
Pellicanolibri Libreria in Roma,bookstore,,http://www.pellicanolibri.com/,,Rome,"41,9158543","12,3697612"
Pentalfa Club,music_venue,,http://www.pentalfa.club/,,Rome,"41,9608154","12,4105045"
Pentart 94,music_school,,http://www.pentart.net/la-scuola/contatti/,,Rome,"41,8656304","12,6412455"
Pentatonic Recording Studio,music_production,,Ingen webbplats,,Rome,"41,84325","12,54042"
Percentomusica,music_school,,http://www.percentomusica.com/,,Rome,"41,8647251","12,5304154"
Perchisuonalacampana,music_venue,,http://www.arciliuto.it/,,Rome,"41,90022","12,47127"
Perdigiorno -libri e giochi,bookstore,,Ingen webbplats,,Rome,"41,883051","12,51359"
PERIFERIE ARTISTICHE - Centro di Residenza Multidisciplinare Regione Lazio,theatrical_productions,,http://www.periferieartistiche.com/,,Rome,"41,87327","12,45575"
PerPiacere Store • Auditorium Parco della Musica,music_venue,,Ingen webbplats,,Rome,"41,92962","12,47389"
Petite Etoile,dance_school,,Ingen webbplats,,Rome,"41,90755","12,49591"
Petricca bookshop,bookstore,,Ingen webbplats,,Rome,"41,9072","12,48997"
PFA Films,cinema,,http://www.pfafilms.com/,,Rome,"41,92547","12,46302"
PHEGroup - Agenzia di Animazione,arts_and_entertainment,,http://www.planetholidaygroup.it/,,Rome,"41,90937","12,45722"
Philobiblon - Urban Project,art_gallery,,http://www.philobiblon.org,,Rome,"41,924256","12,486459"
Phoenix Aerial & Dance Studio Roma,dance_school,,https://phoenixaerialdancestudio.com/,,Rome,"41,8938313","12,4383125"
Phoenix Associazioneculturale,cultural_center,,http://www.phoenixassociazioneculturale.it/,,Rome,"41,9109356","12,4121984"
Photo Art gallery,art_gallery,,http://www.photoartgallery.it/,,Rome,"41,9043591","12,4865789"
Photolab,photography_store_and_services,,http://www.sites.google.com/view/fotoaventino/home-page,,Rome,"41,88228","12,48603"
photomentis,community_services_non_profits,,https://photomentis.wixsite.com/photomentis,,Rome,"41,90249","12,53546"
PhotoTales,community_services_non_profits,,http://www.phototales.it/,,Rome,"41,8883384","12,5081967"
Pia Russo -  Percorso Danza,dance_school,,http://www.piarusso.com/,,Rome,"41,872422","12,529485"
Pianeta Danza Roma,art_school,,http://www.pianetadanza.com/,,Rome,"41,8583384","12,6016556"
Pianeta Sonoro - Circolo Arci,dance_school,,http://www.pianetasonoro.it/,,Rome,"41,8834114","12,5321948"
Piano Creativo - Studio 420,arts_and_entertainment,,http://pianocreativo420.blogspot.it,,Rome,"41,8774402","12,4411974"
Piano Percussioni,music_school,,http://www.pianopercussioni.it/,,Rome,"41,9205532","12,5464072"
Piano Zer0,art_gallery,,https://www.instagram.com/piano_zer0/,,Rome,"41,8774745","12,5407203"
Pianoforti Papi,music_and_dvd_store,,http://www.pianofortipapi.com/,,Rome,"41,9059016","12,4599657"
Piantaparole - Libreria per giovani lettori,bookstore,,http://www.piantaparole.it/,,Rome,"41,9921283","12,4815865"
Piaza De Venezia Rome,museum,,Ingen webbplats,,Rome,"41,8945008","12,4812416"
Piazza Bella Piazza,theatre,,Ingen webbplats,,Rome,"41,883004","12,4916721"
Piazza del Teatro di Pompeo,theatre,,http://www.hotelteatrodipompeo.it/,,Rome,"41,8954912","12,4737168"
Piazza Mileto Art Gallery,art_gallery,,https://www.piazzamiletoartgallery.it/,,Rome,"41,8310939","12,5576426"
Picante Me Gusta Reggeaton,dance_club,,https://instagram.com/picante_megustareggaeton?igshid=YzAyZWRlMzg%3D,,Rome,"41,86469","12,48169"
Pícaro Spazio Creativo,arts_and_entertainment,,Ingen webbplats,,Rome,"41,8795645","12,473708"
Piccola Biblioteca AG Di Donato,library,,https://piccolabibliotecadidonato.wordpress.com/,,Rome,"41,8922","12,50702"
Piccola Libreria dei pensieri perduti,bookstore,,Ingen webbplats,,Rome,"41,958272","12,3993337"
Piccola Libreria del Fantastico,bookstore,,http://www.gremese.com/,,Rome,"41,905524","12,479622"
Piccola scuola delle arti,arts_and_entertainment,,http://www.piccolascuoladellearti.com/,,Rome,"41,9251373","12,4657956"
Piccoli Passi,theatre,,http://associazionepiccolipassiroma.it/,,Rome,"41,86185","12,45278"
Piccolo America,cinema,,http://www.piccoloamerica.it/,,Rome,"41,8849646","12,4716326"
Piccolo CoLibrì,bookstore,,Ingen webbplats,,Rome,"41,8427567","12,5492032"
Piccolo Teatro Arcadia,theatre,,http://www.arcadiaweb.it/,,Rome,"41,7322287","12,2783718"
Piccolo Teatro Carlo Goldoni,theatre,,http://www.teatrodaviaggio.com/,,Rome,"41,8774044","12,4521406"
Piccolo Teatro Garbatella,theatre,,http://laquartaparete.wix.com/teatrogarbatella,,Rome,"41,8662168","12,4867694"
Piccolo Teatro San Pio,theatre,,http://www.piccoloteatrosanpio.it/,,Rome,"41,7844887","12,3925537"
Piccolo Teatro San Vigilio,theatre,,http://www.piccoloteatrosanvigilio.it/,,Rome,"41,8291","12,49212"
Piebald Film,movie_television_studio,,http://www.piebaldfilm.com/,,Rome,"41,9087","12,47119"
Pieffe Art Roma,art_gallery,,https://www.pieffeartroma.it/,,Rome,"41,8687233","12,4470158"
Pietro Canonica Museum: a style of life,art_museum,,http://www.museocanonica.it/,,Rome,"41,915126","12,486442"
Pietro Perone,print_media,,https://linktr.ee/libropinodaniele,,Rome,"41,887838","12,4790955"
Pietrosanti GdA,arts_and_entertainment,,https://www.pietrosanti-gda.com/,,Rome,"41,9044","12,46035"
Pigmento,dance_club,,http://www.mypigmento.it/,,Rome,"41,9050117","12,4469685"
Pigneto Art Zone,arts_and_entertainment,,https://www.romainweb.com/,,Rome,"41,88873","12,52754"
Pigneto Film Festival,cinema,,http://www.pignetofilmfestival.com/,,Rome,"41,8886955","12,5298596"
Pims Concerti,music_venue,,http://www.musicasacra.va/content/musicasacra/it.html,,Rome,"41,89395","12,42875"
Pinacoteca dei Musei Vaticani,art_museum,,http://mv.vatican.va/2_IT/pages/PIN/PIN_Main.html,,Rome,"41,9057785","12,4527867"
Pinko Volantino,graphic_designer,,http://www.prontovolantino.it/,,Rome,"41,8973328","12,5374798"
Pinocchio nel paese delle meraviglie,cinema,,https://pinocchionelpaesedellemeraviglie.coop-matrioska.it/,,Rome,"41,86633","12,5333"
PINS Studio,music_production,,Ingen webbplats,,Rome,"41,8439154","12,5995144"
Pio Monti Arte Contemporanea,art_gallery,,Ingen webbplats,,Rome,"41,893949","12,477603"
Piper Club Roma - Official,dance_club,,http://www.piperclub.it/,,Rome,"41,9189249","12,5012369"
Piroetta,broadcasting_media_production,,https://www.piroetta.eu/,,Rome,"41,8943854","12,4717481"
Pirouette ASD,dance_school,,https://pirouetteasd.com/,,Rome,"41,7850811","12,3507347"
Pix Movie Factory,cinema,,http://www.pixmovie.it/,,Rome,"41,85739","12,439722"
PixelCake srl - Produzioni Video,videographer,,https://www.pixelcake.it/,,Rome,"41,89168","12,50854"
Pixtury,art_gallery,,https://www.pixtury.com/,,Rome,"41,91519","12,45547"
PJ Bassman Studio,music_production,,http://www.pjbassmanstudio.shutterfly.com/,,Rome,"41,8773111","12,4432528"
Planet Studio Factory,music_production,,Ingen webbplats,,Rome,"41,90906","12,39707"
Planet-Drum,print_media,,http://www.planet-drum.com/,,Rome,"41,8258413","12,61525"
Planetario delle Terme di Diocleziano,museum,,http://en.wikipedia.org/wiki/Baths_of_Diocletian,,Rome,"41,9038176","12,4959377"
Planetario di Roma,museum,,http://www.planetarioroma.it/,,Rome,"41,8311523","12,4776805"
PlanetFilm,cinema,,http://www.planetfilm.it/,,Rome,"41,88088","12,45149"
Planetwin365Cesano,dance_club,,Ingen webbplats,,Rome,"42,0684591","12,3329912"
PLAY MUSIC School,music_school,,http://www.playmusicschool.it/,,Rome,"41,8707646","12,5190731"
Play On Teatro,performing_arts,,http://www.playoncorsiditeatro.it/,,Rome,"41,8772335","12,5163722"
Play Pisana S.S.D. a Rl,cinema,,Ingen webbplats,,Rome,"41,8719108","12,4145917"
Player One Videogames,video_game_store,,https://playerone.webnode.it,,Rome,"41,9321085","12,5207997"
Playpausa Circuito,broadcasting_media_production,,https://www.playpausa.org/,,Rome,"41,8832","12,58765"
PleinAir,print_media,,http://www.pleinair.it/,,Rome,"41,93155","12,51047"
Plus Arte Puls,art_gallery,,http://www.plusartepuls.com/,,Rome,"41,9179868","12,4691012"
Pocket 2000,bookstore,,https://www.paginegialle.it/libreria-pocket-2000-roma,,Rome,"41,909784","12,456302"
Pocket Art Studio,art_gallery,,Ingen webbplats,,Rome,"41,8932385","12,4774646"
Poggi Dipinti Antichi,art_gallery,,https://www.poggidipintiantichi.it/,,Rome,"41,8987679","12,4708461"
Polaris AeroService,studio_taping,,,,Rome,"41,88417053","12,51374054"
Pole Dance Company,dance_school,,http://www.poledancecompany.it/,,Rome,"41,8530742","12,5672721"
Pole Dance Marconi,dance_school,,https://www.goldenpower.it/pole-dance-2/,,Rome,"41,86671","12,4669"
Policromi,videographer,,http://www.policromi.it/,,Rome,"41,8819324","12,5375859"
Polistudiorecording,music_production,,http://www.polistudiorecording.com/,,Rome,"41,9254445","12,4176525"
Polito's studio recording,music_production,,http://enzopolito.it/,,Rome,"41,96293","12,44281"
Polizzi Elio,music_production,,http://www.corsidimusicaecinema.it/,,Rome,"41,9085358","12,3910134"
Polmone Pulsante,art_gallery,,http://www.polmonepulsante.it/,,Rome,"41,8952833","12,4869646"
Polo Artistico di Roma,performing_arts,,http://www.poloartistico.com/,,Rome,"41,8914327","12,4990381"
Polo culturale MIMIT - Museo storico della comunicazione,science_museum,,https://portalecultura.mise.gov.it/,,Rome,"41,831194","12,467584"
Polo Museale ATAC - Parco Museo Ferroviario,museum,,https://atac.roma.it/function/pg_page.asp?act=1&r=1507,,Rome,"41,8747498","12,4812018"
Polyhedric - Digital Art Studio,graphic_designer,,http://www.polyhedricstudio.com/,,Rome,"41,83375","12,50868"
Polyscenica,graphic_designer,,http://www.polyscenica.com/,,Rome,"41,765832","12,5269051"
Pom Pom Studio,music_production,,https://www.instagram.com/pom.pom.studio/,,Rome,"41,8704626","12,4502975"
Pomeridiana Romana - Milonga,arts_and_entertainment,,Ingen webbplats,,Rome,"41,88282","12,4046"
Ponte della Musica,music_venue,,Ingen webbplats,,Rome,"41,9301997","12,4646463"
Pontelinari Scuoladimusica,music_school,,http://www.scuolamusicapontelinari.it/,,Rome,"41,8405965","12,6069906"
Ponti Art,art_gallery,,https://www.pontiart.com/,,Rome,"41,8971898","12,4682718"
Pontificia Universita Santa Croce,library,,http://www.pusc.it/bib/orari.html,,Rome,"41,8949832","12,4700218"
Ponziartgallery,art_gallery,,http://www.matteoponzi.it/,,Rome,"41,8970108","12,4703219"
Porta San Sebastiano,museum,,http://www.museodellemuraroma.it,,Rome,"41,8734968","12,5015443"
Portico dei Leoni,museum,,Ingen webbplats,,Rome,"41,9129133","12,4840504"
Poseidon Night Club,dance_club,,http://PoseidonClub.Tk/,,Rome,"41,9085034","12,5495898"
Postaprint,graphic_designer,,http://www.postaprint.it/,,Rome,"41,8949257","12,4991933"
postO,cultural_center,,http://postocentroculturale.wordpress.com/,,Rome,"41,8987086","12,5393091"
Potature Alberi Roma,landscaping,,https://www.potaturealberiroma.it/,,Rome,"41,8507132","12,4843244"
Pour Femme,dance_school,,http://www.romamambodistrict.com/,,Rome,"41,83782","12,58537"
Pquadro vfx,cinema,,http://www.flatparioli.com/,,Rome,"41,92176","12,4820499"
PR & Editoria di Lisa Di Giovanni,media_agency,,https://www.lisadigiovanni.it/,,Rome,"41,946889","12,5338279"
Premio Curcio per le Attività Creative,art_school,,http://premiocurcio.com/,,Rome,"41,917021","12,5680013"
Prenestation lab - Centro di cultura Roma Prenestina,cultural_center,,https://prenestation.wordpress.com/,,Rome,"41,8934","12,5468499"
Prepararsi all'obiettivo,art_school,,Ingen webbplats,,Rome,"41,91494","12,45876"
Prima Linea editoria tessile,bookstore,,Ingen webbplats,,Rome,"41,8692848","12,4844553"
PRIMA PAGINA NEWS - Agenzia di Stampa Quotidiana Nazionale,mass_media,,https://www.primapaginanews.it/,,Rome,"41,8707008","12,4813995"
Prima Pagina Radio3,radio_station,,http://www.primapagina.rai.it/,,Rome,"41,9188868","12,4626529"
Primaedicola Edidea,bookstore,,http://edideastore.it/,,Rome,"41,8667024","12,4442089"
PrimaEdicola Point,newspaper_and_magazines_store,,https://edicole.primaedicola.it/it/italia/roma/roma-via-cesira-fiori,,Rome,"41,9583318","12,3985321"
PrimaEdicola Point,newspaper_and_magazines_store,,https://edicole.primaedicola.it/it/italia/roma/roma-largo-millesimo-5,,Rome,"41,9319","12,4202"
PrimaEdicola Point,newspaper_and_magazines_store,,https://edicole.primaedicola.it/it/italia/roma/roma-via-della-pineta,,Rome,"41,925196","12,426155"
PrimaEdicola Point,newspaper_and_magazines_store,,https://edicole.primaedicola.it/it/italia/roma/roma-piazza-walter-rossi,,Rome,"41,935","12,443"
PrimaEdicola Point,newspaper_and_magazines_store,,https://edicole.primaedicola.it/it/italia/roma/roma-via-archimede-47,,Rome,"41,9234511","12,4800014"
PrimaEdicola Point,newspaper_and_magazines_store,,https://edicole.primaedicola.it/it/italia/roma/roma-via-cassia-876,,Rome,"41,9697","12,4364"
PrimaEdicola Point,newspaper_and_magazines_store,,https://edicole.primaedicola.it/it/italia/roma/roma-via-degli-orti,,Rome,"41,9423807","12,4621719"
PrimaEdicola Point,newspaper_and_magazines_store,,https://edicole.primaedicola.it/it/italia/roma/roma-via-cassia-1,,Rome,"41,9384698","12,4657871"
PrimaEdicola Point,newspaper_and_magazines_store,,https://edicole.primaedicola.it/it/italia/roma/roma-viale-pinturicchio-8,,Rome,"41,9331097","12,4669127"
PrimaEdicola Point,newspaper_and_magazines_store,,https://edicole.primaedicola.it/it/italia/roma/roma-piazza-dei-carracci,,Rome,"41,9303","12,468"
PrimaEdicola Point,newspaper_and_magazines_store,,https://edicole.primaedicola.it/it/italia/roma/roma-via-germania-snc,,Rome,"41,934022","12,473051"
PrimaEdicola Point,newspaper_and_magazines_store,,https://edicole.primaedicola.it/it/italia/roma/roma-piazza-monteleone-di,,Rome,"41,9436","12,4747"
PrimaEdicola Point,newspaper_and_magazines_store,,https://edicole.primaedicola.it/it/italia/roma/roma-via-benedetto-croce,,Rome,"41,8424","12,4854"
PrimaEdicola Point,newspaper_and_magazines_store,,https://edicole.primaedicola.it/,,Rome,"41,8944","12,4862"
PrimaEdicola Point,newspaper_and_magazines_store,,https://edicole.primaedicola.it/it/italia/roma/roma-via-celimontana-5,,Rome,"41,8892","12,4967"
PrimaEdicola Point,newspaper_and_magazines_store,,https://edicole.primaedicola.it/it/italia/roma/roma-piazza-tuscolo,,Rome,"41,879235","12,511313"
PrimaEdicola Point,newspaper_and_magazines_store,,https://edicole.primaedicola.it/it/italia/roma/roma-via-appia-nuova-8661,,Rome,"41,8837","12,5116"
PrimaEdicola Point,newspaper_and_magazines_store,,https://edicole.primaedicola.it/it/italia/roma/roma-via-tommaso-da,,Rome,"41,8717","12,5152"
PrimaEdicola Point,newspaper_and_magazines_store,,https://edicole.primaedicola.it/it/italia/roma/roma-via-cesare-baronio,,Rome,"41,8722937","12,5196182"
PrimaEdicola Point,newspaper_and_magazines_store,,https://edicole.primaedicola.it/it/italia/roma/roma-via-appia-nuova-8816,,Rome,"41,8739","12,5239"
PrimaEdicola Point,newspaper_and_magazines_store,,https://edicole.primaedicola.it/it/italia/roma/roma-via-appia-nuova,,Rome,"41,8732976","12,524612"
PrimaEdicola Point,newspaper_and_magazines_store,,https://edicole.primaedicola.it/it/italia/roma/roma-largo-gaetano-de,,Rome,"41,8691","12,5247"
PrimaEdicola Point,newspaper_and_magazines_store,,https://edicole.primaedicola.it/it/italia/roma/roma-via-nocera-umbra,,Rome,"41,8787","12,5292"
PrimaEdicola Point,newspaper_and_magazines_store,,https://edicole.primaedicola.it/it/italia/roma/roma-via-acerenza-4-v,,Rome,"41,8418","12,5516"
PrimaEdicola Point,newspaper_and_magazines_store,,https://edicole.primaedicola.it/it/italia/roma/roma-via-francesco-ferraironi,,Rome,"41,8787","12,5572"
PrimaEdicola Point,newspaper_and_magazines_store,,https://edicole.primaedicola.it/it/italia/roma/roma-via-tuscolana-1064,,Rome,"41,8587","12,5587"
PrimaEdicola Point,newspaper_and_magazines_store,,https://edicole.primaedicola.it/it/italia/roma/roma-viale-tito-labieno,,Rome,"41,8509","12,5639"
PrimaEdicola Point,newspaper_and_magazines_store,,https://edicole.primaedicola.it/it/italia/roma/roma-viale-marco-fulvio,,Rome,"41,8595","12,5649"
PrimaEdicola Point,newspaper_and_magazines_store,,https://edicole.primaedicola.it/it/italia/roma/roma-piazza-pitagora-6,,Rome,"41,9222","12,4903"
PrimaEdicola Point,newspaper_and_magazines_store,,https://edicole.primaedicola.it/it/italia/roma/roma-corso-d-italia,,Rome,"41,9109077","12,4957007"
PrimaEdicola Point,newspaper_and_magazines_store,,https://edicole.primaedicola.it/it/italia/roma/roma-viale-dell-universita-1,,Rome,"41,903","12,5075"
PrimaEdicola Point,newspaper_and_magazines_store,,https://edicole.primaedicola.it/it/italia/roma/roma-via-nomentana-251-13912,,Rome,"41,9145","12,5087"
PrimaEdicola Point,newspaper_and_magazines_store,,https://edicole.primaedicola.it/it/italia/roma/roma-via-nomentana-251,,Rome,"41,914716","12,508882"
PrimaEdicola Point,newspaper_and_magazines_store,,https://edicole.primaedicola.it/it/italia/roma/roma-via-di-porta,,Rome,"41,8932173","12,5102077"
PrimaEdicola Point,newspaper_and_magazines_store,,https://edicole.primaedicola.it/it/italia/roma/roma-viale-regina-margherita,,Rome,"41,9098","12,5107"
PrimaEdicola Point,newspaper_and_magazines_store,,https://edicole.primaedicola.it/it/italia/roma/roma-piazza-dei-siculi,,Rome,"41,8988","12,5114"
PrimaEdicola Point,newspaper_and_magazines_store,,https://edicole.primaedicola.it/it/italia/roma/roma-via-lorenzo-il,,Rome,"41,9126","12,5239"
PrimaEdicola Point,newspaper_and_magazines_store,,https://edicole.primaedicola.it/it/italia/roma/roma-piazza-roberto-malatesta,,Rome,"41,887","12,5404"
PrimaEdicola Point,newspaper_and_magazines_store,,https://edicole.primaedicola.it/it/italia/roma/roma-via-di-acqua,,Rome,"41,8897","12,5421"
PrimaEdicola Point,newspaper_and_magazines_store,,https://edicole.primaedicola.it/it/italia/roma/roma-via-eugenio-checchi,,Rome,"41,9092319","12,5444224"
PrimaEdicola Point,newspaper_and_magazines_store,,https://edicole.primaedicola.it/it/italia/roma/roma-via-aquilonia-9,,Rome,"41,8923","12,5497"
PrimaEdicola Point,newspaper_and_magazines_store,,https://edicole.primaedicola.it/it/italia/roma/roma-piazza-riccardo-balsamo,,Rome,"41,906","12,5507"
PrimaEdicola Point,newspaper_and_magazines_store,,https://edicole.primaedicola.it/it/italia/roma/roma-via-dei-castani,,Rome,"41,8885","12,5654"
PrimaEdicola Point,newspaper_and_magazines_store,,https://edicole.primaedicola.it/it/italia/roma/roma-viale-alessandrino-74,,Rome,"41,8726","12,5803"
PrimaEdicola Point,newspaper_and_magazines_store,,https://edicole.primaedicola.it/it/italia/roma/roma-via-dell-aquila-reale,,Rome,"41,8658","12,5963"
PrimaEdicola Point,newspaper_and_magazines_store,,https://edicole.primaedicola.it/it/italia/roma/roma-via-della-tenuta,,Rome,"41,8583191","12,6174928"
PrimaEdicola Point,newspaper_and_magazines_store,,https://edicole.primaedicola.it/it/italia/roma/roma-via-del-torraccio,,Rome,"41,878223","12,6182617"
PrimaEdicola Point,newspaper_and_magazines_store,,https://edicole.primaedicola.it/it/italia/roma/roma-via-vittorio-de,,Rome,"42,0222","12,374"
PrimaEdicola Point,newspaper_and_magazines_store,,https://edicole.primaedicola.it/it/italia/roma/roma-viale-parioli-166-a,,Rome,"41,9287316","12,4863676"
PrimaEdicola Point,newspaper_and_magazines_store,,https://edicole.primaedicola.it/it/italia/roma/roma-via-della-villa,,Rome,"42,0000498","12,4942685"
PrimaEdicola Point,newspaper_and_magazines_store,,https://edicole.primaedicola.it/it/italia/roma/roma-via-grottazzolina-124,,Rome,"41,987948","12,505906"
PrimaEdicola Point,newspaper_and_magazines_store,,https://edicole.primaedicola.it/it/italia/roma/roma-piazza-acilia,,Rome,"41,9294","12,512"
PrimaEdicola Point,newspaper_and_magazines_store,,https://edicole.primaedicola.it/it/italia/roma/roma-via-rapagnano,,Rome,"41,9820999","12,5131174"
PrimaEdicola Point,newspaper_and_magazines_store,,https://edicole.primaedicola.it/it/italia/roma/roma-largo-gambassi,,Rome,"41,9479","12,5138"
PrimaEdicola Point,newspaper_and_magazines_store,,https://edicole.primaedicola.it/it/italia/roma/roma-piazza-minucciano,,Rome,"41,9532","12,5144"
PrimaEdicola Point,newspaper_and_magazines_store,,https://edicole.primaedicola.it/it/italia/roma/roma-piazza-di-sant-emerenziana,,Rome,"41,9289","12,516"
PrimaEdicola Point,newspaper_and_magazines_store,,https://edicole.primaedicola.it/it/italia/roma/roma-viale-somalia-98,,Rome,"41,9358","12,5162"
PrimaEdicola Point,newspaper_and_magazines_store,,https://edicole.primaedicola.it/it/italia/roma/roma-largo-valtournanche-15,,Rome,"41,9453","12,5163"
PrimaEdicola Point,newspaper_and_magazines_store,,https://edicole.primaedicola.it/it/italia/roma/roma-piazza-marianna-benti,,Rome,"41,9647","12,52"
PrimaEdicola Point,newspaper_and_magazines_store,,https://edicole.primaedicola.it/,,Rome,"41,95","12,5202"
PrimaEdicola Point,newspaper_and_magazines_store,,https://edicole.primaedicola.it/it/italia/roma/roma-via-tripolitania-159,,Rome,"41,9308","12,5225"
PrimaEdicola Point,newspaper_and_magazines_store,,https://edicole.primaedicola.it/it/italia/roma/roma-via-di-valle,,Rome,"41,9491","12,526"
PrimaEdicola Point,newspaper_and_magazines_store,,https://edicole.primaedicola.it/it/italia/roma/roma-via-dei-campi,,Rome,"41,9329","12,5268"
PrimaEdicola Point,newspaper_and_magazines_store,,https://edicole.primaedicola.it/it/italia/roma/roma-piazza-conca-d-oro,,Rome,"41,9389","12,527"
PrimaEdicola Point,newspaper_and_magazines_store,,https://edicole.primaedicola.it/it/italia/roma/roma-piazza-luigi-porro,,Rome,"41,9565","12,5277"
PrimaEdicola Point,newspaper_and_magazines_store,,https://edicole.primaedicola.it/it/italia/roma/roma-piazza-degli-euganei,,Rome,"41,9492","12,5324"
PrimaEdicola Point,newspaper_and_magazines_store,,https://edicole.primaedicola.it/it/italia/roma/roma-viale-jonio-225,,Rome,"41,9452","12,5332"
PrimaEdicola Point,newspaper_and_magazines_store,,https://edicole.primaedicola.it/it/italia/roma/roma-via-gargano,,Rome,"41,9354","12,534"
PrimaEdicola Point,newspaper_and_magazines_store,,https://edicole.primaedicola.it/it/italia/roma/roma-piazzale-adriatico-snc,,Rome,"41,9405631","12,5360506"
PrimaEdicola Point,newspaper_and_magazines_store,,https://edicole.primaedicola.it/it/italia/roma/roma-via-luigi-bertelli,,Rome,"41,9395","12,5414"
PrimaEdicola Point,newspaper_and_magazines_store,,https://edicole.primaedicola.it/it/italia/roma/roma-via-della-bufalotta,,Rome,"41,9513","12,5423"
PrimaEdicola Point,newspaper_and_magazines_store,,https://edicole.primaedicola.it/it/italia/roma/roma-via-renato-fucini-8906,,Rome,"41,9532374","12,5442791"
PrimaEdicola Point,newspaper_and_magazines_store,,https://edicole.primaedicola.it/it/italia/roma/roma-via-renato-fucini,,Rome,"41,9503","12,5492"
PrimaEdicola Point,newspaper_and_magazines_store,,https://edicole.primaedicola.it/it/italia/roma/roma-via-della-bufalotta-14032,,Rome,"41,9656707","12,5496353"
PrimaEdicola Point,newspaper_and_magazines_store,,https://edicole.primaedicola.it/it/italia/roma/roma-via-carlo-lorenzini,,Rome,"41,9453","12,5547"
PrimaEdicola Point,newspaper_and_magazines_store,,https://edicole.primaedicola.it/it/italia/roma/roma-via-ugo-ojetti,,Rome,"41,9477","12,5552"
PrimaEdicola Point,newspaper_and_magazines_store,,https://edicole.primaedicola.it/it/italia/roma/roma-viale-palmiro-togliatti,,Rome,"41,8922","12,5746"
PrimaEdicola Point,newspaper_and_magazines_store,,https://edicole.primaedicola.it/it/italia/roma/roma-via-nomentana-954,,Rome,"41,9561015","12,5777598"
PrimaEdicola Point,newspaper_and_magazines_store,,https://edicole.primaedicola.it/it/italia/roma/roma-viale-filippo-de,,Rome,"41,8994347","12,588916"
PrimaEdicola Point,newspaper_and_magazines_store,,https://edicole.primaedicola.it/it/italia/roma/vermicino-via-di-vermicino,,Rome,"41,859006","12,673105"
PrimaEdicola Point,newspaper_and_magazines_store,,https://edicole.primaedicola.it/it/italia/roma/borghesiana,,Rome,"41,8554104","12,6748474"
PrimaEdicola Point,newspaper_and_magazines_store,,https://edicole.primaedicola.it/it/italia/roma/roma-via-isole-del,,Rome,"41,7384","12,2782"
PrimaEdicola Point,newspaper_and_magazines_store,,https://edicole.primaedicola.it/it/italia/roma/lido-di-ostia-piazza-vega,,Rome,"41,7271","12,2947"
PrimaEdicola Point,newspaper_and_magazines_store,,https://edicole.primaedicola.it/it/italia/roma/roma-piazza-eschilo-snc,,Rome,"41,7574","12,3579"
PrimaEdicola Point,newspaper_and_magazines_store,,https://edicole.primaedicola.it/it/italia/roma/roma-viale-gianluigi-bonelli,,Rome,"41,8005","12,4211"
PrimaEdicola Point,newspaper_and_magazines_store,,https://edicole.primaedicola.it/it/italia/roma/roma-piazza-francesco-vannetti,,Rome,"41,8197","12,4423"
PrimaEdicola Point,newspaper_and_magazines_store,,https://edicole.primaedicola.it/it/italia/roma/roma-viale-beethoven-90-92,,Rome,"41,8309257","12,4654428"
PrimaEdicola Point,newspaper_and_magazines_store,,https://edicole.primaedicola.it/it/italia/roma/roma-via-laurentina-571,,Rome,"41,8238","12,4793"
PrimaEdicola Point,newspaper_and_magazines_store,,https://edicole.primaedicola.it/it/italia/roma/roma-largo-ludovico-quaroni,,Rome,"41,8703","12,4076"
PrimaEdicola Point,newspaper_and_magazines_store,,https://edicole.primaedicola.it/it/italia/roma/roma-via-della-pisana,,Rome,"41,8765","12,4149"
PrimaEdicola Point,newspaper_and_magazines_store,,https://edicole.primaedicola.it/it/italia/roma/roma-via-dei-gonzaga,,Rome,"41,8852","12,422"
PrimaEdicola Point,newspaper_and_magazines_store,,https://edicole.primaedicola.it/it/italia/roma/roma-via-boccea-210,,Rome,"41,9032","12,422"
PrimaEdicola Point,newspaper_and_magazines_store,,https://edicole.primaedicola.it/it/italia/roma/roma-via-dell-imbrecciato-132,,Rome,"41,849","12,4458"
PrimaEdicola Point,newspaper_and_magazines_store,,https://edicole.primaedicola.it/it/italia/roma/roma-via-portuense-541,,Rome,"41,8585","12,4494"
PrimaEdicola Point,newspaper_and_magazines_store,,https://edicole.primaedicola.it/it/italia/roma/roma-via-della-magliana-8852,,Rome,"41,8475","12,4576"
PrimaEdicola Point,newspaper_and_magazines_store,,https://edicole.primaedicola.it/it/italia/roma/roma-via-giovanni-livraghi,,Rome,"41,8853","12,4609"
PrimaEdicola Point,newspaper_and_magazines_store,,https://edicole.primaedicola.it/it/italia/roma/roma-passeggiata-del-gianicolo,,Rome,"41,8900544","12,4617263"
PrimaEdicola Point,newspaper_and_magazines_store,,https://edicole.primaedicola.it/it/italia/roma/roma-via-pescaglia,,Rome,"41,8471","12,4621"
PrimaEdicola Point,newspaper_and_magazines_store,,https://edicole.primaedicola.it/it/italia/roma/roma-via-gaspare-gozzi,,Rome,"41,85642","12,47865"
PrimaEdicola Point,newspaper_and_magazines_store,,https://edicole.primaedicola.it/it/italia/roma/roma-via-francesco-sapori,,Rome,"41,8111","12,484"
PrimaEdicola Point,newspaper_and_magazines_store,,https://edicole.primaedicola.it/it/italia/roma/roma-via-andrea-millevoi,,Rome,"41,8211","12,5175"
PrimaEdicola Point,newspaper_and_magazines_store,,https://edicole.primaedicola.it/it/italia/roma/roma-via-del-calice,,Rome,"41,8316","12,5643"
PrimaEdicola Point,newspaper_and_magazines_store,,https://edicole.primaedicola.it/it/italia/roma/roma-via-tuscolana-804,,Rome,"41,8327805","12,61259"
PrimaEdicola Point,newspaper_and_magazines_store,,https://edicole.primaedicola.it/it/italia/roma/roma-via-ugo-de,,Rome,"41,918","12,4389"
PrimaEdicola Point,newspaper_and_magazines_store,,https://edicole.primaedicola.it/it/italia/roma/roma-piazza-della-balduina,,Rome,"41,9197","12,4418"
PrimaEdicola Point,newspaper_and_magazines_store,,https://edicole.primaedicola.it/it/italia/roma/roma-viale-delle-medaglie,,Rome,"41,9193","12,4426"
PrimaEdicola Point,newspaper_and_magazines_store,,https://edicole.primaedicola.it/it/italia/roma/roma-viale-degli-ammiragli,,Rome,"41,9055","12,4449"
PrimaEdicola Point,newspaper_and_magazines_store,,https://edicole.primaedicola.it/it/italia/roma/roma-piazza-santa-maria,,Rome,"41,9071","12,4497"
PrimaEdicola Point,newspaper_and_magazines_store,,https://edicole.primaedicola.it/it/italia/roma/roma-piazza-giovine-italia,,Rome,"41,9138","12,4581"
PrimaEdicola Point,newspaper_and_magazines_store,,https://edicole.primaedicola.it/,,Rome,"41,9149","12,4587"
PrimaEdicola.it,newspaper_and_magazines_store,,https://edicole.primaedicola.it/it/italia/roma/roma-via-tripolitania-159?utm_source=Facebook&utm_medium=FBSitelink&utm_campaign=FBSitelink_Roma_37225,,Rome,"41,9309128","12,5225238"
PrimaEdicola.it,newspaper_and_magazines_store,,Ingen webbplats,,Rome,"41,93508","12,5362515"
PrimaEdicola.it,newspaper_and_magazines_store,,https://edicole.primaedicola.it/it/italia/roma/roma-via-raffaele-balestra?utm_source=Facebook&utm_medium=FBSitelink&utm_campaign=FBSitelink_Roma_28379,,Rome,"41,8747301","12,449581"
Primafilm,movie_television_studio,,http://www.primafilm.it/,,Rome,"41,8528947","12,5759907"
Primalinea,art_gallery,,http://www.primalineastudio.com/,,Rome,"41,9016214","12,4368537"
Prince Club Disco II,dance_club,,Ingen webbplats,,Rome,"41,86476","12,59628"
Print All Srl,graphic_designer,,http://www.fotodigitaldiscount.it,,Rome,"41,9009239","12,4924148"
Prix Italia,broadcasting_media_production,,http://www.prixitalia.rai.it/,,Rome,"41,91859","12,46103"
Pro Cube Studio,music_production,,http://www.procubestudio.it/,,Rome,"41,8633125","12,4576258"
Produzione Straordinaria srl,broadcasting_media_production,,http://www.pstraordinaria.it/,,Rome,"41,9304679","12,590566"
Professione Artista,cinema,,https://accademiaprofessioneartista.it/,,Rome,"41,8996331","12,5203304"
Profondo Rosso Store,bookstore,,http://www.profondorossostore.com/,,Rome,"41,9090366","12,4664388"
Progettazione Grafica,graphic_designer,,http://www.progettazionegrafica.com/,,Rome,"41,9407492","12,5115665"
Progetto Art - Museo open air Monte Ciocci Monte Mario,museum,,Ingen webbplats,,Rome,"41,9219498","12,451973"
Progetto Arte Poli - Arte Sacra,theatre,,Ingen webbplats,,Rome,"41,90432","12,46009"
Progetto Danza -  Roma Ponte Lungo,dance_school,,Ingen webbplats,,Rome,"41,8772188","12,5163706"
Progetto Stile Urbano ASD Scuola di Danza,dance_school,,http://www.progettostileurbano.it/,,Rome,"41,8701722","12,6579235"
Proiezione Arte,arts_and_entertainment,,http://www.pellegrini-sculture.com/,,Rome,"41,8998599","12,45194"
Prolight Equipment,photography_store_and_services,,http://www.prolight-equipment.com/,,Rome,"41,9351136","12,5937241"
PromArte,community_services_non_profits,,http://www.promarte.it/,,Rome,"41,8116592","12,6143606"
Prometheos S.r.l.,bookstore,,http://www.prometheos.net/,,Rome,"41,8988055","12,4722658"
Promogemar,graphic_designer,,http://www.promogemar.it/,,Rome,"41,7711131","12,3594887"
Promos Ricami Articoli Personalizzati,screen_printing_t_shirt_printing,,http://www.promosricami.it/,,Rome,"41,8079447","12,5229829"
Psc Assieme Radio Tv Web,radio_station,,https://pscassiemeradio.radio12345.com/,,Rome,"41,92654","12,4859"
Publimaster Grafica Pubblicitaria,graphic_designer,,http://adpublimaster.it,,Rome,"41,8569111","12,4715322"
Publinext,mass_media,,http://www.publinext.it/,,Rome,"41,8848623","12,5664565"
Pumaisdue,cinema,,Ingen webbplats,,Rome,"41,8766063","12,4372067"
Punte & Mezzepunte,dance_school,,http://www.puntemezzepunte.it/,,Rome,"41,9395673","12,422768"
Punto di Lettura Mercato Meda,library,,Ingen webbplats,,Rome,"41,91313","12,54295"
Punto Einaudi,bookstore,,http://www.einaudi.it/,,Rome,"41,9080145","12,5180117"
Punto Einaudi Merulana,bookstore,,http://www.einaudi.it/,,Rome,"41,8959295","12,5001158"
Punto Scuola,bookstore,,http://www.puntoscuolalibreria.com/,,Rome,"41,7388785","12,2871601"
Puntocasting,movie_television_studio,,http://www.puntocasting.it/,,Rome,"41,9504387","12,5807267"
Pure Club - Roma,dance_club,,Ingen webbplats,,Rome,"41,834971","12,470846"
Purificato.zero,art_gallery,,http://www.purificatozerogallery.com/,,Rome,"41,9233647","12,5116263"
Pyramid Factory,movie_television_studio,,http://www.pyramidfactory.eu/,,Rome,"41,8863711","12,5188539"
Q Academy,theatre,,http://www.qacademy.it/,,Rome,"41,917424","12,4972244"
Q8,newspaper_and_magazines_store,,https://www.q8.it/,,Rome,"41,9424651","12,4196678"
Q8,newspaper_and_magazines_store,,https://www.q8.it/,,Rome,"41,9349733","12,4428469"
Q8,newspaper_and_magazines_store,,https://www.q8.it/,,Rome,"41,894279","12,5897892"
Quadraro Basement - QuBa Records,music_production,,Ingen webbplats,,Rome,"41,861991","12,550113"
QuadraRum Art Gallery,art_gallery,,Ingen webbplats,,Rome,"41,8658599","12,5522934"
Qualityfilm,cinema,,https://qualityfilm.net/,,Rome,"41,9169757","12,4591875"
Quantaradio.it site,radio_station,,http://www.quantaradio.it/,,Rome,"41,8513678","12,500605"
QuanteStorie,bookstore,,http://www.quantestorielibreria.it/,,Rome,"41,9174015","12,3750876"
Quarta Sospesa 2,music_school,,http://www.quartasospesa.it/,,Rome,"41,9512399","12,5470695"
Quartiere Trieste. Immagini e testimonianze della sua storia,print_media,,http://www.arborsapientiae.com/,,Rome,"41,92094","12,51009"
Quater Video Srl,cinema,,http://www.quatervideo.com/Contatti.html,,Rome,"41,91517","12,45516"
QUBE ROME,dance_club,,https://linktr.ee/quberoma,,Rome,"41,8972247","12,5399894"
QUEEN Privè Muccassassina Star,arts_and_entertainment,,http://www.muccassassina.com/,,Rome,"41,8973462","12,5400061"
Quelli Che Ballano - la scuola di ballo a Roma,dance_school,,http://www.quellicheballano.it/,,Rome,"41,9226514","12,4447079"
Quid,music_venue,,http://www.quidroma.it/,,Rome,"41,8811064","12,5277655"
Quincy Club,dance_club,,http://www.quincyclub.it/,,Rome,"41,7412876","12,350708"
Raccoon Studio Roma,music_production,,https://raccoonstudio.it/,,Rome,"41,8810577","12,4235989"
Radiation Records,music_and_dvd_store,,http://www.radiationrecords.net,,Rome,"41,8913031","12,5320823"
Radici APS,arts_and_entertainment,,https://www.radiciaps.it/,,Rome,"41,8309457","12,6212242"
Radio Activa Plus,radio_station,,http://www.radioactiva.it/,,Rome,"41,85458","12,48439"
Radio Capital,radio_station,,http://www.capital.it/,,Rome,"41,8662791","12,496087"
Radio Città Aperta,broadcasting_media_production,,https://www.radiocittaperta.it/,,Rome,"41,9055641","12,5473502"
Radio Città Futura,radio_station,,http://www.radiocittafutura.it/,,Rome,"41,9017495","12,4401811"
Radio Cusano Campus,radio_station,,http://www.radiocusanocampus.it/,,Rome,"41,911621","12,3932894"
Radio Dimensione Suono SPA,media_agency,,http://www.rds.it,,Rome,"41,9009861","12,4769277"
Radio Eklisse - REK,broadcasting_media_production,,http://www.radioeklisse.it/,,Rome,"41,8407688","12,5400435"
Radio Elettrica,radio_station,,http://www.radioelettrica.it/,,Rome,"41,884531","12,543353"
Radio FinestrAperta,radio_station,,https://www.finestraperta.it/,,Rome,"41,90621","12,41899"
Radio Food,radio_station,,http://www.radio-food.it/,,Rome,"41,8746791","12,4720379"
Radio Globo,radio_station,,http://www.radioglobo.it/,,Rome,"41,8489541","12,4774196"
Radio Godot,radio_station,,http://www.radiogodot.net/,,Rome,"41,8727308","12,52827"
Radio Kaos Italy,arts_and_entertainment,,http://www.radiokaositaly.com/,,Rome,"41,9110827","12,5377418"
Radio L'Olgiata Media Group,broadcasting_media_production,,http://www.radiololgiata.net/,,Rome,"42,0135465","12,3706404"
RADIO LEON,radio_station,,https://www.radioleon.it/,,Rome,"41,8227518","12,3003926"
Radio Londra,dance_club,,http://www.radiolondradiscobar.com/home.html,,Rome,"41,8754099","12,476608"
Radio Mambo,broadcasting_media_production,,https://www.mambo.it/,,Rome,"41,8878887","12,5102676"
Radio Micca Club,arts_and_entertainment,,http://www.miccaclub.com/,,Rome,"41,893201","12,510919"
Radio Onda Rossa,radio_station,,http://www.ondarossa.info/,,Rome,"41,8969276","12,5133314"
Radio Parlamentare,radio_station,,http://radioparlamentare.it/,,Rome,"41,90384","12,47711"
Radio Radicale,radio_station,,http://www.radioradicale.it/rubriche/passaggio-a-sud-est,,Rome,"41,9008334","12,4970722"
Radio Radio,radio_station,,http://www.radioradio.it/,,Rome,"41,955417","12,5463901"
Radio Rock,radio_station,,Ingen webbplats,,Rome,"41,9100582","12,4902157"
Radio Rock,broadcasting_media_production,,http://www.radiorock.it/,,Rome,"41,9023619","12,5383293"
Radio Roma Antenna1,radio_station,,http://www.antenna1.fm/,,Rome,"41,9060357","12,4799672"
Radio Roma Capitale,radio_station,,http://www.radioromacapitale.it/,,Rome,"41,9118563","12,5506499"
Radio Roma Capitale LiveSocial,radio_station,,Ingen webbplats,,Rome,"41,8471579","12,5966119"
Radio Roma Sound 90 FM,radio_station,,http://www.radioromasound.it/,,Rome,"41,8828797","12,5536971"
Radio RVS,radio_station,,https://hopemedia.it/rvs/,,Rome,"41,91209","12,47032"
Radio Studio Dance,radio_station,,http://www.radiostudiodanceroma.it,,Rome,"41,8570496","12,602091"
Radio Unint,radio_station,,http://www.unint.eu/it/servizi-3/radio-younint.html,,Rome,"41,8600894","12,4963938"
Radio Vaticana,radio_station,,https://www.vaticannews.va/it/rvi.html,,Rome,"41,9030949","12,4641842"
Radio1 Plot Machine,broadcasting_media_production,,http://www.plot.rai.it/,,Rome,"41,9800183","12,496773"
Radio3 Mondo,radio_station,,http://www.raiplayradio.it/programmi/radio3mondo/,,Rome,"41,9193","12,46271"
Radio3 Scienza,radio_station,,https://www.raiplaysound.it/programmi/radio3scienza,,Rome,"41,9188881","12,4626532"
RadioDanza,radio_station,,http://www.radiodanza.it/,,Rome,"41,8625687","12,4704869"
RadioK55,radio_station,,https://www.radiok55.it/,,Rome,"41,794171","12,458012"
Radioluiss,radio_station,,http://www.radioluiss.it/,,Rome,"41,9247032","12,4942751"
Radiosonar.net,broadcasting_media_production,,www.radiosonar.net,,Rome,"41,8872449","12,5110633"
Radiospeaker.It,mass_media,,http://www.radiospeaker.it,,Rome,"41,91522","12,4569"
RadioVacanze La Voce del Turismo,radio_station,,https://radiovacanze.com/,,Rome,"41,9304693","12,5667119"
Ragazza Cinema OK,cinema,,http://www.ragazzacinemaok.it/,,Rome,"41,90507","12,55621"
Raged Studio,music_production,,http://raged.studio/,,Rome,"41,7644978","12,3567809"
Rai Com S p A,broadcasting_media_production,,http://www.international.rai.it,,Rome,"41,9203804","12,4557439"
RAI News,movie_television_studio,,http://www.rainews.it/,,Rome,"41,9825984","12,4968424"
Rai Radio2,broadcasting_media_production,,http://bit.ly/GuardaCheRadio,,Rome,"41,9188676","12,4628103"
RAI Radiotelevisione Italiana,broadcasting_media_production,,www.rai.it,,Rome,"41,940291","12,546932"
RAI Radiotelevisione Italiana,broadcasting_media_production,,http://www.rai.it,,Rome,"41,919931","12,454975"
RAI Radiotelevisione Italiana,broadcasting_media_production,,http://www.rai.it,,Rome,"41,91759","12,46658"
RAI Salario,broadcasting_media_production,,Ingen webbplats,,Rome,"41,9719921","12,5040407"
Rai2,broadcasting_media_production,,http://www.rai.it/rai2,,Rome,"41,9175778","12,4663966"
RaiSport,mass_media,,https://rainews.it/sport,,Rome,"41,9817612","12,495575"
RAM radioartemobile e Zerynthia Associazione per l'Arte Contemporanea,art_gallery,,https://www.radioartemobile.it/,,Rome,"41,8934319","12,506209"
Rampa Prenestina,theatre,,https://rampaprenestina.it/,,Rome,"41,8897324","12,5493957"
Ranch al Casale,urban_farm,,Ingen webbplats,,Rome,"41,87588","12,67171"
Rapsodie,theatre,,http://rapsodie.it/,,Rome,"41,8877925","12,4840592"
Rashõmon Club,dance_club,,http://www.rashomonclub.com,,Rome,"41,8646892","12,4813251"
RASI - Rete Artisti Spettacolo per l'Innovazione,community_services_non_profits,,http://www.reteartistispettacolo.it/,,Rome,"41,9172516","12,4987602"
RASPOUTINE Rome,dance_club,,http://www.raspoutine.com/,,Rome,"41,910544","12,4734145"
Raw Sound Studio,art_gallery,,Ingen webbplats,,Rome,"41,9041939","12,4172299"
RazzaBastarda,cinema,,http://www.cucchini.com/area_produzione.php,,Rome,"41,9059477","12,4733969"
RBS Rome Burlesque School,arts_and_entertainment,,http://www.romeburlesqueschool.com/,,Rome,"41,9148315","12,4571379"
RC Casting,theatre,,https://www.accademiacinema.it/,,Rome,"41,89973","12,44672"
RC DANCE,art_school,,http://www.rcdance.altervista.org/,,Rome,"41,84648","12,45688"
Rccb INIT,music_venue,,https://asscult-ldopa.jimdosite.com/,,Rome,"41,8993459","12,5354904"
"Read Red Road. Se leggi, fai strada.",bookstore,,http://readredroad.it/,,Rome,"41,9108322","12,5200662"
RealtàVirtualeRoma,arts_and_entertainment,,http://www.realtavirtualeroma.it/,,Rome,"41,911117","12,4152603"
Rebel ☈ Rebel,dance_club,,http://www.rebel-rebel.com/,,Rome,"41,91203","12,49864"
"REC srl - Cine Camera Rental, Light & Grip Equipment, Expendable Store",movie_television_studio,,http://www.rec-roma.com/,,Rome,"41,903246","12,538902"
Rec.itiamo,theatre,,Ingen webbplats,,Rome,"41,89731","12,43244"
RecAll,record_label,,http://www.recallmusicstudio.com/,,Rome,"41,9242244","12,3996083"
Recherche,cultural_center,,http://www.spaziorecherche.com/,,Rome,"41,8748211","12,5434949"
Red Film Srl,media_agency,,http://redfilm.org,,Rome,"41,9162101","12,4617572"
Red Joint Film,video_film_production,,https://redjointfilm.net/,,Rome,"41,91697714","12,46203469"
Red River Studio 34,music_production,,Ingen webbplats,,Rome,"41,8950909","12,3854367"
Red Temple Records,music_production,,http://www.redtemplerecords.it/,,Rome,"41,9282277","12,4109836"
Redazione Salute Mentale,print_media,,https://www.salutementale.net/,,Rome,"41,88569","12,51517"
RedHouse RadioWeb,radio_station,,https://www.redhouseradio.net/,,Rome,"41,9318797","12,6386925"
Reference Mastering,music_production,,http://www.referencemastering.com/,,Rome,"41,9130298","12,4554754"
Reina del Caribe,dance_school,,Ingen webbplats,,Rome,"41,9976436","12,4882337"
REK Records,music_production,,http://www.rekrecords.com/contact/,,Rome,"41,8942045","12,5095502"
Relevé Scuola di Danza,dance_school,,http://www.relevedanza.it/,,Rome,"41,8710022","12,5986065"
Renato MAZZA Extempor-Art,art_gallery,,http://www.extempor-art.net/,,Rome,"41,9004996","12,4753946"
RES REI ART - Editoria d'arte e prodotti di pregio,art_gallery,,https://www.resreiart.com/,,Rome,"41,938381","12,6209076"
Reset Production,cinema,,http://www.resetmedia.it/,,Rome,"41,8530588","12,4861739"
ResetVideo,movie_television_studio,,Ingen webbplats,,Rome,"41,87343","12,40336"
Restelliartco,art_gallery,,http://www.restelliartco.com/,,Rome,"41,9017823","12,4733195"
Rete delle Reti,library,,https://www.retedellereti.org/,,Rome,"41,90256","12,47705"
Rete Mondiale Preghiera del Papa in Italia,bookstore,,https://www.retepreghierapapa.it/,,Rome,"41,89577","12,48037"
Rete Oro,movie_television_studio,,http://www.reteoro.tv/,,Rome,"41,8513068","12,4898929"
Retesport 104.2,broadcasting_media_production,,http://www.retesport.it/,,Rome,"41,9116266","12,5508556"
Reti Solidali,print_media,,http://www.retisolidali.it/,,Rome,"41,89707","12,49807"
RetroGamesClub,video_game_store,,http://www.retrogamesclub.com/,,Rome,"41,8596359","12,5588108"
ReUnion Studio ASD,art_school,,http://reunionstudio.it/,,Rome,"41,8669233","12,5506852"
Rewind Film S.r.l.,movie_television_studio,,http://www.rewindfilm.it/,,Rome,"41,806265","12,4468959"
Rewind Srl,broadcasting_media_production,,http://Www.rewindproduzioni.com/,,Rome,"41,9154936","12,4562546"
Rey dance studio,dance_school,,Ingen webbplats,,Rome,"41,8650865","12,648713"
Ribichini SNC,craft_shop,,http://ribichinistucchi.it/,,Rome,"41,88277413","12,50488379"
RicaMamma,screen_printing_t_shirt_printing,,https://www.instagram.com/rica.mamma/,,Rome,"41,91772","12,57298"
Ricamarte,screen_printing_t_shirt_printing,,http://ricamarte.net,,Rome,"41,9169389","12,4096211"
Ricami&Personalizzazioni,screen_printing_t_shirt_printing,,http://www.ricamiepersonalizzazioni.com/,,Rome,"41,8666625","12,4649327"
Ricamificio e Sartoria,screen_printing_t_shirt_printing,,http://ricamidigitali.com/,,Rome,"41,8666692","12,4649557"
ricamiroma.it,screen_printing_t_shirt_printing,,http://www.ricamiroma.it/,,Rome,"41,80069","12,4805925"
Richard Saltoun Gallery,art_gallery,,Ingen webbplats,,Rome,"41,9085313","12,4796508"
Rid 96.8 Fm,radio_station,,http://www.rid968.com/,,Rome,"41,93341","12,52558"
Rincigi Linne - Danza Irlandese,dance_school,,http://rincigilinne.yolasite.com/,,Rome,"41,92339","12,46896"
RING FILM,movie_television_studio,,http://www.ringfilm.it/#about-ring,,Rome,"41,8909123","12,4987677"
Riserva Anime Miste,dance_club,,Ingen webbplats,,Rome,"41,890857","12,4711132"
Risma bookshop,bookstore,,https://www.rismabookshop.com/,,Rome,"41,8847477","12,5353694"
Risograph Roma,cultural_center,,http://www.risographroma.com/,,Rome,"41,8992","12,51627"
risparmiolibri.it -Appia store-,bookstore,,Ingen webbplats,,Rome,"41,878298","12,5186758"
Risparmiolibri.it Boccea,bookstore,,http://www.risparmiolibri.it/,,Rome,"41,9035","12,41924"
risparmiolibri.it prenestina store,bookstore,,http://www.risparmiolibri.it/,,Rome,"41,89252","12,56006"
Ritflow Dance School,dance_school,,Ingen webbplats,,Rome,"41,8902893","12,529177"
Ritratti Di Poesia,community_services_non_profits,,http://www.ritrattidipoesia.com/,,Rome,"41,9488892","12,4424774"
Riverside Music School,music_school,,http://www.riversidemusicschool.com/,,Rome,"41,8947894","12,4505184"
Rivista di Cavalleria,print_media,,http://www.assocavalleria.it/,,Rome,"41,9119","12,46316"
Road Television,broadcasting_media_production,,http://www.youtube.com/user/MrRoadTv?feature=mhum,,Rome,"41,9191346","12,4626603"
Road To Pictures Film,cinema,,http://www.roadtopicturesfilm.it/,,Rome,"41,8594927","12,4589698"
Roberto Bagnoli - FARE,dance_school,,http://www.morenu.it/,,Rome,"41,88439","12,47197"
Roberto delli Carri Voice Trainer - We Mix / Tecnica Vocale a Roma,music_school,,http://robertodellicarri.com/,,Rome,"41,861608","12,5523702"
Roby Daddy bachata,arts_and_entertainment,,http://www.vivadancestudio.it/,,Rome,"41,90912","12,51488"
Rock Garden,dance_club,,http://www.orionliveclub.com/,,Rome,"41,8631253","12,4846812"
Rock Night Show,radio_station,,http://www.radiogodot.it/,,Rome,"41,87252","12,52857"
Roma,drive_in_theater,,http://www.helivision.it/,,Rome,"41,8424157","12,5851462"
ROMA - The Road to Contemporary Art,art_gallery,,http://www.romacontemporary.it/,,Rome,"41,900357","12,470279"
"Roma , Rome",architectural_tours,,Ingen webbplats,,Rome,"41,8906633","12,4885771"
Roma 3D Experience,cinema,,http://www.roma3dexperience.it/,,Rome,"41,8976967","12,4766493"
Roma a regola d'Arte,landscaping,,https://bit.ly/40K6uJp,,Rome,"41,96836","12,4117"
Roma City Ballet,dance_school,,http://www.romacityballet.it/,,Rome,"41,8636362","12,6957329"
Roma Comics and Games,comic_books_store,,http://www.romacomicsandgames.com/index.php?option=com_content&view=frontpage&Itemid=136,,Rome,"41,8246017","12,4665893"
ROMA DANCE,dance_club,,http://www.romadance.com/,,Rome,"41,8624339","12,4641943"
Roma Dance Academy,dance_school,,http://romadanceacademy.com/,,Rome,"41,9714876","12,4334336"
Roma Dance Studio,dance_school,,Ingen webbplats,,Rome,"41,8125777","12,4480988"
Roma Danza 80,dance_school,,http://it-it.facebook.com/romadanza80,,Rome,"41,8086913","12,442468"
Roma DJ Pianobar,dj_service,,http://www.romadjpianobar.com/,,Rome,"41,786153","12,4415593"
Roma Expo Guitars,community_services_non_profits,,http://www.romaexpoguitars.com/,,Rome,"41,8987843","12,48461"
Roma Film Music Festival,cinema,,https://romafmf.com/,,Rome,"41,9270576","12,4809936"
Roma Fringe Festival,theatre,,http://www.romafringefestival.it/,,Rome,"41,8824279","12,4606014"
Roma Lazio Film Commission,theatre,,http://www.romalaziofilmcommission.it/,,Rome,"41,9042279","12,4958849"
Roma multietnica,library,,http://www.romamultietnica.it/,,Rome,"41,87688","12,47645"
Roma Palazzo Colonna,art_gallery,,Ingen webbplats,,Rome,"41,8971662","12,4844922"
Roma Radio Sound,radio_station,,https://www.mixcloud.com/live/romaradiosound/,,Rome,"41,7804522","12,3668612"
Roma Shibari Dojo,art_school,,http://www.maestrobd.it/,,Rome,"41,93454","12,53047"
Roma Sinfonietta,community_services_non_profits,,http://www.romasinfonietta.it/,,Rome,"41,90938","12,45146"
Roma Smistamento,arts_and_entertainment,,https://twmfactory.it/,,Rome,"41,897109","12,5395177"
Roma Sound Design,music_production,,http://www.romasd.it/,,Rome,"41,9225405","12,4851465"
Roma Spazio Musica,music_school,,http://www.romaspaziomusica.com/,,Rome,"41,9502767","12,5185616"
Roma Sud,arts_and_entertainment,,Ingen webbplats,,Rome,"41,8340249","12,4691635"
Roma Tango Meeting,arts_and_entertainment,,http://www.romatangomeeting.com/,,Rome,"41,837238","12,468895"
Roma Tre Radio,broadcasting_media_production,,http://radio.uniroma3.it/,,Rome,"41,8626277","12,4790273"
ROMA Victrix,performing_arts,,http://www.romanitas.it/,,Rome,"41,96696","12,53234"
ROMA VIDEO Network,videographer,,https://www.romavideo.net/,,Rome,"41,8911695","12,5355769"
Roma Village Roma,arts_and_entertainment,,http://rollsroyceclubroma.it/,,Rome,"41,8698581","12,502007"
"Roma, Museo Del Vaticano",museum,,Ingen webbplats,,Rome,"41,9064452","12,45399"
Roma38 Dance Studio,dance_school,,Ingen webbplats,,Rome,"41,88884","12,56297"
Romaeuropa Festival,theatre,,http://romaeuropa.net/,,Rome,"41,8717002","12,477195"
RoMaRestauro,art_restoration,,http://RoMaRestauro.com/,,Rome,"41,9083984","12,4785779"
RomArt Factory,cultural_center,,Ingen webbplats,,Rome,"41,86644","12,49222"
RomArt Gallery,art_gallery,,Ingen webbplats,,Rome,"41,830193","12,487643"
Rome Chamber Music Festival,music_venue,,http://www.romechamberfestival.org/,,Rome,"41,90829","12,48897"
Rome International Dance Academy,dance_school,,http://www.romeintdanceac.eu/,,Rome,"41,98555","12,49767"
Rome Opera in Concert,arts_and_entertainment,,https://romeoperaconcerts.com/,,Rome,"41,9029424","12,4917913"
Rome Pole Dance Studio,dance_school,,https://maps.apple.com/?address=Viale+Leonardo+da+Vinci+301%2C+00145+Roma%2C+Italia&auid=9209452489301713044&ll=41.851942%2C12.480311&lsp=9902&q=Rome+Pole+Dance+Studio,,Rome,"41,8519286","12,480197"
Rome Pole Fitness,dance_school,,http://www.romepolefitness.it/,,Rome,"41,930374","12,523492"
Rome School of Musical Theatre,theatre,,Ingen webbplats,,Rome,"41,76298","12,48266"
Rome's Ultimate Party,arts_and_entertainment,,http://www.romepubcrawl.com/,,Rome,"41,9032155","12,4765982"
Romeing,print_media,,https://www.romeing.it/,,Rome,"41,90882","12,46461"
Romestate Dance International,dance_school,,http://www.romestatedance.art/,,Rome,"41,9261","12,53858"
Rosso20sette  ArteContemporanea,art_gallery,,http://www.rosso27.com/,,Rome,"41,895913","12,4758073"
rossocinabro,art_gallery,,https://rossocinabro.com/,,Rome,"41,9084208","12,498207"
Rossocreativo,graphic_designer,,http://www.rossocreativo.it/,,Rome,"41,7900577","12,4074262"
Rossoscuro Lab srls,graphic_designer,,http://www.rossoscurolab.it/,,Rome,"41,8782177","12,4669791"
RossoSipario.it,performing_arts,,http://www.rossosipario.it/,,Rome,"41,8793","12,53149"
Rossotango - La Scuola di Tango Argentino a Roma,dance_school,,http://www.rossotango.com/,,Rome,"41,8630687","12,4782859"
Rotoform,screen_printing_t_shirt_printing,,Ingen webbplats,,Rome,"41,710989","12,5812379"
ROUGH Radio,radio_station,,https://www.roughradio.live/,,Rome,"41,8998909","12,4668683"
Roundmidnight Dischi,music_and_dvd_store,,http://www.roundmidnightdischi.it/,,Rome,"41,9145991","12,524477"
Route 61 Music,record_label,,http://www.route61music.com/,,Rome,"41,93652","12,63466"
"Roxy Music - Scuola Di Musica, Sala Prove per Musica e Teatro - Roma",music_school,,http://www.roxymusic.it/,,Rome,"41,8769816","12,5427915"
Royal Dance Project,dance_school,,https://www.royaldanceproject.com/contatti/,,Rome,"41,9801179","12,4609836"
Royal latino,dance_club,,Ingen webbplats,,Rome,"41,9057897","12,7194976"
Rtl 102 5,arts_and_entertainment,,http://www.rtl.it,,Rome,"41,9110408","12,4692383"
RTR 99,broadcasting_media_production,,http://www.rtr99.it/,,Rome,"41,8805666","12,4805234"
RUDE Club,dance_club,,http://www.rude-club.com,,Rome,"41,893105","12,511195"
RUFA Space - Pastificio Cerere,art_gallery,,http://space.unirufa.it/,,Rome,"41,89903","12,51642"
Rugantino,print_media,,http://www.rugantino.it/,,Rome,"41,914104","12,449613"
Rumah,dance_club,,https://www.largovenue.com/rumah/,,Rome,"41,893427","12,537988"
Rush Club Roma,dance_club,,Ingen webbplats,,Rome,"41,8743737","12,4811929"
RVS Roma,radio_station,,http://www.hopemedia.it/,,Rome,"41,9127449","12,4698245"
S.T. foto libreria galleria,bookstore,,https://www.stsenzatitolo.com/,,Rome,"41,8909724","12,5287532"
Sabor De America,dance_school,,http://www.sabordeamerica.it/,,Rome,"41,821756","12,613253"
Sacripante Gallery,art_gallery,,https://www.sacripantegallery.com,,Rome,"41,8965096","12,491163"
Saint Louis College of Music,music_school,,https://saintlouis.eu/,,Rome,"41,8949163","12,4901646"
Saint Peter Mosaic Art Gallery,art_gallery,,http://saintpetermosaicgallery.com/,,Rome,"41,90308","12,45861"
Saint Production srl,record_label,,http://www.saintproduction.it/,,Rome,"41,8818829","12,4562567"
Sala 1 Centro Internazionale d'Arte Contemporanea,art_museum,,http://www.salauno.com/,,Rome,"41,886831","12,507584"
Sala Baldini,theatre,,http://www.santamariainportico.it/,,Rome,"41,8930183","12,4794881"
Sala Biavati,theatre,,http://www.salabiavati.it/,,Rome,"41,8946379","12,5673787"
Sala degli Animali,art_museum,,Ingen webbplats,,Rome,"41,9065278","12,4545735"
Sala dei Lecci,music_venue,,http://www.cameramusicaleromana.it/,,Rome,"41,9188211","12,4903003"
SALA DEJA VU - Spazio di ricerca e divulgazione teatrale,theatre,,https://infopuntidiraccolt.wixsite.com/saladejavu,,Rome,"41,8699729","12,5985383"
Sala della Crociera del Palazzo del Collegio Romano,library,,Ingen webbplats,,Rome,"41,8987439","12,4806837"
Sala eventi Tiburtina MAE Generation,theatre,,https://www.salaeventitiburtina.it/,,Rome,"41,9119501","12,5363068"
Sala Green,theatre,,http://teatrovascello.it/,,Rome,"41,8825493","12,4606199"
Sala Lysistrata,theatre,,http://www.teatrolysistrata.it/,,Rome,"41,8806983","12,4739843"
Sala Petrassi,music_venue,,Ingen webbplats,,Rome,"41,9293112","12,4738396"
Sala Pietro da Cortona - Musei Capitolini,art_museum,,Ingen webbplats,,Rome,"41,892663","12,4822845"
"Sala Polivalente Pigneto - Centro Sportivo, Culturale e Artistico",dance_school,,Ingen webbplats,,Rome,"41,8925087","12,5320608"
Sala prove e Banca della musica - AGV,music_venue,,Ingen webbplats,,Rome,"41,9218903","12,4498253"
Sala Raffaello,theatre,,Ingen webbplats,,Rome,"41,8849951","12,5215886"
Sala Romateatri,theatre,,http://www.romateatri.it/,,Rome,"41,9326906","12,5658823"
Sala Sinopoli,music_venue,,Ingen webbplats,,Rome,"41,9285756","12,4748854"
Sala sobieski,art_gallery,,Ingen webbplats,,Rome,"41,9064502","12,4535947"
Sala Teatro Vignoli a San Leone,theatre,,http://www.salavignoli.it/,,Rome,"41,8912636","12,5292682"
Sala Trastevere,music_venue,,Ingen webbplats,,Rome,"41,8891335","12,4680582"
Salagnini,cultural_center,,http://www.salagnini.it/,,Rome,"41,9420024","12,5369874"
Sallustiana Art Today,art_gallery,,Ingen webbplats,,Rome,"41,9063873","12,4925094"
Salone dell'Editoria Sociale,bookstore,,http://www.editoriadelsociale.it/,,Rome,"41,8775129","12,4744807"
Salone Margherita,theatre,,http://salonemargherita.com/,,Rome,"41,9042633","12,4840092"
Salotto Ensemble,bookstore,,http://www.edizioniensemble.it/,,Rome,"41,90092","12,42019"
Salsa e dintorni,arts_and_entertainment,,http://danzadintorni.business.site,,Rome,"41,8296081","12,4870256"
Salsa Passion Roma,dance_school,,Ingen webbplats,,Rome,"41,9297594","12,5192642"
Salsa Planet ASD,dance_school,,http://www.salsaplanet.net/,,Rome,"41,9051344","12,4371232"
Salsadera,dance_school,,https://t.me/+4YsNDocAAGNlZjc0,,Rome,"41,87716","12,44139"
Salsaholics Roma - Scuola di ballo,dance_school,,Ingen webbplats,,Rome,"41,841548","12,4277989"
SalsaLoca la Trottolina,dance_school,,https://sites.google.com/view/salsalocalatrottolina/home,,Rome,"41,9474268","12,390835"
Salsanonima - Scuola di Ballo,dance_school,,http://www.salsanonima.it/,,Rome,"41,85235","12,43159"
Salsanuestra ASD,dance_school,,http://www.salsanuestra.altervista.org/,,Rome,"41,8589928","12,4740749"
SalsaPorSiempre,dance_school,,https://www.salsaporsiempre.it/,,Rome,"41,8738156","12,5458396"
SalsArcobaleno,dance_school,,Ingen webbplats,,Rome,"41,9135847","12,5078804"
SalsaRomaClub,salsa_club,,https://www.salsaromaclub.it/,,Rome,"41,7874659","12,5195096"
SalsaySmile,dance_school,,http://www.salsaysmile.it/,,Rome,"41,8523659","12,431426"
Saltimbanco Animazione,arts_and_entertainment,,http://www.saltimbancoanimazione.it/,,Rome,"41,8154887","12,6002241"
Sama Dancing SSD,dance_school,,http://www.samasporting.it/,,Rome,"41,922677","12,405393"
Samarcanda Film,cinema,,http://www.samarcandafilm.com/,,Rome,"41,8904813","12,4689984"
Samarcanda Libreria,bookstore,,https://www.libreria-samarcanda.com/,,Rome,"41,7465569","12,363391"
San Lo',dance_school,,http://www.sanlo.it/,,Rome,"41,8975179","12,5111247"
San Pietro 2000,bookstore,,http://www.libreriacoletti.it,,Rome,"41,9021708","12,4626809"
SANBA,cinema,,http://www.kinesisfilm.it/,,Rome,"41,88752","12,50876"
Sandro Rotilio Fotografia di scena,photography_store_and_services,,https://www.sandrorotilio.it/,,Rome,"41,8981396","12,4238984"
Sandro Torella  acting coach,theatre,,http://www.sandrotorella.it/,,Rome,"41,88336","12,5216"
Santa Susanna English Library,community_services_non_profits,,http://www.santasusanna.org/index.php/parish-ministries/library,,Rome,"41,906617","12,497287"
Santinelli Dance Academy,dance_school,,http://www.santinellidanceacademy.it/,,Rome,"41,9072099","12,4172263"
Santinelli Dance Academy,dance_school,,Ingen webbplats,,Rome,"41,9105071","12,4462862"
sara paglia,handicraft_shop,,http://sarapaglia.it/,,Rome,"41,8799654","12,5137196"
Saraceno Art Gallery,art_gallery,,https://www.saracenoartgallery.com/,,Rome,"41,8960409","12,469411"
Saranno Talenti by Saranno Salseri,dance_school,,https://sarannotalenti.it/,,Rome,"41,9469702","12,5504134"
Sartoria,music_venue,,Ingen webbplats,,Rome,"41,7161199","12,31607"
Sartoria Cinematografica Stemal,cinema,,https://www.sartoriastemal2016.it/,,Rome,"41,9379739","12,4640709"
Sartoria D'Inzillo,theatre,,http://www.dinzillosweetmode.it/,,Rome,"41,98503","12,49823"
Sartoria Studio L - Sartoria Cinematografica,cinema,,http://www.sartoriastudiol.com/,,Rome,"41,8055057","12,482692"
SAS Cinema,art_school,,http://www.sascinema.com/,,Rome,"41,8775016","12,4513367"
SAVA' Produzioni Creative,theatrical_productions,,http://www.sava.srl/,,Rome,"41,9235914","12,469576"
Savelli Mosaics,art_gallery,,https://www.savellireligious.com/en/,,Rome,"41,90108","12,45685"
Savoy Swing Italy,dance_school,,http://www.savoyswingitaly.it/,,Rome,"41,8975176","12,5166532"
Saxa Rubra (Roma),movie_television_studio,,http://www.rai.it/,,Rome,"41,9744166","12,4940366"
SB Management,music_production,,http://www.stefanoborzi.it/,,Rome,"41,91621","12,45526"
SB Teatro - Scuola e casa di produzione,theatre,,http://www.sb-teatro.it/,,Rome,"41,9301471","12,5250697"
SBA Sporting Beach ARTE,art_gallery,,http://www.sba-sportingbeacharte.it/,,Rome,"41,7138103","12,3181078"
SBS per il Sociale - Concorsi Fotografici,community_services_non_profits,,http://www.sbsociale.org/,,Rome,"41,9148248","12,4735758"
Scalo Est,dance_club,,Ingen webbplats,,Rome,"41,9670543","12,5058021"
Scalo Playground,arts_and_entertainment,,http://www.scaloplayground.it/,,Rome,"41,8973445","12,5199408"
Scan Art,photography_store_and_services,,Ingen webbplats,,Rome,"41,93122","12,51152"
Scarfilm Production,broadcasting_media_production,,http://www.scarfilm.com/,,Rome,"41,8923931","12,4925359"
Scarpetta d'oro ballet Pigneto,dance_school,,Ingen webbplats,,Rome,"41,8848102","12,5335691"
Scatola Magica Lab,theatre,,https://www.scatolamagicalab.it/,,Rome,"41,8794187","12,454"
Scatola Sonora Strumenti Musicali - Roma,music_venue,,http://www.scatolasonora.it/,,Rome,"41,8932111","12,5032685"
Scenario Studios,arts_and_entertainment,,http://www.vimeo.com/scenariostudios,,Rome,"41,89257","12,5972899"
Scene up,graphic_designer,,https://www.sceneup.it/,,Rome,"41,8604161","12,4341592"
Scenografica Srl,graphic_designer,,http://www.scenografica.it/,,Rome,"41,8495498","12,5744922"
School Of Rock,music_school,,http://www.schoolofrockrome.it/contatti/,,Rome,"41,7300465","12,2815854"
Scipasagi - Scuola di Musica e di canto,music_school,,https://www.scipasagi.it/,,Rome,"41,8823448","12,6624707"
Scirocco Cinematografica s.a.s.,drive_in_theater,,http://www.sciroccocinematografica.it/,,Rome,"41,8290482","12,5814896"
Scomodo,community_services_non_profits,,http://www.scomodo.org/,,Rome,"41,8905605","12,5108144"
Scuderie del Quirinale,art_museum,,http://www.scuderiequirinale.it/,,Rome,"41,8987022","12,4863045"
"Scuola ""MA CHE MUSICAL"" di Ostia",theatre,,Ingen webbplats,,Rome,"41,7403501","12,2531513"
Scuola Angelica Grisoni Tango,dance_school,,http://www.souldanceschool.it/Contatti.html,,Rome,"41,9602651","12,5398411"
Scuola Artedo di Arti Terapie - Roma,art_school,,https://artiterapie.artedo.it/artedo-roma/,,Rome,"41,8647175","12,4810686"
Scuola D'Arte One Dance,dance_school,,Ingen webbplats,,Rome,"41,8722635","12,6209874"
Scuola Danza CassiAntica,dance_school,,https://www.cassianticasportingfitness.it/scuola-danza-roma/,,Rome,"41,9564688","12,4511812"
Scuola di ballo Arthur Murray Italia,art_school,,http://www.arthur-murray.it/sedi/roma/,,Rome,"41,9212913","12,4911956"
Scuola di Ballo Impetus,dance_school,,http://www.impetus.it/,,Rome,"41,865454","12,5877979"
Scuola di Ballo Ritmo Cubano GabySalsa,dance_school,,Ingen webbplats,,Rome,"41,8565","12,44615"
Scuola di ballo TIMBATUMBA,dance_school,,http://www.timbatumba.it/,,Rome,"42,0151301","12,374765"
Scuola Di Ballo Torrespaccata Roma,dance_school,,http://www.scuoladiballotorrespaccata.com/,,Rome,"41,8652216","12,5781438"
Scuola di Batteria Roma - Bit Music Studio,music_school,,https://bitmusicstudio.com/,,Rome,"41,9625736","12,4074257"
Scuola di cinema Sentieri selvaggi,cinema,,http://www.scuolasentieriselvaggi.it/,,Rome,"41,8914599","12,5008196"
Scuola di Danza | Balletto Di Roma,performing_arts,,https://www.ballettodiroma.com/,,Rome,"41,92743889","12,42612585"
Scuola di Danza Chiara Coronas,dance_school,,Ingen webbplats,,Rome,"41,85138","12,44988"
Scuola DI Danza Choros di Anna Cirigliano,dance_school,,http://www.annacirigliano.it/,,Rome,"41,7671391","12,3518565"
Scuola di Danza del Teatro dell‘Opera di Roma,theatre,,Ingen webbplats,,Rome,"41,8869242","12,5225527"
"Scuola di danza e musical ""New Ballet"" di Alex La Rosa",dance_school,,Ingen webbplats,,Rome,"41,8237451","12,5111614"
Scuola Di Danza In Punta Di Piedi,dance_school,,Ingen webbplats,,Rome,"41,7508191","12,3547048"
Scuola di danza L'Art de la Danse,dance_school,,http://www.lartdeladanse.com/,,Rome,"41,9166383","12,5242065"
Scuola di danza Malika,dance_school,,https://www.scuoladidanzamalika.it/,,Rome,"41,9059142","12,5392084"
Scuola Di Danza Nadir,dance_school,,Ingen webbplats,,Rome,"41,9296398","12,4119062"
Scuola di Danza Pleiadi ASD,dance_school,,https://www.danzapleiadi.it/,,Rome,"41,8606805","12,5526697"
Scuola di Danza Priscilla,dance_school,,https://www.scuolapriscilla.it/,,Rome,"41,8572872","12,5594884"
Scuola DI DANZA Scarpette ROSSE by ASD Aspis Roma,dance_school,,Ingen webbplats,,Rome,"41,8773","12,50469"
Scuola di Danza Starlette,art_school,,http://www.asdstarlette.com/,,Rome,"41,8597635","12,4580576"
Scuola di Danza Tacchi & Punte,dance_school,,Ingen webbplats,,Rome,"41,908","12,6088254"
Scuola di Danza Tersicore,dance_school,,http://www.tersicore.it/,,Rome,"41,7394119","12,2865088"
Scuola di Formazione in Musicoterapia Oltre,music_school,,http://www.coopoltre.org/cosa-facciamo/scuola-di-formazione-in-musicoterapia,,Rome,"41,8963737","12,5160017"
Scuola di Liuteria Fusion School,music_school,,http://www.fusionschool.it/,,Rome,"41,9136552","12,455994"
"Scuola di Musica ""Don Bosco""",music_school,,https://scuolamusicadonbosco.wordpress.com/,,Rome,"41,87389","12,52974"
Scuola di Musica Anemos della Fondazione Valerio Marchitelli ETS,cultural_center,,https://www.anemosarts.org/,,Rome,"41,8612436","12,60367"
Scuola di musica Arvalia,music_school,,http://www.arvaliascuoladimusica.it/,,Rome,"41,84248","12,4579451"
Scuola di Musica Bela Bartok,music_school,,http://www.scuolamusicabartok.it/,,Rome,"41,8712554","12,575742"
Scuola di Musica Cento Per Cento Musica Roma,music_school,,http://www.centopercentomusica.com/,,Rome,"41,9052666","12,5584798"
Scuola di Musica Ciac,music_school,,https://taplink.cc/ciacmusic,,Rome,"41,9279322","12,5214535"
Scuola Di Musica Ciampi,music_school,,http://www.scuoladimusicaciampi.it/info-e-contatti,,Rome,"41,9077123","12,4566915"
Scuola di Musica Città della Musica - CDM,music_school,,Ingen webbplats,,Rome,"41,7514179","12,3551973"
Scuola di musica Ensemble,community_services_non_profits,,http://www.scuolaensemble.altervista.org/,,Rome,"41,9744865","12,5136588"
Scuola di Musica FA Musica,theatre,,http://www.scuoledimusica.net/,,Rome,"41,8789031","12,5249065"
Scuola di Musica Fonderie Musicali,music_venue,,http://www.fonderiemusicali.it/,,Rome,"41,9161835","12,4649431"
Scuola di Musica Giuseppe Torelli,music_school,,http://www.giuseppetorelli.it/,,Rome,"41,8538657","12,437791"
Scuola di Musica Igem,music_school,,http://www.scuoladimusicaigem.it,,Rome,"41,7505535","12,3576288"
Scuola di Musica Passolombardo,music_school,,Ingen webbplats,,Rome,"41,84505","12,62959"
Scuola di Musica Pontemilvio,music_school,,http://scuoladimusicapontemilvio.com/,,Rome,"41,9411946","12,4627211"
Scuola di Musica Ro.Gi,music_school,,Ingen webbplats,,Rome,"41,9384682","12,4276899"
Scuola di Musica Ro.Gi,music_school,,http://www.rogimusicschool.com,,Rome,"41,9056179","12,46412"
Scuola di Musica Talenti Musicali,music_school,,https://scuoladimusicatalenti.webnode.it/,,Rome,"41,94053","12,5493"
Scuola di Musica Terzo Suono,music_school,,https://www.artconsultingroma.it/la-nostra-scuola-di-musica/,,Rome,"41,9193888","12,3766932"
Scuola di musica Tommaso Tosti - Oratorio Manyanet,music_school,,Ingen webbplats,,Rome,"41,8857257","12,562469"
Scuola di Musica W.A.Mozart,music_school,,Ingen webbplats,,Rome,"41,8561546","12,64989"
Scuola Di Nudo di Roma,art_school,,http://www.antoniofinelliarte.it/,,Rome,"41,871073","12,4802059"
Scuola di percussioni Stefano Rossini Roma,arts_and_entertainment,,http://www.stefanorossini.net/,,Rome,"41,9304401","12,463593"
"Scuola di Pittura e Disegno - Scuola del Nudo - ""Scienza Dell'arte"" -  Roma",art_school,,http://www.scienzadellarte.net/,,Rome,"41,8710785","12,480195"
Scuola di recitazione Fabbrica Artistica,venue_and_event_space,,http://www.fabbricaartistica.it/,,Rome,"41,9197807","12,5240181"
Scuola di Recitazione Omnes Artes,arts_and_entertainment,,https://www.omnesartes.it/,,Rome,"41,973778","12,443356"
Scuola di salsa Salsapeterpan,dance_school,,http://www.cspeterpan.it/,,Rome,"41,91676","12,68431"
Scuola di Tango Argentino a Roma Bairestango asd,dance_school,,http://scuoladitangoroma.it/,,Rome,"41,9543873","12,4516045"
Scuola di Tango Argentino Fabio Santarelli,dance_school,,https://www.eselreytango.com/,,Rome,"41,8979083","12,5166172"
Scuola di Teatro del San Leone Magno diretta da Maria Letizia Gorga,theatre,,http://www.marialetiziagorga.com/,,Rome,"41,9216128","12,5161032"
Scuola di Teatro Menandro,art_school,,https://www.scuolateatromenandro.it/,,Rome,"41,8981093","12,4505468"
Scuola Ettore Rolli - Vetrate Artistiche,art_school,,https://www.comune.roma.it/pcr/it/newsview.page?contentId=NEW1300431,,Rome,"41,8697299","12,51369"
Scuola Fantastic Forge,movie_television_studio,,http://www.fantasticforge.net/,,Rome,"41,9226281","12,5885162"
Scuola Fondamenta,arts_and_entertainment,,http://www.scuola-recitazione-roma.com/,,Rome,"41,8723228","12,5254733"
Scuola Jenny Tamburi,art_school,,http://www.scuolajennytamburi.com/,,Rome,"41,90785","12,46942"
Scuola Le mille e una nota,music_school,,https://www.lemilleeunanotaroma.it/,,Rome,"41,8799072","12,52693"
Scuola Musical Roma Nord Labaro,arts_and_entertainment,,Ingen webbplats,,Rome,"42,0086","12,47969"
Scuola Nazionale Di Circo,circus,,http://www.scuolanazionaledicirco.com/,,Rome,"41,9006047","12,5724568"
Scuola Popolare Delle Arti - Graziosi,dance_school,,Ingen webbplats,,Rome,"41,8414465","12,456638"
Scuola Popolare delle Arti del CIP-Alessandrino,arts_and_entertainment,,http://www.cipeventi.it/laboratorio-di-tai-chi/,,Rome,"41,88384","12,57533"
"Scuola Popolare di Musica ""Marcello Zitti"" - Roma IX",music_school,,http://www.italiallegra.com/,,Rome,"41,7851167","12,4432289"
Scuola Popolare di Musica di Testaccio,music_school,,http://www.scuolamusicatestaccio.it/,,Rome,"41,8762724","12,4735379"
Scuola Popolare di musica Suonare Suonare,music_school,,http://www.suonaresuonare.com/,,Rome,"41,7598576","12,3025054"
Scuola Romana Di Circo,circus,,http://www.scuolaromanadicirco.net/,,Rome,"41,9237589","12,4652566"
Scuola Romana Quilting,community_services_non_profits,,http://www.scuolaromanaquilting.it/,,Rome,"41,8787451","12,5257745"
Scuola Scienza e Tecnica,art_school,,Ingen webbplats,,Rome,"41,8843698","12,4692385"
Scuola tango argentino,dance_school,,http://www.corsotangoroma.it/,,Rome,"41,9079895","12,4506903"
Scuola Tango Urbano Roma,dance_school,,https://www.tangourbano.it/,,Rome,"41,8865966","12,5160462"
Scuola Ufficio,bookstore,,Ingen webbplats,,Rome,"41,9034119","12,6947994"
Scuola Volonté,cinema,,https://www.scuolavolonte.it/,,Rome,"41,8427891","12,4584678"
ScuolaVisione,music_school,,Ingen webbplats,,Rome,"42,0031776","12,3826636"
Scup Sportculturapopolare,arts_and_entertainment,,Ingen webbplats,,Rome,"41,8830021","12,5260292"
Scz Service,landscape_architect,,,,Rome,"41,8845459","12,5669695"
SDI Studio Danze Internazionali,dance_school,,http://www.danzeinternazionali.it/,,Rome,"41,8674235","12,593417"
SEA Production,broadcasting_media_production,,http://www.seaproduction.tv/,,Rome,"41,8883001","12,4945297"
Sea Star,dance_school,,Ingen webbplats,,Rome,"41,9824913","12,5140547"
Sec Srl Massonica,bookstore,,http://www.massonica.it/,,Rome,"41,90467","12,47304"
SEDIF Società Edizioni Italiane Film,movie_television_studio,,http://www.sedifmovie.it/,,Rome,"41,9355357","12,4433501"
SEEDS Roma,arts_and_entertainment,,https://www.spreaker.com/show/seeds-roma-hiphop-radio-s-podcast,,Rome,"41,8948155","12,4394859"
segnidisogni.it,art_gallery,,http://www.segnidisogni.it/,,Rome,"41,84646","12,48389"
Semplice Magazine,newspaper_and_magazines_store,,http://www.semplicemagazine.it/,,Rome,"41,8324256","12,4647641"
Sensual Dance Fit,dance_school,,https://unpassoavanti.it/,,Rome,"41,9423468","12,5550185"
Sensual Dance Fit - Antonella Mazzetti - Roma,dance_school,,https://www.sensualdancefit.com/it,,Rome,"41,865826","12,496238"
Sensual Dance Fit - FrancescadelBuono - Roma,dance_school,,Ingen webbplats,,Rome,"41,8788528","12,5349245"
Sensual Dance Fit - VelvetWorld - Roma,dance_school,,https://www.sensualdancefit.com/it,,Rome,"41,8357301","12,4667694"
Sensual dance fit- asd art of dance studio -Roma ,dance_school,,https://www.sensualdancefit.com/it,,Rome,"41,8080364","12,6297966"
Sepolcro di Annia Regilla,history_museum,,http://www.sovraintendenzaroma.it/i_luoghi/roma_antica/monumenti/annia_regilla_sepolcro,,Rome,"41,8651137","12,5166194"
Serigrafia Romana,screen_printing_t_shirt_printing,,http://www.serigrafiaromana.com/,,Rome,"41,8578759","12,6828549"
Serman Studio - Edit Big,cinema,,https://www.youtube.com/watch?v=XPzkZwQLX8Q&ab_channel=SermanStudio,,Rome,"41,8640016","12,546205"
Sesto Senso Art Gallery,art_gallery,,http://www.sestosensoartgallery.net/,,Rome,"41,9087436","12,4794187"
Set It Lab,theatre,,http://www.setitlab.com/,,Rome,"41,8974607","12,594244"
SetStudio Academy,performing_arts,,https://www.setstudioacademy.com/,,Rome,"41,8768292","12,5085321"
Settore Pole Dance Csen Roma - FIPD,dance_school,,https://formazioneitalianapoledance.wordpress.com/,,Rome,"41,9356349","12,5311458"
Seven TV Enterprises,music_and_dvd_store,,Ingen webbplats,,Rome,"41,889491","12,590029"
Sferagrafica Studio Grafico Roma,graphic_designer,,https://www.sferagrafica.it/,,Rome,"41,8450842","12,598696"
SfS Extra Scolastico,dance_school,,Ingen webbplats,,Rome,"41,90767","12,56679"
Shake Roma,dance_club,,https://www.shakeroma.it/,,Rome,"41,8759887","12,473955"
Shango,dance_club,,Ingen webbplats,,Rome,"41,879449","12,485193"
Shape Company,theatre,,http://www.shp.it/,,Rome,"41,7716943","12,3338821"
Sharivari,dance_club,,http://www.sharivari.it,,Rome,"41,8972933","12,4759995"
She Lives,community_services_non_profits,,http://www.shelivesmusic.it/,,Rome,"41,9089698","12,4978548"
Shilling,dance_club,,https://www.shillingclub.it/,,Rome,"41,7143023","12,3175695"
Short Theatre,theatre,,http://www.shorttheatre.org/,,Rome,"41,8753602","12,4730797"
Showreelroma,video_film_production,,http://www.showreelroma.it/,,Rome,"41,9434731","12,5531953"
Sibilla,dance_club,,http://www.sibillaparty.it/,,Rome,"41,9119336","12,4986708"
Sic12/artstudio  Roma,art_museum,,http://www.sic12.org/,,Rome,"41,8703026","12,483347"
Sidecarweb - Sale multimediali d'arti performative Roma,theatre,,http://Sidecarweb.it/,,Rome,"41,90882","12,44917"
SIDP Cinecittà,theatre,,http://www.scuolaitalianadifesapersonale.com/,,Rome,"41,8546677","12,563032"
SIEM - Società Italiana per l'Educazione Musicale,community_services_non_profits,,http://www.siem-online.it/,,Rome,"41,92236","12,41744"
"Signori, chi è di scena",theatre,,http://www.signorichiediscena.it/,,Rome,"41,8736364","12,5801407"
Signs DanceLab,dance_school,,Ingen webbplats,,Rome,"41,8730785","12,5802809"
Silber Gallery,art_gallery,,http://www.silbergallery.it/,,Rome,"41,917015","12,501242"
"Simon Tanner, libri d'occasione",bookstore,,Ingen webbplats,,Rome,"41,872397","12,5104532"
Simone Belli Make Up Academy,art_school,,https://simonebelliacademy.it/,,Rome,"41,8944834","12,4369554"
SimplyBiz,mass_media,,http://www.simplybiz.eu/,,Rome,"41,9127588","12,4752386"
Sincronìa,music_school,,http://www.sincroniamusica.it/,,Rome,"41,9379463","12,5175622"
Sinestetica,art_gallery,,http://www.sinesteticaexpo.com/,,Rome,"41,9377307","12,5317156"
Sinite Parvulos,bookstore,,http://www.siniteparvulos.org/,,Rome,"41,8864992","12,5052924"
Sinopia Galleria,art_gallery,,http://www.sinopiagalleria.com/it/,,Rome,"41,8994931","12,4676962"
Sins Records,record_label,,http://www.sinsrecords.it/,,Rome,"41,89922","12,47112"
Sintesi Dialettica,print_media,,http://www.sintesidialettica.it/,,Rome,"41,9132","12,49991"
SIOI,community_services_non_profits,,http://www.sioi.org/,,Rome,"41,8955333","12,4812651"
Sipario7,theatre,,Ingen webbplats,,Rome,"41,908044","12,450752"
SIR,mass_media,,http://www.agensir.it/,,Rome,"41,898818","12,424991"
Siria Splendore e Dramma,art_gallery,,Ingen webbplats,,Rome,"41,89681","12,482289"
Sith Studio Photography,movie_television_studio,,https://sithstudio.myportfolio.com/,,Rome,"41,77797","12,36323"
Sito.Agency,media_agency,,https://sito.agency/,,Rome,"41,8565286","12,5557366"
Sivieri Roma,art_school,,https://sites.google.com/view/sivieri-roma/home-page,,Rome,"41,896438","12,4371762"
Skate Park Cinetown,fair,,https://skate-park-cinetown.business.site/,,Rome,"41,8523303","12,5938539"
Sky Sport,broadcasting_media_production,,http://www.sky.it/,,Rome,"41,8957288","12,5627142"
Slash Radio Web,radio_station,,https://www.uiciechi.it/radio/radio.asp,,Rome,"41,8833248","12,5108449"
Slc-CGIL Sezione Nazionale Scrittori,mass_media,,http://scrittori.slc-cgil.it/,,Rome,"41,9076466","12,4970851"
Slow Food Roma,community_services_non_profits,,http://www.slowfoodroma.it/,,Rome,"41,8919799","12,5050533"
SLUMM - San Lorenzo Urban Memory Museum,history_museum,,http://slumm.roma.it/,,Rome,"41,8975799","12,5167863"
Small Forward Productions,movie_television_studio,,http://www.smallforwardproductions.it/,,Rome,"41,9178424","12,4673115"
Small music corner,music_school,,Ingen webbplats,,Rome,"41,94449","12,531987"
smART,art_gallery,,http://www.fondazionesmart.org/,,Rome,"41,9268794","12,5096074"
Snatch Club,music_venue,,Ingen webbplats,,Rome,"41,86528","12,68816"
SNO Media,broadcasting_media_production,,http://sno.media/,,Rome,"41,8730862","12,4601589"
Snodo Mandrione,music_venue,,http://www.snodomandrione.net/,,Rome,"41,8809849","12,5334724"
Snoopers,graphic_designer,,https://www.snoopers.it/,,Rome,"41,9248337","12,5151309"
So What,movie_television_studio,,http://www.sowhatpictures.com/,,Rome,"41,8654158","12,478963"
Soap Factory,venue_and_event_space,,http://www.soapfactory.it/,,Rome,"41,86445071","12,48218456"
Social Music School,music_school,,https://www.socialmusicschool.it/,,Rome,"41,7400242","12,3553389"
Società Geografica Italiana,library,,http://www.societageografica.it/,,Rome,"41,8842267","12,494455"
Società per Attori,theatre,,http://www.societaperattori.it/,,Rome,"41,8698326","12,4678677"
Societa' Sportiva Dilettantistica Dancing Queen arl,dance_school,,Ingen webbplats,,Rome,"41,85965","12,64485"
Sogna e Danza,dance_school,,https://www.sognaedanza.it,,Rome,"41,7374691","12,2752613"
Sognalibri - Libri e giochi per bambini,bookstore,,http://www.sognalibri.it/,,Rome,"41,7383338","12,2768145"
SOL Music School,music_school,,https://www.solmusic.it/,,Rome,"41,9477929","12,5863776"
SOLO ARTE,theatre,,Ingen webbplats,,Rome,"41,8791","12,52513"
Solo La Roma,print_media,,https://sololaroma.it/,,Rome,"41,8818074","12,4794388"
Soluzione Grafica,graphic_designer,,https://www.soluzione-grafica.it/,,Rome,"41,8879791","12,4963559"
Somosamoik.com,print_media,,http://www.somosamoik.com/,,Rome,"41,8984422","12,5033122"
Sonamò Academy,music_school,,http://www.sonamoacademy.it/,,Rome,"41,8576","12,45205"
SonoFrankie,arts_and_entertainment,,http://www.sonofrankie.com/,,Rome,"41,8861434","12,5326912"
Sonor Records,music_venue,,http://sonor-records.it/,,Rome,"41,91183","12,45632"
Sonor Village,music_production,,http://www.sonorvillage.com/,,Rome,"41,8631344","12,5522666"
Sonora Music Center Roma,music_production,,http://www.sonoramusiccenter.com/,,Rome,"41,8366012","12,5580784"
Sonora SAS,music_school,,http://www.sonoramusiccenter.com/,,Rome,"41,89986038","12,4812603"
Sonus Factory,music_school,,http://www.youtube.com/sonusfactory,,Rome,"41,9194035","12,5213212"
Sopra c'è gente,music_venue,,https://www.anticastamperiarubattino.it/stanze-polverose/,,Rome,"41,8806521","12,4733792"
Soqquadro APS,music_venue,,https://soqquadro.business.site,,Rome,"41,8912373","12,4668242"
Sotto Sopra - Rione Testaccio,museum,,Ingen webbplats,,Rome,"41,87815","12,47403"
SottoScala recording,music_production,,Ingen webbplats,,Rome,"41,95682","12,41354"
SottoSopra Art Studio,arts_and_entertainment,,http://www.rosannacerutti.com/,,Rome,"41,8826524","12,5106626"
Soul Dance Lab,dance_school,,http://www.souldancelab.it/,,Rome,"41,8358747","12,4668829"
Soul Dance School,dance_school,,http://www.souldanceroma.it/,,Rome,"41,9603125","12,5399967"
Soul Food,music_and_dvd_store,,http://www.haterecords.com,,Rome,"41,8880915","12,5007174"
Soul O'Session  Italian Northern Soul Dance Society,dance_school,,http://www.northernsouldancesociety.org,,Rome,"41,8647188","12,5304034"
Soulmovie.tv,movie_television_studio,,http://www.soulmovie.tv/,,Rome,"41,906","12,46344"
Soulnest Lab,music_school,,http://www.soundcloud.com/soulnest,,Rome,"41,87038","12,48257"
Sound Art 23,movie_television_studio,,http://www.soundart.it/,,Rome,"41,9134436","12,4648065"
Sound Ciak Srl,music_school,,http://www.soundciak.it/,,Rome,"41,9233492","12,5062846"
Sound on Studios,cinema,,http://www.soundonstudios.it/,,Rome,"41,9840575","12,4944041"
Sound Side Studio di Max Marraccini,music_production,,Ingen webbplats,,Rome,"41,9181334","12,5676463"
Soundgarden Studio rome,music_production,,Ingen webbplats,,Rome,"41,9142013","12,4544255"
SoundHub,movie_television_studio,,http://www.soundhub.it/,,Rome,"41,8798991","12,5189455"
Soundking,music_venue,,http://www.soundking.it/,,Rome,"41,91957","12,605531"
SoundMakers-studio di registrazione-sala prove,music_production,,https://www.soundmakers.it/,,Rome,"41,7862676","12,3743076"
Sounds Good,music_production,,https://soundsgoodroma.com/,,Rome,"41,9305114","12,5191784"
Soundville,music_school,,http://www.soundville.it/,,Rome,"41,9365427","12,5147383"
SoundWood Studio,music_production,,Ingen webbplats,,Rome,"41,86058","12,4891"
SOY Salsero,dance_school,,http://www.soysalsero.roma.it/,,Rome,"41,87127","12,48262"
Space Echo Studio,music_production,,http://www.space-echo-studios.com/,,Rome,"41,912388","12,4425254"
Spaghetti Prop,cinema,,http://www.spaghettiprop.it/,,Rome,"41,91366","12,45153"
Sparwasser,cultural_center,,http://www.sparwasser.it,,Rome,"41,88811","12,53033"
Spazi dell'Anima,arts_and_entertainment,,http://www.spazidellanima.it/,,Rome,"41,8704887","12,5238401"
Spazio 18B,theatre,,http://www.spazio18b.com/,,Rome,"41,8585548","12,4921796"
Spazio 40 Art,art_gallery,,http://www.spazio40galleria.it,,Rome,"41,88912","12,4712571"
SPAZIO 88,art_gallery,,http://wwwspazio88.it/,,Rome,"41,896704","12,470172"
Spazio Ars Musica Roma,music_venue,,http://www.arsmusicaroma.it/,,Rome,"41,8973857","12,4146687"
Spazio Arti Floreali,art_school,,http://www.artifloreali.it/,,Rome,"41,8999875","12,4674631"
Spazio Cantiere Tor Bella Monaca,community_center,,Ingen webbplats,,Rome,"41,86915","12,63368"
Spazio d'Arte Officina Alviti,arts_and_entertainment,,http://www.officinalviti.com,,Rome,"41,8940125","12,4796047"
Spazio Diamante,theatre,,https://www.spaziodiamante.it/,,Rome,"41,8922106","12,5392514"
Spazio Duale,art_gallery,,https://www.spazioduale.it/,,Rome,"41,8991163","12,5163328"
Spazio Flamenco,dance_school,,Ingen webbplats,,Rome,"41,87813","12,541368"
Spazio Ginko,art_gallery,,http://www.spazioginko.com/,,Rome,"41,892008","12,490793"
Spazio I De A,art_gallery,,Ingen webbplats,,Rome,"41,8679103","12,485655"
Spazio Idee,bookstore,,http://www.spazioidee.net/,,Rome,"41,8604531","12,5582093"
Spazio Kintsugi,arts_and_entertainment,,Ingen webbplats,,Rome,"41,8984989","12,5088884"
Spazio Libreria Settembrini,bookstore,,Ingen webbplats,,Rome,"41,9150833","12,4670031"
Spazio MatEr Loft Gallery,art_gallery,,http://www.mat-er.com/,,Rome,"41,8898091","12,5007316"
Spazio Mecenate,art_gallery,,http://www.gongoff.com/,,Rome,"41,8920689","12,4996729"
Spazio Menexa,art_gallery,,https://spaziomenexa.it/,,Rome,"41,8961411","12,4696102"
Spazio Mimesis,art_school,,http://www.spaziomimesis.it/,,Rome,"41,93284","12,5200243"
Spazio Monti,arts_and_entertainment,,http://www.spaziomonti.it/,,Rome,"41,89418","12,48926"
Spazio Nagual,bookstore,,https://bio.site/spazionagual,,Rome,"41,8850002","12,5340658"
Spazio Novecento,dance_club,,http://www.spazionovecento.it/,,Rome,"41,8343355","12,4702254"
Spazio Nuovo,art_gallery,,http://spazionuovo.net/,,Rome,"41,9020832","12,475508"
Spazio Pubblico,print_media,,https://spaziopubblico.fpcgil.it/,,Rome,"41,88191","12,47087"
Spazio Rossellini,theatre,,http://www.spaziorossellini.it/,,Rome,"41,8563289","12,4687311"
Spazio Scenico srl,theatre,,http://www.spazioscenicosrl.it/,,Rome,"41,771254","12,332564"
Spazio Segreto,theatre,,http://www.teatrosegreto.it/,,Rome,"41,8807289","12,4739595"
Spazio Sette Libreria,bookstore,,Ingen webbplats,,Rome,"41,895104","12,4757154"
Spazio sociale 100celleaperte,arts_and_entertainment,,https://100celleaperte.wordpress.com/,,Rome,"41,8867803","12,5632106"
Spazio Tetenal,art_gallery,,http://www.tetenal.it/,,Rome,"41,8609152","12,4993982"
Spazio Urano,art_museum,,http://www.spaziourano.com/,,Rome,"41,8904081","12,5371548"
Spazio Veneziano,art_gallery,,http://spazioveneziano.com/,,Rome,"41,9200024","12,5063437"
Spazio5,art_gallery,,http://www.spazio5.com/,,Rome,"41,9058803","12,4599441"
SpazioCargo,movie_television_studio,,http://www.spaziocargo.it/,,Rome,"41,9383233","12,4503224"
SpazioCima,art_gallery,,https://www.spaziocima.it/,,Rome,"41,9177502","12,5028044"
SpaziOfficina - Emozioni d'Arte Eventi & Mostre,arts_and_entertainment,,https://www.artmajeur.com/spaziofficina,,Rome,"41,95055","12,51569"
Spaziograro,art_gallery,,Ingen webbplats,,Rome,"41,8881666","12,4748197"
SpazioLab11,theatre,,https://spaziolab11.it/,,Rome,"41,9330934","12,5281061"
SpazioMR,art_gallery,,http://www.spaziomr.com/,,Rome,"41,90745","12,48007"
SpettacolArte associazione Culturale,performing_arts,,http://www.spettacolarteroma.it/,,Rome,"41,9227797","12,4138595"
Spevi Strumenti Musicali,music_and_dvd_store,,http://www.spevi-strumentimusicali.com/,,Rome,"41,8724081","12,5310681"
Spiritualità Edizioni,bookstore,,http://www.spiritualita.it/,,Rome,"41,93767","12,4379899"
Spizzichi d'Autore,bookstore,,http://www.spizzichidautore.it/,,Rome,"41,9205376","12,5224538"
Splash Museum Roma,arts_and_entertainment,,Ingen webbplats,,Rome,"41,8557416","12,5003144"
Spm Donna Olimpia,music_school,,http://www.donnaolimpia.it/,,Rome,"41,8782645","12,4514666"
SPM Villa Gordiani APS,music_school,,http://www.spmvillagordiani.it/,,Rome,"41,8975528","12,555216"
SPQR Tango Marathon Roma,arts_and_entertainment,,http://www.spqrtangomarathon.com/,,Rome,"41,7855152","12,4351512"
Spring ARTE,theatre,,http://www.laspring.it/,,Rome,"41,8995691","12,5120315"
Squeeze Tees,screen_printing_t_shirt_printing,,http://www.stees.it/,,Rome,"41,8898712","12,5241623"
Stabile di Roma,theatre,,http://theagent.lasiti.it/,,Rome,"41,8793999","12,52558"
STAFF MUSIC School Roma,music_school,,http://www.staffmusicschool.com/,,Rome,"41,8352617","12,5054209"
Stampe e Ricami Personalizzati,screen_printing_t_shirt_printing,,http://www.widiacrea.it/,,Rome,"41,78999","12,51696"
Stamperia del Tevere,art_school,,http://www.stamperiadeltevere.it/,,Rome,"41,8514112","12,413662"
Stand By Me - Produzioni TV,broadcasting_media_production,,http://www.standbyme.tv/,,Rome,"41,9087628","12,4674979"
Stanza Dell’incedio Di Borgo,art_museum,,Ingen webbplats,,Rome,"41,9032972","12,4548968"
Stanze di Raffaello,art_gallery,,http://it.wikipedia.org/wiki/index.html?curid=1939524,,Rome,"41,903459","12,455041"
Star Media,movie_television_studio,,http://www.starmedia.biz/,,Rome,"41,907245","12,4465907"
Star Music store,music_and_dvd_store,,http://www.starmusicroma.it/,,Rome,"41,9000128","12,4293827"
STAR ROSE Academy - Accademia Multidisciplinare,arts_and_entertainment,,http://www.starroseacademy.it/,,Rome,"41,9447429","12,5325619"
Star Shop Al Corso,comic_books_store,,http://www.starshop.it/,,Rome,"41,908644","12,477655"
Star Shop Degli Scipioni,bookstore,,http://www.fumettiegadgets.it,,Rome,"41,9088799","12,4598433"
Star Shop Ostia,bookstore,,Ingen webbplats,,Rome,"41,7329165","12,277248"
Star Shop Roma,bookstore,,http://www.romamultietnica.it/ucraina/associazioni-ucraine/itemlist/tag/Negozi.html?start=120,,Rome,"41,828711","12,474509"
Stardance Studio,dance_school,,http://www.stardancestudio.it/,,Rome,"41,87038","12,443023"
Stardust Village,cinema,,https://stardustvillage.it/,,Rome,"41,8189558","12,4457072"
Start Cantiere Grafico,graphic_designer,,http://www.startcantieregrafico.it/,,Rome,"41,8892256","12,5293188"
StArt Lab,music_venue,,https://www.startlab.roma.it/,,Rome,"41,9479822","12,5390114"
Startalenti,performing_arts,,http://www.startalenti.it/,,Rome,"41,9283883","12,4840748"
Startup Connect,graphic_designer,,Ingen webbplats,,Rome,"41,8788111","12,5633841"
Starwaylab Media Coworking Roma APS,movie_television_studio,,http://www.starwaylab.com/,,Rome,"41,89614","12,4970902"
Stasher Luggage Storage - Le Domus Romane Di Palazzo Valentini,museum,,https://stasher.com/search,,Rome,"41,8963538","12,4853165"
Stazione Nord,dance_club,,http://www.stazionenord.com/,,Rome,"41,9378","12,4503"
Stea Comunicazioni srl,videographer,,http://www.steacomunicazioni.it/,,Rome,"41,8818701","12,5424225"
Stedicola,book_magazine_distribution,,https://edicole.primaedicola.it/it/italia/roma/roma-via-dell-imbrecciato-132?utm_source=Facebook&utm_medium=FBSitelink&utm_campaign=FBSitelink_Roma_28480,,Rome,"41,84919","12,44559"
Stefano Antonelli - 999Contemporary,art_gallery,,http://www.999contemporary.com/,,Rome,"41,8665788","12,4789699"
Stefano Zampieri,art_gallery,,http://Stefanozampieri.net/,,Rome,"41,9072871","12,4601341"
Stella Stellina,bookstore,,https://stellastellina-clothingstore.business.site/?utm_source=gmb&utm_medium=referral,,Rome,"41,87391","12,41594"
Stemal Srl,broadcasting_media_production,,http://www.stemal.it/,,Rome,"41,9466891","12,4394396"
Stemma Eventi,record_label,,http://www.branoinedito.it/#!contatti/c16bp,,Rome,"41,9297545","12,3640132"
Stemma Music Academy,art_school,,http://www.scuolastemma.it/,,Rome,"41,9298233","12,363966"
Step Up Roma,art_school,,http://www.stepuproma.com/,,Rome,"41,7760898","12,3692043"
Steps on Broadway - Talenti,dance_school,,Ingen webbplats,,Rome,"41,95233","12,54741"
Stereosound,music_and_dvd_store,,Ingen webbplats,,Rome,"41,89843","12,477417"
Stickers moode,graphic_designer,,http://www.moode.it/,,Rome,"41,8763897","12,5239693"
Stile Danza,art_school,,http://stiledanza.com/,,Rome,"41,9283735","12,3633075"
Stilnovo Club,dance_club,,http://www.stilnovoclub.com/,,Rome,"41,9165625","12,4606359"
Stone Recording Studio,music_production,,http://www.stonerecordingstudio.com/,,Rome,"41,8708096","12,4659415"
StoneHead,cultural_center,,http://www.stonehead.it/,,Rome,"41,8650323","12,5479394"
Storie di Carta di Antonio Flamini,bookstore,,http://www.facebook.it/,,Rome,"41,8656683","12,6443632"
Stra Studio,music_production,,http://www.strastudio.com/,,Rome,"41,8906326","12,5627486"
Strati d’Arte Gallery,art_gallery,,http://www.stratidarte.com/,,Rome,"41,9092113","12,4936683"
Streamcast,recording_and_rehearsal_studio,,http://streamcast.it/,,Rome,"41,87979405","12,46850475"
Street Dance Academy,dance_school,,http://www.streetdanceacademy.it/,,Rome,"41,9110011","12,5536459"
Studi Rai Saxa Rubra,broadcasting_media_production,,https://moovitapp.com/index/it/mezzi_pubblici-Centro_Di_Produzione_Rai_Saxa_Rubra-Roma_e_Lazio-site_14805603-61,,Rome,"41,9803625","12,4958003"
Studi Rai Via Teulada Studio 1,movie_television_studio,,http://www.rai.it,,Rome,"41,9201609","12,4556179"
Studi Scenografici,arts_and_entertainment,,http://www.studiscenografici.it/,,Rome,"41,9144492","12,4657431"
Studi Televisivi Elios - Mediaset,movie_television_studio,,http://www.titanus.it/titanus-elios.php,,Rome,"41,9381079","12,619751"
Studi televisivi RAI De Paolis,broadcasting_media_production,,Ingen webbplats,,Rome,"41,908804","12,541018"
Studi Voxson,broadcasting_media_production,,Ingen webbplats,,Rome,"41,9068608","12,5888992"
Studio 12.84 Sala di Registrazione,music_production,,http://www.studio1284.com/,,Rome,"41,9849336","12,4091138"
Studio 16 Group Srls.,music_production,,http://www.studio16group.it/,,Rome,"41,9161686","12,4610194"
Studio 30 verticale,art_gallery,,http://www.chiarafazi.com/,,Rome,"41,8705866","12,4845451"
Studio 54,arts_and_entertainment,,Ingen webbplats,,Rome,"41,9251214","12,5774595"
Studio 63,dance_school,,https://www.lamaisonaccademiadidanza.it/lostudio63/,,Rome,"41,88032","12,53317"
Studio 66 - recording studio,music_production,,http://www.studio66records.com/,,Rome,"41,8771564","12,441515"
Studio 8,music_production,,http://www.studio8.it/,,Rome,"41,9538034","12,453489"
Studio 8,art_gallery,,http://www.studio8.art/,,Rome,"41,88828","12,47785"
Studio Af: laboratorio di restauro libri e scansioni digitali,art_restoration,,Ingen webbplats,,Rome,"41,83581","12,55738"
Studio B5,art_gallery,,http://www.associazioneb5.com/,,Rome,"41,8876648","12,4686908"
Studio Bibliografico Morghen di Gabriele Barbone,bookstore,,http://www.studiobibliograficomorghen.it/,,Rome,"41,9101464","12,4630161"
Studio Bibliografico Viborada,bookstore,,https://viborada.it/,,Rome,"41,9647641","12,5138065"
Studio Blu,music_production,,http://www.marcolecci.com/,,Rome,"41,8242666","12,5057875"
Studio Cafiero,music_production,,http://www.studiocafiero.it/,,Rome,"41,916455","12,460085"
Studio Calabria Srl,movie_television_studio,,http://www.studiocalabria.com/,,Rome,"41,8327221","12,5996606"
Studio Cassio - Mosaic Courses in Rome,art_school,,http://www.studiocassio.com/,,Rome,"41,8959786","12,4937641"
Studio CiCo,arts_and_entertainment,,http://www.cinziacotellessa.it/,,Rome,"41,92569","12,67659"
Studio Cine Lab - Roma,movie_television_studio,,http://www.studiocinelab.it/,,Rome,"41,9993078","12,478727"
Studio Cinema International,art_school,,http://www.studiocinemainternational.com/,,Rome,"41,8696947","12,5268643"
Studio Co-Co,art_gallery,,http://www.co-co.it/,,Rome,"41,891505","12,5334537"
"Studio Colosseo ""Produzioni Multimediali""",music_production,,http://www.studiocolosseo.com/,,Rome,"41,8957402","12,4969482"
Studio D - PR,mass_media,,http://www.studiodmoda.it/,,Rome,"41,9118964","12,5515414"
Studio d'Arte Campaiola,art_gallery,,http://www.campaiola.it/,,Rome,"41,909078","12,4789979"
Studio d'Arte Caprini - Stamperia,theatre,,Ingen webbplats,,Rome,"41,93867","12,56156"
Studio d'Arte Contemporanea Pino Casagrande,art_gallery,,Ingen webbplats,,Rome,"41,8990256","12,5165233"
Studio d'Arte di Carmela Perna,framing_store,,https://www.carmelaperna.it/,,Rome,"41,8894167","12,4751995"
Studio d'Arte di Maria Teresa Gallo,library,,http://mariateresagallo.com/,,Rome,"41,87245","12,4576543"
Studio d'Arte Il Doppio Creativo di Cristina Sozio,art_school,,http://www.ildoppiocreativo.it/,,Rome,"41,8975434","12,4676337"
Studio d'Arte MALANDRINA,arts_and_entertainment,,Ingen webbplats,,Rome,"41,85253","12,56559"
Studio d'Arte Viola,art_gallery,,http://www.arteviola.com/it/,,Rome,"41,959653","12,524419"
Studio di Registrazione Memphistudio,music_production,,http://www.memphistudio.com/,,Rome,"41,8674844","12,4660285"
Studio di registrazione New Age,music_production,,http://www.studionewage.com/,,Rome,"41,7345207","12,2899453"
Studio DR - Spazio Visivo,art_gallery,,Ingen webbplats,,Rome,"41,9091263","12,4543764"
Studio Dude,media_agency,,https://studiodude.it/,,Rome,"41,888823","12,477776"
Studio EDP Roma,graphic_designer,,http://www.studioedp.it/,,Rome,"41,923604","12,446797"
Studio Emme,performing_arts,,http://www.studioemme.net/,,Rome,"41,862061","12,4569092"
Studio Emme | Scuola di Cinema Roma | Corsi di recitazione | Agenzia artisti,venue_and_event_space,,https://studioemme.net/,,Rome,"41,8621356","12,4569202"
STUDIO FABRIZIO D’OTTAVI,graphic_designer,,http://www.fabriziodottavi.it/,,Rome,"41,8834657","12,5107469"
Studio Fellini,movie_television_studio,,http://cinecittastudios.it/,,Rome,"41,84954","12,57435"
Studio Fellini Cinecittà,theatre,,http://www.studiofellini.it/,,Rome,"41,95546","12,52443"
Studio Flamenco Roma - Corsi di flamenco a Roma,dance_school,,Ingen webbplats,,Rome,"41,8147461","12,4431558"
Studio fotografico S.R.,arts_and_entertainment,,http://www.fotograforoma.net/,,Rome,"41,90699041","12,54816681"
Studio G - Casale Garibaldi,music_venue,,Ingen webbplats,,Rome,"41,881673","12,555583"
Studio Gianmaria De Luca,art_gallery,,Ingen webbplats,,Rome,"41,8955543","12,5141251"
Studio GIGA,art_gallery,,http://www.studiogiga.com/,,Rome,"41,89848","12,47017"
Studio Gnomo,music_production,,http://www.studiognomo.it/,,Rome,"41,8639149","12,4857408"
Studio grafico Agostini,graphic_designer,,http://www.studiograficoagostini.com/,,Rome,"41,9147456","12,5027704"
Studio Grafico Peritale,graphic_designer,,http://www.perizia-grafica.com/,,Rome,"41,920706","12,3817148"
Studio Grafico Roma 3Nastri,graphic_designer,,http://www.3nastri.it/,,Rome,"41,8412157","12,6076056"
Studio Grafico Romana Liberati,graphic_designer,,Ingen webbplats,,Rome,"41,9420319","12,38482"
Studio grafico Romana Liberati,graphic_designer,,Ingen webbplats,,Rome,"41,9487039","12,3907778"
Studio Ideo Roma,graphic_designer,,https://www.studioideo.com/,,Rome,"41,920245","12,493985"
Studio lasituazione,broadcasting_media_production,,http://www.lasituazione.com/,,Rome,"41,8902932","12,5190963"
Studio Mafera SRL,media_agency,,Ingen webbplats,,Rome,"41,85448","12,43902"
Studio Mariotti,graphic_designer,,https://www.studiomariotti.com/,,Rome,"41,8770486","12,4658848"
Studio Mastering,music_production,,http://www.studiomastering.it/,,Rome,"41,7542978","12,3651866"
Studio Miriam - SM,music_production,,Ingen webbplats,,Rome,"41,8637089","12,5596618"
Studio Octopus,graphic_designer,,http://www.studiooctopus.it/,,Rome,"41,8874392","12,5239618"
Studio Orizzonte Gallery,art_gallery,,http://www.studiorizzontegallery.com/,,Rome,"41,9212883","12,4911752"
Studio Orizzonte Gallery Srl,photography_store_and_services,,http://www.studiorizzontegallery.com/,,Rome,"41,9209273","12,49163515"
Studio PAN - Architettura del Paesaggio,landscaping,,https://studiopanpaesaggio.com/,,Rome,"41,9125343","12,4733984"
Studio Polpo,graphic_designer,,http://www.studiopolpo.it/,,Rome,"41,8854394","12,459566"
Studio Portonaccio,art_gallery,,http://www.gianfrancobasso.it/,,Rome,"41,9007207","12,5362756"
Studio Quipu,art_gallery,,https://www.carlosatoche.com/studio-quipu/,,Rome,"41,8906284","12,5322015"
Studio R Videoproduction,videographer,,https://vimeo.com/user151520099,,Rome,"41,881105","12,350505"
Studio RAP,art_gallery,,Ingen webbplats,,Rome,"41,897156","12,490506"
Studio S-Arte Contemporanea,art_gallery,,Ingen webbplats,,Rome,"41,909517","12,47491"
Studio Segre srl,cinema,,http://www.studiosegre.com/,,Rome,"41,9377732","12,4660707"
Studio Stefania Miscetti,art_gallery,,http://www.studiostefaniamiscetti.com/,,Rome,"41,8955773","12,4633067"
Studio televisivo AVANTI UN ALTRO,music_production,,Ingen webbplats,,Rome,"41,9392149","12,6192352"
Studio TiEpolo38,art_gallery,,http://www.studiotiepolo38.it/,,Rome,"41,9235843","12,469411"
Studio Uno,music_school,,http://www.studiounomusica.com/,,Rome,"41,9010002","12,4095921"
Studio Vale,dance_school,,http://www.studiovaleroma.com/,,Rome,"41,8379543","12,5854993"
Studio X MUSIC School,music_school,,http://www.studioxmusicschool.it/,,Rome,"41,9083044","12,4599266"
Studio Zero Recording,music_production,,https://www.studiozerorecording.it/,,Rome,"41,884359","12,5199805"
Studio_G_Roma,art_gallery,,http://www.studiogroma.it/,,Rome,"41,8813097","12,4761397"
Studio4 Roma,theatre,,http://www.studio4roma.it/,,Rome,"41,9123335","12,4607164"
Studio5  Teatro - Musica - Danza,theatre,,http://www.studio5roma.com/,,Rome,"41,81754","12,48947"
Studio7 dance art style,dance_school,,http://Www.studio7.info/,,Rome,"41,8640158","12,460171"
Studio7 Roma,dance_club,,http://www.studio7roma.it/,,Rome,"41,9733063","12,4422603"
Studio8600,music_production,,http://www.studio8600.it/,,Rome,"41,9195742","12,5225931"
StudioAira,graphic_designer,,http://www.studioaira.com/,,Rome,"41,89042","12,53551"
Studioi Music Room,music_production,,Ingen webbplats,,Rome,"41,868779","12,4519459"
Studiomaker,broadcasting_media_production,,http://www.studiomaker.it/,,Rome,"41,9465726","12,4969794"
Studionero,music_production,,http://www.studionero.org/,,Rome,"41,9609813","12,5242304"
Studios Academy,broadcasting_media_production,,https://www.teatrotorpignattara.it/,,Rome,"41,8772891","12,5427236"
StudioSotterraneo,art_gallery,,Ingen webbplats,,Rome,"41,8871422","12,5354383"
Studiotre di Michele Armento,photography_store_and_services,,http://www.studiotredimichelearmento.it/,,Rome,"41,8625477","12,6861895"
Sturni 1925,art_gallery,,http://www.sturni1925.com/,,Rome,"41,9036993","12,4771365"
Suaviter Musica,music_venue,,http://www.suaviter.it/,,Rome,"41,896767","12,432811"
Suburbia,arts_and_entertainment,,http://www.suburbiaclub.com,,Rome,"41,7373512","12,3474793"
Sud Ovest Records,music_production,,http://www.sudovestrecords.com/,,Rome,"41,8707486","12,4657314"
Suite Club,dance_club,,Ingen webbplats,,Rome,"41,9090777","12,4848323"
Sun Shine Club,dance_club,,Ingen webbplats,,Rome,"41,907305","12,450174"
Suonificio,music_school,,http://www.suonificio.com/,,Rome,"41,9285387","12,423065"
Super-Dry Studio,music_production,,Ingen webbplats,,Rome,"41,8796808","12,5114431"
Superdope Audio,music_production,,http://www.superdopeaudio.it/,,Rome,"41,900235","12,5138"
Superlind@ Srl,landscape_architect,,http://www.superlind.com/,,Rome,"41,8721662","12,478655"
Supermagic - Festival della Magia,theatre,,https://www.supermagic.it/,,Rome,"41,9262789","12,4620613"
Sv Graphic,graphic_designer,,http://www.svgraphic.it/,,Rome,"41,9257459","12,401727"
SVN Solovelanet,print_media,,http://solovela.net/,,Rome,"41,9231","12,48413"
Swing And Soda,dance_school,,http://www.swingandsoda.com/,,Rome,"41,8691602","12,4844986"
Swing Cats Italy,dance_school,,http://www.swingcatsitaly.com/,,Rome,"41,8790109","12,5250704"
Swing Centocelle - Swinghaus,dance_school,,http://www.swinghaus.com/,,Rome,"41,89091","12,56424"
Swing Soul,dance_school,,http://www.swingsoulroma.it/,,Rome,"41,9104243","12,4027914"
Swing Tribe,dance_school,,https://swingtribe.it/,,Rome,"41,8516876","12,4478952"
Swingwave,dance_school,,http://www.swingwave.it/,,Rome,"41,7317105","12,2780392"
Symbola,community_services_non_profits,,http://www.symbola.net/,,Rome,"41,9085916","12,4881914"
Synchronia Scuola di Musica,arts_and_entertainment,,http://www.synchronia.it/,,Rome,"41,8444998","12,4168977"
Synthesia,broadcasting_media_production,,http://www.synthesia.it/,,Rome,"41,8296893","12,4899007"
Synthesis Studio,music_production,,http://www.andreacorvo.it/,,Rome,"41,7364492","12,3816637"
SYRC EUR di Gabriele ,dance_school,,Ingen webbplats,,Rome,"41,82172","12,47545"
SYRC PRATI di Simone e Alessia,dance_school,,Ingen webbplats,,Rome,"41,9085508","12,4462854"
SYRC-monteverde di Alessandro e Valeria,dance_school,,http://www.fitnessplay.eu/,,Rome,"41,8744866","12,4548037"
T-Recs Music,record_label,,http://www.t-recsmusic.it/,,Rome,"41,9397549","12,534952"
T-shirt Roma,screen_printing_t_shirt_printing,,http://www.tshirtroma.it/,,Rome,"41,9087379","12,5203132"
T.L. da victoria-scuola di musica,music_school,,http://www.davictoria.freeservers.com/,,Rome,"41,898143","12,445107"
T293,art_gallery,,Ingen webbplats,,Rome,"41,8879089","12,4784317"
Taboo,radio_station,,http://www.radioluiss.it/,,Rome,"41,9246904","12,4932064"
Tag24.it,print_media,,http://www.tag24.it/,,Rome,"41,9134","12,39471"
Takeawaygallery,art_gallery,,http://www.takeawaygalleryroma.altervista.org/Roma,,Rome,"41,8935577","12,4775798"
TalkinPills,mass_media,,Ingen webbplats,,Rome,"41,93829","12,47546"
Tamara de Lempicka - La Regina del Moderno,art_gallery,,http://www.dkartpublishing.com/,,Rome,"41,893619","12,484036"
TANA Liberi TUTTI,bookstore,,http://www.tanaliberitutti.com/,,Rome,"41,9109775","12,536017"
Tanalibripertutti,bookstore,,https://www.tanalibripertutti.it/,,Rome,"41,8629003","12,4679481"
Tango Allegria,dance_school,,http://www.tangoallegria.it/,,Rome,"41,9082019","12,4456"
Tango Bar,dance_school,,http://www.tangoargentino.it,,Rome,"41,889132","12,5263392"
Tango Donda,dance_school,,http://www.romatango.it/,,Rome,"41,8332636","12,4904719"
Tango Percal,dance_school,,http://www.tangopercal.com/,,Rome,"41,8910204","12,5500148"
Tangofficina,dance_school,,http://www.tangofficina.com,,Rome,"41,9075606","12,5238255"
Tangoinprogress ASD,dance_school,,https://www.tangoinprogress.it/,,Rome,"41,8078988","12,4380645"
Tatami Comics,comic_books_store,,http://www.tatamicomics.it/,,Rome,"41,9358851","12,5440804"
Tauron Entertainment,broadcasting_media_production,,http://www.tauron.it/,,Rome,"41,934921","12,635998"
Tdo a roma,arts_and_entertainment,,http://www.tdoaroma.it,,Rome,"41,885103","12,5189465"
Te Fenua Art e Bio Restorant,arts_and_entertainment,,Ingen webbplats,,Rome,"41,76762","12,3138"
Teacher Sheila's Bookshop,bookstore,,https://org.usbornebooksathome.co.uk/TeacherSheilasBookshop/,,Rome,"41,86404","12,60504"
Teatr'azione,theatre,,https://teatrazione.art/,,Rome,"41,7358722","12,2965911"
Teatrate,theatre,,http://WWW.TEATRATE.IT/,,Rome,"41,8425081","12,4860401"
TEATRATE sede Roma sud,cultural_center,,http://www.teatrate.it/,,Rome,"41,8422432","12,4866206"
Teatro 10,theatre,,Ingen webbplats,,Rome,"41,87725","12,358813"
Teatro 3M “Alfonso Luigi Ciampella”,theatre,,Ingen webbplats,,Rome,"41,888461","12,5539398"
Teatro 7 Off,theatre,,http://teatro7off.it/,,Rome,"41,9445824","12,5328412"
Teatro 88 BDG.srl,theatre,,http://www.teatro88.it/,,Rome,"41,9079544","12,5476238"
Teatro Adriano,theatre,,http://www.ferrerocinemas.it/index.php?id_menu=31,,Rome,"41,9059181","12,4698178"
Teatro Agora 80,theatre,,http://www.teatroagora80.com,,Rome,"41,8940902","12,4651093"
Teatro Alba,theatre,,http://www.teatroalba.it/,,Rome,"41,8803469","12,5199389"
Teatro Albertino,theatre,,Ingen webbplats,,Rome,"41,8682202","12,5258254"
Teatro Ambra Garbatella,theatre,,http://www.teatrogarbatella.it/,,Rome,"41,8618558","12,4900746"
Teatro Ambra Jovinelli,theatre,,https://open.showtimezone.com/juicews/download/app/ea568f10bb97daab,,Rome,"41,8958042","12,5079556"
Teatro Anfitrione,theatre,,https://teatroanfitrione.it/,,Rome,"41,8784579","12,4847199"
Teatro Antigone,theatre,,http://www.teatroantigone.it/,,Rome,"41,8806533","12,4738812"
Teatro Arcobaleno,theatre,,http://www.teatroarcobaleno.it/,,Rome,"41,9132344","12,5084064"
Teatro Argentina - Teatro di Roma,theatre,,http://www.teatrodiroma.net/,,Rome,"41,8956245","12,4763281"
Teatro Auditorium Caterina di Santa Rosa,theatre,,http://www.istitutocsr.it,,Rome,"41,8596","12,501598"
Teatro Aurelio,theatre,,http://www.teatroaurelio.it/,,Rome,"41,8968201","12,4317793"
Teatro Azione - Scuola di Recitazione,theatre,,http://www.teatroazione.it/,,Rome,"41,8715944","12,4762814"
Teatro Bambini,theatre,,http://www.teatrobambini.it/,,Rome,"41,8734156","12,5182677"
Teatro Belli,theatre,,http://www.teatrobelli.it/,,Rome,"41,8899798","12,470841"
Teatro Betti,theatre,,http://www.teatrobetti.it/home.php,,Rome,"41,9123709","12,4430979"
Teatro bianco,theatre,,Ingen webbplats,,Rome,"41,8481067","12,4906061"
Teatro Biblioteca Quarticciolo,theatre,,http://www.teatriincomune.roma.it/teatro-biblioteca-quarticciolo/,,Rome,"41,891202","12,576135"
Teatro Brancaccio,theatre,,https://www.teatrobrancaccio.it/,,Rome,"41,8935688","12,5009179"
Teatro Capranica,theatre,,http://www.aulico.com,,Rome,"41,9002","12,4778"
Teatro Casaletto,theatre,,http://www.trisdarte.it,,Rome,"41,854038","12,43802"
Teatro Causa,theatre,,http://www.teatrocausa.org/,,Rome,"41,869001","12,450936"
Teatro cavalieri,theatre,,Ingen webbplats,,Rome,"41,8985228","12,4447603"
Teatro Centrale Roma,theatre,,https://www.instagram.com/teatrocentraleclub/,,Rome,"41,895465","12,478868"
Teatro Ciak,theatre,,http://www.teatrociakroma.it/,,Rome,"41,964333","12,4454242"
Teatro Costanzi,theatre,,Ingen webbplats,,Rome,"41,9010652","12,4949429"
Teatro Dafne,theatre,,http://www.teatrodafne.com/,,Rome,"41,7314489","12,3043851"
Teatro De Rossi,theatre,,http://www.teatroderossi.it/,,Rome,"41,8715129","12,5188165"
Teatro de' Servi,theatre,,http://www.teatroservi.it/,,Rome,"41,9016994","12,4819077"
Teatro Degli Audaci,theatre,,http://www.teatrodegliaudaci.it/,,Rome,"41,965685","12,5385484"
Teatro degli Eroi di Roma,theatre,,http://www.teatrodeglieroi.it/,,Rome,"41,911987","12,4504373"
Teatro dei Balbuzienti di Federico Palmieri,theatre,,http://artchivio.wix.com/associazione,,Rome,"41,87905","12,53423"
Teatro dei Burattini,theatre,,Ingen webbplats,,Rome,"41,8919584","12,460846"
Teatro dei Cocci,theatre,,http://www.teatrodeicocci.it,,Rome,"41,876977","12,474364"
Teatro dei Comici,theatre,,Ingen webbplats,,Rome,"41,8976117","12,476557"
Teatro Dei Conciatori,theatre,,http://www.teatrodeiconciatori.it/,,Rome,"41,874438","12,4790439"
Teatro dei Contrari,arts_and_entertainment,,http://www.teatrodeicontrari.eu/,,Rome,"41,888943","12,49536"
Teatro dei Contrari,theatre,,http://www.teatrodeicontrari.com/,,Rome,"41,8838198","12,4584818"
Teatro dei Dioscuri,theatre,,https://www.archivioluce.com/teatro-dei-dioscuri/,,Rome,"41,9000176","12,4893726"
Teatro dei Frutti,theatre,,http://www.teatrodeifrutti.it/,,Rome,"41,8867423","12,5171677"
Teatro Dei Ginnasi,theatre,,https://www.teatrodeiginnasiprosa.it/,,Rome,"41,8949478","12,4784255"
Teatro dei Satiri,theatre,,http://www.teatrodeisatiri.it,,Rome,"41,89529","12,473817"
Teatro Del Beau,theatre,,Ingen webbplats,,Rome,"41,776677","12,360994"
Teatro Del Fontanone,theatre,,Ingen webbplats,,Rome,"41,8904438","12,4873766"
Teatro del Lido di Ostia,theatre,,http://www.teatrodellido.it/,,Rome,"41,7327252","12,270851"
Teatro del Torrino,theatre,,https://www.teatriromaeur.it/,,Rome,"41,8078525","12,4312355"
Teatro dell'Angelo,theatre,,http://www.associazioneitalianateatri.it/,,Rome,"41,9115701","12,4566063"
Teatro Dell'opera,theatre,,http://www.operaroma.it,,Rome,"41,8882431","12,4814738"
Teatro dell'Opera di Roma,theatre,,http://www.operaroma.it/,,Rome,"41,9006235","12,4956136"
Teatro dell'Orologio,theatre,,http://www.teatroorologio.com/,,Rome,"41,8985237","12,468478"
Teatro della Cometa,theatre,,http://www.teatrodellacometa.it,,Rome,"41,89353","12,48153"
Teatro Della Conciliazione Roma,theatre,,Ingen webbplats,,Rome,"41,9029627","12,463641"
Teatro della Dodicesima,theatre,,http://www.teatrodelladodicesima.it/,,Rome,"41,7892363","12,4437888"
Teatro della Forma,theatre,,Ingen webbplats,,Rome,"41,8779731","12,559507"
Teatro Della Maratona,theatre,,Ingen webbplats,,Rome,"41,9446339","12,4591417"
Teatro Della Scuola,theatre,,http://www.accademiasantarita.it/,,Rome,"41,78248","12,3441"
Teatro Della Storia,theatre,,http://www.teatrodidocumenti.it/,,Rome,"41,8770693","12,4750028"
Teatro della Visitazione,theatre,,http://www.areacinque.it/,,Rome,"41,9097744","12,5513086"
Teatro della YOD,theatre,,https://www.teatrodellayod.com/,,Rome,"41,8997696","12,4722828"
Teatro Delle Bellezze,theatre,,https://www.instagram.com/teatrodellebellezze/,,Rome,"41,900814","12,4674302"
Teatro Delle Emozioni,theatre,,http://www.teatrodellemozioni.it/,,Rome,"41,866285","12,5335928"
Teatro delle Muse,theatre,,http://www.teatromuse.it/,,Rome,"41,9107057","12,5157213"
Teatro delle Vittorie,theatre,,http://www.rai.it,,Rome,"41,9179782","12,4636762"
Teatro di Ariele,theatre,,http://www.teatrodiariele.org/,,Rome,"41,865264","12,490525"
Teatro di Documenti,theatre,,http://www.teatrodidocumenti.it/,,Rome,"41,876837","12,4761549"
Teatro di Mostacciano,theatre,,https://teatriromaeur.it/,,Rome,"41,818293","12,451871"
Teatro di Ostia,theatre,,http://www.teatrostabilediostiaantica.it/index.php?option=com_content&view=article&id=7&Itemid=435,,Rome,"41,75577","12,291524"
Teatro di Roma,theatre,,http://www.teatrodiroma.net,,Rome,"41,8688732","12,4718178"
Teatro Dire,performing_arts,,http://www.teatrodire.it/,,Rome,"41,876856","12,4524765"
Teatro Domma,theatre,,http://www.teatrodomma.it/,,Rome,"41,7690749","12,355876"
Teatro Douze Anto & Massi,arts_and_entertainment,,http://teatrodouze.it/,,Rome,"41,890985","12,469849"
Teatro Duse,theatre,,http://www.duseteatro.com/,,Rome,"41,883387","12,5216881"
Teatro e Critica,theatre,,http://www.teatroecritica.net/,,Rome,"41,9349765","12,5024414"
Teatro Ecuba,theatre,,http://www.teatroecuba.it/,,Rome,"41,9167696","12,4404653"
Teatro Eduardo De Filippo,theatre,,Ingen webbplats,,Rome,"41,9357812","12,4614106"
Teatro Eleusis,theatre,,http://www.eleusisteatro.it/,,Rome,"41,8598171","12,5019821"
Teatro Eliseo,theatre,,http://www.teatroeliseo.it,,Rome,"41,8978566","12,4886159"
Teatro Elsa Morante,theatre,,Ingen webbplats,,Rome,"41,8124252","12,4692032"
Teatro Eutheca,theatre,,http://www.teatroeutheca.com,,Rome,"41,8558416","12,5758634"
Teatro Ex Enaoli,theatre,,Ingen webbplats,,Rome,"41,865472","12,586369"
Teatro Fara Nume,theatre,,http://www.teatrofaranume.it/,,Rome,"41,7392468","12,2543827"
Teatro Flaiano,theatre,,http://www.teatroflaiano.com/,,Rome,"41,8968313","12,4792671"
Teatro Flavio,theatre,,http://www.teatroflavio.it/,,Rome,"41,8900735","12,499378"
Teatro Francesca Romana Coluzzi,theatre,,http://www.minestronedarte.com/,,Rome,"41,945594","12,426702"
Teatro Furio Camillo,theatre,,http://www.teatrofuriocamillo.it/,,Rome,"41,8753729","12,5255359"
Teatro Ghione,theatre,,http://www.teatroghione.it/,,Rome,"41,8988092","12,4563328"
Teatro Gianelli,theatre,,Ingen webbplats,,Rome,"41,8833588","12,5256898"
Teatro Golden,theatre,,http://www.teatrogolden.it/,,Rome,"41,8847669","12,5135097"
Teatro Greco,theatre,,http://teatrogreco.weebly.com/,,Rome,"41,9367548","12,5125434"
Teatro Greco Portigliola R.c.,theatre,,Ingen webbplats,,Rome,"41,8579307","12,5370631"
Teatro Hamlet,theatre,,http://www.teatrohamlet.it/,,Rome,"41,891939","12,5343597"
Teatro IF,theatre,,http://www.teatroif.it/,,Rome,"41,9467294","12,5681963"
Teatro in Portico,theatre,,Ingen webbplats,,Rome,"41,8674397","12,4895152"
Teatro India,theatre,,http://www.teatrodiroma.net/,,Rome,"41,8686232","12,4722911"
Teatro Italia,theatre,,http://www.teatroitalia.info/,,Rome,"41,9107967","12,5151756"
Teatro Ivelise,theatre,,http://www.teatroivelise.it/,,Rome,"41,8890023","12,4943109"
Teatro JOLIE ROUGE,theatre,,http://www.teatrojolierouge.it/,,Rome,"41,8764661","12,5703775"
Teatro Kopó,theatre,,https://linktr.ee/teatrokopo,,Rome,"41,864942","12,553724"
Teatro la casetta,theatre,,https://www.cantieridellospettacolo.it/,,Rome,"41,9198527","12,4152648"
Teatro La Comunità,theatre,,http://www.teatrolacomunita.com/,,Rome,"41,8885106","12,4745516"
Teatro Le Maschere,theatre,,http://www.teatrolemaschere.it/,,Rome,"41,8822432","12,4675176"
Teatro Le Salette,theatre,,http://www.teatrolesalette.it/it/index.php,,Rome,"41,9028528","12,4620604"
Teatro Le Sedie,theatre,,http://www.teatrolesedie.it/,,Rome,"41,9884263","12,4925894"
Teatro Leontini,theatre,,http://www.teatroleontini.it/,,Rome,"41,7486779","12,3572596"
Teatro Libero di Rebibbia,theatre,,http://www.enricomariasalerno.it/,,Rome,"41,9308959","12,5742208"
Teatro Lo Spazio,theatre,,http://www.teatrolospazio.it/,,Rome,"41,8846412","12,5063309"
Teatro Manhattan,theatre,,http://www.teatromanhattan.it/wli/main/Doc.16,,Rome,"41,89725","12,49047"
Teatro Manzoni di Roma,theatre,,http://www.teatromanzoniroma.it/,,Rome,"41,9176878","12,4647596"
Teatro Marcello,theatre,,http://www.sovraintendenzaroma.it/i_luoghi/roma_antica/monumenti/teatro_di_marcello,,Rome,"41,8930445","12,4811349"
Teatro Marconi,theatre,,http://www.teatromarconi.it/,,Rome,"41,8470557","12,4754764"
Teatro Millelire,theatre,,https://www.chipiuneart.it/doitfestival/,,Rome,"41,9079857","12,4507079"
Teatro Mongiovino,theatre,,http://www.accettellateatro.it,,Rome,"41,8596667","12,4953219"
Teatro Monteverde,theatre,,http://teatromonteverde.it/,,Rome,"41,8701729","12,4473584"
Teatro Nazionale,theatre,,Ingen webbplats,,Rome,"41,8997799","12,4948094"
Teatro Nino Manfredi,theatre,,http://www.teatroninomanfredi.it/,,Rome,"41,7314496","12,2825129"
Teatro Nomentano,theatre,,http://www.teatronomentano.it/,,Rome,"41,93779","12,53466"
Teatro OFF Studio,theatre,,http://www.teatrooffstudio.com/,,Rome,"41,8768089","12,5092376"
Teatro Olimpico,theatre,,http://www.teatroolimpico.it/,,Rome,"41,9263313","12,4619952"
Teatro Oltre,theatre,,http://www.teatrooltre.com/,,Rome,"41,8874665","12,5238141"
Teatro Orione,theatre,,http://www.orioneromateatro.it,,Rome,"41,8795204","12,5154123"
"Teatro P.P.Pasolini, Casa dello Studente",theatre,,Ingen webbplats,,Rome,"41,9011405","12,5165113"
Teatro Palco37,theatre,,Ingen webbplats,,Rome,"41,9419146","12,5295386"
Teatro Palladium,theatre,,http://teatropalladium.uniroma3.it/biglietti/,,Rome,"41,8623933","12,4855925"
Teatro Parchi della Colombo,theatre,,http://www.parchidellacolombo.it/,,Rome,"41,7519302","12,3676745"
Teatro Parioli,theatre,,https://www.ilparioli.it/,,Rome,"41,9261948","12,4880984"
Teatro Patologico,theatre,,https://teatropatologico.com/,,Rome,"41,9581944","12,4547967"
Teatro Pegaso,theatre,,http://www.teatropegaso.net,,Rome,"41,7371995","12,2935295"
Teatro Pegaso - Sala Troisi,theatre,,http://www.teatropegaso.net/,,Rome,"41,7323545","12,2818572"
Teatro Petrolini,theatre,,http://www.teatropetrolini.it/,,Rome,"41,8802444","12,473868"
Teatro Piccolo di Pietralata,theatre,,http://www.ilpiccolodipietralata.com/,,Rome,"41,9173124","12,5563923"
Teatro Planet,theatre,,https://teatroplanet.it/,,Rome,"41,8835985","12,5226563"
Teatro Portaportese,theatre,,http://teatroportaportese.it/,,Rome,"41,8759822","12,4672033"
Teatro Prati,theatre,,http://www.teatroprati.it/,,Rome,"41,9087567","12,4591157"
Teatro Quirino,theatre,,http://www.teatroquirino.it/,,Rome,"41,8999379","12,482567"
Teatro Roma,theatre,,http://www.ilteatroroma.it/,,Rome,"41,8739818","12,5308929"
Teatro Romano / Ostia Antica Festival,theatre,,https://www.ostianticateatro.it/,,Rome,"41,75884","12,29973"
Teatro Rossini,theatre,,http://www.asilosavoia.it/,,Rome,"41,897698","12,4766459"
Teatro S Carlo Lwanga,theatre,,Ingen webbplats,,Rome,"41,8453354","12,4896415"
Teatro Sala Umberto,theatre,,https://www.salaumberto.com/,,Rome,"41,9031522","12,4819387"
Teatro Sala Uno,theatre,,http://www.salaunoteatro.com,,Rome,"41,887052","12,507479"
Teatro Sammarco,theatre,,http://www.parrocchiasanmarco.it/,,Rome,"41,8210204","12,4837153"
Teatro San Carlino,theatre,,http://www.sancarlino.it/,,Rome,"41,9122163","12,4805262"
Teatro San Gaspare,theatre,,Ingen webbplats,,Rome,"41,866562","12,5326872"
Teatro San Genesio,theatre,,http://teatrosangenesio.it/,,Rome,"41,91738","12,4658572"
Teatro San Giuliano,theatre,,http://www.teatrosangiuliano.it/,,Rome,"41,9752035","12,4282004"
Teatro San Giustino in Roma,theatre,,http://www.signorichiediscena.it/,,Rome,"41,8736034","12,5801776"
Teatro San Luca,theatre,,http://www.sanlucaroma.it/teatro.php,,Rome,"41,8883591","12,5382357"
Teatro San Paolo,theatre,,http://www.teatrosanpaolo.it/index.php?option=com_content&view=article&id=55,,Rome,"41,85749","12,47739"
Teatro San Raffaele,theatre,,http://www.teatrosanraffaele.it/,,Rome,"41,8435912","12,4382979"
Teatro Santa Silvia,theatre,,http://www.actorsacademy.it/,,Rome,"41,8560546","12,4496536"
"Teatro Scuola ""Di Donato""",theatre,,Ingen webbplats,,Rome,"41,8922202","12,5069044"
Teatro Sette,theatre,,http://www.teatro7.it/,,Rome,"41,9113025","12,5132984"
Teatro Sistina,theatre,,http://www.ilsistina.it/,,Rome,"41,9042132","12,4869382"
Teatro Stabile Del Giallo,theatre,,http://www.teatrociakroma.it/,,Rome,"41,9691965","12,4436545"
Teatro Stanze Segrete,theatre,,http://www.stanzesegrete.it/,,Rome,"41,8942","12,465726"
Teatro Studio Jankowski,theatre,,http://www.jankepal.it/,,Rome,"41,9344613","12,5116013"
Teatro Studio Sei - Art Culture Show,theatre,,Ingen webbplats,,Rome,"41,863208","12,671905"
Teatro Studio Uno,theatre,,http://www.teatrostudiouno.com/,,Rome,"41,8789556","12,5438912"
Teatro Studio Zagreus di Arti Sceniche,theatre,,Ingen webbplats,,Rome,"41,8786946","12,4710919"
Teatro Tendastrisce,music_venue,,http://www.tendastrisce.it/,,Rome,"41,901374","12,5731794"
Teatro Tirso de Molina,theatre,,http://www.teatrotirsodemolina.it/,,Rome,"41,9170587","12,500484"
Teatro Tor Bella Monaca,theatre,,http://www.teatrotorbellamonaca.it/,,Rome,"41,8695102","12,6336454"
Teatro Tor di Nona,theatre,,http://www.teatrotordinona.it,,Rome,"41,9018306","12,4713333"
Teatro Torlonia - Teatro di Roma,theatre,,http://www.teatrodiroma.net/,,Rome,"41,9136097","12,5112374"
Teatro Trastevere,theatre,,http://www.teatrotrastevere.it/,,Rome,"41,88516","12,4726543"
Teatro Valle Occupato,theatre,,http://www.teatrovalleoccupato.it/category/fondazione,,Rome,"41,8972025","12,4750458"
Teatro Vascello,theatre,,http://www.teatrovascello.it/,,Rome,"41,8825266","12,4606378"
Teatro Verde,theatre,,http://www.teatroverde.it/,,Rome,"41,8735613","12,4653557"
Teatro Viganò,theatre,,Ingen webbplats,,Rome,"41,958457","12,5215649"
Teatro Villa Pamphilj,theatre,,http://www.teatrovillapamphilj.it/,,Rome,"41,888416","12,4551714"
Teatro Vittoria,theatre,,http://www.teatrovittoria.it/,,Rome,"41,8798143","12,4750776"
Teatro Ygramul,theatre,,http://www.ygramul.net/,,Rome,"41,9449259","12,5693362"
Teatro46,theatre,,Ingen webbplats,,Rome,"41,8749948","12,5253904"
Teatroavista,theatre,,http://www.teatroavista.it/,,Rome,"41,8700294","12,5153704"
TeatroBasilica,theatre,,https://www.teatrobasilica.com/,,Rome,"41,8870421","12,5074372"
Teatrocittà Centro di formazione e ricerca,theatre,,http://www.teatrocitta.org/,,Rome,"41,8565304","12,5812483"
Teatroinscatola,theatre,,http://www.teatroinscatola.it/,,Rome,"41,8744639","12,4697237"
TeatroNovantuno Manifestazioni Eventi Teatrali,theatre,,http://www.teatro91.com/,,Rome,"41,894925","12,495352"
Teatrosophia,theatre,,http://www.teatrosophia.com/,,Rome,"41,9001523","12,4698261"
Techpro Records,music_production,,http://bit.ly/techpro_records,,Rome,"41,88937","12,5311"
Telaio,art_school,,Ingen webbplats,,Rome,"41,81376","12,47928"
Tele Radio Stereo,broadcasting_media_production,,http://www.teleradiostereo.it/,,Rome,"41,9697709","12,5006138"
Telecinesound,music_production,,http://www.telecinesound.it/,,Rome,"41,9297854","12,5447978"
Teleroma 56,movie_television_studio,,https://api.whatsapp.com/send/?phone=%2B393499801256&text&type=phone_number&app_absent=0,,Rome,"41,9698631","12,5005798"
TELETRADE ITALIA - Trading Online Broker Forex,venue_and_event_space,,https://www.teletrade.eu/it,,Rome,"41,83279","12,45986"
Tempo Artistico,arts_and_entertainment,,http://www.tempoartistico.com/,,Rome,"41,8714012","12,4560579"
Tempo di Musica - Music School,music_school,,https://www.tempodimusica.art/,,Rome,"41,8796873","12,5759181"
Tempo Presente,print_media,,http://www.tempopresenterivista.eu/,,Rome,"41,89433","12,4733"
TENET STUDIOs,record_label,,https://www.studiorecroma.it/,,Rome,"41,7761112","12,5461587"
Teodora Film,arts_and_entertainment,,http://www.teodorafilm.com/,,Rome,"41,9082413","12,47223"
Terminal 2,music_production,,http://www.terminal2studio.com/,,Rome,"41,8799878","12,3617001"
Terra Incognita_Produzioni televisive,movie_television_studio,,http://www.tiproduction.tv/,,Rome,"41,827091","12,4640751"
Terraforma Scuola D'arte Ceramica,art_school,,http://www.terraforma.it/,,Rome,"41,879707","12,4895664"
Terrazza Del Campidoglio,mass_media,,https://en.wikipedia.org/wiki/Capitoline_Hill,,Rome,"41,8923499","12,4835068"
Terzo Millennium Studio,dance_school,,http://www.terzomillenniumstudio.com/,,Rome,"41,9104012","12,4027325"
Terzogiornale,print_media,,https://www.terzogiornale.it/,,Rome,"41,880742","12,474003"
Tevere Art Gallery,art_gallery,,http://www.tevereartgallery.net/,,Rome,"41,8581603","12,4605732"
Texmat,bookstore,,http://www.texmat.it/,,Rome,"41,8576334","12,6243817"
Tg1,broadcasting_media_production,,https://www.rainews.it/notiziari/tg1,,Rome,"41,91757","12,46658"
Tg3,broadcasting_media_production,,https://linktr.ee/tg3rai,,Rome,"41,9794324","12,4957681"
That's Hall,cultural_center,,https://thatshall.it/,,Rome,"41,8990454","12,5181067"
That's Italia Art & The Secret Gallery,art_gallery,,http://www.thatsitaliart.it/,,Rome,"41,8635079","12,4582538"
THE ACT,theatre,,https://portale.arci.it/preadesione/theact/,,Rome,"41,7290763","12,2797697"
The ART of the BRICK - Roma Auditorium Parco della Musica,art_museum,,http://www.artofthebrickitalia.it/,,Rome,"41,929705","12,4745488"
The Bank Club,dance_club,,https://linktr.ee/thebankclub,,Rome,"41,7703777","12,3311302"
The Basement 3.0,movie_television_studio,,https://www.basementstudio.it/,,Rome,"41,856139","12,478753"
The Biplano Team,arts_and_entertainment,,http://www.biplanostudio.com/,,Rome,"41,885963","12,5154934"
The Bookmakers studio editoriale ,print_media,,https://www.thebookmakers.it/,,Rome,"41,9092777","12,4495258"
The British School at Rome Library,library,,http://www.bsr.ac.uk/about/contact,,Rome,"41,918561","12,481117"
The Cutter,graphic_designer,,https://www.thecutter.it/,,Rome,"41,86772","12,5464587"
The Gallery Apart,art_gallery,,http://www.thegalleryapart.it/,,Rome,"41,8703818","12,4824722"
The Lab,music_production,,Ingen webbplats,,Rome,"41,7888052","12,3857245"
The little reader,bookstore,,http://www.thelittlereader.it/,,Rome,"41,8928813","12,5075233"
The Lodge,dance_club,,http://thelodgestaff.tumblr.com/,,Rome,"41,8925101","12,5130493"
The Media Gate,cinema,,http://www.themediagate.co.uk/,,Rome,"41,90869","12,49025"
The MILL - 1st floor studio art,arts_and_entertainment,,http://www.olmoamato.it/,,Rome,"41,9265505","12,5375434"
The Music Loft,music_venue,,https://www.facebook.com/themusicloftroma,,Rome,"41,8657188","12,4995797"
The One Roma,dance_club,,https://g.co/kgs/P7BHUA,,Rome,"41,9086292","12,4904581"
The Painting and Drawing Art Studio of Rome,art_school,,https://artstudiorome.com/,,Rome,"41,887504","12,472148"
The Place Music Studio,music_production,,http://www.theplacemusicstudio.com,,Rome,"41,9150089","12,5039077"
The Popping Club,art_gallery,,http://www.cultrise.com/,,Rome,"41,894448","12,48802"
The Producers Studio,music_production,,http://www.vittoriogiannelli.it/,,Rome,"41,8805737","12,507418"
The Rape of Proserpina,art_museum,,Ingen webbplats,,Rome,"41,9142765","12,4923039"
The Rome Workshops,art_school,,http://www.theromeworkshops.com/,,Rome,"41,89549","12,47295"
The Room,art_gallery,,http://www.theroomgallery74.wordpress.com/,,Rome,"41,8942634","12,5078716"
The Soap Factory,arts_and_entertainment,,http://www.soapfactory.it/,,Rome,"41,8646819","12,4813318"
The Space Cinema,drive_in_theater,,http://www.thespacecinema.it/al-cinema/roma-moderno,,Rome,"41,9020389","12,4962885"
The Space Cinema,drive_in_theater,,http://www.thespacecinema.it/al-cinema/roma-parco-de-medici,,Rome,"41,815945","12,4116125"
The Space Moderno Di Piazza Republica,cinema,,thespacecinema.it,,Rome,"41,9015778","12,4962414"
The space parco dei Medici,cinema,,http://www.thespacecinema.it/i-nostri-cinema/roma-parco-de-medici/al-cinema,,Rome,"41,8152055","12,4116556"
The Steve'S Band Recording Studio,music_production,,http://www.thestevesband.com/,,Rome,"41,87632","12,46792"
The Village Roma - Parco de' Medici,cinema,,https://www.thevillageroma.it/,,Rome,"41,8151227","12,4119564"
The-Zone Radio Show,music_venue,,http://www.the-zone.it/,,Rome,"41,9492769","12,4137312"
Théâtre Français de Rome,theatre,,http://www.teatrofrancese.it/,,Rome,"41,90007","12,4744485"
Theatre of Marcellus,theatre,,http://turismoroma.it,,Rome,"41,892009","12,479432"
Theatre of Pompey,theatre,,http://es.wikipedia.org/wiki/index.html?curid=1175979,,Rome,"41,8952762","12,4736941"
TheBanco,bookstore,,http://www.thebanco.it/,,Rome,"41,73831","12,28902"
TheDark Side,arts_and_entertainment,,http://Www.darkside-roma.com/,,Rome,"41,872854","12,527581"
TheGlav production,broadcasting_media_production,,http://www.theglav.com/,,Rome,"41,9480997","12,604244"
TheOne Costumes,theatre,,https://theonecostumes.com/,,Rome,"41,9392719","12,5388665"
ThermoStudio,music_production,,http://www.villaggiomusicale.com/artista/thermostudio,,Rome,"41,8969552","12,4500679"
Tiber art&design,art_gallery,,https://www.tiberart.com/,,Rome,"41,8988451","12,4709731"
Tibur,fair,,http://www.cinemadiroma.it/,,Rome,"41,8974324","12,514979"
Tiburtina Studios,movie_television_studio,,http://www.ferrerocinemas.it/,,Rome,"41,90879","12,54098"
Tic Edizioni,bookstore,,http://ticedizioni.com/,,Rome,"41,887671","12,4687988"
Tim Van Laere Gallery Rome,art_gallery,,http://www.timvanlaeregallery.com/,,Rome,"41,898639","12,4660363"
Timba Music Factory,music_venue,,http://www.arvaliascuolamusica.com/,,Rome,"41,8418368","12,4570284"
Timba Recording Studio,music_production,,http://www.timba.it,,Rome,"41,8715344","12,4651708"
Timbartist - Scuola di Danza Roma,dance_school,,http://www.timbartist.it/,,Rome,"41,8773177","12,6185316"
Timbri & Targhe Tipografia,graphic_designer,,http://www.iannettatimbri.it/,,Rome,"41,8811568","12,5045416"
Time Elevator Roma - Cinema Multisensoriale 3D 5D,cinema,,http://www.time-elevator.it,,Rome,"41,8983995","12,482186"
Timestretch Edizioni,music_production,,http://tsrecordings.com/,,Rome,"41,93672","12,52884"
Tin Pan Alley Recording Studio,music_production,,http://www.tparecords.com/,,Rome,"41,9019473","12,410289"
Tino Berlino show- varietà,arts_and_entertainment,,http://www.tinoberlino.com/,,Rome,"41,9413595","12,5640096"
Tipolitografia DueErre,screen_printing_t_shirt_printing,,http://www.tipolitografiadueerre.it/,,Rome,"41,91243","12,42198"
Tità Stories & Links Srl,arts_and_entertainment,,http://www.titastories.com/,,Rome,"41,9099248","12,5197363"
Titania,arts_and_entertainment,,http://www.studititania.it,,Rome,"41,9069573","12,4207893"
Titanus,movie_television_studio,,https://www.titanus.it/,,Rome,"41,9061943","12,5039641"
Titanus Elios,broadcasting_media_production,,http://www.titanus.it,,Rome,"41,93813","12,619598"
TL16,graphic_designer,,http://www.tl16.it/,,Rome,"41,9141249","12,4446509"
TNC Talent and Creativity ETS,community_services_non_profits,,https://tnc-talentandcreativity.org/,,Rome,"41,95","12,51139"
Tomo Libreria Caffè,bookstore,,http://www.libreriatomo.com/,,Rome,"41,8981329","12,5142508"
Tonys srl,broadcasting_media_production,,http://www.tonys.it/,,Rome,"41,911794","12,4564163"
TopDance,dance_club,,http://asdballomaniaroma.webnode.it/,,Rome,"41,94555","12,31677"
Tordinona Teatro,theatre,,http://www.tordinonateatro.it/,,Rome,"41,90173","12,47129"
Tornio Subito di Maria D'Alessandro,art_gallery,,Ingen webbplats,,Rome,"41,781177","12,365251"
ToroMedia,arts_and_entertainment,,http://www.toro.tv/,,Rome,"41,9146303","12,4631942"
Torre di Redicicoli,urban_farm,,Ingen webbplats,,Rome,"41,9827634","12,5396844"
Torre Pontina,arts_and_entertainment,,http://it.wikipedia.org/wiki/Torre_Pontina,,Rome,"41,81959","12,45763"
Total Guitar Academy - Scuola di Chitarra,music_school,,https://www.totalguitaracademy.com/,,Rome,"41,8250457","12,5033992"
Totemtanz Scuola di Musica,music_school,,http://www.totemtanz.it/,,Rome,"41,9048717","12,5361647"
Totosound R.S.,arts_and_entertainment,,http://totosound.it/contattaci.php,,Rome,"41,8713803","12,5139529"
Touch The Wood,dance_club,,http://www.touchthewood.it/,,Rome,"41,8646901","12,4809749"
Touch Village Entertainment,broadcasting_media_production,,http://www.TouchProductionltd.com/,,Rome,"41,92074","12,45747"
TOY BOX,art_gallery,,Ingen webbplats,,Rome,"41,89757","12,51592"
Toy RoOm Rome,dance_club,,http://www.toyroomrome.com/,,Rome,"41,9033741","12,4879878"
TPVideo - Produzione e Post Produzione Video Roma,broadcasting_media_production,,http://www.tpvideo.it,,Rome,"41,9346946","12,4172387"
Tra Cielo e Terra - Associazione Culturale,cultural_center,,http://tracieloeterraroma.org/,,Rome,"41,8761016","12,4891891"
Tracce Sonore Studio,music_production,,https://www.buymeacoffee.com/traccesonore,,Rome,"41,8598632","12,4580046"
Traffic Live,dance_club,,http://www.trafficlive.org/,,Rome,"41,8935982","12,5879949"
TRAM Teatro,theatre,,http://www.tramteatro.it/p/index#contatti,,Rome,"41,9245669","12,5053655"
Tram Tracks,music_venue,,http://rometramtracks.com,,Rome,"41,907606","12,48096"
Tramjazz,jazz_and_blues,,http://www.tramjazz.com,,Rome,"41,891564","12,5141736"
Transmission,music_and_dvd_store,,http://www.transmissionroma.com,,Rome,"41,8976323","12,510984"
Trap House,music_production,,http://g.page/RealTrapHouse,,Rome,"41,8728445","12,5107317"
TRART& Musica,music_school,,Ingen webbplats,,Rome,"41,8477","12,4844"
𝕋𝕣𝕒𝕤𝕙𝕡𝕠𝕣𝕥𝕠𝕖𝕔𝕔𝕖𝕫𝕚𝕠𝕟𝕒𝕝𝕖,print_media,,https://trashportoeccezionale.it/,,Rome,"41,9090703","12,5210029"
Trastfactory,art_gallery,,http://elenabusetta.wix.com/trastfactory,,Rome,"41,886588","12,467953"
Travel Quotidiano,print_media,,https://eventi.travelquotidiano.com/it/,,Rome,"41,88307","12,51462"
Travellificio Via Longoni,art_gallery,,Ingen webbplats,,Rome,"41,8976835","12,6032502"
Tre Libretti Sul Comò,bookstore,,https://www.trelibrettisulcomo.it/,,Rome,"41,8546314","12,5589537"
Treccani Arte,library,,http://www.treccaniarte.com/,,Rome,"41,8943789","12,4774506"
Trecentosessantagradi Roma,music_venue,,Ingen webbplats,,Rome,"41,896002","12,51369"
Tredicilibri,bookstore,,https://www.ebay.it/str/tredicilibriroma,,Rome,"41,9019941","12,4971959"
Tremendo Carpediem Movement Academy,dance_school,,Ingen webbplats,,Rome,"41,8634572","12,6840776"
Trend,framing_store,,https://www.trend17.it/,,Rome,"41,8316402","12,4945076"
Trenta Formiche,cultural_center,,http://www.30formiche.it/,,Rome,"41,8837786","12,5314003"
Tribal Art gallery,art_gallery,,http://www.artetribale.it/,,Rome,"41,8960813","12,4647402"
Tribu' Salsera Roma,dance_school,,http://www.tribusalseraroma.it/,,Rome,"41,8309503","12,5653209"
Tricromia Illustrator's Gallery,arts_and_entertainment,,http://www.tricromia.com,,Rome,"41,88645","12,4692765"
Tricromia Illustrator'S International Artgallery Roma Bruxelles,art_gallery,,http://www.tricromia.com,,Rome,"41,90098","12,46692"
Triworld Cinema,movie_television_studio,,http://www.triworldcinema.com/,,Rome,"41,920452","12,480523"
Trizio Editore,art_gallery,,https://trizioeditore.it/,,Rome,"41,910204","12,477064"
Tropicoco Roma,salsa_club,,Ingen webbplats,,Rome,"41,82703","12,3118"
TroubleDuo Film,broadcasting_media_production,,http://www.troubleduofilm.com/,,Rome,"41,8564677","12,5632181"
True Colours International Sales,broadcasting_media_production,,http://www.truecolours.it/,,Rome,"41,9096113","12,5073641"
TT Agency,arts_and_entertainment,,http://www.ttagency.it/,,Rome,"41,9211638","12,4589467"
TTPixel Studio di Vincenzo Marinese,movie_television_studio,,http://ttpixelstudio.it/,,Rome,"41,8857002","12,5203285"
Tuba Bazar,bookstore,,http://www.libreriatuba.it/,,Rome,"41,8896431","12,5249351"
Tube Studio Roma,arts_and_entertainment,,http://www.tubestudio.org/,,Rome,"41,9310601","12,5343993"
Turismo & Attualità Magazine - ADV Training,mass_media,,https://www.advtraining.it/,,Rome,"41,88291","12,48352"
Turner Broadcasting System,media_agency,,http://www.cartoonnetwork.it,,Rome,"41,9033379","12,4824193"
Tutta la musica che vuoi,music_school,,Ingen webbplats,,Rome,"41,8719582","12,528984"
TUTTI SUL PALCO Academy,music_school,,http://www.tuttisulpalco.it/,,Rome,"41,7739677","12,352716"
Tuttoscuola,print_media,,http://www.tuttoscuola.com/,,Rome,"41,9014266","12,475053"
Tuttoteatro.com,community_services_non_profits,,http://www.tuttoteatro.com/,,Rome,"41,8879631","12,525899"
Tv2000,movie_television_studio,,http://www.tv2000.it,,Rome,"41,8895551","12,4074733"
TvLoft,broadcasting_media_production,,http://www.tvloft.it/,,Rome,"41,88339","12,4982"
twisterfilm,broadcasting_media_production,,http://www.twisterfilm.com/,,Rome,"41,911573","12,4561241"
UbiMedia - Noleggio green screen,video_film_production,,http://www.ubimedia.it/,,Rome,"41,9471445","12,5675737"
UCI Cinemas,cinema,,https://www.ucicinemas.it/cinema/lazio/roma/uci-cinemas-porta-di-roma-roma/#skip,,Rome,"41,9714774","12,5407664"
UCI Cinemas,drive_in_theater,,https://www.ucicinemas.it/cinema/lazio/roma/uci-cinemas-romaest-roma/#skip,,Rome,"41,9157386","12,6612012"
UCI CINEMAS,fair,,https://www.ucicinemas.it/cinema/lazio/roma/uci-cinemas-romaest-roma/,,Rome,"41,9158857","12,661989"
Uci Cinemas,cinema,,http://www.ucicinemas.it/,,Rome,"41,8659111","12,4739796"
UCI Cinemas,cinema,,Ingen webbplats,,Rome,"41,8069488","12,4861078"
UCI LUXE,fair,,https://www.ucicinemas.it/cinema/lazio/roma/uci-luxe-maximo/,,Rome,"41,80724329","12,48634543"
UCI Porta Di Roma,cinema,,http://www.ucicinemas.it/5104/index.php,,Rome,"41,9980873","12,5036334"
UDA Urban Dance Academy,dance_school,,https://www.udaurbandanceacademy.com/,,Rome,"41,837949","12,5854845"
Uffici The Space Cinema,cinema,,http://www.thespacecinema.it/portal/default/,,Rome,"41,905136","12,4768"
Ugc Cinè Citè Italia SPA,cinema,,Ingen webbplats,,Rome,"41,9717214","12,5406143"
"Ule  ""Cinema Settima Arte""",cinema,,http://www.ule-italia.it/,,Rome,"41,903127","12,495579"
Ultima Generazione - Il Giusto Prezzo,bookstore,,https://t.me/ultimagenerazione,,Rome,"41,895807","12,488698"
Ultrablu,arts_and_entertainment,,https://www.ultrablu.it/,,Rome,"41,9048106","12,4607891"
Ultrasuoni Records Roma,music_and_dvd_store,,http://www.ultrasuonirecords.com/,,Rome,"41,8951911","12,513617"
Un appello per la fontana Carlotta,art_restoration,,http://www.buoncompleannogarbatella.it/,,Rome,"41,85917","12,49177"
Un Cip al Sole,dance_school,,Ingen webbplats,,Rome,"41,88384","12,57533"
Un Organo per Roma,music_venue,,http://www.unorganoperroma.it/,,Rome,"41,91364","12,39027"
Un Teatro Da Favola,theatre,,https://www.teatromanzoni.info/,,Rome,"41,91803","12,46461"
Una Montagnola di Storie,bookstore,,https://www.unamontagnoladistorie.it/,,Rome,"41,8463992","12,4838897"
Una Vetrina,art_gallery,,http://www.unavetrina.it/,,Rome,"41,8997889","12,4655052"
Underdog Music,music_venue,,http://www.underdogmusic.eu/,,Rome,"41,9245489","12,5165691"
UnderPark Radio,radio_station,,http://underparkradio.com/,,Rome,"41,8912487","12,5345"
UniFilm Service Srl,drive_in_theater,,http://www.unifilmservice.com/,,Rome,"41,83366","12,57445"
Unika Dance Academy,dance_school,,http://www.unikadanceacademy.it/,,Rome,"41,9040181","12,3955424"
Universal Music Italia SRL,music_venue,,Ingen webbplats,,Rome,"41,9163495","12,4555688"
Universitalia di Onorati,bookstore,,http://www.universitaliasrl.it/,,Rome,"41,8512611","12,6267626"
UoL - Studio d'Arte,art_gallery,,http://www.andreacapanna.com/,,Rome,"41,8843155","12,5400762"
Uonna Club,dance_club,,Ingen webbplats,,Rome,"41,9714097","12,4335074"
Upsidedown PoleDance Roma,dance_school,,Ingen webbplats,,Rome,"41,8569992","12,5658008"
Urban Dance Studios,dance_school,,http://Dailytraining.it/,,Rome,"41,926385","12,4025784"
Urban Factory,music_venue,,Ingen webbplats,,Rome,"41,879903","12,533273"
Urban Street Art,art_gallery,,https://urbanstreetart.it/,,Rome,"41,8901542","12,4922276"
Urbana ETS,theatre,,http://www.urbanateatro.it/,,Rome,"41,9401497","12,5501242"
UrbanSalsa,dance_school,,http://www.urbansalsa.it/,,Rome,"41,9201123","12,5230383"
Urbe 76 Recording Studio,music_production,,Ingen webbplats,,Rome,"41,86317","12,59588"
Uroboro Bookshop,bookstore,,https://uroborobookshop.scontrinoshop.com/,,Rome,"41,8896707","12,5256797"
UTS - Upter Teatro Studio,theatre,,http://www.uts.upter.it/,,Rome,"41,876088","12,466838"
Uvoices - Speaker e Doppiatori Madrelingua Online,movie_television_studio,,http://www.uvoices.com/,,Rome,"41,8331611","12,4699606"
UyC bachata team - Escuela Ahi'Nama',dance_school,,Ingen webbplats,,Rome,"41,82381","12,51111"
Valadier SRL,art_gallery,,http://www.valadier.it/,,Rome,"41,9041666","12,4777575"
Valeria.laboratoricreativi,art_museum,,https://pingdigital.wixsite.com/musica-al-centro,,Rome,"41,9034943","12,482862"
Valerio Di Silvestro PH,media_agency,,https://www.valeriodisilvestro.net/,,Rome,"41,92712","12,68185"
Vanessa Foglia,art_gallery,,https://www.vanessafoglia.com/,,Rome,"41,9070178","12,4606913"
Vanguard agency,arts_and_entertainment,,http://Www.vanguardagency.it/,,Rome,"41,9340112","12,6181216"
Vanity Club Roma,dance_club,,http://www.vanityclubroma.it/,,Rome,"41,8900938","12,4710576"
Vanity DANCE Studio,dance_school,,Ingen webbplats,,Rome,"41,876495","12,5606113"
Varesi srl,bookstore,,http://www.annalidistomatologia.eu/,,Rome,"41,9090589","12,5133028"
VARSI Art&Lab,art_gallery,,http://www.galleriavarsi.it/,,Rome,"41,8877388","12,4697907"
Vatican Historical Museum,museum,,http://mv.vatican.va,,Rome,"41,8866","12,5057"
Vatican Library,library,,http://bav.vatican.va/,,Rome,"41,9047222","12,4544444"
VaticanArtrooms,art_gallery,,http://www.vaticanartrooms.it/,,Rome,"41,90333","12,44416"
VDM Music School,music_school,,http://www.vdmmusicschool.com/,,Rome,"41,8775051","12,4366712"
"VDM Records - Super HD Music - Promotion, Support & Distribution",music_production,,http://www.vdmrecords.com/,,Rome,"41,8433833","12,3885181"
VdvGrafica,graphic_designer,,https://www.vdvgrafica.it/,,Rome,"41,8565122","12,4791492"
Vegastar Srl,music_production,,Ingen webbplats,,Rome,"41,9167947","12,4568242"
Velvet Studio,music_school,,http://www.velvet-studio.it/,,Rome,"41,9222283","12,506147"
Verbavolant Improvvisazione Teatrale,theatre,,http://www.verbavolant.roma.it/,,Rome,"41,89037","12,51043"
Verve Media Company,broadcasting_media_production,,http://www.vervemediacompany.com/,,Rome,"41,9213829","12,4589976"
Very Mobile Point - Mediaworld CC Portadiroma,cinema,,http://www.ucicinemas.it/,,Rome,"41,9712294","12,5396264"
VFactory - Vioel srl,screen_printing_t_shirt_printing,,http://www.vfactory.it/,,Rome,"41,891249","12,5592958"
VIBE Club,dance_club,,Ingen webbplats,,Rome,"41,9121808","12,5525787"
Vibrartecorsi,arts_and_entertainment,,http://www.vibrartecorsi.it/,,Rome,"41,8954502","12,4080838"
Vibration's art accademy,music_school,,https://www.musicvibration.it/,,Rome,"41,86412","12,70004"
Vicolo De Bovari,art_gallery,,Ingen webbplats,,Rome,"41,8959912","12,4731332"
Videa Studios,broadcasting_media_production,,http://www.videastudios.it,,Rome,"42,0164616","12,4797734"
Video Boy Club Roma,video_game_store,,https://www.vinted.it/member/60524509,,Rome,"41,863722","12,6104664"
Video Esplicativi,movie_television_studio,,http://www.videoesplicativi.it/,,Rome,"41,8190449","12,4581605"
Video house club,music_and_dvd_store,,http://www.videohouseclub.it/,,Rome,"41,910253","12,5184984"
Video Sound Service,movie_television_studio,,Ingen webbplats,,Rome,"41,9234605","12,4851796"
Videobuco,music_and_dvd_store,,http://www.videobuco.it/,,Rome,"41,8971161","12,5123496"
Videoequipe,music_and_dvd_store,,http://www.videoequipe.it/,,Rome,"41,886923","12,540163"
Videometropolis ,music_and_dvd_store,,Ingen webbplats,,Rome,"41,8794","12,61906"
Videoteca del Centro del Teatro Ateneo,theatre,,http://anagrafe.iccu.sbn.it,,Rome,"41,901839","12,511408"
VideoTop Acilia,music_and_dvd_store,,http://www.videotopsrl.it/,,Rome,"41,7807787","12,3639121"
Viella Editrice,bookstore,,http://www.viella.it/,,Rome,"41,9182643","12,5075861"
Vienna Club,salsa_club,,Ingen webbplats,,Rome,"41,8790383","12,6184044"
Vilfredo Pareto Biblioteca,library,,http://economia.uniroma2.it/biblioteca,,Rome,"41,8524372","12,6253293"
Villa Altieri,art_gallery,,Ingen webbplats,,Rome,"41,8911413","12,5084584"
Villa Borghese - Museo Nazionale Etrusco di Villa Giulia,museum,,http://www.villagiulia.beniculturali.it/,,Rome,"41,9169804","12,4718845"
Villa Caffarelli,museum,,Ingen webbplats,,Rome,"41,8928777","12,4820373"
Villa Casilina,theatre,,Ingen webbplats,,Rome,"41,86479","12,60503"
Villa Celimontana Discoteca,dance_club,,Ingen webbplats,,Rome,"41,8957561","12,4763757"
Villa Celimontata Romadisco,dance_club,,http://www.romaprive.it/,,Rome,"41,8843303","12,4950433"
Villa di Massenzio,museum,,http://www.villadimassenzio.it/,,Rome,"41,8537072","12,5189607"
Villa Farnesina,art_museum,,http://www.villafarnesina.it,,Rome,"41,8945917","12,4663726"
Villa Farnesina,art_museum,,http://fr.wikipedia.org/wiki/Villa_Farnesina,,Rome,"41,893611","12,4675"
Villa Maraini,modern_art_museum,,www.istitutosvizzero.it,,Rome,"41,9066859","12,4877452"
Villa Medici - Villa Médicis,art_gallery,,http://www.villamedici.it/,,Rome,"41,908272","12,482441"
Villa Medici Accademia Di Francia,museum,,www.villamedici.it,,Rome,"41,9083251","12,4825624"
Villa Poniatowski,history_museum,,http://www.museionline.info/roma-musei-e-monumenti/villa-poniatowski,,Rome,"41,9182049","12,4756085"
Villa Sordi,museum,,http://www.bigodino.it/spettacolo/le-12-citazioni-piu-belle-di-alberto-sordi.html,,Rome,"41,8801991","12,496857"
Village Recording Studio,music_production,,https://www.villagerecordingstudio.net/,,Rome,"41,8631776","12,5522666"
Villaggio Cultura - Pentatonic,cultural_center,,http://www.villaggiocultura.it/,,Rome,"41,8202997","12,4819413"
Villaggio delle Arti,arts_and_entertainment,,http://www.villaggiodellearti.it/,,Rome,"41,8543054","12,4848694"
Villaggio Globale,dance_club,,http://www.instagram.com/villaggioglobaleroma,,Rome,"41,8741359","12,4719868"
Villetta Social LAB,cultural_center,,https://www.villettasociallab.it/,,Rome,"41,8619421","12,4874893"
Vineyarts Rome,art_school,,http://www.vineyarts.com/,,Rome,"41,8966066","12,473296"
Vinians Production,movie_television_studio,,https://www.vinians.it/,,Rome,"41,9219954","12,5058223"
Vinilla Gallery,art_gallery,,Ingen webbplats,,Rome,"41,902137","12,473973"
Vino e Musica,arts_and_entertainment,,http://www.agimus.it/sezioni/roma_giovani.html,,Rome,"41,89626","12,4692"
Vinyl room port authority,arts_and_entertainment,,http://www.vinylroom.it/,,Rome,"41,9069901","12,476605"
Vinylab - Vinyl Cut & Mastering Studio,music_production,,http://www.vinylab.it/,,Rome,"41,914572","12,5042018"
Virtual Studio,music_production,,http://virtualstudiotn.com/,,Rome,"41,8816685","12,4671913"
Vision Distribution,cinema,,https://www.visiondistribution.it/,,Rome,"41,90281","12,49534"
Visionarea Art Space,art_gallery,,http://www.visionarea.org/,,Rome,"41,9026305","12,4638616"
Visioni del Sud,arts_and_entertainment,,http://visionidelsud.it/,,Rome,"41,834112","12,4706841"
Visioni Parallele,arts_and_entertainment,,https://www.visioniparallele.com/,,Rome,"41,91845","12,4686151"
"Visual Arts Research & Documentation Centre, Rome",library,,http://www.slideshare.net/crdav,,Rome,"41,9128272","12,502222"
Vitali Body Art Academy,arts_and_entertainment,,https://www.youtube.com/playlist?list=PLApFHnEJIEWmAfUzJVb2dSa20dxY14BVm,,Rome,"41,8300304","12,4820935"
Vittorio Sodano Studio,theatre,,http://www.victorvittoriosodano.jimdo.com/,,Rome,"41,8727181","12,5958087"
Viva Dance Studio,dance_school,,http://www.vivadancestudio.it/,,Rome,"41,9112266","12,5462525"
Viva Musica - More Than Music,music_school,,http://www.viva-musica.it/,,Rome,"41,8643767","12,6914575"
Vivai Aurelia,landscape_architect,,https://www.vivaiaurelia.com/,,Rome,"41,88383397","12,36123359"
Vivaio Verde Matto,landscaping,,http://www.verdematto.it/,,Rome,"42,0272022","12,3773632"
Vivateatro,theatre,,http://www.vivateatro.it/,,Rome,"41,9084066","12,5171637"
VIVE - Vittoriano e Palazzo Venezia,museum,,http://vive.cultura.gov.it/,,Rome,"41,895825","12,48176"
VIVI LA VITA Srl,broadcasting_media_production,,http://www.vivilavita.tv/,,Rome,"41,8943117","12,5003181"
ViviCreativo by dunp,arts_and_entertainment,,http://www.vivicreativo.com/,,Rome,"41,9132086","12,5733105"
ViviRoma,mass_media,,http://www.viviroma.tv/,,Rome,"41,8910954","12,5426337"
Vivo Center,dance_school,,http://www.vivocenter.it/,,Rome,"41,924695","12,507468"
Vivo film,cinema,,http://www.vivofilm.it/,,Rome,"41,9213541","12,4928631"
VixVocal,cinema,,http://vixvocal.it/,,Rome,"41,92845","12,44516"
voicebookradio.com,radio_station,,http://www.voicebookradio.com/,,Rome,"41,894754","12,465952"
"Voilà, la stampa è servita!",bookstore,,http://www.voilastampa.it/,,Rome,"41,8660144","12,5291935"
Volturno Occupato,theatre,,http://volturno.noblogs.org,,Rome,"41,904476","12,49941"
Von Buren Contemporary,art_gallery,,https://www.vonburencontemporary.com/,,Rome,"41,8954541","12,4687947"
Voxfarm,music_production,,https://www.voxfarm.com/,,Rome,"41,9108435","12,5370831"
Voxon Studios,movie_television_studio,,http://www.studivoxson.com/,,Rome,"41,9067444","12,5887991"
Vudio,movie_television_studio,,http://www.vudio.it/,,Rome,"41,9041834","12,5429801"
W & E Srl,graphic_designer,,https://www.wegroups.eu/,,Rome,"41,8730521","12,5105684"
Walla Walla live,music_venue,,http://www.wallawallalive.it,,Rome,"41,807889","12,521748"
Walla Walla Music Factory,music_school,,Ingen webbplats,,Rome,"41,8218765","12,5024837"
Warner Bros,cinema,,http://www.warnerbros.com,,Rome,"41,9033999","12,5049557"
Warner Bros Discovery,cinema,,http://www.warnerbros.it,,Rome,"41,9115333","12,4928342"
Warner Village Cinemas SPA,cinema,,Ingen webbplats,,Rome,"41,8154573","12,4119261"
Wav,music_production,,Ingen webbplats,,Rome,"41,895253","12,492383"
Wave Cinema,cinema,,http://www.wavecinema.it/,,Rome,"41,8958597","12,4783193"
We Dance - Francesca e Simone,dance_school,,Ingen webbplats,,Rome,"41,9466137","12,5683391"
We The Italians,mass_media,,http://www.wetheitalians.com/,,Rome,"41,9131791","12,4754599"
We-Z,cultural_center,,Ingen webbplats,,Rome,"41,9563945","12,5333405"
Wedub ,movie_television_studio,,Ingen webbplats,,Rome,"41,87992","12,51441"
Weekender,dance_club,,http://www.weekenderparty.it/,,Rome,"41,91566","12,54148"
Welcome to the Jungle - Record Store,music_and_dvd_store,,https://wttjrecordstore.it/,,Rome,"41,9203634","12,4666627"
West Coast Swing Roma,dance_school,,http://www.westcoastswingroma.it/,,Rome,"41,8793999","12,52558"
West Side Studio,music_production,,Ingen webbplats,,Rome,"41,9144999","12,46777"
WeTune,music_production,,http://www.wetune.art/,,Rome,"41,8902137","12,5229888"
Whiplash Roma,music_venue,,http://www.asdliquid.it/,,Rome,"41,8067986","12,516388"
White Rabbit - Art Studio,community_services_non_profits,,Ingen webbplats,,Rome,"41,8336314","12,509036"
White Rental,broadcasting_media_production,,https://www.white.film/,,Rome,"41,9576555","12,5835174"
White Rock Studio,music_production,,Ingen webbplats,,Rome,"41,8943549","12,449641"
Wholecar Studio,music_production,,Ingen webbplats,,Rome,"41,9532814","12,5207835"
William School Music,music_school,,https://www.williamschoolmusic.com/,,Rome,"41,87084615","12,59396879"
William's Club Roma,dance_club,,http://www.romaparty.it/,,Rome,"41,9421399","12,4718041"
WIO,arts_and_entertainment,,http://worldinterculturalorganization.it/,,Rome,"41,82416","12,47944"
Wolters Kluwer - Agenzia di Roma,bookstore,,https://www.romagiuridica.it/,,Rome,"41,9494","12,46713"
Wolters Kluwer Italia Giuridica SRL,bookstore,,http://www.utetgiuridica.it,,Rome,"41,905619","12,465295"
Wonder Gallery Roma,art_gallery,,https://www.instagram.com/wondergalleryroma/profilecard/?igsh=cmRnaGZ1ZTRyeGww,,Rome,"41,8992409","12,4689219"
Wonder Wet Records,music_production,,http://www.wonderwetrecords.com/,,Rome,"41,9244681","12,4866277"
Workinco,arts_and_entertainment,,http://www.workinco.it/,,Rome,"41,8812985","12,456384"
World Dance Alliance Europe,dance_school,,http://www.wda-europe.net/,,Rome,"41,8739747","12,4689617"
WSP Photography,art_gallery,,http://www.collettivowsp.org/,,Rome,"41,8585224","12,481665"
Wunderkammern,art_gallery,,http://wunderkammern.net/,,Rome,"41,89462","12,46969"
Ya-Ya Book,bookstore,,Ingen webbplats,,Rome,"41,879476","12,557754"
YAKY,art_gallery,,http://www.yaky.it/,,Rome,"41,8935544","12,4760074"
YEAR ZERO,dance_club,,http://www.discoqube.com/,,Rome,"41,897319","12,5399455"
YellowKorner,art_gallery,,https://www.yellowkorner.com/it-it/galleries/yellowkorner-roma-IT4.html,,Rome,"41,9092291","12,461971"
Yoga International Bazar,bookstore,,https://yogainternationalbazar.com/,,Rome,"41,9126859","12,5071421"
Yogurt Magazine & the Paper Room,bookstore,,https://yogurtmagazine.com/,,Rome,"41,8960306","12,5141216"
You Can Dance Santinelli,dance_school,,http://www.youcandance.it/,,Rome,"41,9311968","12,5195201"
Young Cinema Roma,cinema,,http://www.youngcinemaforoma.it/,,Rome,"41,8954952","12,4725127"
Your Music Online,music_and_dvd_store,,http://www.yourmusiconline.it/,,Rome,"41,8769209","12,4580547"
YR Studio Arte Contemporanea,art_gallery,,http://yr-studioarte.wix.com/yrstudioarte,,Rome,"41,890557","12,500906"
z2o Sara Zanin Gallery,art_gallery,,http://www.z2ogalleria.it,,Rome,"41,8786388","12,4777111"
ZaLab,cinema,,https://www.zalabview.org/,,Rome,"41,892849","12,5079498"
Zalib,bookstore,,http://www.libreriazalib.com/,,Rome,"41,894131","12,4652351"
Zart Urban studio,art_gallery,,Ingen webbplats,,Rome,"41,8740862","12,4690929"
Zazà,dance_club,,http://bit.ly/instaZazà,,Rome,"41,9094943","12,4743381"
Zoo Symphony Studio,music_production,,http://www.zoosymphony.it/,,Rome,"41,8615047","12,5506925"
Zouk Roma Academy,dance_school,,http://www.zoukromaacademy.it/,,Rome,"41,8192603","12,3529926"
Национальная галерея современного искусства,art_museum,,http://www.gnam.beniculturali.it,,Rome,"41,916944","12,481944"
ॐ Accademia Danzamovimento Yoga Counseling & Arteterapie ॐ,community_services_non_profits,,http://www.yogadanza.it/,,Rome,"41,9101442","12,4573078"
アカデミア・ディ・サン・ルカ,art_museum,,http://www.accademiasanluca.it,,Rome,"41,9016667","12,4836111"
にほんごもっと nihongo motto,community_services_non_profits,,https://www.nihongomotto.it/,,Rome,"41,936533","12,548281"
罗马中国文化中心   Centro Cultura Cinese di Roma,cultural_center,,Ingen webbplats,,Rome,"41,89283","12,50771"