name,category,website,delete,comments,city,lat,lon
128db,mass_media,http://128db.fr/,2,,Eurometropole Strasbourg,"48,56328","7,76157"
Little Tokyo,video_game_store,http://www.little-tokyo-67.com/,,,Eurometropole Strasbourg,"48,5855088","7,7502364"
Micromania,video_game_store,https://www.micromania.fr/?utm_source=Yext&utm_medium=Facebook,,,Eurometropole Strasbourg,"48,5234537","7,6933656"
MSHOP Strasbourg,video_game_store,https://www.mshop.fr/,,,Eurometropole Strasbourg,"48,58507","7,74072"
A D e C O - Ostwald Proximité,community_services_non_profits,Ingen webbplats,2,,Eurometropole Strasbourg,"48,5492954","7,7096368"
A Maze In - Live Escape Game,arts_and_entertainment,http://www.a-maze-in.com/,2,,Eurometropole Strasbourg,"48,5846786","7,7423801"
A.S.P.A. - au service de la qualité de l'air,community_services_non_profits,http://www.atmo-alsace.net/,2,,Eurometropole Strasbourg,"48,608757","7,708712"
AA+  atelier d'architecture,architectural_designer,http://www.aaplus.fr/,2,,Eurometropole Strasbourg,"48,5909955","7,7432363"
AAEMS Représentation,community_services_non_profits,https://www.aaems.org/,2,,Eurometropole Strasbourg,"48,575723","7,743559"
Palais de la Musique et des Congres,venue_and_event_space,http://www.strasbourg-events.com,,,Eurometropole Strasbourg,"48,5975994","7,7581494"
L'Arrosoir,urban_farm,https://arrosoir.wixsite.com/associationarrosoir,,,Eurometropole Strasbourg,"48,568035","7,7530963"
Académie Rhénane,community_services_non_profits,https://academierhenane.info/,2,,Eurometropole Strasbourg,"48,588662","7,771696"
Ziprod Assoc',theatrical_productions ,http://www.ziprod.fr/,,,Eurometropole Strasbourg,"48,5572238","7,6439015"
Cie Le Théâtre de l'Oignon,theatre,http://loignon.eu/,,,Eurometropole Strasbourg,"48,5766398","7,729708"
Accès Culture,community_services_non_profits,https://www.acces-culture.fr/,2,,Eurometropole Strasbourg,"48,5558969","7,7459301"
Cie Pied de Biches,theatre,https://www.facebook.com/CompagniePieddeBiches/?locale=fr_FR,,,Eurometropole Strasbourg,"48,57892","7,75415"
Compagnie Les oreilles et la queue,theatre,http://www.compagnie-lesoreillesetlaqueue.fr/,,,Eurometropole Strasbourg,"48,5788597","7,7541181"
HOUPPZ Théâtre,theatre,http://www.houppz.fr/,,,Eurometropole Strasbourg,"48,5764206","7,7295394"
ACOARUS,community_services_non_profits,http://www.linosens.com/,2,,Eurometropole Strasbourg,"48,58005","7,746255"
Action Sociale Juive,community_services_non_profits,Ingen webbplats,2,"What do we do about services association, or rights defender structures ? ",Eurometropole Strasbourg,"48,5907233","7,756789"
IMPRO Alsace,theatre,https://improalsace.com/,,,Eurometropole Strasbourg,"48,5650944","7,7614662"
Improvisateurs Fight Club,theatre,Ingen webbplats,,,Eurometropole Strasbourg,"48,58951","7,73968"
Adie,community_services_non_profits,https://www.adie.org/,2,,Eurometropole Strasbourg,"48,5616653","7,7485872"
Adie Grand Est,community_services_non_profits,https://www.adie.org/nos-agences/#!/s?q=Grand%20Est%2C%20France,2,,Eurometropole Strasbourg,"48,58052","7,73174"
Adra Strasbourg,community_services_non_profits,http://adra.fr/,2,,Eurometropole Strasbourg,"48,58792","7,77097"
ADS Strasbourg,community_services_non_profits,http://amicale-sciences.fr/,2,,Eurometropole Strasbourg,"48,5802655","7,7691513"
AENE - A l'Ecoute de Nos Enfants,community_services_non_profits,http://www.aene.fr/,2,,Eurometropole Strasbourg,"48,66715","7,71345"
L'Illiade,theatre,http://www.illiade.com/,,,Eurometropole Strasbourg,"48,5286856","7,7073921"
La Maison Théâtre,theatre,https://www.lamaisontheatre.eu/,,,Eurometropole Strasbourg,"48,5754286","7,770241"
Aerodrome du Polygone,arts_and_entertainment,Ingen webbplats,2,,Eurometropole Strasbourg,"48,5560388","7,781396"
Aeses,community_services_non_profits,http://aeses.org/,2,,Eurometropole Strasbourg,"48,5831358","7,7729945"
AESIS : Association des Étudiants en Soins Infirmiers de Strasbourg,community_services_non_profits,Ingen webbplats,2,,Eurometropole Strasbourg,"48,5826143","7,7356966"
AETTO,community_services_non_profits,http://www.aetto.fr/,2,,Eurometropole Strasbourg,"48,56563","7,77058"
Afev Strasbourg,community_services_non_profits,http://rejoins.afev.org/,2,,Eurometropole Strasbourg,"48,5484302","7,7533381"
Afl67,community_services_non_profits,http://www.afl67.com/,2,,Eurometropole Strasbourg,"48,6036929","7,7177016"
La Revue Scoute,theatre,http://acte5.fr/,,,Eurometropole Strasbourg,"48,57176","7,76536"
La Scène de Strasbourg,theatre,http://www.lascene-strasbourg.fr/,,,Eurometropole Strasbourg,"48,560839","7,7453049"
Agence MW,architectural_designer,http://www.mw-architectes.fr/,2,,Eurometropole Strasbourg,"48,5905051","7,7487243"
AGF - Association Générale des Familles,community_services_non_profits,http://www.agf67.fr/,2,,Eurometropole Strasbourg,"48,5506859","7,7371813"
AGIRabcd Alsace,community_services_non_profits,http://www.dt67.agirabcd.eu/,2,,Eurometropole Strasbourg,"48,6196631","7,770154"
AGORAé Strasbourg - Esplanade / Gallia,community_services_non_profits,Ingen webbplats,2,,Eurometropole Strasbourg,"48,5842932","7,7597636"
AGORAé Strasbourg - Esplanade / Gallia,community_services_non_profits,Ingen webbplats,2,,Eurometropole Strasbourg,"48,5785015","7,7670316"
Aide Aux Anciens,community_services_non_profits,http://www.assoaideauxanciens.fr/,2,,Eurometropole Strasbourg,"48,53524","7,7211272"
Aides Humanitaires Internationales,community_services_non_profits,http://www.aideshumanitaires.eu/,2,,Eurometropole Strasbourg,"48,5623754","7,6946908"
La Troupebadour - La Wantzenau,theatre,Ingen webbplats,,,Eurometropole Strasbourg,"48,6596081","7,8250129"
Alba,architectural_designer,http://www.alba-design.fr,2,,Eurometropole Strasbourg,"48,587372","7,747505"
ALDA - European Association for Local Democracy,community_services_non_profits,http://alda-europe.eu/,2,,Eurometropole Strasbourg,"48,57882","7,75399"
ALDA Projects,community_services_non_profits,https://www.alda-europe.eu/,2,,Eurometropole Strasbourg,"48,5949402","7,7718486"
Le diapason - Vendenheim,theatre,https://lediapason.vendenheim.fr/,,,Eurometropole Strasbourg,"48,66499","7,7107"
Le fil rouge théâtre,theatre,http://www.lefilrougetheatre.com/,,,Eurometropole Strasbourg,"48,5764299","7,7295587"
Allez Les Filles Alsace,community_services_non_profits,Ingen webbplats,2,,Eurometropole Strasbourg,"48,5787993","7,7539214"
ALMAF - Association de Lutte contre les MAladies du Foie,community_services_non_profits,http://www.almaf.fr/,2,,Eurometropole Strasbourg,"48,57759","7,7515"
Alsace contre le Cancer,community_services_non_profits,http://www.alsacecontrecancer.com/,2,,Eurometropole Strasbourg,"48,6099343","7,7162091"
Le PréO,theatre,http://www.le-preo.fr/fr/Accueil-122.html,,,Eurometropole Strasbourg,"48,6066562","7,6846566"
Alsace Esport Arena,community_services_non_profits,http://www.alsacearena.com/,2,,Eurometropole Strasbourg,"48,5615972","7,7425938"
Les Comédiens Du Rhin,theatre,https://www.comediensdurhin.com/,,,Eurometropole Strasbourg,"48,578394","7,7697532"
Amicale de Lettres (AmLet),community_services_non_profits,https://www.instagram.com/inst.amadeus?igsh=eHR3a291dDB5NXIw,2,,Eurometropole Strasbourg,"48,5790901","7,7632899"
Amicale des Sapeurs Pompiers de Wolfisheim,community_services_non_profits,Ingen webbplats,2,,Eurometropole Strasbourg,"48,5838554","7,6666122"
Amicale du Chien Nordique Bischheim,community_services_non_profits,Ingen webbplats,2,,Eurometropole Strasbourg,"48,55655","7,7583"
Amicale Sis67,community_services_non_profits,http://www.amicale-sdis67.com/,2,,Eurometropole Strasbourg,"48,58984","7,72864"
Amsed Sve Fès 2016,community_services_non_profits,http://www.amsed.fr/,2,,Eurometropole Strasbourg,"48,5766777","7,7707773"
Les Foirades,theatre,http://www.lesfoirades.fr/,,,Eurometropole Strasbourg,"48,576321","7,729393"
ANBRA Architecture,architectural_designer,https://www.anbra-architecture.fr/,2,,Eurometropole Strasbourg,"48,5664125","7,7663648"
"Anciens de l'Etablissement ""Le Neuhof""",community_services_non_profits,http://www.centre-francais-fondations.org/annuaire-des-fondations/609,2,,Eurometropole Strasbourg,"48,5388359","7,7690753"
TJP CDN Strasbourg-Grand Est,theatre,https://www.tjp-strasbourg.com/,,,Eurometropole Strasbourg,"48,5803","7,74331"
TNS-Théâtre National de Strasbourg,theatre,http://www.tns.fr/,,,Eurometropole Strasbourg,"48,5862833","7,7551805"
Apec 1er Job,community_services_non_profits,https://centre.apec.fr/26-apec-strasbourg,2,,Eurometropole Strasbourg,"48,5872877","7,7392034"
Apeeimc,community_services_non_profits,http://www.apeeimc.com,2,,Eurometropole Strasbourg,"48,537179","7,732289"
APEIR,community_services_non_profits,https://www.helloasso.com/associations/apeir-robertsau,2,,Eurometropole Strasbourg,"48,60947","7,78416"
APEL Institution Notre Dame 67,community_services_non_profits,Ingen webbplats,2,,Eurometropole Strasbourg,"48,58792","7,74343"
Apieda - Association Pour l'Intégration Des Enfants Déficients Auditifs,community_services_non_profits,http://apieda.fr/,2,,Eurometropole Strasbourg,"48,5275552","7,7097116"
APMSA Grand Est,community_services_non_profits,https://www.apmsagrandest.fr/,2,,Eurometropole Strasbourg,"48,5760467","7,710837"
Actuelles TAPS,theaters_and_performance_venues,http://www.taps.strasbourg.eu/,,,Eurometropole Strasbourg,"48,5764004","7,7294439"
aPoGée Culture,community_services_non_profits,https://www.helloasso.com/associations/apogee-culture,2,,Eurometropole Strasbourg,"48,5777676","7,7477673"
Espace K,theaters_and_performance_venues,https://www.vostickets.fr/Billet?ID=ESPACE_K,,,Eurometropole Strasbourg,"48,5763977","7,728886"
Le Sapin vert,theaters_and_performance_venues,https://www.sapinvert.bischheim.alsace/,,,Eurometropole Strasbourg,"48,6141762","7,7509358"
Lolita Théâtre d'Improvisation Strasbourg,theaters_and_performance_venues,https://linktr.ee/lolita.impro,,,Eurometropole Strasbourg,"48,5890559","7,7482595"
ARASC Aides à Domicile,community_services_non_profits,http://www.arasc.fr/,2,,Eurometropole Strasbourg,"48,5757625","7,7314332"
ARCHI +,architectural_designer,http://www.archiplus.pro/,2,,Eurometropole Strasbourg,"48,5644121","7,7606884"
Architectes et Partenaires,architectural_designer,http://www.archipart.fr/,2,,Eurometropole Strasbourg,"48,582014","7,6892875"
Maillon Théâtre de Strasbourg,theaters_and_performance_venues,http://www.maillon.eu/,,,Eurometropole Strasbourg,"48,5992272","7,7622319"
Arisal,community_services_non_profits,http://www.arisal.org/,2,,Eurometropole Strasbourg,"48,5832277","7,7759144"
TAPS Théâtre Actuel et Public de Strasbourg,theaters_and_performance_venues,http://www.taps.strasbourg.eu/,,,Eurometropole Strasbourg,"48,5655543","7,7592961"
Armurerie Recht,arts_and_entertainment,https://www.recht.fr/,2,,Eurometropole Strasbourg,"48,58537","7,79188"
Aroeven Strasbourg - Grand Est,community_services_non_profits,https://www.aroeven-strasbourg.fr/,2,,Eurometropole Strasbourg,"48,5717862","7,7129812"
Théâtre Alsacien de Schiltigheim,theaters_and_performance_venues,https://www.webatas.fr/,,,Eurometropole Strasbourg,"48,6075141","7,7456259"
Art et Portails Strasbourg,landscaping,https://art-et-portails-strasbourg.fr/,2,,Eurometropole Strasbourg,"48,5253697","7,6826418"
Théâtre Alsacien Strasbourg,theaters_and_performance_venues,https://www.theatre-alsacien-strasbourg.fr/,,,Eurometropole Strasbourg,"48,585918","7,7518004"
Théâtre de Hautepierre,theaters_and_performance_venues,Ingen webbplats,,,Eurometropole Strasbourg,"48,5923081","7,6972367"
Théâtre de la Choucrouterie,theaters_and_performance_venues,http://www.theatredelachouc.com/,,,Eurometropole Strasbourg,"48,5780516","7,7451824"
Artisans du Monde Strasbourg,arts_and_crafts,http://www.boutique-artisans-du-monde.com/,2,,Eurometropole Strasbourg,"48,5791598","7,7481401"
Theatre du Cube Noir,theaters_and_performance_venues,http://www.trois14.org,,,Eurometropole Strasbourg,"48,575253","7,711878"
Arts et Industries,community_services_non_profits,http://www.insa-alumni-strasbourg.org/,2,,Eurometropole Strasbourg,"48,5832112","7,7759396"
Arx Architecture,architectural_designer,http://www.naos-architecture.fr,2,,Eurometropole Strasbourg,"48,589606","7,7917312"
ASCS As Cheminot,community_services_non_profits,https://as-cheminot-stras.wixsite.com/ascs,2,,Eurometropole Strasbourg,"48,5873604","7,7380929"
ASéAU,community_services_non_profits,https://aseau.wordpress.com/,2,,Eurometropole Strasbourg,"48,5842586","7,7714539"
ASES Section tir,community_services_non_profits,https://ases.asso.fr/tir/,2,,Eurometropole Strasbourg,"48,5701582","7,7045636"
ASLG Alsace - ASLGA,community_services_non_profits,https://aslg-alsace.webnode.fr/,2,,Eurometropole Strasbourg,"48,57625","7,73353"
ASMEC,community_services_non_profits,https://www.asmec.fr/,2,,Eurometropole Strasbourg,"48,54257","7,71235"
Aspies & Cie,community_services_non_profits,https://aspiesetcie.org/,2,,Eurometropole Strasbourg,"48,5705457","7,7508416"
Association Adèle de Glaubitz,community_services_non_profits,http://www.glaubitz.fr/,2,,Eurometropole Strasbourg,"48,5451943","7,7645299"
Association Aides Strasbourg,community_services_non_profits,http://aides.org/,2,,Eurometropole Strasbourg,"48,5553144","7,7460755"
Théâtre universitaire de Strasbourg - ARTUS,theaters_and_performance_venues,https://linktr.ee/artustheatreuniversitairestras,,,Eurometropole Strasbourg,"48,5783789","7,7107102"
Association Alsace - Syrie,community_services_non_profits,Ingen webbplats,2,,Eurometropole Strasbourg,"48,5645805","7,706256"
Association Alsace Eco Services,community_services_non_profits,http://www.alsace-ecoservices.org/,2,,Eurometropole Strasbourg,"48,5781319","7,7112405"
Cheval Blanc de Bischheim,theaters_and_performance_venue,https://www.bischheim.alsace/information-transversale/annuaire-des-equipements/salle-du-cheval-blanc-124,,,Eurometropole Strasbourg,"48,6144578","7,7518687"
Association Antenne,community_services_non_profits,http://ass.antenne.free.fr/index.html,2,,Eurometropole Strasbourg,"48,5835146","7,7364279"
Association ARAME,community_services_non_profits,https://www.association-arame.fr/,2,,Eurometropole Strasbourg,"48,5932048","7,7072034"
Association Argento Business Club,community_services_non_profits,Ingen webbplats,2,,Eurometropole Strasbourg,"48,54687","7,65424"
Association ARSEA,community_services_non_profits,http://www.arsea.fr/,2,,Eurometropole Strasbourg,"48,5572131","7,7473614"
Association ASFA Strasbourg,community_services_non_profits,https://asfa67.org/,2,,Eurometropole Strasbourg,"48,5742577","7,7238015"
Association Avelina,community_services_non_profits,https://www.helloasso.com/associations/association-avelina-pour-la-solidarite-et-le-partage-aasp?_ga=2.161882362.750829746.1696668060-288918763.1696668060&_gac=1.58911199.1696668102.CjwKCAjwg4SpBhAKEiwAdyLwvC_kOC7-EDXIbADUNOY_dLn_RfQ6JRtWCDkjimPyJcFrLg2GoaaZ8RoCcfcQAvD_BwE&_gl=1%2Apor55e%2A_ga%2AMjg4OTE4NzYzLjE2OTY2NjgwNjA.%2A_ga_TKC826G3G2%2AMTY5Njc4NDI4NC42LjEuMTY5Njc4NjkxNS40NS4wLjA.,2,,Eurometropole Strasbourg,"48,6293726","7,7695107"
Association Col'Schick,community_services_non_profits,https://www.colschick.org/,2,,Eurometropole Strasbourg,"48,60217","7,7405762"
Association Contact et Promotion,community_services_non_profits,http://contact-promotion.org/,2,Il semble y avoir un pole culture dans l'asso,Eurometropole Strasbourg,"48,5966121","7,7013151"
Pavillon Josephine,theaters_and_performance_venue,Parc de l'Orangerie et pavillon Joséphine | Strasbourg.eu,,,Eurometropole Strasbourg,"48,5925315","7,7748469"
Quai de scène ,theaters_and_performance_venue,http://www.quaidescene.fr/,,,Eurometropole Strasbourg,"48,5753844","7,7574416"
Association de Prospective Rhénane,community_services_non_profits,https://www.apr-strasbourg.org/,2,,Eurometropole Strasbourg,"48,5830303","7,7736162"
Association de Sauvegarde du Patrimoine Historique Militaire,community_services_non_profits,http://www.asphm.com/,2,,Eurometropole Strasbourg,"48,66618","7,80915"
Association des ancien.ne.s IFSI Ste Marie St Vincent Strasbourg,community_services_non_profits,ifsi.ghsv.org,2,,Eurometropole Strasbourg,"48,5812798","7,7355199"
Association des Étudiant•e•s en Géographie de Strasbourg - AEGS,community_services_non_profits,http://aegs.blog/,2,,Eurometropole Strasbourg,"48,5841375","7,771695"
Association des étudiants en droit des libertés de Strasbourg - ADLS,community_services_non_profits,Ingen webbplats,2,,Eurometropole Strasbourg,"48,57891","7,76844"
Downtown Studios,studio_taping,https://www.facebook.com/profile.php?id=100035368942013#,,,Eurometropole Strasbourg,"48,5789088","7,7290824"
Association Diaconat Bethesda,community_services_non_profits,http://www.diaconat-bethesda.fr/,2,,Eurometropole Strasbourg,"48,592869","7,762727"
Les Studios Mascaron,studio_taping,http://www.lesstudiosmascaron.fr/,,,Eurometropole Strasbourg,"48,5852873","7,7401262"
Association Energie et Harmonie,community_services_non_profits,http://www.energie-harmonie.fr/,2,,Eurometropole Strasbourg,"48,5650643","7,7706155"
Association Familiale de Fegersheim - AFF,community_services_non_profits,http://www.fegersheim.fr/loisirs/associations_du_village_65.php,2,,Eurometropole Strasbourg,"48,495457","7,686724"
Association FÉE - Familles Épanouies et Écologie -,community_services_non_profits,http://www.assofee67.fr/,2,,Eurometropole Strasbourg,"48,6558277","7,8287959"
Association Française du Cheval Fjord,community_services_non_profits,http://www.chevalfjord.fr/,2,,Eurometropole Strasbourg,"48,6111974","7,6699671"
Association Française du Gougerot Sjögren,community_services_non_profits,http://www.afgs-syndromes-secs.org/,2,,Eurometropole Strasbourg,"48,5478591","7,710492"
Association GEM AUBE,community_services_non_profits,https://www.gem-aube.net/,2,,Eurometropole Strasbourg,"48,5666936","7,7521092"
Association ISIS KIDS,community_services_non_profits,http://www.isiskids.fr/,2,,Eurometropole Strasbourg,"48,564707","7,752675"
Association JEFF,community_services_non_profits,http://associationjeff.fr/,2,,Eurometropole Strasbourg,"48,61486","7,76047"
Space Drive Studio,studio_taping,http://www.spacedrivestudio.fr/,,,Eurometropole Strasbourg,"48,5678909","7,7880408"
Association Le Parcours,community_services_non_profits,https://www.leparcours67.com/,2,,Eurometropole Strasbourg,"48,6166124","7,7757257"
Studio Escale,studio_taping,https://studio-escale.centres-sociaux.fr/,,,Eurometropole Strasbourg,"48,60947","7,78416"
Association Mosquée de Koenigshoffen,community_services_non_profits,https://www.helloasso.com/associations/association-mosquee-de-koenigshoffen/formulaires/1,2,,Eurometropole Strasbourg,"48,5810179","7,699037"
Studio NAC,studio_taping,http://www.studionac.fr/,,,Eurometropole Strasbourg,"48,5786491","7,7074422"
Association Parlementaire Européenne,community_services_non_profits,http://www.ape-europa.eu/,2,,Eurometropole Strasbourg,"48,5918732","7,7698341"
Association PasSages,community_services_non_profits,https://www.helloasso.com/associations/passages,2,,Eurometropole Strasbourg,"48,6137025","7,7531939"
Association Perle Schiltigheim,community_services_non_profits,https://associationperle67.wixsite.com/website,2,,Eurometropole Strasbourg,"48,6014629","7,7453755"
Association POINTd'ART,art_gallery,Ingen webbplats,2,,Eurometropole Strasbourg,"48,5843705","7,6495578"
Association pour les enfants La Main du Coeur,community_services_non_profits,http://www.lamainducoeur.fr/,2,,Eurometropole Strasbourg,"48,6150066","7,7192118"
Association Salsabil,community_services_non_profits,http://salsabil.info/fr,2,,Eurometropole Strasbourg,"48,5657994","7,7640779"
Association SAP67,community_services_non_profits,Ingen webbplats,2,,Eurometropole Strasbourg,"48,57931","7,68697"
Association Secretive,theatre,Ingen webbplats,2,,Eurometropole Strasbourg,"48,58319","7,73749"
Accueil des Villes Françaises AVF Strasbourg,social_club,https://www.avfstrasbourg.fr/,,,Eurometropole Strasbourg,"48,584288","7,7506439"
Association Themis,community_services_non_profits,http://www.themis.asso.fr/,2,,Eurometropole Strasbourg,"48,582727","7,7431274"
Association UnityRI,community_services_non_profits,https://www.linkedin.com/company/association-unityri/,2,,Eurometropole Strasbourg,"48,57788","7,76744"
Astu,community_services_non_profits,http://www.astu.fr/,2,,Eurometropole Strasbourg,"48,5761046","7,7296578"
ATAC - Association de Tarot à Cinq,community_services_non_profits,http://atac.tarot.free.fr/,2,,Eurometropole Strasbourg,"48,5961152","7,7177403"
Les Grognards d'Alsace,social_club,http://www.grognards-alsace.org/,,,Eurometropole Strasbourg,"48,5476242","7,6780836"
Atelier Chapotier,arts_and_crafts,http://Atelier-chapotier.com/,2,Fermé apparemment,Eurometropole Strasbourg,"48,5778997","7,7337242"
Les Pot'irons,social_club,https://www.facebook.com/Les.Potirons.Arche.Strasbourg/ ,,,Eurometropole Strasbourg,"48,5732212","7,7676168"
Atelier d'Architecture Denys+Didierjean,architectural_designer,https://atelierdplusd.fr/,2,,Eurometropole Strasbourg,"48,5802233","7,753017"
Ruche 35,social_club,https://www.ares-actif.fr/vie-sociale/la-ruche-35/,,,Eurometropole Strasbourg,"48,5811005","7,7753525"
Atelier d'Architecture Sandrine ROYER,architectural_designer,http://www.architecture-royer.fr/,2,,Eurometropole Strasbourg,"48,6561955","7,8318908"
Séniors club Ziegel,social_club,https://www.facebook.com/ClubSeniorsZiegel/,,,Eurometropole Strasbourg,"48,55278","7,76162"
Social Club Coeur Alsace,social_club,https://www.instagram.com/socialclubcoeuralsace/,,,Eurometropole Strasbourg,"48,64852","7,75332"
DRIPS - Sérigraphie,screen_printing_t_shirt_printing,http://drips-serigraphie.com/,,,Eurometropole Strasbourg,"48,532724","7,7196313"
L'Ill Aux Broderies,screen_printing_t_shirt_printing,http://www.lillauxbroderies.fr/,,,Eurometropole Strasbourg,"48,5317119","7,7363618"
atelier G5,architectural_designer,http://www.atelierg5.fr/,2,,Eurometropole Strasbourg,"48,578302","7,753987"
Musicbox,recording_and_rehearsal_studio ,https://www.facebook.com/musicbox.stras/,,,Eurometropole Strasbourg,"48,5911053","7,7402452"
Itawak Records,record_label,https://linktr.ee/itawakrecords,,,Eurometropole Strasbourg,"48,5675946","7,7874223"
Ordinaire Records,record_label,https://www.facebook.com/OrdinaireRec/,,,Eurometropole Strasbourg,"48,58426","7,73758"
ACCENT4,radio_station,http://accent4.com/,,,Eurometropole Strasbourg,"48,5929167","7,7588225"
Fréquence Verte,radio_station,http://www.frequenceverte.fr/,,,Eurometropole Strasbourg,"48,6417307","7,7100035"
ici Alsace,radio_station,https://www.ici.fr/alsace,,,Eurometropole Strasbourg,"48,5852944","7,7552315"
NOSTALGIE Strasbourg,radio_station,http://www.nostalgie.fr/,,,Eurometropole Strasbourg,"48,5825889","7,7457515"
NRJ Strasbourg,radio_station,http://www.nrj.fr/,,,Eurometropole Strasbourg,"48,5821657","7,7464383"
ATMO Grand Est,community_services_non_profits,http://atmo-grandest.eu/,2,,Eurometropole Strasbourg,"48,6087342","7,7089572"
Radio Arc-en-Ciel,radio_station,https://linktr.ee/radioarcenciel,,,Eurometropole Strasbourg,"48,5543691","7,6940426"
Au Coin Littéraire,bookstore,https://www.livre-rare-book.com/c/b/coin?l=fr,2,,Eurometropole Strasbourg,"48,581646","7,7386889"
Radio Barjot's,radio_station,http://radiobarjots.wordpress.fr/,,,Eurometropole Strasbourg,"48,5666953","7,7521794"
Au rendez-vous des petits,community_services_non_profits,http://www.agf67.fr/,2,,Eurometropole Strasbourg,"48,5603893","7,7858946"
Au Vieux Cellier,dance_club,http://www.au-vieux-cellier.com,2,,Eurometropole Strasbourg,"48,666729","7,717422"
Radio Bienvenue Strasbourg,radio_station,http://www.radiorbs.com,,,Eurometropole Strasbourg,"48,582893","7,745703"
Radio Judaïca Strasbourg,radio_station,http://www.radiojudaicastrasbourg.fr/,,,Eurometropole Strasbourg,"48,5906625","7,7568315"
Aumonerie Protestante,community_services_non_profits,Ingen webbplats,2,,Eurometropole Strasbourg,"48,57725","7,74899"
RCF Alsace,radio_station,http://www.rcf.fr/,,,Eurometropole Strasbourg,"48,5845399","7,753666"
Rfm Strasbourg,radio_station,https://www.rfm.fr/,,,Eurometropole Strasbourg,"48,5888439","7,7546658"
AUS Basketball,community_services_non_profits,http://aus-basketball.fr/,2,,Eurometropole Strasbourg,"48,60445","7,74374"
Automobile Club Association : Stages de récupération de points,community_services_non_profits,http://www.automobile-club.org/stage-recuperation-points,2,,Eurometropole Strasbourg,"48,5723654","7,7651606"
Top Music,radio_station,http://www.topmusic.fr/,,,Eurometropole Strasbourg,"48,5871896","7,7596326"
Virgin Radio Régions,radio_station,http://www.rfm.fr,,,Eurometropole Strasbourg,"48,587083","7,741123"
Ava Habitat et Nomadisme,community_services_non_profits,http://www.avahabitatetnomadisme.org/,2,,Eurometropole Strasbourg,"48,6292325","7,7261258"
Avrupa Yozgatlılar Federasyonu - AYF,community_services_non_profits,http://www.euroyozgat.com/,2,,Eurometropole Strasbourg,"48,58167","7,69808"
Zone Est Radio,radio_station,https://www.zest.radio/,,,Eurometropole Strasbourg,"48,58337","7,73575"
La vitrine chicmedias,print_media,http://shop.chicmedias.com/,,,Eurometropole Strasbourg,"48,58198","7,74483"
Or Norme Strasbourg - Magazine,print_media,https://ornorme.fr/,,,Eurometropole Strasbourg,"48,58628","7,74675"
Prattohik.Com,print_media,https://www.prattohik.com/,,,Eurometropole Strasbourg,"48,5664823","7,7709872"
baignade du ruisseau bleu,festi,Ingen webbplats,2,,Eurometropole Strasbourg,"48,5685434","7,7581302"
BAILA E Mocion,salsa_club,Ingen webbplats,2,,Eurometropole Strasbourg,"48,56301","7,70892"
SEALB,print_media,https://www.seal-sealb.eu/,,,Eurometropole Strasbourg,"48,5788206","7,75399"
L'Atelier de François Nussbaumer,photography_store_and_services,http://www.francoisnussbaumer.com/,,,Eurometropole Strasbourg,"48,5858154","7,7707324"
Banque Alimentaire du Bas-Rhin,community_services_non_profits,https://ba67.banquealimentaire.org/,2,,Eurometropole Strasbourg,"48,5358616","7,7319877"
Banque de l'Objet,community_services_non_profits,http://banquedelobjet.org/,2,,Eurometropole Strasbourg,"48,5566576","7,7366774"
Nis&For,photography_store_and_services,http://www.nis-for.fr/,,,Eurometropole Strasbourg,"48,5794189","7,7400641"
Basket La Wantzenau,community_services_non_profits,http://www.basketlawantzenau.com/,2,,Eurometropole Strasbourg,"48,6627337","7,8321516"
La Briqueterie Schiltigheim Culture,performing_arts,http://www.ville-schiltigheim.fr/schiltigheim-culture,,,Eurometropole Strasbourg,"48,6104472","7,7297872"
Le Point d'Eau,performing_arts,https://lepointdeau.com/,,,Eurometropole Strasbourg,"48,5529769","7,7089639"
Opéra national du Rhin,opera_and_ballet,http://operanationaldurhin.eu/,,,Eurometropole Strasbourg,"48,585913","7,7520487"
Orchestre d'Harmonie de Schiltigheim,"musical_band_orchestras_and_ 
symphonies",http://ohds.fr/,,,Eurometropole Strasbourg,"48,6074822","7,74535"
Orchestre philharmonique de Strasbourg -OPS-,"musical_band_orchestras_and_ 
symphonies",http://www.philharmonique.strasbourg.eu/,,,Eurometropole Strasbourg,"48,5974895","7,7579818"
Bibliothèque André,library,Ingen webbplats,2,,Eurometropole Strasbourg,"48,58614","7,75594"
Espace Culturel Le Fil d'Eau,music_venue,http://www.lefildeau.fr/,,,Eurometropole Strasbourg,"48,6549785","7,8345679"
Espace Marceau,music_venue,http://www.holtzheim.fr/,,,Eurometropole Strasbourg,"48,5572054","7,6426799"
La Laiterie Artefact,music_venue,http://www.artefact.org/,,,Eurometropole Strasbourg,"48,57601","7,72915"
La Maison Bleue - Strasbourg,music_venue,https://www.lamaisonbleue-stbg.com/,,,Eurometropole Strasbourg,"48,5595466","7,7677739"
Le Brassin Schiltigheim Culture,music_venue,http://www.ville-schiltigheim.fr/,,,Eurometropole Strasbourg,"48,6074764","7,7454236"
Nootoos Live,music_venue,http://www.nootoos.live/,,,Eurometropole Strasbourg,"48,5828444","7,7397701"
CEDIM Strasbourg,music_school,http://www.cedim.fr/,,,Eurometropole Strasbourg,"48,58312","7,7406"
Centre d'Education Musicale et Culturel de la Robertsau,music_school,http://cemcr.blog.free.fr,,,Eurometropole Strasbourg,"48,603043","7,782511"
Centre Musical de la Krutenau,music_school,http://cmk-strasbourg.fr/,,,Eurometropole Strasbourg,"48,5817258","7,7572368"
CFPM de Strasbourg,music_school,https://www.cfpmfrance.com/cfpm-strasbourg,,,Eurometropole Strasbourg,"48,5595391","7,767828"
Courant d'Art,music_school,http://www.courantdart-voix.com/,,,Eurometropole Strasbourg,"48,5789765","7,7542639"
Ecole de Guitare de Strasbourg,music_school,http://www.ecole-guitare-strasbourg.com/,,,Eurometropole Strasbourg,"48,5810955","7,7614245"
Ecole de guitare des musiques actuelles - EGMA,music_school,http://www.egma67.fr/,,,Eurometropole Strasbourg,"48,61146","7,75554"
Ecole De Musique Csc Neuhof,music_school,Ingen webbplats,,,Eurometropole Strasbourg,"48,5461356","7,7675346"
Bibliothèque Municipale,library,Ingen webbplats,2,,Eurometropole Strasbourg,"48,651909","7,698597"
Ecole de Musique de l'ARES,music_school,http://www.ares-actif.fr/,,,Eurometropole Strasbourg,"48,5752039","7,7711853"
Ecole de musique de La Wantzenau,music_school,https://www.la-wantzenau.fr/Bouger/Pole-Culturel/Ecole-musique.html,,,Eurometropole Strasbourg,"48,65931","7,82583"
Ecole de Musique de Strasbourg Centre,music_school,www.ecole-de-musique-stg-centre.eu,,,Eurometropole Strasbourg,"48,5832064","7,7405311"
École de Musique du Neuhof-Stockfeld,music_school,http://amcns.e-monsite.com/,,,Eurometropole Strasbourg,"48,5293113","7,7710579"
Bibliothèque Nationale,library,Ingen webbplats,2,,Eurometropole Strasbourg,"48,584923","7,739276"
Ecole de musique Gem les Châteaux,music_school,https://gem-leschateaux.opentalent.fr/,,,Eurometropole Strasbourg,"48,559865","7,615952"
Ecole de Musique St-Thomas,music_school,http://www.em-st-thomas.fr/,,,Eurometropole Strasbourg,"48,5800666","7,7445796"
Bibliothèques Municipales,library,http://www.mediatheques.strasbourg.eu,2,,Eurometropole Strasbourg,"48,58256","7,73951"
Biovilla,architectural_designer,http://www.biovilla.eu/,2,,Eurometropole Strasbourg,"48,5890551","7,7564483"
BNI Europe Strasbourg,community_services_non_profits,http://bni-alsace.fr/strasbourg-europe,2,,Eurometropole Strasbourg,"48,56027","7,75016"
BNI Performance Plus Illkirch,community_services_non_profits,http://www.bni-Alsace.com/,2,,Eurometropole Strasbourg,"48,52807","7,71044"
BNI Positif Strasbourg,community_services_non_profits,https://bni-alsace.fr/positif-illkirch/fr/index,2,,Eurometropole Strasbourg,"48,53255","7,68597"
Bollore Energie,landscaping,http://www.bollore-energie.fr,2,,Eurometropole Strasbourg,"48,5971899","7,7985971"
Ecole Municipale Boléro Musique et Danse Oberhausbergen Mittelhausbergen,music_school,http://www.le-preo.fr/fr/Contact-Actualite-Presentation-97.html,,,Eurometropole Strasbourg,"48,60658","7,68498"
"Ecole Municipale de Danse Classique, Geispolsheim",music_school,http://www.ville-geispolsheim.fr/,,,Eurometropole Strasbourg,"48,5165534","7,6401595"
Ecole Municipale de Musique et de Danse de Bischheim,music_school,https://www.bischheim.alsace/mes-loisirs/culture/ecole-municipale-de-musique-et-de-danse,,,Eurometropole Strasbourg,"48,6143147","7,7535912"
Boulevard Gambetta,attractions_and_activities,Ingen webbplats,2,,Eurometropole Strasbourg,"48,5920071","7,7586012"
Bourse aux Disques Strasbourg,arts_and_entertainment,https://sites.google.com/site/bourseauxdisques/home,2,fermé,Eurometropole Strasbourg,"48,57626","7,75336"
Boutique solidaire S.C.A,arts_and_crafts,Ingen webbplats,2,,Eurometropole Strasbourg,"48,55993","7,69141"
Longevity Music School,music_school,http://longevity-musicschool.eu/,,,Eurometropole Strasbourg,"48,5741222","7,7638495"
Burda style España,print_media,https://www.burdastyle.es/,2,,Eurometropole Strasbourg,"48,61408","7,71675"
Burda Style Nederland & België,print_media,https://www.burdastyle.nl/blog,2,,Eurometropole Strasbourg,"48,5747899","7,7783203"
Music One école de batterie,music_school,https://www.ecole-music-one.com/,,,Eurometropole Strasbourg,"48,5675957","7,7874226"
Bureau des Etudiants Dock Face BDE,cultural_center,http://dockface.fr,2,,Eurometropole Strasbourg,"48,574246","7,763385"
Audiorama,music_production,http://www.audiorama.org,,,Eurometropole Strasbourg,"48,56944","7,78766"
Foundry Studios,music_production,https://fdry.fr/,,,Eurometropole Strasbourg,"48,5870167","7,7044514"
Innervision,music_production,http://www.innervision.fr/,,,Eurometropole Strasbourg,"48,5682629","7,7882918"
Just-corps-production,music_production,https://www.just-corps-production.fr/,,,Eurometropole Strasbourg,"48,58391","7,74075"
CADR 67 Strasbourg,community_services_non_profits,https://cadr67.fr/,2,,Eurometropole Strasbourg,"48,5786096","7,7511197"
Café Contact de l’Emploi,community_services_non_profits,http://www.cafecontactemploi.fr/,2,,Eurometropole Strasbourg,"48,578848","7,753953"
Les Ensembles 2.2,music_production,http://www.le2p2.com/,,,Eurometropole Strasbourg,"48,5740672","7,7637937"
Jazzdor,music_festivals_and_organizations ,https://jazzdor.com/,,,Eurometropole Strasbourg,"48,5909661","7,7533627"
Capa-cma,community_services_non_profits,http://www.capa-cma.com/,2,,Eurometropole Strasbourg,"48,483357","7,7288587"
CARD SHOP,arts_and_entertainment,Ingen webbplats,2,,Eurometropole Strasbourg,"48,5822876","7,7507387"
Cargesp,community_services_non_profits,http://www.soinspalliatifs-grandest.fr/,2,,Eurometropole Strasbourg,"48,5760535","7,7508018"
Carré d'artistes,art_gallery,https://www.carredartistes.com/fr-fr/?utm_source=Yext&utm_medium=Facebook&y_source=1_Mjc4ODM0MzEtNTU5LWxvY2F0aW9uLndlYnNpdGU%3D,2,,Eurometropole Strasbourg,"48,5825877","7,748859"
Carré d'artistes Strasbourg,art_gallery,https://www.carredartistes.com/fr-fr/galerie-art-contemporain-carre-artistes-france-67000-strasbourg-24-rue-du-dome-401.htm?utm_source=Yext&utm_medium=Facebook&y_source=1_MTY5NjU0MDAtNTU5LWxvY2F0aW9uLndlYnNpdGU%3D,2,,Eurometropole Strasbourg,"48,5828875","7,7507789"
Castle Arts Store,community_services_non_profits,http://www.bullesdeveil.com/,2,,Eurometropole Strasbourg,"48,5837719","7,6494508"
Castors d'Alsace,community_services_non_profits,http://castorsdalsace.org/,2,,Eurometropole Strasbourg,"48,5707555","7,7346884"
CD 67,community_services_non_profits,http://basrhin.ffnatation.fr/script/index.php,2,,Eurometropole Strasbourg,"48,55842","7,76435"
Cdj Strasbourg,community_services_non_profits,https://participer.strasbourg.eu/le-conseil-des-jeunes,2,,Eurometropole Strasbourg,"48,574161","7,753641"
CDOS 67,community_services_non_profits,http://cdos67.fr/,2,,Eurometropole Strasbourg,"48,61415","7,78656"
Wolfi Jazz,music_festivals_and_organizations ,http://www.wolfijazz.com/,,,Eurometropole Strasbourg,"48,5892513","7,6642833"
Pelpass Asso,music_festival_and_organizations,http://www.pelpass.net/,,,Eurometropole Strasbourg,"48,57635","7,72949"
Arpèges Armand Meyer,music_and_dvd_store,https://linktr.ee/Arpeges_Armand_Meyer,,,Eurometropole Strasbourg,"48,575831","7,7566708"
Centre Archeologie Medievale Strasbour,community_services_non_profits,Ingen webbplats,2,,Eurometropole Strasbourg,"48,58308","7,7528"
Centre communautaire la Rencontre,cultural_center,Ingen webbplats,2,,Eurometropole Strasbourg,"48,5612549","7,7583292"
Guitar Land Music l'Atelier,music_and_dvd_store,http://www.facebook.com/Guitar-Land-Music-118479431523036,,,Eurometropole Strasbourg,"48,5780299","7,6867351"
Centre Cultuel IQRAA - Mosquée de Lingolsheim,cultural_center,Ingen webbplats,2,,Eurometropole Strasbourg,"48,5549144","7,6937554"
Centre Culturel,theatre,Ingen webbplats,2,,Eurometropole Strasbourg,"48,54625","7,71177"
Centre Culturel,theatre,Ingen webbplats,2,,Eurometropole Strasbourg,"48,54347","7,71327"
L'Occase de l'Oncle Tom,music_and_dvd_store,http://occaseoncletom.blogspot.fr/,,,Eurometropole Strasbourg,"48,5811946","7,745923"
Locked Grooves - Disquaire,music_and_dvd_store,https://lockedgrooves.fr/,,,Eurometropole Strasbourg,"48,5879687","7,7420928"
Music Non Stop,music_and_dvd_store,https://www.facebook.com/musicnonstopstrasbourg/?locale=fr_FR,,,Eurometropole Strasbourg,"48,5789211","7,7500857"
Musique Point Com,music_and_dvd_store,http://www.musiquepointcom.com,,,Eurometropole Strasbourg,"48,55527","7,74986"
Centre culturel et familial Echanges,community_center,Ingen webbplats,2,,Eurometropole Strasbourg,"48,62785","7,76863"
Petites Fugues,music_and_dvd_store,https://petitesfugues.wordpress.com/,,,Eurometropole Strasbourg,"48,5802606","7,7577441"
Sas Locked Grooves,music_and_dvd_store,http://www.lockedgrooves.fr,,,Eurometropole Strasbourg,"48,57964","7,74806"
5ᵉ Lieu,museum,http://5elieu.strasbourg.eu/,,,Eurometropole Strasbourg,"48,5811436","7,7508284"
Centre Culturel St Thomas,cultural_center,http://www.centre-st-thomas.fr/hebergement,2,,Eurometropole Strasbourg,"48,5952087","7,780313"
Cabinet des Estampes et des Dessins,museum,https://www.musees.strasbourg.eu/cabinet-des-estampes-et-des-dessins,,,Eurometropole Strasbourg,"48,5812237","7,7507639"
Centre de Transfusion Sanguine,community_services_non_profits,Ingen webbplats,2,,Eurometropole Strasbourg,"48,57582","7,75137"
Centre EPIDE de Strasbourg,community_services_non_profits,http://www.epide.fr/,2,,Eurometropole Strasbourg,"48,582065","7,780733"
Centre Horizon Strasbourg,cultural_center,Ingen webbplats,2,,Eurometropole Strasbourg,"48,5319","7,77015"
Château Rohan Strasbourg,museum,https://www.facebook.com/museedesartsdecoratifs/,,,Eurometropole Strasbourg,"48,5815787","7,7487733"
Château Vodou,museum,https://www.chateau-vodou.com/,,,Eurometropole Strasbourg,"48,5803557","7,7285965"
Frauenhausmuseum,museum,http://pl.wikipedia.org/wiki/Mus%E9e_de_l%19%52uvre_Notre-Dame,,,Eurometropole Strasbourg,"48,580833","7,751389"
Centre Ressources Enfance-Jeunesse & Handicap,community_services_non_profits,http://jpa67.fr/crejh,2,,Eurometropole Strasbourg,"48,52106","7,74281"
Galerie Heitz,museum,http://www.musees-strasbourg.org,,,Eurometropole Strasbourg,"48,581279","7,75207"
Jardin des sciences,museum,http://jardin-sciences.unistra.fr/,,,Eurometropole Strasbourg,"48,5832762","7,7643325"
MM Park France,museum,http://www.mmpark.fr/index.php,,,Eurometropole Strasbourg,"48,6654095","7,8098531"
Musée Adolf Michaelis,museum,https://amamstrasbourg.org/,,,Eurometropole Strasbourg,"48,5848275","7,7624754"
Musée Alsacien de la Ville de Strasbourg - officiel,museum,http://www.musees.strasbourg.eu/index.php?page=musee-alsacien,,,Eurometropole Strasbourg,"48,579167","7,750556"
Musée anatomique de Strasbourg - Museum anatomicum Argentoratense,museum,Ingen webbplats,,,Eurometropole Strasbourg,"48,577459","7,739507"
Musée d'art moderne et contemporain de Strasbourg (officiel),museum,https://www.musees.strasbourg.eu/musee-d-art-moderne-et-contemporain,,,Eurometropole Strasbourg,"48,57964","7,73637"
Musée de l'Oeuvre Notre-Dame de Strasbourg (officiel),museum,http://www.musees.strasbourg.eu/,,,Eurometropole Strasbourg,"48,5810321","7,751301"
Musée de minéralogie de Strasbourg,museum,http://musee-mineralogie.unistra.fr/,,,Eurometropole Strasbourg,"48,58354","7,7626437"
Musée de sismologie et magnétisme terrestre,museum,http://musee-sismologie.unistra.fr/,,,Eurometropole Strasbourg,"48,5838714","7,7658746"
Musée des Arts décoratifs,museum,http://www.musees.strasbourg.eu/index.php?page=musee-des-arts-decoratifs,,,Eurometropole Strasbourg,"48,5811338","7,752198"
Cephi Strasbourg,community_services_non_profits,http://www.cephi.fr/,2,,Eurometropole Strasbourg,"48,528298","7,736223"
Cercle d'Echecs Illkirch-Graffenstaden,community_services_non_profits,https://cercle-echecs-illkirch.fr/,2,,Eurometropole Strasbourg,"48,5226809","7,7051535"
Cercle Nautique Ill Club - Strasbourg,community_services_non_profits,http://illclub.fr/,2,,Eurometropole Strasbourg,"48,5714675","7,7332203"
Cercle Philosophique Goethe,community_services_non_profits,Ingen webbplats,2,,Eurometropole Strasbourg,"48,58716","7,7573"
Musée du Chocolat,museum,http://www.musee-du-chocolat.com/,,,Eurometropole Strasbourg,"48,520866","7,698382"
MUSEE Forces,museum,Ingen webbplats,,,Eurometropole Strasbourg,"48,5760412","7,734064"
CESAA,community_services_non_profits,http://www.cesaa.fr/,2,,Eurometropole Strasbourg,"48,580878","7,731422"
CEZAM Mundo,community_services_non_profits,http://cezam67450.alsace/,2,,Eurometropole Strasbourg,"48,63178","7,71724"
Musée historique de la ville de Strasbourg,museum,http://www.musees.strasbourg.eu/index.php?page=musee-histo,,,Eurometropole Strasbourg,"48,5797747","7,7507684"
CFTC Grand Est,community_services_non_profits,http://www.cftc-grandest.fr/,2,,Eurometropole Strasbourg,"48,6131017","7,7052881"
CGT CTS compagnie des transport strasbourgeois,community_services_non_profits,Ingen webbplats,2,,Eurometropole Strasbourg,"48,59252","7,73291"
Musee juif de Bischheim,museum,Ingen webbplats,,,Eurometropole Strasbourg,"48,6146937","7,7551416"
Chambre de Consommation d'Alsace et du Grand Est,community_services_non_profits,http://www.cca.asso.fr/,2,,Eurometropole Strasbourg,"48,5768907","7,7536408"
Musée Tomi Ungerer - Centre international de l'Illustration (officiel),museum,https://www.musees.strasbourg.eu/musee-tomi-ungerer,,,Eurometropole Strasbourg,"48,5856783","7,7551597"
Chapitre de Saint-Thomas,community_services_non_profits,http://www.chapitre-saint-thomas.org/,2,,Eurometropole Strasbourg,"48,5791387","7,7453198"
Chapo,community_services_non_profits,http://www.chapo-asso.fr/,2,,Eurometropole Strasbourg,"48,54721","7,74626"
Musée Zoologique de Strasbourg (officiel),museum,http://www.musees.strasbourg.eu/index.php?page=contacts-mzoo,,,Eurometropole Strasbourg,"48,5827","7,76468"
Musées de la Ville de Strasbourg (officiel),museum,http://www.musees.strasbourg.eu/,,,Eurometropole Strasbourg,"48,5809106","7,7527018"
Château-Musée de Gien,museum,http://www.chateaumuseegien.fr/,2,,Eurometropole Strasbourg,"48,58155","7,75211"
Museum Manufactory,museum,http://www.museum-manufactory.com/,,,Eurometropole Strasbourg,"48,6028334","7,7490636"
Palais Rohan,museum,http://www.musees.strasbourg.eu,,,Eurometropole Strasbourg,"48,5810115","7,7526489"
Parc de la Maison Alsacienne,museum,http://maisonalsacienne.fr/,,,Eurometropole Strasbourg,"48,6476425","7,7521224"
Parlamentarium,museum,https://visiting.europarl.europa.eu/fr/visitor-offer/strasbourg/parlamentarium-simone-veil,,,Eurometropole Strasbourg,"48,597452","7,769742"
CHRIS CLUB,dance_club,Ingen webbplats,2,,Eurometropole Strasbourg,"48,563","7,69471"
Chua Pho Hien,cultural_center,"https://quangduc.com/a65602/chua-pho-hien-strasbourg-phap-quoc#:~:text=Ch%C3%B9a%20Ph%E1%BB%95%20Hi%E1%BB%81n%2C%20t%E1%BB%8Da%20l%E1%BA%A1c%20t%E1%BA%A1i%20s%E1%BB%91%20311,Ni%20S%C6%B0%20Th%C3%ADch%20N%E1%BB%AF%20Nh%C6%B0%20Quang%20Tr%E1%BB%A5%20Tr%C3%AC.",2,,Eurometropole Strasbourg,"48,6226079","7,8004215"
Planétarium de Strasbourg,museum,http://jardin-sciences.unistra.fr/planetarium,,,Eurometropole Strasbourg,"48,5833","7,76778"
Eclair V&A Strasbourg,movie_television_studio,http://www.eva-localisation.com/,,,Eurometropole Strasbourg,"48,58536","7,75747"
Studios du Rhin,movie_television_studio,https://www.facebook.com/StudiosDuRhin/,,,Eurometropole Strasbourg,"48,5683671","7,7880488"
CIMG Gençlik Doğu-Fransa,community_services_non_profits,http://www.igmg.org/,2,,Eurometropole Strasbourg,"48,5627047","7,7443433"
CIMG Jeunesse - Strasbourg,community_services_non_profits,https://cimgfrance.fr/la-grande-mosquee-eyyub-sultan-de-strasbourg/,2,,Eurometropole Strasbourg,"48,5622462","7,7444853"
Music Line Productions,media_agency,http://www.mlprods.com/,,,Eurometropole Strasbourg,"48,5810484","7,7615577"
BFM Alsace,mass_media,https://www.bfmtv.com/alsace/,,,Eurometropole Strasbourg,"48,5480197","7,7410156"
France 3 Alsace,mass_media,https://france3-regions.francetvinfo.fr/grand-est/alsace,,,Eurometropole Strasbourg,"48,5945412","7,759326"
Les indépendants,mass_media,http://www.lesindependants.co/,,,Eurometropole Strasbourg,"48,5869408","7,7682657"
MINAUTO mag',mass_media,http://www.minautomag.fr/,,,Eurometropole Strasbourg,"48,5196187","7,7012302"
CIZ PROD,arts_and_entertainment,Ingen webbplats,2,,Eurometropole Strasbourg,"48,5842094","7,7437"
Plurimedia,mass_media,http://www.plurimedia.fr/,,,Eurometropole Strasbourg,"48,6066711","7,7534503"
Club AES,community_services_non_profits,http://clubaes.strikingly.com/,2,,Eurometropole Strasbourg,"48,5788923","7,767982"
Club Cynophile de Vendenheim,community_services_non_profits,Ingen webbplats,2,,Eurometropole Strasbourg,"48,66748","7,71593"
AV Lab // Fablab Strasbourg,makerspace,https://lesatelierseclaires-manager.com/,,,Eurometropole Strasbourg,"48,5739381","7,763257"
Club Informatique de Reichstett,community_services_non_profits,https://cir67.fr/,2,,Eurometropole Strasbourg,"48,6486844","7,7538729"
Club Judo Mundolsheim,community_services_non_profits,http://clubjudomundolsheim.com/,2,,Eurometropole Strasbourg,"48,6412527","7,7146927"
Les Ateliers Éclairés,makerspace,http://www.lesatelierseclaires.com/,,,Eurometropole Strasbourg,"48,575438","7,7871987"
Bibliothèque Association-Livres,library,http://www.bibliotheque-association-livres.fr/,,,Eurometropole Strasbourg,"48,6122639","7,736059"
Bibliothèque de géographie - Université de Strasbourg,library,http://geographie.unistra.fr/bibliotheque/,,,Eurometropole Strasbourg,"48,584166","7,7717295"
Coexister Strasbourg,community_services_non_profits,http://www.coexister.fr/,2,,Eurometropole Strasbourg,"48,58087","7,74406"
Cojep International,community_services_non_profits,http://www.cojep.com,2,,Eurometropole Strasbourg,"48,5826667","7,7103211"
Colecosol Grand Est,community_services_non_profits,https://www.colecosol.fr/evenements,2,,Eurometropole Strasbourg,"48,5766566","7,7707787"
Bibliothèque de la Faculté de Droit,library,https://bu.unistra.fr:443/.do?sysb=polo&cdBib=BUSFD,,,Eurometropole Strasbourg,"48,578962","7,76779"
Collectif Humanis,community_services_non_profits,http://www.humanis.org/,2,,Eurometropole Strasbourg,"48,6196844","7,7700772"
Comité Départemental de Tir 67 - Handi-Tir,community_services_non_profits,http://www.liguetiralsace.fr/index.php?id=66,2,,Eurometropole Strasbourg,"48,61415","7,78656"
Comité des Peuples,community_services_non_profits,http://www.klubasso.fr/comite-des-peuples,2,,Eurometropole Strasbourg,"48,549915","7,751731"
Communauté du Puits de Jacob,community_services_non_profits,https://www.puitsdejacob.org/,2,,Eurometropole Strasbourg,"48,449371","7,722286"
Bibliothèque de la Misha - Université de Strasbourg,library,http://bu.unistra.fr/,,,Eurometropole Strasbourg,"48,5798047","7,7678735"
Compagnie Ostranenie,theatre,http://www.compagnie-ostranenie.org/,2,Existe plus,Eurometropole Strasbourg,"48,57635","7,72949"
"Compost et jardin partagé square St-Jean et square Ste Aurélie, AHQG.",community_services_non_profits,http://ahqg.free.fr/ahqgv2/html/accueil.php,2,,Eurometropole Strasbourg,"48,584578","7,7388114"
Concept Store Claudine ,fashion,Ingen webbplats,2,fermé,Eurometropole Strasbourg,"48,5589018","7,61495"
Bibliothèque de La Wantzenau,library,http://www.bibliotheque-la-wantzenau.fr/,,,Eurometropole Strasbourg,"48,6581727","7,8270453"
Conservatoire du Patrimoine Religieux en Alsace,community_services_non_profits,http://www.patrimoine-religieux-alsace.eu/,2,,Eurometropole Strasbourg,"48,592027","7,7541038"
Corporation des Fleuristes du Bas-Rhin,community_services_non_profits,http://corpofleuristes67.fr/,2,,Eurometropole Strasbourg,"48,60858","7,73777"
Corporation des Professionnels de la Carrosserie du Bas-Rhin,community_services_non_profits,https://www.gie-carrossiers.com/,2,,Eurometropole Strasbourg,"48,6095219","7,7155273"
Bibliothèque de Pharmacie / Infocom / Campus Illkirch,library,https://iutrs.unistra.fr/campus/bibliotheque-universitaire-iut-robert-schuman-pharmacie,,,Eurometropole Strasbourg,"48,5291733","7,7367271"
COUTEAUX AFFUTAGE du ried,landscaping,http://stores.naturabuy.fr/COUTEAUXAFFUTAGEDURIED/,2,,Eurometropole Strasbourg,"48,4911559","7,6802603"
Bibliothèque de Plobsheim,library,https://bibliotheque-plobsheim.fr/,,,Eurometropole Strasbourg,"48,4710208","7,725382"
CPCA ARSEA,community_services_non_profits,https://www.arsea.fr/etablissements/cpca/,2,,Eurometropole Strasbourg,"48,555655","7,7458"
CPCV Est Animation !,community_services_non_profits,http://www.cpcvest.fr/,2,,Eurometropole Strasbourg,"48,5561311","7,7666942"
CR FSCF Grand Est,community_services_non_profits,http://grandest.fscf.asso.fr/,2,,Eurometropole Strasbourg,"48,583949","7,7531614"
Créalisable,arts_and_entertainment,https://www.crealisable.com/,2,fermé,Eurometropole Strasbourg,"48,5365724","7,7322881"
Creativness Records,music_production,https://creativness-records.com/,2,fermé,Eurometropole Strasbourg,"48,5311671","7,7655659"
Crèche parentale la Trottinette,community_services_non_profits,http://www.latrottinette.asso.fr/,2,,Eurometropole Strasbourg,"48,5832788","7,7615559"
CRÉSUS,community_services_non_profits,https://www.cresus.org/,2,,Eurometropole Strasbourg,"48,57565","7,75662"
CS-Deco Atelier,architectural_designer,Ingen webbplats,2,existe plus,Eurometropole Strasbourg,"48,5840267","7,6337367"
Bibliothèque de Santé - Université de Strasbourg,library,http://bu.unistra.fr/,,,Eurometropole Strasbourg,"48,5775177","7,739911"
Bibliothèque des arts - Université de Strasbourg,library,https://bu.unistra.fr/opac/library/Biblioth%C3%A8que%20des%20arts/BUSAR,,,Eurometropole Strasbourg,"48,584949","7,7622591"
CSC Meinau,cultural_center,http://www.lecentre-meinau.fr/,2,éjà mis,Eurometropole Strasbourg,"48,5494912","7,7509111"
Csc Montagneverte,cultural_center,http://cscmontagneverte.centres-sociaux.fr/,2,déjà mis,Eurometropole Strasbourg,"48,56301","7,70892"
Bibliothèque des langues - Université de Strasbourg,library,https://bu.unistra.fr/opac/library/Bibliothèque%20des%20langues/BUSLG,,,Eurometropole Strasbourg,"48,5778987","7,764863"
Bibliothèque des Musées de Strasbourg,library,http://www.musees.strasbourg.eu/index.php?page=bibliotheques,,,Eurometropole Strasbourg,"48,5804308","7,7362231"
CSF Bas-Rhin,community_services_non_profits,https://lacsf67.org/,2,,Eurometropole Strasbourg,"48,5593","7,76496"
CSPI,community_services_non_profits,http://www.cspi67.com,2,,Eurometropole Strasbourg,"48,575394","7,753299"
Cultura Geispolsheim,bookstore,https://www.cultura.com/,2,,Eurometropole Strasbourg,"48,5248376","7,6887296"
Cultura Mundolsheim,bookstore,https://www.cultura.com/,2,,Eurometropole Strasbourg,"48,6496467","7,7309357"
Bibliothèque du Cardo - Université de Strasbourg,library,http://bu.unistra.fr/,,,Eurometropole Strasbourg,"48,5771544","7,7471158"
Cybercentre de la Médiathèque,library,Ingen webbplats,2,,Eurometropole Strasbourg,"48,547621","7,751533"
Bibliothèque du Grand Séminaire de Strasbourg,library,https://grandseminaire.alsace/la-bibliotheque-ancienne/,,,Eurometropole Strasbourg,"48,58291","7,751945"
Bibliothèque éducation & enseignement Strasbourg - Université de Strasbourg,library,http://bu.unistra.fr/,,,Eurometropole Strasbourg,"48,5615491","7,7530332"
D-Clic Strasbourg,community_services_non_profits,https://linktr.ee/assocationdclicstrasbourg?fbclid=PAAaaFNu-oNMgIj2fdOCjyzRrt_pa-6PRdbn6Uy7GMbZkgIJMy-nyPuK0lhpE,2,,Eurometropole Strasbourg,"48,5788759","7,7542905"
Bibliothèque Municipale d'Achenheim,library,https://opac-x-bibliothequeachenheim.biblixnet.net/,,,Eurometropole Strasbourg,"48,577872","7,624956"
Danses En Couple,dance_school,http://www.DansesEnCouple.fr/,2,,Eurometropole Strasbourg,"48,482095","7,720426"
Danses populaires&folkloriques à Strasbourg,dance_school,https://forms.gle/yGnnuXX283gHgZof6,2,,Eurometropole Strasbourg,"48,564924","7,771131"
"DÉBAT : La FEMME, atelier d'initiative citoyenne.",community_services_non_profits,Ingen webbplats,2,,Eurometropole Strasbourg,"48,5667","7,77472"
Démocratie Européenne - L'Europe de Strasbourg,community_services_non_profits,Ingen webbplats,2,,Eurometropole Strasbourg,"48,58097","7,74833"
Bibliothèque municipale d'Eckbolsheim,library,https://eckbolsheim.bibli.fr/,,,Eurometropole Strasbourg,"48,5789051","7,687599"
Des Artistes . . .,arts_and_entertainment,http://www.des-artistes.fr/,2,fermé,Eurometropole Strasbourg,"48,57758","7,72913"
Des Bayes de Dream,fashion,https://www.instagram.com/desbayesdedream,2,fermé,Eurometropole Strasbourg,"48,5893567","7,7412203"
Deuxieme Etage,mass_media,Ingen webbplats,2,,Eurometropole Strasbourg,"48,60013","7,79293"
Die Privatt Club,dance_club,http://dieprivatt.com/,2,,Eurometropole Strasbourg,"48,5831144","7,7369602"
Bibliothèque Municipale Fegersheim-Ohnheim,library,https://www.strasbourg.eu/lieu/-/entity/sig/2392_CUL_310/mediatheque-de-fegersheim-la-clef,,,Eurometropole Strasbourg,"48,489637","7,678183"
Dionysos à Galien,community_services_non_profits,Ingen webbplats,2,,Eurometropole Strasbourg,"48,52829","7,73621"
Discoteca Qu4ttro,dance_club,http://www.discotecaquattro.com/,2,,Eurometropole Strasbourg,"48,4583519","7,734375"
Ditib Strasbourg,community_services_non_profits,https://www.ditibstrasbourg.fr/,2,,Eurometropole Strasbourg,"48,5892214","7,7111467"
DJ Anguelov enterprise,dj_service,https://linktr.ee/anguelov,2,,Eurometropole Strasbourg,"48,5871763","7,760507"
DKProject,landscaping,http://www.dkproject.fr/,2,,Eurometropole Strasbourg,"48,6260487","7,7269504"
Bibliothèque Municipale L'arbre à lire de Mundolsheim,library,https://bibliothequemundolsheim.opac-x.com/,,,Eurometropole Strasbourg,"48,642246","7,709394"
Bibliothèque nationale et universitaire - Bnu,library,https://linktr.ee/bnu_strasbourg,,,Eurometropole Strasbourg,"48,58726","7,75546"
Dooz Escape Game Strasbourg,arts_and_entertainment,http://www.doozescape.com/,2,,Eurometropole Strasbourg,"48,5906924","7,740476"
DOUBLE V,landscaping,https://www.double-v.fr/,2,piscin e,Eurometropole Strasbourg,"48,5780383","7,6253954"
Bibliothèque Pythagore,library,http://www.pythagore-asso.org/,,,Eurometropole Strasbourg,"48,5816052","7,7488992"
Downtown Studios,arts_and_entertainment,Ingen webbplats,2,,Eurometropole Strasbourg,"48,5894399","7,7826539"
Dratler Duthoit,architectural_designer,http://www.dratlerduthoit.com/,2,,Eurometropole Strasbourg,"48,5789374","7,7473629"
Drexler Pierre SARL,architectural_designer,http://www.drexler-architecte.com,2,,Eurometropole Strasbourg,"48,5620677","7,6947621"
Les bibliothèques de droit L'Alinéa et L'Escarpe - Université de Strasbourg,library,https://bu.unistra.fr/,,,Eurometropole Strasbourg,"48,5789656","7,7619881"
Médiathèque - Ludothèque de Reichstett,library,https://mediatheque.reichstett.fr/,,,Eurometropole Strasbourg,"48,6469867","7,7487232"
Dzemat Strasbourg,community_center,Ingen webbplats,2,,Eurometropole Strasbourg,"48,6094359","7,7631452"
E.R.A Ethique et Respect Animal,community_services_non_profits,http://www.assocera.com,2,,Eurometropole Strasbourg,"48,577952","7,757773"
Médiathèque André Malraux,library,http://www.mediatheques-cus.fr,,,Eurometropole Strasbourg,"48,5744133","7,7595261"
Eckbolsheim Basket Ball,community_services_non_profits,Ingen webbplats,2,,Eurometropole Strasbourg,"48,5822","7,74065"
Eckwersheim Marché de Noël,community_services_non_profits,https://www.eckwersheim.fr/,2,,Eurometropole Strasbourg,"48,681921","7,692447"
Médiathèque Eschau,library,http://mediatheque.eschau.fr/search.php?action=Accueil,,,Eurometropole Strasbourg,"48,486755","7,716693"
Eco Vestiaire - la recyclerie du sport,community_services_non_profits,https://www.facebook.com/profile.php?id=100081282640844#,2,,Eurometropole Strasbourg,"48,57372","7,75655"
Eco-Quartier Strasbourg,community_services_non_profits,http://www.ecoquartier-strasbourg.fr/,2,,Eurometropole Strasbourg,"48,571014","7,7561409"
Médiathèque Hangenbieten,library,http://hangenbieten.fr/services/mediatheque,,,Eurometropole Strasbourg,"48,5598093","7,6152591"
Médiathèque Hautepierre jeunes,library,Ingen webbplats,,,Eurometropole Strasbourg,"48,5935542","7,7023418"
Médiathèque Marceau-Holtzheim,library,http://mediatheque-holtzheim.fr/,,,Eurometropole Strasbourg,"48,55733","7,6432"
Médiathèque Meinau,library,http://www.mediatheques.strasbourg.eu,,,Eurometropole Strasbourg,"48,549037","7,7506538"
Médiathèque Mille et une Pages,library,https://opac-x-lampertheim.biblixnet.net/,,,Eurometropole Strasbourg,"48,6516975","7,6963933"
Médiathèque Neudorf,library,http://www.mediatheques.strasbourg.eu,,,Eurometropole Strasbourg,"48,5667934","7,7604505"
Mediatheque Ouest,library,https://www.mediatheques.strasbourg.eu,,,Eurometropole Strasbourg,"48,5623662","7,6916774"
Médiathèque protestante,library,http://mediathequeprotestante.fr/,,,Eurometropole Strasbourg,"48,5791096","7,7456165"
Médiathèque Robertsau,library,https://www.mediatheques.strasbourg.eu/medias/medias.aspx?INSTANCE=EXPLOITATION&PORTAL_ID=WBCT_WBCTDOC_153.xml&SYNCMENU=MEDROBERT,,,Eurometropole Strasbourg,"48,60288","7,78351"
Médiathèque Sud,library,http://www.mediatheques.strasbourg.eu,,,Eurometropole Strasbourg,"48,5292772","7,7079089"
Médiathèque Tomi Ungerer,library,http://mediatheque.vendenheim.fr/,,,Eurometropole Strasbourg,"48,6650804","7,7109879"
Mediatheque-Oberhausbergen,library,http://mediatheque.oberhausbergen.com/,,,Eurometropole Strasbourg,"48,6064937","7,6847136"
Belle épine paysagiste,landscaping,http://www.belle-epine-paysagiste.fr/,,,Eurometropole Strasbourg,"48,54023","7,69481"
Espaces Paysagers,landscaping,http://www.espaces-paysagers.fr/,,,Eurometropole Strasbourg,"48,551647","7,6725229"
Espaces verts,landscaping,http://espaces-verts.e-monsite.com/,,,Eurometropole Strasbourg,"48,5487599","7,7683433"
Freytag,landscaping,http://www.freytag-paysage.com/,,,Eurometropole Strasbourg,"48,6509616","7,8039602"
Edition OLDOR,art_gallery,https://goo.gl/maps/7caimShLFXQ2,2,,Eurometropole Strasbourg,"48,58616","7,74683"
Eglise Cmpe Strasbourg,community_services_non_profits,http://www.eglisecmpestrasbourg.com/,2,,Eurometropole Strasbourg,"48,55677","7,73733"
Thierry Muller Espace Vert,landscaping,https://tm-paysage.fr/,,,Eurometropole Strasbourg,"48,532467","7,6806994"
Emmaüs Mundo,community_services_non_profits,https://emmausmundo.com/,2,,Eurometropole Strasbourg,"48,630688","7,7739957"
"Enfants, Espoir Du Monde",community_services_non_profits,http://www.eedm.fr/,2,,Eurometropole Strasbourg,"48,5645832","7,7102484"
Aurélie Meyer Studio - Conteuse visuelle,graphic_designer,https://ameyer-studio.com/,,,Eurometropole Strasbourg,"48,5328443","7,7201747"
Entraide le relais,community_services_non_profits,http://www.entraide-relais.fr/,2,,Eurometropole Strasbourg,"48,5713629","7,7274834"
Envie Autonomie Alsace,community_services_non_profits,http://www.envieautonomie.org/67/,2,,Eurometropole Strasbourg,"48,537078","7,677513"
EPSL - Votre partenaire de jeu,landscaping,https://www.epsl.eu/,2,,Eurometropole Strasbourg,"48,5517692","7,6722354"
ESAT de la Ganzau ARSEA,community_services_non_profits,http://www.arsea.fr,2,,Eurometropole Strasbourg,"48,5341568","7,7608719"
ESF Research Conferences,community_services_non_profits,http://www.esf.org/serving-science/conferences.html,2,,Eurometropole Strasbourg,"48,58489","7,75466"
Esoteriqua librairie & boutique esoterique,bookstore,http://www.esoteriqua.fr/,2,,Eurometropole Strasbourg,"48,5752818","7,6851943"
Calligramme,graphic_designer,http://www.calligramme.net/,,,Eurometropole Strasbourg,"48,586719","7,7479747"
Espace Canin Geispolsheim,community_services_non_profits,Ingen webbplats,2,,Eurometropole Strasbourg,"48,5359001","7,68711"
Cercle Studio,graphic_designer,http://cerclestudio.com/Contact,,,Eurometropole Strasbourg,"48,5869585","7,7682051"
Espace Culture et Loisirs de la Fédération des Aveugles Grand Est,community_services_non_profits,https://www.aveugles-grand-est.fr/que-faisons-nous/sports-culture-et-loisirs/lespace-culture-et-loisirs,2,,Eurometropole Strasbourg,"48,57671","7,75198"
Digitium,graphic_designer,https://digitium-dev.digitium.fr/,,,Eurometropole Strasbourg,"48,5832309","7,7470357"
DM Design&Media,graphic_designer,https://www.dmdesignmedia.com/,,,Eurometropole Strasbourg,"48,5863288","7,7431944"
Espace de Vie Sociale AFL Lipsheim,community_services_non_profits,http://afllipsheim.fr/,2,,Eurometropole Strasbourg,"48,4896805","7,6632911"
"Horstaxe, design graphique",graphic_designer,http://www.horstaxe.fr/,,,Eurometropole Strasbourg,"48,5791646","7,760308"
"Ipiapia - Graphiste freelance, illustratrice",graphic_designer,http://www.ipiapia.fr/,,,Eurometropole Strasbourg,"48,61417","7,78905"
Espace Jean KLEIN,arts_and_entertainment,Ingen webbplats,2,,Eurometropole Strasbourg,"48,6626191","7,8317378"
Espace Jeunes Entzheim,community_services_non_profits,http://www.fdmjc-alsace.fr/,2,,Eurometropole Strasbourg,"48,535509","7,635689"
Espace Jeunes Oberhausbergen / FDMJC,arts_and_entertainment,http://www.oberhausbergen.com/fr/Espace-jeunes-209.html,2,,Eurometropole Strasbourg,"48,606879","7,68626"
NHimages - Images d'architecture,graphic_designer,http://www.nhimages.fr/,,,Eurometropole Strasbourg,"48,5907058","7,7480905"
Espace l'Art en Contre,arts_and_entertainment,Ingen webbplats,2,,Eurometropole Strasbourg,"48,58106","7,77645"
Poulpe,graphic_designer,https://www.tipeee.com/superpoulpe,,,Eurometropole Strasbourg,"48,5806565","7,7585868"
Espace Marcelle CAHN,music_venue,Ingen webbplats,2,,Eurometropole Strasbourg,"48,5857264","7,6920173"
Espaces Dialogues,community_services_non_profits,http://www.espacesdialogues.org/,2,,Eurometropole Strasbourg,"48,578973","7,754127"
Quentin Dossmann,graphic_designer,http://www.quentindossmann.com/,,,Eurometropole Strasbourg,"48,54692","7,62077"
Rubyllenium,graphic_designer,http://rubyllenium.fr/,,,Eurometropole Strasbourg,"48,6220871","7,7684019"
Espoir en Terre d'Afrique,community_services_non_profits,https://www.association-espoir-en-terre-d-afrique.org/,2,,Eurometropole Strasbourg,"48,576248","7,771448"
Studio - Jean Muller,graphic_designer,https://studio-jeanmuller.fr/,,,Eurometropole Strasbourg,"48,55664","7,74482"
Essahb  Handball,community_services_non_profits,http://www.essahb.com/,2,,Eurometropole Strasbourg,"48,61796","7,78924"
Establissements Videocommunication,broadcasting_media_production,http://www.evc.net,2,,Eurometropole Strasbourg,"48,648709","7,721893"
Vois là,graphic_designer,https://voisla.fr/fr/,,,Eurometropole Strasbourg,"48,5453","7,76645"
Etudeplus Strasbourg,community_services_non_profits,http://www.etudeplus.com/,2,,Eurometropole Strasbourg,"48,587571","7,746008"
EUBA France,community_services_non_profits,http://www.euba.org/,2,,Eurometropole Strasbourg,"48,5524663","7,7336388"
Euro Knife Show - EKS,community_services_non_profits,http://www.euroknifeshow.com/,2,,Eurometropole Strasbourg,"48,59587","7,75806"
Europe Direct Strasbourg,community_services_non_profits,http://www.strasbourg-europe.eu/,2,,Eurometropole Strasbourg,"48,59675","7,77766"
European Audiovisual Observatory - Observatoire européen de l'audiovisuel,mass_media,http://www.obs.coe.int/,2,,Eurometropole Strasbourg,"48,5918507","7,769761"
European Science Foundation,community_services_non_profits,http://www.esf.org/,2,,Eurometropole Strasbourg,"48,584901","7,7545751"
EuroScience,community_services_non_profits,http://www.euroscience.org/,2,,Eurometropole Strasbourg,"48,584745","7,754737"
Fête de la Bière de Schiltigheim,festival,http://oscal.fr/,,,Eurometropole Strasbourg,"48,6046691","7,7482729"
EXPO Toutankhamon Strasbourg,history_museum,http://expo-toutankhamon.com/,2,,Eurometropole Strasbourg,"48,5962942","7,752142"
INACT Festival des arts mutants,festival,http://www.inact.fr/,,,Eurometropole Strasbourg,"48,57822","7,72833"
FCPE Illkirch-Graffenstaden,community_services_non_profits,http://www.fcpe67.fr/,2,,Eurometropole Strasbourg,"48,52712","7,70982"
Autourdutissu,fashion,http://www.autourdutissu.com/,,,Eurometropole Strasbourg,"48,5850508","7,7365639"
Fédération Boulangers 67,community_services_non_profits,https://boulangers-de-demain.fr/,2,,Eurometropole Strasbourg,"48,611249","7,7193658"
Fédération Club Vosgien,community_services_non_profits,http://www.club-vosgien.com/,2,,Eurometropole Strasbourg,"48,5891037","7,742035"
Fédération de Charité Caritas Alsace,community_services_non_profits,http://www.federation-de-charite.org/,2,,Eurometropole Strasbourg,"48,58885","7,74871"
Fédération des centres socioculturels du Bas Rhin,community_services_non_profits,http://basrhin.centres-sociaux.fr/,2,,Eurometropole Strasbourg,"48,5788898","7,7540696"
Fédération des MJC d'Alsace,community_services_non_profits,https://fdmjc-alsace.fr/,2,,Eurometropole Strasbourg,"48,5144136","7,643791"
Fédération des Patrons Boulangers du Bas-Rhin,community_services_non_profits,Ingen webbplats,2,,Eurometropole Strasbourg,"48,579005","7,746837"
Fédération des sociétés d'histoire et d'archéologie d'Alsace,community_services_non_profits,http://www.alsace-histoire.org/,2,,Eurometropole Strasbourg,"48,5786345","7,7718455"
Fédération des Supporters du Racing Club de Strasbourg,community_services_non_profits,Ingen webbplats,2,,Eurometropole Strasbourg,"48,5591767","7,746252"
Fédération du Bas-Rhin pour la Pêche,community_services_non_profits,http://www.peche67.fr/,2,,Eurometropole Strasbourg,"48,604673","7,643555"
Fédi'Centre - CAS Vendenheim,community_services_non_profits,http://vendenheim.fr/culture-loisirs/culture/centre-socio-culturel/,2,,Eurometropole Strasbourg,"48,6652999","7,7107532"
Couture onirique création,fashion,http://creationonirique.fr/,,,Eurometropole Strasbourg,"48,58123","7,73285"
FFSS 67 - Robertsau,community_services_non_profits,https://www.facebook.com/profile.php?id=100088717968884,2,,Eurometropole Strasbourg,"48,6202517","7,7741098"
FFVélo Cyclotourisme Alsace,community_services_non_profits,https://www.ffvelo-alsace.fr/,2,,Eurometropole Strasbourg,"48,577063","7,703888"
La Cabane du Cuir,fashion,https://www.la-cabane-du-cuir.com/,,,Eurometropole Strasbourg,"48,6532166","7,7264634"
Aura Services,dj_service,http://www.aura-services.fr/,,,Eurometropole Strasbourg,"48,5606627","7,7374029"
Flamenco Passion,cultural_center,http://www.flamencopassion-strasbourg.fr,2,fermé,Eurometropole Strasbourg,"48,576776","7,752429"
Flavours,museum,http://flavours.jouwweb.nl/,2,Straatburg (49),Eurometropole Strasbourg,"48,5789211","7,7185822"
Florine Burger Architecte,architectural_designer,http://www.florine-burger.fr/,2,,Eurometropole Strasbourg,"48,5828415","7,7511132"
Fmh Du Bas-Rhin,community_services_non_profits,http://fmh67100.free.fr/,2,,Eurometropole Strasbourg,"48,5463499","7,76946"
FO COM - La Poste Bas-Rhin,community_services_non_profits,http://www.focom-laposte.fr/,2,,Eurometropole Strasbourg,"48,5675288","7,7674883"
Fondation d'entreprise Grand Est Automobiles,community_services_non_profits,https://fondation.grand-est-automobiles.fr/,2,,Eurometropole Strasbourg,"48,612908","7,709509"
Stras Dj Events,dj_service,http://www.strasdjevents.fr/,,,Eurometropole Strasbourg,"48,6136447","7,7426614"
Fondation Terra Symbiosis,community_services_non_profits,http://www.terra-symbiosis.org/,2,,Eurometropole Strasbourg,"48,5841465","7,7539281"
Fondation Université de Strasbourg - Hôpitaux Universitaires de Strasbourg,community_services_non_profits,http://fondation.unistra.fr/,2,,Eurometropole Strasbourg,"48,5748229","7,7483872"
Fondation Vincent de Paul,community_services_non_profits,http://www.fvdp.org/,2,,Eurometropole Strasbourg,"48,5871453","7,7442115"
Fonds de dotation KS groupe,community_services_non_profits,Ingen webbplats,2,,Eurometropole Strasbourg,"48,63021","7,77299"
1991 Dance,dance_school,http://www.sensationslinedance.com/,,,Eurometropole Strasbourg,"48,5885905","7,7788796"
Académie de danse Daniela Gihr,dance_school,http://academie-daniela-gihr.fr/,,,Eurometropole Strasbourg,"48,5558975","7,740997"
Fort Kléber,attractions_and_activities,http://www.wolfisheim.fr/decouvrir/parc-fort-kleber.htm,2,,Eurometropole Strasbourg,"48,58956","7,6629458"
𝑩𝒂𝒄𝒉𝒂𝒕𝒂 𝑩𝒂𝒊𝒍𝒂𝒏'𝒚'𝒄𝒐,dance_school,https://www.danse-bachata-strasbourg.fr/,,,Eurometropole Strasbourg,"48,5590309","7,6953051"
FOS Strasbourg Europe,community_services_non_profits,https://www.fos-strasbourg.eu/Accueil/,2,,Eurometropole Strasbourg,"48,58644","7,74953"
Bachata Club Strasbourg,dance_school,https://www.bachataclubstrasbourg.fr/,,,Eurometropole Strasbourg,"48,5781639","7,7704498"
Foyer Club du 3eme Age Robertsau Centr,community_services_non_profits,Ingen webbplats,2,,Eurometropole Strasbourg,"48,60373","7,78196"
Foyer Protestant de Graffenstaden,community_services_non_profits,https://www.paroisse-de-graffenstaden.com/le-foyer,2,,Eurometropole Strasbourg,"48,5192545","7,7113204"
FPI - Fédération des Promoteurs Immobiliers Grand Est,community_services_non_profits,http://www.fpi-grandest.fr/,2,,Eurometropole Strasbourg,"48,5829499","7,7477"
Fraises Libre Service Entzheim,attractions_and_activities,Ingen webbplats,2,,Eurometropole Strasbourg,"48,522306","7,623937"
Bachata Fusion Strasbourg,dance_school,http://www.bachatafusionstrasbourg.fr/,,,Eurometropole Strasbourg,"48,5495307","7,7508448"
France AVC 67,community_services_non_profits,http://www.franceavc.com/,2,,Eurometropole Strasbourg,"48,5374686","7,7226994"
France Bénévolat 67,community_services_non_profits,http://www.bas-rhin.francebenevolat.org/,2,,Eurometropole Strasbourg,"48,5788823","7,7540654"
Franco Forte,community_services_non_profits,https://assofrancoforte.wixsite.com/francoforte,2,,Eurometropole Strasbourg,"48,5652999","7,7725974"
Centre Inter Danse,dance_school,http://danse-strasbourg.eu/,,,Eurometropole Strasbourg,"48,5824521","7,7443639"
Chorochronos / Χοροχρόνος,dance_school,http://www.chorochronos.fr/,,,Eurometropole Strasbourg,"48,5814338","7,7508545"
Fresco,art_school,Ingen webbplats,2,,Eurometropole Strasbourg,"48,58138","7,7738"
Club de danse d'Eschau,dance_school,https://www.eschaudanse.fr/,,,Eurometropole Strasbourg,"48,4861468","7,7213287"
FUB,community_services_non_profits,http://www.fub.fr/,2,,Eurometropole Strasbourg,"48,58931","7,74777"
"Gaëlle Catsu : carterie, décos",arts_and_crafts,https://linktr.ee/gaellecatsu,2,,Eurometropole Strasbourg,"48,58542","7,55652"
Club Latino Strasbourg Kehl,dance_school,https://www.bachataclubstrasbourg.fr/,,,Eurometropole Strasbourg,"48,5845978","7,7424265"
Club moderne de danses,dance_school,http://www.club-moderne-danse.fr/,,,Eurometropole Strasbourg,"48,6086881","7,7347795"
Dance Swing Club Niederhausbergen ,dance_school,http://www.danceswingclub.fr/,,,Eurometropole Strasbourg,"48,6231703","7,7007197"
Galerie Aktuaryus,art_gallery,Ingen webbplats,2,,Eurometropole Strasbourg,"48,5850766","7,7479218"
Ecole de Danse Alfred Adam,dance_school,Ingen webbplats,,,Eurometropole Strasbourg,"48,57634","7,7551"
Ecole de Danse Atterdicter,dance_school,https://slortal.wixsite.com/my-site-5,,,Eurometropole Strasbourg,"48,57736","7,73506"
Ecole de danse Cécile Adamow,dance_school,https://www.ecolececileadamow.fr/,,,Eurometropole Strasbourg,"48,6408165","7,7881593"
"Galerie d'art ""La Passerelle""",art_gallery,http://www.galerielapasserelle.fr/,2,,Eurometropole Strasbourg,"48,59738","7,7753"
El Palo Flamenco,dance_school,http://www.elpalo-flamenco.fr/,,,Eurometropole Strasbourg,"48,6037608","7,747031"
Galerie dessinée,art_gallery,Ingen webbplats,2,,Eurometropole Strasbourg,"48,5956044","7,7222038"
Espace Epine 11,dance_school,http://www.espaceepine11.fr/,,,Eurometropole Strasbourg,"48,58066","7,74791"
Étirements Dansés,dance_school,https://nathaliegutter.wixsite.com/etirements-danses/blog,,,Eurometropole Strasbourg,"48,5728322","7,7169801"
Kalāstānam,dance_school,https://kalastanam.com/,,,Eurometropole Strasbourg,"48,5807206","7,7478376"
kwi-ka,dance_school,http://www.kwika67.com/,,,Eurometropole Strasbourg,"48,57939","7,75522"
Galerie No Smoking,art_gallery,http://www.galerie-nosmoking.com/,2,,Eurometropole Strasbourg,"48,585553","7,7377547"
Les Ateliers du Mvet,dance_school,https://www.facebook.com/p/Les-Ateliers-du-Mvet-100083381138732/,,,Eurometropole Strasbourg,"48,5290277","7,711131"
Momentum - Pole Dance & Yoga Studio,dance_school,https://studio-momentum.fr/,,,Eurometropole Strasbourg,"48,5849932","7,7441496"
Pole Dance Strasbourg,dance_school,https://www.poledancealsace.com/,,,Eurometropole Strasbourg,"48,560096","7,7453899"
Sauce Cubaine,dance_school,http://www.saucecubaine.fr/,,,Eurometropole Strasbourg,"48,5828382","7,7423423"
Strass Dancers,dance_school,http://strassdancers.wixsite.com/danseenligne,,,Eurometropole Strasbourg,"48,5846112","7,6497549"
"Studio ""Horus""",dance_school,https://www.bellydance-passion.fr/location-de-salle,,,Eurometropole Strasbourg,"48,57853","7,77093"
Studio116,dance_school,http://studio116.net/,,,Eurometropole Strasbourg,"48,555904","7,7410047"
Transcendum ,dance_school,http://www.transcendum.fr/,,,Eurometropole Strasbourg,"48,5896424","7,7406476"
Urban KiZs'CooL,dance_school,http://urban-kiz.blogspot.com/,,,Eurometropole Strasbourg,"48,5726606","7,7174292"
Gazonnières d'Alsace,landscaping,https://www.alsacegazon.com/,2,,Eurometropole Strasbourg,"48,531662","7,634917"
"Gé-P-To, Géosciences Pour Tous",community_services_non_profits,http://ge-p-to.unistra.fr/,2,,Eurometropole Strasbourg,"48,5835","7,76273"
Vertical Academy - Pole & Dance Studio Strasbourg,dance_school,http://www.vertical-academy.fr/,,,Eurometropole Strasbourg,"48,5794331","7,7520692"
GEPMA Groupe d'Etude et de Protection des Mammifères d'Alsace,community_services_non_profits,http://gepma.org/,2,,Eurometropole Strasbourg,"48,5908623","7,7398532"
Gescod,community_services_non_profits,https://www.gescod.org/,2,,Eurometropole Strasbourg,"48,5766535","7,7707563"
GIHP Alsace,community_services_non_profits,https://www.gihp-alsace.org/,2,,Eurometropole Strasbourg,"48,5620426","7,7397712"
Gilles Kempf Architecte,architectural_designer,http://www.kempf-architecte.com/,2,,Eurometropole Strasbourg,"48,5759328","7,7327319"
Zumba Alsace Beoneema Europe-Afrique,dance_school,http://sabakbeoneemadanse.com/,,,Eurometropole Strasbourg,"48,58164","7,71695"
GKG Architectures,architectural_designer,http://www.gilch-kalk-gilch.fr,2,,Eurometropole Strasbourg,"48,6033638","7,6804871"
Gnose et Hermétisme,community_services_non_profits,http://www.gnose-science-hermetisme.org/,2,,Eurometropole Strasbourg,"48,579016","7,746931"
Канатица Страсбург - Kanatitsa Strasbourg ,dance_school,https://www.facebook.com/p/%D0%9A%D0%B0%D0%BD%D0%B0%D1%82%D0%B8%D1%86%D0%B0-%D0%A1%D1%82%D1%80%D0%B0%D1%81%D0%B1%D1%83%D1%80%D0%B3-Kanatitsa-Strasbourg-61559733312597/,,,Eurometropole Strasbourg,"48,56125","7,74158"
Les Francas,community_services_non_profits,https://www.francas-alsace.eu/,2,,Eurometropole Strasbourg,"48,56209","7,69668"
Grand Amphi,auditorium,Ingen webbplats,2,,Eurometropole Strasbourg,"48,577909","7,739373"
Grandir dignement,community_services_non_profits,https://www.grandirdignement.org/,2,,Eurometropole Strasbourg,"48,5545214","7,6937892"
Kalt,dance_club,http://www.k-alt.com/,,,Eurometropole Strasbourg,"48,5609056","7,7448889"
Groupe SGDF Prosper Remmy - 11ème Strasbourg Meinau,community_services_non_profits,http://blogs.sgdf.fr/scouts11ememeinauprosperremmy/,2,,Eurometropole Strasbourg,"48,5540904","7,7466988"
La Salamandre Strasbourg,dance_club,https://www.lasalamandreclub.com/reservation,,,Eurometropole Strasbourg,"48,580434","7,7601228"
GV 33 Strasbourg,community_services_non_profits,http://www.sport-sante.fr/ou-pratiquer/club/gv-33-strasbourg/F96DEB1C-E1DF-E111-9CE3-000C298375E7/,2,,Eurometropole Strasbourg,"48,5848885","7,69203"
Gymnase Alumni - Les anciens élèves et amis du Gymnase Jean Sturm,community_services_non_profits,http://www.gymnase-alumni.fr/,2,,Eurometropole Strasbourg,"48,5839463","7,7483439"
Gymnase du Marais,arts_and_entertainment,http://www.ville-schiltigheim.fr/dynamique/les-gymnases,2,,Eurometropole Strasbourg,"48,61048","7,76677"
H2o recording studio,studio_taping,https://www.pagesjaunes.fr/pros/55854797,2,ne semble plus ouvert,Eurometropole Strasbourg,"48,64128","7,7884321"
Hall des Chars,theatre,http://www.halldeschars.eu,2,,Eurometropole Strasbourg,"48,5765535","7,7297183"
Halles Occaz Strasbourg- Ex shopping Promenade,bookstore,https://farfafouilles.carrd.co/,2,,Eurometropole Strasbourg,"48,64177","7,75496"
Hardstyle Café,radio_station,http://www.letsgozik.org,2,,Eurometropole Strasbourg,"48,6602989","7,7255044"
Haute école des arts du Rhin,music_school,http://www.hear.fr/,2,doublon,Eurometropole Strasbourg,"48,57414","7,7559"
Le Rafiot,dance_club,http://www.rafiot.net/,,,Eurometropole Strasbourg,"48,5835613","7,7580845"
Hentschel Kubler Architectes,architectural_designer,http://www.chhk.fr/,2,,Eurometropole Strasbourg,"48,5858919","7,7459313"
Heroes Luminary ,cinema,https://globalcomix.com/c/blackangel/chapters/fr/1/1?utm_medium=email&utm_source=Sharer&utm_campaign=blackangel&utm_term=GCRID_93931,2,,Eurometropole Strasbourg,"48,5832997","7,75"
Mezzanine Club,dance_club,http://www.mezzanineclub.fr/,,,Eurometropole Strasbourg,"48,577968","7,770772"
Mood Club,dance_club,http://www.moodclub.fr,,,Eurometropole Strasbourg,"48,6609089","7,726913"
Hotel de Ville,theatre,Ingen webbplats,2,,Eurometropole Strasbourg,"48,62124","7,75568"
Next Club,dance_club,http://www.nextclub.fr/,,,Eurometropole Strasbourg,"48,5796204","7,7429474"
Huber et Fils,landscaping,http://www.huber-fils-paysagiste.fr/,2,Trop Hors sujet: rien de culturel,Eurometropole Strasbourg,"48,5853124","7,6525789"
Human Frontier Science Program (HFSP),community_services_non_profits,http://www.hfsp.org/,2,,Eurometropole Strasbourg,"48,5839535","7,7394404"
icam.our,community_services_non_profits,https://ecam-strasbourg.eu/ecamour-un-club-humanitaire-au-grand-coeur/,2,,Eurometropole Strasbourg,"48,60916","7,70531"
R Club Strasbourg,dance_club,http://www.r-club.fr/,,,Eurometropole Strasbourg,"48,5857083","7,7426899"
Imaginalsace,design_museum,http://www.marque.alsace/,2,,Eurometropole Strasbourg,"48,5850806","7,7365616"
Reserve 1862,dance_club,http://www.reserve1862.fr/,,,Eurometropole Strasbourg,"48,580525","7,7488273"
Studio Saglio,dance_club,https://soundcloud.com/lestudiosaglio,,,Eurometropole Strasbourg,"48,5571888","7,7383884"
IMRG Strasbourg,community_services_non_profits,Ingen webbplats,2,,Eurometropole Strasbourg,"48,5867099","7,68737"
In Fine Studio d'Architecture,architectural_designer,https://www.reellearchitecture.fr/,2,,Eurometropole Strasbourg,"48,5772467","7,7313702"
Alevi Kultur Merkezi Strasbourg,cultural_center,http://www.aleviten-bad-salzuflen.de/,,,Eurometropole Strasbourg,"48,5538219","7,7373673"
Association Culturelle Rue du Bouclier As,cultural_center,https://www.lebouclier.fr/,,,Eurometropole Strasbourg,"48,580858","7,74403"
Indoor Santé,community_services_non_profits,http://www.indoor-sante.fr/,2,,Eurometropole Strasbourg,"48,5897478","7,7649381"
Initiative Strasbourg,community_services_non_profits,http://www.initiative-strasbourg.eu/,2,,Eurometropole Strasbourg,"48,6122089","7,7061589"
Centre Créatif Les Bateliers,cultural_center,http://www.lesbateliers.com/,,,Eurometropole Strasbourg,"48,581932","7,7572391"
Institut Buhara,community_services_non_profits,Ingen webbplats,2,,Eurometropole Strasbourg,"48,5561368","7,7422683"
Centre culturel,cultural_center,https://www.mundolsheim.fr/sport-et-culture/structures-culturelles/centre-culturel,,,Eurometropole Strasbourg,"48,6414163","7,7152313"
Institut du Droit Local Alsacien-Mosellan,library,https://idl-am.org/,2,,Eurometropole Strasbourg,"48,5835261","7,7524792"
Institut International des Droits de l'Homme,community_services_non_profits,http://www.iidh.org,2,,Eurometropole Strasbourg,"48,599127","7,775783"
INTERMEDE,community_services_non_profits,Ingen webbplats,2,,Eurometropole Strasbourg,"48,5770446","7,7773473"
International Vaccination Center,community_services_non_profits,Ingen webbplats,2,,Eurometropole Strasbourg,"48,576465","7,7462243"
Inver Galerie,art_gallery,http://www.invergalerie.com/,2,,Eurometropole Strasbourg,"48,5820998","7,7566196"
Centre Culturel Alsacien / Elsässisches Kulturzentrum,cultural_center,http://www.centre-culturel-alsacien.eu/,,,Eurometropole Strasbourg,"48,58397","7,76002"
IPLS - Institut pour la promotion du lien social,community_services_non_profits,http://ipls.unistra.fr/,2,,Eurometropole Strasbourg,"48,6046418","7,7119151"
Centre Culturel de la Ville D'Illkirch-Graffenstaden,cultural_center,http://www.illiade.com/accueil.php,,,Eurometropole Strasbourg,"48,5867","7,69687"
Centre Culturel de Neudorf,cultural_center,http://www.cscneudorf.org,,,Eurometropole Strasbourg,"48,5648504","7,7709191"
Centre Culturel et Sportif,cultural_center,http://centre-sportif-et-culturel-eschau-fr.placestars.com/,,,Eurometropole Strasbourg,"48,4860474","7,7214624"
ITI NeuroStra,community_services_non_profits,https://neurostra.unistra.fr/,2,,Eurometropole Strasbourg,"48,57976","7,76784"
Iut Dpt Info Communication,community_services_non_profits,Ingen webbplats,2,,Eurometropole Strasbourg,"48,57257","7,79433"
Centre culturel S'planade,cultural_center,https://www.ares-actif.fr/,,,Eurometropole Strasbourg,"48,57982","7,77306"
Jalmalv Strasbourg,community_services_non_profits,http://www.jalmalv-strasbourg.fr/,2,,Eurometropole Strasbourg,"48,5821401","7,735132"
Centre Hudayi,cultural_center,http://www.hudayi.fr/,,,Eurometropole Strasbourg,"48,5545086","7,7396568"
Jardin d'Or,landscaping,http://www.jardindor.fr,2,,Eurometropole Strasbourg,"48,5367943","7,6425892"
Espace Culturel de Vendenheim - Le Diapason,cultural_center,https://vendenheim.fr/culture-loisirs/culture/espace-culturel,,,Eurometropole Strasbourg,"48,6652029","7,7106333"
Espace Européen Gutenberg,cultural_center,http://www.espace-gutenberg.fr/,,,Eurometropole Strasbourg,"48,5834953","7,7524803"
Jardin Gothique du Musée de l'Ouvre,museum,http://www.musees-strasbourg.org/index.php?page=musee-ond-en,2,,Eurometropole Strasbourg,"48,5811","7,75129"
Jardins de Gally,landscaping,http://www.horizonvert.fr,2,,Eurometropole Strasbourg,"48,6017127","7,7813714"
Jardins familiaux de Vendenheim,attractions_and_activities,Ingen webbplats,2,,Eurometropole Strasbourg,"48,6428033","7,7241892"
Jardins Familiaux Mundolsheim,community_services_non_profits,Ingen webbplats,2,,Eurometropole Strasbourg,"48,64129","7,70848"
Kaleidoscoop,cultural_center,http://www.kaleidos.coop/,,,Eurometropole Strasbourg,"48,5744532","7,7883091"
L'Albatros - Centre social et culturel de Lingolsheim,cultural_center,http://albatros.centres-sociaux.fr/,,,Eurometropole Strasbourg,"48,5549487","7,6923143"
Ma Cabane à sons,cultural_center,https://www.facebook.com/profile.php?id=61553402280841#,,,Eurometropole Strasbourg,"48,6041601","7,7696679"
Jérôme Vetter & Associés,architectural_designer,http://www.architectes-pour-tous.fr/architectes-pour-tous/jerome-vetter-associes,2,,Eurometropole Strasbourg,"48,5859856","7,7482086"
Jeunactio Grandest,community_services_non_profits,http://www.jeunactio.fr/,2,,Eurometropole Strasbourg,"48,5624013","7,6947226"
Jeunes Agriculteurs du Bas-Rhin,community_services_non_profits,http://www.ja67.fr/,2,,Eurometropole Strasbourg,"48,6091665","7,7113346"
Jeunes d'Impact - ICC Strasbourg,community_center,Ingen webbplats,2,,Eurometropole Strasbourg,"48,55619","7,7406"
Maison Citoyenne Strasbourg,cultural_center,http://maison-citoyenne.org/,,,Eurometropole Strasbourg,"48,5708054","7,7528878"
Psalmodia Strasbourg,cultural_center,http://www.psalmodia-strasbourg.com/,,,Eurometropole Strasbourg,"48,519147","7,711366"
Syndicat Potentiel Strasbourg,cultural_center,https://linktr.ee/syndicatpotentiel,,,Eurometropole Strasbourg,"48,5658411","7,7524545"
Judo Netsujo Neudorf,community_services_non_profits,http://www.judo-netsujo.fr/,2,,Eurometropole Strasbourg,"48,567823","7,7698599"
Le Générateur - Boutique de Créateurs,craft_shop,https://www.generateur-strasbourg.fr/,,,Eurometropole Strasbourg,"48,5800755","7,7534111"
K&+ Architecture Globale,architectural_designer,http://www.ketplus.fr/,2,,Eurometropole Strasbourg,"48,5606054","7,7382385"
accro,community_services_non_profits,http://www.accro-grandest.fr/,,,Eurometropole Strasbourg,"48,58177","7,76123"
ACMMV,community_services_non_profits,http://acmmv.free.fr/,,,Eurometropole Strasbourg,"48,5683914","7,7120986"
Adiam Bas-Rhin,community_services_non_profits,http://adiam67.com/,,,Eurometropole Strasbourg,"48,5884875","7,7532055"
Kammerer Christian,landscaping,Ingen webbplats,2,,Eurometropole Strasbourg,"48,517328","7,671507"
AERIA La Résistance des Alsaciens,community_services_non_profits,http://aeria-laresistancedesalsaciens.fr/,,,Eurometropole Strasbourg,"48,5778272","7,6928001"
Katzimini,architectural_designer,https://www.katzimini.fr/,2,,Eurometropole Strasbourg,"48,5846944","7,7477092"
Kidipot,community_services_non_profits,Ingen webbplats,2,,Eurometropole Strasbourg,"48,57871","7,77525"
Agate Neuhof,community_services_non_profits,Ingen webbplats,,,Eurometropole Strasbourg,"48,5486807","7,7665709"
Kiwanis Club Illkirch-Graffenstaden,community_services_non_profits,http://www.kiwanis.fr/,2,,Eurometropole Strasbourg,"48,528902","7,707208"
KKL Strasbourg Alsace,community_services_non_profits,http://kklstrasbourg.fr/,2,,Eurometropole Strasbourg,"48,5911508","7,7575884"
Koch Graphes,architectural_designer,http://www.ketg.eu/,2,,Eurometropole Strasbourg,"48,614607","7,734623"
Kodiko Strasbourg,community_services_non_profits,https://www.kodiko.fr/,2,,Eurometropole Strasbourg,"48,5916318","7,7242051"
Komitas,community_services_non_profits,Ingen webbplats,2,,Eurometropole Strasbourg,"48,62071","7,79625"
Kraemer Gallery,art_gallery,Ingen webbplats,2,,Eurometropole Strasbourg,"48,5824168","7,7466547"
Krav Maga Leo Lagrange Schiltigheim Bischheim,community_services_non_profits,http://jacquyk.free.fr/,2,,Eurometropole Strasbourg,"48,6013","7,7454"
Kurtz Gérard,architectural_designer,https://www.expertises-batiments-basrhin.fr/,2,,Eurometropole Strasbourg,"48,631828","7,748932"
Agence d'Urbanisme de Strasbourg Rhin supérieur,community_services_non_profits,https://www.adeus.org/,,,Eurometropole Strasbourg,"48,5844688","7,7508798"
Alsace Digitale,community_services_non_profits,http://www.alsacedigitale.org/,,,Eurometropole Strasbourg,"48,57655","7,75504"
L' Etoile Noire,community_services_non_profits,Ingen webbplats,2,,Eurometropole Strasbourg,"48,59651","7,72312"
"L’Agence du climat, le guichet des solutions",community_services_non_profits,https://agenceduclimat-strasbourg.eu/,2,,Eurometropole Strasbourg,"48,5858919","7,7635947"
Alsace Mouvement associatif,community_services_non_profits,http://www.alsacemouvementassociatif.org/,,,Eurometropole Strasbourg,"48,5789199","7,75415"
AREM - Association des Résidents Étoile-Malraux,community_services_non_profits,http://www.assoc-etoile-malraux.fr/,,,Eurometropole Strasbourg,"48,5735531","7,760114"
L'Appartement pédagogique Face'ile à vivre - Strasbourg,community_services_non_profits,https://www.appartement-pedagogique.face-alsace.org/faceilevivre/,2,,Eurometropole Strasbourg,"48,5874949","7,7424108"
Association Alsa' Kreyol,community_services_non_profits,https://www.facebook.com/ALSAKREYOL/ ,,,Eurometropole Strasbourg,"48,58812","7,69644"
Association AMI,community_services_non_profits,https://linktr.ee/associationami,,,Eurometropole Strasbourg,"48,5900355","7,7065875"
Association de la Rue du Jeu des Enfants,community_services_non_profits,http://www.cfdu.org/,,,Eurometropole Strasbourg,"48,5835773","7,7421212"
Association Des Sénégalais de Strasbourg - Grand-Est,community_services_non_profits,https://chat.whatsapp.com/L391GcBv8mLHcCC9FdlqJO,,,Eurometropole Strasbourg,"48,57892","7,75415"
Association Kakemono,community_services_non_profits,https://kakemonoevents.com/,,,Eurometropole Strasbourg,"48,5226394","7,7179975"
Association Libère ton Potentiel,community_services_non_profits,http://www.liberetonpotentiel.com/,,,Eurometropole Strasbourg,"48,5591264","7,7464145"
Association PAR ENchantement,community_services_non_profits,http://www.parenchantement.org/,,,Eurometropole Strasbourg,"48,5844044","7,7183702"
L'Atelier Tchungle,arts_and_crafts,https://tchungle.com/pages/l-atelier-tchungle,2,,Eurometropole Strasbourg,"48,5775188","7,7333079"
BOMA - Les BOnnes MAtières,community_services_non_profits,https://linktr.ee/bomalesbonnesmatieres,,,Eurometropole Strasbourg,"48,5846081","7,7385878"
Bouddhisme Strasbourg,community_services_non_profits,http://www.zen-strasbourg.org/,,,Eurometropole Strasbourg,"48,59078","7,74061"
L'Entrepôt,art_gallery,Ingen webbplats,2,fermé,Eurometropole Strasbourg,"48,51049","7,69885"
L'Essor,community_services_non_profits,https://www.reseau-gesat.com/Gesat/Bas-Rhin-67/Strasbourg-27350/esat-l-essor-getp67-e1308/,2,,Eurometropole Strasbourg,"48,5549808","7,7691847"
Burstscratch,community_services_non_profits,https://vimeo.com/burstscratchateliers,,,Eurometropole Strasbourg,"48,5416711","7,7700847"
L'Éveil Meinau,community_services_non_profits,http://eveil-meinau.org/,2,,Eurometropole Strasbourg,"48,5440606","7,7540692"
Campus Vert Strasbourg,community_services_non_profits,http://www.campusvertstrasbourg.org/,,,Eurometropole Strasbourg,"48,582942","7,7648234"
Central Vapeur,community_services_non_profits,http://centralvapeur.org/adherer-a-central-vapeur/,,,Eurometropole Strasbourg,"48,5763344","7,7879116"
Cercle Richard Wagner Strasbourg,community_services_non_profits,http://cercle-richard-wagner.fr/,,,Eurometropole Strasbourg,"48,5880314","7,7498075"
Chama - Lusófonos & Estudantes lusófonos de Strasbourg,community_services_non_profits,http://chama.u-strasbg.fr/,,,Eurometropole Strasbourg,"48,5788711","7,765309"
CIL - Confédération Interprofessionnelle du Livre,community_services_non_profits,https://livrest.fr/,,,Eurometropole Strasbourg,"48,5911102","7,7241502"
Clefs des Arts & de Pierre,community_services_non_profits,http://www.saintpierrelejeune.org/l-Association-culturelle-de-la-paroisse-protestante-Saint-Pierre-le-Jeune_a319.html,,,Eurometropole Strasbourg,"48,5863539","7,7469567"
La boite à livres de Neudorf.,ommunity book boxes,Ingen webbplats,2,,Eurometropole Strasbourg,"48,5698395","7,7523398"
La Boule Bruchoise,community_services_non_profits,Ingen webbplats,2,,Eurometropole Strasbourg,"48,5541506","7,6808756"
Collectif Horizome,community_services_non_profits,http://www.horizome.org/,,,Eurometropole Strasbourg,"48,5956571","7,6987799"
"Conseil d'Architecture, d'Urbanisme et de l'Environnement d’Alsace",community_services_non_profits,https://www.caue-alsace.com/,,,Eurometropole Strasbourg,"48,5833965","7,7429128"
Culture et Bilinguisme d'Alsace et de Moselle,community_services_non_profits,https://www.culture-bilinguisme.eu/,,,Eurometropole Strasbourg,"48,5834211","7,7614117"
Cycle & Recycle Hoenheim,community_services_non_profits,https://www.cycleandrecyclehoenheim.fr/,,,Eurometropole Strasbourg,"48,6210788","7,7560579"
FEC Strasbourg,community_services_non_profits,http://www.fec-strasbourg.org/,,,Eurometropole Strasbourg,"48,58297","7,75446"
La Cigogne Enragée,community_services_non_profits,http://lacigogneenragee.fr/,2,fermé,Eurometropole Strasbourg,"48,5788531","7,7541223"
La Cloche Grand Est,community_services_non_profits,https://www.lacloche.org/grandest-strasbourg,2,,Eurometropole Strasbourg,"48,5777398","7,7633806"
La Coterie - Atelier,community_services_non_profits,Ingen webbplats,2,probablement fermé,Eurometropole Strasbourg,"48,5785399","7,71006"
Fimpima,community_services_non_profits,https://www.fimpima.org,,,Eurometropole Strasbourg,"48,600355","7,716203"
La F.A.N,community_services_non_profits,http://ock2882.phpnet.org/la-f-a-n/,2,Existe plus je pense,Eurometropole Strasbourg,"48,5845774","7,7377627"
Fondation du patrimoine Alsace,community_services_non_profits,https://www.fondation-patrimoine.org/fondation-du-patrimoine/alsace/presentation,,,Eurometropole Strasbourg,"48,5833576","7,7430205"
La Ligue contre le cancer 67,community_services_non_profits,https://linktr.ee/liguecancer67,2,,Eurometropole Strasbourg,"48,5917","7,7571698"
La Ligue de l'Enseignement 67,community_services_non_profits,http://www.laligue67.org,2,,Eurometropole Strasbourg,"48,5216601","7,7427315"
Gare Debout,community_services_non_profits,https://mobilizon.fr/@gare_debout,,,Eurometropole Strasbourg,"48,578447","7,7284298"
Geispo'folies,community_services_non_profits,http://geispo-folies.com/,,,Eurometropole Strasbourg,"48,5160587","7,6396803"
Institut Confucius d'Alsace,community_services_non_profits,http://www.confuciusalsace.org/,,,Eurometropole Strasbourg,"48,5891405","7,7503209"
La Mine,arts_and_entertainment,Ingen webbplats,2,,Eurometropole Strasbourg,"48,58165","7,75927"
La Popartiserie,art_gallery,http://www.lapopartiserie.com,2,,Eurometropole Strasbourg,"48,57959","7,7468818"
La Prévoyance,community_services_non_profits,http://www.la-prevoyance.com/,2,,Eurometropole Strasbourg,"48,5804219","7,7778135"
La Pyrale du Buis,attractions_and_activities,http://lapyraledubuis.com/,2,,Eurometropole Strasbourg,"48,55625","7,75854"
La Pyramide de Ramsès,community_services_non_profits,http://www.atelierbouchiba.fr/,2,,Eurometropole Strasbourg,"48,5629184","7,759734"
Issilaba,community_services_non_profits,Ingen webbplats,,,Eurometropole Strasbourg,"48,5839799","7,65107"
Istituto Italiano di Cultura di Strasburgo,community_services_non_profits,https://iicstrasburgo.esteri.it/,,,Eurometropole Strasbourg,"48,586884","7,764766"
La rêverie du trèfle et de l'abeille,fashion,http://www.lareverietrefleabeille.com/,2,,Eurometropole Strasbourg,"48,5721245","7,7302889"
JEEP Chantiers éducatifs,community_services_non_profits,http://jeep.asso.fr/,,,Eurometropole Strasbourg,"48,5808956","7,7315213"
JMV,community_services_non_profits,http://www.asso-jmv.org,,,Eurometropole Strasbourg,"48,579072","7,722336"
L'association L'Ecrin,community_services_non_profits,Ingen webbplats,,,Eurometropole Strasbourg,"48,57993","7,75356"
La Recyclerie by Amitel,community_services_non_profits,Ingen webbplats,,,Eurometropole Strasbourg,"48,577566","7,7585525"
La Soucoupe,music_venue,http://www.lasoucoupe.eu/,2,,Eurometropole Strasbourg,"48,6248248","7,7783418"
La Souris Verte,community_services_non_profits,http://www.sourisverte-lampertheim.net/,2,,Eurometropole Strasbourg,"48,6529332","7,7003876"
La Station LGBTI Alsace,community_services_non_profits,http://www.lastation-lgbti.eu/,,,Eurometropole Strasbourg,"48,5817102","7,7533049"
La Strasbourg,community_services_non_profits,http://lastrasbourg.com/,2,,Eurometropole Strasbourg,"48,5832082","7,745297"
La Strasbourgeoise,community_services_non_profits,http://www.lastrasbourgeoise.eu/,2,,Eurometropole Strasbourg,"48,5741959","7,7552491"
Le Lieu documentaire,community_services_non_profits,https://www.lelieudocumentaire.fr/,,,Eurometropole Strasbourg,"48,5862178","7,7387951"
La Troupe du Poulailler,performing_arts,https://placeartsetloisirs.com/cest-aussi-nous/la-troupe-du-poulailler,2,pas à Strasbourg,Eurometropole Strasbourg,"48,580944","7,7725017"
Le Shadok,community_services_non_profits,http://www.shadok-strasbourg.eu/,,,Eurometropole Strasbourg,"48,5739812","7,7638455"
Les Amis du Vieux-Strasbourg,community_services_non_profits,http://www.amisduvieuxstrasbourg.com/,,,Eurometropole Strasbourg,"48,5835201","7,7524755"
Les Kinotechniciens Grand Est,community_services_non_profits,http://www.leskinotechniciens.eu/,,,Eurometropole Strasbourg,"48,586222","7,73861"
La-Friche,community_services_non_profits,http://www.lafrichelaiterie.org/,2,,Eurometropole Strasbourg,"48,5764286","7,729559"
Les Petits Débrouillards Strasbourg,community_services_non_profits,http://lespetitsdebrouillardsgrandest.org/,,,Eurometropole Strasbourg,"48,5787799","7,7388878"
Maison des Arts - Lingolsheim,community_services_non_profits,https://www.mdarts-lingo.com/,,,Eurometropole Strasbourg,"48,5552932","7,6818718"
LAMAS L'Amicale d'Anglais de Strasbourg,community_services_non_profits,Ingen webbplats,2,,Eurometropole Strasbourg,"48,5788711","7,765309"
Maison des associations de Strasbourg,community_services_non_profits,https://www.mdas.org/,,,Eurometropole Strasbourg,"48,5789298","7,7542301"
LAPSUS - L'Amicale de Psychologie de l'Université de Strasbourg,community_services_non_profits,http://assolapsus.fr/,2,,Eurometropole Strasbourg,"48,5849455","7,7653389"
Le Bonheur D'un Sourire: l'entraide et la solidarité,community_services_non_profits,http://www.lebonheurdunsourire.org/,2,,Eurometropole Strasbourg,"48,57552","7,73279"
Maison européenne de l'architecture / Europäisches Architekturhaus,community_services_non_profits,http://m-ea.eu/,,,Eurometropole Strasbourg,"48,5833812","7,742893"
Maison Mimir,community_services_non_profits,http://azqs.com/maison-mimir/,,,Eurometropole Strasbourg,"48,5829024","7,7594155"
Le Chat'Home de Luna,community_services_non_profits,https://www.lechathomedeluna.org/,2,,Eurometropole Strasbourg,"48,580287","7,609229"
MNO,community_services_non_profits,http://mno-meinau.org/,,,Eurometropole Strasbourg,"48,5494272","7,7509135"
Le Croisillon,community_services_non_profits,https://croisillon.org/,2,,Eurometropole Strasbourg,"48,5786102","7,7429535"
Mrdbva,community_services_non_profits,http://www.mrdbva.fr/,,,Eurometropole Strasbourg,"48,6329284","7,767217"
Le Faubourg 12,art_gallery,Ingen webbplats,2,fermé,Eurometropole Strasbourg,"48,5875366","7,7463025"
OLCAlsace,community_services_non_profits,https://www.olcalsace.org/,,,Eurometropole Strasbourg,"48,595999","7,758107"
Le Furet Petite Enfance,community_services_non_profits,https://www.lefuret.org/,2,,Eurometropole Strasbourg,"48,5847778","7,742715"
Omsalc d'Eckbolsheim,community_services_non_profits,Ingen webbplats,,,Eurometropole Strasbourg,"48,57931","7,68697"
Oscal Schilick',community_services_non_profits,https://www.facebook.com/oscalschilick/?locale=fr_FR,,,Eurometropole Strasbourg,"48,6056","7,74892"
Pluriel Music,community_services_non_profits,http://www.pluriel-music.fr/,,,Eurometropole Strasbourg,"48,5812436","7,7467059"
Le Jardin de Marguerite,landscaping,Ingen webbplats,2,,Eurometropole Strasbourg,"48,472901","7,723803"
Le Jardin du Fort,community_services_non_profits,Ingen webbplats,2,,Eurometropole Strasbourg,"48,6201708","7,6914168"
Pôle Insertion et Numérique,community_services_non_profits,https://escale.centres-sociaux.fr/pole-insertion/,,,Eurometropole Strasbourg,"48,613475","7,7732339"
Redecome,community_services_non_profits,Ingen webbplats,,,Eurometropole Strasbourg,"48,6145483","7,7523166"
Le Living,dance_club,http://lelivingclub.com/,2,fermé,Eurometropole Strasbourg,"48,581181","7,7614266"
Réseau Entreprendre Alsace,community_services_non_profits,http://www.reseau-entreprendre-alsace.fr/,,,Eurometropole Strasbourg,"48,5740925","7,764489"
Le Miroir à Strasbourg,dance_club,Ingen webbplats,2,,Eurometropole Strasbourg,"48,58114","7,74745"
Réseau Est Cinéma Image Transmission,community_services_non_profits,http://www.lerecit.fr/,,,Eurometropole Strasbourg,"48,586175","7,738665"
Le MUR Strasbourg,dance_club,http://www.sprayclubclub.tumblr.com/,2,,Eurometropole Strasbourg,"48,5887299","7,73772"
Le Palais des Rêves à Strasbourg-Gambsheim,theatre,http://www.lepalaisdesreves.com/,2,,Eurometropole Strasbourg,"48,6554655","7,8409982"
Le paradis des animaux d'Alsace,community_services_non_profits,https://le-paradis-des-animaux-dalsace.odoo.com/,2,,Eurometropole Strasbourg,"48,644564","7,74901"
Le Passage Bleu,arts_and_entertainment,Ingen webbplats,2,,Eurometropole Strasbourg,"48,5785996","7,7105041"
S Mag Strasbourg,community_services_non_profits,https://s-mags.fr/,,,Eurometropole Strasbourg,"48,61043","7,78478"
Saams-Société des Amis des Arts et des Musées de Strasbourg,community_services_non_profits,http://www.amisartsetmusees-strasbourg.fr/,,,Eurometropole Strasbourg,"48,5808783","7,7475703"
Start-Up de Territoire Strasbourg,community_services_non_profits,http://startupdeterritoire.alsace/,,,Eurometropole Strasbourg,"48,576561","7,7144051"
Le Repaire,community_services_non_profits,https://repaire-strasbourg.eu/,2,,Eurometropole Strasbourg,"48,583323","7,749994"
Le Repos des Hugogos,community_services_non_profits,http://lereposdeshugogos.wifeo.com/,2,,Eurometropole Strasbourg,"48,5913315","7,7615499"
Studio Labut,community_services_non_profits,https://www.studiolabut.eu/,,,Eurometropole Strasbourg,"48,5814874","7,758049"
Three Mothers Films,community_services_non_profits,https://three-mothers-films.com/,,,Eurometropole Strasbourg,"48,5660744","7,7537917"
Le Scenoscope,theatre,Ingen webbplats,2,,Eurometropole Strasbourg,"48,57784","7,7101156"
Touch-Arts.com,community_services_non_profits,http://touch-arts.com/,,,Eurometropole Strasbourg,"48,56566","7,76325"
Le Souvenir français - Délégation générale du Bas-Rhin,community_services_non_profits,Ingen webbplats,2,,Eurometropole Strasbourg,"48,5932904","7,7636518"
Le Stück,community_services_non_profits,http://www.lestuck.eu/,2,,Eurometropole Strasbourg,"48,5713138","7,7560977"
Tuba em Elsass,community_services_non_profits,https://www.facebook.com/tubaemelsass/?locale=fr_FR,,,Eurometropole Strasbourg,"48,5690035","7,7581758"
Un Bout de Chemin - Association & Maison d'édition,community_services_non_profits,http://www.unboutdechemin.com/,,,Eurometropole Strasbourg,"48,57872","7,77181"
Le Jardin du Petit Prince,community_gardens,https://jardindupetitprince.wixsite.com/jardinpetitprince,,,Eurometropole Strasbourg,"48,551528","7,7721349"
Association du Fossé des Treize,community_center,http://www.cscf13.org/,,,Eurometropole Strasbourg,"48,5889479","7,7479361"
Les Ateliers à projets,community_services_non_profits,http://www.lesateliersaprojets.fr/,2,,Eurometropole Strasbourg,"48,605696","7,751776"
Centre Culturel et Social Rotterdam,community_center,https://centrerotterdam.org/,,,Eurometropole Strasbourg,"48,5847935","7,7830279"
Centre Social et Culturel d'Ostwald,community_center,Ingen webbplats,,,Eurometropole Strasbourg,"48,55164","7,71303"
Centre Social et Culturel de l'Elsau,community_center,http://elsau.asso.fr/,,,Eurometropole Strasbourg,"48,5672268","7,7249569"
Les Blouses Roses Strasbourg,community_services_non_profits,http://www.lesblousesroses.asso.fr/,2,,Eurometropole Strasbourg,"48,578","7,72994"
Les Chevrons d'Alsace Lorraine,community_services_non_profits,Ingen webbplats,2,,Eurometropole Strasbourg,"48,5364998","7,7062712"
Centre Social et Culturel Le Galet,community_center,https://csc-hautepierre.fr/,,,Eurometropole Strasbourg,"48,596654","7,700058"
Centre Social Protestant,community_center,http://www.semis.org/centre-social-protestant,,,Eurometropole Strasbourg,"48,5838326","7,7496277"
Centre Socio Culturel,community_center,http://www.csc-hoenheim.fr,,,Eurometropole Strasbourg,"48,6220285","7,7668621"
Les Enfants Malades A L Hôpital,community_services_non_profits,Ingen webbplats,2,,Eurometropole Strasbourg,"48,5929856","7,7082959"
Centre Socio Culturel de Neudorf Centre de la musau,community_center,https://cscneudorf.org/,,,Eurometropole Strasbourg,"48,5599644","7,7856184"
Les Films de l'Étranger,cinema,http://www.lfetranger.fr,2,,Eurometropole Strasbourg,"48,5870261","7,7638433"
Centre Socio-Culturel de la Montagne Verte,community_center,https://cscmontagneverte.centres-sociaux.fr/,,,Eurometropole Strasbourg,"48,5629946","7,7014273"
Les Forts Trotters,community_services_non_profits,https://lesfortstrotters.fr/,2,,Eurometropole Strasbourg,"48,623214","7,715257"
Centre Socio-Culturel de Neudorf,community_center,http://www.cscneudorf.org/,,,Eurometropole Strasbourg,"48,5662711","7,7564369"
Centre Socio-Culturel Le Phare de l'Ill,community_center,https://www.pharedelill.org/,,,Eurometropole Strasbourg,"48,5200639","7,7186688"
Centre Socio-Culturel Montagne Verte,community_center,http://www.cscmontagneverte.centres-sociaux.fr/,,,Eurometropole Strasbourg,"48,5701533","7,7118565"
Centre Socioculturel de la Meinau,community_center,http://www.lecentre-meinau.fr/,,,Eurometropole Strasbourg,"48,5492","7,7506"
CSC du Marais,community_center,http://www.csc-marais.fr/,,,Eurometropole Strasbourg,"48,6069248","7,7669297"
Les petits ateliers du Grandidier,arts_and_entertainment,Ingen webbplats,2,,Eurometropole Strasbourg,"48,5836742","7,7613702"
CSC Hautepierre le Galet,community_center,http://www.csc-hautepierre.fr/,,,Eurometropole Strasbourg,"48,5966687","7,7000724"
CSC neudorf landsberg,community_center,https://cscneudorf.org/,,,Eurometropole Strasbourg,"48,5675557","7,773712"
Les Ricochets,community_services_non_profits,https://www.lesricochets.org/,2,,Eurometropole Strasbourg,"48,5781587","7,7150016"
Les Secrets Du Sablier,arts_and_entertainment,https://lessecretsdusablier.com,2,,Eurometropole Strasbourg,"48,580859","7,772442"
CSC Neuhof,community_center,https://www.facebook.com/CSCNHF/?locale=fr_FR,,,Eurometropole Strasbourg,"48,5440712","7,7737298"
Lgbtiq Youth Net,community_services_non_profits,Ingen webbplats,2,,Eurometropole Strasbourg,"48,57882","7,75399"
Lianes,community_services_non_profits,https://www.lilo.org/association-lianes/,2,,Eurometropole Strasbourg,"48,578571","7,7863137"
JSK,community_center,http://jskoenigshoffen.asso.fr/,,,Eurometropole Strasbourg,"48,5816183","7,7028966"
Salle Socio-Culturelle Eckbolsheim,community_center,http://www.eckbolsheim.com/index.php?page=location-salle-des-fetes,,,Eurometropole Strasbourg,"48,5794824","7,6874192"
Ça Va Buller - CANAL BD,comic_books_store,http://www.canalbd.net/ca-va-buller,,,Eurometropole Strasbourg,"48,5818123","7,7428947"
Aéro'Sol,circus_school,http://www.aero-sol.fr/,,,Eurometropole Strasbourg,"48,5614647","7,740509"
Graine de Cirque,circus_school,http://www.grainedecirque.fr/,,,Eurometropole Strasbourg,"48,5698869","7,797152"
Le Sapito ,circus school,https://www.helloasso.com/associations/le-sapito,,,Eurometropole Strasbourg,"48,561729","7,7398661"
Arlette Gruss,circus,http://www.cirque-gruss.com/,,,Eurometropole Strasbourg,"48,5994358","7,7641273"
Ciné Régie,cinema,http://www.cineregie.com/,,,Eurometropole Strasbourg,"48,5295738","7,6875174"
Cinéma Cosmos,cinema,https://linktr.ee/cinemalecosmos67,,,Eurometropole Strasbourg,"48,5826499","7,7459938"
Librairie Kleber,bookstore,Ingen webbplats,2,same,Eurometropole Strasbourg,"48,54683","7,74209"
Cinema Star Saint Exupery,cinema,http://www.cinema-star.com,,,Eurometropole Strasbourg,"48,5827398","7,7422966"
Cinéma Vox Strasbourg,cinema,http://www.cine-vox.com/,,,Eurometropole Strasbourg,"48,5818122","7,7463737"
Le Trefle Dorlisheim,cinema,http://www.kochersberg.fr/,,,Eurometropole Strasbourg,"48,6256318","7,7544504"
Les Cinemas Star De Strasbourg,cinema,http://www.cinema-star.com,,,Eurometropole Strasbourg,"48,5837834","7,7426566"
"MIRA, Cinémathèque régionale numérique",cinema,http://www.miralsace.eu/,,,Eurometropole Strasbourg,"48,5865763","7,7388068"
UGC Ciné Cité Strasbourg,cinema,https://linktr.ee/ugc_cinecite_strasbourg,,,Eurometropole Strasbourg,"48,5735407","7,763502"
Choeur Philarmonique de Strasbourg,choir,https://choeur-strasbourg.eu/,,,Eurometropole Strasbourg,"48,58032","7,77322"
Chorale Gospel Arc-En-Ciel,choir,https://www.facebook.com/choralearcencielstrasbourg/?locale=fr_FR,,,Eurometropole Strasbourg,"48,58244","7,74026"
Ensemble Vocal Philae Strasbourg,choir,https://www.ensemblevocalphilae.eu/,,,Eurometropole Strasbourg,"48,599394","7,7934495"
Le Chœur de Notre-Dame de Strasbourg,choir,http://www.choeurdenotredame.com/,,,Eurometropole Strasbourg,"48,5813748","7,7507403"
Lifetime Projects,community_services_non_profits,https://lifetime-projects.com/,2,,Eurometropole Strasbourg,"48,5809934","7,775441"
Ina,broadcasting_media_production ,http://www.ina.fr,,,Eurometropole Strasbourg,"48,5862317","7,7385852"
Living Room After Work 30+,arts_and_entertainment,https://m.facebook.com/LivingRoomStrasbourg/?locale2=fr_FR,2,,Eurometropole Strasbourg,"48,58118","7,7614"
2 Caps Production,broadcasting_media_production,http://www.2caps-production.com/,,,Eurometropole Strasbourg,"48,6325749","7,7667481"
Arte,broadcasting_media_production,http://www.arte.tv,,,Eurometropole Strasbourg,"48,5937322","7,7660903"
Azad production,broadcasting_media_production,http://www.azadproduction.com/,,,Eurometropole Strasbourg,"48,5764237","7,7295578"
Lupanar,arts_and_crafts,http://maison-lupanar.com/,2,,Eurometropole Strasbourg,"48,58018","7,75775"
Lupovino,community_services_non_profits,http://lupovino.midiblogs.com/,2,,Eurometropole Strasbourg,"48,5522978","7,7717119"
BambooDoc,broadcasting_media_production,http://www.bamboodoc.eu/,,,Eurometropole Strasbourg,"48,5826156","7,7439467"
M&LD Architectes,architectural_designer,http://www.schwab-architectes.net,2,,Eurometropole Strasbourg,"48,6138119","7,7087301"
M2V3 Architectes,architectural_designer,https://www.architectes-pour-tous.fr/architectes-pour-tous/m2v3-architectes,2,,Eurometropole Strasbourg,"48,5871004","7,7722753"
CIRCOM Regional,broadcasting_media_production,http://www.circom-regional.eu/,,,Eurometropole Strasbourg,"48,59331","7,7575"
Macha'k Wayra - Synergie Bolivie,community_services_non_profits,http://www.machakwayra.org/,2,,Eurometropole Strasbourg,"48,5856099","7,7670223"
Mad Knacks,art_gallery,https://www.madknacks.fr/,2,,Eurometropole Strasbourg,"48,5835762","7,7483568"
Jabu-Jabu,broadcasting_media_production,http://www.jabu-jabu.eu/,,,Eurometropole Strasbourg,"48,61029","7,78074"
Maillon-Plus Spectateurs du Maillon,theatre,https://www.maillon.eu/rubrique/vous-nous/maillon/280/maillon-lassociation-des-spectateurstrices-du-maillon,2,same,Eurometropole Strasbourg,"48,5987967","7,7628298"
Les Médias Associés,broadcasting_media_production,https://www.lesmediasassocies.com/,,,Eurometropole Strasbourg,"48,58556","7,74232"
Nouvelle Cuisine,broadcasting_media_production,http://www.nouvellecuisine.co/,,,Eurometropole Strasbourg,"48,59169","7,75559"
Seppia,broadcasting_media_production,https://linktr.ee/seppia.eu,,,Eurometropole Strasbourg,"48,589387","7,7464261"
sleak,broadcasting_media_production,http://www.sleak.tv/,,,Eurometropole Strasbourg,"48,5890703","7,7501427"
Maison des Parents Ronald McDonald de Strasbourg,community_services_non_profits,http://www.fondation-ronald-mcdonald.fr/vous-aider/maison-strasbourg/,2,,Eurometropole Strasbourg,"48,593227","7,709719"
Maison du jeune citoyen,community_center,http://www.ville-schiltigheim.fr/la-maison-du-jeune-citoyen,2,,Eurometropole Strasbourg,"48,6063025","7,749874"
Maison et Permis,architectural_designer,https://www.maisonetpermis.fr/,2,,Eurometropole Strasbourg,"48,6033841","7,7503889"
Studio_amopix,broadcasting_media_production,http://www.amopix.com/,,,Eurometropole Strasbourg,"48,5813913","7,7495818"
Via Storia,broadcasting_media_production,http://www.viastoria.com/,,,Eurometropole Strasbourg,"48,6133154","7,7154308"
Apostrophe & Parentheses,bookstore,https://apostropheetparenthese.com/,,,Eurometropole Strasbourg,"48,6600154","7,8252202"
Maisons Rêves Sàrl d' architectes,architectural_designer,Ingen webbplats,2,,Eurometropole Strasbourg,"48,6101824","7,7508999"
Au Bonheur des Livres,bookstore,http://www.aubonheurdeslivres.fr,,,Eurometropole Strasbourg,"48,5887884","7,7502649"
Mamcs,art_museum,http://www.musees.strasbourg.eu/,2,same,Eurometropole Strasbourg,"48,57964","7,73637"
Mango MUNDOLSHEIM Cora SC,fashion,Ingen webbplats,2,,Eurometropole Strasbourg,"48,6538572","7,7253706"
Mango STRASBOURG Rivétoile SC,fashion,Ingen webbplats,2,,Eurometropole Strasbourg,"48,573698","7,756785"
Martin - Panissod - Architectes,architectural_designer,http://www.lesarchitectes.com,2,,Eurometropole Strasbourg,"48,5783323","7,7509232"
Matthieu Husser Architectures,architectural_designer,http://www.husser-architecte.fr/,2,,Eurometropole Strasbourg,"48,6051533","7,7363171"
Au Marche du Livre,bookstore,https://www.strasbourg.eu/lieu/-/entity/sig/2535_CUL_382/au-marche-du-livre,,,Eurometropole Strasbourg,"48,5783364","7,7564136"
Chapitre 8,bookstore,https://linktr.ee/Chapitre8,,,Eurometropole Strasbourg,"48,5855932","7,7703981"
Cyclops,bookstore,http://cyclopscomics.canalblog.com/,,,Eurometropole Strasbourg,"48,5836369","7,7543669"
Échoppe Saint Michel,bookstore,https://www.echoppe-cathedrale-strasbourg.fr/,,,Eurometropole Strasbourg,"48,581601","7,751278"
Ex Libro,bookstore,https://www.facebook.com/people/Ex-Libro/100057148462505/,,,Eurometropole Strasbourg,"48,5829623","7,7536441"
Farfafouilles,bookstore,https://farfafouilles.carrd.co/,,,Eurometropole Strasbourg,"48,5831138","7,7545349"
Galaxy bis,bookstore,http://www.galaxy-bis.com,,,Eurometropole Strasbourg,"48,5938412","7,7621113"
Journaux,bookstore,http://www.journaux.fr,,,Eurometropole Strasbourg,"48,531917","7,717331"
L'Image et le Livre,bookstore,https://limage-et-le-livre.com/,,,Eurometropole Strasbourg,"48,5766461","7,7548474"
L'Oiseau Rare,bookstore,http://www.loiseau-rare.fr/,,,Eurometropole Strasbourg,"48,5806068","7,7536565"
La Bouquinette,bookstore,https://www.labouquinette.fr/,,,Eurometropole Strasbourg,"48,5837311","7,752979"
Le monde de Théo Strasbourg,bookstore,https://www.alsace.catholique.fr/services-mouvements/librairies-et-mediatheques-diocesaines/,,,Eurometropole Strasbourg,"48,584511","7,7536673"
Librairie BILDERGARTE,bookstore,https://www.facebook.com/librairie.bildergarte/?locale=fr_FR,,,Eurometropole Strasbourg,"48,580899","7,7472811"
Librairie de la Presqu'ile,bookstore,https://www.librairiedelapresquile.fr/,,,Eurometropole Strasbourg,"48,5732666","7,7604513"
Librairie de Noël Eckbolsheim,bookstore,https://mapage.telethon.fr/animation/Librairie-de-Noel-2024,,,Eurometropole Strasbourg,"48,577389","7,684625"
Librairie des Bateliers,bookstore,https://www.facebook.com/librairiedesbateliers/?locale=fr_FR,,,Eurometropole Strasbourg,"48,5805924","7,754698"
Mémoires de Femmes - Spiruline du Niger,community_services_non_profits,http://www.memoires-de-femmes.org/,2,,Eurometropole Strasbourg,"48,5361687","7,7290421"
Merkad Cenaze Fonu Fransa,community_services_non_profits,http://www.merkad.fr/,2,,Eurometropole Strasbourg,"48,55586","7,7422"
MESA - Maison de l'Europe Strasbourg Alsace,community_services_non_profits,http://www.mesa-strasbourg.eu/,2,,Eurometropole Strasbourg,"48,58294","7,74571"
MÉTAFOR,community_services_non_profits,https://orthophoniemetafor.wordpress.com/,2,,Eurometropole Strasbourg,"48,57747","7,7395"
librairie Dinali,bookstore,http://www.dinali.fr,,,Eurometropole Strasbourg,"48,58432","7,7484"
Librairie du Cedrat,bookstore,https://wa.me/message/K2JLUPWCAMV7O1,,,Eurometropole Strasbourg,"48,5916833","7,7529832"
Micromania - Zing,video_game_store,https://www.micromania.fr/?utm_source=Yext&utm_medium=Facebook,2,same,Eurometropole Strasbourg,"48,5916431","7,694488"
Micromania - Zing,video_game_store,https://www.micromania.fr/?utm_source=Yext&utm_medium=Facebook,2,same,Eurometropole Strasbourg,"48,6533839","7,7251127"
Micromania - Zing,video_game_store,https://www.micromania.fr/?utm_source=Yext&utm_medium=Facebook,2,same,Eurometropole Strasbourg,"48,5881939","7,7425203"
Migrations Santé Alsace,community_services_non_profits,http://www.migrationssante.org/,2,,Eurometropole Strasbourg,"48,5827004","7,7432254"
Librairie Ehrengarth,bookstore,http://www.ehrengarth.fr/,,,Eurometropole Strasbourg,"48,57081","7,75613"
Librairie Escapade Strasbourg,bookstore,https://www.instagram.com/librairie_escapade_strasbourg/,,,Eurometropole Strasbourg,"48,58584","7,74051"
Mission Locale et Relais Emploi - Schiltigheim,community_services_non_profits,http://www.mlre-schiltigheim.fr,2,,Eurometropole Strasbourg,"48,61264","7,73615"
Mission Locale Pour l'Emploi,community_services_non_profits,http://www.mlpe.eu/,2,,Eurometropole Strasbourg,"48,5813961","7,7338174"
Librairie Ill Aux Tresors,bookstore,http://www.illauxtresors.com,,,Eurometropole Strasbourg,"48,5228866","7,7058145"
Librairie Kléber,bookstore,http://www.librairie-kleber.com,,,Eurometropole Strasbourg,"48,5828384","7,7456413"
Librairie L'Usage du Monde,bookstore,http://www.usagedumonde.eu,,,Eurometropole Strasbourg,"48,5923538","7,7180783"
Librairie La Parenthèse Strasbourg,bookstore,https://www.librairieparenthese.fr/,,,Eurometropole Strasbourg,"48,6002035","7,7797699"
Mosquée Al-Ihsan-67,community_services_non_profits,http://al-ihsan-67.fr/,2,,Eurometropole Strasbourg,"48,5731866","7,7942426"
Mouvement des Flambeaux et des Claires Flammes (officiel),community_services_non_profits,http://www.flambeaux.org/,2,,Eurometropole Strasbourg,"48,5889946","7,7390167"
Mouvement du Nid Strasbourg,community_services_non_profits,http://www.mouvementdunid.org/,2,,Eurometropole Strasbourg,"48,588142","7,7426666"
Mouvement Européen Alsace,community_services_non_profits,http://www.mouvement-europeen.eu/alsace,2,,Eurometropole Strasbourg,"48,5918597","7,7697131"
Librairie Le Camphrier Japan Shop,bookstore,http://www.librairielecamphrier.fr/,,,Eurometropole Strasbourg,"48,5830713","7,7465041"
MS2a-architectes,architectural_designer,Ingen webbplats,2,,Eurometropole Strasbourg,"48,5649655","7,7590064"
Librairie LE FIL ROUGE,bookstore,https://librairielefilrouge.eu/,,,Eurometropole Strasbourg,"48,5939836","7,7204184"
Librairie Le Tigre,bookstore,https://librairie-letigre.fr/,,,Eurometropole Strasbourg,"48,5813158","7,7551871"
Librairie Lignes de fuite,bookstore,http://www.librairie-lignesdefuite.com/,,,Eurometropole Strasbourg,"48,6140489","7,7509153"
Librairie Oberlin,bookstore,http://www.oberlin.fr/,,,Eurometropole Strasbourg,"48,579358","7,7480319"
Librairie Totem,bookstore,http://www.librairie-totem.fr/,,,Eurometropole Strasbourg,"48,6050856","7,7510374"
Librairie-Café La Tache Noire,bookstore,https://latachenoire.com/,,,Eurometropole Strasbourg,"48,5819506","7,7565159"
Maison de la Sagesse,bookstore,https://www.facebook.com/maisondelasagesse/,,,Eurometropole Strasbourg,"48,58516","7,737612"
Quai des Brumes,bookstore,https://quaidesbrumes.com/,,,Eurometropole Strasbourg,"48,5812615","7,7447554"
Rocket,bookstore,http://rocket-shop.fr/,,,Eurometropole Strasbourg,"48,581966","7,7425897"
Musée des avocats de Strasbourg,museum,Ingen webbplats,2,,Eurometropole Strasbourg,"48,5876499","7,7514636"
Séries graphiques,bookstore,https://www.seriesgraphiques.samuelgadea.com/,,,Eurometropole Strasbourg,"48,579273","7,748764"
Atelier de reliure et de dorure,bookbinding,http://www.reliure-marchal.eu/,,,Eurometropole Strasbourg,"48,5166933","7,7241435"
L’atelier du relieur,bookbinding,https://latelierdurelieur.com/,,,Eurometropole Strasbourg,"48,5910767","7,7438763"
Reliure d'Art Maurice Salmon,bookbinding,http://www.reliure-art.com,,,Eurometropole Strasbourg,"48,578411","7,759049"
Lyre Strasbourg ,book_magazine_distribution,http://lerins.technology,,,Eurometropole Strasbourg,"48,58709","7,74109"
Forgeron Coutelier d'Art - Lorazo.fr,blacksmith,http://www.lorazo.fr/,,,Eurometropole Strasbourg,"48,57042","7,7519"
Auditorium des Musées de la Ville de Strasbourg,auditorium,https://www.musees.strasbourg.eu/,,,Eurometropole Strasbourg,"48,57964","7,73637"
nojo,audio_visual_production_and_design ,https://nojo-and-co.com/New,,,Eurometropole Strasbourg,"48,5790131","7,753258"
Fort Grossherzog v. Baden - Fort  Frère,attractions_and_activities,http://www.fort-frere.eu,,,Eurometropole Strasbourg,"48,6150787","7,6812577"
Fort Rapp Moltke de Reichstett,attractions_and_activities,http://www.fort-rapp-moltke.fr/,,,Eurometropole Strasbourg,"48,6398888","7,7562331"
Jardin des Senteurs et du Toucher,attractions_and_activities,Ingen webbplats,,,Eurometropole Strasbourg,"48,5500889","7,738841"
Les Compostiers du Landsberg,attractions_and_activities,https://lescompostiersdulandsberg.wordpress.com/,,,Eurometropole Strasbourg,"48,5722343","7,7628708"
Atelier demi-douzaine,atelier,https://www.facebook.com/atelierdemidouzaine/,,,Eurometropole Strasbourg,"48,5873366","7,7473586"
Mx Stadium,community_services_non_profits,Ingen webbplats,2,,Eurometropole Strasbourg,"48,56087","7,78682"
Münsterhof,theatre,https://www.munsterhof.fr/,2,,Eurometropole Strasbourg,"48,583207","7,751842"
La CabAnne des Créateurs,atelier,http://www.la-cabanne-des-createurs.com/,,,Eurometropole Strasbourg,"48,6109045","7,7416434"
Nadi Chaabi-La maison des familles,community_services_non_profits,Ingen webbplats,2,,Eurometropole Strasbourg,"48,5756011","7,7327612"
Neo Cortex,music_and_dvd_store,http://www.cd-de-relaxation.com/,2,,Eurometropole Strasbourg,"48,5775337","7,7535336"
Neuhof Futsal,community_services_non_profits,Ingen webbplats,2,,Eurometropole Strasbourg,"48,54641","7,762"
Neurex,community_services_non_profits,http://www.neurex.org/,2,,Eurometropole Strasbourg,"48,5239145","7,7423768"
Animaillons,arts_and_entertainment,https://www.youtube.com/channel/UCN1rQ5B7fNcOjFWz1SSLbWA,,,Eurometropole Strasbourg,"48,5624283","7,7392787"
Apavig,arts_and_entertainment,http://www.apavig.fr/,,,Eurometropole Strasbourg,"48,5268801","7,7072641"
Aquatique Show,arts_and_entertainment,http://www.aquatique-show.com/,,,Eurometropole Strasbourg,"48,597519","7,7602908"
Atelier Lecarréblanc,arts_and_entertainment,https://www.facebook.com/people/Atelier-Lecarr%C3%A9blanc/100004682059018/,,,Eurometropole Strasbourg,"48,6419716","7,7883601"
Atelier Olivares,arts_and_entertainment,https://www.facebook.com/people/Atelier-Olivares/100064203452424/,,,Eurometropole Strasbourg,"48,5681447","7,7658559"
NOAH - Centre des Jeunes,community_services_non_profits,Ingen webbplats,2,,Eurometropole Strasbourg,"48,59242","7,7583152"
Atelier Poterie - L'orange bleue,arts_and_entertainment,https://www.instagram.com/ceramiquedelorangebleue/,,,Eurometropole Strasbourg,"48,58368","7,7547"
Barbotine,arts_and_entertainment,http://lauraplassier.fr/barbotine,,,Eurometropole Strasbourg,"48,60638","7,75755"
Brunograffer,arts_and_entertainment,http://www.brunograffer.com/,,,Eurometropole Strasbourg,"48,5854084","7,7342033"
Nouvel Envol,community_services_non_profits,http://nouvelenvol.fr/lassociation/dons/,2,,Eurometropole Strasbourg,"48,5384055","7,685086"
Nouvelle Acropole France,community_services_non_profits,http://strasbourg.nouvelle-acropole.fr/,2,,Eurometropole Strasbourg,"48,5808647","7,7548192"
Katalysart,arts_and_entertainment,http://katalys.art/,,,Eurometropole Strasbourg,"48,57253","7,71743"
La Droguerie,arts_and_entertainment,https://www.ladroguerie.com,,,Eurometropole Strasbourg,"48,5808688","7,7476164"
Obscurae Strasbourg,bookstore,Ingen webbplats,2,closed,Eurometropole Strasbourg,"48,555137","7,6217651"
OCCE du Bas-Rhin,community_services_non_profits,https://ad67.occe.coop/,2,,Eurometropole Strasbourg,"48,5918726","7,6999207"
Office des Sports de Strasbourg,community_services_non_profits,https://linktr.ee/officedessports?utm_source=linktree_admin_share,2,,Eurometropole Strasbourg,"48,5788346","7,754036"
Offshore,dance_club,http://offshore-club.com,2,closed,Eurometropole Strasbourg,"48,615396","7,752589"
OH Architecture Urbanisme Design,architectural_designer,http://oharchitecture.site-solocal.com,2,,Eurometropole Strasbourg,"48,5699551","7,7568384"
Okoté Alsace,community_services_non_profits,http://okote.fr/,2,,Eurometropole Strasbourg,"48,5619581","7,7487421"
La Trezorerie,arts_and_entertainment,http://www.latrezorerie.com/,,,Eurometropole Strasbourg,"48,589387","7,7464207"
Lagoona by novelty,arts_and_entertainment,http://www.lagoona.fr/,,,Eurometropole Strasbourg,"48,6368512","7,7194744"
One Voice,community_services_non_profits,https://www.one-voice.fr/,2,,Eurometropole Strasbourg,"48,587","7,76145"
Le Garage Du Graffalgar,arts_and_entertainment,https://www.facebook.com/graffalgar/?locale=fr_FR,,,Eurometropole Strasbourg,"48,5833","7,735"
Le Wagon Souk,arts_and_entertainment,https://lewagonsouk.com/,,,Eurometropole Strasbourg,"48,5817379","7,7278857"
Les Improvisateurs,arts_and_entertainment,http://www.les-improvisateurs.com/,,,Eurometropole Strasbourg,"48,5786256","7,7511244"
Newloc Strasbourg,arts_and_entertainment,http://www.newloc.net/,,,Eurometropole Strasbourg,"48,6298557","7,7190842"
Palace Bousbaine-Bloch,arts_and_entertainment,Ingen webbplats,2,,Eurometropole Strasbourg,"48,5843362","7,7458655"
Ordre des Médecins,community_services_non_profits,http://www.cromalsace.fr,2,,Eurometropole Strasbourg,"48,554731","7,75655"
ORIV - Observatoire Régional de l'Intégration et de la Ville,community_services_non_profits,https://www.oriv.org/,2,,Eurometropole Strasbourg,"48,583174","7,737802"
Rendez-vous Image,arts_and_entertainment,http://www.rdvi.fr/,,,Eurometropole Strasbourg,"48,59308","7,75805"
Rythmes & Sons,arts_and_entertainment,http://r-sons.com/fr/flight-cases,,,Eurometropole Strasbourg,"48,5140065","7,7166537"
Oslo architectes,architectural_designer,http://www.oslo-architectes.fr/,2,,Eurometropole Strasbourg,"48,5699977","7,7585681"
OTNN de partout dans le monde.,community_services_non_profits,https://uannworld.wordpress.com/,2,,Eurometropole Strasbourg,"48,58048","7,77788"
Ouvriers de Strasbourg Ouest des Jardins,community_services_non_profits,Ingen webbplats,2,,Eurometropole Strasbourg,"48,5933645","7,720956"
OVA Acoustique OVA objet d'émotion  Enceinte large bande OVA  OVA,music_production,https://ova-acoustique.fr/,2,,Eurometropole Strasbourg,"48,5625584","7,7255244"
Oze Architecture,architectural_designer,http://www.ozearchitecture.eu,2,,Eurometropole Strasbourg,"48,5552514","7,6193586"
UAICF - AACA - Association Artistique des Cheminots d'Alsace,arts_and_entertainment,http://aaca.over-blog.net/,,,Eurometropole Strasbourg,"48,6140718","7,7443932"
Palais de la diète d'Alsace-Lorraine,theatre,Ingen webbplats,2,,Eurometropole Strasbourg,"48,5862","7,75527"
ViRtual Création,arts_and_entertainment,http://www.virtualcreation.fr/,,,Eurometropole Strasbourg,"48,614671","7,7103983"
Acajou,arts_and_crafts,http://www.acajou-restauration.eu/,,,Eurometropole Strasbourg,"48,5592943","7,7508608"
Papeterie du Centre,bookstore,http://www.papeterie-du-centre.com/contact.htm,2,,Eurometropole Strasbourg,"48,5841965","7,7535391"
Papier de Soi,bookstore,Ingen webbplats,2,,Eurometropole Strasbourg,"48,5829499","7,75166"
apoG,arts_and_crafts,http://apogravure.blogspot.com/,,,Eurometropole Strasbourg,"48,574499","7,788125"
Parcours 2 - Association l'Atelier,community_services_non_profits,https://www.cfatelier.com/parcours2,2,,Eurometropole Strasbourg,"48,553781","7,73936"
Parenthèse,community_services_non_profits,https://parenthese-strasbourg.fr/,2,,Eurometropole Strasbourg,"48,5908473","7,7489289"
Artiste Sculpteure Patricia Waeldele,arts_and_crafts,http://www.littleforest-arts.com/,,,Eurometropole Strasbourg,"48,58685","7,75781"
Paroisse Ste Croix ,community_services_non_profits,Ingen webbplats,2,,Eurometropole Strasbourg,"48,56489","7,69465"
Paroisse-Catho-Hausbergen,community_services_non_profits,https://paroisse-catho-hausbergen.fr/,2,,Eurometropole Strasbourg,"48,60458","7,691891"
Patio,landscaping,http://pavage-dallage-plobsheim.fr/,2,,Eurometropole Strasbourg,"48,4678591","7,7251409"
Atelier du Bain aux Plantes,arts_and_crafts,http://Instagram.com/atelier.du.bain.aux.plantes,,,Eurometropole Strasbourg,"48,5814135","7,7396025"
Atelier La Bîhe,arts_and_crafts,http://www.la-bihe.com/,,,Eurometropole Strasbourg,"48,64049","7,71011"
Bernhart Claude,arts_and_crafts,http://www.claudebernhart.com,,,Eurometropole Strasbourg,"48,5894234","7,7454517"
Périscolaire Holtzheim,community_services_non_profits,http://www.agf67.fr/,2,,Eurometropole Strasbourg,"48,556921","7,641128"
Pétanque Amitié Lingolsheim,community_services_non_profits,https://www.lingolsheim.fr/association/petanque-belote-amitie,2,,Eurometropole Strasbourg,"48,54766","7,6793"
Pétanque Club Robertsau Contades,dance_club,Ingen webbplats,2,,Eurometropole Strasbourg,"48,598328","7,777144"
Berthel,arts_and_crafts,https://berthel-upcycling.fr/,,,Eurometropole Strasbourg,"48,5840582","7,7535152"
Petits Frères des Pauvres - Grand Est,community_services_non_profits,https://www.petitsfreresdespauvres.fr/nos-implantations/fraternite-regionale-grand-est,2,,Eurometropole Strasbourg,"48,588142","7,740989"
PFR Les Madeleines,community_services_non_profits,http://www.res-parc.fr/,2,,Eurometropole Strasbourg,"48,55422","7,68983"
PGS,arts_and_entertainment,http://carutha.wix.com/pgs-studio,2,unknown,Eurometropole Strasbourg,"48,57689","7,75511"
Espace Art et Photo - Le Valparc - Oberhausbergen,arts_and_crafts,https://www.facebook.com/EspaceArtetPhoto/,,,Eurometropole Strasbourg,"48,60203","7,6823"
Philantologie,arts_and_entertainment,https://www.philantologie.fr/,2,,Eurometropole Strasbourg,"48,57755","7,75454"
Garage Céramique,arts_and_crafts,https://docs.google.com/spreadsheets/d/1jvygM2YQd6pzrExy9Zind-DPzD1KGMB5TA4fsO7qJEo/edit?ouid=115767867352453429697&usp=sheets_home&ths=true,,,Eurometropole Strasbourg,"48,5779913","7,7330768"
Pigeon Club d'Illkirch,dance_club,Ingen webbplats,2,,Eurometropole Strasbourg,"48,514791","7,706439"
Pivoine & Compagnie,fashion,Ingen webbplats,2,,Eurometropole Strasbourg,"48,556","7,66287"
Plaider les droits de l'homme,community_services_non_profits,http://www.pldh.eu/,2,,Eurometropole Strasbourg,"48,57886","7,7541157"
Hobby Arts,arts_and_crafts,http://www.hobbyarts.fr/,,,Eurometropole Strasbourg,"48,6643461","7,7193771"
Planning Familial 67,community_services_non_profits,https://www.planning-familial.org/fr/le-planning-familial-du-bas-rhin-67,2,,Eurometropole Strasbourg,"48,5828654","7,7428182"
Jérôme Kuster chocolatier,arts_and_crafts,http://chocolat-jeromekuster.fr/,,,Eurometropole Strasbourg,"48,6689098","7,7138852"
Kingdom of Madness,arts_and_crafts,Ingen webbplats,,,Eurometropole Strasbourg,"48,55867","7,68679"
Plurielles,community_services_non_profits,http://plurielles.org/,2,,Eurometropole Strasbourg,"48,5797809","7,730729"
Kuut - Atelier du Cuir,arts_and_crafts,https://www.kuutatelierducuir.com/,,,Eurometropole Strasbourg,"48,6090689","7,7481014"
Pmc - Palais De La Musique Et Des Congrès,theatre,Ingen webbplats,2,same,Eurometropole Strasbourg,"48,585339","7,734067"
PMC Strasbourg,arts_and_entertainment,http://transport.118000.fr/.../e_tfe-strasbourg_0388818884_C0003425275,2,same,Eurometropole Strasbourg,"48,5976386","7,757714"
Pogbi,community_services_non_profits,https://www.pogbi.org/,2,,Eurometropole Strasbourg,"48,5843632","7,7606989"
L'Atelier de Poèma,arts_and_crafts,https://latelier-de-poema.sumupstore.com/,,,Eurometropole Strasbourg,"48,6154747","7,7529548"
Pole Emploi Lingolsheim,attractions_and_activities,Ingen webbplats,2,,Eurometropole Strasbourg,"48,57368","7,72873"
Pont Couvert Vauban,art_gallery,Ingen webbplats,2,,Eurometropole Strasbourg,"48,5800314","7,7373357"
Portes Ouvertes France & Belgique,community_services_non_profits,https://linktr.ee/Portesouvertes,2,,Eurometropole Strasbourg,"48,54136","7,71144"
Portugal Club Europe - PCE,community_services_non_profits,http://www.portugal-club.eu/,2,,Eurometropole Strasbourg,"48,59389","7,7718"
L'Atelier de Sandra,arts_and_crafts,http://ateliersesandra-shop.fr/,,,Eurometropole Strasbourg,"48,52464","7,7082704"
L'Éclat de Verre,arts_and_crafts,http://www.eclatdeverre.com/,,,Eurometropole Strasbourg,"48,5780021","7,7503931"
La Basse Cours Des Miracles,arts_and_crafts,https://www.facebook.com/labassecourdesmiracles/,,,Eurometropole Strasbourg,"48,5758523","7,7887952"
La Rechapée Belle,arts_and_crafts,http://www.la-rechapee-belle.com/,,,Eurometropole Strasbourg,"48,5483199","7,70239"
"Prince, The Purple Experience",art_gallery,Ingen webbplats,2,,Eurometropole Strasbourg,"48,583418","7,7499204"
Prix Mirabeau,community_services_non_profits,https://prixmirabeau.fr/,2,,Eurometropole Strasbourg,"48,57722","7,74669"
Protection Civile 67 - Schiltigheim,community_services_non_profits,http://www.protectioncivile67.fr/,2,,Eurometropole Strasbourg,"48,6047991","7,751847"
Psalmodia International,community_services_non_profits,http://www.psalmodia.net/,2,,Eurometropole Strasbourg,"48,5262997","7,7092014"
La Semencerie,arts_and_crafts,http://www.la-semencerie.org/,,,Eurometropole Strasbourg,"48,5782504","7,7283575"
PureWorks,graphic_designer,http://www.pureworks.fr/,2,,Eurometropole Strasbourg,"48,6040846","7,7263498"
Lana Papiers Speciaux,arts_and_crafts,http://www.lanapapier.fr,,,Eurometropole Strasbourg,"48,611681","7,781369"
Le Ceinturier,arts_and_crafts,Ingen webbplats,2,,Eurometropole Strasbourg,"48,58175","7,74343"
Le Loft de l'Encadr'heure,arts_and_crafts,http://pro.pagesjaunes.fr/encadr-heure,,,Eurometropole Strasbourg,"48,5798406","7,6854648"
Le Terrier Strasbourg,arts_and_crafts,http://www.leterrier-strasbourg.fr/,,,Eurometropole Strasbourg,"48,5819687","7,7406548"
Quetzalma,community_services_non_profits,http://www.quetzalma.org/,2,,Eurometropole Strasbourg,"48,4685568","7,7327421"
Maison Pardo,arts_and_crafts,https://maison-pardo.fr/,,,Eurometropole Strasbourg,"48,5909651","7,7437896"
Pavillon Christofle,arts_and_crafts,http://www.christofle.com,,,Eurometropole Strasbourg,"48,5844129","7,7485677"
Phenix Serein,arts_and_crafts,http://www.phenixserein.com/,,,Eurometropole Strasbourg,"48,585146","7,769732"
Pierre Helbert luthier,arts_and_crafts,http://www.luthier-helbert.fr,,,Eurometropole Strasbourg,"48,58536","7,77169"
Poterie d'Alsace,arts_and_crafts,http://www.poterie-alsace-strasbourg.eu/,,,Eurometropole Strasbourg,"48,5824549","7,7516042"
Poterie du Bain-aux-Plantes,arts_and_crafts,https://ceram67.jimdo.com/,,,Eurometropole Strasbourg,"48,58152","7,74115"
Ral 1023 Architecture,architectural_designer,http://www.ral1023-architecture.com/,2,,Eurometropole Strasbourg,"48,6091653","7,7293542"
Serena Galini,arts_and_crafts,http://www.serena-galini.com/,,,Eurometropole Strasbourg,"48,5802291","7,7577203"
Thierry Ligier Luthier - depuis 1986 à Strasbourg,arts_and_crafts,http://ligier-luthier.com/,,,Eurometropole Strasbourg,"48,5836101","7,7613696"
Reichstett.Biz,community_services_non_profits,http://reichstett.biz/,2,,Eurometropole Strasbourg,"48,6427794","7,7623678"
Ubik-Design,arts_and_crafts,http://www.ubik-design.fr/blog,,,Eurometropole Strasbourg,"48,6065856","7,7570308"
REN atelier d'architecture,architectural_designer,http://www.ren.archi,2,,Eurometropole Strasbourg,"48,5873224","7,7683006"
Renaissance Alsace,community_services_non_profits,http://renaissance-alsace.org/,2,,Eurometropole Strasbourg,"48,60765","7,73707"
VannCandle,arts_and_crafts,http://www.vanncandle.com/,,,Eurometropole Strasbourg,"48,574107","7,7673541"
Rénovation Tordjman,architectural_designer,https://www.renovation-tordjman.fr/,2,,Eurometropole Strasbourg,"48,6061534","7,7697977"
"Rescif  : Formations, Consultations, Recherche systémique",community_services_non_profits,https://www.rescif.com/,2,,Eurometropole Strasbourg,"48,55313","7,75764"
Réseau des Parents du Bas-Rhin,community_services_non_profits,https://www.reseaudesparents67.fr/,2,,Eurometropole Strasbourg,"48,58231","7,73673"
Zone d'art,arts_and_crafts,http://www.zone-d-art.com/,,,Eurometropole Strasbourg,"48,5683468","7,7871445"
Filcordo,art_supply_store,https://filcordo.fr/,,,Eurometropole Strasbourg,"48,5838312","7,7376661"
Graphigro,art_supply_store,http://www.graphigro-strasbourg.fr,,,Eurometropole Strasbourg,"48,582973","7,7401966"
Résidences Churchill et Nobel,community_services_non_profits,http://www.churchill-nobel.fr/,2,,Eurometropole Strasbourg,"48,5716774","7,7665492"
Le Géant des Beaux-Arts,art_supply_store,http://www.geant-beaux-arts.fr,,,Eurometropole Strasbourg,"48,578185","7,7094986"
Ressources en ligne - Université de Strasbourg,library,http://bu.unistra.fr/,2,,Eurometropole Strasbourg,"48,58138","7,76674"
reves & deco,arts_and_entertainment,Ingen webbplats,2,,Eurometropole Strasbourg,"48,586847","7,743745"
Révolution Energétique,mass_media,https://www.revolution-energetique.com/,2,,Eurometropole Strasbourg,"48,6108143","7,7046388"
Rfm,mass_media,Ingen webbplats,2,,Eurometropole Strasbourg,"48,58709","7,74109"
Garage COOP,art_space_rental,https://garage-coop.org/,,,Eurometropole Strasbourg,"48,576432","7,7877839"
La Maison Rose Gruber,art_space_rental,http://www.lamaisonrosegruber.org/,,,Eurometropole Strasbourg,"48,5776022","7,7109257"
ANAMNESIA,art_school,http://www.anamnesia.com/,,,Eurometropole Strasbourg,"48,6027802","7,7490389"
Rigate Design architecture intérieure,architectural_designer,http://www.rigate-design.com/,2,,Eurometropole Strasbourg,"48,5336161","7,7282326"
Association Shen Ch'i,art_school,http://shenchi-wushu.eu/,,,Eurometropole Strasbourg,"48,5664085","7,754763"
Atelier Claire Barberot,art_school,http://www.couture-strasbourg.com/,,,Eurometropole Strasbourg,"48,5877278","7,745021"
École des Arts Schiltigheim Culture,art_school,http://www.ville-schiltigheim.fr/loisirs/ecole-des-arts,,,Eurometropole Strasbourg,"48,6061055","7,7495114"
Rotary Club de Strasbourg,community_services_non_profits,http://www.rotary-club-strasbourg.org,2,,Eurometropole Strasbourg,"48,588998","7,754989"
Rotary Club Strasbourg,community_services_non_profits,http://www.rotary-club-strasbourg.org/,2,,Eurometropole Strasbourg,"48,5724288","7,7648974"
Rotary Club Strasbourg Nord,community_services_non_profits,http://www.rotary1680.org/de/?clubID=164&SID=9m7khhgj3uetc2aa89so4rock0,2,,Eurometropole Strasbourg,"48,5965309","7,7553028"
RPE de Geispolsheim,community_services_non_profits,Ingen webbplats,2,,Eurometropole Strasbourg,"48,52155","7,67846"
Ru’elles Strasbourg,community_services_non_profits,https://ruelles-strasbourg.fr/,2,,Eurometropole Strasbourg,"48,57897","7,7540403"
Haute école des arts du Rhin,art_school,http://www.hear.fr/,,,Eurometropole Strasbourg,"48,5821969","7,7592042"
Jalmik - Ecole des Arts et Musiques du Monde,art_school,http://www.jalmik.com/,,,Eurometropole Strasbourg,"48,5810756","7,7763293"
Rue des Grandes Arcades,arcade,Ingen webbplats,2,,Eurometropole Strasbourg,"48,582809","7,747131"
L'Atelier de Noé,art_school,http://www.atelierdenoe.com/,,,Eurometropole Strasbourg,"48,5808206","7,7314875"
La Villa Illkirch,art_school,https://lavilla.illkirch.eu/,,,Eurometropole Strasbourg,"48,5259682","7,7060826"
S.C.A Solidarité Cause Animale,community_services_non_profits,https://www.facebook.com/Boutique-solidaire-SCA-108907215150741/,2,,Eurometropole Strasbourg,"48,5599297","7,6914101"
S&Bau,architectural_designer,http://sbau.archi/,2,,Eurometropole Strasbourg,"48,5864796","7,7402384"
Atelier Virginie K - Conservation et restauration d'œuvres peintes,art_restoration,http://atelierkhalfa.wordpress.com/,,,Eurometropole Strasbourg,"48,5779416","7,7054071"
Saint Vincent de Paul Hoenheim    Vestiaire Solidarité Aides Sourire,community_services_non_profits,https://www.ssvp.fr/la-ssvp/en-france/,2,,Eurometropole Strasbourg,"48,62106","7,75549"
Salle Mozart,music_venue,http://sallemozart.free.fr,2,,Eurometropole Strasbourg,"48,5812277","7,7473355"
Salle Polyvalente,arts_and_entertainment,Ingen webbplats,2,,Eurometropole Strasbourg,"48,578634","7,6017945"
Salle Polyvalente,arts_and_entertainment,http://achenheim.fr/services/location-de-salles,2,,Eurometropole Strasbourg,"48,5764207","7,6295094"
Apollonia Échanges Artistiques Européens,art_gallery,http://www.apollonia-art-exchanges.com/,,,Eurometropole Strasbourg,"48,5985438","7,7775538"
Salon des artisans du Mariage,community_services_non_profits,http://www.artisansdumariage.fr/,2,,Eurometropole Strasbourg,"48,5702","7,76433"
Sarra-IMG,community_services_non_profits,http://sarra-img.com/,2,,Eurometropole Strasbourg,"48,5770019","7,7491844"
ART Rendez-Vous,art_gallery,http://www.instagram.com/galerie_decorde/,,,Eurometropole Strasbourg,"48,5826667","7,7465092"
Art Strasbourg Gallery,art_gallery,https://www.instagram.com/artstrasbourg/,,,Eurometropole Strasbourg,"48,5870757","7,7702449"
Schiltigheim Culture,music_venue,http://www.ville-schiltigheim.fr/,2,,Eurometropole Strasbourg,"48,606727","7,7521998"
Scouts et Guides de France - 1ère Bayard Lingolsheim,community_services_non_profits,https://sites.sgdf.fr/bayard-lingolsheim/,2,,Eurometropole Strasbourg,"48,54764","7,67869"
Atelier de L'Estampe,art_gallery,http://www.estampe.fr/,,,Eurometropole Strasbourg,"48,51049","7,69885"
Secours FFSS 67,community_services_non_profits,Ingen webbplats,2,,Eurometropole Strasbourg,"48,5758689","7,7049351"
Secours populaire Bas-Rhin,community_services_non_profits,http://www.secourspopulaire.fr/67,2,,Eurometropole Strasbourg,"48,5409222","7,7710397"
SeJan,community_center,Ingen webbplats,2,,Eurometropole Strasbourg,"48,585836","7,7673813"
SEL de Strasbourg,community_services_non_profits,https://www.accorderie.fr/,2,,Eurometropole Strasbourg,"48,5759428","7,7291583"
SEMIA,community_services_non_profits,http://www.startup-semia.com,2,,Eurometropole Strasbourg,"48,5809724","7,7573366"
Atelier Galerie Horea,art_gallery,http://www.horeagalerie.com/,,,Eurometropole Strasbourg,"48,58327","7,75207"
Sentiers d'Étoiles,community_services_non_profits,https://sentiersdetoiles.fr/,2,,Eurometropole Strasbourg,"48,58377","7,74966"
"BW Collection, galerie",art_gallery,http://bwcollection.fr/,,,Eurometropole Strasbourg,"48,5872794","7,7819922"
CEAAC,art_gallery,http://www.ceaac.org/,,,Eurometropole Strasbourg,"48,5789509","7,7600588"
Espace Colod'Art,art_gallery,http://colodart.com/,,,Eurometropole Strasbourg,"48,5623226","7,7395194"
Service de la Vie Universitaire,community_services_non_profits,https://www.unistra.fr/index.php?id=19542,2,,Eurometropole Strasbourg,"48,5783701","7,766694"
Seven,dance_club,http://lesevenstrasbourg.com,2,closed,Eurometropole Strasbourg,"48,580484","7,748733"
SGDF - Hoenheim Saint Joseph,community_services_non_profits,https://www.sgdf.fr/,2,,Eurometropole Strasbourg,"48,62147","7,753273"
SGDF Saint Pierre-le-Jeune Strasbourg,community_services_non_profits,http://www.sgdf-stpierrelejeune.fr/,2,,Eurometropole Strasbourg,"48,5880094","7,7487142"
SGDF- 1ère Saint Wendelin La Wantzenau,community_services_non_profits,http://sgdflawantz.weebly.com/,2,,Eurometropole Strasbourg,"48,662055","7,823302"
Shi Fu Mi,bookstore,http://shi-fu-mi.com/,2,unknown ,Eurometropole Strasbourg,"48,586806","7,74006"
SHPTA - Société d'Histoire de la Poste et des Télécoms en Alsace,history_museum,http://www.shpta.com/,2,,Eurometropole Strasbourg,"48,586336","7,75053"
Sida Info Service,community_services_non_profits,http://www.sida-info-service.org,2,,Eurometropole Strasbourg,"48,585089","7,769692"
Signature Cuisines Strasbourg,architectural_designer,http://www.signaturecuisines-alsace.fr/,2,,Eurometropole Strasbourg,"48,6627602","7,7202229"
Sikle - Les Composteurs de Strasbourg,community_services_non_profits,http://www.sikle.fr/,2,,Eurometropole Strasbourg,"48,5613788","7,7395638"
SINE - CINE de Bussierre,community_services_non_profits,http://www.sinestrasbourg.org/,2,,Eurometropole Strasbourg,"48,6124212","7,7996896"
Galerie  internationale  Myriam Booghs,art_gallery,https://www.google.com/search?q=myriam+booghs&ie=UTF-8&oe=UTF-8&hl=fr-fr&client=safari,,,Eurometropole Strasbourg,"48,60327","7,78255"
SLFA Association,community_services_non_profits,http://www.slfa.eu/,2,,Eurometropole Strasbourg,"48,5905493","7,7475613"
Snes-Fsu Strasbourg,community_services_non_profits,http://www.strasbourg.snes.edu/,2,,Eurometropole Strasbourg,"48,58837","7,73921"
So Crazy Club,dance_club,https://m.facebook.com/socrazy,2,closed,Eurometropole Strasbourg,"48,57783","7,77061"
Galerie AIDA,art_gallery,http://www.aida-galerie.com/,,,Eurometropole Strasbourg,"48,5811151","7,7457252"
Société de Saint Vincent de Paul - Bas Rhin,community_services_non_profits,http://www.ssvp.fr/,2,,Eurometropole Strasbourg,"48,6085301","7,7339982"
Société des Amis de l'Université de Strasbourg,community_services_non_profits,https://www.sauas.fr/,2,,Eurometropole Strasbourg,"48,5847412","7,7622056"
Société Gymnastique Eschau,community_services_non_profits,https://sge-eschau.fr/,2,,Eurometropole Strasbourg,"48,4864268","7,7148068"
Société Homéopathique Internationale de Soins de Support en Oncologie,community_services_non_profits,http://shisso-info.com/,2,,Eurometropole Strasbourg,"48,5880815","7,740958"
Soif de Lire,bookstore,http://soifdelire.blogspot.fr,2,closed,Eurometropole Strasbourg,"48,589706","7,747121"
Solidarité Femmes 67 - la page Fb,community_services_non_profits,http://solidaritefemmes67.com/,2,,Eurometropole Strasbourg,"48,5905802","7,7494204"
SOS France Victimes 67,community_services_non_profits,https://www.sosfrancevictimes67.org/,2,,Eurometropole Strasbourg,"48,5488672","7,7537799"
SOS hépatites Alsace-Lorraine,community_services_non_profits,http://alsace.lorraine.soshepatites.fr/,2,,Eurometropole Strasbourg,"48,5774813","7,7514931"
SPA de Strasbourg,community_services_non_profits,http://www.spa-strasbourg.org/,2,,Eurometropole Strasbourg,"48,6002902","7,7291899"
Galerie Bertrand Gillig,art_gallery,http://www.bertrandgillig.fr/,,,Eurometropole Strasbourg,"48,5904803","7,753115"
Spassion voyage & bien-être,print_media,http://www.spassion.net/,2,,Eurometropole Strasbourg,"48,5882022","7,7412376"
Spitz Alsace,mass_media,Ingen webbplats,2,unknown ,Eurometropole Strasbourg,"48,5820665","7,7509879"
Galerie Brûlée,art_gallery,http://www.galeriebrulee.com/,,,Eurometropole Strasbourg,"48,5844962","7,7511545"
Statue of Gandhi,museum,Ingen webbplats,2,,Eurometropole Strasbourg,"48,5754841","7,7540142"
Storkies Pole,community_services_non_profits,Ingen webbplats,2,,Eurometropole Strasbourg,"48,64256","7,76128"
Galerie Chantal Bamberger,art_gallery,http://www.galerie-bamberger.com/,,,Eurometropole Strasbourg,"48,5828109","7,7420171"
Strasbourg Action Solidarité SAS,community_services_non_profits,https://www.helloasso.com/associations/strasbourg-action-solidarite/formulaires/2,2,,Eurometropole Strasbourg,"48,5812257","7,7739641"
Strasbourg Evenements,music_venue,http://www.strasbourg-events.com,2,,Eurometropole Strasbourg,"48,597755","7,757867"
Strasbourg Illkirch,arts_and_entertainment,Ingen webbplats,2,,Eurometropole Strasbourg,"48,510737","7,6976464"
Strasbourg Museum of Modern and Contemporary Art,museum,http://www.musees-strasbourg.org/index.php?page=mamcs,2,,Eurometropole Strasbourg,"48,5795415","7,7357935"
Strasbourg Nord,community_services_non_profits,http://www.strasbourgnord.fr/,2,,Eurometropole Strasbourg,"48,6609396","7,7239771"
Strasbourg(Schiltigheim),attractions_and_activities,Ingen webbplats,2,,Eurometropole Strasbourg,"48,6050838","7,759438"
Strasbourgavelo,community_services_non_profits,https://www.strasbourgavelo.org/,2,,Eurometropole Strasbourg,"48,5788893","7,7540687"
Strasbūras latviešu bibliotēka,library,Ingen webbplats,2,unknwon,Eurometropole Strasbourg,"48,591414","7,7688628"
Strasburg Youth Center,community_services_non_profits,Ingen webbplats,2,,Eurometropole Strasbourg,"48,6021867","7,7694292"
Galerie Decorde,art_gallery,http://www.galeriedecorde.com/,,,Eurometropole Strasbourg,"48,5806959","7,7362015"
Galerie et Encadrements Kilian,art_gallery,http://www.facebook.com/Galerie-et-Encadrements-Kilian-865478530241690,,,Eurometropole Strasbourg,"48,5820684","7,7417103"
Galerie Jungmann,art_gallery,http://www.galerie-jungmann.com/,,,Eurometropole Strasbourg,"48,58734","7,74752"
Galerie la pierre large,art_gallery,https://www.galerielapierrelarge.fr/,,,Eurometropole Strasbourg,"48,5827215","7,7554667"
Studio d'architecture EID,architectural_designer,http://www.architectes.org/eid,2,,Eurometropole Strasbourg,"48,5894387","7,7402723"
Galerie Pascale Froessel,art_gallery,http://www.galerie-pascale-froessel.fr,,,Eurometropole Strasbourg,"48,5804649","7,7437009"
Galerie Quedar,art_gallery,http://www.galeriequedar.com/,,,Eurometropole Strasbourg,"48,579688","7,752011"
Galerie Retro.Futur,art_gallery,https://www.instagram.com/retro.futur_galerie/?hl=fr,,,Eurometropole Strasbourg,"48,5838274","7,7532408"
Galerie Riche Friche,art_gallery,http://galerierichefriche.blogspot.fr/,,,Eurometropole Strasbourg,"48,57376","7,79027"
Galerie Sandra Blum,art_gallery,https://www.galeriesandrablum.fr/,,,Eurometropole Strasbourg,"48,5843257","7,751641"
Galerie Yves Iffrig,art_gallery,http://www.iffrig.com/,,,Eurometropole Strasbourg,"48,5843068","7,7516743"
L'Appart 120,art_gallery,https://fr.ulule.com/appart120,,,Eurometropole Strasbourg,"48,581036","7,744676"
Subitis,community_services_non_profits,http://subitis.fr/,2,,Eurometropole Strasbourg,"48,57722","7,77165"
Symbiose,community_services_non_profits,Ingen webbplats,2,,Eurometropole Strasbourg,"48,584559","7,765405"
Synd Fo Communic Ctre Financier,community_services_non_profits,Ingen webbplats,2,,Eurometropole Strasbourg,"48,5863299","7,75052"
Syndicat Autonome Bas Rhin,community_services_non_profits,http://faspp-pats.org/,2,,Eurometropole Strasbourg,"48,5898902","7,7287557"
Syndicat Autonome Fa-fpt Strasbourg,community_services_non_profits,http://fafpt-strasbourg.eu,2,,Eurometropole Strasbourg,"48,5761816","7,7533018"
Syndicat CGT des Cheminots de Strasbourg,community_services_non_profits,http://www.cheminotcgt.fr/,2,,Eurometropole Strasbourg,"48,585007","7,7343627"
Syndicat Fo Cheminots/first - TER Grand Est,community_services_non_profits,Ingen webbplats,2,,Eurometropole Strasbourg,"48,5844378","7,7375623"
Syndicat FOCeA,community_services_non_profits,http://www.focea.eu/,2,,Eurometropole Strasbourg,"48,57887","7,73891"
L'Estampe - Galerie d'art & éditeur,art_gallery,https://www.estampe.fr/,,,Eurometropole Strasbourg,"48,5809747","7,7546421"
Syndicat UNSA Lidl,community_services_non_profits,http://www.unsalidl.com/,2,,Eurometropole Strasbourg,"48,57682","7,75337"
T2S : Tutorat Santé Strasbourg,community_services_non_profits,http://tutoratsante-strasbourg.org/,2,,Eurometropole Strasbourg,"48,5778629","7,7394088"
Tabac du centre Marcelle MOST,bookstore,https://www.empreinteceleste.fr/,2,,Eurometropole Strasbourg,"48,5858645","7,6477124"
Table Ronde Française Strasbourg 101,community_services_non_profits,https://www.tablerondefrancaise.com/,2,,Eurometropole Strasbourg,"48,58054","7,75058"
TAM France,community_services_non_profits,http://anjanapara.com/,2,unknown ,Eurometropole Strasbourg,"48,581352","7,714492"
La Chambre Strasbourg,art_gallery,http://www.la-chambre.org/,,,Eurometropole Strasbourg,"48,5782963","7,7540988"
Téléthon Bas-Rhin Sud - 67S,community_services_non_profits,http://www.afm-telethon.fr/,2,,Eurometropole Strasbourg,"48,6129372","7,7630596"
Tema Architecture,architectural_designer,http://www.ligne-libre.fr/,2,,Eurometropole Strasbourg,"48,5931861","7,7221273"
Terra Nostra Strasbourg,community_services_non_profits,https://drive.google.com/drive/folders/1C0GC5VykDsOkZJnEGB8-UW9caWJ8IUnu,2,,Eurometropole Strasbourg,"48,5835","7,76273"
Terre de Paix,community_services_non_profits,Ingen webbplats,2,closed,Eurometropole Strasbourg,"48,58508","7,74132"
Thales Architectures,architectural_designer,http://www.thales-architectures.fr/,2,,Eurometropole Strasbourg,"48,6248288","7,7780857"
Malagacha Gallery,art_gallery,https://malagacha.com/,,,Eurometropole Strasbourg,"48,5846105","7,7538813"
Neustadt Galerie,art_gallery,http://www.neustadtgalerie.com/,,,Eurometropole Strasbourg,"48,5861","7,75855"
Pleasure Arts,art_gallery,https://www.pleasurearts.net/,,,Eurometropole Strasbourg,"48,5141596","7,7117068"
Radial Art Contemporain,art_gallery,http://www.radialartcontemporain.com/,,,Eurometropole Strasbourg,"48,582448","7,738741"
résonances - salon européen des métiers d'art,art_gallery,http://www.salon-resonances.com/,,,Eurometropole Strasbourg,"48,6012373","7,7625609"
Théâtre Le Cube Noir,community_services_non_profits,http://www.trois14.org/,2,same,Eurometropole Strasbourg,"48,5758269","7,7110426"
Théâtre national de Strasbourg,theatre,http://www.tns.fr,2,,Eurometropole Strasbourg,"48,5863889","7,7552778"
Ritsch-Fisch Galerie,art_gallery,http://www.ritschfisch.com/,,,Eurometropole Strasbourg,"48,5843044","7,7516679"
Thegallerypointcom,art_gallery,Ingen webbplats,2,,Eurometropole Strasbourg,"48,6015729","7,7395806"
ROSACE,art_gallery,http://www.alsace-rebelle.com/,,,Eurometropole Strasbourg,"48,58327","7,75207"
Strass'Art Gallery,art_gallery,https://strassart.fr/,,,Eurometropole Strasbourg,"48,58475","7,74631"
Wyrd,art_gallery,http://galerie-wyrd.com/,,,Eurometropole Strasbourg,"48,5794648","7,7560335"
Zee-art,art_gallery,http://www.zee-art.com,,,Eurometropole Strasbourg,"48,5825533","7,7518623"
Esport Gaming Arena - Strasbourg,art_and_entertainment,http://www.esportgamingarena.fr/,,,Eurometropole Strasbourg,"48,5768756","7,7518869"
L'Aubette 1928,art_and_entertainment,http://www.musees.strasbourg.eu,,,Eurometropole Strasbourg,"48,583865","7,746108"
Tom Pousse Paysage,landscaping,http://www.tompoussepaysage.fr/,2,,Eurometropole Strasbourg,"48,5132905","7,7163046"
ENSAS,architecture_school,http://www.strasbourg.archi.fr,,,Eurometropole Strasbourg,"48,585999","7,737274"
Touba Grand Est France,community_services_non_profits,https://adiya.fr/,2,,Eurometropole Strasbourg,"48,58282","7,69332"
ABCD Architecture,architectural_designer,http://www.abcd-architecture.fr/,,,Eurometropole Strasbourg,"48,6305345","7,7732638"
TPS Touring Plongée Strasbourg,community_services_non_profits,http://www.touring-plongee-strasbourg.fr/,2,,Eurometropole Strasbourg,"48,56356","7,7738679"
Training Camp Eschau,dance_school,Ingen webbplats,2,,Eurometropole Strasbourg,"48,48599","7,72148"
Training Club Canin Strasbourg,community_services_non_profits,www.tccstrasbourg.com,2,,Eurometropole Strasbourg,"48,5195845","7,7611137"
AL PEPE architectes,architectural_designer,http://www.alpepe-archi.fr/,,,Eurometropole Strasbourg,"48,590036","7,7469188"
Treffpunkt Strasbourg,community_services_non_profits,Ingen webbplats,2,,Eurometropole Strasbourg,"48,5789185","7,76542"
Triarc Atelier d'Architecture,architectural_designer,http://triarcarchitecture.wix.com,2,,Eurometropole Strasbourg,"48,56815","7,76401"
Trouver Mon Architecte,architectural_designer,http://www.trouver-mon-architecte.fr/,2,,Eurometropole Strasbourg,"48,5572313","7,7472842"
Tsédak'Livres,bookstore,Ingen webbplats,2,unknown ,Eurometropole Strasbourg,"48,59135","7,755"
Alix Videlier Design Studio,architectural_designer,https://alixvidelier.com/,,,Eurometropole Strasbourg,"48,55664","7,74482"
TUMSIAD France,community_services_non_profits,http://www.tumsiad.fr,2,,Eurometropole Strasbourg,"48,5950618","7,7696704"
Turbopell,computer_museum,https://www.turbopell.com/,2,,Eurometropole Strasbourg,"48,50829","7,71139"
Atelier Ashe,architectural_designer,http://www.atelier-ashe.fr/,,,Eurometropole Strasbourg,"48,5907807","7,740202"
Atelier d'Architecture Riegel-Baur,architectural_designer,http://www.riegel-baur.com/,,,Eurometropole Strasbourg,"48,5876023","7,757051"
UDSP 67,community_services_non_profits,http://www.udsp67.fr/,2,,Eurometropole Strasbourg,"48,5932657","7,6689375"
Ufc Que Choisir Bas-Rhin,community_services_non_profits,http://basrhin.ufcquechoisir.fr/,2,,Eurometropole Strasbourg,"48,5788819","7,7544172"
UFCV Grand Est,community_services_non_profits,https://bafa.ufcv.fr/,2,,Eurometropole Strasbourg,"48,5600215","7,7457469"
Atelier Grossiord Architectes,architectural_designer,http://www.ateliergrossiord.com/,,,Eurometropole Strasbourg,"48,5901912","7,7514675"
Atelier-Aile2,architectural_designer,http://www.atelier-aile2.fr/,,,Eurometropole Strasbourg,"48,5633403","7,7405129"
Unicef Alsace,community_services_non_profits,https://www.unicef-alsace.fr/,2,,Eurometropole Strasbourg,"48,5790397","7,7481361"
Union Locale Strasbourg Ville Cgt,community_services_non_profits,http://www.cgt.fr/,2,,Eurometropole Strasbourg,"48,5768791","7,7533582"
Union Nationale des Entreprises de Coiffure du Bas-Rhin - UNEC 67,community_services_non_profits,http://www.unec.fr/,2,,Eurometropole Strasbourg,"48,58032","7,77322"
Unis Cité Alsace Nord,community_services_non_profits,http://www.uniscite.fr/regionspage.php?region=Alsace,2,,Eurometropole Strasbourg,"48,60487","7,7474"
Unis Vers le Sport,community_services_non_profits,https://www.unisverslesport.com/,2,,Eurometropole Strasbourg,"48,5809303","7,7543965"
United People,community_services_non_profits,https://allmylinks.com/unitedpeople,2,,Eurometropole Strasbourg,"48,5788566","7,7541119"
Université Populaire de la Krutenau,community_services_non_profits,http://www.up-krutenau.com/,2,,Eurometropole Strasbourg,"48,578839","7,7541405"
Universite Robert Schuman,community_services_non_profits,http://iutrs.unistra.fr,2,,Eurometropole Strasbourg,"48,578972","7,767884"
ballast architectes,architectural_designer,http://www.ballast.archi/,,,Eurometropole Strasbourg,"48,60693","7,75348"
Bertrand FLECK - Architecte et Architecte du Patrimoine,architectural_designer,http://www.fleck-architecte.eu/,,,Eurometropole Strasbourg,"48,5990971","7,7917516"
Urilco 67,community_services_non_profits,http://www.urilco67.org/,2,,Eurometropole Strasbourg,"48,5930402","7,7072201"
US Hangenbieten Officiel,community_services_non_profits,Ingen webbplats,2,,Eurometropole Strasbourg,"48,55096","7,61615"
Usep 67,community_services_non_profits,Ingen webbplats,2,,Eurometropole Strasbourg,"48,52106","7,74281"
Boos Architecte,architectural_designer,http://www.boos.archi/,,,Eurometropole Strasbourg,"48,5831748","7,7549563"
Vent Divin,bookstore,https://discord.gg/sYtCuNPftw,2,store,Eurometropole Strasbourg,"48,5799643","7,7474421"
Versant Establissements,art_gallery,http://versantest.org,2,unknown ,Eurometropole Strasbourg,"48,581272","7,750586"
CNb.archi,architectural_designer,http://www.cnb.archi/,,,Eurometropole Strasbourg,"48,5782814","7,7318416"
Denu et Paradon Architectes,architectural_designer,http://www.denu-paradon.com,,,Eurometropole Strasbourg,"48,6034125","7,7804501"
Village du Partage,community_services_non_profits,Ingen webbplats,2,,Eurometropole Strasbourg,"48,5834053","7,7465107"
Ville de Strasbourg,broadcasting_media_production,Ingen webbplats,2,,Eurometropole Strasbourg,"48,5959564","7,7580105"
Dominique Coulon et associés,architectural_designer,http://www.coulon-architecte.fr/,,,Eurometropole Strasbourg,"48,582991","7,7615086"
DWPA Architectes,architectural_designer,http://www.dwpa.fr/,,,Eurometropole Strasbourg,"48,5772501","7,7290912"
VISA Année Diaconale,community_services_non_profits,http://www.visa-ad.org/,2,,Eurometropole Strasbourg,"48,58952","7,74025"
Vishva Bharati Music Institute,music_school,http://www.vbmi-france.com/,2,unknown ,Eurometropole Strasbourg,"48,58698","7,69871"
Vitrines de Strasbourg,community_services_non_profits,http://www.vitrines-strasbourg.com/,2,,Eurometropole Strasbourg,"48,582999","7,7474216"
Vivre Chez Moi,community_services_non_profits,http://asso-vivrechezmoi.com/,2,,Eurometropole Strasbourg,"48,5787969","7,700405"
Girold Michel,architectural_designer,http://girold-bick.com/,,,Eurometropole Strasbourg,"48,5814323","7,7464008"
Volontaires Pour Strasbourg,community_services_non_profits,http://www.volontaires-pour-strasbourg.eu/,2,,Eurometropole Strasbourg,"48,58238","7,74669"
Vosges Trotters Strasbourg,community_services_non_profits,Ingen webbplats,2,,Eurometropole Strasbourg,"48,5976061","7,7898099"
Voyager solidaire,community_services_non_profits,https://voyagersolidaire.com/,2,,Eurometropole Strasbourg,"48,58092","7,75443"
Lama architectes,architectural_designer,http://lama-architectes.com/,,,Eurometropole Strasbourg,"48,5890841","7,7537084"
mayker architectes,architectural_designer,http://www.mayker.fr/,,,Eurometropole Strasbourg,"48,5844365","7,7433304"
Wildlife Angel,community_services_non_profits,https://www.wildlifeangel.org/,2,,Eurometropole Strasbourg,"48,5789199","7,75415"
Wolf Musique,music_and_dvd_store,http://www.wolfmusique.com/,2,closed,Eurometropole Strasbourg,"48,584227","7,748196"
N01 Architecture,architectural_designer,http://n01.archi/,,,Eurometropole Strasbourg,"48,59068","7,74079"
Osaupt,architectural_designer,https://osaupt.com/,,,Eurometropole Strasbourg,"48,5766812","7,7064721"
Yapluka-mt-team,community_services_non_profits,http://yapluka-mt-team.bb-fr.com/,2,,Eurometropole Strasbourg,"48,561242","7,741588"
Ymca-Ucjg Alsace,community_services_non_profits,http://ucjgalsace.org/,2,,Eurometropole Strasbourg,"48,5893394","7,7474523"
Youth Express Network,community_services_non_profits,http://youthexpressnetwork.org/,2,,Eurometropole Strasbourg,"48,5789772","7,7542148"
Zazakely Enfants de Madagascar,community_services_non_profits,Ingen webbplats,2,,Eurometropole Strasbourg,"48,5789883","7,7542201"
RHB architectes,architectural_designer,http://rhb-architectes.com/,,,Eurometropole Strasbourg,"48,5889356","7,7505534"
Zéro Déchet Strasbourg,community_services_non_profits,https://zds.fr/,2,,Eurometropole Strasbourg,"48,59088","7,73988"
Richter architectes & associés,architectural_designer,http://richterarchitectes.com/fr/,,,Eurometropole Strasbourg,"48,5806208","7,7470564"
Zone Artistique Temporaire,art_gallery,Ingen webbplats,2,unknown ,Eurometropole Strasbourg,"48,549641","7,754357"
TOA Architectes,architectural_designer,http://www.toa-archi.com,,,Eurometropole Strasbourg,"48,604487","7,754049"
Urbanetic Architectes&Urbanistes,architectural_designer,http://www.urbanetic.fr,,,Eurometropole Strasbourg,"48,6026155","7,7224072"
Walden iab,architectural_designer,https://www.walden-iab.com/,,,Eurometropole Strasbourg,"48,5889788","7,7565772"
Weber et Keiling,architectural_designer,http://www.weber-keiling.com/,,,Eurometropole Strasbourg,"48,5818336","7,7321743"
الشلف الغالية,art_museum,http://Www.chlef-elghalya.com/,2,,Eurometropole Strasbourg,"48,58323","7,70158"