name,category,website,delete,comments,city,lat,lon
MERKUR,arcade,http://merkur-spielhalle.de/,2,,Dortmund Bochum Gelsenkirchen,"51,51189088","7,09333038"
MERKUR,arcade,http://merkur-spielhalle.de/,2,,Dortmund Bochum Gelsenkirchen,"51,5308705","7,4720385"
MERKUR,arcade,http://merkur-spielhalle.de/,2,,Dortmund Bochum Gelsenkirchen,"51,5384002","7,0217705"
MERKUR Spielhalle,arcade,http://merkur-spielhalle.de/,2,,Dortmund Bochum Gelsenkirchen,"51,5465126","7,4515286"
Pegasus Spielhallen,arcade,https://www.pegasus-spielhalle.de/,2,,Dortmund Bochum Gelsenkirchen,"51,4773178","7,2282606"
SPIEL-IN Spielhalle,arcade,https://www.spiel-in.de/,2,,Dortmund Bochum Gelsenkirchen,"51,5489423","7,4007585"
Spielhalle Fa Gürtler,arcade,Ingen webbplats,2,,Dortmund Bochum Gelsenkirchen,"51,4950561","7,3240958"
Wettannahme Kalkmann,arcade,https://ruhrgebietjobs.de/arbeitgeber/wettannahme-kalkmann-38530,2,,Dortmund Bochum Gelsenkirchen,"51,47936","7,1354"
|DA| DRAHTLER ARCHITEKTEN – Planungsgruppe Drahtler GmbH,architect,http://www.drahtler-architekten.de/,2,,Dortmund Bochum Gelsenkirchen,"51,488482","7,5099216"
Architekten Kremer & Partner,architect,http://www.kremerpartner.de/,2,,Dortmund Bochum Gelsenkirchen,"51,4539215","7,2573176"
ARCHITEKTURBÜRO ZENGIN,architect,http://www.architekt-zengin.de/,2,,Dortmund Bochum Gelsenkirchen,"51,5437369","7,46394195"
Dipl.-Ing. Birgitt Gottowik-Höfling,architect,https://www.gottowik-hoefling.de/buero/,2,,Dortmund Bochum Gelsenkirchen,"51,4721083","7,2300229"
Dipl.-Ing. K. Schellmann Architekturbüro,architect,http://www.schellmann.com.de/,2,,Dortmund Bochum Gelsenkirchen,"51,5095184","7,2609943"
Dr. med. dent. Britta Koch,architect,http://www.zahnteam-bochum.de/,2,,Dortmund Bochum Gelsenkirchen,"51,4458933","7,2240294"
f.s.g. planwerk Fink & Schmidt-Goslowski,architect,http://www.fsg-planwerk.de/,2,,Dortmund Bochum Gelsenkirchen,"51,4913008","7,2420212"
Herden Norbert Dipl.-Ing. Architekt,architect,,2,,Dortmund Bochum Gelsenkirchen,"51,4819006","7,1505408"
ISS Pluralis GmbH,architect,https://www.pl2-pluralis.de/,2,,Dortmund Bochum Gelsenkirchen,"51,5613356","7,3725871"
Kemper · Steiner and Partner Architekten,architect,http://www.kemper-steiner-partner.de/,2,,Dortmund Bochum Gelsenkirchen,"51,4955048","7,22434384"
Knut van der Minde Architekt,architect,http://www.ruhrpolis-architekten.de/,2,,Dortmund Bochum Gelsenkirchen,"51,5102027","7,076134"
Projecta Planungs- und Bauträgergesellschaft,architect,http://www.projecta-dortmund.de/,2,,Dortmund Bochum Gelsenkirchen,"51,46924973","7,488259792"
RECHTECK GmbH,architect,http://felixschwake.com/,2,,Dortmund Bochum Gelsenkirchen,"51,43112183","7,17385006"
Ruhrpolis Architekten - van der Minde,architect,http://www.ruhrpolis-architekten.de/,2,,Dortmund Bochum Gelsenkirchen,"51,5102027","7,076134"
"Ruhrpolis-Architekten, AKNW, DWB, Knut van der Minde, Arch. Dipl.-Ing.; Dipl.-Ing.",architect,http://www.ruhrpolis-architekten.de/,2,,Dortmund Bochum Gelsenkirchen,"51,5099409","7,0712303"
Schellmann Architektin Architekturbüro,architect,http://www.schellmann.com.de/,2,,Dortmund Bochum Gelsenkirchen,"51,5095184","7,2609943"
Schlösser Architekten & Ingenieure,architect,http://schloesser-architekt.de/,2,,Dortmund Bochum Gelsenkirchen,"51,4900286","7,5022534"
Wiemann Architekten Ingenieure,architect,http://wiemann-architekten.de/,2,,Dortmund Bochum Gelsenkirchen,"51,503763","7,464096"
Appel Messebau,architectural_designer,https://erfolg-messen.com/,2,,Dortmund Bochum Gelsenkirchen,"51,5343618","7,5302726"
Architekt Carsten Voit,architectural_designer,http://www.architekt-dortmund.de/,2,,Dortmund Bochum Gelsenkirchen,"51,4480023","7,4641492"
Architekt Lars W. Gieskes,architectural_designer,http://www.architektgieskes.de/,2,,Dortmund Bochum Gelsenkirchen,"51,5186219","7,1273543"
Architektur dlx Franssen Stratmann,architectural_designer,http://www.dlx.eu,2,,Dortmund Bochum Gelsenkirchen,"51,5129264","7,4569767"
Architekturbüro Bolle Licker,architectural_designer,http://www.architektur-dortmund.de/,2,,Dortmund Bochum Gelsenkirchen,"51,5024844","7,4951993"
Architekturbüro Jörg Wagner,architectural_designer,http://www.architekt-joerg-wagner-bochum.de/?seite=kontakt,2,,Dortmund Bochum Gelsenkirchen,"51,4809381","7,2228007"
Architekturbüro Norbert Herden,architectural_designer,http://www.norbert-herden.de/,2,,Dortmund Bochum Gelsenkirchen,"51,4818571","7,150429"
Architekturbüro Smodila,architectural_designer,http://www.smodila.de/,2,,Dortmund Bochum Gelsenkirchen,"51,5741143","7,1184182"
ARCHWERK,architectural_designer,http://www.archwerk.org/,2,,Dortmund Bochum Gelsenkirchen,"51,4505656","7,2174103"
Assmann Beraten Planen,architectural_designer,http://www.assmann-do.de,2,,Dortmund Bochum Gelsenkirchen,"51,4882413","7,4199475"
BauKo-BauKonzepte GmbH,architectural_designer,http://www.BauKo.net/,2,,Dortmund Bochum Gelsenkirchen,"51,4822748","7,4599859"
BDH Architekten,architectural_designer,http://www.bdh-architekten.de/,2,,Dortmund Bochum Gelsenkirchen,"51,4940186","7,4916902"
bsp architekten,architectural_designer,http://www.architekten-bsp.de/,2,,Dortmund Bochum Gelsenkirchen,"51,5040324","7,2939652"
Das INGenieurHaus,architectural_designer,http://www.das-ingenieurhaus.de/,2,,Dortmund Bochum Gelsenkirchen,"51,4469542","7,5155033"
Dr. Schramm und Partner Architekten Stadtplaner Partgmbb,architectural_designer,https://schramm-partner.com/#1,2,,Dortmund Bochum Gelsenkirchen,"51,5796777","7,0458396"
Drehbrücke 5,architectural_designer,http://www.drehbruecke5.de/,2,,Dortmund Bochum Gelsenkirchen,"51,52793","7,4446"
Dreibund Architekten,architectural_designer,http://www.dreibund-architekten.de,2,,Dortmund Bochum Gelsenkirchen,"51,477179","7,2060074"
f.s.g-Planwerk,architectural_designer,http://www.fsg-planwerk.de/,2,,Dortmund Bochum Gelsenkirchen,"51,4910789","7,242215"
Gerber Architekten,architectural_designer,http://www.gerberarchitekten.de/,,,Dortmund Bochum Gelsenkirchen,"51,4898607","7,3629124"
Griwatz Bauplanung Baubetreuung GmbH,architectural_designer,http://www.griwatz-gmbh.de/,2,,Dortmund Bochum Gelsenkirchen,"51,5799576","7,0536714"
guido seidel architekten,architectural_designer,http://www.guidoseidel.de/,2,,Dortmund Bochum Gelsenkirchen,"51,4590101","7,4301884"
Kiupel Montero Harkort Architekten,architectural_designer,https://architekten-kmh.de,2,,Dortmund Bochum Gelsenkirchen,"51,5087459","7,4447589"
Knaup und Krampe Architekten,architectural_designer,http://www.knaup-krampe.de,2,,Dortmund Bochum Gelsenkirchen,"51,4963135","7,227626"
Krampe Schmidt Architekten BDA,architectural_designer,http://www.krampe-schmidt.de/,2,,Dortmund Bochum Gelsenkirchen,"51,4773818","7,2262817"
Kroos+Schlemper Architekten,architectural_designer,http://www.kroosundschlemper.de/,,,Dortmund Bochum Gelsenkirchen,"51,5007587","7,4891788"
Lindner Lohse Architekten BDA,architectural_designer,http://www.lindner-lohse-architekten.de/,2,,Dortmund Bochum Gelsenkirchen,"51,5017827","7,4895114"
Mustafa Burc,architectural_designer,Ingen webbplats,2,,Dortmund Bochum Gelsenkirchen,"51,5205108","7,4649747"
Müller + Tegtmeier Landschaftsarchitekten,architectural_designer,http://www.mueller-tegtmeier.de/,2,,Dortmund Bochum Gelsenkirchen,"51,5042056","7,4659204"
ONE!CONTACT - Planungsbüro,architectural_designer,http://www.one-contact.de/,2,,Dortmund Bochum Gelsenkirchen,"51,488193","7,2022209"
Pinner Architektur,architectural_designer,http://www.pinner-sass.de/,2,,Dortmund Bochum Gelsenkirchen,"51,4798217","7,4441769"
PlanKonzept Architekturbüro Odrobka,architectural_designer,http://www.plankonzept-odrobka.de,2,,Dortmund Bochum Gelsenkirchen,"51,5025383","7,4900832"
Planquadrat Dortmund,architectural_designer,https://www.planquadrat-dortmund.de/,2,,Dortmund Bochum Gelsenkirchen,"51,5079658","7,465378"
PSR Engineering,architectural_designer,http://www.psr-engineering.de/,2,,Dortmund Bochum Gelsenkirchen,"51,515374","7,258194"
Redenz Architekten Stadtplaner,architectural_designer,http://www.redenz-architekten.de,2,,Dortmund Bochum Gelsenkirchen,"51,5328512","7,4530559"
Schamp & Schmalöer,architectural_designer,http://www.schamp-schmaloeer.de,2,,Dortmund Bochum Gelsenkirchen,"51,4860344","7,4819018"
SHA Scheffler Helbich Architekten,architectural_designer,https://sha.de/,2,,Dortmund Bochum Gelsenkirchen,"51,4876304","7,4885312"
soan architekten,architectural_designer,http://www.soan-architekten.de,2,,Dortmund Bochum Gelsenkirchen,"51,4312255","7,1735611"
Tor 5 Architekten,architectural_designer,http://www.tor5.de,2,,Dortmund Bochum Gelsenkirchen,"51,4782136","7,198426"
TOR5 Architekten BDA,architectural_designer,http://www.tor5.de/,2,,Dortmund Bochum Gelsenkirchen,"51,4509836","7,2797326"
Vervoorts & Schindler Architekten BDA,architectural_designer,http://vs-architekten.de/,2,,Dortmund Bochum Gelsenkirchen,"51,4670271","7,1955103"
Volker Neweling,architectural_designer,Ingen webbplats,2,,Dortmund Bochum Gelsenkirchen,"51,49015","7,382722"
ZWEI15GmbH Projektplanung,architectural_designer,http://www.zwei15.com/,2,,Dortmund Bochum Gelsenkirchen,"51,5192651","7,2817683"
44309 gallery,art_gallery,http://www.44309gallery.net/,,,Dortmund Bochum Gelsenkirchen,"51,513531","7,4535151"
44309 public art space,art_gallery,http://44309publicartspace.net/,,,Dortmund Bochum Gelsenkirchen,"51,52893","7,54227"
adhoc,art_gallery,http://www.adhocraum.com/,,,Dortmund Bochum Gelsenkirchen,"51,4784434","7,212299"
ART Dortmund,art_gallery,http://www.artdortmund.com/,,,Dortmund Bochum Gelsenkirchen,"51,475303","7,4360514"
Art-Transmitter,art_gallery,http://www.art-transmitter.de/,,,Dortmund Bochum Gelsenkirchen,"51,5117093","7,4811367"
Aspei e V,art_gallery,www.aspei.de,,,Dortmund Bochum Gelsenkirchen,"51,4532178","7,2659033"
Atelier Automatique,art_gallery,Ingen webbplats,,,Dortmund Bochum Gelsenkirchen,"51,4794302","7,2121301"
Atelier Christian Nienhaus,art_gallery,http://www.christian-nienhaus.de/,,,Dortmund Bochum Gelsenkirchen,"51,5841188","7,0418513"
Atelier Pilgrim,art_gallery,http://atelierpilgrim.de/,,,Dortmund Bochum Gelsenkirchen,"51,5055621","7,1142906"
Atelier Robert Kaller,art_gallery,http://www.kallerkunst.de/,,,Dortmund Bochum Gelsenkirchen,"51,4559561","7,4444803"
Atelier Sandra Kunce-Haurand,art_gallery,http://sandrakuncehaurand.com/,,,Dortmund Bochum Gelsenkirchen,"51,4907078","7,1864227"
Atelier Schreinerei,art_gallery,http://www.atelier-schreinerei.de/,,,Dortmund Bochum Gelsenkirchen,"51,512223","7,441369"
Atelier-wienand,art_gallery,http://www.atelier-wienand.de/,,,Dortmund Bochum Gelsenkirchen,"51,48744","7,49631"
Atelier21,art_gallery,http://atelier21-dortmund.de/,,,Dortmund Bochum Gelsenkirchen,"51,51256","7,43926"
Atelierhaus Alterkiosk,art_gallery,http://www.atelierhaus-alterkiosk.de/,,,Dortmund Bochum Gelsenkirchen,"51,5206431","7,4795163"
Bastion No Budget Arts,art_gallery,http://www.no-budget-arts.de/bastion/,,,Dortmund Bochum Gelsenkirchen,"51,487343","7,242608"
bild.sprachen,art_gallery,http://www.bildsprachen.de/,,,Dortmund Bochum Gelsenkirchen,"51,5008695","7,1131358"
Bildergalerie Kalistratow - Berwing,art_gallery,Ingen webbplats,,,Dortmund Bochum Gelsenkirchen,"51,5159213","7,4848301"
Bilderguru,art_gallery,https://bilder-guru.de/,,,Dortmund Bochum Gelsenkirchen,"51,4669303","7,4825851"
BLAM Produzentengalerie,art_gallery,https://www.blamgalerie.de/,,,Dortmund Bochum Gelsenkirchen,"51,5097114","7,4424249"
Bund Gelsenkirchener Künstler,art_gallery,http://bundgelsenkirchenerkuenstler.de/,,,Dortmund Bochum Gelsenkirchen,"51,5011537","7,1156454"
Chrom Galerie Für Gegenwartskunst,art_gallery,http://www.chrom.tv,,,Dortmund Bochum Gelsenkirchen,"51,473644","7,21441"
Colerio,art_gallery,https://www.colerio.de/,,,Dortmund Bochum Gelsenkirchen,"51,4917696","7,3071265"
Creatief-Atelier Dortmund               Annette Endtricht,art_gallery,http://www.creatief-dortmund.de/,,,Dortmund Bochum Gelsenkirchen,"51,494318","7,5001283"
Dalberg Galerie,art_gallery,http://www.galerie-dalberg.de/,,,Dortmund Bochum Gelsenkirchen,"51,507514","7,460421"
Dark Gallery by Risto,art_gallery,http://www.darkgallery.de/,,,Dortmund Bochum Gelsenkirchen,"51,4714465","7,2133101"
Das Kunstbonbon,art_gallery,https://www.facebook.com/Kunstbonbon,,,Dortmund Bochum Gelsenkirchen,"51,5085955","7,4631024"
der kunstbetrieb,art_gallery,http://www.derkunstbetrieb.de/,,,Dortmund Bochum Gelsenkirchen,"51,5199551","7,4486927"
Dortmunder Kunstverein,art_gallery,http://www.dortmunder-kunstverein.de/,,,Dortmund Bochum Gelsenkirchen,"51,5143535","7,4547525"
Eurasia Kulturverein,art_gallery,http://www.bildsprachen.de/gelsenkirchen/galeriemeile/eurasia-kulturverein/,,,Dortmund Bochum Gelsenkirchen,"51,500967","7,11523"
Farbgemisch,art_gallery,http://www.farbgemisch.de/,,,Dortmund Bochum Gelsenkirchen,"51,603847","7,0490837"
Freies Kunst Territorium - FKT - Bochum,art_gallery,http://fktbo.blogspot.com/,,,Dortmund Bochum Gelsenkirchen,"51,476355","7,20449"
FritzArt,art_gallery,http://www.fritz-art.de,,,Dortmund Bochum Gelsenkirchen,"51,4776452","7,2169899"
Galerie januar e.V.,art_gallery,http://www.galerie-januar.de/,,,Dortmund Bochum Gelsenkirchen,"51,4752568","7,301801"
Galerie Jutta Kabuth,art_gallery,http://www.galerie-kabuth.de/,,,Dortmund Bochum Gelsenkirchen,"51,5133702","7,1008029"
Galerie m Bochum,art_gallery,http://www.m-bochum.de,,,Dortmund Bochum Gelsenkirchen,"51,44833","7,19036"
Galerie R15,art_gallery,Ingen webbplats,,,Dortmund Bochum Gelsenkirchen,"51,479078","7,212225"
"Galerie Torfhaus, Westfalenpark",art_gallery,http://www.freundeskreis-westfalenpark.de/galerie-torfhaus,,,Dortmund Bochum Gelsenkirchen,"51,4941224","7,476351"
Galerie Utermann,art_gallery,http://www.galerieutermann.de/,,,Dortmund Bochum Gelsenkirchen,"51,5127411","7,4631405"
Galerie-G18,art_gallery,http://www.galerie-g18.de/,,,Dortmund Bochum Gelsenkirchen,"51,51256","7,48706"
Galeriemeile Gelsenkirchen,art_gallery,https://www.galeriemeile-gelsenkirchen.de/,,,Dortmund Bochum Gelsenkirchen,"51,49072","7,1003"
GalerieWerkstatt Bettina Kretschmer,art_gallery,https://www.stilpunkte.de/bochum/eintraege/galerie-werkstatt-kretschmer/,,,Dortmund Bochum Gelsenkirchen,"51,42992","7,16661"
Gruppe Elf Bochum e.V.,art_gallery,http://www.gruppe-elf-bochum.de/,,,Dortmund Bochum Gelsenkirchen,"51,4709612","7,2402427"
Halfmannshof,art_gallery,http://www.halfmannshof-gelsenkirchen.de/,,,Dortmund Bochum Gelsenkirchen,"51,490859","7,1002481"
Industriart,art_gallery,http://www.industriart.de/,,,Dortmund Bochum Gelsenkirchen,"51,4920729","7,5140114"
K and B Kunst NRW - Musik- und Kulturcenter,art_gallery,https://kunstnrw.de/,,,Dortmund Bochum Gelsenkirchen,"51,51591769","7,48480681"
Kaninchenbau - Atelier für Tätowierungen,art_gallery,https://kaninchenbau.news/impressum/,,,Dortmund Bochum Gelsenkirchen,"51,4937448","7,2128038"
Kleine Galerie GE,art_gallery,http://www.marion-falkowski.de/kleine-galerie,,,Dortmund Bochum Gelsenkirchen,"51,5003928","7,1091543"
Konter - Studio für Gestaltung,art_gallery,http://www.studiokonter.de/,,,Dortmund Bochum Gelsenkirchen,"51,5136696","7,4372002"
Kunst im Kreuzviertel Galerie 42,art_gallery,http://kunstimkreuzviertel.de/,,,Dortmund Bochum Gelsenkirchen,"51,5044401","7,4532494"
Kunst und Keramik Tatjana Vodopyan,art_gallery,http://vodopyan.de/index.html,,,Dortmund Bochum Gelsenkirchen,"51,4716","7,42602"
kunstdomäne,art_gallery,http://www.kunstdomaene.de/,,,Dortmund Bochum Gelsenkirchen,"51,5247409","7,4561477"
Kunstort Ruhr,art_gallery,http://www.kunstort-ruhr.de/,,,Dortmund Bochum Gelsenkirchen,"51,5102901","7,4539609"
Kunststation Rheinelbe,art_gallery,http://www.kunststation-rheinelbe.de/,,,Dortmund Bochum Gelsenkirchen,"51,489931","7,1076599"
Kunstverein Bochum,art_gallery,http://www.kunstverein-bochum.de/,,,Dortmund Bochum Gelsenkirchen,"51,4831851","7,2121102"
Kunstwerkstatt am Hellweg,art_gallery,http://www.kunstwerkstatt-am-hellweg.de/,,,Dortmund Bochum Gelsenkirchen,"51,4681999","7,1603782"
Künstler Kneipe,art_gallery,Ingen webbplats,,,Dortmund Bochum Gelsenkirchen,"51,512405","7,437982"
Künstlerhaus Dortmund e.V.,art_gallery,http://www.kh-do.de/,,,Dortmund Bochum Gelsenkirchen,"51,5174559","7,4461391"
LIN ArtDesign / LINPopUp,art_gallery,http://www.lin-popupkarten.de/,,,Dortmund Bochum Gelsenkirchen,"51,550835","7,038777"
LUMAS,art_gallery,Ingen webbplats,,,Dortmund Bochum Gelsenkirchen,"51,5137033","7,4635536"
Made by You Bochum,art_gallery,http://www.madebyyou-bochum.de/,,,Dortmund Bochum Gelsenkirchen,"51,4739","7,22627"
Maschinenhalle Friedlicher Nachbar,art_gallery,Ingen webbplats,,,Dortmund Bochum Gelsenkirchen,"51,4262962","7,1793952"
Mental Space,art_gallery,http://mentalspace.eu/,,,Dortmund Bochum Gelsenkirchen,"51,4776235","7,2255595"
"Michael Ruppert Einrahmungen, Bilder & Spiegel passe partout",art_gallery,http://www.bo-line.de/passe-partout,,,Dortmund Bochum Gelsenkirchen,"51,4751133","7,3051583"
Nepal Kulturhaus,art_gallery,http://www.nepalkultur-haus.de/,,,Dortmund Bochum Gelsenkirchen,"51,484418","7,218878"
Nordstadtgalerie - Kreativer Brennpunkt,art_gallery,https://www.fh-dortmund.de/nordstadtgalerie,,,Dortmund Bochum Gelsenkirchen,"51,526352","7,4711327"
Oxygen,art_gallery,http://www.oxygen.jetzt/,,,Dortmund Bochum Gelsenkirchen,"51,49048","7,50142"
Phoenix des Lumieres,art_gallery,https://www.phoenix-lumieres.com/,,,Dortmund Bochum Gelsenkirchen,"51,4886887","7,4886347"
Porzellan & Kunsthandel-RS,art_gallery,https://ankauf-porzellan.de/,,,Dortmund Bochum Gelsenkirchen,"51,505303","7,46863"
postergalerie Schroeder GmbH,art_gallery,http://www.pogado.de/,,,Dortmund Bochum Gelsenkirchen,"51,5147454","7,4658969"
Provinz Editionen,art_gallery,http://provinzeditionen.de,,,Dortmund Bochum Gelsenkirchen,"51,47433","7,215364"
Raum für Kunst auf Zeit,art_gallery,http://www.raumfuerkunstaufzeit.de/,,,Dortmund Bochum Gelsenkirchen,"51,4914134","7,5558388"
Revierwunder Atelier,art_gallery,https://www.trapmannpalast.de/,,,Dortmund Bochum Gelsenkirchen,"51,5215","7,53543"
Salon Atelier,art_gallery,http://www.salon-atelier.de/,,,Dortmund Bochum Gelsenkirchen,"51,5113842","7,4412136"
Sold Out Gallery,art_gallery,http://www.soldoutgallery.de/,,,Dortmund Bochum Gelsenkirchen,"51,4733261","7,2161424"
This room is our storage,art_gallery,Ingen webbplats,,,Dortmund Bochum Gelsenkirchen,"51,5127934","7,4428128"
Tribal Art Kortmann,art_gallery,http://ulrichkortmann.com/,,,Dortmund Bochum Gelsenkirchen,"51,5225018","7,5376946"
uzwei im Dortmunder U,art_gallery,http://www.aufderuzwei.de/,,,Dortmund Bochum Gelsenkirchen,"51,5152185","7,4535577"
Wilhelm Frosting,art_gallery,http://www.wilhelm-frosting.de,,,Dortmund Bochum Gelsenkirchen,"51,4754442","7,5426337"
Wüstefeld Frank Bildhauer Natursteinarbeiten,art_gallery,http://www.grabmale-wuestefeld.de,,,Dortmund Bochum Gelsenkirchen,"51,500536","7,396566"
Zweites Büro - Atelier und Ausstellungsraum,art_gallery,http://www.zweitesbuero.de/,,,Dortmund Bochum Gelsenkirchen,"51,5136969","7,437226"
Fritz Steinhoff Haus,art_museum,http://wp.falken-gelsenkirchen.de,,,Dortmund Bochum Gelsenkirchen,"51,5330743","7,1053509"
Kunstmuseum Bochum,art_museum,http://www.kunstmuseumbochum.de/,,,Dortmund Bochum Gelsenkirchen,"51,4874807","7,2214499"
Kunstschule Gelsenkirchen e.V.,art_school,http://kunstschule-gelsenkirchen.de/,,,Dortmund Bochum Gelsenkirchen,"51,5643556","7,082745"
Pianist Alexander Hoell,art_school,http://www.pianist-nrw.de/,,,Dortmund Bochum Gelsenkirchen,"51,5097407","7,4532336"
Tony Liotta Drumschool,art_school,http://www.tonyliotta.com/,,,Dortmund Bochum Gelsenkirchen,"51,4950454","7,5619454"
idee. Creativmarkt,art_supply_store,https://www.idee-shop.com/bastelladen-bochum/,2,,Dortmund Bochum Gelsenkirchen,"51,4833482","7,2172712"
idee. Creativmarkt,art_supply_store,https://www.idee-shop.com/bastelladen-bochum-im-ruhr-park/,2,,Dortmund Bochum Gelsenkirchen,"51,4952451","7,278698"
Badgematic Button GmbH,arts_and_crafts,http://www.badgematic.de/,,,Dortmund Bochum Gelsenkirchen,"51,47529","7,2886399"
Daycolors Distribution,arts_and_crafts,http://www.daycolors-distribution.com/,,,Dortmund Bochum Gelsenkirchen,"51,4966449","7,3567137"
Deko- Häuschen ,arts_and_crafts,Ingen webbplats,,,Dortmund Bochum Gelsenkirchen,"51,52306","7,59093"
Erzgebirgische Volkskunst Steek & Radtke,arts_and_crafts,http://www.erzgebirgekunst.de/,,,Dortmund Bochum Gelsenkirchen,"51,4446399","7,2807472"
Ev. Johanneswerk e.V.,arts_and_crafts,Ingen webbplats,,,Dortmund Bochum Gelsenkirchen,"51,46457","7,2557"
Godehardt,arts_and_crafts,http://www.godehardt.com/,,,Dortmund Bochum Gelsenkirchen,"51,4777726","7,2170018"
Hagazussas Hain - SchamanenKunst & HexenWerk,arts_and_crafts,http://www.hagazussas-hain.de/impressum-facebook,,,Dortmund Bochum Gelsenkirchen,"51,4778887","7,5365726"
idee. Creativmarkt,arts_and_crafts,https://www.idee-shop.com/bastelladen-bochum-im-ruhr-park/,,,Dortmund Bochum Gelsenkirchen,"51,4950375","7,278319"
idee. Creativmarkt,arts_and_crafts,https://www.idee-shop.com/bastelladen-dortmund/,,,Dortmund Bochum Gelsenkirchen,"51,5142063","7,4586259"
Imberg GmbH & Co,arts_and_crafts,http://www.imberg-steine.de,,,Dortmund Bochum Gelsenkirchen,"51,421927","7,471697"
Kajoma-creative - Kathi's kleines Kreativstübchen,arts_and_crafts,http://www.kajoma-creative.de/,,,Dortmund Bochum Gelsenkirchen,"51,52849","7,12288"
Kartenträume Angela Pätzold,arts_and_crafts,https://kartentraeume.wixsite.com/kartentraeume,,,Dortmund Bochum Gelsenkirchen,"51,4394267","7,1578796"
Klavier Helden,arts_and_crafts,http://klavier-helden.com/,,,Dortmund Bochum Gelsenkirchen,"51,44489","7,53258"
Kunst und Kreativ Dortmund,arts_and_crafts,http://www.kuk-markt.de/,,,Dortmund Bochum Gelsenkirchen,"51,4756474","7,4322978"
Lantana-Design,arts_and_crafts,http://www.lantana-design.de/,,,Dortmund Bochum Gelsenkirchen,"51,5067943","7,5610195"
Malerbetrieb Schmelter,arts_and_crafts,,,,Dortmund Bochum Gelsenkirchen,"51,5110336","7,0985651"
Marten Keramik Design,arts_and_crafts,http://www.georgiamarten.de/,,,Dortmund Bochum Gelsenkirchen,"51,44438","7,22073"
Mavili Kreativwerkstatt,arts_and_crafts,Ingen webbplats,,,Dortmund Bochum Gelsenkirchen,"51,5099144","7,0987909"
Namaste Asiatix,arts_and_crafts,Ingen webbplats,,,Dortmund Bochum Gelsenkirchen,"51,5122831","7,4719782"
Schlieker Haus Bochum,arts_and_crafts,http://www.schlieker-haus.de/,,,Dortmund Bochum Gelsenkirchen,"51,4564138","7,2758808"
Schäfchen - Spaß an Wolle,arts_and_crafts,http://schaefchen-wolle.de/,,,Dortmund Bochum Gelsenkirchen,"51,4928857","7,555668"
Schönes aus Wolle,arts_and_crafts,http://www.iris-fey.de/,,,Dortmund Bochum Gelsenkirchen,"51,521413","7,052716"
the Ravenfeeder,arts_and_crafts,Ingen webbplats,,,Dortmund Bochum Gelsenkirchen,"51,51039","7,48672"
Twinkle Beads,arts_and_crafts,http://www.twinklebeads.de/,,,Dortmund Bochum Gelsenkirchen,"51,5128243","7,4253446"
Wood e Nuff - Upcycling & Holzverarbeitung,arts_and_crafts,http://www.woodenuff.com/,,,Dortmund Bochum Gelsenkirchen,"51,4793128","7,211647"
237Showbiz,arts_and_entertainment,https://www.237showbiz.com/,2,,Dortmund Bochum Gelsenkirchen,"51,55136","7,37022"
ADFC Dortmund,arts_and_entertainment,http://www.adfc-dortmund.de/,,,Dortmund Bochum Gelsenkirchen,"51,4851971","7,4957533"
AKF Bochum,arts_and_entertainment,http://www.akf-bochum.de.tl/,,,Dortmund Bochum Gelsenkirchen,"51,4853219","7,2228718"
Amaterasu Tonstudio,arts_and_entertainment,http://www.amaterasu-tonstudio.de,,,Dortmund Bochum Gelsenkirchen,"51,5600725","7,090575"
Arabesk Shisha Bar & Shisha Lounge,arts_and_entertainment,Ingen webbplats,,,Dortmund Bochum Gelsenkirchen,"51,523197","7,463397"
Atelier Marc Bühren,arts_and_entertainment,http://www.marc-buehren.com/,,,Dortmund Bochum Gelsenkirchen,"51,4815454","7,5010782"
Atelier Sabine Oecking,arts_and_entertainment,http://www.atelier-oecking.de/,,,Dortmund Bochum Gelsenkirchen,"51,5320034","7,4150486"
Atelier Skala,arts_and_entertainment,https://atelier-skala.de,,,Dortmund Bochum Gelsenkirchen,"51,5199755","7,2761525"
Beans & Fury 99,arts_and_entertainment,Ingen webbplats,,,Dortmund Bochum Gelsenkirchen,"51,50012","7,10968"
Bochum,arts_and_entertainment,http://www.bochum.de/,,,Dortmund Bochum Gelsenkirchen,"51,45935","7,2291"
Bochum Bermudadreieck,arts_and_entertainment,http://www.bermuda3eck.de,,,Dortmund Bochum Gelsenkirchen,"51,476873","7,216427"
Bochumer Symphoniker,arts_and_entertainment,http://www.bochumer-symphoniker.de/,,,Dortmund Bochum Gelsenkirchen,"51,4771561","7,2148708"
Breakpoint,arts_and_entertainment,https://breakpoint-gelsenkirchen.de,,,Dortmund Bochum Gelsenkirchen,"51,512568","7,098575"
Bürgerhaus Bövinghausen,arts_and_entertainment,Ingen webbplats,,,Dortmund Bochum Gelsenkirchen,"51,5211726","7,3285457"
Clown Bubu / Martin Pittasch,arts_and_entertainment,http://www.clownbubu.de/,,,Dortmund Bochum Gelsenkirchen,"51,525162","7,483814"
Consol4,arts_and_entertainment,http://www.consol4.de,,,Dortmund Bochum Gelsenkirchen,"51,5283869","7,1090466"
Der Bunker,arts_and_entertainment,https://www.der-bunker.org/,,,Dortmund Bochum Gelsenkirchen,"51,4877021","7,3058088"
Dortmund Hombruch,arts_and_entertainment,Ingen webbplats,,,Dortmund Bochum Gelsenkirchen,"51,4757382","7,4436745"
Dortmunder Nachtschicht e.V.,arts_and_entertainment,http://www.dortmunder-nachtschicht.de/,,,Dortmund Bochum Gelsenkirchen,"51,5128525","7,4462857"
Efroni Jakov Wettannahme,arts_and_entertainment,https://www.wettannahmen-efroni.de,,,Dortmund Bochum Gelsenkirchen,"51,483128","7,219146"
Église Saint-Renaud,arts_and_entertainment,http://de.wikipedia.org/wiki/index.html?curid=228283,,,Dortmund Bochum Gelsenkirchen,"51,514722","7,467222"
Emscher-Lippe-Halle,arts_and_entertainment,http://www.sport-paradies.de,,,Dortmund Bochum Gelsenkirchen,"51,552971","7,0733238"
Eric Richards - pianomanruhr,arts_and_entertainment,http://www.pianomanruhr.com/,,,Dortmund Bochum Gelsenkirchen,"51,4782346","7,441"
Flames Fire Company,arts_and_entertainment,https://www.flames-firecompany.de/,,,Dortmund Bochum Gelsenkirchen,"51,5086442","7,4290853"
Form-Schlüssig,arts_and_entertainment,Ingen webbplats,,,Dortmund Bochum Gelsenkirchen,"51,515275","7,36187"
Freilichtbühne Wattenscheid,arts_and_entertainment,http://www.freilichtbuehne-wattenscheid.de/,,,Dortmund Bochum Gelsenkirchen,"51,4857851","7,1405561"
Gartenverein Buschmühle e. V.,arts_and_entertainment,www.gartenverein-buschmuehle.de,,,Dortmund Bochum Gelsenkirchen,"51,4849902","7,4624774"
German Film Comic Con,arts_and_entertainment,https://www.germanfilmcomiccon.com/,,,Dortmund Bochum Gelsenkirchen,"51,4962288","7,4519606"
Hochhaus Hansa,arts_and_entertainment,http://www.artlab21.org/archiv/hochhaus_hansa/index_eng.html,,,Dortmund Bochum Gelsenkirchen,"51,540712","7,4122797"
Hombrucher Kulturfrühling,arts_and_entertainment,http://www.kultur-hombruch.de/,,,Dortmund Bochum Gelsenkirchen,"51,4760182","7,4392721"
Hottenlotten,arts_and_entertainment,https://www.hottenlotten.de/,,,Dortmund Bochum Gelsenkirchen,"51,47107","7,18853"
Husen,arts_and_entertainment,Ingen webbplats,,,Dortmund Bochum Gelsenkirchen,"51,559084","7,5963614"
Ibkk Kunstzentrum,arts_and_entertainment,http://www.ibkk-kunstzentrum.de/,,,Dortmund Bochum Gelsenkirchen,"51,4820651","7,1277515"
Italienverein Dortmund,arts_and_entertainment,http://www.italienverein.de/,,,Dortmund Bochum Gelsenkirchen,"51,533215","7,4539697"
KHG Dortmund,arts_and_entertainment,http://www.khg-dortmund.de/,,,Dortmund Bochum Gelsenkirchen,"51,4880842","7,4232475"
Kohle und Stahl,arts_and_entertainment,http://www.KohleundStahl.Ruhr/,,,Dortmund Bochum Gelsenkirchen,"51,4575","7,1432"
Kulturhaus Lütgendortmund,arts_and_entertainment,Ingen webbplats,,,Dortmund Bochum Gelsenkirchen,"51,4988549","7,3318172"
Kurse bei boesner,arts_and_entertainment,https://www.kurse-bei-boesner.de/,,,Dortmund Bochum Gelsenkirchen,"51,47813","7,40423"
literaturhaus.dortmund,arts_and_entertainment,http://www.literaturhaus-dortmund.de/,,,Dortmund Bochum Gelsenkirchen,"51,5053243","7,4522354"
LutherLAB,arts_and_entertainment,https://www.LutherLAB.de/,,,Dortmund Bochum Gelsenkirchen,"51,4746268","7,3071031"
Ma-Gazin,arts_and_entertainment,https://www.big-direkt.de/de/gesund-leben/kinder,,,Dortmund Bochum Gelsenkirchen,"51,5142","7,45441"
Malschule,arts_and_entertainment,http://www.silvia-szlapka.de/,,,Dortmund Bochum Gelsenkirchen,"51,42992","7,16661"
Marc Sueper | Zauberer & Mentalmagier,arts_and_entertainment,https://marcsueper.com/,,,Dortmund Bochum Gelsenkirchen,"51,494657","7,303465"
Mennecke Pole-Position,arts_and_entertainment,http://mennecke.rote-erde.de/,,,Dortmund Bochum Gelsenkirchen,"51,447049","7,535928"
Mittelalterostermarkt,arts_and_entertainment,Ingen webbplats,,,Dortmund Bochum Gelsenkirchen,"51,4213224","7,4860673"
ODT,arts_and_entertainment,http://www.omadoris.de/,,,Dortmund Bochum Gelsenkirchen,"51,5153596","7,4668349"
Open Space,arts_and_entertainment,http://www.openspace.ruhr/,,,Dortmund Bochum Gelsenkirchen,"51,4744389","7,2101394"
PAJANE,arts_and_entertainment,http://www.pajane-music.com/,,,Dortmund Bochum Gelsenkirchen,"51,499519","7,23711"
Pan-Kultur,arts_and_entertainment,http://www.pan-kultur.de,,,Dortmund Bochum Gelsenkirchen,"51,51617","7,48588"
PREISING.media im Inhouse Dortmund,arts_and_entertainment,Ingen webbplats,,,Dortmund Bochum Gelsenkirchen,"51,4967761","7,4394256"
Reithallenparty Barop,arts_and_entertainment,http://www.reithallenparty-barop.de/,,,Dortmund Bochum Gelsenkirchen,"51,4708621","7,4108528"
Riesenräder Burghard-Kleuser,arts_and_entertainment,http://www.riesenraeder.eu/,,,Dortmund Bochum Gelsenkirchen,"51,46243","7,456945"
RPH Industrie-Partner GmbH,arts_and_entertainment,http://www.rph-gmbh.de,,,Dortmund Bochum Gelsenkirchen,"51,4699049","7,3089807"
Rätselraum Ruhrpott,arts_and_entertainment,http://www.raetselraum.de/,,,Dortmund Bochum Gelsenkirchen,"51,4797781","7,2169172"
Science Slam,arts_and_entertainment,http://www.science-slam.com/,,,Dortmund Bochum Gelsenkirchen,"51,5137392","7,437032"
Shifter,arts_and_entertainment,http://shifter-band.com/,,,Dortmund Bochum Gelsenkirchen,"51,50992","7,11135"
Skywalker Movie Gallery,arts_and_entertainment,http://www.skywalker.gallery/,,,Dortmund Bochum Gelsenkirchen,"51,5362191","7,4162221"
Spielstation BOCHUM,arts_and_entertainment,http://www.hier-bin-ich-koenig.de,,,Dortmund Bochum Gelsenkirchen,"51,4939856","7,2334619"
Tenor Arno Bovensmann,arts_and_entertainment,http://www.arnobovensmann.de/,,,Dortmund Bochum Gelsenkirchen,"51,46407","7,20202"
Travestiekunst Miss-Lili Die Party Queen,arts_and_entertainment,https://www.travestie-kuenstler.de/,,,Dortmund Bochum Gelsenkirchen,"51,5249578","7,3641063"
TURKA,arts_and_entertainment,http://www.turka.de/,,,Dortmund Bochum Gelsenkirchen,"51,49676","7,19553"
Wageni,arts_and_entertainment,Ingen webbplats,,,Dortmund Bochum Gelsenkirchen,"51,479527","7,3221861"
werkstatt e.V.,arts_and_entertainment,http://www.werkstatt-ev.de/,,,Dortmund Bochum Gelsenkirchen,"51,579662","7,0509107"
Westfälischer Industrieklub,arts_and_entertainment,http://www.wik-dortmund.de/,,,Dortmund Bochum Gelsenkirchen,"51,513634","7,4668507"
Wiemelhausen,arts_and_entertainment,Ingen webbplats,,,Dortmund Bochum Gelsenkirchen,"51,45148","7,23159"
WortGEwaltig,arts_and_entertainment,http://www.wortgewaltig-ge.de/,,,Dortmund Bochum Gelsenkirchen,"51,49062","7,08608"
7000 Schmetterlinge,attractions_and_activities,http://www.7000schmetterlinge.de/,,,Dortmund Bochum Gelsenkirchen,"51,51965","7,44531"
Alleschestr Lippstädterstr,attractions_and_activities,http://www.kocatepecamii.de/,,,Dortmund Bochum Gelsenkirchen,"51,52633","7,48152"
Bittermärker Wald,attractions_and_activities,Ingen webbplats,,,Dortmund Bochum Gelsenkirchen,"51,4574182","7,4744567"
Blaues Kreuz in der Ev. Kirche e.V. Landesverband NRW,attractions_and_activities,http://www.nrw.blaues-kreuz.org,,,Dortmund Bochum Gelsenkirchen,"51,430488","7,175103"
Bsv 1854 e.V.,attractions_and_activities,http://www.bsv-bochum-stiepel.de/,2,,Dortmund Bochum Gelsenkirchen,"51,4275614","7,2234566"
Eberstr.,attractions_and_activities,Ingen webbplats,2,,Dortmund Bochum Gelsenkirchen,"51,533493","7,460562"
Erdbeerfeld Oespel,attractions_and_activities,Ingen webbplats,2,,Dortmund Bochum Gelsenkirchen,"51,4786079","7,3884129"
Funyula Vision,attractions_and_activities,Ingen webbplats,,,Dortmund Bochum Gelsenkirchen,"51,494709","7,269349"
Gartenfreunde e.V.,attractions_and_activities,Ingen webbplats,,,Dortmund Bochum Gelsenkirchen,"51,4327236","7,1425623"
"Gartenverein "" Heideblick "" e.V.",attractions_and_activities,https://www.heideblick-dortmund.de/,,,Dortmund Bochum Gelsenkirchen,"51,4831632","7,4449477"
Gartenverein Bolmketal,attractions_and_activities,https://bolmketal.de,,,Dortmund Bochum Gelsenkirchen,"51,4901381","7,4499988"
Gartenverein Walter Engelberg,attractions_and_activities,http://gartenverein-walter-engelberg.de/,,,Dortmund Bochum Gelsenkirchen,"51,4989877","7,4989385"
Gemeinschaftsgarten an der Bochumer Str.,attractions_and_activities,Ingen webbplats,,,Dortmund Bochum Gelsenkirchen,"51,4986332","7,1127892"
Grünlabor im Biomassepark Hugo,attractions_and_activities,http://www.gruenlabor-biomassepark.de/,,,Dortmund Bochum Gelsenkirchen,"51,5708745","7,0381004"
Kakanj-Kraljeva Sutjeska e.V.,attractions_and_activities,Ingen webbplats,,,Dortmund Bochum Gelsenkirchen,"51,51812","7,07998"
Kleingarten Emschertal,attractions_and_activities,http://www.kgv-emschertal.de/,,,Dortmund Bochum Gelsenkirchen,"51,5238711","7,1084563"
Kleingartenanlage,attractions_and_activities,Ingen webbplats,,,Dortmund Bochum Gelsenkirchen,"51,4978683","7,493835"
Kleingartenverein Im Schmechtingwiesental,attractions_and_activities,http://www.im-schmechtingwiesental-ev.de,,,Dortmund Bochum Gelsenkirchen,"51,4915678","7,216163"
Kleingärtnerverein Erholung am Stadtpark e.V.,attractions_and_activities,Ingen webbplats,,,Dortmund Bochum Gelsenkirchen,"51,497111","7,222596"
Metropolengarten,attractions_and_activities,http://www.metropolengarten.de/,,,Dortmund Bochum Gelsenkirchen,"51,4913574","7,0839052"
PBC Hellweg,attractions_and_activities,http://www.pbchellweg.de,,,Dortmund Bochum Gelsenkirchen,"51,49986","7,33676"
Reitgemeinschaft Räther am,attractions_and_activities,http://www.rg-raether-am-stadtwald-ev.de/,,,Dortmund Bochum Gelsenkirchen,"51,5795614","7,0876805"
Royal Saint Barbara's Dortmund Golf Club e.V.,attractions_and_activities,http://www.royal-dortmund-gc.de/,,,Dortmund Bochum Gelsenkirchen,"51,5404587","7,5530898"
Salinger Feld Süd,attractions_and_activities,Ingen webbplats,,,Dortmund Bochum Gelsenkirchen,"51,4637297","7,4102709"
Schürener Feld,attractions_and_activities,Ingen webbplats,,,Dortmund Bochum Gelsenkirchen,"51,5026906","7,5426391"
Stadtgarten Wattenscheid,attractions_and_activities,http://www.freilichtbuehne-wattenscheid.de/,,,Dortmund Bochum Gelsenkirchen,"51,486507","7,1418178"
Stollenzeche Beckersches Feld,attractions_and_activities,Ingen webbplats,,,Dortmund Bochum Gelsenkirchen,"51,4204167","7,4798611"
Streets of Dortmund,attractions_and_activities,Ingen webbplats,,,Dortmund Bochum Gelsenkirchen,"51,525361","7,457114"
VfB Gelsenkirchen e.V.,attractions_and_activities,Ingen webbplats,,,Dortmund Bochum Gelsenkirchen,"51,514","7,073"
Windhundstadion Gelsenkirchen,attractions_and_activities,Ingen webbplats,,,Dortmund Bochum Gelsenkirchen,"51,5529301","7,140924"
Zeche Zellerfeld,attractions_and_activities,Ingen webbplats,,,Dortmund Bochum Gelsenkirchen,"51,473312","7,4374866"
Auditorium Kloster Stiepel,auditorium,https://www.kloster-stiepel.org/kloster/auditorium/,,,Dortmund Bochum Gelsenkirchen,"51,43142","7,22803"
Silbersaal,auditorium,Ingen webbplats,,,Dortmund Bochum Gelsenkirchen,"51,495987","7,456467"
Ari Kiosk,book_magazine_distribution,Ingen webbplats,,,Dortmund Bochum Gelsenkirchen,"51,521276","7,45737"
Kiosk Gartenstadt,book_magazine_distribution,Ingen webbplats,,,Dortmund Bochum Gelsenkirchen,"51,4958541","7,5057601"
Stadtteillädchen Martin Stolpe,book_magazine_distribution,http://lotto-toto-post-martin-stolpe.business.site/,,,Dortmund Bochum Gelsenkirchen,"51,5683761","7,3726299"
Buchbinderei Beckmann,bookbinding,https://buchbinderei-beckmann.de/,,,Dortmund Bochum Gelsenkirchen,"51,4699526","7,2568056"
Aida Buchhandlung,bookstore,http://aidabook.de/,,,Dortmund Bochum Gelsenkirchen,"51,4724123","7,2264282"
Antiquariat im Kaiserviertel / Wimbauer Buchversand,bookstore,http://www.antiquariat-im-kaiserviertel.de/,,,Dortmund Bochum Gelsenkirchen,"51,5115177","7,4962792"
Antiquariat Le chat qui lit,bookstore,http://www.antiquariat-lechatquilit.de/,,,Dortmund Bochum Gelsenkirchen,"51,5046672","7,4631948"
AYKO GmbH,bookstore,Ingen webbplats,,,Dortmund Bochum Gelsenkirchen,"51,5380317","7,4761783"
Basari Buchhandlung - Basari.de,bookstore,http://www.basari.de/,,,Dortmund Bochum Gelsenkirchen,"51,527142","7,4605027"
Black Pigeon,bookstore,http://black-pigeon.org/,,,Dortmund Bochum Gelsenkirchen,"51,5211141","7,4465152"
Blaetterwald.net Universitäts buchhandlung GmbH,bookstore,http://www.blaetterwald.net,,,Dortmund Bochum Gelsenkirchen,"51,451961","7,264579"
Bonifatius GmbH,bookstore,http://www.bonifatius-buchhandlung.de,,,Dortmund Bochum Gelsenkirchen,"51,5135811","7,4620757"
Brockmeyer Verlag,bookstore,http://www.brockmeyer-verlag.de/,,,Dortmund Bochum Gelsenkirchen,"51,43889","7,237585"
Buch ImBusch,bookstore,https://buchimbusch.buchhandlung.de/shop/,,,Dortmund Bochum Gelsenkirchen,"51,4850656","7,2118619"
Buchhandlung am Amtshaus,bookstore,http://www.buchhandlung-am-amtshaus.de,,,Dortmund Bochum Gelsenkirchen,"51,5709343","7,3804731"
Buchhandlung Anton Reiser,bookstore,https://www.dortmund-ahoi.de/laeden-dienste/klamotten-und-accessoires-in-dortmund/buchhandlung-anton-reiser,,,Dortmund Bochum Gelsenkirchen,"51,5084458","7,4529556"
Buchhandlung Isensee,bookstore,http://www.buchhandlung-isensee.de/,,,Dortmund Bochum Gelsenkirchen,"51,5781623","7,0526977"
Buchhandlung Kottmann,bookstore,http://www.kottmann24.de/,,,Dortmund Bochum Gelsenkirchen,"51,5789823","7,0540917"
Buchhandlung Mirhoff & Fischer,bookstore,http://www.mirhoff-fischer.de/,,,Dortmund Bochum Gelsenkirchen,"51,4716247","7,2145471"
Buchhandlung Seitenreich,bookstore,https://buchhandlung-seitenreich-dortmund.buchhandlung.de/shop/,,,Dortmund Bochum Gelsenkirchen,"51,5316421","7,4159027"
Comic Haus,bookstore,http://ebay.de/comichaus-dortmund,,,Dortmund Bochum Gelsenkirchen,"51,5132625","7,48509"
Comicland,bookstore,http://www.comicland.de/,,,Dortmund Bochum Gelsenkirchen,"51,518002","7,3241625"
Dost Kitabevi Dortmund,bookstore,http://www.dostkitap.com/,,,Dortmund Bochum Gelsenkirchen,"51,5197712","7,4650573"
Gimmerthal Buchhandlung,bookstore,http://www.gimmerthal-online.de/,,,Dortmund Bochum Gelsenkirchen,"51,4712344","7,3201509"
Herola-Buch UG - haftungsbeschränkt,bookstore,https://www.herola-buch.de/,,,Dortmund Bochum Gelsenkirchen,"51,5619292","7,5502755"
Janssen Bücher,bookstore,https://janssen-buecher.buchkatalog.de/,,,Dortmund Bochum Gelsenkirchen,"51,4781867","7,2181611"
Kempen van Buchhandlung,bookstore,http://www.vankempen.net,,,Dortmund Bochum Gelsenkirchen,"51,480578","7,136769"
Köhler Lütgendortmund,bookstore,https://koehler.secure.simplybook.it/v2/index/index,,,Dortmund Bochum Gelsenkirchen,"51,5001116","7,336828"
Leseinsel,bookstore,http://leseinsel-bo.de/,,,Dortmund Bochum Gelsenkirchen,"51,450979","7,2308632"
Lesezirkel Die Glocke,bookstore,http://www.lesezirkel-die-glocke.de/,,,Dortmund Bochum Gelsenkirchen,"51,4932968","7,4966723"
LITFASS Bücher und Medien,bookstore,http://www.litfass-buecher.de,,,Dortmund Bochum Gelsenkirchen,"51,5252063","7,4609335"
Little Nemo Bochum,bookstore,http://www.little-nemo.de/,,,Dortmund Bochum Gelsenkirchen,"51,4787413","7,2146061"
Mayersche Buchhandlung,bookstore,http://www.mayersche.de/buchhandlung/bochum/,,,Dortmund Bochum Gelsenkirchen,"51,481089","7,21715"
Mayersche Buchhandlung,bookstore,http://www.mayersche.de/Buchhandlung/Gelsenkirchen-Buer/,,,Dortmund Bochum Gelsenkirchen,"51,5784656","7,054338"
Mayersche Buchhandlung,bookstore,http://www.mayersche.de/Buchhandlung-Gelsenkirchen/,,,Dortmund Bochum Gelsenkirchen,"51,5072382","7,0995905"
Mayersche Buchhandlung,bookstore,http://www.thalia.de/,,,Dortmund Bochum Gelsenkirchen,"51,4942977","7,2810845"
Mayersche Buchhandlung,bookstore,http://www.mayersche.de/Buchhandlung-Dortmund-Hombruch/,,,Dortmund Bochum Gelsenkirchen,"51,4757366","7,438123"
Mayersche Buchhandlung,bookstore,https://www.thalia.de/shop/home/filialen/showDetails/5835/,,,Dortmund Bochum Gelsenkirchen,"51,5141987","7,4638423"
Medine Pazari Schalke,bookstore,Ingen webbplats,,,Dortmund Bochum Gelsenkirchen,"51,5171501","7,1280516"
Mosquée de Dortmund,bookstore,Ingen webbplats,,,Dortmund Bochum Gelsenkirchen,"51,5197348","7,4479206"
Nuovo Vita Dortmund,bookstore,http://www.nuovo-vita.de/,,,Dortmund Bochum Gelsenkirchen,"51,5111435","7,4685262"
OCM Verlag,bookstore,https://www.ocm-verlag.de/,,,Dortmund Bochum Gelsenkirchen,"51,49188","7,58742"
Pentagramm,bookstore,http://www.pentagramm.de,,,Dortmund Bochum Gelsenkirchen,"51,508718","7,454483"
readymade • buchhandel & kunst,bookstore,https://www.readymadebooks.de/,,,Dortmund Bochum Gelsenkirchen,"51,50042","7,11015"
Rensch Inh. Wolfgang Surholt e.K.,bookstore,http://www.rensch.de,,,Dortmund Bochum Gelsenkirchen,"51,5844581","7,1121661"
Stiepeler Klosterladen,bookstore,http://www.kloster-stiepel.org/Klosterladen.klosterladen.0.html,,,Dortmund Bochum Gelsenkirchen,"51,4315578","7,2284755"
Taranta Babu,bookstore,https://www.tarantababu.de/,,,Dortmund Bochum Gelsenkirchen,"51,51068","7,45466"
Thalia,bookstore,https://www.thalia.de/hilfe/rechtliches/impressum,,,Dortmund Bochum Gelsenkirchen,"51,5138844","7,4588542"
Time Events & Shop,bookstore,http://www.time-world.de/,,,Dortmund Bochum Gelsenkirchen,"51,532749","7,0223654"
transfer. bücher und medien.,bookstore,http://www.transfer-dortmund.de/,,,Dortmund Bochum Gelsenkirchen,"51,4885544","7,5007102"
Troja Kiosk,bookstore,Ingen webbplats,,,Dortmund Bochum Gelsenkirchen,"51,5431872","7,0640673"
Universitätsbuchhandlung Schaten,bookstore,http://www.schaten.de/,,,Dortmund Bochum Gelsenkirchen,"51,4482658","7,2584746"
Zeitreisen-Verlag,bookstore,http://www.zeitreisen-verlag.de/,,,Dortmund Bochum Gelsenkirchen,"51,4532324","7,1621047"
Allgemeiner Rundfunkverein Dortmund e.V.,broadcasting_media_production,http://www.ardev.de/,,,Dortmund Bochum Gelsenkirchen,"51,5088011","7,4567429"
Altug Elektronik,broadcasting_media_production,http://altug-elektronik.de,,,Dortmund Bochum Gelsenkirchen,"51,5243744","7,4708667"
Baron-MEDIA,broadcasting_media_production,http://www.baron-media.de/,,,Dortmund Bochum Gelsenkirchen,"51,4987375","7,2448868"
Bochumschau,broadcasting_media_production,http://www.bochumschau.de/,,,Dortmund Bochum Gelsenkirchen,"51,4812493","7,2206569"
colourFIELD,broadcasting_media_production,http://www.colourfield.de,,,Dortmund Bochum Gelsenkirchen,"51,50794","7,46537"
coolibri,broadcasting_media_production,https://www.coolibri.de/,,,Dortmund Bochum Gelsenkirchen,"51,514184","7,460153"
CT das radio,broadcasting_media_production,http://www.ctdasradio.de/,,,Dortmund Bochum Gelsenkirchen,"51,4472595","7,2641029"
eldoradio*,broadcasting_media_production,http://eldoradio.de/,,,Dortmund Bochum Gelsenkirchen,"51,493553","7,416208"
Perspektive Medienproduktion GmbH,broadcasting_media_production,http://www.perspektive-medien.com/,,,Dortmund Bochum Gelsenkirchen,"51,4986602","7,112343"
Radio Bochum,broadcasting_media_production,https://www.radiobochum.de/,,,Dortmund Bochum Gelsenkirchen,"51,4797666","7,217778"
REC.n.ROLL media,broadcasting_media_production,http://www.rec-n-roll.de/,,,Dortmund Bochum Gelsenkirchen,"51,6191206","7,0401671"
RuhrSoundStudios GmbH,broadcasting_media_production,http://www.ruhrsound.de/,,,Dortmund Bochum Gelsenkirchen,"51,5018678","7,4167984"
SAT 1 Landesstudio NRW,broadcasting_media_production,http://www.studio-dortmund.de,,,Dortmund Bochum Gelsenkirchen,"51,489583","7,503849"
Schallpark,broadcasting_media_production,http://www.schallpark.tv,,,Dortmund Bochum Gelsenkirchen,"51,446264","7,14954"
WDR Studio Dortmund,broadcasting_media_production,http://www.wdr.de,,,Dortmund Bochum Gelsenkirchen,"51,48544","7,4576"
Manic Monday,choir,Ingen webbplats,,,Dortmund Bochum Gelsenkirchen,"51,5043524","7,4593842"
Singen und Wandern,choir,http://www.singenundwandern.de/,,,Dortmund Bochum Gelsenkirchen,"51,51022","7,21069"
Andrä,cinema,http://xn--cd-andr-cxa.de,,,Dortmund Bochum Gelsenkirchen,"51,5137567","7,4632159"
Apollo Cinemas Gelsenkirchen,cinema,http://www.apollo-cinemas.de/,,,Dortmund Bochum Gelsenkirchen,"51,551274","7,076103"
Burgtheater Kinocenter,cinema,Ingen webbplats,,,Dortmund Bochum Gelsenkirchen,"51,550635","7,381319"
Capitol Bochum,cinema,http://www.capitol-bochum.de/,,,Dortmund Bochum Gelsenkirchen,"51,4794973","7,2169106"
Casablanca Filmtheater,cinema,http://www.casablanca-bochum.de,,,Dortmund Bochum Gelsenkirchen,"51,4767098","7,2164384"
Cineplex Dortmund,cinema,Ingen webbplats,,,Dortmund Bochum Gelsenkirchen,"51,51834","7,451796"
CineStar Dortmund,cinema,http://www.cinestar.de/,,,Dortmund Bochum Gelsenkirchen,"51,519531","7,461511"
EL BRASI,cinema,http://www.elbrasi.de/,,,Dortmund Bochum Gelsenkirchen,"51,4309251","7,1682535"
Endstation Kino,cinema,http://www.endstation-kino.de/,,,Dortmund Bochum Gelsenkirchen,"51,479392","7,320822"
Fiege Kino,cinema,https://www.fiegekino.de/,,,Dortmund Bochum Gelsenkirchen,"51,4812575","7,2283174"
Filmbühne Zur Postkutsche,cinema,http://www.filmbuehne-dortmund.de/,,,Dortmund Bochum Gelsenkirchen,"51,4912837","7,5537066"
Filme und Spiele Insel Bochum,cinema,http://www.filme-spiele-Bochum.de/,,,Dortmund Bochum Gelsenkirchen,"51,4630191","7,1995028"
Filmkunsttheater Casablanca Bochum,cinema,http://www.filmkunstkinos-bochum.de/,,,Dortmund Bochum Gelsenkirchen,"51,47899","7,22256"
Filmnächte Dortmund,cinema,https://dortmund.filmnaechte.de/,,,Dortmund Bochum Gelsenkirchen,"51,4866665","7,4830405"
Greater Union Filmpalast GmbH,cinema,https://www.cinestar.de/kino-dortmund,,,Dortmund Bochum Gelsenkirchen,"51,519432","7,4608946"
Imax-Filmtheater,cinema,http://www.imax-filmtheater.de,,,Dortmund Bochum Gelsenkirchen,"51,492654","7,232607"
Kino Center,cinema,http://www.parkopedia.de/parken/parkplatz/veltins_arena_p_apollo_cinemas_multiplex/45891/gelsenkirchen/?vendor=here,,,Dortmund Bochum Gelsenkirchen,"51,551393","7,075903"
Kino Cine Star Dortmund,cinema,cinestar.de,,,Dortmund Bochum Gelsenkirchen,"51,519509","7,4609602"
Kino im U,cinema,http://www.kino-im-u.de/,,,Dortmund Bochum Gelsenkirchen,"51,5150184","7,453372"
Kino Postkutsche,cinema,www.filmbuehne-dortmund.de,,,Dortmund Bochum Gelsenkirchen,"51,4913149","7,5534182"
Kinopolis,cinema,http://www.kinopolis-leverkusen.de/,,,Dortmund Bochum Gelsenkirchen,"51,5513061","7,0763811"
Megastar  Dortmund,cinema,http://www.megastardortmund.de/,,,Dortmund Bochum Gelsenkirchen,"51,5196957","7,498188"
Movie Park Bottrop,cinema,Ingen webbplats,,,Dortmund Bochum Gelsenkirchen,"51,53838","7,60395"
Multiplex-Kino an der Schalke Arena Kino,cinema,http://www.multiplex-ge.de,,,Dortmund Bochum Gelsenkirchen,"51,54668","7,06953"
Märkisches Kino,cinema,http://www.maerkisches-kino.de/,,,Dortmund Bochum Gelsenkirchen,"51,4781517","7,1353329"
Regina-Capitol /Büro Bochum,cinema,http://www.bofimax.de,,,Dortmund Bochum Gelsenkirchen,"51,479165","7,216052"
Schauburg,cinema,http://www.schauburg-kino.com/,,,Dortmund Bochum Gelsenkirchen,"51,5173395","7,4649307"
Schauburg Filmpalast Gelsenkirchen,cinema,http://www.schauburg-gelsenkirchen.de,,,Dortmund Bochum Gelsenkirchen,"51,5774827","7,0538071"
Simulator Movie World,cinema,Ingen webbplats,,,Dortmund Bochum Gelsenkirchen,"51,52855","7,36787"
Sparkasse Bochum UCI Kinocenter Geldautomat,cinema,http://spk-bochum.de/,,,Dortmund Bochum Gelsenkirchen,"51,4951567","7,2819942"
Studienkreis Film,cinema,https://www.skf-kino.de/,,,Dortmund Bochum Gelsenkirchen,"51,444396","7,2626292"
Sweetsixteen Kino,cinema,http://www.sweetsixteen-kino.de/,,,Dortmund Bochum Gelsenkirchen,"51,5327191","7,4528035"
TH-Kino - Hörsaalkino des AStA der THGA zu Bochum,cinema,http://www.unifilm.de/,,,Dortmund Bochum Gelsenkirchen,"51,48644","7,2108"
Türkische Filmtage Dortmund,cinema,https://xn--trkische-filmtage-22b.de/,,,Dortmund Bochum Gelsenkirchen,"51,5152132","7,4535532"
UCI Deutschland,cinema,http://www.uci-kinowelt.de/,,,Dortmund Bochum Gelsenkirchen,"51,49564","7,27781"
UCI Kinos Deutschland,cinema,http://www.UCI-KINOWELT.de/,,,Dortmund Bochum Gelsenkirchen,"51,473064","7,244296"
UCI Kinowelt Ruhr Park Bochum,cinema,Ingen webbplats,,,Dortmund Bochum Gelsenkirchen,"51,495788","7,277277"
Uni-Film-Club,cinema,https://ufc.tu-dortmund.de/,,,Dortmund Bochum Gelsenkirchen,"51,482437","7,413901"
Union Kino Bochum,cinema,http://www.kino-bochum.de,,,Dortmund Bochum Gelsenkirchen,"51,4768731","7,2169774"
Zur Quelle – cuisine mémoire et plaisir,cinema,https://www.zur-quelle-dortmund.de/,,,Dortmund Bochum Gelsenkirchen,"51,4848902","7,4462472"
Dinnershow Hohensyburg,circus,http://www.palazzo-dinnershow.de/,,,Dortmund Bochum Gelsenkirchen,"51,42081","7,48854"
Zirkus des Horrors - Romanza Circusproduction,circus,http://www.zirkusdeshorrors.de/,,,Dortmund Bochum Gelsenkirchen,"51,49322","7,46495"
Zirkus Fritzantino,circus,http://www.zirkusfritzantino.de/,,,Dortmund Bochum Gelsenkirchen,"51,5175111","7,4704602"
Zirkus Ratz Fatz,circus,https://zirkus-ratzfatz.de/tickets-termine,,,Dortmund Bochum Gelsenkirchen,"51,4865079","7,219928"
Zirkus Zipp-Zapp,circus,http://www.zipp-zapp.de/,,,Dortmund Bochum Gelsenkirchen,"51,525186","7,483835"
Manga-Mafia Store,comic_books_store,https://manga-mafia.de/store-dortmund,,,Dortmund Bochum Gelsenkirchen,"51,514267","7,471246"
Mr.C Comic,comic_books_store,http://www.kottmann24.de/,,,Dortmund Bochum Gelsenkirchen,"51,579","7,05386"
Weltflucht Bochum,comic_books_store,http://www.weltfluchtbochum.de/,,,Dortmund Bochum Gelsenkirchen,"51,4803891","7,2203631"
ATD-Abbausysteme GmbH,commissioned_artist,https://www.atd-cardox.de/,2,,Dortmund Bochum Gelsenkirchen,"51,500529","7,370589"
Bielfeld GmbH,commissioned_artist,,2,,Dortmund Bochum Gelsenkirchen,"51,4752274","7,2488507"
Almanya Türk Federasyon Gelsenkirchen,community_center,Ingen webbplats,,,Dortmund Bochum Gelsenkirchen,"51,50107","7,10055"
Christliche Gemeinde Erle e. V.,community_center,http://www.christliche-gemeinde-erle.de/,,,Dortmund Bochum Gelsenkirchen,"51,5640534","7,0843579"
DMB Mieterverein Dortmund und Umgebung e.V.,community_center,http://www.mieterverein-dortmund.de/,,,Dortmund Bochum Gelsenkirchen,"51,5148813","7,46583"
FEDA-Demokratik Alevi Federasyonu,community_center,http://alevi-feda.com/,,,Dortmund Bochum Gelsenkirchen,"51,51937","7,4846"
Haus Franziskus Gelsenkirchen,community_center,https://www.bestens-umsorgt.de/einrichtungen/1043-seniorenheim-haus-franziskus-gelsenkirchen,,,Dortmund Bochum Gelsenkirchen,"51,57827","7,0517"
Mieterverein Dortmund und Umgebung e.V. (DMB),community_center,https://www.mieterverein-dortmund.de/,2,,Dortmund Bochum Gelsenkirchen,"51,514758","7,465534"
OT-Weitmar,community_center,http://www.ot-weitmar.de/,,,Dortmund Bochum Gelsenkirchen,"51,452543","7,191382"
OT-Weitmar Mark,community_center,Ingen webbplats,,,Dortmund Bochum Gelsenkirchen,"51,4457092","7,2096801"
Pauluszentrum,community_center,Ingen webbplats,,,Dortmund Bochum Gelsenkirchen,"51,52045","7,45472"
Religionsfrei im Revier,community_center,http://www.Religionsfrei-im-Revier.de/,,,Dortmund Bochum Gelsenkirchen,"51,4793447","7,320823"
St. Josef Gemeindezentrum,community_center,Ingen webbplats,,,Dortmund Bochum Gelsenkirchen,"51,4974754","7,1187521"
"Stadtteiltreff Alte Post, IFAK e.V.",community_center,www.ifak-bochum.de,,,Dortmund Bochum Gelsenkirchen,"51,4779029","7,1922097"
Stephanus-Gemeindezentrum - Ev. Kirchengemeinde Dortmund-Wickede,community_center,http://www.wickede-evangelisch.de,,,Dortmund Bochum Gelsenkirchen,"51,5392399","7,6177033"
Thomas Morus Haus,community_center,Ingen webbplats,,,Dortmund Bochum Gelsenkirchen,"51,5256982","7,3745528"
Restaurant Porree-Bar,community_gardens,,2,,Dortmund Bochum Gelsenkirchen,"51,5222904","7,5641134"
7 Werke,community_services_non_profits,http://www.urbanus-buer.de/7Werke,,,Dortmund Bochum Gelsenkirchen,"51,6026598","7,0557545"
ABA Fachverband Offene Arbeit mit Kindern und Jugendlichen e.V.,community_services_non_profits,http://aba-fachverband.info/,,,Dortmund Bochum Gelsenkirchen,"51,4830643","7,5037692"
AD3DA,community_services_non_profits,https://www.ad3da.de/,,,Dortmund Bochum Gelsenkirchen,"51,5253156","7,5871179"
Ada.Gelsenkirchen,community_services_non_profits,https://www.caritas-gelsenkirchen.de/wir-helfen/hilfe-bei-migration-und-integration/antidiskriminierungsarbeit/antidiskriminierungsarbeit,,,Dortmund Bochum Gelsenkirchen,"51,5058668","7,1019135"
Afrikultur,community_services_non_profits,Ingen webbplats,,,Dortmund Bochum Gelsenkirchen,"51,5163347","7,4593534"
Agenda21- Büro Gelsenkirchen,community_services_non_profits,http://www.agenda21.info/,,,Dortmund Bochum Gelsenkirchen,"51,5125245","7,0949202"
Aidshilfe Bochum,community_services_non_profits,http://www.aidshilfe-bochum.de/,,,Dortmund Bochum Gelsenkirchen,"51,4826609","7,2201854"
aidshilfe dortmund e.v.,community_services_non_profits,http://www.aidshilfe-dortmund.de/,,,Dortmund Bochum Gelsenkirchen,"51,5170212","7,4646244"
AKAFÖ,community_services_non_profits,http://www.akafoe.de/,,,Dortmund Bochum Gelsenkirchen,"51,4449838","7,2558018"
Aktuelles Forum,community_services_non_profits,http://www.aktuelles-forum.de/,,,Dortmund Bochum Gelsenkirchen,"51,4987905","7,0803882"
Alevitische Jugend Gelsenkirchen - BDAJ Gelsenkirchen,community_services_non_profits,http://www.BDAJ.de/,,,Dortmund Bochum Gelsenkirchen,"51,51125","7,11115"
AllerHand Schönes,community_services_non_profits,http://allerhand-bochum.de/,,,Dortmund Bochum Gelsenkirchen,"51,48711","7,12485"
Allgemeiner Bürger- und Schützenverein Wattenscheid,community_services_non_profits,http://www.all-bue-schue.de,,,Dortmund Bochum Gelsenkirchen,"51,4923492","7,158708"
Alvolewa,community_services_non_profits,https://www.alvolewa.de/,,,Dortmund Bochum Gelsenkirchen,"51,5744","7,51852"
Alzheimer Gesellschaft Bochum e.V.,community_services_non_profits,https://alzheimer-bochum.de/category/krankheitsbild/,,,Dortmund Bochum Gelsenkirchen,"51,4734285","7,2261905"
AMSAT Deutschland,community_services_non_profits,http://www.amsat-dl.org/,,,Dortmund Bochum Gelsenkirchen,"51,4275844","7,1941855"
Anno 1904 e. V.,community_services_non_profits,https://anno1904ev.de/,,,Dortmund Bochum Gelsenkirchen,"51,5295953","7,0824396"
Aplerbecker helfen mit Herz e.V.,community_services_non_profits,Ingen webbplats,,,Dortmund Bochum Gelsenkirchen,"51,5270991","7,5505228"
Arab in Herne التجمع العربي في هيرنه,community_services_non_profits,Ingen webbplats,,,Dortmund Bochum Gelsenkirchen,"51,51683","7,4675"
Arbeiterwohlfahrt Unterbezirk Dortmund,community_services_non_profits,http://awo.org,,,Dortmund Bochum Gelsenkirchen,"51,516095","7,46984"
Arzt Mobil Gelsenkirchen e.V.,community_services_non_profits,http://arztmobil-gelsenkirchen.de/,,,Dortmund Bochum Gelsenkirchen,"51,5326503","7,0816892"
ASB Außenstelle Wichlinghofen,community_services_non_profits,Ingen webbplats,,,Dortmund Bochum Gelsenkirchen,"51,4489214","7,4885922"
ASB Begegnungs- und Seniorenzentrum Minister Stein,community_services_non_profits,http://www.asb-bochum.de,,,Dortmund Bochum Gelsenkirchen,"51,5494475","7,4661551"
ASBH-Stiftung Beratung,community_services_non_profits,http://www.asbh-stiftung-beratung.de/,,,Dortmund Bochum Gelsenkirchen,"51,51346","7,45739"
ATGB Avrupalı Türk Girişimciler Birliği,community_services_non_profits,Ingen webbplats,,,Dortmund Bochum Gelsenkirchen,"51,51373","7,0963"
Autismus Dortmund und Umgebung e. V.,community_services_non_profits,https://autismus-dortmund.de/,,,Dortmund Bochum Gelsenkirchen,"51,50958","7,47685"
Autonomes Schwulenreferat Bochum,community_services_non_profits,http://www.schwulenreferat-bochum.de/,,,Dortmund Bochum Gelsenkirchen,"51,4451657","7,2602252"
Avrupa Kirsehirliler Dernegi e.V.,community_services_non_profits,http://www.kir-der.com/,,,Dortmund Bochum Gelsenkirchen,"51,52886","7,464065"
AWO Bezirk Westliches Westfalen e.V.,community_services_non_profits,https://awo-ww.de/,,,Dortmund Bochum Gelsenkirchen,"51,5011898","7,4772264"
AWO Dortmund,community_services_non_profits,https://www.awo-dortmund.de/,,,Dortmund Bochum Gelsenkirchen,"51,5160298","7,4699747"
AWO Gelsenkirchen/Bottrop,community_services_non_profits,http://www.awo-gelsenkirchen.de/,,,Dortmund Bochum Gelsenkirchen,"51,5169706","7,0887653"
Awo Haus Bittermark,community_services_non_profits,https://www.awo-bittermark.com/,,,Dortmund Bochum Gelsenkirchen,"51,445896","7,4676295"
AWO Migration in Dortmund,community_services_non_profits,http://www.awo-dortmund.de/,,,Dortmund Bochum Gelsenkirchen,"51,52073","7,45167"
AWO Unterbezirk Ruhr-Mitte,community_services_non_profits,Ingen webbplats,,,Dortmund Bochum Gelsenkirchen,"51,4816355","7,2211406"
AWO Unterbezirk Ruhr-Mitte,community_services_non_profits,https://www.awo-ruhr-mitte.de/service-navigation/datenschutz,,,Dortmund Bochum Gelsenkirchen,"51,51138","7,19621"
AWO Wohnhaus Derne,community_services_non_profits,http://www.awo-jfsderne.de,,,Dortmund Bochum Gelsenkirchen,"51,5720256","7,5132966"
BackUp-ComeBack e.V.,community_services_non_profits,https://wonderl.ink/@backup-comeback,,,Dortmund Bochum Gelsenkirchen,"51,5146055","7,4703514"
Bahnhofsmission Dortmund,community_services_non_profits,http://bahnhofsmission-dortmund.de/,,,Dortmund Bochum Gelsenkirchen,"51,5172701","7,4601285"
Bandidos Bochum,community_services_non_profits,http://www.bandidos-mc-germany.de,2,,Dortmund Bochum Gelsenkirchen,"51,469227","7,269403"
BDKJ Bochum-Wattenscheid,community_services_non_profits,http://www.bdkj-bowat.de/,,,Dortmund Bochum Gelsenkirchen,"51,4745817","7,2308642"
BDKJ-Dortmund,community_services_non_profits,http://www.bdkj-dortmund.de/,,,Dortmund Bochum Gelsenkirchen,"51,5129844","7,4621568"
BdP Stamm Vagabunden Dortmund,community_services_non_profits,http://www.vagabunden-dortmund.de/,,,Dortmund Bochum Gelsenkirchen,"51,5534812","7,3641408"
Begegnungszentrum Gute Stube,community_services_non_profits,Ingen webbplats,,,Dortmund Bochum Gelsenkirchen,"51,594951","7,0501612"
Beginenhof Bochum,community_services_non_profits,http://beginenhof-bochum.de/,,,Dortmund Bochum Gelsenkirchen,"51,4914411","7,2681816"
BethelJAhr (FSJ aus Bielefeld),community_services_non_profits,http://www.fsjnrw.de/,,,Dortmund Bochum Gelsenkirchen,"51,5111161","7,4967489"
Betreuungsverein Lebenshilfe Dortmund,community_services_non_profits,http://www.btv-lebenshilfe-dortmund.de/,,,Dortmund Bochum Gelsenkirchen,"51,5152869","7,4715136"
Betriebsrat / Opel Group Warehousing GmbH,community_services_non_profits,http://www.wir-gemeinsam.eu/,,,Dortmund Bochum Gelsenkirchen,"51,4820595","7,3282299"
bib der dinge Bochum,community_services_non_profits,http://www.bib-der-dinge-bochum.de/,,,Dortmund Bochum Gelsenkirchen,"51,4816743","7,2161781"
BIST - Bochumer Internationaler Studententreff,community_services_non_profits,http://www.smdbochum.de/#international,,,Dortmund Bochum Gelsenkirchen,"51,45318","7,24884"
BKE Suchtselbsthilfe,community_services_non_profits,https://bke-suchtselbsthilfe.de/organisation/das-bke-aktueller-newsletter/aktuell-vielfalt-newsletter,,,Dortmund Bochum Gelsenkirchen,"51,49191","7,39163"
Blinden-und Sehbehindertenverein Bochum,community_services_non_profits,https://www.bsvw.org/bochum/,,,Dortmund Bochum Gelsenkirchen,"51,4404501","7,2080669"
Bochum Toastmasters,community_services_non_profits,http://www.bochum-toastmasters.de/,,,Dortmund Bochum Gelsenkirchen,"51,4850365","7,2118589"
Bochumer Bildungszentrum e.V.,community_services_non_profits,http://www.bbz-ev.de/,,,Dortmund Bochum Gelsenkirchen,"51,4799937","7,2134857"
Bochumer Ehrenamtsagentur e.V. - bea,community_services_non_profits,http://www.ehrenamt-bochum.de/,,,Dortmund Bochum Gelsenkirchen,"51,4818813","7,2144424"
Bochumer Jungen 1972,community_services_non_profits,http://www.bochumer-jungen.de/,,,Dortmund Bochum Gelsenkirchen,"51,488536","7,2353518"
Bochumer Originale,community_services_non_profits,http://www.bochumer-originale.de/,,,Dortmund Bochum Gelsenkirchen,"51,4818319","7,2199586"
bodo,community_services_non_profits,http://www.bodoev.de,,,Dortmund Bochum Gelsenkirchen,"51,5163497","7,4705789"
bonding Bochum,community_services_non_profits,http://www.bonding.de/,,,Dortmund Bochum Gelsenkirchen,"51,4817949","7,2199701"
BONNI Kinder- & Jugendzentrum / Bürgerstiftung Leben In Hassel,community_services_non_profits,http://www.bonni.org/,,,Dortmund Bochum Gelsenkirchen,"51,609491","7,054547"
Borussia Commondale,community_services_non_profits,https://www.BorussiaCommondale.de/,,,Dortmund Bochum Gelsenkirchen,"51,5040293","7,4600255"
Boskop Kulturbüro,community_services_non_profits,http://www.akafoe.de/kultur,,,Dortmund Bochum Gelsenkirchen,"51,4451342","7,2603568"
Botschafter_innen der Erinnerung,community_services_non_profits,https://www.demokratie-do.de/,,,Dortmund Bochum Gelsenkirchen,"51,515257","7,467559"
BrandEx,community_services_non_profits,http://www.brand-ex.org/,,,Dortmund Bochum Gelsenkirchen,"51,4965561","7,4559967"
Buddhismus Zentrum Dortmund,community_services_non_profits,http://www.buddhismus-west.de/index.php?id=138,,,Dortmund Bochum Gelsenkirchen,"51,50408","7,46522"
Bund Deutscher Schiedsmänner und Schiedsfrauen e.V. -BDS,community_services_non_profits,http://www.schiedsamt.de,,,Dortmund Bochum Gelsenkirchen,"51,4852222","7,2146854"
BUND Dortmund,community_services_non_profits,https://www.bund-dortmund.de/,,,Dortmund Bochum Gelsenkirchen,"51,4809279","7,46382"
Bund rumänischer Vereine in Deutschland e.V.,community_services_non_profits,http://www.brvd.org/,,,Dortmund Bochum Gelsenkirchen,"51,5000115","7,569721"
Bundesanstalt für Arbeitsschutz und Arbeitsmedizin,community_services_non_profits,http://www.baua.de,,,Dortmund Bochum Gelsenkirchen,"51,4983568","7,4169401"
Bundesarbeitsgem. Evang. Familien-Bildungsstätten,community_services_non_profits,http://www.familienbildung-ev-bag.de,,,Dortmund Bochum Gelsenkirchen,"51,520804","7,470896"
Bundesverband Individual- und Erlebnispädagogik e.V.,community_services_non_profits,http://www.bundesverband-erlebnispaedagogik.de/,,,Dortmund Bochum Gelsenkirchen,"51,4608689","7,4660433"
Bundesverband Netzwerke von Migrantenorganisationen e.V.,community_services_non_profits,http://www.bv-nemo.de/,,,Dortmund Bochum Gelsenkirchen,"51,5122198","7,4345405"
Bunte Vielfalt,community_services_non_profits,https://jumpage.com/BunteVielfaltDortmund,,,Dortmund Bochum Gelsenkirchen,"51,528088","7,482965"
BV Westfalia Wickede 1919,community_services_non_profits,http://westfalia-wicke.de,,,Dortmund Bochum Gelsenkirchen,"51,53295","7,61046"
BVB-Fanabteilung,community_services_non_profits,https://fanabteilung.bvb.de/,,,Dortmund Bochum Gelsenkirchen,"51,4939","7,45296"
BVB-Lernzentrum,community_services_non_profits,http://www.bvb-lernzentrum.de/,,,Dortmund Bochum Gelsenkirchen,"51,4939","7,45296"
BVB-Stiftung „leuchte auf“,community_services_non_profits,https://www.bvb.de/stiftung,,,Dortmund Bochum Gelsenkirchen,"51,498024","7,451156"
Bürger und Heimatverein Grevel,community_services_non_profits,https://www.heimatverein-grevel.de,,,Dortmund Bochum Gelsenkirchen,"51,5646466","7,546621"
Bürgerhaus Syburg e.V.,community_services_non_profits,http://buergerhaus-syburg.de/,,,Dortmund Bochum Gelsenkirchen,"51,424833","7,4880763"
Bürgerliste Dortmund,community_services_non_profits,http://www.bli-dortmund.de/,,,Dortmund Bochum Gelsenkirchen,"51,47586","7,55702"
ÇAĞRI VAKFI Dortmund,community_services_non_profits,http://cagrivakfi.de/,,,Dortmund Bochum Gelsenkirchen,"51,5421201","7,452063"
Cannabis Social Club Dortmund,community_services_non_profits,https://csc.do/,,,Dortmund Bochum Gelsenkirchen,"51,5307767","7,4463016"
Caritas Ruhr Mitte,community_services_non_profits,http://www.caritas-ruhr-mitte.de/,,,Dortmund Bochum Gelsenkirchen,"51,4797269","7,2193026"
CHANCENGLEICH in Europa e.V.,community_services_non_profits,http://www.ch-e.eu/,,,Dortmund Bochum Gelsenkirchen,"51,4884045","7,498404"
Chorjugend NRW e.V.,community_services_non_profits,http://www.saengerjugend.de/,,,Dortmund Bochum Gelsenkirchen,"51,5169101","7,4653763"
Chorverband Dortmund,community_services_non_profits,http://www.cvnrw.de/,,,Dortmund Bochum Gelsenkirchen,"51,5158925","7,4672242"
Christopherus-Haus e.V. für Seelenpflegebedürftige,community_services_non_profits,http://www.christopherus-haus.de/,,,Dortmund Bochum Gelsenkirchen,"51,4445342","7,5237713"
Christophorushaus,community_services_non_profits,http://www.caritas-bochum.de/73699.html/,,,Dortmund Bochum Gelsenkirchen,"51,478334","7,232467"
CJD Sport- und Gesundheitszentrum Dortmund,community_services_non_profits,http://www.dortmund-sgz.de/,,,Dortmund Bochum Gelsenkirchen,"51,4884547","7,37577"
Clever Jugend Dortmund,community_services_non_profits,http://www.cleverjugend.de/,,,Dortmund Bochum Gelsenkirchen,"51,4835833","7,4271843"
ConSol Dortmund,community_services_non_profits,http://www.consol-do.de/,,,Dortmund Bochum Gelsenkirchen,"51,5235225","7,4823413"
Container Treff,community_services_non_profits,http://www.ifak-bochum.de/,,,Dortmund Bochum Gelsenkirchen,"51,43296","7,13766"
Court 70,community_services_non_profits,Ingen webbplats,,,Dortmund Bochum Gelsenkirchen,"51,43023","7,16023"
Cuba-Hilfe-Dortmund,community_services_non_profits,http://www.cuba-dortmund.de/,,,Dortmund Bochum Gelsenkirchen,"51,474177","7,49134"
CVJM Bochum,community_services_non_profits,http://www.cvjm-bochum.de/,,,Dortmund Bochum Gelsenkirchen,"51,4774121","7,2189499"
CVJM Dortmund e.V.,community_services_non_profits,http://www.cvjm-dortmund.de/,,,Dortmund Bochum Gelsenkirchen,"51,5118644","7,4230408"
CVJM Gelsenkirchen City,community_services_non_profits,http://www.cvjm-ge-city.de/,,,Dortmund Bochum Gelsenkirchen,"51,5019458","7,0995515"
DAKME Dortmund ve Cevresi Alevi Kültür Merkezi,community_services_non_profits,Ingen webbplats,,,Dortmund Bochum Gelsenkirchen,"51,5201","7,48334"
Der Paritätische Bochum,community_services_non_profits,http://bochum.paritaet-nrw.org/,,,Dortmund Bochum Gelsenkirchen,"51,4858752","7,2199114"
Der Ziegenmichel e V,community_services_non_profits,https://www.ziegenmichel-ev.de,,,Dortmund Bochum Gelsenkirchen,"51,500555","7,0623909"
Deutsch-Marokkanische Community,community_services_non_profits,https://deumages.de,,,Dortmund Bochum Gelsenkirchen,"51,5199832","7,4605269"
Deutsch-Tunesische Gesellschaft Jugend,community_services_non_profits,http://www.deutsch-tunesische-gesellschaft.de/,,,Dortmund Bochum Gelsenkirchen,"51,4533179","7,2508767"
Deutsch-Türkischer Freundeskreis,community_services_non_profits,https://dtf-ge.de/?action=kontakt.php,,,Dortmund Bochum Gelsenkirchen,"51,5722656","7,0406792"
Deutsche Vereinigung Morbus Bechterew Landesverband Nordrhein Westfalen,community_services_non_profits,www.dvmb-nrw.de,,,Dortmund Bochum Gelsenkirchen,"51,5125817","7,437663"
Deutscher Berufsverband für Tanzpädagogik e.V.,community_services_non_profits,http://www.dbft.de/,,,Dortmund Bochum Gelsenkirchen,"51,5121794","7,4638774"
Deutscher Kinderschutzbund e.V. Ortsverband Bochum,community_services_non_profits,http://www.kinderschutzbund-bochum.de/,,,Dortmund Bochum Gelsenkirchen,"51,4778245","7,2054755"
Deutscher Stenografenbund E. V.,community_services_non_profits,https://www.stenografenbund.de/,,,Dortmund Bochum Gelsenkirchen,"51,5270579","7,5154231"
Deutscher Werkbund Nordrhein-Westfalen,community_services_non_profits,http://www.deutscher-werkbund.de/homepage/nordrhein-westfalen/,,,Dortmund Bochum Gelsenkirchen,"51,5132836","7,4722394"
Deutsches Rettungsrobotik-Zentrum - DRZ e.V.,community_services_non_profits,http://www.rettungsrobotik.de/,,,Dortmund Bochum Gelsenkirchen,"51,5487939","7,3738748"
Dezentrale Dortmund,community_services_non_profits,http://dezentrale-dortmund.de/,,,Dortmund Bochum Gelsenkirchen,"51,5100511","7,4396595"
DGB-Haus der Jugend Gelsenkirchen,community_services_non_profits,http://www.dgb-hausderjugend.de/,,,Dortmund Bochum Gelsenkirchen,"51,5135655","7,0966308"
DGZfP,community_services_non_profits,http://www.dgzfp.de/Startseite/Standorte/Dortmund,,,Dortmund Bochum Gelsenkirchen,"51,4892946","7,4027951"
Dice & Mystics,community_services_non_profits,http://www.diceandmystics.de/,,,Dortmund Bochum Gelsenkirchen,"51,43391","7,15106"
DIDF Bochum,community_services_non_profits,http://www.didf.de/,,,Dortmund Bochum Gelsenkirchen,"51,47976","7,20975"
Die Bömmskens vom Pütt,community_services_non_profits,http://jecken-vom-puett.beepworld.de/,,,Dortmund Bochum Gelsenkirchen,"51,571662","7,084583"
Die freie Ritterschaft zu Munzenberg,community_services_non_profits,Ingen webbplats,,,Dortmund Bochum Gelsenkirchen,"51,4807179","7,1380211"
Die Johanniter Gelsenkirchen,community_services_non_profits,http://www.johanniter.de/ruhr-lippe,,,Dortmund Bochum Gelsenkirchen,"51,5419667","7,0730058"
Die LuziFairs,community_services_non_profits,http://www.hoerde-evangelisch.de/impressum,,,Dortmund Bochum Gelsenkirchen,"51,4859505","7,4986501"
Digital.Sicher.Nrw,community_services_non_profits,https://www.digital-sicher.nrw/,,,Dortmund Bochum Gelsenkirchen,"51,4510136","7,277135"
DLRG Bezirk Bochum e.V.,community_services_non_profits,http://www.bez-bochum.dlrg.de/,,,Dortmund Bochum Gelsenkirchen,"51,4504312","7,189453"
DLRG Bochum-Mitte e.V.,community_services_non_profits,http://www.bochum-mitte.dlrg.de/,,,Dortmund Bochum Gelsenkirchen,"51,4219865","7,2583465"
DLRG Dortmund-Lütgendortmund,community_services_non_profits,http://luetgendortmund.dlrg.de/,,,Dortmund Bochum Gelsenkirchen,"51,5046466","7,3294764"
DLRG GE-Horst e.V.,community_services_non_profits,http://www.gelsenkirchen-horst.dlrg.de/,,,Dortmund Bochum Gelsenkirchen,"51,53869","7,0269"
DLRG Ortsgruppe Linden-Dahlhausen e.V.,community_services_non_profits,http://www.Linden-Dahlhausen.DLRG.de/,,,Dortmund Bochum Gelsenkirchen,"51,4251819","7,1424176"
dobeq GmbH,community_services_non_profits,https://www.dobeq.de/,,,Dortmund Bochum Gelsenkirchen,"51,51602","7,47001"
Donatia.org,community_services_non_profits,http://donatia.org/kategorien,,,Dortmund Bochum Gelsenkirchen,"51,4908731","7,2006322"
Donum vitae Bochum e.V.,community_services_non_profits,http://www.donumvitae-bochum.de/,,,Dortmund Bochum Gelsenkirchen,"51,490884","7,2006281"
Dortmund Fenerbahçeliler Derneği,community_services_non_profits,https://fenerbahce-dortmund.de/,,,Dortmund Bochum Gelsenkirchen,"51,5055104","7,4047422"
Dortmund für die Ukraine e.V.,community_services_non_profits,http://www.dortmund-ukraine.com/,,,Dortmund Bochum Gelsenkirchen,"51,4834343","7,4040872"
Dortmund Türk Eğitim Merkezi Dotem TR,community_services_non_profits,http://www.dotemtr.de/,,,Dortmund Bochum Gelsenkirchen,"51,5530056","7,4579552"
Dortmund- Wickede e. V.,community_services_non_profits,http://www.ttc-wickede.de/,,,Dortmund Bochum Gelsenkirchen,"51,5344698","7,6197598"
Dortmund-Stiftung,community_services_non_profits,http://www.dortmund-stiftung.de/,,,Dortmund Bochum Gelsenkirchen,"51,5051","7,52364"
Dortmunder Fotoschule,community_services_non_profits,https://dofoto.de/,,,Dortmund Bochum Gelsenkirchen,"51,511543","7,452532"
Dortmunder für ihr Schauspiel,community_services_non_profits,http://www.dofis.de/,,,Dortmund Bochum Gelsenkirchen,"51,5130399","7,45691"
Dortmunder Kulturhaus e.V.,community_services_non_profits,http://www.dokuha.de/,,,Dortmund Bochum Gelsenkirchen,"51,5173223","7,4728746"
Dortmunder Mitternachtsmission,community_services_non_profits,http://www.mitternachtsmission.de/,,,Dortmund Bochum Gelsenkirchen,"51,5076843","7,4603403"
Dortmunder Prinzengarde 2022 e.V.,community_services_non_profits,https://www.dortmunder-prinzengarde.de/,,,Dortmund Bochum Gelsenkirchen,"51,5589217","7,4653131"
Dortmunder Tafel e.V.,community_services_non_profits,http://www.dortmunder-tafel.de/,,,Dortmund Bochum Gelsenkirchen,"51,5214626","7,4832693"
Dotev Türkischer Elternverein Dortmund,community_services_non_profits,Ingen webbplats,,,Dortmund Bochum Gelsenkirchen,"51,5529742","7,4580103"
Downstairs Bochum,community_services_non_profits,http://www.cvjm-bochum.de/,,,Dortmund Bochum Gelsenkirchen,"51,477408","7,218885"
DPSG Bezirk Gelsenkirchen,community_services_non_profits,http://www.dpsg-gelsenkirchen.de/,,,Dortmund Bochum Gelsenkirchen,"51,5033425","7,1058501"
DPSG Bochum Harpen,community_services_non_profits,http://www.harpener-pfadfinder.de/,,,Dortmund Bochum Gelsenkirchen,"51,5000839","7,2725906"
DPSG Elisabeth von Thüringen 06/06/08,community_services_non_profits,http://www.dpsg-evt.de/,,,Dortmund Bochum Gelsenkirchen,"51,52041","7,06015"
DPSG Husen,community_services_non_profits,https://dpsg-husen.de/,,,Dortmund Bochum Gelsenkirchen,"51,5620469","7,6014096"
DPSG Maximilian-Kolbe,community_services_non_profits,https://www.pfadfinder-hoentrop.de/,,,Dortmund Bochum Gelsenkirchen,"51,4495277","7,1503813"
DPSG St. Augustinus Bochum-Querenburg,community_services_non_profits,http://www.pfadfinder-querenburg.de/,,,Dortmund Bochum Gelsenkirchen,"51,4577772","7,2720437"
DPSG St. Johannes,community_services_non_profits,http://www.pfadinet.de/,,,Dortmund Bochum Gelsenkirchen,"51,4520215","7,2323226"
DPSG St. Meinolfus Dortmund Wambel,community_services_non_profits,https://www.dpsg-wambel.de/,,,Dortmund Bochum Gelsenkirchen,"51,5195002","7,5242561"
DPSG Stamm Exodus,community_services_non_profits,http://www.dpsg-exodus.de/,,,Dortmund Bochum Gelsenkirchen,"51,5087235","7,0950581"
DPSG Stamm Franziskus Dortmund-Scharnhorst,community_services_non_profits,http://www.dpsg-scharnhorst.de/,,,Dortmund Bochum Gelsenkirchen,"51,5526695","7,5462198"
DPSG Stamm Kardinal von Galen,community_services_non_profits,http://www.dpsg-weitmar.de/,,,Dortmund Bochum Gelsenkirchen,"51,4421393","7,212225"
DPSG Stamm Kreuzritter,community_services_non_profits,http://www.dpsg-kreuzritter.de/,,,Dortmund Bochum Gelsenkirchen,"51,5105734","7,0757496"
DRK Gemeinschaft 3,community_services_non_profits,www.gemeinschaft3.de,,,Dortmund Bochum Gelsenkirchen,"51,50919","7,33007"
DRK Gemeinschaft 9,community_services_non_profits,https://www.drk-dortmund.de/rkg9.html,,,Dortmund Bochum Gelsenkirchen,"51,5254545","7,5898541"
DRK KV Dortmund e.V.,community_services_non_profits,https://www.drk-dortmund.de/,,,Dortmund Bochum Gelsenkirchen,"51,5089945","7,4527481"
DRK Ortsverein Dortmund 1 e.V.,community_services_non_profits,http://www.drk-dortmund.org/,,,Dortmund Bochum Gelsenkirchen,"51,5077006","7,4616157"
DRK Ortsverein Dortmund 2 e.V.,community_services_non_profits,Ingen webbplats,,,Dortmund Bochum Gelsenkirchen,"51,51256","7,47617"
DRK Zentrum Bochum,community_services_non_profits,http://www.schwesternschaft-westfalen.drk.de/,,,Dortmund Bochum Gelsenkirchen,"51,4537632","7,2013509"
Drk-Zentrum Wattenscheid,community_services_non_profits,Ingen webbplats,,,Dortmund Bochum Gelsenkirchen,"51,48411","7,14723"
DVMB - Landesverband NRW,community_services_non_profits,http://www.dvmb-nrw.de/,,,Dortmund Bochum Gelsenkirchen,"51,5126321","7,4375689"
Dzemat Dortmund - Bosnische Gemeinde,community_services_non_profits,http://www.dzemat-dortmund.de/,,,Dortmund Bochum Gelsenkirchen,"51,5453561","7,4842899"
E-Shopping Today 4U,community_services_non_profits,http://www.selbsthilfe-bochum.de/,,,Dortmund Bochum Gelsenkirchen,"51,476022","7,229895"
e57  IFAK e.V.,community_services_non_profits,https://ifak-bochum.de/kinder-jugend-mehrgenerationenarbeit/kinder-jugend-und-stadtteilzentrum-e57/,,,Dortmund Bochum Gelsenkirchen,"51,475128","7,18908"
ecce - european centre for creative economy,community_services_non_profits,http://www.e-c-c-e.de/,,,Dortmund Bochum Gelsenkirchen,"51,514577","7,4537293"
EDGFamilie,community_services_non_profits,https://www.edg.de/,,,Dortmund Bochum Gelsenkirchen,"51,52181","7,44301"
Ehrenamtsagentur Gelsenkirchen,community_services_non_profits,https://ehrenamt.gelsenkirchen.de/,,,Dortmund Bochum Gelsenkirchen,"51,5087042","7,0948943"
ELSA-Bochum e.V.,community_services_non_profits,http://www.elsa-bochum.de/,,,Dortmund Bochum Gelsenkirchen,"51,445956","7,260518"
EMC 1980 e.V.,community_services_non_profits,https://www.emc80.de/,,,Dortmund Bochum Gelsenkirchen,"51,5820499","7,113758"
Encourager-Stiftung,community_services_non_profits,http://www.encourager-stiftung.de/,,,Dortmund Bochum Gelsenkirchen,"51,4528093","7,2483702"
Eppendorfer Heimatverein e.V.,community_services_non_profits,https://whatsapp.com/channel/0029VaCf3lf0lwgz8ihkGN0k,,,Dortmund Bochum Gelsenkirchen,"51,4598339","7,1794208"
Erasmus Student Network Germany,community_services_non_profits,http://esn-germany.de/,,,Dortmund Bochum Gelsenkirchen,"51,44589","7,26046"
Erlebt-was e.V.,community_services_non_profits,http://www.erlebt-was.de/,,,Dortmund Bochum Gelsenkirchen,"51,4701127","7,4139263"
Erster Bochumer Bierclub,community_services_non_profits,Ingen webbplats,,,Dortmund Bochum Gelsenkirchen,"51,43686","7,22072"
et cetera hilft e.V.,community_services_non_profits,http://et-cetera-hilft.de/,,,Dortmund Bochum Gelsenkirchen,"51,5050477","7,2123799"
eurobits women academy l ewa,community_services_non_profits,https://www.ewa-eurobits.de/,,,Dortmund Bochum Gelsenkirchen,"51,45098","7,2772"
Europa-Union NRW e.V.,community_services_non_profits,http://www.europa-union-nrw.de/,,,Dortmund Bochum Gelsenkirchen,"51,519966","7,4602849"
Europe Direct Dortmund,community_services_non_profits,http://europe-direct-dortmund.de/,,,Dortmund Bochum Gelsenkirchen,"51,51992","7,46073"
Eurosportring Deutschland West/Ost,community_services_non_profits,http://www.euro-sportring.com/de,,,Dortmund Bochum Gelsenkirchen,"51,46698","7,19565"
Ev. Kirchengemeinde Bochum-Werne,community_services_non_profits,http://bo-werne.ekvw.de/,,,Dortmund Bochum Gelsenkirchen,"51,4868704","7,3082281"
Ev. Kita Arche Noah,community_services_non_profits,http://www.kita-arche-noah-bochum.de/,,,Dortmund Bochum Gelsenkirchen,"51,4693588","7,3077974"
Evangelische Emmaus Jugend Altstadt,community_services_non_profits,http://www.emmaus-gemeinde-gelsenkirchen.de/index.php/bei-uns-mitmachen/kinder-und-jugendarbeit/was-geht-in-emmaus,,,Dortmund Bochum Gelsenkirchen,"51,5100887","7,0944449"
Evangelisches Erwachsenenbildungswerk Westfalen und Lippe e. V. (EBW),community_services_non_profits,http://www.ev-bildung.de/,,,Dortmund Bochum Gelsenkirchen,"51,5125332","7,4709272"
Fachbereich Kinder des Bundesverbands Glaukom-Selbsthilfe e.V.,community_services_non_profits,http://www.glaukom-kinder.de/,,,Dortmund Bochum Gelsenkirchen,"51,5052981","7,4744109"
Fachschaft Englisch TU Dortmund,community_services_non_profits,http://www.iaawiki.tu-dortmund.de/index.php?title=Fachschaft_Englisch,,,Dortmund Bochum Gelsenkirchen,"51,49461","7,41701"
Fachstelle Jungenarbeit NRW,community_services_non_profits,https://lagjungenarbeit.de/links,,,Dortmund Bochum Gelsenkirchen,"51,513749","7,4369672"
Fachverband Tischler NRW,community_services_non_profits,http://www.tischler-nrw.de,,,Dortmund Bochum Gelsenkirchen,"51,5022538","7,4495959"
"Fakt 21 - Weiterbildung, Kultur und Seminare",community_services_non_profits,https://fakt21.de/,,,Dortmund Bochum Gelsenkirchen,"51,4733","7,21739"
Falck Deutschland e.V. RG Gelsenkirchen,community_services_non_profits,Ingen webbplats,,,Dortmund Bochum Gelsenkirchen,"51,52846","7,08926"
Falkentreff Rheinische Strasse,community_services_non_profits,http://wp.falken-gelsenkirchen.de/2014/03/falkentreff-rheinische-strasse/,,,Dortmund Bochum Gelsenkirchen,"51,5122122","7,0855862"
Familienforum in Bochum,community_services_non_profits,http://www.familienforum-ruhr.de/,,,Dortmund Bochum Gelsenkirchen,"51,4902135","7,2313035"
Familienzentrum Schiffskoje,community_services_non_profits,http://www.kindermitzukunft.de,,,Dortmund Bochum Gelsenkirchen,"51,525983","7,481402"
FamilySearch Center - Dortmund,community_services_non_profits,http://www.familysearch.org/,,,Dortmund Bochum Gelsenkirchen,"51,4849554","7,4584524"
Fan-Projekt Dortmund e.V.,community_services_non_profits,http://www.fanprojekt-dortmund.de/,,,Dortmund Bochum Gelsenkirchen,"51,5077746","7,4603274"
Fanprojekt Bochum,community_services_non_profits,http://www.fanprojekt-bochum.de/,,,Dortmund Bochum Gelsenkirchen,"51,4950292","7,2092729"
FBA: Förderverein zur Bekämpfung von AIDS e.V.,community_services_non_profits,https://youthwork-nrw.de/arnsberg/foerderverein-zur-bekaempfung-von-aids/,,,Dortmund Bochum Gelsenkirchen,"51,5130427","7,4577039"
Feuerpädagogik e.V.,community_services_non_profits,http://www.feuerpaedagogik-ev.de/,,,Dortmund Bochum Gelsenkirchen,"51,5086867","7,4290039"
Feuerwehr Langendreer,community_services_non_profits,https://www.le33.de/,,,Dortmund Bochum Gelsenkirchen,"51,474611","7,3000788"
Fidena-Portal,community_services_non_profits,http://www.fidena.de/,,,Dortmund Bochum Gelsenkirchen,"51,4423022","7,1920498"
Filmklub Dortmund,community_services_non_profits,http://www.youtube.com/@filmklubdortmund,,,Dortmund Bochum Gelsenkirchen,"51,528251","7,5456264"
Forum Dialog e.V.,community_services_non_profits,http://www.forum-dialog.org/,,,Dortmund Bochum Gelsenkirchen,"51,5506602","7,5513938"
Forum für Jugendarbeit im BBZ,community_services_non_profits,http://jugendarbeit-bbz.de/,,,Dortmund Bochum Gelsenkirchen,"51,4799833","7,2133781"
Frauen helfen Frauen e. V.,community_services_non_profits,http://www.frauenberatungsstelle-dortmund.de,,,Dortmund Bochum Gelsenkirchen,"51,5109","7,475518"
Frauenzentrum Dortmund 1980 e.V.,community_services_non_profits,https://www.frauenzentrum-dortmund.de/,,,Dortmund Bochum Gelsenkirchen,"51,545419","7,4637754"
Freeway Rider's MC Bochum,community_services_non_profits,http://www.freewayriders-bochum.de/,2,,Dortmund Bochum Gelsenkirchen,"51,4963275","7,1486413"
Freies Ferienwerk e. V.,community_services_non_profits,http://www.freies-ferienwerk.de,,,Dortmund Bochum Gelsenkirchen,"51,4784872","7,1406799"
"Freimaurer Loge ""Glückauf Zum Licht"" Im Orient Gelsenkirchen",community_services_non_profits,http://www.freimaurer-gelsenkirchen.de,,,Dortmund Bochum Gelsenkirchen,"51,5113212","7,0891882"
Freimaurerloge Zur alten Linde,community_services_non_profits,http://www.zur-alten-linde.de,,,Dortmund Bochum Gelsenkirchen,"51,5024775","7,4595256"
Freiwillige Feuerwehr Dortmund - Löschzug 20 Nette,community_services_non_profits,http://www.feuerwehr-nette.de/,,,Dortmund Bochum Gelsenkirchen,"51,55277","7,39656"
Freiwillige Feuerwehr Gelsenkirchen Löschzug 19 - Heßler,community_services_non_profits,http://www.fflz19.de/,,,Dortmund Bochum Gelsenkirchen,"51,5255774","7,0539245"
FreiwilligenAgentur Dortmund,community_services_non_profits,http://www.freiwilligenagenturdortmund.de/,,,Dortmund Bochum Gelsenkirchen,"51,5106205","7,4678316"
Freundeskreis der Sufi-Kultur e. V.,community_services_non_profits,Ingen webbplats,,,Dortmund Bochum Gelsenkirchen,"51,53242","7,45237"
Freundeskreis Schweizer Dorf e.V.,community_services_non_profits,http://www.gekita.de/index.php?id=310,,,Dortmund Bochum Gelsenkirchen,"51,5026968","7,0891384"
Friedenslicht Dortmund,community_services_non_profits,https://www.dpsg-paderborn.de/veranstaltunge/friedenslicht/,,,Dortmund Bochum Gelsenkirchen,"51,52258","7,46402"
Friseur- und Kosmetikverband NRW,community_services_non_profits,http://www.friseure-nrw.de/,2,,Dortmund Bochum Gelsenkirchen,"51,503468","7,484299"
Friseur-Innung Dortmund und Lünen & Kompetenz Zentrum Friseur,community_services_non_profits,http://www.friseur.handwerk-dortmund.de/,,,Dortmund Bochum Gelsenkirchen,"51,5110853","7,5035103"
Fritz Bauer Forum,community_services_non_profits,https://www.fritz-bauer-forum.de/,,,Dortmund Bochum Gelsenkirchen,"51,4778997","7,2641052"
Fritz Erler Haus,community_services_non_profits,http://www.falken-gelsenkirchen.de/,,,Dortmund Bochum Gelsenkirchen,"51,5983835","7,0525166"
Fritz-Hüser-Institut für Literatur und Kultur der Arbeitswelt,community_services_non_profits,http://dortmund.de/fhi,,,Dortmund Bochum Gelsenkirchen,"51,5176505","7,3327177"
FS Geowissenschaften RUB,community_services_non_profits,http://www.ruhr-uni-bochum.de/fsgeo/,2,,Dortmund Bochum Gelsenkirchen,"51,44589","7,26046"
Furkan Bewegung Dortmund,community_services_non_profits,http://www.furkanbewegung.com/,,,Dortmund Bochum Gelsenkirchen,"51,5129101","7,4456493"
Förderverein Begegnungszentrum Deusen e. V. Begegnungsstätte,community_services_non_profits,http://www.deusenkirche.de,,,Dortmund Bochum Gelsenkirchen,"51,5464275","7,4284811"
Förderverein der Albrecht-Dürer-Realschule e.V.,community_services_non_profits,https://adrdo-fv.de/,,,Dortmund Bochum Gelsenkirchen,"51,49106","7,55951"
Förderverein der Emschertal Grundschule Dortmund Sölde,community_services_non_profits,http://www.emschertaler.de/,,,Dortmund Bochum Gelsenkirchen,"51,498577","7,585465"
Förderverein der Rupert-Neudeck-Schule e.V.,community_services_non_profits,http://www.rupert-neudeck-schule.de/,,,Dortmund Bochum Gelsenkirchen,"51,4260791","7,1502078"
Förderverein des Pastor Viertmann Kindergartens Bochum-Höntrop e. V.,community_services_non_profits,https://fpv-kita.jimdofree.com/,,,Dortmund Bochum Gelsenkirchen,"51,45347","7,14384"
Förderverein für die Gemeinde St. Nikolaus von der Flüe Bochum,community_services_non_profits,Ingen webbplats,,,Dortmund Bochum Gelsenkirchen,"51,5028456","7,1893965"
Förderverein für Krebsberatung und -hilfe der Emscher Lippe Region e.V.,community_services_non_profits,http://www.foerderverein-krebsberatung.de/,,,Dortmund Bochum Gelsenkirchen,"51,5080422","7,0928115"
Förderverein Gerne in Derne e.V.,community_services_non_profits,Ingen webbplats,,,Dortmund Bochum Gelsenkirchen,"51,56829","7,52628"
Förderverein kath. KiTa Liebfrauen Linden,community_services_non_profits,Ingen webbplats,,,Dortmund Bochum Gelsenkirchen,"51,42754","7,16133"
Förderverein Kinderhospiz Sonnenherz,community_services_non_profits,http://www.kinderhospiz-sonnenherz.de/,,,Dortmund Bochum Gelsenkirchen,"51,51996","7,336"
Förderverein Kindertagesstätte Steinkühlerweg e. V.,community_services_non_profits,Ingen webbplats,,,Dortmund Bochum Gelsenkirchen,"51,4955003","7,5123425"
Förderverein Wilbergschule Bochum,community_services_non_profits,http://www.wilbergschule-bochum.de/,,,Dortmund Bochum Gelsenkirchen,"51,51175","7,20935"
Förderverein Zeche Hannover,community_services_non_profits,Ingen webbplats,,,Dortmund Bochum Gelsenkirchen,"51,5046497","7,1652603"
Gambia Bayoolu e.V.,community_services_non_profits,http://www.gambia-bayoolu.de/,,,Dortmund Bochum Gelsenkirchen,"51,45861","7,32708"
Ganesh Nepalhilfe e.V.,community_services_non_profits,https://www.ganesh-nepalhilfe.org/,,,Dortmund Bochum Gelsenkirchen,"51,5329647","7,4530625"
"Gartenverein ""Emschertal""",community_services_non_profits,http://gv-emschertal.de/,,,Dortmund Bochum Gelsenkirchen,"51,492008","7,4437923"
Gartenverein Am Grünen Entenpoth e.V.,community_services_non_profits,http://www.gv-am-gruenen-entenpoth.de/,,,Dortmund Bochum Gelsenkirchen,"51,4819288","7,48946"
Gartenverein Bolmketal e. V.,community_services_non_profits,www.bolmketal.de,,,Dortmund Bochum Gelsenkirchen,"51,5014406","7,4601308"
Gartenverein Glück-Auf Dortmund-Dorstfeld e.V.,community_services_non_profits,http://glueck-auf.info/,,,Dortmund Bochum Gelsenkirchen,"51,5010613","7,3979368"
Gartenverein Heideblick e.V. Klaus-Dieter Ehlert,community_services_non_profits,http://www.heideblick-dortmund.de,,,Dortmund Bochum Gelsenkirchen,"51,480429","7,444579"
Gartenverein Kleyberg e.V.,community_services_non_profits,http://www.gartenverein-kleyberg.de/,,,Dortmund Bochum Gelsenkirchen,"51,4830739","7,3634021"
Gartenverein Pferdebachtal e.V.,community_services_non_profits,https://www.gartenverein-pferdebachtal.de/,,,Dortmund Bochum Gelsenkirchen,"51,4785231","7,4846506"
Gast-Haus,community_services_non_profits,http://gast-haus.org/index.php/2015-12-17-23-29-51/spenden-ueber-paypal,,,Dortmund Bochum Gelsenkirchen,"51,5134882","7,4527927"
Gebäudereiniger-Innung Dortmund,community_services_non_profits,https://kh-handwerk.de/innungen/innungen_dortmund-luenen/gebaeudereiniger-innung-dortmund/?_gl=1%2A107b4dj%2A_up%2AMQ..%2A_ga%2AODE2OTY4NDAzLjE3MDU0Nzk4NTQ.%2A_ga_FDW4YM5TQ1%2AMTcwNTQ3OTg1NC4xLjAuMTcwNTQ3OTg1NC4wLjAuMA..,2,,Dortmund Bochum Gelsenkirchen,"51,5101899","7,5016458"
Gelb und Gut,community_services_non_profits,https://adac-clubleben.de/,,,Dortmund Bochum Gelsenkirchen,"51,50656","7,53318"
Gelsenkirchen Fenerbahceliler Derneği,community_services_non_profits,http://www.fenerbahce-gelsenkirchen.de/,,,Dortmund Bochum Gelsenkirchen,"51,5241906","7,0674514"
Gelsenkirchener Werkstätten,community_services_non_profits,http://www.werkverein-ge.de/,,,Dortmund Bochum Gelsenkirchen,"51,5555114","7,0322983"
Gelsenzentrum,community_services_non_profits,http://www.gelsenzentrum.de/,,,Dortmund Bochum Gelsenkirchen,"51,5285423","7,0230416"
Gem.Amt und Jugendheim,community_services_non_profits,http://www.juk-dortmund.de,,,Dortmund Bochum Gelsenkirchen,"51,500617","7,338024"
Generationennetz Gelsenkirchen e.V.,community_services_non_profits,http://www.generationennetz-ge.de/,,,Dortmund Bochum Gelsenkirchen,"51,5108525","7,0926619"
Gerald Asamoah Stiftung für Herzkranke Kinder,community_services_non_profits,http://www.gerald-asamoah-stiftung.de/,,,Dortmund Bochum Gelsenkirchen,"51,5770601","7,0482788"
Gesellschaft Bochum Donezk e.V.,community_services_non_profits,http://www.bochum-donezk.de/,,,Dortmund Bochum Gelsenkirchen,"51,494265","7,2134342"
GEW Bochum,community_services_non_profits,http://gew-bochum.de/,,,Dortmund Bochum Gelsenkirchen,"51,47385","7,21521"
Girls' Hope e. V.,community_services_non_profits,http://www.girlshope.de/,,,Dortmund Bochum Gelsenkirchen,"51,5104332","7,1079193"
Greenpeace Bochum,community_services_non_profits,http://www.bochum.greenpeace.de/,,,Dortmund Bochum Gelsenkirchen,"51,475919","7,2285178"
Grenzgarten e.V.,community_services_non_profits,Ingen webbplats,,,Dortmund Bochum Gelsenkirchen,"51,5261228","7,0980923"
Gründerinnenzentrum - Wirtschaftsförderung Dortmund,community_services_non_profits,http://www.gruenderinnenzentrum-dortmund.de/,,,Dortmund Bochum Gelsenkirchen,"51,5130827","7,4568629"
Gänsereiterclub Sevinghausen 1598,community_services_non_profits,http://www.sevinghauser-gaensereiterclub-1598.de,,,Dortmund Bochum Gelsenkirchen,"51,45848","7,137114"
Hand in Hand - Bochum,community_services_non_profits,http://www.handinhand-bochum.de/,,,Dortmund Bochum Gelsenkirchen,"51,4894854","7,2050744"
Hand in Hand für Menschen e.V. - Obdachlosenhilfe Dortmund,community_services_non_profits,Ingen webbplats,,,Dortmund Bochum Gelsenkirchen,"51,5238096","7,47402"
Handwerkskammer,community_services_non_profits,http://www.hwk-muenster.de/,2,,Dortmund Bochum Gelsenkirchen,"51,5755166","7,061961"
Hariho / Die Falken Bochum,community_services_non_profits,http://www.falken-bochum.de/,,,Dortmund Bochum Gelsenkirchen,"51,4911385","7,1958299"
Hartware MedienKunstVerein,community_services_non_profits,http://www.hmkv.de/,,,Dortmund Bochum Gelsenkirchen,"51,5146833","7,4532608"
Haus der Begegnung,community_services_non_profits,http://www.hdb-bochum.de,,,Dortmund Bochum Gelsenkirchen,"51,4760572","7,2300467"
heidelbÜrger,community_services_non_profits,https://www.wohnkumpane.de/,,,Dortmund Bochum Gelsenkirchen,"51,500026","7,111849"
Heimatbund Gelsenkirchen e. V.,community_services_non_profits,http://www.heimatbund-gelsenkirchen.de,,,Dortmund Bochum Gelsenkirchen,"51,4946731","7,0789175"
Heimatlose Pfoten e.V. -Tierschutz ohne Grenzen-,community_services_non_profits,http://www.heimatlosepfoten.de/,,,Dortmund Bochum Gelsenkirchen,"51,5729767","7,4663739"
Heimatverein Holthausen e. V.,community_services_non_profits,http://www.heimatverein-holthausen-ev.de/,,,Dortmund Bochum Gelsenkirchen,"51,5699943","7,4457525"
Heimatverein Stiepeler,community_services_non_profits,http://www.hvb-stiepel.de,,,Dortmund Bochum Gelsenkirchen,"51,41808","7,2269"
Heinz-Kühn-Bildungswerk,community_services_non_profits,http://www.hkb-nrw.de/,,,Dortmund Bochum Gelsenkirchen,"51,5152404","7,4699065"
Help and hope Stiftung - Gut Königsmühle,community_services_non_profits,http://www.helpandhope-stiftung.com/,,,Dortmund Bochum Gelsenkirchen,"51,5623611","7,4149168"
Herzenslust-Bochum,community_services_non_profits,http://www.herzenslust-bochum.de/,,,Dortmund Bochum Gelsenkirchen,"51,48272","7,22026"
Hippodice Spieleclub e. V.,community_services_non_profits,http://www.hippodice.de/,,,Dortmund Bochum Gelsenkirchen,"51,4793661","7,320825"
Hochbegabtenförderung,community_services_non_profits,http://www.hbf-ev.de,,,Dortmund Bochum Gelsenkirchen,"51,4685307","7,2439273"
Hope For Cameroon e.V.,community_services_non_profits,https://linkbio.co/hopeforcameroon,,,Dortmund Bochum Gelsenkirchen,"51,4527917","7,2483437"
Hope kommt rum,community_services_non_profits,https://deutsche-kinderhospiz-dienste.de/jetzt-spenden/,,,Dortmund Bochum Gelsenkirchen,"51,5062986","7,4735369"
Hospiz Westrich,community_services_non_profits,http://www.hospiz-westrich.de/,2,,Dortmund Bochum Gelsenkirchen,"51,5198812","7,3359082"
Hospizverein Wattenscheid,community_services_non_profits,http://www.hospizverein-wattenscheid.de,2,,Dortmund Bochum Gelsenkirchen,"51,48338","7,140347"
Hot-Mengede,community_services_non_profits,http://www.hot-mengede.net,,,Dortmund Bochum Gelsenkirchen,"51,574388","7,3809019"
HS Freche Schnauzen e.V.,community_services_non_profits,http://www.hsfrecheschnauzen.de/,,,Dortmund Bochum Gelsenkirchen,"51,5182588","7,2356682"
HSV Herner Pfoten e.V.,community_services_non_profits,http://www.hernerpfoten.de/,,,Dortmund Bochum Gelsenkirchen,"51,5203933","7,2546461"
HZD Kakanj-Kraljeva Sutjeska e.V. / KUD Kraljica Katarina Gelsenkirchen,community_services_non_profits,http://www.kraljeva-sutjeska.de/,,,Dortmund Bochum Gelsenkirchen,"51,5181272","7,0801116"
Höntroper Gänsereiterhalle,community_services_non_profits,Ingen webbplats,2,,Dortmund Bochum Gelsenkirchen,"51,4599906","7,1569606"
IAESTE LC Bochum e.V.,community_services_non_profits,http://www.iaeste-bochum.de/,,,Dortmund Bochum Gelsenkirchen,"51,4710466","7,2274938"
Iag.bochum,community_services_non_profits,https://www.iagbochum.de/,,,Dortmund Bochum Gelsenkirchen,"51,4916956","7,2139523"
IBC - International Business Club e.V.,community_services_non_profits,http://www.ibc-ge.de/,,,Dortmund Bochum Gelsenkirchen,"51,5464012","7,0719484"
Ifak,community_services_non_profits,http://www.ifak-bochum.de,,,Dortmund Bochum Gelsenkirchen,"51,47674","7,2001"
IG BCE Ortsgruppe Hugo,community_services_non_profits,Ingen webbplats,,,Dortmund Bochum Gelsenkirchen,"51,5653259","7,0428806"
IGMG e V Ortsverein Bochum,community_services_non_profits,Ingen webbplats,,,Dortmund Bochum Gelsenkirchen,"51,4787021","7,2147758"
IKT - Institut für Unterirdische Infrastruktur,community_services_non_profits,http://www.ikt.de/,,,Dortmund Bochum Gelsenkirchen,"51,5094322","7,135743"
Informationskreis für Raumplanung e.V.,community_services_non_profits,http://www.ifr-ev.de/,,,Dortmund Bochum Gelsenkirchen,"51,5079684","7,4653768"
Integrationsagentur Aktionsbüro Einbürgerung bei der IFAK e.V.,community_services_non_profits,http://www.einbuergern.de/,,,Dortmund Bochum Gelsenkirchen,"51,4833076","7,2176731"
Integrationsagentur der Stadtteil-Schule Dortmund e.V.,community_services_non_profits,http://www.stadtteilschule.de/,,,Dortmund Bochum Gelsenkirchen,"51,52805","7,48306"
Internationales Bildungs- und Begegnungswerk in Dortmund - IBB,community_services_non_profits,http://www.ibb-d.de/,,,Dortmund Bochum Gelsenkirchen,"51,5214112","7,4698469"
Internationales Frauencafé Dortmund e.V.,community_services_non_profits,http://www.infrado.de/,,,Dortmund Bochum Gelsenkirchen,"51,521319","7,4543084"
Intuv RuhrStadt e. V.,community_services_non_profits,http://www.intuv.de/,,,Dortmund Bochum Gelsenkirchen,"51,4991183","7,1077425"
Islamischer Kulturverein,community_services_non_profits,Ingen webbplats,,,Dortmund Bochum Gelsenkirchen,"51,5499095","7,4693096"
Islamischer Kulturverein TAKWA e.V.,community_services_non_profits,www.takwa-moschee.de,,,Dortmund Bochum Gelsenkirchen,"51,5214866","7,4806305"
Istok e.V.,community_services_non_profits,http://istok-bochum.de/,,,Dortmund Bochum Gelsenkirchen,"51,4808722","7,2170134"
IT & Medien Centrum,community_services_non_profits,http://www.itmc.tu-dortmund.de/,,,Dortmund Bochum Gelsenkirchen,"51,48966","7,40601"
JCF Dortmund,community_services_non_profits,https://jcf.io/dortmund,,,Dortmund Bochum Gelsenkirchen,"51,4919349","7,4116567"
JKC Rheinische Straße,community_services_non_profits,https://www.dortmund.de/de/leben_in_dortmund/familie_und_soziales/jugendamt/freizeit/jugend_und_kulturcafe_rheinische_strasse_1/index.html,,,Dortmund Bochum Gelsenkirchen,"51,5126359","7,4382025"
Johanniter-Botschafter,community_services_non_profits,https://johanniter-foerdererservice.career.softgarden.de/,,,Dortmund Bochum Gelsenkirchen,"51,5133337","7,4707417"
Johanniter-Unfall-Hilfe e.V. Regionalverband Östliches Ruhrgebiet,community_services_non_profits,http://www.johanniter.de/oestliches-ruhrgebiet,,,Dortmund Bochum Gelsenkirchen,"51,4884356","7,5549927"
JP Circle GmbH,community_services_non_profits,https://www.jp-circle.de/,,,Dortmund Bochum Gelsenkirchen,"51,51922","7,48847"
jugendstil- kinder- und jugendliteraturzentrum nrw,community_services_non_profits,http://www.jugendstil-nrw.de/,,,Dortmund Bochum Gelsenkirchen,"51,5034687","7,4553548"
Jugendverband REBELL,community_services_non_profits,http://rebell.info,,,Dortmund Bochum Gelsenkirchen,"51,535713","7,0242758"
Jugendzentrum Driburger Straße,community_services_non_profits,Ingen webbplats,,,Dortmund Bochum Gelsenkirchen,"51,58565","7,02619"
Jugendzentrum Tossehof,community_services_non_profits,http://www.tossehof.de/,,,Dortmund Bochum Gelsenkirchen,"51,52343","7,11514"
JuHU - Jugendpastorales Zentrum,community_services_non_profits,http://www.juhu-ge.de/,,,Dortmund Bochum Gelsenkirchen,"51,570174","7,046058"
Karl Exius Haus,community_services_non_profits,http://www.karl-exius-haus.de,,,Dortmund Bochum Gelsenkirchen,"51,5282599","7,396091"
Karnervalsjugend-Dortmund,community_services_non_profits,Ingen webbplats,,,Dortmund Bochum Gelsenkirchen,"51,5032518","7,421797"
Kath. Bildungsstätte für Erwachsenen- und Familienbildung,community_services_non_profits,http://kbs-dortmund.de,,,Dortmund Bochum Gelsenkirchen,"51,5127254","7,4584362"
Kath. Centrum Dienststellen und Verbände,community_services_non_profits,http://www.kirchen-dortmund.de,,,Dortmund Bochum Gelsenkirchen,"51,513088","7,461678"
KCR Dortmund e.V.,community_services_non_profits,http://www.kcr-dortmund.de/,,,Dortmund Bochum Gelsenkirchen,"51,527637","7,464646"
Kerem Ke e.V.,community_services_non_profits,http://www.KeremKe.de/,,,Dortmund Bochum Gelsenkirchen,"51,5306024","7,0205086"
KERN Katholische Einrichtungen Ruhrgebiet Nord GmbH,community_services_non_profits,http://kern.ruhr/,,,Dortmund Bochum Gelsenkirchen,"51,4957013","7,1017443"
KG Gelsenkirchener Narrenzunft 1976 e.V.,community_services_non_profits,http://www.narrenzunft-ge.de/,,,Dortmund Bochum Gelsenkirchen,"51,53222","7,1251"
KGV Am Richterbusch Inh.Peter Finke Kleingartenanlage,community_services_non_profits,http://www.kgv-am-richterbusch.de,,,Dortmund Bochum Gelsenkirchen,"51,48222","7,491735"
KGV Am Trinenkamp,community_services_non_profits,http://www.kgv-am-trinenkamp.de,,,Dortmund Bochum Gelsenkirchen,"51,5327264","7,1002889"
KGV Bergmannsheil Bochum e.V.,community_services_non_profits,http://www.kgv-bergmannsheil.de/,,,Dortmund Bochum Gelsenkirchen,"51,4686671","7,2050006"
KGV Günnigfeld 1932 e.V,community_services_non_profits,http://kgv-guennigfeld-1932.de/,,,Dortmund Bochum Gelsenkirchen,"51,49949","7,14325"
Kinderstübchen e.V. Bochum,community_services_non_profits,https://www.kinderstuebchen-bochum.de/,,,Dortmund Bochum Gelsenkirchen,"51,4401238","7,2304502"
KJG Wattenscheid in der Pfarrei St. Gertrud von Brabant,community_services_non_profits,http://www.kjg-wattenscheid.de/,,,Dortmund Bochum Gelsenkirchen,"51,4611951","7,1525269"
Klang Kultur Mengede e.V.,community_services_non_profits,https://klangkultur-mengede.de/,,,Dortmund Bochum Gelsenkirchen,"51,5604414","7,3891672"
Kleingartenverein  Rottmannshof,community_services_non_profits,http://www.klgvrottmannshof.de/,,,Dortmund Bochum Gelsenkirchen,"51,500955","7,249987"
Kleingartenverein An der Goymark,community_services_non_profits,Ingen webbplats,,,Dortmund Bochum Gelsenkirchen,"51,4793136","7,5011664"
Kleingartenverein Auf dem Felde,community_services_non_profits,Ingen webbplats,,,Dortmund Bochum Gelsenkirchen,"51,4591519","7,2298752"
Kleingartenverein Bergmannsheil,community_services_non_profits,Ingen webbplats,,,Dortmund Bochum Gelsenkirchen,"51,46936","7,20206"
Kleingartenverein Brücherhof,community_services_non_profits,Ingen webbplats,,,Dortmund Bochum Gelsenkirchen,"51,47513","7,49474"
Kleingartenverein Erle e.V. ,community_services_non_profits,https://kgv-erle.zur.app/,,,Dortmund Bochum Gelsenkirchen,"51,5573527","7,0979132"
Kleingartenverein Familienwohl,community_services_non_profits,http://www.kgv-familienwohl.de/,,,Dortmund Bochum Gelsenkirchen,"51,4905625","7,3183678"
Kleingartenverein Hofstede,community_services_non_profits,https://www.kgv-herne-sued.de/,,,Dortmund Bochum Gelsenkirchen,"51,5132095","7,2005342"
Kleingartenverein Hütten-Aue,community_services_non_profits,Ingen webbplats,,,Dortmund Bochum Gelsenkirchen,"51,4655757","7,2007427"
Kleingartenverein Im Osterfeld,community_services_non_profits,http://www.kgv-bochum.de/vereine/vereine-im-stadtverband,,,Dortmund Bochum Gelsenkirchen,"51,501472","7,139663"
Kleingartenverein Im Rauhen Holz,community_services_non_profits,http://www.gv-im-rauhen-holz.net,,,Dortmund Bochum Gelsenkirchen,"51,5100157","7,3175185"
Kleingartnerei Asternwinkel,community_services_non_profits,http://www.kleingarten-gelsenkirchen.de/vereine/vereinsheim-vermietung,,,Dortmund Bochum Gelsenkirchen,"51,528527","7,04115"
Kleingartnerverein Carolinengluck,community_services_non_profits,https://www.kgv-carolinenglueck-bochum.de,,,Dortmund Bochum Gelsenkirchen,"51,4941807","7,1849157"
Kleingärtner-Verein Am Abzweig Harpen,community_services_non_profits,Ingen webbplats,,,Dortmund Bochum Gelsenkirchen,"51,499006","7,269199"
"Kleingärtnerverein ""Am Send"" e.V.",community_services_non_profits,https://www.facebook.com/pg/Kleingärtnerverein-Am-Send-eV-415855765457327,,,Dortmund Bochum Gelsenkirchen,"51,524657","7,5258882"
Kleingärtnerverein Am Grüngürtel,community_services_non_profits,http://www.evelynschmitz.de,,,Dortmund Bochum Gelsenkirchen,"51,4975419","7,2390857"
"Kleingärtnerverein Dr. Schreber e.V., Vereinsheim",community_services_non_profits,http://www.kgv-drschreber.de,,,Dortmund Bochum Gelsenkirchen,"51,6031587","7,0599579"
Kleingärtnerverein Grüne Tanne,community_services_non_profits,Ingen webbplats,,,Dortmund Bochum Gelsenkirchen,"51,5509169","7,4927732"
Kleingärtnerverein Loheide,community_services_non_profits,https://www.gartenvereine-dortmund.de/Gartenvereine/Ost,,,Dortmund Bochum Gelsenkirchen,"51,55283","7,6018"
Kleingärtnerverein Löttringhausen,community_services_non_profits,http://gartenverein-loettringhausen.de,,,Dortmund Bochum Gelsenkirchen,"51,4614134","7,4413619"
Kleingärtnerverein Vogelsang e. V.,community_services_non_profits,Ingen webbplats,,,Dortmund Bochum Gelsenkirchen,"51,4481564","7,138327"
Kleyer Sonnenkinder,community_services_non_profits,http://www.kleyer-sonnenkinder.de/,,,Dortmund Bochum Gelsenkirchen,"51,4867968","7,3626053"
Kober Dortmund,community_services_non_profits,https://www.kober-do.de/,,,Dortmund Bochum Gelsenkirchen,"51,5238981","7,4659842"
KoFabrik,community_services_non_profits,http://www.kofabrik.de/,,,Dortmund Bochum Gelsenkirchen,"51,4851546","7,2119574"
Kohlenpott Hoppers Dortmund e V,community_services_non_profits,http://www.kohlenpotthoppers.de,,,Dortmund Bochum Gelsenkirchen,"51,5007308","7,5560353"
Kolpingsfamilie Westenfeld,community_services_non_profits,http://www.kolping-westenfeld.de/,,,Dortmund Bochum Gelsenkirchen,"51,470402","7,147054"
Kommunales Netzwerk der Abwasserbetriebe,community_services_non_profits,https://www.komnetabwasser.de/komnetabwasser/,,,Dortmund Bochum Gelsenkirchen,"51,509438","7,13592"
Kongo Social-Care,community_services_non_profits,http://www.kongo-social-care.de/,,,Dortmund Bochum Gelsenkirchen,"51,4730071","7,2472674"
Kortum-Gesellschaft Bochum e.V.,community_services_non_profits,https://www.kortumgesellschaft.de/,,,Dortmund Bochum Gelsenkirchen,"51,48826","7,22174"
KostNixLaden Bochum,community_services_non_profits,Ingen webbplats,,,Dortmund Bochum Gelsenkirchen,"51,487585","7,2106067"
Kraut und Rüben Kleingarten,community_services_non_profits,oekokleingarten.de,,,Dortmund Bochum Gelsenkirchen,"51,5031222","7,1566483"
Kreishandwerkerschaft Bochum,community_services_non_profits,http://www.handwerk-ruhr.de,,,Dortmund Bochum Gelsenkirchen,"51,4536675","7,2101502"
Kreishandwerkerschaft Emscher-Lippe-West,community_services_non_profits,https://kh-emscher-lippe.de/,,,Dortmund Bochum Gelsenkirchen,"51,5466346","7,0822461"
Kreisjägerschaft Bochum,community_services_non_profits,http://www.ljv-nrw.de/kjs-bochum,2,,Dortmund Bochum Gelsenkirchen,"51,5050055","7,2409024"
Kukuc e.V. Kunst und Kultur in den Claudiushöfe,community_services_non_profits,http://www.Kukuc.org/,,,Dortmund Bochum Gelsenkirchen,"51,4745813","7,2298184"
"Kultur- und Tanzsportverein Srbija Dortmund e.V / KUD ""Srbija"" Dortmund",community_services_non_profits,https://www.srbijado.de/,,,Dortmund Bochum Gelsenkirchen,"51,5050883","7,3149689"
Kultur-Dialog Gelsenkirchen,community_services_non_profits,Ingen webbplats,,,Dortmund Bochum Gelsenkirchen,"51,4972471","7,1132003"
Kulturfabrik Bochum,community_services_non_profits,http://www.kulturfabrik-bochum.org/,,,Dortmund Bochum Gelsenkirchen,"51,48671","7,21202"
KulturPott.Ruhr,community_services_non_profits,http://www.kulturpott.ruhr/,,,Dortmund Bochum Gelsenkirchen,"51,5071537","7,095891"
Kunst- und Museumsgesellschaft Bochum e.V.,community_services_non_profits,http://kumg.org/,,,Dortmund Bochum Gelsenkirchen,"51,48682","7,22095"
Kunstreich im Pott,community_services_non_profits,http://www.kunstreichimpott.de/,,,Dortmund Bochum Gelsenkirchen,"51,485092","7,493775"
Kurdischer Frauenverein Rozerin e. V.,community_services_non_profits,Ingen webbplats,,,Dortmund Bochum Gelsenkirchen,"51,5315867","7,472856"
LAG Tanz NRW,community_services_non_profits,http://www.lag-tanz-nrw.de/,,,Dortmund Bochum Gelsenkirchen,"51,5160603","7,4846434"
Landesarbeitsgemeinschaft Agenda 21 NRW e.V.,community_services_non_profits,https://www.lag21.de/kontakt/,,,Dortmund Bochum Gelsenkirchen,"51,5479855","7,4647206"
Landesarbeitsgemeinschaft Kunst und Medien NRW e.V.,community_services_non_profits,http://www.lag-km.de/,,,Dortmund Bochum Gelsenkirchen,"51,5124999","7,4232613"
Landeselternschaft Grundschulen NRW e.V.,community_services_non_profits,https://www.landeselternschaft-nrw.de/,,,Dortmund Bochum Gelsenkirchen,"51,4278807","7,1504692"
Landeskrebsregister NRW,community_services_non_profits,https://www.landeskrebsregister.nrw/,,,Dortmund Bochum Gelsenkirchen,"51,4466756","7,2447381"
Langendreer hat's,community_services_non_profits,http://www.langendreer-hats.de/,,,Dortmund Bochum Gelsenkirchen,"51,4771534","7,3288918"
LAVIA Familientrauerbegleitung,community_services_non_profits,http://www.lavia.de/,,,Dortmund Bochum Gelsenkirchen,"51,4955558","7,1339797"
LD Talent Club,community_services_non_profits,https://ld-talent-club.de/,,,Dortmund Bochum Gelsenkirchen,"51,52672","7,60051"
Lebenshilfe Bochum e.V.,community_services_non_profits,http://www.lebenshilfe-bochum.de/,,,Dortmund Bochum Gelsenkirchen,"51,4688134","7,226316"
Lebensretter-Deutschland,community_services_non_profits,https://lrde.de/,,,Dortmund Bochum Gelsenkirchen,"51,4986415","7,3319065"
LEiS-NRW e.V.,community_services_non_profits,http://leis-nrw.de/,,,Dortmund Bochum Gelsenkirchen,"51,5126791","7,4373647"
Leseclub Ruhr e.V.,community_services_non_profits,http://leseclub-ruhr.de/,,,Dortmund Bochum Gelsenkirchen,"51,4873574","7,2154215"
Leuchtsterne Dortmund,community_services_non_profits,http://www.leuchtsterne-dortmund.de/beitrittsformular.html,,,Dortmund Bochum Gelsenkirchen,"51,4691361","7,4971199"
Linden bewegt,community_services_non_profits,http://www.linden-bewegt.de/,,,Dortmund Bochum Gelsenkirchen,"51,42511","7,16053"
Lohnsteuerhilfe für Arbeitnehmer e. V.  Lohnsteuerhilfeverein Sitz Gladbeck,community_services_non_profits,https://www.lohnsteuerhilfe.net/,2,,Dortmund Bochum Gelsenkirchen,"51,5463759","7,0773479"
Löschzug 25 Eving/Brechten der Freiwilligen Feuerwehr Dortmund,community_services_non_profits,http://www.feuerwehr-eving.de/,,,Dortmund Bochum Gelsenkirchen,"51,5454687","7,453069"
Machbarschaft Borsig11 e.V.,community_services_non_profits,https://borsig11.de/,,,Dortmund Bochum Gelsenkirchen,"51,526481","7,4854405"
Madonna Treffpunkt und Beratung für Sexarbeiterinnen,community_services_non_profits,http://madonna-ev.de/,,,Dortmund Bochum Gelsenkirchen,"51,4810591","7,2085265"
Mahdi Jailunited Consil,community_services_non_profits,http://www.jailunited.org/,,,Dortmund Bochum Gelsenkirchen,"51,5213489","7,4566118"
Maienpark,community_services_non_profits,Ingen webbplats,,,Dortmund Bochum Gelsenkirchen,"51,5743794","7,4730724"
Mallinckrodt Ehemaligenverein,community_services_non_profits,Ingen webbplats,,,Dortmund Bochum Gelsenkirchen,"51,5093631","7,4672311"
Malteser Bildungszentrum Westfalen,community_services_non_profits,http://www.malteser-bildungszentrum-westfalen.de/,,,Dortmund Bochum Gelsenkirchen,"51,5011373","7,5707211"
Malteser Jugend Dortmund,community_services_non_profits,http://www.malteser-dortmund.de/startseite.html,,,Dortmund Bochum Gelsenkirchen,"51,5329","7,43138"
Manuel Neuer Kids Foundation,community_services_non_profits,https://manuel-neuer-foundation.de/,,,Dortmund Bochum Gelsenkirchen,"51,5770326","7,0482477"
Manuel Neuer Kids Foundation gemeinnützige GmbH,community_services_non_profits,http://neuer-kids-foundation.de,,,Dortmund Bochum Gelsenkirchen,"51,5078561","7,0955724"
Marketing-Club Dortmund e.V.,community_services_non_profits,"http://www.mc-dortmund.de/Kontakt/139419,1031,111427,-1.aspx",,,Dortmund Bochum Gelsenkirchen,"51,4807018","7,463271"
Mc Rote Erde,community_services_non_profits,http://www.mc-roteerde.de,,,Dortmund Bochum Gelsenkirchen,"51,4881984","7,1228267"
Medair - Jedes Leben zählt,community_services_non_profits,http://www.medair.org/,,,Dortmund Bochum Gelsenkirchen,"51,558943","7,46592"
Medizinischer Dienst der Krankenversicherung Westfalen-Lippe,community_services_non_profits,http://www.mdk-wl.de,,,Dortmund Bochum Gelsenkirchen,"51,500978","7,4976335"
Mehrgenerationenhaus Stadtteilzentrum Dahlhausen,community_services_non_profits,http://www.mgh-bochum.de/,,,Dortmund Bochum Gelsenkirchen,"51,4313855","7,1352801"
Melange,community_services_non_profits,http://www.melange-im-netz.de/,,,Dortmund Bochum Gelsenkirchen,"51,4820051","7,4667636"
Mengede-Aktiv,community_services_non_profits,https://mengede-aktiv.chayns.net/,,,Dortmund Bochum Gelsenkirchen,"51,5712391","7,3801786"
Mentor - Leselernhelfer Gelsenkirchen e.V.,community_services_non_profits,http://www.mentor-gelsenkirchen.de/,,,Dortmund Bochum Gelsenkirchen,"51,5151735","7,0920281"
METROPOLENGARTEN auf Dahlbusch e.V.,community_services_non_profits,Ingen webbplats,,,Dortmund Bochum Gelsenkirchen,"51,49204","7,08354"
Mieter Netzwerk Dortmund e.V.,community_services_non_profits,https://www.mieternetzwerk-dortmund.de/,2,,Dortmund Bochum Gelsenkirchen,"51,4914199","7,5502782"
Mieterschutzbund e V,community_services_non_profits,http://www.mieterschutzbund.de,2,,Dortmund Bochum Gelsenkirchen,"51,505","7,4599"
Mieterverein Dortmund und Umgebung,community_services_non_profits,http://www.mieterverein-dortmund.de/,2,,Dortmund Bochum Gelsenkirchen,"51,5149447","7,4650416"
Mieterverein Gelsenkirchen e.V. DMB,community_services_non_profits,http://www.mieterverein-ge.de/,2,,Dortmund Bochum Gelsenkirchen,"51,5134445","7,0959237"
Mobile - Selbstbestimmtes Leben Behinderter,community_services_non_profits,http://www.mobile-dortmund.de,,,Dortmund Bochum Gelsenkirchen,"51,5065775","7,4471785"
Momella Förderverein e.V.,community_services_non_profits,http://momella.org/,,,Dortmund Bochum Gelsenkirchen,"51,4700675","7,5214872"
Montanhistorisches Dokumentationszentrum,community_services_non_profits,http://www.bergbaumuseum.de,,,Dortmund Bochum Gelsenkirchen,"51,48894","7,21744"
Mosaik Bochum e.V,community_services_non_profits,http://www.mosaik-bochum.de/,,,Dortmund Bochum Gelsenkirchen,"51,4823884","7,216536"
Mozart Gesellschaft Dortmund,community_services_non_profits,http://www.mozart-gesellschaft-dortmund.de,,,Dortmund Bochum Gelsenkirchen,"51,5015768","7,5230909"
MuKi - Multikulturelles für Kinder,community_services_non_profits,http://www.muki-bochum.de/,,,Dortmund Bochum Gelsenkirchen,"51,4796405","7,2089615"
Multikulturelles Forum,community_services_non_profits,Ingen webbplats,,,Dortmund Bochum Gelsenkirchen,"51,5117877","7,4659226"
MUN-Dortmund,community_services_non_profits,http://www.mun-dortmund.de/,,,Dortmund Bochum Gelsenkirchen,"51,500477","7,441367"
muTiger-Stiftung,community_services_non_profits,http://www.mutiger.de/,,,Dortmund Bochum Gelsenkirchen,"51,50743","7,10002"
Mütterzentrum Dortmund e.V.,community_services_non_profits,http://www.muetterzentrum-dortmund.de/,,,Dortmund Bochum Gelsenkirchen,"51,5097312","7,4198682"
Mädchenzentrum Gelsenkirchen,community_services_non_profits,http://maedchenzentrum.com/,,,Dortmund Bochum Gelsenkirchen,"51,5158077","7,0918464"
NABU Bochum,community_services_non_profits,http://www.NABU-Bochum.de/,,,Dortmund Bochum Gelsenkirchen,"51,4803372","7,2363543"
NABU Dortmund,community_services_non_profits,http://www.nabu-dortmund.de/,,,Dortmund Bochum Gelsenkirchen,"51,4811044","7,4634734"
Nachbarschaftsinitiative & Projektraum Kaisern,community_services_non_profits,http://kaisern.de/,,,Dortmund Bochum Gelsenkirchen,"51,51312","7,48162"
Nado Netzwerk Adaption Dortmund,community_services_non_profits,http://www.nado.de,,,Dortmund Bochum Gelsenkirchen,"51,4815451","7,4960084"
NAK-karitativ e. V.,community_services_non_profits,http://www.nak-karitativ.de/,,,Dortmund Bochum Gelsenkirchen,"51,5032346","7,4910311"
Naturfreunde Bochum-Langendreer,community_services_non_profits,http://WWW.naturfreunde-langendreer.de/,,,Dortmund Bochum Gelsenkirchen,"51,4754886","7,3062158"
NaturFreunde Ortsgruppe Gelsenkirchen e.V. Jugendgästehaus,community_services_non_profits,http://www.naturfreunde.de,,,Dortmund Bochum Gelsenkirchen,"51,50494","7,08151"
Naturfreundezentrum,community_services_non_profits,http://www.naturfreundezentrum.de/,,,Dortmund Bochum Gelsenkirchen,"51,47509","7,3050759"
NebenAn - Begegnungszentrum in Westerfilde,community_services_non_profits,https://www.diakoniedortmund.de/unser-angebot/migration-und-integration/nebenan,,,Dortmund Bochum Gelsenkirchen,"51,5464088","7,3768905"
Netzwerk Feuerwehrfrauen,community_services_non_profits,http://feuerwehrfrauen.de/,,,Dortmund Bochum Gelsenkirchen,"51,4719631","7,4234277"
Netzwerk Nachbarschaftshilfe Ruhr,community_services_non_profits,Ingen webbplats,,,Dortmund Bochum Gelsenkirchen,"51,48107","7,21282"
NIENHOF - Verein zur Förderung psychosozialer Arbeit e.V.,community_services_non_profits,https://www.nienhof.de/,,,Dortmund Bochum Gelsenkirchen,"51,5794391","7,0559579"
NRW Landesbüro Freie Darstellende Künste,community_services_non_profits,http://www.nrw-lfdk.de/,,,Dortmund Bochum Gelsenkirchen,"51,5479492","7,4647377"
NRW-Zentrum für Talentförderung,community_services_non_profits,http://nrw-talentzentrum.de/,,,Dortmund Bochum Gelsenkirchen,"51,5007847","7,107359"
OPEN - Ev. Kinder- und Jugendzentrum,community_services_non_profits,https://open.wickede-evangelisch.de/,,,Dortmund Bochum Gelsenkirchen,"51,53241","7,610179"
Ormanli Dernegi e. V. Almanya,community_services_non_profits,Ingen webbplats,,,Dortmund Bochum Gelsenkirchen,"51,5983","7,05126"
OT Laer,community_services_non_profits,https://www.ot-laer.de/,,,Dortmund Bochum Gelsenkirchen,"51,4719041","7,2675276"
Pantoffelfabrik,community_services_non_profits,http://www.katzenkugel.de/,,,Dortmund Bochum Gelsenkirchen,"51,486205","7,2356445"
Patchwork Gilde Deutschland e.V.,community_services_non_profits,http://www.patchworkgilde.de/,,,Dortmund Bochum Gelsenkirchen,"51,5150187","7,4625378"
Pfadfinderinnenschaft St. Georg (PSG) - Bochum,community_services_non_profits,http://www.pfadfinderinnen.de/,,,Dortmund Bochum Gelsenkirchen,"51,4725056","7,2160665"
Pfoten Verband e. V.,community_services_non_profits,https://www.pfoten-verband.de,,,Dortmund Bochum Gelsenkirchen,"51,5097353","7,0984552"
PIKSL Labor Dortmund,community_services_non_profits,https://vr.piksl.net/,,,Dortmund Bochum Gelsenkirchen,"51,5036388","7,4583428"
PING e.V.,community_services_non_profits,http://www.ping.de/,,,Dortmund Bochum Gelsenkirchen,"51,483244","7,401486"
PLANB Ruhr,community_services_non_profits,http://www.planb-ruhr.de/,,,Dortmund Bochum Gelsenkirchen,"51,4807589","7,2092488"
Planerladen Dortmund,community_services_non_profits,https://www.planerladen.de/,,,Dortmund Bochum Gelsenkirchen,"51,5167","7,4601"
Planungsbüro STADTKINDER,community_services_non_profits,http://www.stadt-kinder.de/,2,,Dortmund Bochum Gelsenkirchen,"51,5118637","7,433543"
Plumploris e.V.,community_services_non_profits,http://www.plumploris.de/,,,Dortmund Bochum Gelsenkirchen,"51,4736607","7,4683242"
Prachtlamas,community_services_non_profits,http://www.prachtlamas.de/,,,Dortmund Bochum Gelsenkirchen,"51,5006177","7,06231"
ProJazz e.V.,community_services_non_profits,https://projazzdortmund.com/,,,Dortmund Bochum Gelsenkirchen,"51,5160687","7,484813"
Projekt Ankommen e.V.,community_services_non_profits,http://www.projekt-ankommen.de/,,,Dortmund Bochum Gelsenkirchen,"51,5089399","7,4648012"
Projekt FRIDA Dortmund,community_services_non_profits,https://frida-dortmund.de/,,,Dortmund Bochum Gelsenkirchen,"51,524373","7,462415"
Prokulturgut.net,community_services_non_profits,http://www.prokulturgut.net/,,,Dortmund Bochum Gelsenkirchen,"51,43016","7,14951"
PsyWill - die Psychiatrische Willenserklärung,community_services_non_profits,http://www.psywill.de/,2,,Dortmund Bochum Gelsenkirchen,"51,46992","7,20986"
Pudelwohl & Herzenslust in Dortmund,community_services_non_profits,http://www.pudelwohl-dortmund.de/,,,Dortmund Bochum Gelsenkirchen,"51,5170186","7,4646049"
Quartiersmanagement Westerfilde • Bodelschwingh,community_services_non_profits,https://www.westerfilde-bodelschwingh.de/,,,Dortmund Bochum Gelsenkirchen,"51,5448911","7,3737474"
queerblick,community_services_non_profits,http://www.youtube.com/queerblickTV,,,Dortmund Bochum Gelsenkirchen,"51,5172202","7,4701611"
Rappelkiste e.V.,community_services_non_profits,http://www.rappelkiste-ev.de/,,,Dortmund Bochum Gelsenkirchen,"51,494497","7,116373"
Raum vor Ort,community_services_non_profits,http://www.raumvorort.de/,,,Dortmund Bochum Gelsenkirchen,"51,5240644","7,4669341"
RC Offroad Dortmund e.V.,community_services_non_profits,http://www.RCofDo.de/,,,Dortmund Bochum Gelsenkirchen,"51,5329496","7,4285092"
"Regionalbüro Alter, Pflege und Demenz Ruhr",community_services_non_profits,http://www.alter-pflege-demenz-nrw.de/,,,Dortmund Bochum Gelsenkirchen,"51,4811011","7,2128915"
Rehakind  e.V. - Internationale Fördergemeinschaft Kinderrehabilitation,community_services_non_profits,http://www.rehakind.com,,,Dortmund Bochum Gelsenkirchen,"51,499728","7,3347995"
Reparaturcafe GE - HORST,community_services_non_profits,Ingen webbplats,,,Dortmund Bochum Gelsenkirchen,"51,5420113","7,0321727"
Rettungshundestaffel für Feuerwehren NRW e.V.,community_services_non_profits,https://rhs-feuerwehren-nrw.com/,,,Dortmund Bochum Gelsenkirchen,"51,4735281","7,1528553"
Rettungshundestaffel Ruhrgebiet e.V.,community_services_non_profits,Ingen webbplats,,,Dortmund Bochum Gelsenkirchen,"51,49242","7,11846"
Return Suchtselbsthilfe,community_services_non_profits,http://www.return-s.de/,,,Dortmund Bochum Gelsenkirchen,"51,522143","7,5532581"
Reviermanufaktur GmbH,community_services_non_profits,www.reviermanufaktur.de,2,,Dortmund Bochum Gelsenkirchen,"51,463239","7,2025099"
Rochus Spiecker 06/06/09,community_services_non_profits,http://www.dpsg-rs.de/,,,Dortmund Bochum Gelsenkirchen,"51,529727","7,120877"
Ronahi e.V.,community_services_non_profits,https://ronahibochum.de/,,,Dortmund Bochum Gelsenkirchen,"51,4557048","7,2687405"
Roncalli Bar,community_services_non_profits,http://roncalli-haus-bochum.de/,,,Dortmund Bochum Gelsenkirchen,"51,453816","7,2515711"
Rosa Strippe e.V.,community_services_non_profits,http://www.rosastrippe.de/,,,Dortmund Bochum Gelsenkirchen,"51,4857261","7,2199148"
Rosenberg initiativ,community_services_non_profits,https://www.rosenberg-initiativ.de/,,,Dortmund Bochum Gelsenkirchen,"51,5020311","7,2711267"
Rot Weiß Germania 11 67 e.V.,community_services_non_profits,Ingen webbplats,,,Dortmund Bochum Gelsenkirchen,"51,5858035","7,3895683"
RUB bekennt Farbe,community_services_non_profits,https://asta-bochum.de/projekte/rub-bekennt-farbe/,,,Dortmund Bochum Gelsenkirchen,"51,4458885","7,2604599"
ruhrmobil-E,community_services_non_profits,http://ruhrmobil-e.de/,,,Dortmund Bochum Gelsenkirchen,"51,4672036","7,2190762"
Saarlandstraße,community_services_non_profits,http://www.saarlandstrasse-dortmund.de/,,,Dortmund Bochum Gelsenkirchen,"51,50441","7,4594"
SAB Ruhr,community_services_non_profits,http://sab.ruhr/,,,Dortmund Bochum Gelsenkirchen,"51,4795591","7,3191722"
Sauerländischer Gebirgsverein,community_services_non_profits,http://www.sgv-hordel.de,,,Dortmund Bochum Gelsenkirchen,"51,5048443","7,1780542"
Schaffrather Mitte e. V.,community_services_non_profits,http://www.treffpunkt-schaffrath.de/,,,Dortmund Bochum Gelsenkirchen,"51,56031","7,02616"
Schalker Fan-Initiative e.V.,community_services_non_profits,https://www.thisisgelsen.de/fan-ini-shop,,,Dortmund Bochum Gelsenkirchen,"51,5286153","7,0843878"
Schalker Fanprojekt,community_services_non_profits,http://www.schalker-fanprojekt.de/,,,Dortmund Bochum Gelsenkirchen,"51,5275045","7,0850413"
Schaustellerverein Rote-Erde Original,community_services_non_profits,http://www.rote-erde.de/,,,Dortmund Bochum Gelsenkirchen,"51,5121343","7,4638033"
Schritt e. V.- فريق خطوة,community_services_non_profits,https://links.schritt-ev.de/,,,Dortmund Bochum Gelsenkirchen,"51,48332","7,21585"
Schule der Vielfalt,community_services_non_profits,http://www.schule-der-vielfalt.de/,,,Dortmund Bochum Gelsenkirchen,"51,485769","7,21985"
Schülertreff der Amigonianer,community_services_non_profits,Ingen webbplats,,,Dortmund Bochum Gelsenkirchen,"51,51802","7,08226"
Segel-Club Hattingen e.V.,community_services_non_profits,http://www.segelclub-hattingen.de/,,,Dortmund Bochum Gelsenkirchen,"51,4370297","7,2781462"
Selbsthilfe-Kontaktstelle Dortmund,community_services_non_profits,https://www.selbsthilfe-dortmund.de/,,,Dortmund Bochum Gelsenkirchen,"51,5144809","7,4714591"
Selfmade Dortmund,community_services_non_profits,http://Selfmadedortmund.de/,,,Dortmund Bochum Gelsenkirchen,"51,51839","7,46757"
Shanti Leprahilfe Dortmund e.V.,community_services_non_profits,http://www.shanti-leprahilfe.de/,,,Dortmund Bochum Gelsenkirchen,"51,4614624","7,4651132"
Shopping in Huckarde,community_services_non_profits,http://www.huckarde.de/,,,Dortmund Bochum Gelsenkirchen,"51,5308648","7,4140847"
Simsalabim Bochum e.V.,community_services_non_profits,http://www.zauberkasten.de/,,,Dortmund Bochum Gelsenkirchen,"51,5191452","7,2819705"
SkF Bochum,community_services_non_profits,http://www.skf-bochum.de/,,,Dortmund Bochum Gelsenkirchen,"51,4996091","7,2247546"
SLADO,community_services_non_profits,https://www.slado.de/links,,,Dortmund Bochum Gelsenkirchen,"51,5160035","7,4640561"
SMC Gelsenkirchen e.V.,community_services_non_profits,http://www.smc-ge.de/,,,Dortmund Bochum Gelsenkirchen,"51,528551","7,1209737"
Social Academy - Giving Europe a Soul,community_services_non_profits,https://www.kommende-dortmund.de/projekte/sozialakademie,,,Dortmund Bochum Gelsenkirchen,"51,5236813","7,5480134"
SOS-Kinderdorf Dortmund,community_services_non_profits,https://www.sos-kinderdorf.de/kinderdorf-dortmund,,,Dortmund Bochum Gelsenkirchen,"51,5104146","7,4815639"
Sozialdienst katholischer Frauen,community_services_non_profits,http://www.skf-zentrale.de/,,,Dortmund Bochum Gelsenkirchen,"51,5125394","7,4730189"
Soziales Zentrum Bochum,community_services_non_profits,http://www.sz-bochum.de/,,,Dortmund Bochum Gelsenkirchen,"51,4935499","7,2107349"
Sozialverband VdK Rechtsabteilung Dortmund,community_services_non_profits,http://www.vdk.de,,,Dortmund Bochum Gelsenkirchen,"51,515934","7,4578966"
Sozialwerk St. Georg - a2b,community_services_non_profits,http://www.sozialwerk-st-georg.de/,,,Dortmund Bochum Gelsenkirchen,"51,5464448","7,0802696"
Sozialwerk St. Georg e. V.,community_services_non_profits,http://www.sozialwerk-st-georg.de,,,Dortmund Bochum Gelsenkirchen,"51,5826997","7,1221754"
SPD Ortsverein Bochum Grumme-Vöde,community_services_non_profits,http://www.spd-bochum-mitte.de/spd-ortsverein-bochum-grumme-voede/,2,,Dortmund Bochum Gelsenkirchen,"51,492655","7,2440287"
SPD Ortsverein Bochum Stiepel,community_services_non_profits,Ingen webbplats,2,,Dortmund Bochum Gelsenkirchen,"51,4309947","7,2509805"
Spielkunst e.V.,community_services_non_profits,http://Spielkunst-ev.de/,,,Dortmund Bochum Gelsenkirchen,"51,48372","7,16783"
St Vinzenz Bochum,community_services_non_profits,https://www.vinzenz.org/,,,Dortmund Bochum Gelsenkirchen,"51,48541","7,21045"
Stadtarchiv Dortmund,community_services_non_profits,http://stadtarchiv.dortmund.de/,,,Dortmund Bochum Gelsenkirchen,"51,5085156","7,469652"
Stadtfeuerwehrverband Dortmund e. V.,community_services_non_profits,http://www.stadtfeuerwehrverband-dortmund.de/,,,Dortmund Bochum Gelsenkirchen,"51,52003","7,4616"
Stadtteilfreunde Altenbochum e.V.,community_services_non_profits,http://www.stadtteilfreunde-altenbochum.de/,,,Dortmund Bochum Gelsenkirchen,"51,47688","7,24172"
Stadtteilladen Bismarck der Propsteipfarrei St. Augustinus,community_services_non_profits,http://www.stadtteilladen-bismarck.de/,,,Dortmund Bochum Gelsenkirchen,"51,5263231","7,1059448"
StadtTeilLaden Förderverein Grumme,community_services_non_profits,http://www.stadtteilweb.de,,,Dortmund Bochum Gelsenkirchen,"51,498487","7,244879"
"Stadtteiltreff Hustadt, IFAK e.V.",community_services_non_profits,http://ifak-bochum.de/stadtteiltreff-hustadt/,,,Dortmund Bochum Gelsenkirchen,"51,45784","7,27073"
Stadtverband Dortmunder Gartenvereine,community_services_non_profits,https://www.gartenvereine-dortmund.de,,,Dortmund Bochum Gelsenkirchen,"51,517535","7,5144715"
Stadtverwalter e.V.,community_services_non_profits,http://www.stadtverwalter.org/,,,Dortmund Bochum Gelsenkirchen,"51,472867","7,218228"
Star of Africa Solomon Lodge #1071,community_services_non_profits,https://www.soas-lodge.de/,,,Dortmund Bochum Gelsenkirchen,"51,5112755","7,0893103"
Stern Im Norden,community_services_non_profits,http://sternimnorden.de/,,,Dortmund Bochum Gelsenkirchen,"51,528742","7,48381"
Stiftung Auszeit,community_services_non_profits,https://www.stiftung-auszeit.de/,,,Dortmund Bochum Gelsenkirchen,"51,46954","7,21804"
Stiftung Bethel,community_services_non_profits,http://www.bethel.de,,,Dortmund Bochum Gelsenkirchen,"51,551001","7,471103"
Stiftung Kinderzentrum Ruhrgebiet,community_services_non_profits,http://www.kinderzentrum-ruhrgebiet.de/,,,Dortmund Bochum Gelsenkirchen,"51,4903756","7,2312237"
Stiftung Schalker Markt,community_services_non_profits,https://stiftung-schalkermarkt.de/,,,Dortmund Bochum Gelsenkirchen,"51,521031","7,0911294"
Stiftung Sicherheit im Sport,community_services_non_profits,http://www.sicherheit.sport/,,,Dortmund Bochum Gelsenkirchen,"51,4710245","7,2272063"
Stiftung Westfälisches Wirtschaftsarchiv,community_services_non_profits,http://www.archive.nrw.de/wirtschaftsarchive/WWADortmund/wir_ueber_uns,,,Dortmund Bochum Gelsenkirchen,"51,5032735","7,4806535"
Stolpersteine Gelsenkirchen,community_services_non_profits,http://www.stolpersteine-gelsenkirchen.de/,,,Dortmund Bochum Gelsenkirchen,"51,52863","7,02305"
Studentendorf Dortmund,community_services_non_profits,http://www.dorf.cc/,,,Dortmund Bochum Gelsenkirchen,"51,4916883","7,418142"
SUS-Oespel-Kley 1908 e. V.,community_services_non_profits,http://www.sus-oespel-kley.de,,,Dortmund Bochum Gelsenkirchen,"51,48747","7,37671"
"SV-OG Resser Mark e. V., Verein für Deutsche Schäferhunde",community_services_non_profits,http://www.sv-og-resser-mark.de,,,Dortmund Bochum Gelsenkirchen,"51,5694731","7,1145131"
TalentMetropole Ruhr,community_services_non_profits,https://www.talentmetropoleruhr.de/,,,Dortmund Bochum Gelsenkirchen,"51,5007185","7,1076237"
Tante Albert,community_services_non_profits,Ingen webbplats,,,Dortmund Bochum Gelsenkirchen,"51,5256","7,47672"
The Good Old Days,community_services_non_profits,Ingen webbplats,,,Dortmund Bochum Gelsenkirchen,"51,5141716","7,45924"
THW OV Bochum,community_services_non_profits,https://www.thw-bochum.de/,,,Dortmund Bochum Gelsenkirchen,"51,4982169","7,258889"
THW OV Gelsenkirchen,community_services_non_profits,http://www.thw-gelsenkirchen.de/,,,Dortmund Bochum Gelsenkirchen,"51,56268","7,07137"
Tierhilfe Grenzenlos Deutschland e.V.,community_services_non_profits,https://tierhilfe-grenzenlos-deutschland-e-v.jimdosite.com/,,,Dortmund Bochum Gelsenkirchen,"51,4754428","7,4481796"
Tierhilfe Holt uns hier raus,community_services_non_profits,http://www.holtunshierraus.de/,,,Dortmund Bochum Gelsenkirchen,"51,4683631","7,4353576"
Tierhilfe Sara Lanzarote e.V.,community_services_non_profits,http://www.tierhilfe-sara-lanzarote.de/,,,Dortmund Bochum Gelsenkirchen,"51,497151","7,19031"
Tierschutzorganisation Arche90,community_services_non_profits,http://www.arche90.de/,,,Dortmund Bochum Gelsenkirchen,"51,5297067","7,5397534"
"Tierschutzverein Bochum, Hattingen und Umgebung e.V.",community_services_non_profits,http://www.tierheim-bochum.de/,,,Dortmund Bochum Gelsenkirchen,"51,458441","7,2942319"
Tonnenhopser e.V.,community_services_non_profits,http://www.tonnenhopser.de/,,,Dortmund Bochum Gelsenkirchen,"51,4988333","7,433009"
Train Of Hope Dortmund e.V.,community_services_non_profits,http://www.trainofhope-do.de/,,,Dortmund Bochum Gelsenkirchen,"51,5224789","7,4640804"
Tremonia Akademie,community_services_non_profits,https://www.tremonia-akademie.de/,,,Dortmund Bochum Gelsenkirchen,"51,5312424","7,6258551"
Tri Geckos Dortmund,community_services_non_profits,http://www.tri-geckos.de,,,Dortmund Bochum Gelsenkirchen,"51,5694164","7,46038"
Trägerverein Hugo Schacht 2 e.V.,community_services_non_profits,Ingen webbplats,,,Dortmund Bochum Gelsenkirchen,"51,5687258","7,0537653"
tuisa.de,community_services_non_profits,https://tuisa.de/,,,Dortmund Bochum Gelsenkirchen,"51,5310593","7,0225902"
Turkisch Islamischer Kulturverein Scharnhorst,community_services_non_profits,https://www.ditib.de/default.php?pageNum_kat=1&totalRows_kat=910&id=13&lang=de,,,Dortmund Bochum Gelsenkirchen,"51,540523","7,518686"
TV Bochum-Brenschede 1911,community_services_non_profits,http://www.tv-bochum-brenschede.de,,,Dortmund Bochum Gelsenkirchen,"51,45675","7,23707"
Türkisch Islamischer Verein Gelsenkirchen-Buer-Hassel,community_services_non_profits,Ingen webbplats,,,Dortmund Bochum Gelsenkirchen,"51,60049","7,05341"
U25 Gelsenkirchen,community_services_non_profits,http://www.u25-gelsenkirchen.de/,,,Dortmund Bochum Gelsenkirchen,"51,51034","7,10222"
UBV e. V.,community_services_non_profits,Ingen webbplats,,,Dortmund Bochum Gelsenkirchen,"51,5210999","7,46467"
UID Ruhr Bölgesi Kadın Kolları,community_services_non_profits,http://u-i-d.org/,,,Dortmund Bochum Gelsenkirchen,"51,49823","7,37124"
UID Youth Dortmund,community_services_non_profits,http://www.uetd.de/,,,Dortmund Bochum Gelsenkirchen,"51,51654","7,46441"
UNICUM Stiftung,community_services_non_profits,http://www.unicum-stiftung.de/,,,Dortmund Bochum Gelsenkirchen,"51,4793885","7,2187662"
Unternehmensverbände für Dortmund - UV-DO,community_services_non_profits,http://www.uv-do.de/,,,Dortmund Bochum Gelsenkirchen,"51,5118029","7,4763342"
Up To Dance Tanznetzwerk,community_services_non_profits,https://www.uptodance.de/,,,Dortmund Bochum Gelsenkirchen,"51,6011739","7,0571415"
Urbane Künste Ruhr,community_services_non_profits,https://www.urbanekuensteruhr.de/de,,,Dortmund Bochum Gelsenkirchen,"51,4797645","7,2012761"
Urbanisten HQ,community_services_non_profits,http://www.dieurbanisten.de/,,,Dortmund Bochum Gelsenkirchen,"51,5126027","7,4381028"
VBE NRW,community_services_non_profits,https://tinyurl.com/VBE-Landingpage-und-Impressum,,,Dortmund Bochum Gelsenkirchen,"51,503302","7,503371"
VCP Land Westfalen,community_services_non_profits,https://www.vcp-westfalen.de/,,,Dortmund Bochum Gelsenkirchen,"51,4189503","7,5052591"
Vehist e V,community_services_non_profits,http://www.vehist.de.tl,,,Dortmund Bochum Gelsenkirchen,"51,54662","7,4770784"
Verband für das Deutsche Hundewesen - VDH e.V.,community_services_non_profits,http://www.vdh.de,,,Dortmund Bochum Gelsenkirchen,"51,504159","7,500277"
Verband medizinischer Fachberufe,community_services_non_profits,https://www.vmf-online.de/,,,Dortmund Bochum Gelsenkirchen,"51,446739","7,247924"
Verbraucher-Zentrale NRW,community_services_non_profits,https://www.verbraucherzentrale.nrw/beratungsstellen/gelsenkirchen,,,Dortmund Bochum Gelsenkirchen,"51,513825","7,09717"
Verbund der sozial- kulturellen Migrantenvereine,community_services_non_profits,http://www.vmdo.de,,,Dortmund Bochum Gelsenkirchen,"51,527989","7,482981"
Verein für Deutsche Schäferhunde Ortsgruppe Bochum-Hordel-Heide,community_services_non_profits,http://www.svhordel.de,,,Dortmund Bochum Gelsenkirchen,"51,5020123","7,1785466"
Verkehrswacht Bochum e.V.,community_services_non_profits,http://www.verkehrswacht-bochum.de/,,,Dortmund Bochum Gelsenkirchen,"51,4645683","7,1535883"
Verkehrswacht Dortmund e.V.,community_services_non_profits,http://www.verkehrswacht-dortmund.de/,,,Dortmund Bochum Gelsenkirchen,"51,4872749","7,5604593"
Verkehrswacht Gelsenk e V,community_services_non_profits,http://www.verkehrswacht-gelsenkirchen.de,,,Dortmund Bochum Gelsenkirchen,"51,5134849","7,0965646"
VfL Bochum Die Handballer e.V.,community_services_non_profits,www.vfl-bochum-handball.de,,,Dortmund Bochum Gelsenkirchen,"51,4422854","7,2142114"
VHAG DSW e.V.,community_services_non_profits,http://bahnhof-mooskamp.de/,,,Dortmund Bochum Gelsenkirchen,"51,54902","7,40667"
ViA Ruhr,community_services_non_profits,http://www.via-ruhr.de/,,,Dortmund Bochum Gelsenkirchen,"51,5004445","7,2621609"
Villa West Bochum,community_services_non_profits,Ingen webbplats,,,Dortmund Bochum Gelsenkirchen,"51,4799242","7,210272"
VillaVie,community_services_non_profits,http://www.villa-vie.org/,,,Dortmund Bochum Gelsenkirchen,"51,471014","7,2674116"
Vincenz-von-Paul-Schule,community_services_non_profits,https://www.vincenz-von-paul-schule.de,,,Dortmund Bochum Gelsenkirchen,"51,52638","7,4825549"
VSE Sprungbrett,community_services_non_profits,http://www.vse-nrw.de/dortmund/dortmund/sprungbrett-teilstationaere-betreuung-fuer-junge-erwachsene.html,,,Dortmund Bochum Gelsenkirchen,"51,5123207","7,4348971"
WAB Langendreer,community_services_non_profits,http://www.wab-langendreer.de/,,,Dortmund Bochum Gelsenkirchen,"51,4733829","7,3100132"
Wali Aktiv e.V.,community_services_non_profits,http://www.wali-aktiv.de/,,,Dortmund Bochum Gelsenkirchen,"51,4866644","7,4361678"
Wasserwacht Gelsenkirchen,community_services_non_profits,http://www.drk-ge.de/,,,Dortmund Bochum Gelsenkirchen,"51,53853","7,08353"
Well:fair,community_services_non_profits,https://www.wellfair.ngo/,,,Dortmund Bochum Gelsenkirchen,"51,5138318","7,4685987"
Wellenbrecher e.V. - Jugendhilfe,community_services_non_profits,https://wellenbrecher.de/impressum,,,Dortmund Bochum Gelsenkirchen,"51,5148515","7,424022"
Werbegemeinschaft-Horst,community_services_non_profits,http://www.werbegemeinschaft-horst.de/,,,Dortmund Bochum Gelsenkirchen,"51,538728","7,024377"
Werkhof Projekt,community_services_non_profits,https://www.werkhof-projekt.de/,,,Dortmund Bochum Gelsenkirchen,"51,5658415","7,5258406"
Werkstätten Gottessegen,community_services_non_profits,http://www.werkstaetten-gottessegen.de/,,,Dortmund Bochum Gelsenkirchen,"51,4501324","7,4509986"
Wert-voll ggmbh,community_services_non_profits,http://www.wert-voll.org/,,,Dortmund Bochum Gelsenkirchen,"51,5155104","7,4748476"
Westdeutscher Künstlerbund e.V.,community_services_non_profits,http://www.westdeutscher-kuenstlerbund.de/,,,Dortmund Bochum Gelsenkirchen,"51,4871924","7,2214719"
Westdeutscher Volleyball-Verband e.V.,community_services_non_profits,https://www.volleyball.nrw/der-verband/ansprechpartner/geschaeftsstelle-hauptamt/,,,Dortmund Bochum Gelsenkirchen,"51,5024733","7,4892114"
Westfalia Bildungszentrum e.V.,community_services_non_profits,http://www.wbzev.de/,,,Dortmund Bochum Gelsenkirchen,"51,5161473","7,4647269"
WIG - Wohnen in Gemeinschaft NRW e. V.,community_services_non_profits,https://www.wig-nrw.de/,,,Dortmund Bochum Gelsenkirchen,"51,5127529","7,0959755"
Willkommen Europa,community_services_non_profits,https://www.anlaufstelle-willkommen-europa.de/,,,Dortmund Bochum Gelsenkirchen,"51,528451","7,4650763"
Wir am Hörder Neumarkt e.V.,community_services_non_profits,http://www.wir-am-hoerder-neumarkt.de/,,,Dortmund Bochum Gelsenkirchen,"51,4856811","7,4946265"
Wirtschaftsjunioren Dortmund Kreis Unna Hamm,community_services_non_profits,http://www.wjnrw.de/,,,Dortmund Bochum Gelsenkirchen,"51,502739","7,4799263"
Wirtschaftsjunioren Mittleres Ruhrgebiet,community_services_non_profits,https://www.wj-mr.de/,,,Dortmund Bochum Gelsenkirchen,"51,4810079","7,2242071"
Wohnprojekt Gerthe eG,community_services_non_profits,http://www.wohnprojekt-gerthe.de/,,,Dortmund Bochum Gelsenkirchen,"51,5234421","7,2975709"
Wohnzimmer GE,community_services_non_profits,https://wohnzimmer-ge.de/,,,Dortmund Bochum Gelsenkirchen,"51,5173191","7,0687661"
World of Peace e.V.,community_services_non_profits,https://worldofpeace.de/,,,Dortmund Bochum Gelsenkirchen,"51,52874","7,08416"
Wostspitze Bochum,community_services_non_profits,http://www.wostspitze.de/,,,Dortmund Bochum Gelsenkirchen,"51,4792447","7,2121811"
Wünsche und Kinderträume e.V.,community_services_non_profits,Ingen webbplats,,,Dortmund Bochum Gelsenkirchen,"51,521","7,36464"
Xeniteas e.V. - Verein der Griechen aus Pontos in Dortmund und Umgebung,community_services_non_profits,Ingen webbplats,,,Dortmund Bochum Gelsenkirchen,"51,52143","7,45432"
XPAND Stiftung,community_services_non_profits,http://www.xpand.eu/,,,Dortmund Bochum Gelsenkirchen,"51,5080491","7,4652449"
XXelle Bochum,community_services_non_profits,http://www.aidshilfe-bochum.de/group/xx,,,Dortmund Bochum Gelsenkirchen,"51,48272","7,22026"
youngcaritas Dortmund,community_services_non_profits,http://www.youngcaritas.de/dortmund,,,Dortmund Bochum Gelsenkirchen,"51,51196","7,46453"
youngperspectives.ruhr,community_services_non_profits,http://www.yp-ruhr.de/,,,Dortmund Bochum Gelsenkirchen,"51,45095","7,26527"
Zentralverband Schilder und Lichtreklame,community_services_non_profits,https://www.zvsl.de/,,,Dortmund Bochum Gelsenkirchen,"51,5108987","7,5033282"
Zoofreunde Dortmund e V,community_services_non_profits,www.zoofreunde-dortmund.de,,,Dortmund Bochum Gelsenkirchen,"51,5059163","7,4702104"
ZSD- Zentrum für soziale Dienstleistung GmbH,community_services_non_profits,http://www.zsd-dortmund.de,,,Dortmund Bochum Gelsenkirchen,"51,4816908","7,4288009"
Zukunftsstiftung Bildung,community_services_non_profits,https://zukunftsstiftung-bildung.de/,,,Dortmund Bochum Gelsenkirchen,"51,4709861","7,219957"
"Związek Polaków w Niemczech ""Rodło""",community_services_non_profits,http://www.zpwn.org/,,,Dortmund Bochum Gelsenkirchen,"51,48561","7,21326"
Българско Неделно Училище Дортмунд/ Bulgarian School Dortmund,community_services_non_profits,http://www.bgschuledortmund.de/,,,Dortmund Bochum Gelsenkirchen,"51,511278","7,435873"
Gesellschaftliches Integrationszentrum Bochum,community_services_non_profits,http://www.gintz.de/,,,Dortmund Bochum Gelsenkirchen,"51,47893","7,21686"
Arens GmbH,craft_shop,https://www.fliesen-arens.de/,2,,Dortmund Bochum Gelsenkirchen,"51,4820436","7,4032758"
Dortex mbH,craft_shop,https://www.dortex.de/,2,,Dortmund Bochum Gelsenkirchen,"51,548222","7,363292"
Klötzchenmann,craft_shop,http://www.kloetzchenmann.de/,2,,Dortmund Bochum Gelsenkirchen,"51,4902188","7,3585082"
"Puppenbedarf Schnadt, Inh. Monika Sechting e.K.",craft_shop,http://www.schnadt.de/,2,,Dortmund Bochum Gelsenkirchen,"51,436682","7,185933"
RECA NORM GmbH,craft_shop,https://www.recanorm.de/de/niederlassung-dortmund/,2,,Dortmund Bochum Gelsenkirchen,"51,506637","7,3925363"
Yayi UG,craft_shop,,2,,Dortmund Bochum Gelsenkirchen,"51,4613355","7,1890619"
103,cultural_center,https://www.borsig11.de/wordpress/2015/01/103-das-chancen-cafe/,,,Dortmund Bochum Gelsenkirchen,"51,5275211","7,4832377"
Bahnhof Langendreer Bochum Kulturzentrum,cultural_center,http://www.bahnhof-langendreer.de/,,,Dortmund Bochum Gelsenkirchen,"51,4793313","7,3213629"
Bildungswerk Vielfalt,cultural_center,https://bildungswerk-vielfalt.com/,,,Dortmund Bochum Gelsenkirchen,"51,51131","7,43607"
Dortmunder U,cultural_center,http://www.dortmunder-u.de/,,,Dortmund Bochum Gelsenkirchen,"51,5148478","7,4534389"
Dritter Raum,cultural_center,Ingen webbplats,,,Dortmund Bochum Gelsenkirchen,"51,510599","7,4547111"
Hier ist nicht da,cultural_center,http://www.hieristnichtda.de/,,,Dortmund Bochum Gelsenkirchen,"51,4987023","7,1121566"
IG Dortmunder Club- & Konzertkultur,cultural_center,http://www.ig-do.de/,,,Dortmund Bochum Gelsenkirchen,"51,50798","7,47062"
Islamisch Marokkanisches Kulturzentrum Moschee Omar Ibno Alkhatab,cultural_center,Ingen webbplats,,,Dortmund Bochum Gelsenkirchen,"51,528233","7,485591"
Islamische Kulturzentren,cultural_center,https://vikz.de,,,Dortmund Bochum Gelsenkirchen,"51,592041","7,0513995"
Islamisches Kulturzentrum der Bosniaken-Sandzak e. V.,cultural_center,Ingen webbplats,,,Dortmund Bochum Gelsenkirchen,"51,5215329","7,463451"
Kulturhaus Neuasseln,cultural_center,https://www.kulturhausneuasseln.org/,,,Dortmund Bochum Gelsenkirchen,"51,5141","7,56987"
Kulturlaube,cultural_center,http://www.kulturlau.be/,,,Dortmund Bochum Gelsenkirchen,"51,49694","7,23655"
Kulturort Depot Dortmund,cultural_center,http://www.depotdortmund.de/,,,Dortmund Bochum Gelsenkirchen,"51,5332268","7,4527746"
Lalok Libre,cultural_center,http://www.lalok.de/,,,Dortmund Bochum Gelsenkirchen,"51,5222227","7,0985487"
meyer56,cultural_center,https://www.meyer56.de/,,,Dortmund Bochum Gelsenkirchen,"51,49062","7,08608"
MGV Einigkeit 1879 Bochum-Werne,cultural_center,http://www.mgv-einigkeit.de/,,,Dortmund Bochum Gelsenkirchen,"51,48288","7,28698"
Parzelle - Verein für interdisziplinäre Kulturprojekte,cultural_center,http://www.parzelledortmund.de/,,,Dortmund Bochum Gelsenkirchen,"51,53271","7,45314"
Projektspeicher,cultural_center,https://www.projektspeicher.org/,,,Dortmund Bochum Gelsenkirchen,"51,5261923","7,4469773"
Prärie,cultural_center,http://www.infantilerie.com/,,,Dortmund Bochum Gelsenkirchen,"51,470239","7,2109944"
Soundzz Familienkonzerte / ImproKids,cultural_center,https://www.domicil-dortmund.de/das-junge-domicil-impro-kids.html,,,Dortmund Bochum Gelsenkirchen,"51,51579","7,4637"
Spunk,cultural_center,http://www.spunk-ge.de/,,,Dortmund Bochum Gelsenkirchen,"51,4969292","7,1261719"
Teenage Dirtbags,cultural_center,Ingen webbplats,,,Dortmund Bochum Gelsenkirchen,"51,48319","7,21709"
Theater- und Konzertfreunde Dortmund e. V.,cultural_center,https://www.theaterundkonzertfreunde.de/?front_content_php,,,Dortmund Bochum Gelsenkirchen,"51,51214","7,46391"
Verband der Islamischen Kulturzentren,cultural_center,Ingen webbplats,,,Dortmund Bochum Gelsenkirchen,"51,55009","7,45851"
!Purple,dance_club,http://www.purple-door.com/,,,Dortmund Bochum Gelsenkirchen,"51,516135","7,462139"
ALIA CLUB,dance_club,Ingen webbplats,,,Dortmund Bochum Gelsenkirchen,"51,4782722","7,1999013"
Alte Hütte,dance_club,http://www.alte-huette.de/,,,Dortmund Bochum Gelsenkirchen,"51,5766246","7,1011323"
Attila Club,dance_club,http://Attila.club/Facebook,,,Dortmund Bochum Gelsenkirchen,"51,5147924","7,4739474"
BaDinga,dance_club,Ingen webbplats,,,Dortmund Bochum Gelsenkirchen,"51,58661","7,03459"
Bermuda Bachelor,dance_club,Ingen webbplats,,,Dortmund Bochum Gelsenkirchen,"51,476624","7,216323"
Bierkönig Dortmund,dance_club,http://www.antonsbierkoenig.de/,,,Dortmund Bochum Gelsenkirchen,"51,5162714","7,4648693"
Black and White Club und Discothek,dance_club,https://www.blackandwhite-club.de/,,,Dortmund Bochum Gelsenkirchen,"51,5137","7,45656"
Black is Life,dance_club,Ingen webbplats,,,Dortmund Bochum Gelsenkirchen,"51,478153","7,215844"
Black Night Lounge,dance_club,http://www.instagram.com/blacknight_lounge,,,Dortmund Bochum Gelsenkirchen,"51,5533868","7,4651908"
Blauweisser Partywaggon,dance_club,http://www.blauweisser-partywaggon.de/,,,Dortmund Bochum Gelsenkirchen,"51,56263","7,12289"
Blue Notez Club Dortmund,dance_club,http://www.blue-notez.com/,,,Dortmund Bochum Gelsenkirchen,"51,4996178","7,5024402"
BOYS Party,dance_club,http://instagram.com/boys.bochum/,,,Dortmund Bochum Gelsenkirchen,"51,479284","7,321111"
Brauturm,dance_club,http://www.brauturm-dortmund.de/,,,Dortmund Bochum Gelsenkirchen,"51,5150371","7,4534476"
Burgtorclub,dance_club,http://www.gayromeo.com/burgtorclub,,,Dortmund Bochum Gelsenkirchen,"51,5179492","7,4656354"
City Pub Musiktreff,dance_club,Ingen webbplats,,,Dortmund Bochum Gelsenkirchen,"51,5074163","7,103341"
Club Eve,dance_club,Ingen webbplats,,,Dortmund Bochum Gelsenkirchen,"51,57289","7,04716"
Club Galaxy Dortmund,dance_club,Ingen webbplats,,,Dortmund Bochum Gelsenkirchen,"51,5242","7,44823"
Club Halikarnas Germany,dance_club,http://www.halikarnas.de/,,,Dortmund Bochum Gelsenkirchen,"51,5471549","7,463367"
Club Jedynka Bochum,dance_club,http://jedynka-club.de/,,,Dortmund Bochum Gelsenkirchen,"51,49707","7,19554"
Club Maxx,dance_club,Ingen webbplats,,,Dortmund Bochum Gelsenkirchen,"51,53661","7,08632"
Clubraum74,dance_club,http://www.clubraum74.com/,,,Dortmund Bochum Gelsenkirchen,"51,4938999","7,45296"
Die Großmarktschänke Dortmund,dance_club,https://linktr.ee/grossmarktschaenke?fbclid=PAZXh0bgNhZW0CMTEAAaYzTI8lJ1cfw3J6dLCYLiwKhPut8xDF9K6efzIQ-vLXYjiyelkjeyjk5E0_aem_k97PHO-DWsZD1fp4mpZnJQ,,,Dortmund Bochum Gelsenkirchen,"51,5075901","7,4791489"
Die Trompete,dance_club,http://die-trompete.de/,,,Dortmund Bochum Gelsenkirchen,"51,47799","7,2157478"
Discothek FLEDERMAUS,dance_club,Ingen webbplats,,,Dortmund Bochum Gelsenkirchen,"51,512051","7,099359"
Discothek Odeon UG,dance_club,Ingen webbplats,,,Dortmund Bochum Gelsenkirchen,"51,516724","7,465543"
Diskothek Soundgarten,dance_club,Ingen webbplats,,,Dortmund Bochum Gelsenkirchen,"51,513613","7,4824637"
DJ Company,dance_club,http://www.djc2004.com/,,,Dortmund Bochum Gelsenkirchen,"51,49676","7,19553"
DO-BO Villa,dance_club,http://www.dobovilla.de/,,,Dortmund Bochum Gelsenkirchen,"51,5275246","7,4909792"
Don Club,dance_club,http://wwwdonclub.de/,,,Dortmund Bochum Gelsenkirchen,"51,5181026","7,4681528"
Dortmunds Absoluter Club,dance_club,http://www.dortmundsabsoluterclub.de,,,Dortmund Bochum Gelsenkirchen,"51,512334","7,4656585"
Electro Box,dance_club,http://www.electro-box.de/,,,Dortmund Bochum Gelsenkirchen,"51,536935","7,081437"
Fredenbaumhalle,dance_club,Ingen webbplats,,,Dortmund Bochum Gelsenkirchen,"51,5337298","7,4559347"
Gold Club Prater,dance_club,http://www.prater.de,,,Dortmund Bochum Gelsenkirchen,"51,5081","7,18873"
Havanna De Club,dance_club,Ingen webbplats,,,Dortmund Bochum Gelsenkirchen,"51,5055107","7,4542424"
Heaven Wattenscheid,dance_club,http://www.heaven-wattenscheid.de,,,Dortmund Bochum Gelsenkirchen,"51,4808985","7,1391606"
Jones Nightclub,dance_club,http://www.jones-club.de/,,,Dortmund Bochum Gelsenkirchen,"51,511884","7,468515"
"Jubel, Trubel, Heiterkeit",dance_club,Ingen webbplats,,,Dortmund Bochum Gelsenkirchen,"51,483191","7,217068"
Kings Event,dance_club,Ingen webbplats,,,Dortmund Bochum Gelsenkirchen,"51,47826","7,19995"
Kir Royal,dance_club,https://www.kirroyallounge.de/,,,Dortmund Bochum Gelsenkirchen,"51,5123677","7,4573828"
Konkurenz,dance_club,https://www.facebook.com/share/TW3zMWXuS5XBYGb2/,,,Dortmund Bochum Gelsenkirchen,"51,4966746","7,1137641"
Kontrovers Club,dance_club,http://www.kontrovers-club.de/,,,Dortmund Bochum Gelsenkirchen,"51,512007","7,099416"
Laerscher Treff,dance_club,Ingen webbplats,,,Dortmund Bochum Gelsenkirchen,"51,4754283","7,2740237"
Laufsteg Dortmund,dance_club,https://laufstegdortmund.com/,,,Dortmund Bochum Gelsenkirchen,"51,51602","7,45831"
LED Diskothek,dance_club,https://www.diskothek-led.club/,,,Dortmund Bochum Gelsenkirchen,"51,5239829","7,0681925"
LEMAN the Club,dance_club,Ingen webbplats,,,Dortmund Bochum Gelsenkirchen,"51,52415","7,06745"
Light Club,dance_club,http://light-nightclub.de,,,Dortmund Bochum Gelsenkirchen,"51,5117155","7,4649897"
Limone Club,dance_club,http://Limone-club.de/,,,Dortmund Bochum Gelsenkirchen,"51,513668","7,456352"
Ludnica Events Dortmund,dance_club,http://www.ludnica-events.de/,,,Dortmund Bochum Gelsenkirchen,"51,5142311","7,4592233"
M25 - Club & Resort,dance_club,Ingen webbplats,,,Dortmund Bochum Gelsenkirchen,"51,4820892","7,2171585"
Macao früher Discothek in Bochum,dance_club,Ingen webbplats,,,Dortmund Bochum Gelsenkirchen,"51,42904","7,24688"
Maquina Club Dortmund,dance_club,http://maquinaclub.com/,,,Dortmund Bochum Gelsenkirchen,"51,5137486","7,473107"
Matrix Bochum,dance_club,http://www.matrix-bochum.de/,,,Dortmund Bochum Gelsenkirchen,"51,4715681","7,3242717"
MM Events,dance_club,http://www.iroomclub.de/?post_type=event&p=3371,,,Dortmund Bochum Gelsenkirchen,"51,5152433","7,4597815"
MOOG Dortmund,dance_club,http://www.moog-dortmund.de/,,,Dortmund Bochum Gelsenkirchen,"51,5151038","7,4525817"
Nacht Revolution,dance_club,Ingen webbplats,,,Dortmund Bochum Gelsenkirchen,"51,47826","7,19995"
Nachtgalerie Dortmund,dance_club,http://www.NACHTGALERIE-DORTMUND.de/,,,Dortmund Bochum Gelsenkirchen,"51,513683","7,456186"
New Orleans,dance_club,http://www.neworleans-bochum.de/,,,Dortmund Bochum Gelsenkirchen,"51,4785008","7,2200217"
Nightrooms Dortmund,dance_club,http://nightrooms.de/,,,Dortmund Bochum Gelsenkirchen,"51,5162399","7,4634923"
Nillage Nightclub Dortmund,dance_club,http://nille.de/,,,Dortmund Bochum Gelsenkirchen,"51,500185","7,509845"
No.4 TanzBar & Kneipe,dance_club,Ingen webbplats,,,Dortmund Bochum Gelsenkirchen,"51,5255249","7,3634563"
Nummer Neun,dance_club,Ingen webbplats,,,Dortmund Bochum Gelsenkirchen,"51,51723","7,46632"
Oberbayern Bochum,dance_club,http://www.antonsoberbayern.de/,,,Dortmund Bochum Gelsenkirchen,"51,488189","7,214178"
Oma Doris • Dortmund,dance_club,http://www.omadoris-dortmund.de/,,,Dortmund Bochum Gelsenkirchen,"51,5155453","7,4669428"
PartyArena Bochum,dance_club,http://www.partyarena-bochum.de/,,,Dortmund Bochum Gelsenkirchen,"51,4879215","7,2147517"
Planet,dance_club,http://planet-bochum.de/,,,Dortmund Bochum Gelsenkirchen,"51,485111","7,219171"
Playa Revival,dance_club,http://www.bochum-clubbing.de/,,,Dortmund Bochum Gelsenkirchen,"51,492325","7,27907"
Polonia Palais,dance_club,http://www.polonia-palais.de,,,Dortmund Bochum Gelsenkirchen,"51,4921877","7,2789485"
Polonia The Club,dance_club,Ingen webbplats,,,Dortmund Bochum Gelsenkirchen,"51,4781999","7,1999979"
Prater Bochum,dance_club,http://www.prater.de/,,,Dortmund Bochum Gelsenkirchen,"51,5080515","7,1898258"
Proberaum Dortmund,dance_club,http://www.proberaum-dortmund.de/,,,Dortmund Bochum Gelsenkirchen,"51,53789","7,41741"
Projekt-X Club Bochum,dance_club,https://projektx-club.de/,,,Dortmund Bochum Gelsenkirchen,"51,4832386","7,2159511"
Queerbeatzz,dance_club,https://shop.eventjet.at/5aa7e3b5-77e9-494b-bc1c-24906ba41a26/event/05584886-e47e-4d80-b6ba-dbc848395c33,,,Dortmund Bochum Gelsenkirchen,"51,4748533","7,2143337"
Raum Eins,dance_club,http://www.virtualnights.com/bochum/location/raumeins.47440,,,Dortmund Bochum Gelsenkirchen,"51,4789283","7,2205009"
Renata's La Vida,dance_club,https://renatas-la-vida.chayns.net/,,,Dortmund Bochum Gelsenkirchen,"51,5135857","7,4770037"
Rockpalast Bochum,dance_club,http://www.matrix-bochum.de/,,,Dortmund Bochum Gelsenkirchen,"51,471853","7,323882"
Rote Laterne,dance_club,http://www.rotehaus.com,,,Dortmund Bochum Gelsenkirchen,"51,4820123","7,2090489"
Rouge Showpalast,dance_club,https://www.rouge.de/,,,Dortmund Bochum Gelsenkirchen,"51,49676","7,19553"
RUSH HOUR Nachtpalast - Dortmund,dance_club,http://www.rushhour-nachtpalast.de/,,,Dortmund Bochum Gelsenkirchen,"51,5209754","7,4881493"
Rushhour promo,dance_club,http://rushhourdort.page.link/moke,,,Dortmund Bochum Gelsenkirchen,"51,52093","7,48836"
Sadasia,dance_club,http://www.sadasia.de/,,,Dortmund Bochum Gelsenkirchen,"51,5306085","7,5314608"
Schickeria Dortmund,dance_club,http://www.schickeria-dortmund.de/,,,Dortmund Bochum Gelsenkirchen,"51,5307164","7,5325062"
Schlegel Kultur Club,dance_club,http://schlegel-katakomben.de/,,,Dortmund Bochum Gelsenkirchen,"51,481628","7,2145335"
Schumacher Club,dance_club,http://www.schumacher-club.com,,,Dortmund Bochum Gelsenkirchen,"51,4788645","7,2205892"
SES Turkish Premium Club,dance_club,Ingen webbplats,,,Dortmund Bochum Gelsenkirchen,"51,52395","7,06858"
Silent Sinners,dance_club,http://www.silent-sinners.de/,,,Dortmund Bochum Gelsenkirchen,"51,5074635","7,45056"
Sinanay,dance_club,http://www.sinanay.de/,,,Dortmund Bochum Gelsenkirchen,"51,51515","7,45946"
Solid Gold Bochum,dance_club,http://www.solid-gold.de/,,,Dortmund Bochum Gelsenkirchen,"51,4819514","7,2097342"
Stade Dortmund,dance_club,http://www.bierhaus-stade.de/,,,Dortmund Bochum Gelsenkirchen,"51,513109","7,4660443"
Stadtpalais Dortmund,dance_club,http://vhs.domap.de/,,,Dortmund Bochum Gelsenkirchen,"51,516114","7,463292"
Stargate Club Bochum,dance_club,http://stargate-club.de/,,,Dortmund Bochum Gelsenkirchen,"51,4829276","7,2161121"
Substation Underground,dance_club,http://substation-underground.de/,,,Dortmund Bochum Gelsenkirchen,"51,4719337","7,214611"
Suite 023,dance_club,http://www.suite023.de,,,Dortmund Bochum Gelsenkirchen,"51,516118","7,473184"
Superfly Lounge,dance_club,http://www.superflylounge.de,,,Dortmund Bochum Gelsenkirchen,"51,513118","7,455677"
SYNDICATE,dance_club,http://www.syndicate-festival.de/,,,Dortmund Bochum Gelsenkirchen,"51,4957843","7,4546169"
Tanzcafé,dance_club,http://www.omadoris.de/,,,Dortmund Bochum Gelsenkirchen,"51,5155","7,46694"
Tanzlokal FOX,dance_club,http://www.tanzlokal-fox.de/,,,Dortmund Bochum Gelsenkirchen,"51,4209202","7,488981"
Tanzpalast Laufsteg,dance_club,http://www.tanzpalast-laufsteg.de/,,,Dortmund Bochum Gelsenkirchen,"51,5161021","7,4584338"
Tanzsportclub Dortmund e.V.,dance_club,http://www.tanzsportclub-dortmund.de,,,Dortmund Bochum Gelsenkirchen,"51,5023865","7,3340052"
Tarm Sound Light Laser Technik GmbH,dance_club,https://www.tarm.de,,,Dortmund Bochum Gelsenkirchen,"51,46431","7,19311"
Third Floor Club,dance_club,Ingen webbplats,,,Dortmund Bochum Gelsenkirchen,"51,5049599","7,53378"
Titanic Lounge,dance_club,https://www.instagram.com/titanic.lounge,,,Dortmund Bochum Gelsenkirchen,"51,5770309","7,0533775"
Top-Secret,dance_club,http://www.topsecret361.de,,,Dortmund Bochum Gelsenkirchen,"51,509223","7,375982"
Top-Secret 361 GmbH,dance_club,https://topsecret-dortmund.de/,,,Dortmund Bochum Gelsenkirchen,"51,4845125","7,5213937"
Tresor.West,dance_club,http://www.tresorwest.com/,,,Dortmund Bochum Gelsenkirchen,"51,4888776","7,4888035"
Twenty Fourteen Club,dance_club,http://www.twenty-fourteen.de,,,Dortmund Bochum Gelsenkirchen,"51,5162","7,46498"
Türk Federasyon Dahlhausen,dance_club,Ingen webbplats,,,Dortmund Bochum Gelsenkirchen,"51,4275071","7,141378"
Untergrund Bochum,dance_club,http://www.linktr.ee/untergrund,,,Dortmund Bochum Gelsenkirchen,"51,4832632","7,2168814"
urban urtyp,dance_club,http://www.urbanurtyp.de/,,,Dortmund Bochum Gelsenkirchen,"51,4821522","7,2133812"
Vanuatu Lounge,dance_club,Ingen webbplats,,,Dortmund Bochum Gelsenkirchen,"51,5081259","7,4702956"
Wanne Partys,dance_club,http://www.plau.de/,,,Dortmund Bochum Gelsenkirchen,"51,438581","7,513762"
Weinkeller Dortmund,dance_club,http://Weinkeller-dortmund.de/,,,Dortmund Bochum Gelsenkirchen,"51,5080088","7,4704921"
Wilhelm-Hansmann-Haus,dance_club,http://www.whhinternetclub.de,,,Dortmund Bochum Gelsenkirchen,"51,5077237","7,4702582"
Y-Club Dortmund,dance_club,Ingen webbplats,,,Dortmund Bochum Gelsenkirchen,"51,516488","7,465542"
Zeche Bochum,dance_club,http://www.zeche.com/,,,Dortmund Bochum Gelsenkirchen,"51,4509749","7,2183392"
AcroFitt Dance Studio,dance_school,http://www.acrofittdance.com/,,,Dortmund Bochum Gelsenkirchen,"51,6180165","7,03125"
ADTV Tanzschule Klaus Rimek,dance_school,https://www.tanzrimek.de/,,,Dortmund Bochum Gelsenkirchen,"51,4745678","7,436621"
ADTV Tanzschule Straub,dance_school,http://www.tanzschule-straub.de/,,,Dortmund Bochum Gelsenkirchen,"51,4794869","7,1388173"
Balletthaus,dance_school,http://www.balletthaus.de,,,Dortmund Bochum Gelsenkirchen,"51,4713458","7,2217336"
Ballettschule Bargele,dance_school,http://ballettschule-bargele.de/,,,Dortmund Bochum Gelsenkirchen,"51,5127497","7,4748863"
Ballettschule Bibak,dance_school,http://www.dietanzstelle.de/,,,Dortmund Bochum Gelsenkirchen,"51,51717","7,48221"
Ballettschule Bunzel,dance_school,http://Ballett-Bochum.de/,,,Dortmund Bochum Gelsenkirchen,"51,4822462","7,2197264"
Ballettschule Grand Jete,dance_school,https://www.ballettschule-grand-jete.de/,,,Dortmund Bochum Gelsenkirchen,"51,5118993","7,4337222"
Ballettschule Traumtänzer,dance_school,http://ballettschule-traumtaenzer.de/,,,Dortmund Bochum Gelsenkirchen,"51,5461958","7,4630598"
Ballettzentrum Westfalen,dance_school,https://nrw-juniorballett.de/ueber-uns-ballettzentrum,,,Dortmund Bochum Gelsenkirchen,"51,4974173","7,475883"
Belles&Beaux Dortmund e. V.,dance_school,www.belles-and-beaux.de,,,Dortmund Bochum Gelsenkirchen,"51,5087314","7,3752063"
DAC Bochum e.V.,dance_school,http://www.dac-bochum.de/,,,Dortmund Bochum Gelsenkirchen,"51,51152","7,19867"
Dance Academy Hombruch,dance_school,http://www.danceacademyhombruch.de/,,,Dortmund Bochum Gelsenkirchen,"51,4745538","7,436597"
Dance Station,dance_school,http://www.dancestation-dortmund.de/,,,Dortmund Bochum Gelsenkirchen,"51,4953377","7,5883031"
DanceLive,dance_school,https://dancelive.de/,,,Dortmund Bochum Gelsenkirchen,"51,4764223","7,2198526"
Hip Hop in Dortmund,dance_school,http://www.tanzstudio-goedde.de/,,,Dortmund Bochum Gelsenkirchen,"51,509669","7,466259"
InDance Tanzstudio Dortmund,dance_school,http://in-dance.de/,,,Dortmund Bochum Gelsenkirchen,"51,51357","7,47718"
Kindertanzoase,dance_school,https://www.kindertanzoase.de/,,,Dortmund Bochum Gelsenkirchen,"51,52237","7,53555"
L.A. Ballett & Dance School,dance_school,http://www.schalkersportpark.de/,,,Dortmund Bochum Gelsenkirchen,"51,5349645","7,0733118"
La Klave Dortmund,dance_school,http://www.laklave.de/,,,Dortmund Bochum Gelsenkirchen,"51,508172","7,4467142"
La Pointe-Ballettschule-Hoskins,dance_school,http://www.la-pointe.de/,,,Dortmund Bochum Gelsenkirchen,"51,5047214","7,4611167"
LindyPott,dance_school,Ingen webbplats,,,Dortmund Bochum Gelsenkirchen,"51,5164748","7,4818051"
majema DANCECENTER,dance_school,http://www.majema.net/,,,Dortmund Bochum Gelsenkirchen,"51,4757588","7,4795144"
Makememove Dance Academy,dance_school,http://www.make-me-move.dance/,,,Dortmund Bochum Gelsenkirchen,"51,50766","7,46366"
Modern Dance Center,dance_school,http://www.new-mdc.de/,,,Dortmund Bochum Gelsenkirchen,"51,5143012","7,4622412"
NEUE dancin Lounge UG,dance_school,Ingen webbplats,,,Dortmund Bochum Gelsenkirchen,"51,5785872","7,0546567"
Polearize,dance_school,https://www.polearize.de/,,,Dortmund Bochum Gelsenkirchen,"51,4792688","7,2131972"
Ramonas Tanzschmiede,dance_school,https://ramonas-tanzschmiede.de/,,,Dortmund Bochum Gelsenkirchen,"51,4975168","7,1188785"
Rehasport Suhrmann Dortmund Innenstadt,dance_school,http://www.tanzschule-suhrmann.de,,,Dortmund Bochum Gelsenkirchen,"51,5079354","7,4709958"
SalsaConciencia Dortmund,dance_school,https://conciencia.de/,,,Dortmund Bochum Gelsenkirchen,"51,5164646","7,4820044"
Scoil Rince Celtus Dortmund,dance_school,http://www.rinceceltus.com/,,,Dortmund Bochum Gelsenkirchen,"51,56062","7,36975"
Stylez Unlimited,dance_school,http://www.stylezunlimited.com/,,,Dortmund Bochum Gelsenkirchen,"51,4988033","7,2607181"
Tamilar Arangam Dance School,dance_school,Ingen webbplats,,,Dortmund Bochum Gelsenkirchen,"51,51283","7,44581"
Tango La Boca,dance_school,http://www.tangolaboca.de/,,,Dortmund Bochum Gelsenkirchen,"51,491341","7,2418547"
Tango-Connect,dance_school,http://www.tango-connect.de/,,,Dortmund Bochum Gelsenkirchen,"51,48813","7,3250391"
TangoGlück GbR,dance_school,https://www.tangoglueck.de/,,,Dortmund Bochum Gelsenkirchen,"51,514929","7,495861"
Tanz Art Tanzstudio,dance_school,http://www.tanz-art-studio.de/,,,Dortmund Bochum Gelsenkirchen,"51,5532806","7,0311169"
Tanz Express GE-Buer/Haltern am See,dance_school,http://tanzexpress-buer.de/,,,Dortmund Bochum Gelsenkirchen,"51,5824551","7,0408658"
Tanzen in Dortmund,dance_school,https://tanzen-dortmund.de/,,,Dortmund Bochum Gelsenkirchen,"51,522171","7,5448699"
TanzExpress,dance_school,Ingen webbplats,,,Dortmund Bochum Gelsenkirchen,"51,5826324","7,0417999"
Tanzhaus Dortmund,dance_school,http://www.tanzhaus-dortmund.de/,,,Dortmund Bochum Gelsenkirchen,"51,4948945","7,4428265"
Tanzkubus,dance_school,http://tanzkubus.de,,,Dortmund Bochum Gelsenkirchen,"51,5159468","7,0782793"
TANZloft Bochum,dance_school,http://www.tanzloft-bochum.de/,,,Dortmund Bochum Gelsenkirchen,"51,4884911","7,2562022"
Tanzschule AKI Brand Bochum & Hattingen,dance_school,http://www.tanzschule-brand.de/,,,Dortmund Bochum Gelsenkirchen,"51,484939","7,2193531"
Tanzschule Becker,dance_school,http://www.tanzschulebecker.de,,,Dortmund Bochum Gelsenkirchen,"51,5187","7,09262"
Tanzschule Mennigmann,dance_school,https://www.tanzschule-mennigmann.de/,,,Dortmund Bochum Gelsenkirchen,"51,5225971","7,5316651"
Tanzschule Pilny,dance_school,https://www.tanzschule-pilny.de/,,,Dortmund Bochum Gelsenkirchen,"51,4986711","7,3493047"
Tanzschule Seidel,dance_school,http://www.psv-gelsenkirchen.de,,,Dortmund Bochum Gelsenkirchen,"51,57862","7,054505"
Tanzschule Seier,dance_school,http://www.tanzschule-seier.de/,,,Dortmund Bochum Gelsenkirchen,"51,5079082","7,3801828"
Tanzstudio Gretzki,dance_school,http://www.tanzstudio-gretzki.de/,,,Dortmund Bochum Gelsenkirchen,"51,4805097","7,1373833"
Tanzstudio Gödde,dance_school,http://www.tanzstudio-goedde.de/,,,Dortmund Bochum Gelsenkirchen,"51,5097109","7,4662714"
Tanzstudio Le Serpent Rouge,dance_school,http://www.serpent-rouge.com/,,,Dortmund Bochum Gelsenkirchen,"51,5052418","7,2104225"
TanzZentrum CT - vormals Tanzschule Vosshans,dance_school,https://www.tanzzentrum-ct.de/,,,Dortmund Bochum Gelsenkirchen,"51,4989934","7,2581508"
Tonis Tanzschule,dance_school,http://www.tonistanzschule.de,,,Dortmund Bochum Gelsenkirchen,"51,518667","7,092578"
Turkish Dance Arts,dance_school,https://www.instagram.com/tu_dancearts/,,,Dortmund Bochum Gelsenkirchen,"51,48983","7,4161"
Anna Hörling Design,designer_clothing,http://www.anna-hoerling.de/,,,Dortmund Bochum Gelsenkirchen,"51,5040878","7,4560955"
Anna Hörling Design,designer_clothing,http://www.anna-hoerling.de/,,,Dortmund Bochum Gelsenkirchen,"51,501171","7,4578742"
ATLAS® Schuhfabrik GmbH & Co. KG,designer_clothing,http://www.atlasschuhe.de/,2,,Dortmund Bochum Gelsenkirchen,"51,5339952","7,6281214"
BRAX Store Dortmund,designer_clothing,https://corporate.brax.com/de_DE/shop/store/1051-brax-store-dortmund,2,,Dortmund Bochum Gelsenkirchen,"51,5141821","7,4592165"
H&M,designer_clothing,https://www2.hm.com/de_de/index.html?utm_source=bing_location&utm_medium=organic&utm_campaign=DE0378,2,,Dortmund Bochum Gelsenkirchen,"51,578802","7,053375"
Modepark Röther,designer_clothing,http://modepark.de/,2,,Dortmund Bochum Gelsenkirchen,"51,4947698","7,3716612"
PW STORE GmbH&Co.KG,designer_clothing,http://www.pw-store.de/,2,,Dortmund Bochum Gelsenkirchen,"51,5139072","7,4572893"
Superdry™,designer_clothing,https://www.superdry.de/?utm_source=ExtNet&utm_medium=Yext,2,,Dortmund Bochum Gelsenkirchen,"51,513218","7,458968"
Call Me Paddy,dj_service,http://www.call-me-paddy.de/,,,Dortmund Bochum Gelsenkirchen,"51,560846","7,08956"
Dirk Jensen Mobiler DJ,dj_service,https://sellwerk.de/firmenprofil/dirk-jensen-mobiler-dj,,,Dortmund Bochum Gelsenkirchen,"51,529953","7,0247998"
DJ NRW,dj_service,http://www.dj-nrw.dance/,,,Dortmund Bochum Gelsenkirchen,"51,488716","7,2191474"
me-sound UG (haftungsbeschränkt),dj_service,https://www.me-sound.de/,,,Dortmund Bochum Gelsenkirchen,"51,51676306","7,12887864"
Michas Musikexpress,dj_service,http://www.michas-musikexpress.de/,,,Dortmund Bochum Gelsenkirchen,"51,5361732","7,5344598"
3 D Generation GmbH,fair,https://www.3dgeneration.com/,2,,Dortmund Bochum Gelsenkirchen,"51,5046527","7,4761576"
Medos - Ute Bernard e. Kfr.,fair,http://www.medos-waagen.de/,2,,Dortmund Bochum Gelsenkirchen,"51,5526134","7,0860489"
Team Crack - Live Escape Game Dortmund,fair,http://teamcrack.de/,2,,Dortmund Bochum Gelsenkirchen,"51,5168029","7,4652716"
Team Crack - Live Escape Game Dortmund,fair,http://teamcrack.de/,2,,Dortmund Bochum Gelsenkirchen,"51,515564","7,466676"
The Code Agency DORTMUND - Das Escape Room Erlebnis,fair,http://www.der-escape-room.de/,2,,Dortmund Bochum Gelsenkirchen,"51,5174307","7,4728497"
Wilfried Hof Schausteller,fair,Ingen webbplats,2,,Dortmund Bochum Gelsenkirchen,"51,545934","7,058972"
Amsterdam Record Shop,fashion,http://www.amsterdam-record-shop.de,,,Dortmund Bochum Gelsenkirchen,"51,5116546","7,4410012"
Blickfang Bochum,fashion,http://blickfang-bochum.de/,,,Dortmund Bochum Gelsenkirchen,"51,4406125","7,2106345"
Die Verschwörer,fashion,http://www.die-verschwoerer.de/,,,Dortmund Bochum Gelsenkirchen,"51,479197","7,322123"
Dortmunder Innenstadt,fashion,Ingen webbplats,,,Dortmund Bochum Gelsenkirchen,"51,51458","7,45823"
empor design,fashion,http://www.empor.design/,,,Dortmund Bochum Gelsenkirchen,"51,490041","7,421075"
Jan Kath Showroom,fashion,Ingen webbplats,,,Dortmund Bochum Gelsenkirchen,"51,4659169","7,2084611"
Jojo Braut & Abendmode,fashion,Ingen webbplats,,,Dortmund Bochum Gelsenkirchen,"51,5093836","7,2111041"
Maison Louvri Modehaus,fashion,http://www.maisonlouvri.de/,,,Dortmund Bochum Gelsenkirchen,"51,58297","7,37767"
MRK Grafikdesign,fashion,http://www.morek.de/,,,Dortmund Bochum Gelsenkirchen,"51,4736537","7,2310361"
Naehstudio Bahar,fashion,Ingen webbplats,,,Dortmund Bochum Gelsenkirchen,"51,5028245","7,4584656"
Neuer Name Shop,fashion,http://Neuernameshop.de/,,,Dortmund Bochum Gelsenkirchen,"51,5092084","7,4693867"
Nickis XXL Fashion,fashion,https://www.nickisxxlfashion.de/,,,Dortmund Bochum Gelsenkirchen,"51,53715","7,01952"
rosenrotbowi,fashion,Ingen webbplats,,,Dortmund Bochum Gelsenkirchen,"51,482252","7,219039"
Ruhrindustries,fashion,http://www.ruhrindustries.net,,,Dortmund Bochum Gelsenkirchen,"51,4797009","7,2215533"
Schmunzelstück,fashion,Ingen webbplats,,,Dortmund Bochum Gelsenkirchen,"51,5121839","7,075003"
Schneidermeister Carsten Rumberg,fashion,http://www.schneidermeister-rumberg.de/,,,Dortmund Bochum Gelsenkirchen,"51,4386346","7,2088511"
See by Desi,fashion,http://www.seebydesi.com/,,,Dortmund Bochum Gelsenkirchen,"51,51379","7,46684"
SEVAL MODE,fashion,Ingen webbplats,,,Dortmund Bochum Gelsenkirchen,"51,5204528","7,4645833"
Ulla Popken,fashion,https://www.ullapopken.de/,,,Dortmund Bochum Gelsenkirchen,"51,514456","7,471502"
"Änderungsschneiderei Erkan,Dortmund",fashion,https://instagram.com/aenderungsschneiderei_erkan?igshid=MmIzYWVlNDQ5Yg%3D%3D,,,Dortmund Bochum Gelsenkirchen,"51,51296","7,45961"
Kameramann Dortmund | Florian Pawliczek Filmproduktion,film_festivals_and_organizations,https://www.fpfilm.de/,,,Dortmund Bochum Gelsenkirchen,"51,45944","7,47269"
Stephan Fröhlich - Filmproduktion,film_festivals_and_organizations,,,,Dortmund Bochum Gelsenkirchen,"51,5101263","7,4468477"
Parkett Studio Brand,framing_store,http://parkett-brand.de/,2,,Dortmund Bochum Gelsenkirchen,"51,4741222","7,307607"
Oink Games Europe,game_publisher,http://oinkgms.com/,,,Dortmund Bochum Gelsenkirchen,"51,4973744","7,4711816"
Adlips Design Bureau,graphic_designer,http://www.adlips.film/,2,,Dortmund Bochum Gelsenkirchen,"51,4862598","7,5147646"
Annette Liese Design,graphic_designer,https://www.annette-liese-design.de/,2,,Dortmund Bochum Gelsenkirchen,"51,5060509","7,4610679"
Büro Bayer — Büro für Gestaltung,graphic_designer,https://buerobayer.de/,2,,Dortmund Bochum Gelsenkirchen,"51,513","7,468221"
Carsten Gritzan Grafik & Illustration,graphic_designer,https://www.carsten-gritzan.de/,2,,Dortmund Bochum Gelsenkirchen,"51,5863992","7,394336"
Godesign greendesign,graphic_designer,https://www.gode-sign.de/,2,,Dortmund Bochum Gelsenkirchen,"51,5199803","7,4521292"
Graffiti-Cans.com,graphic_designer,http://www.graffiti-cans.com/,2,,Dortmund Bochum Gelsenkirchen,"51,49668","7,35675"
Hafenunion,graphic_designer,Ingen webbplats,2,,Dortmund Bochum Gelsenkirchen,"51,5256331","7,4429239"
imdetail Designatelier,graphic_designer,http://www.imdetail.com/,2,,Dortmund Bochum Gelsenkirchen,"51,476207","7,4081083"
IPD3D,graphic_designer,http://ipd3d.com/,2,,Dortmund Bochum Gelsenkirchen,"51,50417","7,50185"
Kalina & Partner,graphic_designer,https://kanzlei-kalina.de/,2,,Dortmund Bochum Gelsenkirchen,"51,48303","7,535314"
mediaDesign Vollmer,graphic_designer,http://www.mediadesign-vollmer.de/,2,,Dortmund Bochum Gelsenkirchen,"51,5075225","7,4522028"
Schröter-Design.de,graphic_designer,,2,,Dortmund Bochum Gelsenkirchen,"51,520572","7,5376"
StatusBuero,graphic_designer,http://www.statusbuero.de/,2,,Dortmund Bochum Gelsenkirchen,"51,6103271","7,054116"
Studio KQ,graphic_designer,http://www.studio-kq.de/,2,,Dortmund Bochum Gelsenkirchen,"51,522376","7,4544168"
Visuelle Kommunikation Claus C. Pilz,graphic_designer,http://pilz-online.de/,2,,Dortmund Bochum Gelsenkirchen,"51,51062012","7,459134102"
B&O Service NRW GmbH,handicraft_shop,https://buo.de/service/,,,Dortmund Bochum Gelsenkirchen,"51,4848483","7,1279257"
JB GmbH,handicraft_shop,,,,Dortmund Bochum Gelsenkirchen,"51,4830288","7,4922006"
Jetepe,handicraft_shop,http://jetepe.de/,,,Dortmund Bochum Gelsenkirchen,"51,54056534","7,37082097"
Rolladenbau Mingo Inh.Carsten Mingo,handicraft_shop,https://www.rolladenbau-mingo.de/,,,Dortmund Bochum Gelsenkirchen,"51,4669463","7,1684242"
Bochum Dahlhausen Railway Museum,history_museum,Ingen webbplats,,,Dortmund Bochum Gelsenkirchen,"51,4319","7,12444"
Brauerei-Museum Dortmund,history_museum,https://www.dortmund.de/brauereimuseum,,,Dortmund Bochum Gelsenkirchen,"51,529422","7,467409"
Deutsches Bergbau-Museum Bochum,history_museum,https://www.bergbaumuseum.de/,,,Dortmund Bochum Gelsenkirchen,"51,48929","7,2166"
Eisenbahnmuseum Bochum,history_museum,http://www.eisenbahnmuseum-bochum.de,,,Dortmund Bochum Gelsenkirchen,"51,432655","7,125996"
Giraffen Museum,history_museum,http://www.giraffen-museum.de/,,,Dortmund Bochum Gelsenkirchen,"51,53028","7,602849"
Heimatmuseum,history_museum,http://www.bochum.de,,,Dortmund Bochum Gelsenkirchen,"51,4604551","7,1233331"
Heimatmuseum Langendreer,history_museum,http://heimatstube-langendreer.net,,,Dortmund Bochum Gelsenkirchen,"51,4706091","7,3150213"
Museum für Kunst und Kulturgeschichte,history_museum,https://dortmund.de/mkk,,,Dortmund Bochum Gelsenkirchen,"51,5166797","7,4630987"
Stadtarchiv Bochum,history_museum,https://www.bochum.de/stadtarchiv,,,Dortmund Bochum Gelsenkirchen,"51,4775947","7,2288653"
Steinwache,history_museum,http://www.ns-gedenkstaetten.de/nrw/dortmund/besucherinformationen.html,,,Dortmund Bochum Gelsenkirchen,"51,5195908","7,4607354"
Thorpe Heimatmuseum,history_museum,http://www.eppendorfer-heimatverein.de/,,,Dortmund Bochum Gelsenkirchen,"51,459726","7,179227"
Westfälische Wirtschaftsgeschichte,history_museum,http://www.archive.nrw.de/westfaelisches-wirtschaftsarchiv-dortmund,,,Dortmund Bochum Gelsenkirchen,"51,502679","7,480029"
Domicil,jazz_and_blues,http://www.domicil-dortmund.de/,,,Dortmund Bochum Gelsenkirchen,"51,5157037","7,4636086"
PublicJazz events,jazz_and_blues,https://publicjazz.de/,2,,Dortmund Bochum Gelsenkirchen,"51,5865882","7,0334307"
A.T. Garten- & Tiefbau GmbH,landscape_architect,https://www.garten-zaunbau.de/,2,,Dortmund Bochum Gelsenkirchen,"51,4951503","7,204407"
Abubau Garten-u. Landschaftsbau,landscape_architect,https://www.abubaugala.de/,2,,Dortmund Bochum Gelsenkirchen,"51,529822","7,12094"
Andreas Breloer BREBA Garten- u. Landschaftsbau,landscape_architect,,2,,Dortmund Bochum Gelsenkirchen,"51,5849978","7,462714"
AT Garten- & Tiefbau GmbH,landscape_architect,https://www.garten-zaunbau.de/,2,,Dortmund Bochum Gelsenkirchen,"51,4951503","7,204407"
Brandschädel Gartenplanungs- und Landschaftsbau GmbH,landscape_architect,http://www.brandschaedel.de/,2,,Dortmund Bochum Gelsenkirchen,"51,4987201","7,2741906"
BREBA Garten- u. Landschaftsbau,landscape_architect,https://www.breba-galabau.de/,2,,Dortmund Bochum Gelsenkirchen,"51,5849086","7,4625965"
Brügmann TraumGarten GmbH,landscape_architect,http://www.traumgarten.de/,2,,Dortmund Bochum Gelsenkirchen,"51,5318665","7,4401783"
Dirk Rolke Grabmale Steinbildhauerei,landscape_architect,https://grabmale-rolke.de/,2,,Dortmund Bochum Gelsenkirchen,"51,5185941","7,0595963"
Engin Okur Gartenbau Atlantis e.K.,landscape_architect,http://www.okur-gartenbau.de/,2,,Dortmund Bochum Gelsenkirchen,"51,5011572","7,1157058"
GalaBau Siegfried Brettkuhn,landscape_architect,,2,,Dortmund Bochum Gelsenkirchen,"51,5450784","7,0650605"
Garten & Haus Ingo Stracke,landscape_architect,http://www.gartenpflege-ingostracke.de/,2,,Dortmund Bochum Gelsenkirchen,"51,4296265","7,1716435"
Gartenpflege Dettmann,landscape_architect,http://www.gartenpflege-dettmann.de/,2,,Dortmund Bochum Gelsenkirchen,"51,5024045","7,1563371"
Graef Friedhofsgärtnerei,landscape_architect,https://www.grabpflege-graef.de/,2,,Dortmund Bochum Gelsenkirchen,"51,5753615","7,0691988"
Groppe Garten- und Landschaftsbau,landscape_architect,https://www.groppe-gmbh.de/,2,,Dortmund Bochum Gelsenkirchen,"51,46897352","7,43233093"
Groppe Garten- und Landschaftsbau GmbH,landscape_architect,http://www.groppe-gmbh.de/,2,,Dortmund Bochum Gelsenkirchen,"51,4689978","7,4320176"
Heinz-Ulrich Reinecke Johannes Küsterarend,landscape_architect,http://www.kuesterarend.de/,2,,Dortmund Bochum Gelsenkirchen,"51,4801903","7,3391266"
Holthaus Gärten Ideen Service GmbH,landscape_architect,http://www.holthaus-gaerten.de/,2,,Dortmund Bochum Gelsenkirchen,"51,4939371","7,2635346"
Ludger Groppe Garten- und Landschaftsbau GmbH,landscape_architect,https://www.groppe-gmbh.de/,2,,Dortmund Bochum Gelsenkirchen,"51,468997","7,432307"
Meissner Gartenmanufaktur,landscape_architect,https://www.garteninnovation.de/,2,,Dortmund Bochum Gelsenkirchen,"51,476184","7,494965"
Peiffer Rollrasen,landscape_architect,http://www.fertigrasen.info/,2,,Dortmund Bochum Gelsenkirchen,"51,49248","7,18397"
Plantaverde Garten- und Landschaftsbau GmbH,landscape_architect,http://www.planta-verde.de/,2,,Dortmund Bochum Gelsenkirchen,"51,5004016","7,21197"
Schulz GmbH Garten- und Landschaftsbau,landscape_architect,http://www.schulz-galabau.de/,2,,Dortmund Bochum Gelsenkirchen,"51,5345967","7,5511813"
Stefan Karl - Garten und Landschaftsbau,landscape_architect,http://garten-und-landschaftsbau-karl.de/,2,,Dortmund Bochum Gelsenkirchen,"51,58962668","7,03512955"
Strieder Bodo Garten - u. Landschaftsbau GmbH,landscape_architect,,2,,Dortmund Bochum Gelsenkirchen,"51,4548829","7,1760389"
Ulrich Menke Garten- und Landschaftsbau,landscape_architect,http://www.menke-galabau.de/,2,,Dortmund Bochum Gelsenkirchen,"51,47535","7,247943"
"Weißner, Garten- und Landschaftsbau GmbH",landscape_architect,http://www.weissner-gmbh.de/,2,,Dortmund Bochum Gelsenkirchen,"51,5184065","7,3379759"
Wilhelm Layher GmbH & Co KG | Niederlassung Dortmund,landscape_architect,http://www.layher.com/,2,,Dortmund Bochum Gelsenkirchen,"51,4913302","7,3642718"
A.Özcan Garten und Landschaftsbau,landscaping,Ingen webbplats,2,,Dortmund Bochum Gelsenkirchen,"51,51813","7,13318"
Alex Schwarzberg Garten- und Landschaftsbau,landscaping,http://www.galabau-schwarzberg.de/,2,,Dortmund Bochum Gelsenkirchen,"51,48615","7,20069"
Arne Meissner Garten- u. Landschaftsbau,landscaping,http://www.garteninnovation.de/,2,,Dortmund Bochum Gelsenkirchen,"51,4761922","7,4949219"
Backhauß GmbH Garten- und Landschaftsbau,landscaping,http://www.backhauss.de,2,,Dortmund Bochum Gelsenkirchen,"51,5775535","7,4507842"
Baum-pfleger.de,landscaping,http://www.baum-pfleger.de/,2,,Dortmund Bochum Gelsenkirchen,"51,4587698","7,2083804"
BHP Haas & Ryss GbR,landscaping,https://www.my-hammer.de/auftragnehmer/bhp-haas-ryss-gbr,2,,Dortmund Bochum Gelsenkirchen,"51,48304","7,5045"
Blumengarten Berndt,landscaping,http://www.blumengartenberndt.de/,2,,Dortmund Bochum Gelsenkirchen,"51,5202985","7,3962814"
Brandschädel Gartenplanungs- und Landschaftsbau GmbH,landscaping,http://www.brandschaedel.de/,2,,Dortmund Bochum Gelsenkirchen,"51,4981889","7,2755228"
DEG Bochum Inh.Lazik Mnatsakanyan,landscaping,https://www.deg-galabau.de/,2,,Dortmund Bochum Gelsenkirchen,"51,4474863","7,2072897"
Friedhofsgärtnerei Koeth,landscaping,http://www.friedhofsgaertnerei-koeth.de/,2,,Dortmund Bochum Gelsenkirchen,"51,5103975","7,105168"
Fürst Garten- und Landschaftsbau,landscaping,http://www.fuerst-galabau.de,2,,Dortmund Bochum Gelsenkirchen,"51,4954549","7,3515612"
"Galabau Kießling GmbH - Gartengestaltung, Tennisplatzbau, Zaunbau",landscaping,http://www.galabau-kiessling.de/,2,,Dortmund Bochum Gelsenkirchen,"51,465675","7,480192"
Garten und Landschaftspflege A. Lueg,landscaping,http://gartenundlandschaftspflegelueg.de,2,,Dortmund Bochum Gelsenkirchen,"51,51473","7,21984"
Garten- und Landschaftsbau Böcher,landscaping,http://www.galabau-boecher.de/,2,,Dortmund Bochum Gelsenkirchen,"51,4767702","7,4793155"
Garten- und Landschaftsbau Schulz GmbH,landscaping,https://www.schulz-galabau.de/,2,,Dortmund Bochum Gelsenkirchen,"51,5345431","7,5514472"
Gartenbau Atlantis Engin Okur,landscaping,http://www.gartenbau-atlantis.de/,2,,Dortmund Bochum Gelsenkirchen,"51,5010607","7,1157949"
Gartenbau Beuermann,landscaping,http://www.gartenbau-beuermann.de/,2,,Dortmund Bochum Gelsenkirchen,"51,5291504","7,054868"
Gartenbau Wahlhäuser Bochum,landscaping,https://xn--grtnerei-wahlhuser-ltbn.de,2,,Dortmund Bochum Gelsenkirchen,"51,4818123","7,337083"
Gartenbaubetrieb REMY,landscaping,Ingen webbplats,2,,Dortmund Bochum Gelsenkirchen,"51,4948039","7,1287599"
Gerd Linneweber Landschaftsbau GmbH,landscaping,http://www.linneweber.de/,2,,Dortmund Bochum Gelsenkirchen,"51,5696273","7,3975858"
Green Galaxy,landscaping,http://green-galaxy.de,2,,Dortmund Bochum Gelsenkirchen,"51,4954134","7,5511547"
Grünbau gGmbH,landscaping,http://www.gruenbau-dortmund.de/,2,,Dortmund Bochum Gelsenkirchen,"51,524501","7,4772574"
GrünPartner Kley GmbH & Co. KG,landscaping,https://www.gruenpartnerkley.de/,2,,Dortmund Bochum Gelsenkirchen,"51,507395","7,369982"
Gärtner SKB Bochum GmbH,landscaping,http://www.skb-gaertner.de,2,,Dortmund Bochum Gelsenkirchen,"51,48714","7,242887"
Gärtnerei Kujath,landscaping,http://www.gaertnerei-kujath.de,2,,Dortmund Bochum Gelsenkirchen,"51,512189","7,3185017"
Haus und Gartenservice Urbaniak,landscaping,http://www.HaGa-Service.de/,2,,Dortmund Bochum Gelsenkirchen,"51,5263345","7,3632111"
Helmut Lehrl,landscaping,http://www.teichbau-lehrl.de/,2,,Dortmund Bochum Gelsenkirchen,"51,4365385","7,161314"
Hermann Kampermann,landscaping,Ingen webbplats,2,,Dortmund Bochum Gelsenkirchen,"51,5665398","7,1016369"
HerWe Garten- und Landschaftsbau GmbH,landscaping,http://www.herwe-galabau.de/,2,,Dortmund Bochum Gelsenkirchen,"51,5050856","7,4070279"
Hoffmann + Lattoch,landscaping,https://calendly.com/mariushoffmann,2,,Dortmund Bochum Gelsenkirchen,"51,4721223","7,4397865"
Hullmann Galabau GmbH,landscaping,http://www.gartenbau-Hullmann.de/,2,,Dortmund Bochum Gelsenkirchen,"51,5503323","7,0476362"
Kaiser Landschaftsbau GmbH,landscaping,http://www.kaiser-landschaftsbau.de/,2,,Dortmund Bochum Gelsenkirchen,"51,4860342","7,1676001"
Kleingartenverein Gelsenpark,landscaping,Ingen webbplats,2,,Dortmund Bochum Gelsenkirchen,"51,540416","7,067722"
Kleingärtnerverein Auf der Kuhle,landscaping,http://aufderkuhle.de,2,,Dortmund Bochum Gelsenkirchen,"51,5132777","7,3090029"
Kleingärtnerverein Bochum- Riemke,landscaping,http://www.kgv-bochum-riemke.de,2,,Dortmund Bochum Gelsenkirchen,"51,5104912","7,2201269"
Knauf Performance Materials GmbH,landscaping,https://www.knauf-performance-materials.com/de/,2,,Dortmund Bochum Gelsenkirchen,"51,5300151","7,4315977"
Konrad Herz,landscaping,http://www.konradherz.de,2,,Dortmund Bochum Gelsenkirchen,"51,584347","7,041505"
L3 Landschaftsarchitekten,landscaping,http://www.L3-LA.de/,2,,Dortmund Bochum Gelsenkirchen,"51,4783662","7,2166506"
Landschaftsbau Otten,landscaping,http://www.ottengmbh.de/,2,,Dortmund Bochum Gelsenkirchen,"51,528252","7,093541"
LZM - Garten- und Landschaftsbau Bochum,landscaping,https://www.galabau-bochum.nrw/,2,,Dortmund Bochum Gelsenkirchen,"51,5023517","7,2244158"
Meisterbetrieb Ritterswürden,landscaping,https://www.ritterswuerden.de/,2,,Dortmund Bochum Gelsenkirchen,"51,470819","7,5335123"
Morganland Betonzaun Deluxe,landscaping,http://www.morganland.de/,2,,Dortmund Bochum Gelsenkirchen,"51,4873364","7,5637245"
MP Dienstleistung UG,landscaping,http://www.mpdienstleistung.de/,2,,Dortmund Bochum Gelsenkirchen,"51,5859327","7,3917075"
NaturEffekt Zyche,landscaping,https://natureffekt-zyche.de,2,,Dortmund Bochum Gelsenkirchen,"51,4694868","7,5243028"
NPR Natursteinpark Ruhr,landscaping,https://www.natursteinpark-ruhr.de/,2,,Dortmund Bochum Gelsenkirchen,"51,5496354","7,0389373"
Portmann GaLaBau,landscaping,http://www.galabau-portmann.de/,2,,Dortmund Bochum Gelsenkirchen,"51,4636794","7,4058228"
ruhrpott.zauntorsysteme,landscaping,http://www.ruhrpottzaun.de/,2,,Dortmund Bochum Gelsenkirchen,"51,513696","7,1063346"
Schäckermann Garten-und Landschaftsbau,landscaping,http://galabau-schaeckermann.de/,2,,Dortmund Bochum Gelsenkirchen,"51,5630533","7,5521235"
Thorsten Lücke Land und Forstwirtschaftliches Lohnunternehmen,landscaping,http://www.heinrich-luecke.de,2,,Dortmund Bochum Gelsenkirchen,"51,5671907","7,565736"
TKGalaBau GmbH,landscaping,http://www.tkgalabau.de/,2,,Dortmund Bochum Gelsenkirchen,"51,519384","7,557377"
Vinca minor - Garten- und Landschaftsbau,landscaping,http://www.gala-vincaminor.de/,2,,Dortmund Bochum Gelsenkirchen,"51,4424293","7,4655547"
Wald und Flur,landscaping,http://www.wald-und-flur.com/,2,,Dortmund Bochum Gelsenkirchen,"51,58451","7,0259"
Weißner GmbH Meisterbetrieb im Garten- und Landschaftsbau,landscaping,https://www.weissner-gmbh.de/,2,,Dortmund Bochum Gelsenkirchen,"51,5188029","7,337701"
Bibliothek der Ev. Kirche Dortmund und Lünen Reinoldinum,library,Ingen webbplats,,,Dortmund Bochum Gelsenkirchen,"51,5161809","7,4709674"
Bibliothek Dortmund,library,Ingen webbplats,,,Dortmund Bochum Gelsenkirchen,"51,516687","7,460806"
Bücherei,library,Ingen webbplats,,,Dortmund Bochum Gelsenkirchen,"51,557903","7,048151"
Bücherwurm Wiemelhausen e.V.,library,http://buecherwurmbowi.wordpress.com/,,,Dortmund Bochum Gelsenkirchen,"51,4482387","7,2301363"
Fachhochschulbibliothek Dortmund,library,http://www.fh-dortmund.de/bibliothek,,,Dortmund Bochum Gelsenkirchen,"51,495","7,41916"
Förderverein Bücherei Wellinghofen,library,http://www.buecherei-wellinghofen.de,,,Dortmund Bochum Gelsenkirchen,"51,4691652","7,4899513"
Kinderbibliothek Gelsenkirchen,library,https://stadtbibliothek.gelsenkirchen.de/,,,Dortmund Bochum Gelsenkirchen,"51,512798","7,0919683"
KÖB St.Karl Borromäus,library,Ingen webbplats,,,Dortmund Bochum Gelsenkirchen,"51,50279","7,40475"
Medienzentrum Gelsenkirchen,library,https://www.gelsenkirchen.de/de/Bildung/Ausserschulische_Bildung/Stadtbibliothek/Paedagogischer_Service/Medienzentrum/,,,Dortmund Bochum Gelsenkirchen,"51,512798","7,0919683"
"Schmitz GmbH & Co. Buch- und Zeitschriftenhandel, Verlag",library,http://www.wschmitz.de,,,Dortmund Bochum Gelsenkirchen,"51,518524","7,423735"
Schul- und Stadtteilbibliothek Huckarde,library,https://bibliothek.dortmund.de/,,,Dortmund Bochum Gelsenkirchen,"51,5342499","7,4060802"
Schul- und Stadtteilbibliothek Lütgendortmund,library,https://bibliothek.dortmund.de/,,,Dortmund Bochum Gelsenkirchen,"51,5036122","7,3340745"
Schul- und Stadtteilbibliothek Scharnhorst,library,http://bibliothek.dortmund.de/,,,Dortmund Bochum Gelsenkirchen,"51,5514544","7,544944"
Stadt Bochum Stadtbucherei Zweigbucherei Langendreer,library,https://stadtbuechereibochumblog.wordpress.com,,,Dortmund Bochum Gelsenkirchen,"51,4724711","7,316173"
Stadt- und Landesbibliothek Dortmund,library,http://dortmund.de/bibliothek,,,Dortmund Bochum Gelsenkirchen,"51,5165234","7,4608722"
Stadtbibliothek Gelsenkirchen,library,https://stadtbibliothek.gelsenkirchen.de/,,,Dortmund Bochum Gelsenkirchen,"51,512772","7,0919665"
Stadtbibliothek Gelsenkirchen - Horst - Vorburg Schloss Horst - Stadtteilbibliothek Horst,library,https://stadtbibliothek.gelsenkirchen.de/,,,Dortmund Bochum Gelsenkirchen,"51,5368131","7,0256326"
Stadtbibliothek Gelsenkirchen Buer,library,http://stadtbibliothekgelsenkirchenbuer.placeweb.site,,,Dortmund Bochum Gelsenkirchen,"51,5799252","7,0521932"
Stadtbücherei Bochum,library,http://bochum.de/stadtbuecherei,,,Dortmund Bochum Gelsenkirchen,"51,4831704","7,2145518"
Stadtbücherei Bochum Gerthe,library,Ingen webbplats,,,Dortmund Bochum Gelsenkirchen,"51,5162026","7,2736931"
Stadtbücherei Dortmund,library,Ingen webbplats,,,Dortmund Bochum Gelsenkirchen,"51,5367992","7,3708167"
Stadtbücherei Querenburg,library,https://www.bochum.de/C125830C0038F229/vwContentByKey/W273QJAE185BOLDDE,,,Dortmund Bochum Gelsenkirchen,"51,4476467","7,2577766"
Stadtbücherei Wattenscheid,library,https://www.bochum.de,,,Dortmund Bochum Gelsenkirchen,"51,4817935","7,131837"
Stadtteilbibliothek Aplerbeck,library,https://bibliothek.dortmund.de/,,,Dortmund Bochum Gelsenkirchen,"51,49362","7,5579423"
Stadtteilbibliothek Brackel,library,http://www.bibliothek.dortmund.de,,,Dortmund Bochum Gelsenkirchen,"51,51109","7,46706"
Stadtteilbibliothek Brackel,library,https://bibliothek.dortmund.de/,,,Dortmund Bochum Gelsenkirchen,"51,5225393","7,5449371"
Stadtteilbibliothek Eving,library,http://www.bibliothek.dortmund.de,,,Dortmund Bochum Gelsenkirchen,"51,5493266","7,4628013"
Stadtteilbibliothek Hombruch,library,https://bibliothek.dortmund.de/,,,Dortmund Bochum Gelsenkirchen,"51,4756375","7,4397195"
Stadtteilbibliothek Huckarde,library,https://bibliothek.dortmund.de,,,Dortmund Bochum Gelsenkirchen,"51,533915","7,406472"
Stadtteilbibliothek Hörde,library,https://bibliothek.dortmund.de/,,,Dortmund Bochum Gelsenkirchen,"51,4888525","7,5000019"
Stadtteilbibliothek Mengede,library,https://www.dortmund.de/de/leben_in_dortmund/bildungwissenschaft/bibliothek/stadtteilbibliotheken/index.html,,,Dortmund Bochum Gelsenkirchen,"51,5708507","7,3840875"
Stadtteilbibliothek Scharnhorst,library,http://bibliothek.dortmund.de,,,Dortmund Bochum Gelsenkirchen,"51,5514344","7,5444635"
Universitätsbibliothek Dortmund,library,https://www.ub.tu-dortmund.de/,,,Dortmund Bochum Gelsenkirchen,"51,492689","7,416646"
Weitwinkel - Bibliothek des Dortmunder U,library,http://www.dortmunder-u.de/partner/mediathek,,,Dortmund Bochum Gelsenkirchen,"51,51494","7,45357"
Zweigbücherei Linden Stadt Bochum Stadtbücherei,library,Ingen webbplats,,,Dortmund Bochum Gelsenkirchen,"51,4275258","7,1622231"
audiowest GmbH Redak,mass_media,http://www.audiowest.de/,,,Dortmund Bochum Gelsenkirchen,"51,5143061","7,4602389"
Beatmungspflegeportal,mass_media,https://www.beatmungspflegeportal.de/,,,Dortmund Bochum Gelsenkirchen,"51,477018","7,2360966"
blabla.cafe,mass_media,https://www.blabla.cafe/,,,Dortmund Bochum Gelsenkirchen,"51,5485183","7,3630653"
BOjournal - Stadtjournal für Bochum und Wattenscheid,mass_media,http://www.bojournal.de/,,,Dortmund Bochum Gelsenkirchen,"51,48221","7,21529"
Busche Verlagsgruppe,mass_media,http://busche.de/,,,Dortmund Bochum Gelsenkirchen,"51,50214","7,57259"
Cornelsen Verlag Informationszentrum,mass_media,https://www.cornelsen.de/service/1.c.3558322.de,,,Dortmund Bochum Gelsenkirchen,"51,5140786","7,4584566"
Medienberatung Krause,mass_media,,,,Dortmund Bochum Gelsenkirchen,"51,5360903","7,6209727"
Nordstadtblogger.de,mass_media,http://nordstadtblogger.de/,,,Dortmund Bochum Gelsenkirchen,"51,53271","7,45314"
Nrwision Der Tv Lernsender Fur Nordrhein Westfalen,mass_media,http://www.nrwision.de,,,Dortmund Bochum Gelsenkirchen,"51,492867","7,404383"
optikernetz.de GmbH,mass_media,https://www.optikernetz.de/,,,Dortmund Bochum Gelsenkirchen,"51,4730272","7,4543108"
Verlag Angelika Gontadse,mass_media,https://www.angelika-gontadse.de/,,,Dortmund Bochum Gelsenkirchen,"51,5085443","7,0977023"
Zeitsprung Infotainment GmbH,mass_media,http://www.zeitsprung-infotainment.de/,,,Dortmund Bochum Gelsenkirchen,"51,4791981","7,2132824"
Dortmund-App,media_agency,https://www.dortmund-app.de/,,,Dortmund Bochum Gelsenkirchen,"51,45783","7,54288"
Filmswish Filmproduktion,media_agency,http://www.filmswish.de/,,,Dortmund Bochum Gelsenkirchen,"51,447481","7,194591"
Grundform,media_agency,http://www.grundform.de/,,,Dortmund Bochum Gelsenkirchen,"51,5040926","7,5017765"
Situation Kunst,modern_art_museum,http://www.situation-kunst.de/,,,Dortmund Bochum Gelsenkirchen,"51,447671","7,189848"
The Next World,modern_art_museum,http://www.thenextworld.de/,,,Dortmund Bochum Gelsenkirchen,"51,48599","7,48171"
Balan-Film und-Videoproduktion,movie_television_studio,http://www.balan-cinema.de/,,,Dortmund Bochum Gelsenkirchen,"51,5097","7,51616"
Das Department - Filmproduktion,movie_television_studio,http://www.das-department.de/,,,Dortmund Bochum Gelsenkirchen,"51,5331123","7,4539673"
Das Filmstudio Dortmund,movie_television_studio,http://www.filmstudiodortmund.de/,,,Dortmund Bochum Gelsenkirchen,"51,5278179","7,4441135"
FZ Filmwerkstatt,movie_television_studio,http://www.fz-filmwerkstatt.de/,,,Dortmund Bochum Gelsenkirchen,"51,5123516","7,4345009"
Thomas Blachetzki - Film TV Video Broadcast,movie_television_studio,http://www.tbv-filmproduktion.de/,,,Dortmund Bochum Gelsenkirchen,"51,4982455","7,4555036"
tremoniamedia Filmproduktion,movie_television_studio,http://www.tremoniamedia.de/,,,Dortmund Bochum Gelsenkirchen,"51,5035157","7,462619"
Videoline TV- und Videoproduktion,movie_television_studio,http://www.videoline.de/,,,Dortmund Bochum Gelsenkirchen,"51,5067202","7,464955"
"""das kleine museum"" - Zeche Hugo",museum,http://www.zeche-hugo.com/,,,Dortmund Bochum Gelsenkirchen,"51,56526","7,04281"
"Adler-Apotheke, Inhaber Ulrich Ausbüttel e. K.",museum,https://www.ausbuettels.de/adler_apotheke,,,Dortmund Bochum Gelsenkirchen,"51,5140253","7,4666078"
Apotheken Museum,museum,http://www.apotheken-museum.de/,,,Dortmund Bochum Gelsenkirchen,"51,5117656","7,4638655"
Atelier EigenArt - Heike Krainitzki,museum,http://www.ateliereigenart.de,,,Dortmund Bochum Gelsenkirchen,"51,434331","7,150453"
Automobil-Museum-Dortmund,museum,http://www.oldiemuseum.de,,,Dortmund Bochum Gelsenkirchen,"51,4584701","7,4845518"
Bahnbetriebswerk Gelsenkirchen Bismarck,museum,Ingen webbplats,,,Dortmund Bochum Gelsenkirchen,"51,5400405","7,1192785"
Baukultur Nordrhein-Westfalen,museum,https://baukultur.nrw/,,,Dortmund Bochum Gelsenkirchen,"51,4965535","7,1060856"
Baukunstarchiv NRW,museum,https://baukunstarchiv.nrw/,,,Dortmund Bochum Gelsenkirchen,"51,5131829","7,4722152"
Bauverein Falkenjugend e.V. Friedrich-Ebert-Haus,museum,http://wp.falken-gelsenkirchen.de,,,Dortmund Bochum Gelsenkirchen,"51,5539406","7,0407895"
Bergbau Museumsshop,museum,www.bergbaumuseum.de,,,Dortmund Bochum Gelsenkirchen,"51,488651","7,216773"
Bergwerk Consolidation Gelsenkirchen Bismarck,museum,http://www.ib-consolidation.de/,,,Dortmund Bochum Gelsenkirchen,"51,52942","7,11042"
Bochum Dahlhausen Railway Museum,museum,http://www.eisenbahnmuseum-bochum.de,,,Dortmund Bochum Gelsenkirchen,"51,4328729","7,1264055"
Bochumer Krippenmuseum,museum,http://www.bochumer-krippenmuseum.de/,,,Dortmund Bochum Gelsenkirchen,"51,4327801","7,1381918"
Borusseum,museum,http://www.borusseum.de,,,Dortmund Bochum Gelsenkirchen,"51,4937711","7,4525234"
Dasa Arbeitswelt Ausstellung,museum,http://www.dasa-dortmund.de,,,Dortmund Bochum Gelsenkirchen,"51,4982587","7,4207592"
Deutsche Arbeitsschutzausstellung,museum,http://www.dasa-dortmund.de,,,Dortmund Bochum Gelsenkirchen,"51,498278","7,421142"
Deutsches Fußballmuseum,museum,https://www.fussballmuseum.de/,,,Dortmund Bochum Gelsenkirchen,"51,5163879","7,4584241"
Deutsches Industrielack Museum,museum,http://industrielack-museum.de/,,,Dortmund Bochum Gelsenkirchen,"51,5286116","7,4429443"
Deutsches Kochbuchmuseum,museum,http://www.dortmund.de/de/freizeit_und_kultur/museen/deutsches_kochbuchmuseum/startseite_dkbm/index.html,,,Dortmund Bochum Gelsenkirchen,"51,492494","7,480206"
Deutsches Kochbuchmuseum,museum,https://dortmund.de/kochbuchmuseum,,,Dortmund Bochum Gelsenkirchen,"51,5100856","7,470533"
Deutsches Rosarium GRF im Westfalenpark Dortmund,museum,http://www.rosarium.dortmund.de,,,Dortmund Bochum Gelsenkirchen,"51,493156","7,471709"
Dokumentationsstatte Gelsenkirchen im Nationalsozialismus,museum,http://www.institut-fuer-stadtgeschichte.de/Dokumentationsstaette/doku.asp,,,Dortmund Bochum Gelsenkirchen,"51,5576437","7,0941412"
Dortmunder Museumsgesellschaft zur Pflege der bildenden Kunst e. V.,museum,Ingen webbplats,,,Dortmund Bochum Gelsenkirchen,"51,517133","7,463329"
Erlebnismuseum Schloss Horst,museum,https://www.gelsenkirchen.de/de/Kultur/Museen_und_Dauerausstellungen/Museum_Schloss_Horst/,,,Dortmund Bochum Gelsenkirchen,"51,5365312","7,0261863"
Flhomas Wanders,museum,Ingen webbplats,,,Dortmund Bochum Gelsenkirchen,"51,5113784","7,0930345"
Frauenarchiv Auszeiten Bochum,museum,http://www.auszeiten-frauenarchiv.de/,,,Dortmund Bochum Gelsenkirchen,"51,5027911","7,212513"
Galerie Zimmermann & Heitmann,museum,http://www.zimmermann-heitmann.de/,,,Dortmund Bochum Gelsenkirchen,"51,512579","7,464829"
Gronau Pop und Rock Museum,museum,Ingen webbplats,,,Dortmund Bochum Gelsenkirchen,"51,48015","7,37901"
Heimatmuseum Lutgendortmund e V,museum,http://www.museum-luedo.de,,,Dortmund Bochum Gelsenkirchen,"51,5094266","7,3495644"
Historische Druckwerkstatt      Offizin Schloss Horst Gelsenkirchen,museum,http://historische-druckwerkstatt.de/,,,Dortmund Bochum Gelsenkirchen,"51,5365116","7,0262256"
Hoesch,museum,http://www.dortmund.de/de/freizeit_und_kultur/museen/hoesch_museum,2,,Dortmund Bochum Gelsenkirchen,"51,4886594","7,4882963"
Hoesch-Museum Dortmund,museum,http://www.dortmund.de/hoeschmuseum,,,Dortmund Bochum Gelsenkirchen,"51,5295632","7,4818049"
Horster Motorrad-Museum,museum,http://www.efh-bochum.de,,,Dortmund Bochum Gelsenkirchen,"51,525028","7,038549"
Institut für Stadtgeschichte Gelsenkirchen,museum,https://www.gelsenkirchen.de/de/Kultur/Museen_und_Dauerausstellungen/Dokumentationsstaette_Gelsenkirchen_im_Nationalsozialismus/index.aspx,,,Dortmund Bochum Gelsenkirchen,"51,4992097","7,1077008"
IUZ Sternwarte Bochum,museum,http://www.sternwarte-bochum.de,,,Dortmund Bochum Gelsenkirchen,"51,4277778","7,1941667"
Kunstmuseum Gelsenkirchen,museum,https://www.kunstmuseum-gelsenkirchen.de/,,,Dortmund Bochum Gelsenkirchen,"51,5768906","7,0540376"
Kuriositätenkabinett,museum,Ingen webbplats,,,Dortmund Bochum Gelsenkirchen,"51,475975","7,188754"
Lehmbruck Museum Duisburg,museum,http://www.lehmbruckmuseum.de/?p=11454,,,Dortmund Bochum Gelsenkirchen,"51,5178554","7,4590164"
LWL-Museen für Industriekultur,museum,https://www.lwl-industriekultur.de/netiquette,,,Dortmund Bochum Gelsenkirchen,"51,5185249","7,3332337"
LWL-Museum Zeche Hannover,museum,https://zeche-hannover.lwl.org/netiquette,,,Dortmund Bochum Gelsenkirchen,"51,5044225","7,1659278"
LWL-Museum Zeche Zollern,museum,http://zeche-zollern.lwl.org/netiquette,,,Dortmund Bochum Gelsenkirchen,"51,5185663","7,333702"
Magnetmuseum,museum,http://www.tridelta.de/unternehmensgruppe-magnetmuseum-de.html,,,Dortmund Bochum Gelsenkirchen,"51,4876896","7,55471"
MONDO MIO Kindermuseum,museum,http://www.mondomio.de/,,,Dortmund Bochum Gelsenkirchen,"51,4969299","7,4717886"
Museum Adlerturm,museum,http://museumamadlerturm.dortmund.de,,,Dortmund Bochum Gelsenkirchen,"51,5103","7,46935"
Museum Ostwall im Dortmunder U,museum,http://museumostwall.dortmund.de/,,,Dortmund Bochum Gelsenkirchen,"51,515087","7,453215"
Museum unter Tage - MuT,museum,http://www.situation-kunst.de,,,Dortmund Bochum Gelsenkirchen,"51,4475356","7,1897325"
Nahverkehrsmuseum Dortmund,museum,http://bahnhof-mooskamp.de,,,Dortmund Bochum Gelsenkirchen,"51,549232","7,4065948"
Naturmuseum Dortmund,museum,http://dortmund.de/naturmuseum,,,Dortmund Bochum Gelsenkirchen,"51,535858","7,4573669"
Neidenburger Heimatstube,museum,Ingen webbplats,,,Dortmund Bochum Gelsenkirchen,"51,487039","7,3074309"
PACE Automobil Museum,museum,http://www.jp-pace.de/,,,Dortmund Bochum Gelsenkirchen,"51,5038221","7,4964009"
PIRTEK,museum,https://www.pirtek.de/service-center/#!/l/dortmund/franziusstrasse-150/2791813,,,Dortmund Bochum Gelsenkirchen,"51,5324204","7,42538819"
PUZZLEUM,museum,http://www.puzzleum.de/,,,Dortmund Bochum Gelsenkirchen,"51,5193102","7,2823106"
Resistance & Persecution Museum,museum,http://www.dortmund-tourismus.de/en/discover-dortmund/culture/museums-exhibitions/poi/steinwache-memorial.html,,,Dortmund Bochum Gelsenkirchen,"51,51965","7,46075"
Schalke Museum,museum,http://www.veltins-arena.de/veltins-arena/schalke-museum/,,,Dortmund Bochum Gelsenkirchen,"51,553601","7,067281"
schauraum: comic + cartoon,museum,http://dortmund.de/comic,,,Dortmund Bochum Gelsenkirchen,"51,5163684","7,4598775"
Schulmuseum der Stadt Bochum,museum,http://www.schuelerhilfe.com,,,Dortmund Bochum Gelsenkirchen,"51,5140999","7,213137"
Schürener Reisedienst,museum,Ingen webbplats,,,Dortmund Bochum Gelsenkirchen,"51,492542","7,5368"
Shoot Again FlipperMuseum Ruhr,museum,http://www.flippermuseum-ruhr.de/,,,Dortmund Bochum Gelsenkirchen,"51,4862","7,4356"
Sonnenbunker,museum,http://www.sonnenbunker.de/,,,Dortmund Bochum Gelsenkirchen,"51,5062867","7,4667068"
StadtRaumKonzept GmbH,museum,http://www.stadtraumkonzept.de,,,Dortmund Bochum Gelsenkirchen,"51,5137478","7,4369616"
Straßenbahnmuseum / Nahverkehrsmuseum,museum,http://bahnhof-mooskamp.de/,,,Dortmund Bochum Gelsenkirchen,"51,5491954","7,4066132"
Telefonmuseum Bochum,museum,http://www.telekom-historik.de/,,,Dortmund Bochum Gelsenkirchen,"51,4894102","7,2444538"
U Bahnhof Deutsches Bergbau Museum,museum,Ingen webbplats,,,Dortmund Bochum Gelsenkirchen,"51,4887224","7,2140437"
U+H Walbertstraße/Schulmuseum,museum,Ingen webbplats,,,Dortmund Bochum Gelsenkirchen,"51,509711","7,385761"
Wasserburg Schloss Horst,museum,http://www.beverlybuer-photography.info/,,,Dortmund Bochum Gelsenkirchen,"51,5363951","7,0237013"
Westfälisches Schulmuseum Dortmund,museum,https://www.dortmund.de/de/freizeit_und_kultur/museen/westfaelisches_schulmuseum/startseite_schulmuseum/index.html,,,Dortmund Bochum Gelsenkirchen,"51,5105","7,38349"
Willi Dickhut Museum,museum,http://www.willi-dickhut-museum.de,,,Dortmund Bochum Gelsenkirchen,"51,5360778","7,0239153"
Zeche Hannover,museum,http://www.zeche-hannover.de,,,Dortmund Bochum Gelsenkirchen,"51,5046","7,16509"
Zeche Hugo,museum,http://www.zeche-hugo.de/,,,Dortmund Bochum Gelsenkirchen,"51,569122","7,0343005"
Aktiv Music Point - CD/Record Store,music_and_dvd_store,http://www.aktivmusicpointbochum.de/,,,Dortmund Bochum Gelsenkirchen,"51,4830067","7,2168434"
Amptechnik Frank Finkhäuser,music_and_dvd_store,http://www.amptechnik.de/,,,Dortmund Bochum Gelsenkirchen,"51,5846624","7,3955908"
Atlantis Videotheken GmbH & Co,music_and_dvd_store,http://www.atlantis-megamax.de,,,Dortmund Bochum Gelsenkirchen,"51,4949926","7,2131447"
Bahlo Records,music_and_dvd_store,http://bahlo-records.de/,,,Dortmund Bochum Gelsenkirchen,"51,4859325","7,2134136"
BLEY & SOHN Geigenbaumeister,music_and_dvd_store,http://bley-geigenbau.de/,,,Dortmund Bochum Gelsenkirchen,"51,5045635","7,4529205"
Discover Tonträger,music_and_dvd_store,http://www.discover-music.de/,,,Dortmund Bochum Gelsenkirchen,"51,4816954","7,2208824"
Filmcult Bochum,music_and_dvd_store,http://WWW.filmcult.de/,,,Dortmund Bochum Gelsenkirchen,"51,4913625","7,2415169"
Flat Earth Record Store Dortmund,music_and_dvd_store,https://schallplatten-dortmund.de/,,,Dortmund Bochum Gelsenkirchen,"51,5046933","7,4607126"
Geigenbaumeister Kehnen,music_and_dvd_store,http://www.geigenbaumeisterkehnen.de/,,,Dortmund Bochum Gelsenkirchen,"51,4706661","7,217622"
Idiots Records,music_and_dvd_store,https://shop.idiotsrecords.com/,,,Dortmund Bochum Gelsenkirchen,"51,5134608","7,4536849"
Klavierbau Leveringhaus,music_and_dvd_store,http://www.klavierbau-leveringhaus.de/,,,Dortmund Bochum Gelsenkirchen,"51,5037831","7,2733512"
Musikhaus Pomerin GmbH Bochum Westring 45,music_and_dvd_store,http://www.pomerin.de,,,Dortmund Bochum Gelsenkirchen,"51,483088","7,2113047"
UFO Records,music_and_dvd_store,Ingen webbplats,,,Dortmund Bochum Gelsenkirchen,"51,51337","7,45266"
VINYL BUS,music_and_dvd_store,http://www.vinylbus.de/,,,Dortmund Bochum Gelsenkirchen,"51,51373","7,47414"
Wir schließen - VideoPlanet Bodelschwingh - Räumungsverkauf,music_and_dvd_store,http://www.videoplanet.de/,,,Dortmund Bochum Gelsenkirchen,"51,5513257","7,3809255"
XXLMusicworld.de,music_and_dvd_store,http://www.xxlmusicworld.de/,,,Dortmund Bochum Gelsenkirchen,"51,518409","7,466073"
4CN-Studios,music_production,http://www.twitter.com/4cn_studios,,,Dortmund Bochum Gelsenkirchen,"51,487716","7,3057349"
Alphasound Studios,music_production,http://www.alphasoundstudios.de/,,,Dortmund Bochum Gelsenkirchen,"51,52619","7,46132"
Anubis Klangwerkstatt,music_production,http://www.anubisklangwerkstatt.de/,,,Dortmund Bochum Gelsenkirchen,"51,4875015","7,497834"
das-studio.com,music_production,http://www.das-studio.com/,,,Dortmund Bochum Gelsenkirchen,"51,4908473","7,501546"
DOsound - Dortmunder Tonstudio,music_production,http://www.dosound.de/,,,Dortmund Bochum Gelsenkirchen,"51,501654","7,4590337"
Hooky Recordings,music_production,http://www.hooky-recordings.com/,,,Dortmund Bochum Gelsenkirchen,"51,4781042","7,2182181"
Hörb Ares,music_production,http://www.hoerbares.de/,,,Dortmund Bochum Gelsenkirchen,"51,5141","7,56987"
Klangraumstudios Dortmund,music_production,http://www.krs-do.de/,,,Dortmund Bochum Gelsenkirchen,"51,51181","7,44327"
Klangwerker-Tonstudio,music_production,https://www.klangwerker-tonstudio.de/,,,Dortmund Bochum Gelsenkirchen,"51,4246022","7,1613524"
Kotten Studio,music_production,http://www.kottenstudio.de/,,,Dortmund Bochum Gelsenkirchen,"51,506151","7,315407"
Lautsprecher selber bauen by Acoustic Design Wohlgemuth,music_production,http://www.acoustic-design-magazin.de/,,,Dortmund Bochum Gelsenkirchen,"51,45505","7,23136"
Microstudio,music_production,http://www.microstudio.de/,,,Dortmund Bochum Gelsenkirchen,"51,48421","7,55159"
Momentum Mixing,music_production,http://momentum-mixing.de/,,,Dortmund Bochum Gelsenkirchen,"51,5574775","7,0916899"
Sirius Sounds - Tonstudio,music_production,http://www.siriussounds-tonstudio.de/,,,Dortmund Bochum Gelsenkirchen,"51,47382","7,21583"
studio-600.com,music_production,http://studio-600.com/,,,Dortmund Bochum Gelsenkirchen,"51,5104601","7,0912983"
"Tonstudio Input, Deine Musik, Deine CD",music_production,http://www.tonstudio-input.de,,,Dortmund Bochum Gelsenkirchen,"51,53154","7,47281"
Tonstudio Music Room,music_production,https://www.music-room-dortmund.de/,,,Dortmund Bochum Gelsenkirchen,"51,48869","7,5011276"
Tonstudio Solveig,music_production,http://www.solveig.cc/,,,Dortmund Bochum Gelsenkirchen,"51,5062076","7,256345"
Tony Tequila Studio,music_production,http://www.tonytequila-studio.com/,,,Dortmund Bochum Gelsenkirchen,"51,505632","7,4813909"
West Tone Studios,music_production,http://www.west-tone-studios.com/,,,Dortmund Bochum Gelsenkirchen,"51,5574775","7,0916846"
Akademie für Gesang NRW e. V.,music_school,https://www.akademie-gesang.de/,,,Dortmund Bochum Gelsenkirchen,"51,5198749","7,5554999"
Beat Academy,music_school,http://www.beatacademy.de/,,,Dortmund Bochum Gelsenkirchen,"51,5173291","7,4728671"
Beats and Music School,music_school,http://www.bams.rocks/,,,Dortmund Bochum Gelsenkirchen,"51,4823294","7,219677"
Chorliebe,music_school,http://www.chorliebe.de/,,,Dortmund Bochum Gelsenkirchen,"51,5044972","7,4594701"
Convivo - Schule für Musik und Kunst,music_school,http://www.convivo-musik-bochum.de/,,,Dortmund Bochum Gelsenkirchen,"51,5097713","7,2109219"
"Dance&Art, Ballett und Tanzschule Dortmund",music_school,http://www.danceandart.de/,,,Dortmund Bochum Gelsenkirchen,"51,506099","7,4769736"
Dortmund Musik,music_school,http://dortmundmusik.education/,,,Dortmund Bochum Gelsenkirchen,"51,5203127","7,4605142"
DRUM CUBE - die Schlagzeugschule,music_school,http://www.youtube.com/user/drumcubeTV,,,Dortmund Bochum Gelsenkirchen,"51,5823468","7,0526032"
Institut für musikalische Bildung,music_school,http://www.imbmusikbildung.de/,,,Dortmund Bochum Gelsenkirchen,"51,4920957","7,5019109"
Kinder Piano Welt - Musikschule Margarita,music_school,http://musikschule-margarita.com/,,,Dortmund Bochum Gelsenkirchen,"51,4756323","7,440775"
Klavierschule und Musikschule im Kreuzviertel,music_school,https://klavierschule-im-kreuzviertel.de/,,,Dortmund Bochum Gelsenkirchen,"51,502873","7,4546609"
Kunst-Stift,music_school,Ingen webbplats,,,Dortmund Bochum Gelsenkirchen,"51,47523","7,23151"
Lange Musik,music_school,http://www.langemusik.de/,,,Dortmund Bochum Gelsenkirchen,"51,487583","7,3056936"
MMI Modern Music Institute International,music_school,Ingen webbplats,,,Dortmund Bochum Gelsenkirchen,"51,4950483","7,5619642"
Musik im Pott,music_school,http://www.musik-im-pott.de/,,,Dortmund Bochum Gelsenkirchen,"51,5029056","7,2153617"
Musikbox,music_school,http://www.musikschule-dortmund.de/,,,Dortmund Bochum Gelsenkirchen,"51,5142277","7,4680259"
Musikcoach,music_school,http://www.musikcoach.de/,,,Dortmund Bochum Gelsenkirchen,"51,5102634","7,3846048"
"Musikschule am Ostwall, Peter Kowalczyk",music_school,http://www.dortmunder-musikschule.de,,,Dortmund Bochum Gelsenkirchen,"51,501239","7,481208"
Musikschule am U - Gitarrenspielplatz,music_school,http://www.musikschule-am-u.de/,,,Dortmund Bochum Gelsenkirchen,"51,512683","7,453208"
Musikschule Brackel,music_school,http://www.musikschule-brackel.de/,,,Dortmund Bochum Gelsenkirchen,"51,5234962","7,5443403"
Musikschule Fröhlich,music_school,https://seo.musikschule-froehlich.com/de-nordrhein-westfalen-bochum-ute-hildebrand-parkstr--24.html,,,Dortmund Bochum Gelsenkirchen,"51,4831128","7,1409587"
Musikschule Fröhlich,music_school,https://seo.musikschule-froehlich.com/de-nordrhein-westfalen-dortmund-sabine-boehler-stoppelheck-6.html,,,Dortmund Bochum Gelsenkirchen,"51,5554456","7,482966"
Musikschule Gelsenkirchen,music_school,https://www.gelsenkirchen.de/musikschule,,,Dortmund Bochum Gelsenkirchen,"51,5141489","7,0873911"
Musikschule im Bunker,music_school,http://www.musikschule-im-bunker.de,,,Dortmund Bochum Gelsenkirchen,"51,572","7,0435399"
Musikschule Kammerton Dortmund,music_school,https://musikschulekammerton.de/,,,Dortmund Bochum Gelsenkirchen,"51,5105568","7,4594364"
Musikschule MUSE Dortmund,music_school,https://www.muse-musikschule.de,,,Dortmund Bochum Gelsenkirchen,"51,5176012","7,5071408"
Musikschule Pianofortelier,music_school,http://www.pianofortelier.de/,,,Dortmund Bochum Gelsenkirchen,"51,50719","7,09655"
Musikschule-Dortmund: MUSIKBOX,music_school,http://www.musikschule-dortmund.de/,,,Dortmund Bochum Gelsenkirchen,"51,514387","7,467789"
Musikschulen Altstadt / Jellinghaus,music_school,http://www.musikschule-altstadt.de/,,,Dortmund Bochum Gelsenkirchen,"51,5153012","7,4672752"
Rockaway Beat Holistic Guitar School,music_school,http://www.rockawaybeat.de/,,,Dortmund Bochum Gelsenkirchen,"51,5219792","7,4485599"
Schlagzeugschule Zinnschlag,music_school,http://www.schlagzeugschule-zinnschlag.de/,,,Dortmund Bochum Gelsenkirchen,"51,4671419","7,1332997"
TiMo's Musikschule,music_school,http://www.timosmusikschule.com/,,,Dortmund Bochum Gelsenkirchen,"51,490513","7,2134542"
Tonart24 Musikschule,music_school,http://www.tonart24.de/,,,Dortmund Bochum Gelsenkirchen,"51,5845099","7,5599587"
Watersongs,music_school,http://www.watersongs.de/,,,Dortmund Bochum Gelsenkirchen,"51,480519","7,137042"
X-Vision Music Academy,music_school,http://www.xvision-music-academy.info/gesangsunterricht/,,,Dortmund Bochum Gelsenkirchen,"51,4796","7,14008"
X-Vision Ruhr,music_school,http://www.xvisionruhr.de/,,,Dortmund Bochum Gelsenkirchen,"51,4828707","7,1323607"
Ab zur Tante,music_venue,http://www.ab-zur-tante.de/,,,Dortmund Bochum Gelsenkirchen,"51,53817","7,36401"
African Pub,music_venue,http://www.african-pub.de,,,Dortmund Bochum Gelsenkirchen,"51,5816611","7,1063496"
Andara Musik,music_venue,http://www.andara.de,,,Dortmund Bochum Gelsenkirchen,"51,4729123","7,5340496"
Anneliese Brost Musikforum Ruhr,music_venue,http://www.bochumer-symphoniker.de/,,,Dortmund Bochum Gelsenkirchen,"51,4772156","7,2150429"
Aplerbecker Schlossfehde,music_venue,Ingen webbplats,,,Dortmund Bochum Gelsenkirchen,"51,4931","7,55435"
B+B Veranstaltungstechnik GmbH,music_venue,http://www.bb-dortmund.de/,,,Dortmund Bochum Gelsenkirchen,"51,5385556","7,4168126"
Bismarcker Rocktage,music_venue,https://bismarcker-rocktage.de/,,,Dortmund Bochum Gelsenkirchen,"51,5281433","7,1089903"
Blackfield-Festival Gelsenkirchen,music_venue,http://www.blackfield-festival.de/,,,Dortmund Bochum Gelsenkirchen,"51,4715573","7,324159"
Bochum Total,music_venue,https://www.stonewash.org/,,,Dortmund Bochum Gelsenkirchen,"51,4785922","7,2149508"
Dietrich Keuning Haus,music_venue,http://www.dortmund.de/dkh,,,Dortmund Bochum Gelsenkirchen,"51,5215993","7,4596047"
Dortmund Concert Hall,music_venue,http://www.dortmund.de/en/leisure_and_culture/konzerthaus_dortmund_concert_hall/index.html,,,Dortmund Bochum Gelsenkirchen,"51,5161","7,46636"
Dortmunder Musik- und Kulturmagazin,music_venue,http://www.ardev.de/,,,Dortmund Bochum Gelsenkirchen,"51,48363","7,4989"
Entertainment - Events,music_venue,http://entertainment-events.jimdosite.com/,,,Dortmund Bochum Gelsenkirchen,"51,5158944","7,4258739"
Euro Star Eventlocation,music_venue,Ingen webbplats,,,Dortmund Bochum Gelsenkirchen,"51,5466092","7,0719627"
Feine Gesellschaft,music_venue,http://feineshows.de/,,,Dortmund Bochum Gelsenkirchen,"51,50894","7,46013"
Festi Ramazan,music_venue,http://www.festiramazan.com/,,,Dortmund Bochum Gelsenkirchen,"51,4944026","7,46343"
FZW,music_venue,http://www.fzw.de/,,,Dortmund Bochum Gelsenkirchen,"51,5150052","7,4504908"
Hombruch Karibisch,music_venue,http://www.hombruch-karibisch.de/,,,Dortmund Bochum Gelsenkirchen,"51,4762001","7,43887"
Insel der Jugend,music_venue,Ingen webbplats,,,Dortmund Bochum Gelsenkirchen,"51,47879","7,22062"
Jazz in Wenge,music_venue,https://haus-wenge-lanstrop.de/,,,Dortmund Bochum Gelsenkirchen,"51,5760445","7,5654117"
Juicy Beats Festival,music_venue,https://www.juicybeats.net/impressum/,,,Dortmund Bochum Gelsenkirchen,"51,4961117","7,4740399"
Kaffeehauskonzerte Buer,music_venue,http://www.markingtime.de/,,,Dortmund Bochum Gelsenkirchen,"51,57838","7,05325"
Kap Buhne Bochum,music_venue,https://www.parkopedia.de/parken/garage/p8_konrad_adenauer_platz_bermuda/44787/bochum/?vendor=here,,,Dortmund Bochum Gelsenkirchen,"51,4759178","7,2158207"
KAUE,music_venue,http://www.emschertainment.de/,,,Dortmund Bochum Gelsenkirchen,"51,5176253","7,0687305"
KLANGVOKAL Musikfestival Dortmund,music_venue,https://www.klangvokal-dortmund.de/startseite.html,,,Dortmund Bochum Gelsenkirchen,"51,5158655","7,4672206"
Konzerte St. Reinoldi,music_venue,http://www.konzerte-sanktreinoldi.de/,,,Dortmund Bochum Gelsenkirchen,"51,51463","7,4676"
Konzerthaus Dortmund,music_venue,http://www.konzerthaus-dortmund.de/,,,Dortmund Bochum Gelsenkirchen,"51,516119","7,4661448"
Konzertsommer im Revier,music_venue,http://www.konzertsommer.eu/,,,Dortmund Bochum Gelsenkirchen,"51,5008585","7,0647122"
Kubus Musiktheater Dortmund,music_venue,http://www.kubus-musiktheater.de/,,,Dortmund Bochum Gelsenkirchen,"51,5044103","7,4595591"
Kunstverein Bochumer Kulturrat,music_venue,http://www.bochumerkulturrat.de/,,,Dortmund Bochum Gelsenkirchen,"51,5191861","7,2823255"
Liman Music Festival,music_venue,Ingen webbplats,,,Dortmund Bochum Gelsenkirchen,"51,50779","7,40328"
Lok Rock,music_venue,http://www.rock-am-bahnwerk.de/,,,Dortmund Bochum Gelsenkirchen,"51,54019","7,1197"
MAYDAY Dortmund,music_venue,http://www.mayday.de/,,,Dortmund Bochum Gelsenkirchen,"51,496817","7,456538"
Music Factory Dortmund,music_venue,http://www.musicfactory-dortmund.de/,,,Dortmund Bochum Gelsenkirchen,"51,5086139","7,3851729"
Musik Werkstatt,music_venue,http://www.musikwerkstatt-hoerde.de/,,,Dortmund Bochum Gelsenkirchen,"51,48692","7,50199"
Musikschule Gelsenkirchen,music_venue,Ingen webbplats,,,Dortmund Bochum Gelsenkirchen,"51,5643411","7,082756"
Musikvermittlung der Bochumer Symphoniker,music_venue,https://www.bochumer-symphoniker.de/konzerte/musikvermittlung/,,,Dortmund Bochum Gelsenkirchen,"51,47776","7,2149"
Once upon a time - Festival der Jahrmarktkultur und Strassenkunst,music_venue,http://www.once-festival.de/,,,Dortmund Bochum Gelsenkirchen,"51,5183746","7,3350305"
Orchesterzentrum NRW,music_venue,http://www.orchesterzentrum.de/,,,Dortmund Bochum Gelsenkirchen,"51,5169251","7,4651139"
Oskar Kulturhaus,music_venue,http://www.kulturhaus-oskar.de,,,Dortmund Bochum Gelsenkirchen,"51,4732875","7,2174628"
Paluma Festival - Bochum,music_venue,http://www.paluma-festival.de/,,,Dortmund Bochum Gelsenkirchen,"51,4814758","7,1988296"
Parkfest Gelsenkirchen,music_venue,Ingen webbplats,,,Dortmund Bochum Gelsenkirchen,"51,5036888","7,0660901"
Pott Out Festival,music_venue,https://the-hard-circle.com/home,,,Dortmund Bochum Gelsenkirchen,"51,49038","7,23347"
PottArtists,music_venue,Ingen webbplats,,,Dortmund Bochum Gelsenkirchen,"51,5342","7,02332"
Rekorder,music_venue,http://www.rekorder.org/,,,Dortmund Bochum Gelsenkirchen,"51,5215979","7,4486638"
Rock am Bahnwerk,music_venue,http://www.rock-am-bahnwerk.de/news,,,Dortmund Bochum Gelsenkirchen,"51,5400103","7,1188645"
Rock am Dom Gelsenkirchen,music_venue,http://www.rock-am-dom-gelsenkirchen.de/,,,Dortmund Bochum Gelsenkirchen,"51,5809197","7,0518014"
Ruhr International Bochum,music_venue,http://www.ruhr-international.de/,,,Dortmund Bochum Gelsenkirchen,"51,481125","7,198772"
RuhrCongress Bochum,music_venue,http://www.ruhrcongress-bochum.de/,,,Dortmund Bochum Gelsenkirchen,"51,4910065","7,2333108"
Servgast,music_venue,http://servgast.de/,,,Dortmund Bochum Gelsenkirchen,"51,5296644","7,4694574"
Sommer am U,music_venue,http://www.dortmunder-u.de/sommer-am-u,,,Dortmund Bochum Gelsenkirchen,"51,51502","7,45444"
Stadthalle Wattenscheid,music_venue,http://www.stadthalle-wattenscheid.de/,,,Dortmund Bochum Gelsenkirchen,"51,4784076","7,1353187"
Street Food & Beach Festivals,music_venue,https://www.street-food-beach.de/,,,Dortmund Bochum Gelsenkirchen,"51,4825405","7,4300044"
Stölting Harbor,music_venue,Ingen webbplats,,,Dortmund Bochum Gelsenkirchen,"51,5440515","7,0924466"
Takt Music Studio,music_venue,Ingen webbplats,,,Dortmund Bochum Gelsenkirchen,"51,5456325","7,0807255"
Truxhof,music_venue,http://www.truxhof.com/,,,Dortmund Bochum Gelsenkirchen,"51,4545824","7,4605087"
TYDE Studios,music_venue,http://www.tydestudios.com/,,,Dortmund Bochum Gelsenkirchen,"51,5256795","7,4431367"
Verein für Neue Musik Dortmund e.V.,music_venue,http://orchester-sinfonia.de/,,,Dortmund Bochum Gelsenkirchen,"51,4813199","7,40707"
VisionEvents Gelsenkirchen,music_venue,http://www.vision-festhalle.de/,,,Dortmund Bochum Gelsenkirchen,"51,52262","7,07803"
Volkshaus Rotthausen,music_venue,http://www.testbetrieb-volkshaus.de,,,Dortmund Bochum Gelsenkirchen,"51,4947399","7,0788659"
Way Back When,music_venue,http://www.waybackwhen.de/,,,Dortmund Bochum Gelsenkirchen,"51,53307","7,47296"
Weihnacht-SKA-markt Dortmund,music_venue,Ingen webbplats,,,Dortmund Bochum Gelsenkirchen,"51,52102","7,44871"
CHRISBAND | Deutsch Polnische Band | Hochzeitsband,musician,https://chrisband.de/,,,Dortmund Bochum Gelsenkirchen,"51,4626313","7,2958012"
Coverband Dortmund - BeatPakk,musician,https://www.t-s-entertainment.com/beatpakk,,,Dortmund Bochum Gelsenkirchen,"51,5524323","7,5082272"
NIZZABEAT - Live Band Musik,musician,https://www.nizzabeat.de/,,,Dortmund Bochum Gelsenkirchen,"51,5108497","7,3836839"
Queertastisch,newspaper_and_magazines_store,http://www.queertastisch.de/,,,Dortmund Bochum Gelsenkirchen,"51,4950755","7,1484083"
Wir in Dortmund,newspaper_and_magazines_store,https://www.wirindortmund.de/,,,Dortmund Bochum Gelsenkirchen,"51,513385","7,4236006"
Opernhaus,opera_and_ballet,https://www.theaterdo.de/oper/startseite,,,Dortmund Bochum Gelsenkirchen,"51,5110146","7,4613977"
apm Pflegeschule Dortmund,performing_arts,https://apm.de/standorte/pflegeschulen/ps-dortmund/,,,Dortmund Bochum Gelsenkirchen,"51,5211143","7,5081391"
Star Academy,performing_arts,http://www.star-acm.com/,,,Dortmund Bochum Gelsenkirchen,"51,4988636","7,0800892"
Theater Kohlenpott Kloke and Hörner GbR,performing_arts,http://www.kohlenpottprojekte.de/,,,Dortmund Bochum Gelsenkirchen,"51,45342836","7,23012434"
CineOne - Kameraverleih Dortmund,photography_store_and_services,http://www.cineone.tv/,,,Dortmund Bochum Gelsenkirchen,"51,5077201","7,4063494"
Foto Hamer,photography_store_and_services,http://www.foto-hamer.de,,,Dortmund Bochum Gelsenkirchen,"51,4774845","7,2166701"
Haushalttechnik Weigelt,photography_store_and_services,http://www.haushalttechnik-weigelt.de/,,,Dortmund Bochum Gelsenkirchen,"51,4321918","7,170666"
Lens & Loom,photography_store_and_services,https://www.lensandloom.de/,,,Dortmund Bochum Gelsenkirchen,"51,4833","7,21667"
MEDIAFIX Annahmestelle Dortmund,photography_store_and_services,https://mediafix.de/annahmestellen/dortmund/,,,Dortmund Bochum Gelsenkirchen,"51,5228302","7,3699835"
MEDIAFIX-Geschäftsstelle Dortmund & Analog Atelier,photography_store_and_services,https://mediafix.de/,,,Dortmund Bochum Gelsenkirchen,"51,5231439","7,3705619"
Müllers Fotobazar,photography_store_and_services,http://www.muellers-fotobazar.de/fotograf-dortmund-scharnhorst,,,Dortmund Bochum Gelsenkirchen,"51,552095","7,5436827"
Photos and more,photography_store_and_services,,,,Dortmund Bochum Gelsenkirchen,"51,50921997","7,0943749"
4 Familii,print_media,http://www.4familii.de/,2,,Dortmund Bochum Gelsenkirchen,"51,5794891","7,0646518"
BerÜHrungspunkte,print_media,http://www.beruehrungspunkte.de/,,,Dortmund Bochum Gelsenkirchen,"51,50358","7,51123"
Horster Post,print_media,http://www.horsterpost.de/,,,Dortmund Bochum Gelsenkirchen,"51,53872","7,02439"
Köln Kütüphane,print_media,https://www.kolnkutuphane.de/,,,Dortmund Bochum Gelsenkirchen,"51,4780232","7,2157306"
Shop in Shop Bartsch,print_media,Ingen webbplats,,,Dortmund Bochum Gelsenkirchen,"51,4937006","7,1917372"
Womanlifehealth,print_media,https://frauengesundheit.life/,,,Dortmund Bochum Gelsenkirchen,"51,4915271","7,4037994"
Jenny Fm,radio_station,http://www.jenny.fm/,,,Dortmund Bochum Gelsenkirchen,"51,55072","7,58839"
Radio 91.2,radio_station,https://www.radio912.de/,,,Dortmund Bochum Gelsenkirchen,"51,513318","7,4602665"
Radio Emscher Lippe,radio_station,https://www.radioemscherlippe.de/,,,Dortmund Bochum Gelsenkirchen,"51,5803906","7,0497067"
Radio Emscher Lippe,radio_station,https://www.radioemscherlippe.de/,,,Dortmund Bochum Gelsenkirchen,"51,58024","7,04974"
www.Radio-Surfstation.com,radio_station,http://www.radio-surfstation.com/,,,Dortmund Bochum Gelsenkirchen,"51,485731","7,501328"
Chapter Eight,record_label,http://chaptereightrecords.com/,,,Dortmund Bochum Gelsenkirchen,"51,4807415","7,2193909"
Gelsensound Recording Studios,record_label,Ingen webbplats,,,Dortmund Bochum Gelsenkirchen,"51,54056","7,02792"
Tanz auf Ruinen Records,record_label,http://www.tanzaufruinen-records.de/,,,Dortmund Bochum Gelsenkirchen,"51,51265","7,43812"
Tonstudio Input,recording_and_rehearsal_studio,,,,Dortmund Bochum Gelsenkirchen,"51,5315073","7,4730152"
Heavy Traffic,screen_printing_t_shirt_printing,http://www.rapx.one/,,,Dortmund Bochum Gelsenkirchen,"51,47430015","7,21542482"
Luxor-Pen Schreibwaren-Vertriebs GmbH,screen_printing_t_shirt_printing,http://www.luxorart.de,,,Dortmund Bochum Gelsenkirchen,"51,469277","7,125616"
Merchandise Service,screen_printing_t_shirt_printing,http://www.merchandise-service.com/,,,Dortmund Bochum Gelsenkirchen,"51,5056","7,34294"
shirt-box.de,screen_printing_t_shirt_printing,http://www.shirt-box.de/,,,Dortmund Bochum Gelsenkirchen,"51,5133533","7,4561142"
Stickerei und Berufsbekleidung Carasi,screen_printing_t_shirt_printing,http://www.stickwerbung.com/,2,,Dortmund Bochum Gelsenkirchen,"51,515758","7,5055128"
Stickpalast,screen_printing_t_shirt_printing,http://www.stickpalast.de/,,,Dortmund Bochum Gelsenkirchen,"51,4740618","7,3075317"
ADAC Geschäftsstelle Gelsenkirchen,social_club,https://www.adac-westfalen.de/gelsenkirchen?utm_source=bing&utm_medium=organic&utm_campaign=bpb-profil&utm_content=2705,,,Dortmund Bochum Gelsenkirchen,"51,50698406","7,10280733"
ADAC Prüfzentrum und Prüfdienste Gelsenkirchen,social_club,https://www.adac-westfalen.de/gelsenkirchen/adac-pruefzentrum,,,Dortmund Bochum Gelsenkirchen,"51,507045","7,103038"
ADAC Youngster Slalom Cup,social_club,https://adac-westfalen-jugendsport.de/slalom-youngster-cup,,,Dortmund Bochum Gelsenkirchen,"51,5068675","7,5330665"
Sitz des ADAC Westfalen e.V.,social_club,https://www.adac-westfalen.de/,,,Dortmund Bochum Gelsenkirchen,"51,5068675","7,5330665"
Akademie für Theater und Digitalität,theatre,http://www.theater.digital/,,,Dortmund Bochum Gelsenkirchen,"51,5257825","7,4460513"
Amphitheater Gelsenkirchen,theatre,http://www.amphitheater-gelsenkirchen.de/,,,Dortmund Bochum Gelsenkirchen,"51,5224513","7,0340264"
artscenico,theatre,http://www.artscenico.de/,,,Dortmund Bochum Gelsenkirchen,"51,50962","7,37873"
Aula Am Ostwall,theatre,http://www.dortmunder-musikschule.de/,,,Dortmund Bochum Gelsenkirchen,"51,5110447","7,4714074"
Consol Theater,theatre,http://www.consoltheater.de/,,,Dortmund Bochum Gelsenkirchen,"51,5290688","7,1086731"
Deutsches Forum fur Figurentheater und Puppenspielkunst,theatre,https://www.fidena.de,,,Dortmund Bochum Gelsenkirchen,"51,4422422","7,1921316"
Die Märchenbühne,theatre,http://www.die-maerchenbuehne.de/,,,Dortmund Bochum Gelsenkirchen,"51,493003","7,554415"
Dortmunder Philharmoniker,theatre,https://www.theaterdo.de/philharmoniker/startseite/,,,Dortmund Bochum Gelsenkirchen,"51,5106923","7,4624205"
Figurentheater Kolleg,theatre,http://www.figurentheater-kolleg.de/,,,Dortmund Bochum Gelsenkirchen,"51,4758854","7,3071838"
HalloDu-Theater,theatre,http://www.hallodu-theater.de,,,Dortmund Bochum Gelsenkirchen,"51,5193134","7,2823149"
Haltestelle Musiktheater,theatre,Ingen webbplats,,,Dortmund Bochum Gelsenkirchen,"51,5129807","7,0919984"
Hansa-Theater-Dortmund,theatre,http://www.hansa-theater-hoerde.de/,,,Dortmund Bochum Gelsenkirchen,"51,4869586","7,5020814"
Intuition,theatre,https://www.intuition-improtheater.de/,,,Dortmund Bochum Gelsenkirchen,"51,49461","7,41701"
Junges Schauspielhaus - Melanchthonsaal,theatre,http://www.schauspielhausbochum.de/,,,Dortmund Bochum Gelsenkirchen,"51,469619","7,217363"
Junges Schauspielhaus Bochum,theatre,http://www.theaterrevier.de/,,,Dortmund Bochum Gelsenkirchen,"51,4505771","7,216773"
Kammerspiele,theatre,https://www.schauspielhausbochum.de/de,,,Dortmund Bochum Gelsenkirchen,"51,4718941","7,2173874"
Kinder- und Jugendtheater Dortmund,theatre,http://www.theaterdo.de/,,,Dortmund Bochum Gelsenkirchen,"51,4953425","7,4859006"
Lautesglühen,theatre,Ingen webbplats,,,Dortmund Bochum Gelsenkirchen,"51,4758502","7,2158289"
LiBRETTo,theatre,http://libretto-aplerbeck.de/,,,Dortmund Bochum Gelsenkirchen,"51,4937017","7,5583536"
Maskenball,theatre,http://www.masken-ball.de/,,,Dortmund Bochum Gelsenkirchen,"51,52259","7,03404"
Mellow Magic,theatre,https://mellowmagic.show/,,,Dortmund Bochum Gelsenkirchen,"51,50293","7,45677"
MiR Dance Company Gelsenkirchen,theatre,https://musiktheater-im-revier.de/#!/de/persons/mirdancecompany/,,,Dortmund Bochum Gelsenkirchen,"51,5140553","7,0916364"
MiR.LAB,theatre,http://mirlab.digital/,,,Dortmund Bochum Gelsenkirchen,"51,5102381","7,0949796"
Musiktheater im Revier,theatre,https://musiktheater-im-revier.de/,,,Dortmund Bochum Gelsenkirchen,"51,5138919","7,0913565"
Naturbühne Hohensyburg,theatre,http://www.naturbuehne.de/,,,Dortmund Bochum Gelsenkirchen,"51,421205","7,4958422"
Nix als Theater,theatre,http://www.nix-als-theater.de/,,,Dortmund Bochum Gelsenkirchen,"51,495958","7,505611"
Nostalgisches Puppentheater - Das Dortmunder Figurentheater,theatre,http://www.nostapup.de/,,,Dortmund Bochum Gelsenkirchen,"51,4976444","7,4808315"
Prinz Regent Theater,theatre,http://www.prinzregenttheater.de/,,,Dortmund Bochum Gelsenkirchen,"51,4510694","7,2174745"
Puppenbühne Karfunkelstein,theatre,http://www.karfunkelstein.eu/,,,Dortmund Bochum Gelsenkirchen,"51,47671","7,2313"
ROTO Theater,theatre,http://www.rototheater.de/,,,Dortmund Bochum Gelsenkirchen,"51,5199922","7,4485003"
Rottstr5 Kunsthallen,theatre,http://www.rottstr.de/,,,Dortmund Bochum Gelsenkirchen,"51,478928","7,2132746"
Ruhrhochdeutsch im Spiegelzelt,theatre,http://www.ruhrhochdeutsch.de/,,,Dortmund Bochum Gelsenkirchen,"51,4973296","7,4586493"
Schauspiel Dortmund,theatre,http://schauspiel.theaterdo.de/,,,Dortmund Bochum Gelsenkirchen,"51,5114822","7,4604633"
Schauspielhaus Bochum,theatre,http://www.schauspielhausbochum.de/,,,Dortmund Bochum Gelsenkirchen,"51,4723989","7,2170498"
Spiegelzelt am Dortmunder U,theatre,http://www.ruhrhochdeutsch.info,,,Dortmund Bochum Gelsenkirchen,"51,497523","7,458685"
Starlight Express,theatre,http://www.starlight-express.de,,,Dortmund Bochum Gelsenkirchen,"51,4901641","7,2339001"
Starlight Express - Das rasanteste Musical im Universum,theatre,https://linktr.ee/starlightexpress,,,Dortmund Bochum Gelsenkirchen,"51,4925256","7,2336233"
Suite Magic Theater,theatre,https://www.zaubertheater-bochum.de/,,,Dortmund Bochum Gelsenkirchen,"51,4988","7,26111"
Tanztheater Cordula Nolte,theatre,http://www.tanztheater-cordula-nolte.de/,,,Dortmund Bochum Gelsenkirchen,"51,5126246","7,442221"
Tatort-Dinner,theatre,http://www.tatort-dinner.de/,,,Dortmund Bochum Gelsenkirchen,"51,4774048","7,1211419"
Thealozzi,theatre,http://www.thealozzi.de/,,,Dortmund Bochum Gelsenkirchen,"51,4710813","7,1886388"
Theater Bolawe,theatre,http://www.theater-bolawe.de/,,,Dortmund Bochum Gelsenkirchen,"51,47467","7,30609"
Theater der Gezeiten,theatre,http://www.theater-der-gezeiten.de/,,,Dortmund Bochum Gelsenkirchen,"51,4940758","7,2086673"
Theater Dortmund,theatre,https://www.theaterdo.de/,,,Dortmund Bochum Gelsenkirchen,"51,5109522","7,4615415"
Theater Fletch Bizzel,theatre,http://www.fletch-bizzel.de/,,,Dortmund Bochum Gelsenkirchen,"51,5104891","7,4541234"
Theater im Depot,theatre,http://www.theaterimdepot.de/,,,Dortmund Bochum Gelsenkirchen,"51,5327148","7,4530833"
Theater im Musischen Zentrum,theatre,https://mz-rub.de/theater-veranstaltungen/,,,Dortmund Bochum Gelsenkirchen,"51,44589","7,26046"
Theater Liberi,theatre,http://www.theater-liberi.de/,,,Dortmund Bochum Gelsenkirchen,"51,4715502","7,1710169"
Theater Olpketal,theatre,http://www.theater-olpketal.de/,,,Dortmund Bochum Gelsenkirchen,"51,4611685","7,4672386"
Theater Thespis,theatre,http://www.theater-thespis.de,,,Dortmund Bochum Gelsenkirchen,"51,4318999","7,1782998"
Theater Total,theatre,http://www.theatertotal.de,,,Dortmund Bochum Gelsenkirchen,"51,460593","7,219236"
Theater Traumbaum,theatre,http://www.theater-traumbaum.de/,,,Dortmund Bochum Gelsenkirchen,"51,5191974","7,2822587"
Theater ZAUBERKASTEN,theatre,http://www.zauberkasten.de/,,,Dortmund Bochum Gelsenkirchen,"51,5193555","7,2822716"
Theater48,theatre,http://www.theaterpralinen.de/index.php?id=9,,,Dortmund Bochum Gelsenkirchen,"51,4806471","7,2089813"
Theatergemeinde Gelsenkirchen,theatre,http://www.theatergemeinde-gelsenkirchen.de,,,Dortmund Bochum Gelsenkirchen,"51,5135886","7,0913566"
TheaterTotal,theatre,Ingen webbplats,,,Dortmund Bochum Gelsenkirchen,"51,4587277","7,2245193"
Theaterverein Heiterkeit 1918 e. V,theatre,www.theaterverein-heiterkeit.de,,,Dortmund Bochum Gelsenkirchen,"51,5373695","7,3972334"
Theatervolk - Institut für Theaterpädagogik,theatre,http://www.theatervolk.de/,,,Dortmund Bochum Gelsenkirchen,"51,51578","7,47051"
Transnationales Ensemble Labsa,theatre,http://www.labsa.de/,,,Dortmund Bochum Gelsenkirchen,"51,50957","7,44199"
Trias Theater Ulrich Penquitt,theatre,http://www.triastheater.de/,,,Dortmund Bochum Gelsenkirchen,"51,576376","7,060005"
Varieté et cetera,theatre,http://www.variete-et-cetera.de/,,,Dortmund Bochum Gelsenkirchen,"51,5040896","7,2085275"
Verwischte Tinte,theatre,https://www.verwischte-tinte.de/,,,Dortmund Bochum Gelsenkirchen,"51,5291947","7,445875"
Waldbuhne Hontrop,theatre,http://www.waldbuehne-hoentrop.de,,,Dortmund Bochum Gelsenkirchen,"51,4546388","7,1575189"
ZEITMAULtheater,theatre,http://www.zeitmaul.de/,,,Dortmund Bochum Gelsenkirchen,"51,4854784","7,2108813"
Altin Kösk Dügün Salonu Dortmund,venue_and_event_space,http://www.altinkosk.de/,,,Dortmund Bochum Gelsenkirchen,"51,5407173","7,4478186"
Altin Kösk Evinger Eventhallen Dortmund,venue_and_event_space,http://www.altinkosk.de/,,,Dortmund Bochum Gelsenkirchen,"51,54038185","7,45085178"
BaseStack Dortmund,venue_and_event_space,https://basestack.gg/?utm_source=GoogleBusinessProfile&utm_medium=OrganicGoogle&utm_campaign=GoogleBusinessProfile-Dortmund,,,Dortmund Bochum Gelsenkirchen,"51,5150115","7,466231"
BOND CLUB Wattenscheid e.V. (Vereinssitz),venue_and_event_space,https://bond-club.de/,,,Dortmund Bochum Gelsenkirchen,"51,47946","7,15016"
Christuskirche - Kirche der Kulturen,venue_and_event_space,https://www.christuskirche-bochum.de/,,,Dortmund Bochum Gelsenkirchen,"51,4864344","7,2108688"
Eventkirche Bochum GmbH,venue_and_event_space,https://eventkirche-bochum.de/,,,Dortmund Bochum Gelsenkirchen,"51,4761685","7,1903447"
Hafen Event UG Eventschiff Herr Walter,venue_and_event_space,https://herr-walter.de/,,,Dortmund Bochum Gelsenkirchen,"51,5301142","7,4463327"
Himmel und Erde e.K.,venue_and_event_space,http://www.himmelunderde.de/,,,Dortmund Bochum Gelsenkirchen,"51,4778349","7,2255354"
Lutherhaus - Evangelische Kirchengemeinde Stiepel,venue_and_event_space,http://www.bochum-stiepel.ekvw.de/,,,Dortmund Bochum Gelsenkirchen,"51,4362154","7,2269544"
Once upon a Time - Festival der Jahrmarktkultur und Strassenkunst,venue_and_event_space,http://www.once-festival.de/,,,Dortmund Bochum Gelsenkirchen,"51,5188545","7,332933"
Pianist Alexander Hoell,venue_and_event_space,http://www.pianist-nrw.de/,,,Dortmund Bochum Gelsenkirchen,"51,5094264","7,4566327"
Restaurant Stammhaus Abel,venue_and_event_space,http://www.stammhaus-abel.de/,,,Dortmund Bochum Gelsenkirchen,"51,491591","7,310561"
Roxy Lichtspielhaus,venue_and_event_space,https://www.roxy-lichtspielhaus.de/,,,Dortmund Bochum Gelsenkirchen,"51,524033","7,462626"
Rönesans Bochum,venue_and_event_space,https://www.roenesans.de/,,,Dortmund Bochum Gelsenkirchen,"51,4639911","7,1932545"
SYNDICATE,venue_and_event_space,https://www.syndicate-festival.de/,,,Dortmund Bochum Gelsenkirchen,"51,4958156","7,454272"
Acheronfilm - Digital Video Production,video_film_production,https://acheronfilm.de/,,,Dortmund Bochum Gelsenkirchen,"51,5406687","7,0320102"
Back Light Production Medien- und Filmproduktion,video_film_production,http://www.backlightproduction.de/,,,Dortmund Bochum Gelsenkirchen,"51,4755436","7,5586927"
CHEESE Productions,video_film_production,https://www.cheese-production.de/,,,Dortmund Bochum Gelsenkirchen,"51,5063836","7,4731603"
CHEESE Productions GmbH,video_film_production,https://www.cheese-productions.de/,,,Dortmund Bochum Gelsenkirchen,"51,5093617","7,4744814"
Daniel Hacker Film & Animation,video_film_production,https://www.danielhacker.de/,,,Dortmund Bochum Gelsenkirchen,"51,5040878","7,4560955"
ECOreporter GmbH,video_film_production,https://www.ecoreporter.de/,,,Dortmund Bochum Gelsenkirchen,"51,50006","7,497526"
impulswerk videoagentur,video_film_production,http://www.impuls-werk.de/,,,Dortmund Bochum Gelsenkirchen,"51,4915454","7,4036804"
Pott Cast NRW - Netzwerk für Schauspieler:innen,video_film_production,https://www.pottcast.nrw/,,,Dortmund Bochum Gelsenkirchen,"51,486486","7,230558"
Pott Cast Studio NRW / Film- und Fotostudio,video_film_production,https://www.pottcast-studio.nrw/,,,Dortmund Bochum Gelsenkirchen,"51,486623","7,230365"
UBERMOOD - Filmproduktion,video_film_production,http://ubermood.de/,,,Dortmund Bochum Gelsenkirchen,"51,4906772","7,1002363"
Ay und Gündogdu,video_game_store,,2,,Dortmund Bochum Gelsenkirchen,"51,53675201","7,01639505"
Bochum Ruhrpark,video_game_store,https://www.gamestop.de/,2,,Dortmund Bochum Gelsenkirchen,"51,494904","7,282819"
Dortmund Westenhellweg,video_game_store,https://www.gamestop.de/,2,,Dortmund Bochum Gelsenkirchen,"51,5139595","7,4654949"
GameStop - Bochum,video_game_store,http://www.gamestop.de/,2,,Dortmund Bochum Gelsenkirchen,"51,4724403","7,1201737"
GameStop - Gelsenkirchen,video_game_store,http://www.gamestop.de/,2,,Dortmund Bochum Gelsenkirchen,"51,5093184","7,0966105"
"GameStop - Gelsenkirchen, Buer",video_game_store,http://www.gamestop.de/,2,,Dortmund Bochum Gelsenkirchen,"51,5791123","7,0531795"
GameStop Deutschland,video_game_store,Ingen webbplats,2,,Dortmund Bochum Gelsenkirchen,"51,51422","7,46361"
Kortumhaus,video_game_store,Ingen webbplats,2,,Dortmund Bochum Gelsenkirchen,"51,4809047","7,2178655"
LUGE,video_game_store,http://luge-store.de/,2,,Dortmund Bochum Gelsenkirchen,"51,6109173","7,0524204"
S.C. Spiele UG,video_game_store,Ingen webbplats,2,,Dortmund Bochum Gelsenkirchen,"51,485579","7,14572"
X-media-Games,video_game_store,http://www.mediBuy24.de/,2,,Dortmund Bochum Gelsenkirchen,"51,4882393","7,5549102"
Drone Experts,videographer,http://www.drone-experts.de/,,,Dortmund Bochum Gelsenkirchen,"51,5015135","7,5038579"
neon4 Film & Animation GmbH,videographer,http://www.neon4.de/,,,Dortmund Bochum Gelsenkirchen,"51,5642299","7,1095696"