name,category,website,delete,comments,city,lat,lon
13 ESPACIOarte,art_gallery,http://www.13espacioarte.com/,1,,Sevilla,"37,3678432","−5,9601096"
Alarcon Criado,art_gallery,http://www.alarconcriado.com/,1,,Sevilla,"37,3855665","−6,0046212"
Arquemí,art_gallery,https://arquemi.com/,1,,Sevilla,"37,3932148","−5,99381"
Birimbao Arte Contemporáneo,art_gallery,http://www.birimbao.es/ ,1,,Sevilla,"37,3936697","−5,9910755"
Delimbo,art_gallery,http://delimbo.com/,1,,Sevilla,"37,3914623","−5,9910168"
Di Gallery,art_gallery,https://diartgallery.com/,1,,Sevilla,"37,3927465","−5,9848826"
DOMO. Galería de arte contemporáneo.,art_gallery,http://www.domoartecontemporaneo.com/,1,,Sevilla,"37,3888058","−5,9898817"
Espacio Mondo,art_gallery,http://www.mondoespacio.com/,1,,Sevilla,"37,4023296","−5,9910886"
Galeria Haurie,art_gallery,http://www.galeriahaurie.com/,1,,Sevilla,"37,3873672","−5,9906035"
Galería Rafael Ortiz,art_gallery,https://www.galeriarafaelortiz.com/,1,,Sevilla,"37,3885043","−5,9896591"
Galeria Zunino,art_gallery,https://www.galeriazunino.com/,1,,Sevilla,"37,3897898","−5,9916696"
La Figurativa. espacio para el arte.,art_gallery,Ingen webbplats,1,,Sevilla,"37,3981589","−5,9992921"
La Galería Roja,art_gallery,http://www.lagaleriaroja.com/,1,,Sevilla,"37,400998","−5,993082"
Roldan Galeria de Arte,art_gallery,Ingen webbplats,1,,Sevilla,"37,39383","−5,997821"
Sala Patricio - Howden Art,art_gallery,https://bit.ly/2WsY072,1,,Sevilla,"37,36417","−5,98502"
Sorolla Art Gallery,art_gallery,https://www.sorolla.com/,1,,Sevilla,"37,39076","−5,9994069"
Studio Hache,art_gallery,Ingen webbplats,1,,Sevilla,"37,3828739","−5,9860151"
Taller de Orfebrería Marmolejo,art_gallery,http://www.orfebreriamarmolejo.es/,1,,Sevilla,"37,3912312","−5,9998429"
Taller del Pasaje,art_gallery,http://www.tallerdelpasaje.blogspot.com,1,,Sevilla,"37,39721","−5,9856879"
Tallista Antonio Jesús Morillo López,art_gallery,http://www.tallistaenmadera.com/,1,,Sevilla,"37,4261572","−5,9724864"
The RedCat Gallery,art_gallery,http://www.theredcatgallery.com/,1,,Sevilla,"37,3961701","−5,9837399"
Two Birds,art_gallery,Ingen webbplats,1,,Sevilla,"37,394304","−5,9903912"
Untagged ART,art_gallery,http://www.untaggedart.com/,1,,Sevilla,"37,3887934","−5,9899306"
CaixaForum Sevilla,art_museum,http://www.obrasociallacaixa.org/es/cultura/caixaforum-sevilla,1,,Sevilla,"37,3936469","−6,0093985"
Casa de Pilatos,art_museum,http://www.fundacionmedinaceli.org/monumentos/pilatos/,1,,Sevilla,"37,3899639","−5,9871935"
House Fabiola Mariano Bellver,art_museum,http://bit.ly/coleccionbellver,1,,Sevilla,"37,387175","−5,9893102"
Palacio de Lebrija,art_museum,http://www.palaciodelebrija.com,1,,Sevilla,"37,39223","−5,99362"
Visita Palacio Dueñas,art_museum,http://www.palacioduenas.es/,1,,Sevilla,"37,39476","−5,98959"
CYRTA,art_restoration,http://www.cyrtatextil.es/,1,,Sevilla,"37,4262945","−5,974019"
Musae Restauración de Arte S.L.,art_restoration,http://www.musaearteyrestauracion.com/,1,,Sevilla,"37,38716","−5,95411"
Pedro Manzano,art_restoration,http://www.pedromanzano.es/,1,,Sevilla,"37,3842785","−6,0015791"
Rufino Iglesias - Conservación y Restauración de Bienes Culturales,art_restoration,http://www.rufinoiglesias.es/,1,,Sevilla,"37,3900416","−5,9937437"
CEI Escuela de Diseño,art_school,Ingen webbplats,1,,Sevilla,"37,38042","−5,97373"
Clases de Dibujo y Pintura. Nuria Postigo.,art_school,http://www.clasespinturasevilla.com/,1,,Sevilla,"37,3841149","−5,985303"
Cráneo Creación,art_school,http://craneocreacion.es/,1,,Sevilla,"37,3975724","−5,9845155"
"CREA 13. Clases de Dibujo, Pintura y Modelos del Natural. Sevilla",art_school,http://crea13dibujopinturasevilla.blogspot.com.es/,1,,Sevilla,"37,39247","−5,985142"
Escuela de Pintura Grupo Veladura,art_school,http://www.grupoveladura.com/,1,,Sevilla,"37,4032837","−5,991028"
Escuela Superior de Arte Dramático de Sevilla,art_school,https://www.esadsevilla.org/,1,,Sevilla,"37,3965064","−6,0000136"
Espacio Creativo Nervión,art_school,Ingen webbplats,1,,Sevilla,"37,3810737","−5,9677099"
Estudio Quiles,art_school,http://www.instagram.com/estudioquiles,1,,Sevilla,"37,3989548","−5,9742604"
Lapislázuli Estudio,art_school,Ingen webbplats,1,,Sevilla,"37,3939308","−5,9847262"
Real Academia de Bellas Artes de Santa Isabel de Hungria,art_school,http://www.realacademiabellasartessevilla.com,1,,Sevilla,"37,3875643","−5,9911415"
Trazos Dibujo Pintura,art_school,https://www.instagram.com/trazosdibujoypintura/?hl=es,1,,Sevilla,"37,4027541","−5,9738428"
V-ART Escuela de Animación 3D y Audiovisual,art_school,http://www.v-art.es/,1,,Sevilla,"37,3628471","−5,9855297"
Abanicos AireArte,arts_and_crafts,http://abanicosairearte.es/,1,,Sevilla,"37,3886851","−5,9926632"
Antigua Cerería del Salvador,arts_and_crafts,http://www.cereriadelsalvador.es/,1,,Sevilla,"37,3895813","−5,9933548"
Arte Restaura Patchwork,arts_and_crafts,http://tupatchwork.com/,1,,Sevilla,"37,3783644","−5,9691156"
Artesanía textil,arts_and_crafts,http://www.artesania-textil.com/,1,,Sevilla,"37,3863607","−5,9954855"
Artesania Duquel,arts_and_crafts,http://www.artesaniaduquel.com/,1,,Sevilla,"37,3693986","−5,9406898"
Artesanía Salcedo,arts_and_crafts,Ingen webbplats,1,,Sevilla,"37,38086","−6,00003"
Ceramica Artistica Marisa Carmona,arts_and_crafts,https://artepureza.com/,1,,Sevilla,"37,38348","−6,00073"
Ceramica Nazaret,arts_and_crafts,Ingen webbplats,1,,Sevilla,"37,3962288","−5,9912619"
Cerámica Triana,arts_and_crafts,http://www.ceramicatriana.com/,1,,Sevilla,"37,3855926","−6,0046166"
Ceramicas Sevilla 1952 . Taller Cerámica Artística Sevillana,arts_and_crafts,http://www.ceramicassevilla.com/,1,,Sevilla,"37,3895013","−5,9941892"
Closmosis,arts_and_crafts,https://closmosis.com/,1,,Sevilla,"37,388969","−6,0092313"
devanalana,arts_and_crafts,https://www.devanalana.com/,1,,Sevilla,"37,3905882","−5,9933853"
El buhito artesanal,arts_and_crafts,Ingen webbplats,1,,Sevilla,"37,3993123","−5,9422569"
EntreArte Enmarcaciones,arts_and_crafts,http://www.entrearte.es/,1,,Sevilla,"37,3905101","−5,993424"
Fusión Hecha a Mano,arts_and_crafts,http://fusionhm.es/,1,,Sevilla,"37,3854166","−6,0052199"
Jesus Maria Dominguez Machuca,arts_and_crafts,http://www.orfebreriadominguez.com/,1,,Sevilla,"37,4021061","−5,9961356"
Juncia y Romero,arts_and_crafts,http://www.junciayromero.com/,1,,Sevilla,"37,3892324","−5,9924932"
"Las Moradas, artesanía Andalusí",arts_and_crafts,http://lasmoradas-sevilla.blogspot.com.es/,1,,Sevilla,"37,3850479","−5,9907831"
Margaret de Arcos,arts_and_crafts,Ingen webbplats,1,,Sevilla,"37,3962936","−6,0008106"
Orfebreria Hijo de Juan Fernandez,arts_and_crafts,http://artecofrade.com/orfebreriahijodejuanfernandez,1,,Sevilla,"37,39851","−5,996821"
Porcelana y Plata,arts_and_crafts,Ingen webbplats,1,,Sevilla,"37,3901588","−5,992359"
Sevillarte. Ceramicas Sevilla 1952,arts_and_crafts,http://www.sevillarte.com/,1,,Sevilla,"37,3848895","−5,9901998"
Taller de Restauración JM Cosano,arts_and_crafts,http://www.cosanorestauracion.com/,1,,Sevilla,"37,3833157","−6,0024108"
Tejemadeja_sevilla,arts_and_crafts,http://www.tejemadeja.com/,1,,Sevilla,"37,3937802","−5,9808885"
The Sewing Box Magazine,arts_and_crafts,http://www.thesewingboxmag.com/,1,,Sevilla,"37,37822","−6,00167"
Tricotela,arts_and_crafts,Ingen webbplats,1,,Sevilla,"37,3939001","−5,9916392"
Ural Estudio,arts_and_crafts,http://www.uralestudio.com/,1,,Sevilla,"37,3989662","−5,969767"
Academia de pintura - Loreto Docsión,arts_and_entertainment,Ingen webbplats,1,,Sevilla,"37,40011","−5,94076"
Academia Rdoble Flamenco,arts_and_entertainment,https://twitter.com/rdobleflamenco,1,,Sevilla,"37,3778251","−5,9546332"
Acontracorriente Teatro,arts_and_entertainment,https://acontracorrienteteatro.wordpress.com/,1,,Sevilla,"37,37598","−5,96009"
Andalucia Wrestling,arts_and_entertainment,https://allmylinks.com/andaluciawrestling,1,,Sevilla,"37,3786844","−5,9247165"
"Área Cromática, Createca  Espacio de Educación Artística y Creativa",arts_and_entertainment,http://www.createca.es/,1,,Sevilla,"37,3973164","−5,9840785"
ARTE Y Artesania Novoartte,arts_and_entertainment,http://www.novoartte.com/,1,,Sevilla,"37,39206","−5,98802"
Artesitio,arts_and_entertainment,http://thewall.anaolias.com/,1,,Sevilla,"37,3911524","−5,991792"
Asociación El Dirigible,arts_and_entertainment,http://app.eldirigible.es/,1,,Sevilla,"37,4023121","−5,9755974"
Asociacion Espacio Darsena,arts_and_entertainment,Ingen webbplats,1,,Sevilla,"37,3948825","−6,0018055"
Aula Especial de Música San Francisco de Paula,arts_and_entertainment,http://colegiosfpaula.com/actividades-extraescolares/arte-y-cultura/aula-de-musica/,1,,Sevilla,"37,39336","−5,99043"
Calle 32,arts_and_entertainment,http://www.calle32.es/,1,,Sevilla,"37,393226","−5,956351"
Casa De Artesanos,arts_and_entertainment,http://www.dominguezguitars.com/,1,,Sevilla,"37,3844601","−6,0052337"
Centro Arte Acción Directa,arts_and_entertainment,Ingen webbplats,1,,Sevilla,"37,40155","−5,97786"
Centro De Danza Sara Lopez,arts_and_entertainment,Ingen webbplats,1,,Sevilla,"37,4228783","−5,96736"
Con las manitas,arts_and_entertainment,https://www.conlasmanitas.es/,1,,Sevilla,"37,4115634","−5,986616"
Coro de Campanilleros/ Rociero Ntra Sra del Aguila,arts_and_entertainment,Ingen webbplats,1,,Sevilla,"37,3754954","−5,9316664"
Dorador Enrique Castellanos Luque,arts_and_entertainment,http://www.enriquecastellanos.com/,1,,Sevilla,"37,398673","−5,999659"
El  ContraGuía - Rutas Cofrades,arts_and_entertainment,http://www.rutascofrades.com/,1,,Sevilla,"37,4004288","−5,9216464"
Escuela integral de artes escénicas de Sevilla,arts_and_entertainment,Ingen webbplats,1,,Sevilla,"37,40353","−5,9788"
Estudio96,arts_and_entertainment,http://www.estudio96.es/,1,,Sevilla,"37,3826475","−5,9621464"
Flamenco Agency,arts_and_entertainment,https://www.flamencoagency.com/,1,,Sevilla,"37,3859289","−5,9845123"
Fundacion Cristina Heeren,arts_and_entertainment,http://www.flamencoheeren.com,1,,Sevilla,"37,3729371","−5,968104"
Gestora de Nuevos Proyectos Culturales,arts_and_entertainment,http://www.gestoradenuevosproyectos.com/,1,,Sevilla,"37,3902168","−5,9996393"
Inventario - espacio de invención y creación,arts_and_entertainment,Ingen webbplats,1,,Sevilla,"37,3983367","−5,9821236"
IshowU Sevilla,arts_and_entertainment,https://www.ishowusevilla.com/,1,,Sevilla,"37,39142","−6,00101"
La Imprenta Asociación Cultural,arts_and_entertainment,Ingen webbplats,1,,Sevilla,"37,397907","−5,990642"
La Maestranza De Sevilla,arts_and_entertainment,Ingen webbplats,1,,Sevilla,"37,3899137","−5,9747234"
La Teatral,arts_and_entertainment,http://www.teatralentradas.com/,1,,Sevilla,"37,3912801","−5,9954636"
Laboratorio de Interpretación de Sevilla,arts_and_entertainment,http://www.laboratoriointerpretacion.es/,1,,Sevilla,"37,3984185","−5,9854103"
LaSUITE,arts_and_entertainment,http://www.enlasuite.com/,1,,Sevilla,"37,39935","−5,98986"
LAtelier_Lucia,arts_and_entertainment,Ingen webbplats,1,,Sevilla,"37,37153","−5,9804199"
M2playstudios,arts_and_entertainment,http://www.m2playstudios.com/,1,,Sevilla,"37,3930412","−5,9561854"
Mundo Cofrade,arts_and_entertainment,http://www.mundocofrade.com/,1,,Sevilla,"37,39467","−5,9958869"
Orfebrería Andaluza,arts_and_entertainment,http://www.orfebreriaandaluza.com/,1,,Sevilla,"37,4240966","−5,979686"
Oviedo Escultor,arts_and_entertainment,https://paa.ge/oviedoescultor,1,,Sevilla,"37,39749","−5,99204"
Papeles de barro - Taller de Arte en Sevilla,arts_and_entertainment,Ingen webbplats,1,,Sevilla,"37,37569","−5,99633"
Papeles de Seda - taller de arte,arts_and_entertainment,http://www.papelesdeseda.com/,1,,Sevilla,"37,3892475","−5,981522"
Peandpe Arts,arts_and_entertainment,http://www.peandpearts.com/,1,,Sevilla,"37,384","−5,98887"
Peña Flamenca Jumoza 3,arts_and_entertainment,Ingen webbplats,1,,Sevilla,"37,4109001","−5,9282298"
Peña Flamenca La Fragua Bellavista,arts_and_entertainment,Ingen webbplats,1,,Sevilla,"37,3244046","−5,9701521"
Pop CAAC Nocturama,arts_and_entertainment,Ingen webbplats,1,,Sevilla,"37,3987788","−6,008359"
Real Orquesta Sinfónica de Sevilla,arts_and_entertainment,http://www.rossevilla.es/,1,,Sevilla,"37,3844682","−5,9961225"
Restaurus,arts_and_entertainment,http://www.restaurus.com/,1,,Sevilla,"37,3742321","−5,9954138"
Sala Embrujo Flamenco,arts_and_entertainment,Ingen webbplats,1,,Sevilla,"37,3849896","−5,9840899"
Studio Flamenco Jose Galvan,arts_and_entertainment,https://www.studio-flamenco-jose-galvan.com/,1,,Sevilla,"37,395819","−5,9780602"
Sublimatattoosydiscos,arts_and_entertainment,http://www.sublimatattoosydiscos.com/,1,,Sevilla,"37,3957689","−5,9915335"
Tablao Flamenco Andalusí Sevilla,arts_and_entertainment,http://www.tablaoflamencoandalusi.com/,1,,Sevilla,"37,3872788","−5,9991701"
Taller El Gremio,arts_and_entertainment,http://tierradelmonje.blogspot.com/,1,,Sevilla,"37,3975789","−5,9845"
Tramallol,arts_and_entertainment,http://www.tramallol.cc/,1,,Sevilla,"37,3978567","−5,9853156"
Parque del Alamillo,attractions_and_activities,http://www.parquedelalamillo.org/,1,,Sevilla,"37,4173","−5,99723"
Laberinto ART LAB,auditorium,Ingen webbplats,1,,Sevilla,"37,3963383","−5,9886362"
Orfebrería Hermanos Fernández,blacksmiths,http://www.hermanosfernandez.artecofrade.com/,1,,Sevilla,"37,40997","−5,95534"
Artes Gráficas Acapulco,bookstore,Ingen webbplats,1,,Sevilla,"37,39939","−5,94098"
BABIDI-BÚ,bookstore,http://www.babidibulibros.com/,1,,Sevilla,"37,380373","−5,9734529"
Baobab Aprender Jugando,bookstore,https://www.baobablibros.es/,1,,Sevilla,"37,3750398","−5,9975954"
Baobab Aprender Jugando,bookstore,https://www.baobablibros.es/,1,,Sevilla,"37,3927428","−5,9807262"
Casa Tomada,bookstore,http://casatomada.es/,1,,Sevilla,"37,3926946","−5,9849424"
Crisol,bookstore,https://www.libreriacrisol.es/,1,,Sevilla,"37,3721989","−5,9576496"
Distribuciones JL Rivero,bookstore,http://www.distribucionesrivero.es/,1,,Sevilla,"37,4020536","−5,9909625"
Doble F. Papelería & Artículos de regalo.,bookstore,Ingen webbplats,1,,Sevilla,"37,3759126","−5,9400657"
Don Reciclon,bookstore,Ingen webbplats,1,,Sevilla,"37,4119623","−5,9765261"
Edición Limitada,bookstore,http://edlimitada.com/,1,,Sevilla,"37,389757","−5,9834949"
El Cuartito - Librería y Juguetería,bookstore,http://www.elcuartitolibreriajugueteria.es/,1,,Sevilla,"37,3716467","−5,9811355"
El ERIZO DE PAPEL,bookstore,http://www.elerizodepapel.com/,1,,Sevilla,"37,3752594","−5,9746225"
El Molino De Cienta,bookstore,http://www.elmolinodecienta.es/,1,,Sevilla,"37,4033616","−5,9212648"
El Oso y su Libro,bookstore,http://www.elosoysulibro.com/,1,,Sevilla,"37,3474532","−5,9794658"
ExLibris Creativos,bookstore,https://exlibriscreativos.es/,1,,Sevilla,"37,3856076","−6,0128749"
Fabulando,bookstore,http://www.fabulandosevilla.com/,1,,Sevilla,"37,378555","−6,0057834"
Galiano Papelería-Copistería-Diseño Gráfico,bookstore,Ingen webbplats,1,,Sevilla,"37,4103656","−5,9224491"
Impresionarte,bookstore,http://www.impresionarteweb.com/,1,,Sevilla,"37,3971169","−5,9824399"
Instituto Tipográfico del Mediodía,bookstore,Ingen webbplats,1,,Sevilla,"37,3948715","−5,9951341"
Kiosco El Surtido,bookstore,Ingen webbplats,1,,Sevilla,"37,3546233","−5,9781976"
La Fuga librerias,bookstore,http://www.lafugalibrerias.es,1,,Sevilla,"37,3970484","−5,9931023"
La Gatita Lulú,bookstore,http://www.lagatitalulu.com/,1,,Sevilla,"37,3718423","−5,9802777"
La Libélula,bookstore,Ingen webbplats,1,,Sevilla,"37,3837331","−5,9039669"
La Librería Ambulante,bookstore,http://www.lalibreriaambulante.es/,1,,Sevilla,"37,3784162","−5,9773327"
La Librería Sevilla Este,bookstore,Ingen webbplats,1,,Sevilla,"37,4027311","−5,9270555"
Librería - Papelería El Lápiz,bookstore,https://www.libreriacrisol.es/,1,,Sevilla,"37,4202702","−5,9685059"
Librería Anticuaria los Terceros,bookstore,http://www.librerialosterceros.com,1,,Sevilla,"37,3935671","−5,9881072"
Librería Antonio Castro,bookstore,http://www.castrolibros.es,1,,Sevilla,"37,3939041","−5,9878574"
Librería Baena,bookstore,http://www.libreriabaena.es,1,,Sevilla,"37,3971275","−5,9911453"
Librería Boteros,bookstore,https://www.instagram.com/libreria_boteros/,1,,Sevilla,"37,3906387","−5,9901731"
Librería Botica de Lectores,bookstore,https://www.libreriaboticadelectores.es/,1,,Sevilla,"37,3782254","−5,9976228"
Libreria Cefiro,bookstore,http://www.cefiro-libros.com/,1,,Sevilla,"37,39382","−5,99778"
Libreria Delfos,bookstore,http://delfos-sevilla-es.placestars.com,1,,Sevilla,"37,3886941","−5,9831502"
Librería El AlmaZen del Alquimista,bookstore,https://www.elalmazendelalquimista.com/,1,,Sevilla,"37,3892634","−5,9911329"
Libreria el Giraldillo,bookstore,http://www.elgiraldillo.net,1,,Sevilla,"37,38228","−5,99236"
Librería Entre Líneas,bookstore,http://www.libreriaentrelineas.es,1,,Sevilla,"37,3818967","−6,0042084"
Libreria Interotero - Luzama Libros,bookstore,http://www.interotero.com/,1,,Sevilla,"37,4078763","−5,988773"
Librería Jurídica Hispalex,bookstore,http://www.hispalex.com/,1,,Sevilla,"37,3822581","−5,9870287"
Librería Las Dalias,bookstore,Ingen webbplats,1,,Sevilla,"37,404152","−5,9654358"
Librería Palas,bookstore,http://www.libreriapalas.es/,1,,Sevilla,"37,3751078","−5,9973887"
Librería Papelería Falla,bookstore,http://www.libreriafalla.es/,1,,Sevilla,"37,3735808","−5,9591239"
Librería Papelería Flor de Salvia,bookstore,Ingen webbplats,1,,Sevilla,"37,3943244","−5,9209067"
Librería Papelería Grafito,bookstore,Ingen webbplats,1,,Sevilla,"37,3815896","−5,96195"
Libreria Papeleria JULY,bookstore,Ingen webbplats,1,,Sevilla,"37,4232066","−5,9856815"
Librería Papelería PETRUS,bookstore,https://libreriapetrus.com/,1,,Sevilla,"37,3942556","−5,9604491"
Librería Papelería Virgen de los Reyes,bookstore,http://www.lanetro.com/librerias-sevilla-sevilla-triana-triana-este/libreria-virgen-de-los-reyes-299228,1,,Sevilla,"37,3783091","−6,0072857"
Librería Quilombo,bookstore,http://quilombo-libros.com/,1,,Sevilla,"37,3978757","−5,9842824"
Librería Rayuela,bookstore,http://www.rayuelainfancia.com,1,,Sevilla,"37,388031","−5,995461"
Libreria Reguera,bookstore,http://reguera.placestars.com,1,,Sevilla,"37,3929213","−5,9886752"
Libreria Rivera,bookstore,Ingen webbplats,1,,Sevilla,"37,3740002","−5,9542444"
Libreria San Pablo,bookstore,http://www.sanpablo.es,1,,Sevilla,"37,390719","−5,994536"
Librería Sur,bookstore,Ingen webbplats,1,,Sevilla,"37,3655525","−5,970575"
Libreria Tagore,bookstore,Ingen webbplats,1,,Sevilla,"37,4119177","−5,9269634"
Libreria Tagore,bookstore,http://www.libreriatagore.es/,1,,Sevilla,"37,4093602","−5,9240156"
Libreria Torres Quevedo,bookstore,Ingen webbplats,1,,Sevilla,"37,3837334","−5,9039851"
Libreria Triana,bookstore,Ingen webbplats,1,,Sevilla,"37,3801184","−6,007643"
Librería-Papelería NovoGeminis,bookstore,http://www.novogeminis.com/,1,,Sevilla,"37,3767876","−5,9814253"
Libros con Vidas,bookstore,https://librosconvidas.com/,1,,Sevilla,"37,4185693","−5,9855137"
Minerva Universidad,bookstore,Ingen webbplats,1,,Sevilla,"37,379321","−5,982566"
Padilla Libros Editorial y Librería,bookstore,http://www.padillalibros.com,1,,Sevilla,"37,3949354","−5,9951073"
Papelería  Librería Lemos - Miguel,bookstore,Ingen webbplats,1,,Sevilla,"37,4026799","−5,9185"
Papelería & Librería Sendero de Vida,bookstore,Ingen webbplats,1,,Sevilla,"37,3817489","−5,9602525"
Papeleria Abril,bookstore,Ingen webbplats,1,,Sevilla,"37,409051","−5,9786172"
Papeleria Aleste,bookstore,Ingen webbplats,1,,Sevilla,"37,4003572","−5,927566"
Papelería ALMA,bookstore,Ingen webbplats,1,,Sevilla,"37,4066961","−5,9711602"
Papelería Carmen,bookstore,Ingen webbplats,1,,Sevilla,"37,3988461","−5,9242935"
Papeleria Domingo de Caso,bookstore,Ingen webbplats,1,,Sevilla,"37,39031","−5,99329"
Papeleria DyA,bookstore,https://instagram.com/dyapapeleria?igshid=1govvpjuv5e5x,1,,Sevilla,"37,4221168","−5,9714109"
Papelería El Principito,bookstore,Ingen webbplats,1,,Sevilla,"37,413428","−5,9741295"
PapelerIA Ilusiones Con Papel,bookstore,Ingen webbplats,1,,Sevilla,"37,37311","−5,9480275"
Papeleria La Plaza,bookstore,Ingen webbplats,1,,Sevilla,"37,422642","−5,9643196"
Papeleria Libreria LOAN,bookstore,Ingen webbplats,1,,Sevilla,"37,3699159","−5,9539704"
Papelería Librería Mary,bookstore,Ingen webbplats,1,,Sevilla,"37,3841671","−5,9634032"
Papeleria Martín,bookstore,http://papeleriamartin.jimdo.com/,1,,Sevilla,"37,3745241","−5,9724037"
Papeleria Papel Couché,bookstore,Ingen webbplats,1,,Sevilla,"37,4274766","−5,9687211"
Papelería Román,bookstore,Ingen webbplats,1,,Sevilla,"37,3723744","−6,0000143"
Papeleria RUIZ,bookstore,http://www.papeleriaruiz.com,1,,Sevilla,"37,3822466","−5,9644373"
Papellon,bookstore,http://www.libreriapapellon.es/,1,,Sevilla,"37,4034","−5,97947"
Prensa y Revistas JAVI,bookstore,https://www.prensayrevistasjavi.es/,1,,Sevilla,"37,3832002","−6,0099972"
"Quercus Libreria, S.L.",bookstore,http://www.quercuslibreria.com/,1,,Sevilla,"37,3728186","−5,9835243"
Rayuelainfancia,bookstore,http://www.rayuelainfancia.com,1,,Sevilla,"37,3919301","−5,9911244"
ReRead Librería Lowcost Sevilla Tarifa3,bookstore,http://www.re-read.com/,1,,Sevilla,"37,3933125","−5,994818"
Sensei Cómics,bookstore,http://www.senseicomics.com/,1,,Sevilla,"37,39378","−5,99471"
Sor Ángela,bookstore,Ingen webbplats,1,,Sevilla,"37,3929786","−5,9905243"
TIFERET,bookstore,http://www.whakoom.com/tiferet,1,,Sevilla,"37,4058813","−5,9318835"
Veracruz.Libros y Papel,bookstore,https://veracruzlibrosypapel.es/,1,,Sevilla,"37,3946297","−5,9983767"
Escolanía Domus Carmina,choir,Ingen webbplats,1,,Sevilla,"37,3965557","−5,9984703"
Alcampo Multicines,cinema,http://www.cineciudad.com,1,,Sevilla,"37,372399","−5,965828"
Cine Avenida VO,cinema,https://cineciudad.com/,1,,Sevilla,"37,3923581","−6,0018093"
Cine Cervantes,cinema,http://www.cineciudad.com,1,,Sevilla,"37,3956024","−5,9944608"
Cines Nervión Plaza,cinema,http://www.cinesur.com,1,,Sevilla,"37,384203","−5,972217"
Cines Yelmo,cinema,Ingen webbplats,1,,Sevilla,"37,3415062","−5,9865538"
CINESA Plaza de Armas,cinema,http://www.cinesa.es,1,,Sevilla,"37,39175","−6,002591"
Los Arcos,cinema,https://www.cclosarcos.com/,1,,Sevilla,"37,3878088","−5,9613386"
Escuela Handstand-Up,circus,http://www.escuelahandstandup.com/,1,,Sevilla,"37,38085","−5,96065"
Arigatô Sevilla,comic_books_store,http://arigatosevilla.net/,1,,Sevilla,"37,393999","−5,993319"
Banana Cómics,comic_books_store,http://www.bananacomics.es/,1,,Sevilla,"37,386186","−6,0042525"
Fuji comic sevilla,comic_books_store,http://fujicomicsevilla.negocio.site/,1,,Sevilla,"37,3934252","−5,9838169"
Librería Cards Cómics,comic_books_store,https://twitter.com/CardsComic,1,,Sevilla,"37,3910035","−5,9900839"
Nebula,comic_books_store,https://twitter.com/Nebula_Space,1,,Sevilla,"37,3851","−5,97453"
Nostromo Sevilla,comic_books_store,https://www.nostromocomics.com/,1,,Sevilla,"37,3892634","−5,9973252"
Raccoon Games,comic_books_store,http://www.raccoongames.es/,1,,Sevilla,"37,387427","−5,9682093"
The Neverending Store,comic_books_store,Ingen webbplats,1,,Sevilla,"37,3709167","−5,958028"
Armonia  Espacio de Encuentro Creativo,community_center,Ingen webbplats,1,,Sevilla,"37,4189224","−5,9859042"
Unión de Consumidores de Sevilla,community_center,https://www.uniondeconsumidoresdesevilla.org/,1,,Sevilla,"37,3996003","−5,9838371"
Acciónenred Sevilla,community_services_non_profits,http://www.accionenred-andalucia.org/,1,,Sevilla,"37,3983044","−5,9999936"
ACCU Sevilla - Asociación de Enfermos de Crohn y Colitis Ulcerosa,community_services_non_profits,http://www.accudesevilla.org/,1,,Sevilla,"37,3777227","−5,9736466"
ADF Asociación para la Diversidad Funcional,community_services_non_profits,http://www.diversigualdad.es/,1,,Sevilla,"37,4060021","−5,9348765"
Adhara ONG,community_services_non_profits,http://www.adharasevilla.org/,1,,Sevilla,"37,3875466","−5,9798034"
Aes Candelaria,community_services_non_profits,http://www.aescandelaria.org/,1,,Sevilla,"37,3827041","−5,956854"
Agrupación Fotográfica Contraste Variable - Sevilla,community_services_non_profits,https://contrastevariable.com/,1,,Sevilla,"37,4110208","−5,9715132"
AISGE Andalucía,community_services_non_profits,http://www.aisge.es/,1,,Sevilla,"37,4025087","−5,9927441"
Alcer Giralda,community_services_non_profits,http://www.alcergiralda.org/,1,,Sevilla,"37,3870626","−5,9803988"
Amigos del Camino de Santiago de Sevilla «Vía de la Plata»,community_services_non_profits,http://www.viaplata.org/,1,,Sevilla,"37,3880645","−6,0065721"
Andalucía Inclusiva,community_services_non_profits,http://www.andaluciainclusiva.es/,1,,Sevilla,"37,40587","−5,93157"
Andex,community_services_non_profits,http://www.andexcancer.es/,1,,Sevilla,"37,3592292","−5,9763096"
Apdha Sevilla,community_services_non_profits,http://www.apdha.org/sevilla/,1,,Sevilla,"37,38633","−5,97879"
Apice Epilepsia,community_services_non_profits,http://www.apiceepilepsia.org/,1,,Sevilla,"37,4258348","−5,9655107"
Asaenes Salud Mental Sevilla,community_services_non_profits,http://www.asaenes.org/,1,,Sevilla,"37,3780483","−5,9702194"
Asamblea de Cooperación por la Paz - Andalucía,community_services_non_profits,http://www.acpp.com/,1,,Sevilla,"37,3678906","−5,9556386"
ASCENA,community_services_non_profits,https://ascenateatrosevilla.es/,1,,Sevilla,"37,403529","−5,9787916"
ASDE Scouts de Andalucía,community_services_non_profits,http://www.scoutsdeandalucia.org/,1,,Sevilla,"37,426527","−5,97607"
Asepar Sevilla,community_services_non_profits,https://linktr.ee/asepar,1,,Sevilla,"37,4271322","−5,9768075"
Asociación ACCAM,community_services_non_profits,https://www.asociacionaccam.org/,1,,Sevilla,"37,3876722","−5,9704405"
Asociación ADE   Avance Desarrollo y Empleo,community_services_non_profits,http://www.asociacionade.es/,1,,Sevilla,"37,3832918","−5,9025666"
Asociación ALEF Sevilla,community_services_non_profits,https://alefsevilla.org/,1,,Sevilla,"37,3864528","−6,0078783"
Asociación Alzheimer Santa Elena,community_services_non_profits,http://www.alzheimersevilla.com/,1,,Sevilla,"37,4040108","−5,9842344"
Asociación Andaluza de Fibrosis Quística,community_services_non_profits,http://www.fqandalucia.org/,1,,Sevilla,"37,3603968","−5,9789486"
Asociación Andaluza de Hemofilia - Asanhemo,community_services_non_profits,http://www.asoandaluzahemofilia.org/,1,,Sevilla,"37,3609416","−5,9771389"
Asociación ASPAD,community_services_non_profits,http://www.aaspad.org/,1,,Sevilla,"37,3965487","−5,9587495"
Asociación Centro Pasos,community_services_non_profits,http://www.centropasos.com/,1,,Sevilla,"37,4189452","−5,9858737"
Asociación CIMA,community_services_non_profits,http://www.asociacioncima.org/,1,,Sevilla,"37,37821","−5,9544499"
Asociación Colibrí,community_services_non_profits,https://www.asociacioncolibri.org/,1,,Sevilla,"37,3825467","−5,9677863"
Asociacion Corazon y Vida,community_services_non_profits,https://www.corazonyvida.org/,1,,Sevilla,"37,3611548","−5,9772544"
Asociación cultural D'Arte Tardón,community_services_non_profits,Ingen webbplats,1,,Sevilla,"37,3764785","−6,0118943"
Asociación Cultural Mujeres de Bellavista,community_services_non_profits,https://asociacionmujeresb8.wixsite.com/my-site,1,,Sevilla,"37,3230534","−5,9664456"
Asociación de Amigos de la OBS,community_services_non_profits,http://www.amigosobs.com/,1,,Sevilla,"37,39837","−5,9943"
Asociación de diabéticos de Sevilla-ADIASEV,community_services_non_profits,http://adiasev.com/,1,,Sevilla,"37,4013277","−5,9824716"
Asociación de Magos Sevillanos Círculo Mágico,community_services_non_profits,https://linktr.ee/amscirculomagico,1,,Sevilla,"37,3772","−5,98694"
Asociación de Mujeres Parque Amate,community_services_non_profits,https://amigosdelparqueamate.blogspot.com/,1,,Sevilla,"37,3861034","−5,950223"
Asociación Desal,community_services_non_profits,http://www.asociaciondesal.org/,1,,Sevilla,"37,3827209","−5,95682"
Asociación Empresarial de Hostelería de Sevilla y Provincia,community_services_non_profits,http://www.hosteleriasevilla.es/,1,,Sevilla,"37,3896669","−5,9914617"
Asociación Española Contra el Cáncer Sevilla,community_services_non_profits,https://www.contraelcancer.es/es,1,,Sevilla,"37,3901832","−6,0014309"
Asociación Española para los efectos del tratamiento del cáncer - AEetc,community_services_non_profits,http://www.asociacionetc.org/,1,,Sevilla,"37,3999021","−5,9972599"
Asociación Familiar La Oliva,community_services_non_profits,http://www.aflaoliva.es/,1,,Sevilla,"37,3671131","−5,9687626"
Asociación Juvenil Sandenel,community_services_non_profits,http://auxiliadoranervion.com/,1,,Sevilla,"37,37941","−5,97103"
Asociación Mácula Retina,community_services_non_profits,https://www.macula-retina.es/,1,,Sevilla,"37,405372","−5,9912966"
Asociación Marafiki,community_services_non_profits,https://asociacionmarafiki.blogspot.com.es/p/donativos.html,1,,Sevilla,"37,4023972","−5,9310675"
Asociación Mujeres entre Mundos,community_services_non_profits,http://www.mujeresentremundos.es/,1,,Sevilla,"37,4124163","−5,9719759"
Asociación Neurodos,community_services_non_profits,http://www.asociacionneurodos.com/,1,,Sevilla,"37,4246999","−5,9736634"
Asociación Parkinson Sevilla,community_services_non_profits,http://www.parkinsonsevilla.org/,1,,Sevilla,"37,4052262","−5,9863484"
Asociacion Pro Derechos Humanos de Andalucia,community_services_non_profits,https://www.apdha.org/haz-una-donacion/,1,,Sevilla,"37,386893","−5,9802216"
Asociación SETA. Centro de Atención Temprana,community_services_non_profits,http://www.asociacionseta.com/,1,,Sevilla,"37,382788","−5,96251"
Asociacion Sevilla Solidaria,community_services_non_profits,Ingen webbplats,1,,Sevilla,"37,3785944","−5,9534405"
Asociacion Sevillana de Ataxias,community_services_non_profits,https://ataxiasevilla.org/,1,,Sevilla,"37,3967417","−5,9762205"
Asociación Sevillana de Cronistas e Investigadores Locales,community_services_non_profits,http://www.ascil.es/,1,,Sevilla,"37,34754","−5,97692"
Asociación Sevillana de Emigrantes y Retornados,community_services_non_profits,http://www.aser-se.org/,1,,Sevilla,"37,3758355","−6,0068642"
Asociación Sevillana de Espina Bífida,community_services_non_profits,http://www.espinabifidasevilla.es/,1,,Sevilla,"37,3901458","−5,979359"
Asociación Sonrisa Solidaria,community_services_non_profits,Ingen webbplats,1,,Sevilla,"37,40637","−5,91588"
Asociacion Tajibo,community_services_non_profits,http://www.tajibo.org/,1,,Sevilla,"37,3889656","−6,0025683"
Asociación Tal Como Eres,community_services_non_profits,http://www.asociaciontalcomoeres.com/,1,,Sevilla,"37,40632","−5,9821"
Aspanri-AspanriDown,community_services_non_profits,http://www.aspanri.org/,1,,Sevilla,"37,3901521","−5,9793673"
ASPATHI TDAH Sevilla,community_services_non_profits,https://aspathi.es/,1,,Sevilla,"37,3902443","−5,9799273"
Asprocese. Asociación de Celiacos de Sevilla,community_services_non_profits,http://www.celiacossevilla.org/,1,,Sevilla,"37,39522","−5,98274"
Assejazz Sevilla,community_services_non_profits,http://www.assejazz.com/,1,,Sevilla,"37,406758","−5,9637655"
Autismo Sevilla,community_services_non_profits,https://mtr.bio/autismo_sevilla-88747,1,,Sevilla,"37,387482","−5,916755"
"Avasis, Asociación de Víctimas de Abusos Sexuales en la Infancia",community_services_non_profits,https://www.avasis.es/,1,,Sevilla,"37,4036805","−5,9843022"
Casa de Aragón en Sevilla,community_services_non_profits,http://www.aragonsevilla.es/,1,,Sevilla,"37,3839735","−5,966964"
Casa de Cantabria en Sevilla,community_services_non_profits,https://casacantabriasevilla.es/,1,,Sevilla,"37,3949104","−5,9744545"
Casa Grande del Pumarejo,community_services_non_profits,Ingen webbplats,1,,Sevilla,"37,4007377","−5,9883548"
Casal de Catalunya de Sevilla,community_services_non_profits,http://www.catsevilla.com/,1,,Sevilla,"37,3774421","−6,0012001"
CEAR Andalucía,community_services_non_profits,http://www.cear.es/,1,,Sevilla,"37,3705009","−5,9605292"
CECAP Sevilla,community_services_non_profits,http://www.cecapsevilla.org/,1,,Sevilla,"37,4282751","−5,9778179"
CEMPE Andalucía,community_services_non_profits,http://www.cempe.es/,1,,Sevilla,"37,3715946","−5,9648025"
Centro de Día Aturem,community_services_non_profits,http://familias-aturem.blogspot.com/?m=1,1,,Sevilla,"37,4030312","−5,9367246"
Centro de Estudios Andaluces,community_services_non_profits,https://twitter.com/CEAndaluces,1,,Sevilla,"37,39291","−6,00074"
"Centro de Participación Activa para Personas Mayores ""Ciudad Jardín""",community_services_non_profits,http://mayoresciudadjardin.blogspot.com/,1,,Sevilla,"37,3791454","−5,9637248"
Ciclolegas Custom & Classic Sevilla,community_services_non_profits,https://goo.gl/muSnT6,1,,Sevilla,"37,37306","−5,96158"
Cimbra Accion Solidaria,community_services_non_profits,Ingen webbplats,1,,Sevilla,"37,38691","−5,98468"
Circulo Cultural Rociero Pino-Montano,community_services_non_profits,Ingen webbplats,1,,Sevilla,"37,4226866","−5,9642029"
Claver  SJM,community_services_non_profits,http://asociacionclaver.org/,1,,Sevilla,"37,3836734","−5,9779084"
Codenaf,community_services_non_profits,http://www.codenaf.org/,1,,Sevilla,"37,4095678","−5,9876141"
Colaboratorias,community_services_non_profits,https://colaboratorias.org/,1,,Sevilla,"37,40083","−5,97477"
Colectivo la Calle,community_services_non_profits,Ingen webbplats,1,,Sevilla,"37,4023895","−5,9904399"
Consejo de Bandas de Música Procesional de Sevilla,community_services_non_profits,http://www.consejodebandas.es/,1,,Sevilla,"37,3663531","−5,9596929"
Consejo General de Hermandades y Cofradias de Sevilla,community_services_non_profits,http://www.hermandades-de-sevilla.org/,1,,Sevilla,"37,3828522","−5,9931264"
Consumidores de Sevilla,community_services_non_profits,https://www.uniondeconsumidoresdesevilla.com/,1,,Sevilla,"37,3993171","−5,9840086"
Coop57 Andalucía,community_services_non_profits,https://coop57.coop/es/andalucia,1,,Sevilla,"37,3818955","−5,9859755"
Down Sevilla,community_services_non_profits,https://linktr.ee/downsevilla,1,,Sevilla,"37,390502","−6,0047962"
Eapn-Andalucía,community_services_non_profits,http://www.eapn-andalucia.org/,1,,Sevilla,"37,3676283","−5,9547213"
Ecourbe,community_services_non_profits,http://www.ecourbe.org/,1,,Sevilla,"37,4035908","−5,9958744"
Ecovalia,community_services_non_profits,http://www.ecovalia.org/,1,,Sevilla,"37,3741912","−5,9763987"
El Espacio Azul,community_services_non_profits,https://fundacionelgancho.org/,1,,Sevilla,"37,357061","−5,988853"
"Fakali, Mujeres Gitanas Universitarias",community_services_non_profits,http://www.fakali.org/,1,,Sevilla,"37,3874457","−5,9955312"
Familias Numerosas de Sevilla y Provincia - Fanuse,community_services_non_profits,http://www.fanuse.es/,1,,Sevilla,"37,3751896","−5,9994822"
Federación de Centros Juveniles El Patio,community_services_non_profits,http://www.federacionelpatio.org/,1,,Sevilla,"37,395416","−5,9812547"
Federación LIRA,community_services_non_profits,https://linktr.ee/federacionlira,1,,Sevilla,"37,4271899","−5,9766364"
Fundación  TAU,community_services_non_profits,http://www.fundaciontau.org/,1,,Sevilla,"37,4013792","−5,9838606"
Fundación Alalá,community_services_non_profits,Ingen webbplats,1,,Sevilla,"37,3607721","−5,9663325"
Fundación Alberto Jiménez-Becerril,community_services_non_profits,https://fundacionalbertojimenez-becerril.org/,1,,Sevilla,"37,3901176","−5,9840677"
Fundación Barenboim-Said,community_services_non_profits,http://www.barenboim-said.org/,1,,Sevilla,"37,3850022","−5,9911614"
Fundación Blas Infante,community_services_non_profits,http://www.fundacionblasinfante.org/,1,,Sevilla,"37,3961499","−5,9840025"
Fundación Cajasol,community_services_non_profits,http://www.fundacioncajasol.com/,1,,Sevilla,"37,3890744","−5,9937962"
Fundación Casa Ducal de Medinaceli,community_services_non_profits,http://www.fundacionmedinaceli.org/,1,,Sevilla,"37,3899401","−5,9871456"
Fundación Doña María - Fundomar,community_services_non_profits,http://www.fundomar.org/,1,,Sevilla,"37,3510638","−5,9803417"
Fundacion Iniciativa Social,community_services_non_profits,http://fundacioniniciativasocial.es/,1,,Sevilla,"37,3810873","−5,9815868"
Fundación la Colmena,community_services_non_profits,https://www.fundacionlacolmena.org/,1,,Sevilla,"37,3826149","−5,9832368"
Fundación Leucodistrofia Tubb4a,community_services_non_profits,https://www.fundaciontubb4a.org/,1,,Sevilla,"37,3780864","−6,0013247"
Fundación Madrazo,community_services_non_profits,http://www.fundacionmadrazo.org/,1,,Sevilla,"37,3731695","−5,9852779"
Fundación MAS,community_services_non_profits,http://www.fundacionmas.es/,1,,Sevilla,"37,396238","−6,0018517"
Fundacion Montepios de Andalucía,community_services_non_profits,http://fundacionmontepios.org.es/,1,,Sevilla,"37,3864318","−5,9794171"
Fundación Mornese,community_services_non_profits,https://fundacionmornese.com/unete-al-equipo/,1,,Sevilla,"37,3674836","−5,945856"
Fundación Nao Victoria,community_services_non_profits,https://espacioexploraterra.org/,1,,Sevilla,"37,3831516","−5,9973606"
Fundación Patrimonio Industrial Andalucía,community_services_non_profits,http://www.fupia.es/,1,,Sevilla,"37,3780733","−5,9811061"
Fundación Persán,community_services_non_profits,http://www.fundacionpersan.org/,1,,Sevilla,"37,4046757","−5,986261"
Fundacion Proyecto Don Bosco,community_services_non_profits,http://www.proyectodonbosco.com,1,,Sevilla,"37,359157","−5,97068"
Fundación Psicopediatría de Sevilla,community_services_non_profits,http://www.fundacionpsicopediatria.org/,1,,Sevilla,"37,3801524","−5,9324643"
Fundacion Savia por el compromiso y los valores,community_services_non_profits,https://www.fundacionsavia.org/colabora,1,,Sevilla,"37,37452","−5,97633"
Fundación Sevilla Acoge,community_services_non_profits,http://www.sevillaacoge.org/,1,,Sevilla,"37,3905913","−6,0048084"
Fundación Tres Culturas del Mediterráneo,community_services_non_profits,http://www.tresculturas.org/,1,,Sevilla,"37,4014802","−6,0053625"
Fundacion Valentin de Madariaga,community_services_non_profits,http://www.fundacionvmo.com/,1,,Sevilla,"37,3764231","−5,9914501"
Gremium MC Sevilla,community_services_non_profits,Ingen webbplats,1,,Sevilla,"37,374966","−5,9164059"
Grupo Scout Habitados 575,community_services_non_profits,Ingen webbplats,1,,Sevilla,"37,4006217","−5,9576837"
Grupo Scout Tarsis 351,community_services_non_profits,Ingen webbplats,1,,Sevilla,"37,4121998","−5,960355"
Hijos De Gerion,community_services_non_profits,Ingen webbplats,1,,Sevilla,"37,3974915","−5,96103"
Hogar Canario de Sevilla,community_services_non_profits,Ingen webbplats,1,,Sevilla,"37,3974377","−5,983763"
HoloRed Estelar,community_services_non_profits,http://www.holored.com/,1,,Sevilla,"37,4051177","−5,9360599"
Instituto Lectura Fácil,community_services_non_profits,http://www.institutolecturafacil.org/,1,,Sevilla,"37,4048393","−5,9859282"
InteRed Andalucía,community_services_non_profits,http://www.intered.org/,1,,Sevilla,"37,4037999","−5,99064"
KONG CLUB,community_services_non_profits,http://kongsvq.com/,1,,Sevilla,"37,3993811","−5,9927905"
Llave de Luz - Sevilla,community_services_non_profits,http://www.llavedeluz.es/,1,,Sevilla,"37,3954717","−5,9868796"
Mujeres Supervivientes,community_services_non_profits,http://www.mujeressupervivientes.com/,1,,Sevilla,"37,40077","−5,98832"
Niños con Amor,community_services_non_profits,http://www.ninosconamor.com/,1,,Sevilla,"37,397143","−5,955138"
Oficina de Derechos Sociales de Sevilla,community_services_non_profits,https://ods-sevilla.com/,1,,Sevilla,"37,4008608","−5,9884068"
ONG Tetoca Actuar,community_services_non_profits,https://www.tetocaactuar.org/,1,,Sevilla,"37,4066865","−5,9911232"
Páginas Violeta,community_services_non_profits,https://paginasvioleta.com/,1,,Sevilla,"37,39844","−5,9942681"
PAH Sevilla,community_services_non_profits,http://www.pahsevilla.com/,1,,Sevilla,"37,4007211","−5,9884551"
"Peña Cultural Flamenca ""el Carbonerillo""",community_services_non_profits,http://www.peñaflamencatorresmacarena.com,1,,Sevilla,"37,4042441","−5,9907823"
Proclade Bética,community_services_non_profits,http://www.procladebetica.org/,1,,Sevilla,"37,3570709","−5,9838496"
Proyecto Hombre Sevilla,community_services_non_profits,http://www.proyectohombresevilla.com/,1,,Sevilla,"37,3895145","−6,0104086"
Real Sociedad Económica Sevillana de Amigos del País,community_services_non_profits,http://laeconomicadesevilla.es/,1,,Sevilla,"37,3943598","−5,9984258"
Soc. Esp.Odontoestomatología Pacientes con Necesidades Especiales-SEOENE,community_services_non_profits,http://www.seoene.es/,1,,Sevilla,"37,37741","−6,00255"
Solidaridad Internacional - Andalucía,community_services_non_profits,https://twitter.com/si_andalucia,1,,Sevilla,"37,3902144","−5,9799663"
Solidaridad San Juan de Dios Andalucía y Canarias,community_services_non_profits,https://solidaridad.sjd.es/,1,,Sevilla,"37,3817246","−5,9692589"
SOS. Angel de la Guardia,community_services_non_profits,Ingen webbplats,1,,Sevilla,"37,3867923","−5,9522071"
Tarfía Asociación Juvenil,community_services_non_profits,http://www.tarfia.com/,1,,Sevilla,"37,3714016","−5,9846438"
Tertulia Cirio YCostal,community_services_non_profits,Ingen webbplats,1,,Sevilla,"37,43085","−5,9855"
"Tertulia Cofrade ""El Costero""",community_services_non_profits,http://tertuliacofradeelcostero.blogspot.com/,1,,Sevilla,"37,397755","−5,976366"
Tres Caídas de Triana,community_services_non_profits,https://trescaidasdetriana.es/,1,,Sevilla,"37,42915","−5,97291"
Videssur ONGD,community_services_non_profits,http://www.videssur.org/,1,,Sevilla,"37,3797829","−5,970903"
Cerámica Artística Sevillana Ruiz Gil,craft_shop,https://ruizgilceramica.com/,1,,Sevilla,"37,3831554","−5,9672643"
Arriate Cultural,cultural_center,http://arriatecultural.org/,1,,Sevilla,"37,4062072","−5,9914675"
Ateneo de Sevilla - Oficial,cultural_center,http://www.ateneodesevilla.es/index.php/formularios-contactos-inscripciones/contactar-con-ateneo,1,,Sevilla,"37,393165","−5,993626"
Casa de la Memoria,cultural_center,http://www.casadelamemoria.es/,1,,Sevilla,"37,3925555","−5,9936825"
Centro Cultural de Bellavista,cultural_center,Ingen webbplats,1,,Sevilla,"37,3216108","−5,96537"
Centro Cultural Flamenco El Chozas,cultural_center,Ingen webbplats,1,,Sevilla,"37,3678678","−5,9452128"
Centro Cultural San Fco. de Asis Sevilla,cultural_center,http://www.ccsanfcoasissevilla.es/,1,,Sevilla,"37,4106874","−5,9855734"
Cicus,cultural_center,http://cicus.us.es/,1,,Sevilla,"37,38759","−5,98923"
Colombre,cultural_center,http://www.espacioculturalcolombre.com/,1,,Sevilla,"37,3808213","−6,0041448"
Cuenta3 comunidad creativa,cultural_center,http://www.cuenta3.com/,1,,Sevilla,"37,4078754","−5,9892355"
Engranajes Culturales,cultural_center,http://www.engranajesculturales.com/,1,,Sevilla,"37,3825733","−5,9943037"
Espacio Labarqueta,cultural_center,http://espaciolabarqueta.org/,1,,Sevilla,"37,4029576","−5,9824813"
Espacio Santa Clara,cultural_center,http://www.icas-sevilla.org/spip.php?article3364=,1,,Sevilla,"37,3998865","−5,9953062"
Factoría Cultural,cultural_center,https://icas.sevilla.org/espacios/factoria-cultural,1,,Sevilla,"37,358531","−5,9647823"
Fundación de Cultura Andaluza,cultural_center,https://fundacionculturaandaluza.org/,1,,Sevilla,"37,368376","−5,9887078"
Lab,cultural_center,http://www.labsevilla.com/,1,,Sevilla,"37,402719","−5,9927712"
Observatorio de Música,cultural_center,https://g.page/ObservatoriodeMusica?share,1,,Sevilla,"37,412106","−5,9735731"
Sala Even,dance_club,http://www.salaeven.com/,1,,Sevilla,"37,4087478","−5,9899947"
Sala Havana,dance_club,https://salahavana.com/,1,,Sevilla,"37,410847","−5,9557739"
Sala Newman,dance_club,http://www.salanewman.com/,1,,Sevilla,"37,3440475","−5,9752726"
Academia Reyes Acal,dance_school,http://www.reyesacal.com/,1,,Sevilla,"37,3709218","−5,9755825"
Academia_AngelMarin,dance_school,https://www.instagram.com/academia_angelmarin/,1,,Sevilla,"37,3837767","−5,9042715"
Academia8Tiempos,dance_school,https://www.instagram.com/academia8tiempos/,1,,Sevilla,"37,3854144","−5,9497663"
Andres Marin Flamenco Abierto,dance_school,http://www.andresmarin.es/estudio,1,,Sevilla,"37,3985442","−5,9901241"
Bailarte,dance_school,https://www.bailarte.net/,1,,Sevilla,"37,3863165","−5,976925"
Burlesque Sevilla,dance_school,http://www.burlesquesevilla.com/,1,,Sevilla,"37,4060055","−5,9754791"
"Centro de danza No camines, Baila",dance_school,https://www.instagram.com/nocaminesbaila/,1,,Sevilla,"37,3320263","−5,9689625"
Conservatorio Profesional de Danza de Sevilla Antonio Ruiz Soler,dance_school,http://www.conservatoriodanzasevilla.com/,1,,Sevilla,"37,3727969","−5,9906084"
Contact Improvisation Formación Andaluza,dance_school,https://felixarjona.com/contact-improvisation-2/,1,,Sevilla,"37,397163","−5,984554"
Doble Giro Escuela de Baile,dance_school,https://www.doblegiro.com/,1,,Sevilla,"37,41071","−5,934172"
Duarte Escuela Profesional de Danza,dance_school,https://www.facebook.com/duartedanza/?locale=es_ES,1,,Sevilla,"37,3893831","−5,9704511"
DUE Studio Sevilla ,dance_school,https://duestudiosevilla.com/,1,,Sevilla,"37,4242381","−5,966541"
DUNIA & DANCE. Centro de Danza y Artes. Elena Fernández,dance_school,http://www.duniandance.com/,1,,Sevilla,"37,3930488","−5,9561713"
En clave de flamenco,dance_school,https://enclavedeflamenco.com/,1,,Sevilla,"37,3966532","−5,9887203"
Escuela de baile Loli Molina,dance_school,https://www.instagram.com/escuela_de_baile_loli/,1,,Sevilla,"37,4133222","−5,9675398"
Escuela de Baile Los Reyes del Mambo,dance_school,http://www.escuelalosreyesdelmambo.com/,1,,Sevilla,"37,3911203","−6,0024204"
Escuela de Danza Étoile,dance_school,https://danzaetoile.com/,1,,Sevilla,"37,3443642","−5,9787391"
"Escuela de Danza y Pilates ""Pas de Deux""",dance_school,http://www.danzasevillapasdedeux.com/,1,,Sevilla,"37,3947908","−5,9995366"
Escuela de Flamenco  Ángel Atienza,dance_school,http://www.angelatienza.com/,1,,Sevilla,"37,3877044","−6,007425"
Escuela Flamenca Palo a Palo,dance_school,https://www.facebook.com/escuela.flamenca.paloapalo,1,,Sevilla,"37,320314","−5,9667561"
Escuela Mirko Vullo,dance_school,http://www.escueladanzasevilla.es/,1,,Sevilla,"37,3835039","−5,9621989"
Escuela Qanun,dance_school,http://qanun.es/,1,,Sevilla,"37,3953279","−5,9971975"
Estudio Azahar,dance_school,https://www.instagram.com/estudioazahar/,1,,Sevilla,"37,3966094","−5,9885401"
Estudio de Baile Alicia Márquez,dance_school,http://www.aliciamarquez.com/,1,,Sevilla,"37,3964899","−5,9964672"
Asociacion Artistica Puerta de Córdoba,dance_school,https://www.facebook.com/estudiodedanza.aapc/,1,,Sevilla,"37,3905258","−5,9922764"
Estudio Flamenco,dance_school,https://estudioflamenco.com/,1,,Sevilla,"37,4067247","−5,9342463"
Estudio Flamenco Juan Polvillo,dance_school,https://www.instagram.com/juanpolvillo/?hl=es,1,,Sevilla,"37,3957435","−5,9845942"
Estudios Manuel Betanzos,dance_school,http://www.manuelbetanzos.com/,1,,Sevilla,"37,3834809","−6,0031555"
Feeling Dance Studio,dance_school,https://feelingdancestudio.com/,1,,Sevilla,"37,4165497","−5,9691731"
Flamenco Studio Seville,dance_school,http://flamencostudioseville.com/,1,,Sevilla,"37,3962781","−5,9891579"
Flamenco Danza Estudio,dance_school,http://www.flamencodanza.com/,1,,Sevilla,"37,4007693","−5,9868557"
Flamencos por el Mundo,dance_school,https://www.flamencosporelmundo.com/,1,,Sevilla,"37,3979544","−5,9880344"
Flamenqueria Sevilla,dance_school,https://flamenqueria.es,1,,Sevilla,"37,3882859","−6,0070362"
Fundación Flamenco Cristina Heeren,dance_school,https://www.flamencoheeren.com/contacto/,1,,Sevilla,"37,3833464","−6,0005849"
GiraSon Dance Studio,dance_school,http://www.natygeorgiades.com/,1,,Sevilla,"37,3478638","−5,9806075"
Infinity Fusion Studio,dance_school,http://infinityfusionstudio.com/,1,,Sevilla,"37,39918","−5,9850212"
Jerez por Derecho,dance_school,https://www.instagram.com/jerezporderecho/,1,,Sevilla,"37,373921","−6,0008117"
Joe Reyes Dance Studio,dance_school,http://www.joereyesdancestudio.com/,1,,Sevilla,"37,41084","−5,95579"
La Serena - Estudio de danza ,dance_school,https://www.laserenaestudiodedanza.com/,1,,Sevilla,"37,3941","−5,99308"
Lola de Cai,dance_school,https://www.instagram.com/loladecai/,1,,Sevilla,"37,3786311","−5,9963087"
Love 2 Dance,dance_school,http://l2dsevilla.com/,1,,Sevilla,"37,3679947","−5,9603527"
"Maestdanza ""Escuela de danza""",dance_school,http://www.maestdanza.com/,1,,Sevilla,"37,3913967","−6,0009929"
On Dance Studios Sevilla,dance_school,http://www.ondancestudios.com/,1,,Sevilla,"37,3936394","−5,9531694"
Sala Merecumbé,dance_school,https://www.facebook.com/p/Sala-Merecumb%C3%A9-100068552491238/,1,,Sevilla,"37,4075806","−5,9556847"
Sandra Guerrero La Negra,dance_school,http://sandralanegra.com/,1,,Sevilla,"37,39434","−5,99372"
Sevilla Dance Center,dance_school,http://academiadedanza.com/,1,,Sevilla,"37,3861499","−5,9864802"
Sevilla Swing Dance,dance_school,https://linktr.ee/beatbangswing?utm_source=linktree_profile_share&ltsid=d94a1bda-4b82-4c63-b0ee-387156a98e48,1,,Sevilla,"37,3965854","−5,9887561"
Siente El Ritmo Escuela de Baile y Artes Escénicas,dance_school,http://www.sienteelritmo.es/,1,,Sevilla,"37,4025356","−5,9249592"
Social Dance,dance_school,http://socialdance.es/,1,,Sevilla,"37,3903234","−5,9496227"
Son Salseros,dance_school,http://www.academiasonsalseros.com/,1,,Sevilla,"37,40675","−5,93432"
Studio 83 Pole Dance & Aerial Sevilla,dance_school,https://www.instagram.com/studio83_pole_sevilla/?hl=es,1,,Sevilla,"37,4264979","−5,9730517"
Unión - Academia de Baile,dance_school,https://www.unionacademia.es/,1,,Sevilla,"37,3932816","−5,9568633"
Yessica Brea,dance_school,Ingen webbplats,1,,Sevilla,"37,3822084","−6,0037534"
Estudio Buenavista,graphic_designer,http://www.estudiobuenavista.com/,1,,Sevilla,"37,389063","−5,9991989"
Estudio ffuentes.,graphic_designer,https://www.estudioffuentes.com/,1,,Sevilla,"37,3772","−5,98694"
GNTUX.,graphic_designer,https://gntux.cc/,1,,Sevilla,"37,3912945","−5,9900193"
Interletraje,graphic_designer,https://interletraje.com/,1,,Sevilla,"37,3940755","−6,0014895"
Jesús Alés - diseño editorial,graphic_designer,http://www.sputnix.es/,1,,Sevilla,"37,4047783","−5,9830501"
Miracómolate,graphic_designer,http://www.miracomolate.com/,1,,Sevilla,"37,3908111","−5,9978148"
"Monzón 8, diseño e impresión",graphic_designer,http://www.monzon8.es/,1,,Sevilla,"37,35974","−5,985703"
optika diseño,graphic_designer,https://optika.es/,1,,Sevilla,"37,4220179","−5,9869794"
Tarifasdiseno,graphic_designer,https://tarifasdiseno.com/,1,,Sevilla,"37,328155","−5,9694447"
Wedding & Design,graphic_designer,http://www.weddingndesign.com/,1,,Sevilla,"37,389172","−5,9209212"
Zpubli+,graphic_designer,http://zpubli.com/,1,,Sevilla,"37,411281","−5,9611965"
Encajes de Sevilla - Taller de bolillos de Alfonso Aguilar,handicraft_shop,https://encajesdesevilla.com/,1,,Sevilla,"37,3959298","−6,0009435"
Tilovely Mosaicos,handicraft_shop,http://www.tilovely.com/,1,,Sevilla,"37,3994278","−5,9883133"
Espacio Exploraterra,history_museum,https://espacioexploraterra.org/,1,,Sevilla,"37,3830666","−5,9972601"
Museo Arqueológico de Sevilla,history_museum,http://www.museosdeandalucia.es/web/museoarqueologicodesevilla,1,,Sevilla,"37,37214","−5,98598"
Pabellon de la Navegacion,history_museum,http://www.pabellondelanavegacion.com/,1,,Sevilla,"37,3942222","−6,0080548"
Real Archivo de Indias,history_museum,Ingen webbplats,1,,Sevilla,"37,384387","−5,993608"
Sevilla Alcázar,history_museum,https://alcazarsevilla.org/,1,,Sevilla,"37,353897","−5,9799588"
Jazz Corner,jazz_and_blues,http://www.jazzcornersevilla.es/,1,,Sevilla,"37,4079295","−5,9551235"
"Fran Cisneros - Estudio Paisajismo, Dirección de Arte y Decoración de Exteriores",landscape_architect,https://francisneros.com/,1,,Sevilla,"37,406469","−5,9553447"
Bibliopuma -Biblioteca Autogestionada,library,https://pumarejo.org/bibliopuma/,1,,Sevilla,"37,40077","−5,98832"
Biblioteca Americanista de Sevilla,library,https://www.rebis.csic.es/biblioteca/,1,,Sevilla,"37,39305","−5,99738"
Biblioteca Blas Infante,library,https://www.juntadeandalucia.es/organismos/culturaydeporte/areas/cultura/bibliotecas-documentacion/directorio-bibliotecas/detalle/908.html,1,,Sevilla,"37,3969269","−5,9186635"
Biblioteca de la Memoria Histórica y Social de Andalucía,library,https://www.facebook.com/p/Biblioteca-de-la-Memoria-Hist%C3%B3rica-y-Social-de-Andaluc%C3%ADa-100034975301670/,1,,Sevilla,"37,3929315","−5,9980309"
Biblioteca Facultad de Derecho,library,https://bib.us.es/derechoytrabajo/,1,,Sevilla,"37,377138","−5,977828"
Biblioteca Facultad Psicologia,library,https://bib.us.es/psicologia/,1,,Sevilla,"37,3791271","−5,9765013"
Biblioteca Felipe Gonzalez Marquez,library,https://www.rmbs.es/ficha.php?biblioteca=felipe-gonzalez,1,,Sevilla,"37,3974807","−6,0021121"
Biblioteca Municipal Cerro del Águila,library,http://rmbs.es/biblios.php?seccion=fichas&id_bibli=,1,,Sevilla,"37,3697536","−5,9622986"
Biblioteca Municipal Las Columnas,library,http://www.rmbs.es/blog/biblioteca-las-columnas,1,,Sevilla,"37,3831324","−6,0002298"
Biblioteca Parque Alcosa,library,http://www.rmbs.es/blog/biblioteca-parque-alcosa,1,,Sevilla,"37,4103677","−5,9244479"
Biblioteca Provincial Infanta Elena,library,https://www.juntadeandalucia.es/organismos/culturaydeporte/areas/cultura/bibliotecas-documentacion/directorio-bibliotecas/detalle/898.html,1,,Sevilla,"37,3770732","−5,9914993"
Biblioteca Publica Alberto Lista,library,http://www.rmbs.es/biblios.php?seccion=fichas&id_biblio=9,1,,Sevilla,"37,3982329","−5,9916821"
Biblioteca Pública Julia Uceda,library,http://www.rmbs.es/blog/biblioteca-julia-uceda,1,,Sevilla,"37,40548","−5,9896949"
Biblioteca Pública Municipal el Esqueleto,library,http://www.rmbs.es/blog/biblioteca-el-esqueleto,1,,Sevilla,"37,3607854","−5,9662825"
Biblioteca Pública Municipal los Carteros,library,http://www.rmbs.es/blog/biblioteca-los-carteros,1,,Sevilla,"37,410966","−5,971536"
Biblioteca Publica Municipal Luis Cernuda,library,http://www.rmbs.es/biblios.php?seccion=fichas&id_b,1,,Sevilla,"37,3258411","−5,9657045"
Biblioteca Publica San Jeronimo,library,http://www.rmbs.es/blog/biblioteca-san-jeronimo,1,,Sevilla,"37,4241728","−5,9860491"
Centro Civico San Julian,library,Ingen webbplats,1,,Sevilla,"37,398624","−5,984049"
Centro de investigación y recursos de las artes escénicas de Andalucía,library,http://www.cirae.es/,1,,Sevilla,"37,3974512","−5,9830957"
CRAI Antonio de Ulloa,library,http://bib.us.es/ulloa/,1,,Sevilla,"37,3598528","−5,9865744"
Fondo Andaluz de Ilusionismo,library,http://www.juntadeandalucia.es/cultura/redportales/cdaea/content/fondo-de-ilusionismo-0,1,,Sevilla,"37,397564","−5,983246"
Hemeroteca Municipal de Sevilla,library,https://icas.sevilla.org/espacios/sahp,1,,Sevilla,"37,392489","−5,988845"
Loyola Biblioteca,library,http://www.uloyola.es/biblioteca,1,,Sevilla,"37,338773","−5,9782684"
Mercados 21,mass_media,http://www.mercados21.es/,1,,Sevilla,"37,3830068","−5,972389"
Onda Local de Andalucía,mass_media,https://ondalocaldeandalucia.es/,1,,Sevilla,"37,4012087","−6,009418"
Guadalmedia,media_agency,https://www.guadalmedia.com/,1,,Sevilla,"37,4048387","−6,0082722"
Centro Andaluz de Arte Contemporáneo,modern_art_museum,http://www.caac.es/,1,,Sevilla,"37,3986708","−6,0079603"
Antípodas Film Lab,movie_television_studio,https://www.antipodasfilmlab.com/,1,,Sevilla,"37,3503602","−5,981582"
Blow Studio,movie_television_studio,http://www.blowstudio.es/,1,,Sevilla,"37,3926156","−5,9910791"
Escuela Quiles: Doblaje & Locución en Sevilla,movie_television_studio,http://www.escuelaquiles.com/,1,,Sevilla,"37,37783","−5,97221"
La Claqueta,movie_television_studio,http://www.laclaqueta.com/,1,,Sevilla,"37,3503439","−5,9815735"
Antiquarium,museum,http://antiquarium.icas-sevilla.org/,1,,Sevilla,"37,3930196","−5,9920302"
Castillo de San Jorge,museum,http://www.elcastillodesanjorge.es/,1,,Sevilla,"37,385637","−6,003235"
Centro del Mudejar,museum,https://www.andalucia.org/listing/palacio-de-los-marqueses-de-la-algaba-centro-mud%C3%A9jar/17198102/,1,,Sevilla,"37,3994978","−5,9906605"
Museo de Artes y Costumbres Populares de Sevilla,museum,https://www.museosdeandalucia.es/web/museodeartesycostumbrespopularesdesevilla,1,,Sevilla,"37,3718115","−5,9877972"
Museo de Bellas Artes de Sevilla,museum,https://www.museosdeandalucia.es/web/museodebellasartesdesevilla,1,,Sevilla,"37,3925","−5,9997222"
Museo de Historia de la Farmacia,museum,http://institucional.us.es/museohistfarm,1,,Sevilla,"37,360906","−5,9883312"
Museo del Baile Flamenco,museum,http://www.museoflamenco.com/,1,,Sevilla,"37,3888889","−5,9911111"
Museo Militar Sevilla,museum,https://ejercito.defensa.gob.es/unidades/Madrid/ih,1,,Sevilla,"37,377367","−5,9864559"
Museo Música Africana: ¿Te suena África?,museum,http://www.promocionafricana.com/proyecto/te-suena-africa/,1,,Sevilla,"37,4088271","−5,9533319"
Museo Pedagógico Altos Colegios Macarena,museum,https://sephe.org/miembros-red/museo-pedagogico-del-ceip-altos-colegios-macarena-de-sevilla/,1,,Sevilla,"37,4001497","−5,9913426"
Museo Pedagógico US,museum,http://institucional.us.es/museopedagogia,1,,Sevilla,"37,3758868","−5,9772706"
Museo pintor Amalio.,museum,http://www.fundacionamalio.com/,1,,Sevilla,"37,3848001","−5,9904539"
Museo Santo Ángel,museum,https://www.conventosantoangel.es/biblioteca-museo-mariano/,1,,Sevilla,"37,3908365","−5,9963019"
Museo Templo de la Anunciacion,museum,https://www.andalucia.org/listing/iglesia-de-la-anunciaci%C3%B3n/15974102/,1,,Sevilla,"37,392876","−5,99292"
Museum and Treasury of Seville Cathedral,museum,Ingen webbplats,1,,Sevilla,"37,3854996","−5,9936465"
Panteón De Sevillanos Ilustres,museum,https://www.andalucia.org/listing/pante%C3%B3n-de-sevillanos-ilustres/16321102/,1,,Sevilla,"37,3821874","−5,9694239"
Sala de Exposiciones Santa Inés,museum,Ingen webbplats,1,,Sevilla,"37,3931639","−5,9896636"
Discos Latimore Sevilla,music_and_dvd_store,https://www.instagram.com/discoslatimore/?hl=es,1,,Sevilla,"37,3937973","−5,994715"
Nova Era,music_and_dvd_store,https://novaeramusica.com/,1,,Sevilla,"37,4124597","−5,921609"
TotemTanz,music_and_dvd_store,https://www.totemtanz.com/,1,,Sevilla,"37,3969384","−5,9933683"
Lin C Records,music_production,http://lincrecords.com/,1,,Sevilla,"37,40083","−5,971"
Local Ensayo Sevilla,music_production,https://localensayosevilla.es/,1,,Sevilla,"37,4102054","−5,9508875"
Silent Media,music_production,http://www.silentmedia.es/,1,,Sevilla,"37,3854733","−5,9666161"
Sputnik Recording Studio,music_production,https://sputnik-recording-studios.negocio.site/?m=true,1,,Sevilla,"37,4285128","−5,975682"
Spyro Music,music_production,http://www.spyromusic.com/,1,,Sevilla,"37,39274","−5,9909"
Academia de Estudios Orquestales,music_school,https://barenboim-said.org/es/academia-de-estudios-orquestales/,1,,Sevilla,"37,3848557","−5,9912315"
Academia de Guitarra F.Solís,music_school,https://www.instagram.com/academiadeguitarrafsolis/?hl=es,1,,Sevilla,"37,4268721","−5,9860887"
Arteaula,music_school,https://arteaula.com/,1,,Sevilla,"37,3922728","−5,9840029"
Aula Eléctrica,music_school,https://aulaelectrica.com/,1,,Sevilla,"37,4260221","−5,9778463"
CEM Triana,music_school,http://www.conservatoriotriana.com/,1,,Sevilla,"37,3734765","−6,0119945"
Conservatorio Elemental De Música Macarena,music_school,http://www.conservatoriomacarena.com/,1,,Sevilla,"37,4072214","−5,9897804"
"Conservatorio Profesional de Música ""Cristóbal de Morales"" de Sevilla",music_school,http://www.cpmcristobaldemorales.es/,1,,Sevilla,"37,3969295","−5,9953619"
"Conservatorio Profesional de Música ""Francisco Guerrero"" de Sevilla",music_school,https://conservatoriofranciscoguerrero.es/,1,,Sevilla,"37,3743886","−5,9656144"
Escuela de música Sevilla Sonora,music_school,http://sevillasonora.com/,1,,Sevilla,"37,3827753","−5,9662636"
Escuela Liliana Aracil,music_school,http://www.lilianaaracil.com/,1,,Sevilla,"37,3867654","−5,9835554"
Joven Orquesta Sinfónica de Sevilla,music_school,https://jossevilla.es/,1,,Sevilla,"37,39358","−5,99093"
Live Escuela de Música,music_school,Ingen webbplats,1,,Sevilla,"37,4018898","−5,9882598"
Musiescuela,music_school,http://www.musiescuela.com/,1,,Sevilla,"37,3909379","−5,9831783"
Talento Escuela Artística,music_school,https://www.talentosevilla.com/,1,,Sevilla,"37,3752772","−5,9976876"
Taller Flamenco Sevilla,music_school,http://www.tallerflamenco.com/,1,,Sevilla,"37,4022825","−5,9928614"
Taller Musical Cristina Muscarsel,music_school,http://www.tallermusical.es/,1,,Sevilla,"37,380771","−5,9615825"
45RPM,music_venue,http://www.salafanatic.com/eventos/tipos/club-fanatic/,1,,Sevilla,"37,36659","−5,95953"
Agrupación Musical Nuestra Señora de la Encarnación,music_venue,http://www.amencarnacion.com/,1,,Sevilla,"37,4269646","−5,9730527"
BUNDA Lounge Music Bar,music_venue,Ingen webbplats,1,,Sevilla,"37,3853645","−5,951068"
Club kayser,music_venue,Ingen webbplats,1,,Sevilla,"37,38521","−5,99446"
Elevental Music,music_venue,http://www.alventus.com/,1,,Sevilla,"37,3902772","−5,992308"
Impulsa Music Center,music_venue,http://impulsamusiccenter.es/,1,,Sevilla,"37,4299567","−5,9744267"
Juventudes Musicales de Sevilla,music_venue,http://www.jmsevilla.org/,1,,Sevilla,"37,3736508","−5,9857227"
La Sala,music_venue,https://www.instagram.com/lasalasvq/?hl=es,1,,Sevilla,"37,4010843","−5,9883028"
Lola de Los Reyes,music_venue,http://www.loladelosreyes.es/,1,,Sevilla,"37,3824459","−5,9994883"
Peña Flamenca Torres Macarena de Sevilla,music_venue,http://www.torresmacarena.com/,1,,Sevilla,"37,4044787","−5,9906794"
Sala Custom,music_venue,http://www.salacustom.com/,1,,Sevilla,"37,4086377","−5,9569126"
Sala El Cachorro,music_venue,Ingen webbplats,1,,Sevilla,"37,3871783","−6,00705"
Sala Fanatic,music_venue,https://salafanatic.com/,1,,Sevilla,"37,3665702","−5,959547"
Sala Hollander,music_venue,http://salahollander.es/,1,,Sevilla,"37,4097384","−5,9511699"
Sala Joaquín Turina,music_venue,http://icas-sevilla.org/espacio-turina-temporada-2016-2017,1,,Sevilla,"37,3928617","−5,9928722"
SevillaMetal,music_venue,http://www.sevillametal.org/,1,,Sevilla,"37,4087588","−5,9900701"
Tablao el Flamenquito de Sevilla,music_venue,http://tablaosflamencos.com/en/tablaos/el-flamenquito,1,,Sevilla,"37,381914","−5,990926"
Tablao Flamenco La Cantaora,music_venue,https://tickets.flamencolacantaora.com/,1,,Sevilla,"37,3895913","−5,9960248"
Tablao Flamenco Santa Cruz,music_venue,https://www.flamencosantacruz.com/,1,,Sevilla,"37,3861402","−5,986489"
The Garage Sevilla,music_venue,Ingen webbplats,1,,Sevilla,"37,387878","−6,0021391"
Las Cigarreras,musician,http://lascigarreras.net/,1,,Sevilla,"37,427084","−5,974088"
Doble Cero Sevilla,newspaper_and_magazines_store,http://www.doblecerosevilla.com/,1,,Sevilla,"37,38248997","−5,929961777"
Kiosco de Prensa y Revistas Encina del Rey,newspaper_and_magazines_store,https://kiosco-encina-del-rey.negocio.site/?_target%3Fm=true,1,,Sevilla,"37,4083518","−5,9206878"
Clásicos Contemporáneos,performing_arts,,1,,Sevilla,"37,41611","−5,98624"
Escuela de Clown Botarate,performing_arts,https://escuelabotarate.com/,1,,Sevilla,"37,3997121","−5,9965173"
La Barca Otro Teatro,performing_arts,http://www.labarcaotroteatro.com/,1,,Sevilla,"37,3974279","−5,985583"
Ruesga Theater LAB,performing_arts,http://arcadiaamarga.es/,1,,Sevilla,"37,3875313","−5,9892602"
Tuna de Peritos Industriales de Sevilla,performing_arts,http://www.tunadeperitos.es/,1,,Sevilla,"37,37616315","−6,002944738"
"DEINM ESTUDIO,  . .",photography_store_and_services,,1,,Sevilla,"37,37678","−5,99712"
Dismafoto Sa,photography_store_and_services,https://dismafoto.es/,1,,Sevilla,"37,3853044","−5,9532024"
Foto Stilo Azahar,photography_store_and_services,http://www.bodasfotostiloazahar.com/,1,,Sevilla,"37,3882241","−5,921118687"
Foto Supra,photography_store_and_services,http://www.fotosupra.es/,1,,Sevilla,"37,3765044","−5,9975442"
Fotoprix Sevilla,photography_store_and_services,https://www.fotoprix.com/es/,1,,Sevilla,"37,3901426","−5,9936967"
Photo & Phone,photography_store_and_services,http://www.kodifoto.com/,1,,Sevilla,"37,3865567","−5,9947826"
Revelado y fotografía Logiphoto+,photography_store_and_services,http://www.interfilm.es/,1,,Sevilla,"37,3820039","−5,9668527"
Sol Lab - Laboratorio Analógico,photography_store_and_services,http://www.sollabsevilla.com/,1,,Sevilla,"37,3922896","−5,9844843"
STAF,photography_store_and_services,http://www.staf.es,1,,Sevilla,"37,3889034","−5,9714603"
Diario de Sevilla,print_media,https://www.diariodesevilla.es/,1,,Sevilla,"37,3909865","−5,9956609"
El Giraldillo,print_media,http://elgiraldillo.es/,1,,Sevilla,"37,3882068","−5,9865402"
Salvador Navarro - Contador de historias,print_media,http://www.salvador-navarro.com/,1,,Sevilla,"37,39978","−5,99647"
COPE Sevilla,radio_station,http://cope.es/sevilla,1,,Sevilla,"37,3910141","−5,9949275"
Latineo.fm,radio_station,https://latineo.fm/,1,,Sevilla,"37,38236","−5,91867"
Neo FM,radio_station,http://www.neofm.es/,1,,Sevilla,"37,4255849","−5,9749043"
Ocean Radio Spain,radio_station,http://www.oceanradio.com/,1,,Sevilla,"37,3931412","−5,9937394"
Ondacero Sevilla,radio_station,http://www.ondacero.es/sevilla,1,,Sevilla,"37,3818766","−5,99097"
Rtva,radio_station,http://www.canalsur.es,1,,Sevilla,"37,406161","−5,998566"
Ártico Records,record_label,Ingen webbplats,1,,Sevilla,"37,4261688","−5,9738908"
Esféricadiscos,record_label,Ingen webbplats,1,,Sevilla,"37,39204","−5,99204"
Polakoteka,record_label,https://linktr.ee/Polakoteka,1,,Sevilla,"37,39479","−5,95747"
Artes graficas ramos,screen_printing_t_shirt_printing,Ingen webbplats,1,,Sevilla,"37,3692011","−5,9554905"
Bordados DANDY,screen_printing_t_shirt_printing,http://www.dandypiel.com/,1,,Sevilla,"37,369626","−5,9380421"
D'arte Cofrade,screen_printing_t_shirt_printing,http://www.deartecofrade.com/,1,,Sevilla,"37,37645","−6,01184"
Gorca Textil,screen_printing_t_shirt_printing,https://www.gorcatextil.com/,1,,Sevilla,"37,4076157","−5,9559341"
Manifiesto,screen_printing_t_shirt_printing,https://manifiestotaller.com/,1,,Sevilla,"37,4036773","−5,9847109"
Asecan Andalucía,theatre,http://www.asecan.org/,1,,Sevilla,"37,4060949","−5,9345361"
Ballet Flamenco de Andalucía,theatre,http://www.juntadeandalucia.es/cultura/bfa/,1,,Sevilla,"37,4022129","−5,9945419"
Búho teatro,theatre,http://www.buhoteatro.es/,1,,Sevilla,"37,4126154","−5,9765378"
Cartuja Center CITE,theatre,https://cartujacenter.com/,1,,Sevilla,"37,4046082","−6,0077238"
Centro Andaluz de Teatro,theatre,Ingen webbplats,1,,Sevilla,"37,39838","−5,98803"
Centro TNT,theatre,http://www.atalaya-tnt.com/,1,,Sevilla,"37,4216034","−5,9734523"
Clicolé,theatre,https://clicole.com/,1,,Sevilla,"37,3975745","−5,9855187"
De Sur a Sur Teatro,theatre,Ingen webbplats,1,,Sevilla,"37,3617909","−5,9856772"
Dos Lunas Escuela de Teatro,theatre,http://doslunasteatro.com,1,,Sevilla,"37,4005303","−5,9897024"
Eco Flamenco Triana,theatre,https://crisolflamenco.blogspot.com.es/,1,,Sevilla,"37,3835256","−6,000638"
El Loco Soy Yo,theatre,http://www.teatroquintero.com/,1,,Sevilla,"37,39178","−5,99352"
El Patio de Triana,theatre,http://www.elpatiodetriana.com/,1,,Sevilla,"37,3803702","−6,0075134"
La Colmena Teatro Sevilla,theatre,http://lacolmenateatrosevilla.es/,1,,Sevilla,"37,4074042","−5,9550783"
Platea Odeón,theatre,https://www.plateaodeon.com/,1,,Sevilla,"37,3915516","−6,0027071"
"Sala Fabiola ""Cultura & Eventos""",theatre,http://www.salafabiola.com/,1,,Sevilla,"37,3869873","−5,9890561"
Sala Flamenca Sevillania,theatre,Ingen webbplats,1,,Sevilla,"37,3750802","−6,007782"
Sevilla de Opera,theatre,http://www.sevilladeopera.com,1,,Sevilla,"37,3876693","−5,9995136"
Tablao Alvarez Quintero,theatre,https://www.tablaoalvarezquintero.com/,1,,Sevilla,"37,3876209","−5,9932096"
Tablao Cuna del Flamenco,theatre,http://cunadelflamenco.com/,1,,Sevilla,"37,3918265","−5,9936643"
Tablao Flamenco Los Gallos,theatre,http://www.tablaolosgallos.com/,1,,Sevilla,"37,3851979","−5,9887158"
Tablao Sevilla,theatre,https://www.flamencosporelmundo.com/tablaosevilla,1,,Sevilla,"37,397957","−5,9880365"
Tavora Teatro Abierto,theatre,http://www.teatrotavoradesevilla.com/,1,,Sevilla,"37,368125","−5,9605728"
Teatro Alameda,theatre,http://teatroalamedasevilla.org/,1,,Sevilla,"37,4016779","−5,9943459"
Teatro Central,theatre,http://www.teatrocentral.es/,1,,Sevilla,"37,4081376","−5,9960351"
Teatro Clasico de Sevilla S. c. Andaluza Teatro de,theatre,http://www.clasicodesevilla.com/,1,,Sevilla,"37,3992","−5,9873"
Teatro de la Maestranza,theatre,http://teatrodelamaestranza.es/,1,,Sevilla,"37,3838669","−5,9967466"
Teatro Flamenco Triana,theatre,http://www.teatroflamencotriana.com/,1,,Sevilla,"37,3833477","−6,0005944"
Teatro Lope de Vega,theatre,http://www.teatrolopedevega.org,1,,Sevilla,"37,3784924","−5,9905999"
Teatro Los Remedios,theatre,http://www.teatrolosremedios.es/,1,,Sevilla,"37,3719112","−5,9987765"
Teatro Quintero,theatre,http://www.teatropathe.com/,1,,Sevilla,"37,3918588","−5,993404"
Teatro Salvador Távora,theatre,https://www.teatrotavoradesevilla.com/,1,,Sevilla,"37,3679964","−5,9603555"
Teatro Triana,theatre,http://elteatrodetriana.com/,1,,Sevilla,"37,3801455","−6,0074825"
Teatro Viento Sur,theatre,Ingen webbplats,1,,Sevilla,"37,3761727","−6,0139986"
Viento Sur Teatro,theatre,http://www.vientosurteatro.com/,1,,Sevilla,"37,3760405","−6,0137741"
Real Venta de Antequera,venue_and_event_space,http://www.realventadeantequera.com/,1,,Sevilla,"37,32389","−5,96445"
Tablao Flamenco Almoraima,venue_and_event_space,http://www.salaflamenca-almoraima.com/,1,,Sevilla,"37,38426","−6,00557"
Tablao Flamenco El Palacio Andaluz,venue_and_event_space,https://elflamencoensevilla.com/,1,,Sevilla,"37,4053209","−6,0000369"
MUNDO ARCADE SEVILLA,video_game_store,https://www.mundoarcadesevilla.es/es/,1,,Sevilla,"37,3719809","−5,9814024"
Pixeles Sevilla,video_game_store,http://www.pixeles.shop/,1,,Sevilla,"37,3885473","−5,9661028"
AA.VV.  La Unidad,community_services_non_profits,Ingen webbplats,1,aavv,Sevilla,"37,3777652","−5,9474794"
Asociación de Vecinos Bermejales 2000,community_services_non_profits,http://www.bermejales2000.es/,1,aavv,Sevilla,"37,348895","−5,9773287"
Asociación de Vecinos Pedro Salvador,community_services_non_profits,https://facebook.com/avpedrosalvador/,1,aavv,Sevilla,"37,3550127","−5,9786727"
Asociación Juvenil El Escalón Salesiano,community_services_non_profits,Ingen webbplats,1,aavv,Sevilla,"37,3707959","−5,9455938"
Crioyo: Creative Design & Ilustration,graphic_designer,http://crioyo.es/,1,Agencia creativa,Sevilla,"37,3973327","−5,9908175"
Estudio Black,graphic_designer,http://www.estudioblack.com/,1,Agencia creativa,Sevilla,"37,3884701","−6,0124412"
"ESCULTOR Marcos, Domínguez Alonso",art_school,http://marcosescultor.com/,1,Artesano escultor + escuela,Sevilla,"37,3974852","−5,9846279"
Antonio Álvarez Gordillo. Estudio.,art_gallery,http://antonioalvarezgordillograbadosyp.blogspot.com.es/,1,Artesano pintor,Sevilla,"37,40086","−5,99123"
Barán Design,graphic_designer,http://www.isagcorona.com/,1,autónoma diseño,Sevilla,"37,3748","−5,99922"
Casa de las Columnas de Triana,community_center,http://www.rmbs.es/blog/biblioteca-las-columnas,1,CENTRO CIVICO,Sevilla,"37,383239","−6,0000229"
Centro Cívico Bellavista,community_center,http://www.sevilla.org,1,CENTRO CIVICO,Sevilla,"37,324797","−5,966225"
Centro Civico Los Carteros,community_center,http://www.sevilla.org,1,CENTRO CIVICO,Sevilla,"37,4111287","−5,9714681"
centro civico San Fernando,community_center,http://participasevilla.sevilla.org/?page_id=126,1,CENTRO CIVICO,Sevilla,"37,4054763","−5,9896939"
Centro Cívico San Jerónimo,community_center,Ingen webbplats,1,CENTRO CIVICO,Sevilla,"37,42448","−5,9807"
Centro Cívico Su Eminencia,community_services_non_profits,http://www.sevilla.org,1,centro civico,Sevilla,"37,3726212","−5,9452952"
Centro Civico Torre del Agua,theatre,Ingen webbplats,1,centro civico,Sevilla,"37,369922","−5,979253"
Centro Civico Sindicalistas Soto Saborido y Acosta,cultural_center,Ingen webbplats,1,centrocivico,Sevilla,"37,38543","−5,96237"
Centro Cívico Torreblanca,cultural_center,http://www.sevilla.org,1,centrocivico,Sevilla,"37,382214","−5,902765"
Galería Weber-Lutgen,art_gallery,http://www.galeria-wl.eu/,1,Cerrado?,Sevilla,"37,4007318","−5,9874863"
Diagrama Estudio. Diseño editorial,graphic_designer,http://www.diagramaestudio.com/,1,diseñador gráfico,Sevilla,"37,4057386","−5,9286371"
Libros.cc,bookstore,http://libros.cc/,1,DISTRIBUIDORA,Sevilla,"37,39129","−5,99707"
Alpeimpress,graphic_designer,Ingen webbplats,1,empresa de diseño,Sevilla,"37,412515","−5,9705222"
Beltran Impresores,graphic_designer,http://Www.beltranimpresores.com/,1,Empresa impresión,Sevilla,"37,3740432","−5,9989263"
Degenero Publicidad Global,graphic_designer,http://www.serigrafiasevilla.com/,1,empresa serigrafía,Sevilla,"37,4019","−5,94146"
LIE RADIO,radio_station,http://lieradio.com/,1,eS UN ESPACIO CULTURAL,Sevilla,"37,39678","−5,98601"
Artes Escénicas Rebollar,theatre,http://www.artesescenicasrebollar.com/,1,escuela,Sevilla,"37,3754857","−5,9553"
BN · Design,graphic_designer,https://bethanyneumann.com/,1,Especialidad en dirección de arte,Sevilla,"37,395371","−5,9778355"
Picnic Interestelar,cultural_center,http://www.interestelarsevilla.com/,1,evento,Sevilla,"37,3982895","−6,0073328"
Encuentro Comedia del Arte Sevilla,theatre,http://www.comediadelartesevilla.es/,1,evento festilval,Sevilla,"37,37604","−6,01391"
Asómate Al Patio,cinema,Ingen webbplats,1,evento periodico yo lo dejaria,Sevilla,"37,38564","−5,98589"
Fabricafe,arts_and_entertainment,Ingen webbplats,1,Fabrica de sombreros,Sevilla,"37,396595","−5,9886793"
Zenith Estudio Creativo,arts_and_entertainment,Ingen webbplats,1,Fabrica de sombreros,Sevilla,"37,39659","−5,98852"
Capilla del Museo,museum,http://hermandaddelmuseo.org,1,Hermandad,Sevilla,"37,39305","−6,00017"
Hermandad de El Valle,museum,http://www.elvalle.org/,1,Hermandad,Sevilla,"37,3926824","−5,9925213"
Hermandad de la Paz,community_services_non_profits,http://hermandaddelapaz.org/,1,hermandades,Sevilla,"37,3747805","−5,9829261"
Hermandad de la Sagrada Resurrección,community_services_non_profits,http://www.hermandaddelaresurreccion.com/,1,hermandades,Sevilla,"37,3989332","−5,9875482"
"Hermandad Nuestro Padre Jesus Cautivo y Nuestra Sra, de las Mercedes",community_services_non_profits,http://www.santagenoveva.com,1,hermandades,Sevilla,"37,368151","−5,976509"
Hermandad Sacramental de la Sagrada Lanzada de Sevilla,community_services_non_profits,http://www.lanzada.org/,1,hermandades,Sevilla,"37,3961777","−5,9929398"
Hermandad Sacramental De La Soledad De San Lorenzo,community_services_non_profits,http://hermandaddelasoledad.org/,1,hermandades,Sevilla,"37,3957943","−5,9974386"
La Redención,community_services_non_profits,http://www.hermandadredencion.com/,1,hermandades,Sevilla,"37,3914838","−5,9864471"
Archivo Histórico Provincial de Sevilla,library,https://lajunta.es/4xyxo,1,history_museum???,Sevilla,"37,3926469","−5,9890459"
Biblioteca Capitular y Colombina,library,http://www.icolombina.es/colombina/index.htm,1,history_museum???,Sevilla,"37,3866722","−5,992807"
Casa Sahara,art_gallery,http://casasahara.org,1,la metemos de algo?,Sevilla,"37,3997702","−5,9894746"
T11 - Espacio Creativo,arts_and_entertainment,http://www.t11.es/,1,MAL UBICADO,Sevilla,"37,3876007","−6,0083977"
Plaza España,arts_and_entertainment,Ingen webbplats,1,monumento,Sevilla,"37,3839214","−5,9937712"
Elaborarte,arts_and_crafts,https://www.instagram.com/cynthiagordillo/,1,no es la web,Sevilla,"37,3969503","−5,9877632"
MOS Cerámica,arts_and_crafts,http://www.mosceramica.es/,1,no es la web,Sevilla,"37,37804","−5,9801"
Alminar Servicios Culturales,arts_and_entertainment,http://alminar-servicios-culturales-sl-faustino-alvarez-31-local.placestars.com/,1,no es la web,Sevilla,"37,401408","−5,992486"
Club Cultural y Deportivo Santa Aurelia,arts_and_entertainment,http://www.clubsantaaurelia.es,1,Piscina y centro de actividades,Sevilla,"37,3853521","−5,9458295"
"Plaza De Toros La Maestranza, Sevilla España",arts_and_entertainment,http://www.plazadetorosdelamaestranza.com/,1,PLAZA DE TOROS!,Sevilla,"37,3926307","−6,0024423"
La Maleta Films,cinema,http://www.lamaletafilms.com/,1,PRODCUTORA,Sevilla,"37,40077","−5,997276"
Lemendu,cinema,http://www.lemendu.com/,1,PRODCUTORA,Sevilla,"37,3865","−5,9708664"
Producciones Singulares,cinema,http://www.produccionessingulares.com/,1,PRODCUTORA,Sevilla,"37,4002732","−5,9906651"
Promico Imagen S.L.,cinema,https://www.promicoimagen.es/,1,PRODCUTORA,Sevilla,"37,3717783","−5,9833037"
SUR 5D,cinema,http://www.sur5d.com/contacto,1,PRODCUTORA,Sevilla,"37,3978195","−5,98281"
Adriatico Records,arts_and_entertainment,http://www.adriaticorecords.com,1,produccion musical,Sevilla,"37,4235999","−5,9691876"
European Dreams Factory,cinema,http://www.edreamsfactory.es/,1,PRODUCTORA DE CINE CRISTIANO,Sevilla,"37,37943","−5,99861"
GNP Producciones,arts_and_entertainment,http://gnpproducciones.com/,1,repe,Sevilla,"37,3902588","−5,99967"
filmAnd,cinema,http://www.filmand.es/,1,REVISTA DE CINE,Sevilla,"37,3931412","−5,9837079"
El Patio Sevillano Tablao Flamenco,music_venue,http://www.elpatiosevillano.com/,1,Tablao,Sevilla,"37,386165","−5,999321"
Arce espacio,arts_and_crafts,Ingen webbplats,1,TALLER DE CERAMICA,Sevilla,"37,4006351","−5,9859953"
Flamenco Alameda,music_venue,Ingen webbplats,1,Teatro flamenco,Sevilla,"37,3963499","−5,9946141"
La Casa Del Cofrade,arts_and_crafts,https://casadelcofrade.com/,1,tienda de articulos semana santa,Sevilla,"37,3853846","−6,003283"
Janmei,arts_and_crafts,Ingen webbplats,1,tienda de material de arte,Sevilla,"37,3898558","−5,989159"
El Taller de Yoko,art_supply_store,http://www.ceramicasevilla.com/,1,,Sevilla,"37,39677396","−5,98985806"
7 TV Andalucía,mass_media,https://7tvandalucia.es/,1,,Sevilla,"37,3892873","−5,992616"
Casa Natal de Velázquez,museum,https://casanatalvelazquez.com/,1,,Sevilla,"37,3912312","−5,990258"
Museo de las Ilusiones Sevilla,museum,https://moisevilla.es/,1,,Sevilla,"37,3918878","−5,9969806"
Streaming Sevilla,video_film_production,https://streamingsevilla.eu/,1,,Sevilla,"37,324331","−5,9694422"
Diwap Gallery | Galería de arte contemporáneo,art_gallery,https://diwapgallery.com/,1,,Sevilla,"37,3972737","−5,9912422"
HechoenSevilla  Concept store,art_gallery,https://www.artesaniasevillana.es/,1,,Sevilla,"37,3886041","−5,992987"
Abril Sevilla,dance_club,http://www.abrilsevilla.com/,1,,Sevilla,"37,3870517","−5,9728271"
Amazonas Night Club,dance_club,https://instagram.com/amazonas_nightclub?igshid=YmMyMTA2M2Y%3D,1,,Sevilla,"37,4274835","−5,9759957"
Antique Theatro,dance_club,http://www.antiquetheatro.com,1,,Sevilla,"37,4051555","−6,0013758"
Arisha Copas,dance_club,,1,,Sevilla,"37,387495","−6,011352"
Bakú Viapol,dance_club,https://www.instagram.com/bakuviapol/?hl=es,1,,Sevilla,"37,3762105","−5,9768007"
Bora Bora Discoteca Sevilla,dance_club,Ingen webbplats,1,,Sevilla,"37,4278045","−5,9759072"
Brooklyn Discoteca,dance_club,https://www.instagram.com/brooklynclubpalma/?hl=es,1,,Sevilla,"37,3732578","−6,0107059"
Chaman in the trap club,dance_club,http://www.instagram.com/chaman.in.the.trap.sevilla,1,,Sevilla,"37,4275978","−5,9759331"
Chaney Discotek,dance_club,http://chaneydiscotek.com/,1,,Sevilla,"37,4246785","−5,9794876"
Chaney Sevilla,dance_club,http://www.chaneydiscotek.com/,1,,Sevilla,"37,38224","−5,99218"
Culture Club,dance_club,Ingen webbplats,1,,Sevilla,"37,3897813","−5,9913155"
Déjá Vu Sevilla,dance_club,Ingen webbplats,1,,Sevilla,"37,40629","−5,956"
Delirio Society,dance_club,https://www.instagram.com/explore/locations/106218608966984/delirio-society/?hl=es,1,,Sevilla,"37,3889757","−5,9964638"
El Sabroson,dance_club,Ingen webbplats,1,,Sevilla,"37,4069549","−5,9561814"
Fun Club,dance_club,http://www.funclubsevilla.com,1,club,Sevilla,"37,3978409","−5,9934976"
Hoyo Sevilla,dance_club,https://www.instagram.com/hoyo_sevilla_/?hl=es,1,,Sevilla,"37,3896003","−6,0008173"
Ipaipa Disco Terraza,dance_club,https://ipaipadiscoterraza.es/,1,,Sevilla,"37,4300558","−5,9746747"
Itaca,dance_club,http://www.itacadiscoteca.com,1,,Sevilla,"37,3952992","−5,9945733"
Terraza Libano,dance_club,https://www.instagram.com/libano_terraza_oficial/?hl=es,1,,Sevilla,"37,3907096","−6,0020757"
JFK Eventos Sevilla,dance_club,Ingen webbplats,1,,Sevilla,"37,396176","−5,946464"
Koko Club Sevilla,dance_club,https://kokosevilla.com/,1,,Sevilla,"37,3934911","−5,9915914"
La FINCA summer club,dance_club,Ingen webbplats,1,,Sevilla,"37,32251","−5,96849"
La Quesería Pub,dance_club,Ingen webbplats,1,,Sevilla,"37,3736163","−5,9992388"
Lobby Club,dance_club,https://www.instagram.com/lobbyclubsevilla/?hl=es,1,,Sevilla,"37,3876919","−6,0008218"
Maffia The Club,dance_club,http://maffiatheclub.com/,1,,Sevilla,"37,3791129","−5,9782978"
Matakas Bar,dance_club,https://g.page/matakabar?gm,1,,Sevilla,"37,3942484","−5,9856433"
Monasterio Sevilla,dance_club,http://www.monasteriosevilla.es/,1,,Sevilla,"37,3947813","−5,9945399"
Mr. KOOL,dance_club,Ingen webbplats,1,,Sevilla,"37,39297","−6,0032"
Munich Club,dance_club,https://twitter.com/ClubMUNICH,1,,Sevilla,"37,4003355","−5,9923225"
Obbio & Holiday Club.,dance_club,https://www.obbio.club/,1,,Sevilla,"37,3902575","−6,0021064"
OCCO Sevilla,dance_club,http://www.occosevilla.es/,1,,Sevilla,"37,3942535","−5,9508319"
Ocean Sevilla,dance_club,http://www.oceansevilla.es/,1,,Sevilla,"37,394366","−5,950696"
Plaza Europa Terraza,dance_club,http://www.plazaeuropaterraza.com/,1,,Sevilla,"37,4074823","−6,0025768"
Sala Cosmos,dance_club,http://www.salacosmos.com/,1,club,Sevilla,"37,3786173","−5,9739842"
Sala Roma Sevilla,dance_club,Ingen webbplats,1,,Sevilla,"37,407939","−5,9564385"
Sala Yemaya,dance_club,http://www.salayemaya.com/,1,,Sevilla,"37,395834","−5,946301"
Studio 74 - Sevilla -,dance_club,http://studio74-sevilla.negocio.site/,1,,Sevilla,"37,40188","−5,99404"
Terraza Alfonso,dance_club,Ingen webbplats,1,,Sevilla,"37,3705554","−5,9884238"
Terraza Bilindo,dance_club,http://www.terrazabilindo.com/,1,,Sevilla,"37,3714933","−5,9889454"
Uthopia Sevilla,dance_club,https://www.instagram.com/uthopiasevilla/?hl=es,1,,Sevilla,"37,3910488","−6,0026733"
GAME Macarena,video_game_store,https://www.game.es/,1,cadena,Sevilla,"37,41664257","−5,969988011"
GAME Nervión,video_game_store,https://www.game.es/,1,cadena,Sevilla,"37,383066","−5,972815"
GAME Torresevilla,video_game_store,https://www.game.es/,1,cadena,Sevilla,"37,391427","−6,010487"
Gamestop,video_game_store,Ingen webbplats,1,cadena,Sevilla,"37,374599","−5,996458"
Flamencas Mof & Art,fashion,https://www.flamencasmofart.com/,1,"""MOF & ART"" • Asociación de diseñadores y artesanos de moda flamenca.",Sevilla,"37,38855","−5,99273"
Laureana. Tocados Artesanales,fashion,http://www.tocados.net/contacta/,1,artesanal,Sevilla,"37,3855355","−5,9957791"
JLu Zambonino Zambonino,fashion,https://www.instagram.com/zambonino_official/?hl=es,1,Atelier (artesano?),Sevilla,"37,38421","−5,99435"
Bordados Sevilla,fashion,https://www.bordadossevilla.com/,1,bordado e impresión textil,Sevilla,"37,42241","−5,9648"
Casa del Libro,bookstore,http://www.casadellibro.com,1,cadena,Sevilla,"37,3915801","−5,9955118"
Casa del libro,bookstore,https://www.casadellibro.com/,1,cadena,Sevilla,"37,3764984","−5,976854"
Casa del libro,bookstore,https://www.casadellibro.com/,1,cadena,Sevilla,"37,3879135","−5,9704909"
Fnac España,music_and_dvd_store,Ingen webbplats,1,cadena,Sevilla,"37,3911243","−6,0103862"
GAME Alcampo Ronda,video_game_store,https://www.game.es/,1,cadena,Sevilla,"37,37049673","−5,966828192"
GAME Arcos,video_game_store,https://www.game.es/,1,cadena,Sevilla,"37,387962","−5,9612331"
Centro Civico El Tejar del Mellizo,arts_and_entertainment,http://centro-civico-el-tejar-del-mellizo.placestars.com,1,CENTRO CIVCO,Sevilla,"37,3749787","−6,0052459"
Felix Complementos,fashion,https://felixcomplementos.com/,1,complementos flamenco,Sevilla,"37,402317","−5,9228749"
Flamenca Charo Padilla,fashion,https://www.facebook.com/3flamencas/?locale=es_ES,1,complementos flamenco,Sevilla,"37,40882","−5,97862"
Feria Abril de Sevilla,arts_and_entertainment,https://es.wikipedia.org/wiki/Feria_de_Abril,1,evento,Sevilla,"37,37077","−5,99733"
La Bienal de Flamenco. Sevilla,arts_and_entertainment,http://www.labienal.com/,1,EVENTO,Sevilla,"37,38562","−6,00457"
Feria del Libro de Sevilla (FLS),bookstore,http://ferialibrosevilla.com/,1,evento,Sevilla,"37,3881989","−5,9955497"
Festival de Cine Africano-FCAT,community_services_non_profits,http://www.fcat.es/,1,evento,Sevilla,"37,3877965","−5,9892333"
Festival de la Guitarra de Sevilla,community_services_non_profits,http://www.guitartfestivalsevilla.com/,1,evento,Sevilla,"37,38887","−6,00094"
LaPaca Costura,fashion,http://lapaca-costura.negocio.site/,1,flamenca y +,Sevilla,"37,3845224","−6,0047363"
adela,fashion,https://www.instagram.com/angelesavilamodaflamenca/?hl=es,1,flamenco,Sevilla,"37,3896409","−5,9925132"
Confeccion Flamencas Hechos A Mano,fashion,https://www.facebook.com/p/Confeccion-Flamencas-Hechos-A-Mano-100063782087892/?locale=es_ES,1,flamenco,Sevilla,"37,4162993","−5,9645495"
EMMA WU Flamenca,fashion,http://www.emmawuflamenca.com/,1,flamenco,Sevilla,"37,3936499","−5,9404393"
FlorFlamenca.com,fashion,http://www.florflamenca.com/,1,flamenco,Sevilla,"37,37504","−5,91479"
Francisco Alegre y David Espejo,fashion,https://www.facebook.com/arahalflamenca,1,flamenco,Sevilla,"37,38595","−5,9119"
Isabel Peinado Barron,fashion,https://www.facebook.com/IsabelPeinadocomplementos/,1,flamenco,Sevilla,"37,37727","−6,00344"
Maricruz Moda Flamenca,fashion,https://www.maricruz.es/,1,flamenco,Sevilla,"37,3896489","−5,9929697"
Marinaflamenca,fashion,http://www.marinaflamenca.com/,1,flamenco,Sevilla,"37,3757842","−5,9602888"
Maype Flamenca,fashion,http://www.maypeflamenca.com/,1,flamenco,Sevilla,"37,3844899","−5,9307207"
MColmenero&Luque,fashion,http://www.mcolmeneroluque.com/,1,flamenco,Sevilla,"37,3852839","−6,0052079"
José Galvañ Costura,fashion,http://www.galvancostura.com/,1,flamenco y +,Sevilla,"37,39471","−5,98946"
Silviapradamerceria,fashion,https://www.instagram.com/silviapradamerceria1/,1,"Hacen talleres de crochet, p ej",Sevilla,"37,38206","−5,97161"
Esther Álvarez Diseño Y Confección.,fashion,https://www.facebook.com/p/Esther-%C3%81lvarez-Dise%C3%B1o-Y-Confecci%C3%B3n-100054509678817/?locale=es_ES,1,modista y arreglos (flamenco) ,Sevilla,"37,3891569","−5,973694"
The Button Club,fashion,https://www.facebook.com/RosaLeonDesigner/photos/,1,Taller de costura,Sevilla,"37,3463233","−5,9790709"
Lamaletadesevilla,fashion,https://www.instagram.com/lamaletadesevilla/?hl=es,1,"tienda pequeña, pero no explicita si lo hacen ahí",Sevilla,"37,40775","−5,98551"
Espacio Creativo La Bañera,dance_club,Ingen webbplats,1,Cultural space /coworking,Sevilla,"37,39698","−5,99954"
Gallo Rojo. Factoría de creación,art_gallery,http://gallorojo.es/,1,Cultural space /coworking,Sevilla,"37,3954409","−5,9917374"
Discos Sevilla Este,music_and_dvd_store,http://www.discosevillaeste.com,1,,Sevilla,"37,393208","−5,920195"
La Piconera,dance_club,http://lapiconerasevilla.com/,1,Music venue,Sevilla,"37,3791959","−6,000584"
La Posada Sevilla,dance_club,http://www.laposadasevilla.com/,1,music venue,Sevilla,"37,427291","−5,976933"
Supra Sevilla,dance_club,https://linktr.ee/supramusichall,1,,Sevilla,"37,3665501","−5,9595348"
Tango Bar,dance_club,http://www.singandswing.net/,1,,Sevilla,"37,3876445","−6,0055394"
Tarifa Music Club,dance_club,Ingen webbplats,1,,Sevilla,"37,3999049","−5,9850316"
vorachatack club,dance_club,https://www.instagram.com/vorachatack_club/,1,,Sevilla,"37,3851987","−5,9511019"
Academia de baile Clamor,art_school,http://www.academiadebaileclamorsevilla.es/,1,dance_school,Sevilla,"37,4023568","−5,9755501"
Academia de Flamenco Alicia Vega,art_school,http://www.aliciavegaflamenco.com/,1,dance_school,Sevilla,"37,3962567","−5,9954335"
ESSDM Escuela Sevilla de Moda,fashion,http://www.essdm.es/,1,art_school,Sevilla,"37,4266059","−5,9742376"
Cerámica Fango,art_gallery,https://ceramicafango.es/,1,Handcraft,Sevilla,"37,3934389","−5,9833531"
Dorado y Restauración Paco Pardo,art_gallery,http://www.doradorpacopardo.com/,1,Handcraft,Sevilla,"37,38544","−5,923076"
Arte Arrebol,music_school,http://www.artearrebol.com/,1,dance_school,Sevilla,"37,3987461","−5,9880501"
PLAY Sevilla,music_production,http://www.playsevilla.com/,1,music school,Sevilla,"37,3862007","−5,9637821"
Embrujo Flamenco,music_venue,Ingen webbplats,1,fashion,Sevilla,"37,3750914","−6,0079363"
Walker oficios artesanos,museum,http://jorgegarciarojas.wordpress.com/,1,Handcraft,Sevilla,"37,35813","−5,96811"
Archicofradía de María Auxiliadora Coronada,community_services_non_profits,http://auxiliadoracoronada.es/,1,Hermandades,Sevilla,"37,3980705","−5,9794716"
El Alcazar,arts_and_entertainment,Ingen webbplats,1,monumento,Sevilla,"37,3898","−5,99327"
Palacio de Pilatos,museum,Ingen webbplats,1,monumento,Sevilla,"37,39641","−5,9833"
Siviglia - Alcázar,museum,Ingen webbplats,1,monumento,Sevilla,"37,39152","−5,99892"
Casa de la Ciencia,art_museum,http://www.casadelaciencia.csic.es/,1,Science Museum,Sevilla,"37,3775688","−5,9911603"
Escuela de Música Joaquín Turina,art_school,http://www.estumusica.es/,1,music school,Sevilla,"37,3894958","−5,9952125"
The Music House,art_school,http://www.themusichouse.es/,1,music school,Sevilla,"37,3456535","−5,9813292"
David Noalia Gallery,art_gallery,http://www.davidnoalia.com/,1,PINTOR TIENDA GALERIA,Sevilla,"37,3892502","−5,9925148"
Sala Almoraima - Tablao Flamenco,general_festivals,https://salaflamenca-almoraima.com/,1,Music venue,Sevilla,"37,38426","−6,00557"
Tablao Flamenco en Sevilla | Flamenco Show in Seville,general_festivals,https://www.flamencoensevilla.es/,1,Music venue,Sevilla,"37,3868542","−5,9930685"
Tablao Flamenco Las Setas en Sevilla,general_festivals,https://tablaoflamencolassetas.com/,1,Music venue,Sevilla,"37,3934473","−5,9914202"
Espacio BarroAzul,art_gallery,https://www.barroazul.es/,1,Handcraft,Sevilla,"37,3845235","−6,0048979"
Cuadro Decoracion,framing_store,https://cuadrodecoracion.com/,1,Handcraft,Sevilla,"37,3933249","−6,0006543"
Biblioteca General Universidad de Sevilla,library,https://bib.us.es/bibliotecas_y_horarios,1,,Sevilla,"37,3815521","−5,9916436"
Remedios,arcade,Ingen webbplats,2,,Sevilla,"37,37702","−6,00659"
Arqpericial | Arquitectos Peritos Forenses,architect,https://arqpericial.es/,2,,Sevilla,"37,3645009","−5,9583684"
"Arquitecto en Sevilla, Manuel Pinilla",architect,http://www.manuelpinilla.com/,2,,Sevilla,"37,392041","−5,995805"
Orbesan Ingeniería y Construcción,architect,http://orbesan.es/,2,,Sevilla,"37,3755854","−5,9757944"
Angar Arquitectos,architectural_designer,http://www.arquitectosevilla.com/,2,,Sevilla,"37,3693719","−5,9836559"
Arquitectos Sevilla,architectural_designer,http://www.arquitectossevilla.com,2,,Sevilla,"37,389575","−5,954256"
Estudio Republica Dm,architectural_designer,Ingen webbplats,2,,Sevilla,"37,3479523","−5,9790932"
Puerta Catedral Art Gallery,art_gallery,Ingen webbplats,2,,Sevilla,"37,38891","−5,99262"
We El Porvenir,art_gallery,http://www.weelporvenir.es/,2,,Sevilla,"37,370809","−5,983215"
Escuela Andaluza de Tatuajes,art_school,http://escuelaandaluzadetatuaje.com/,2,,Sevilla,"37,3885589","−5,9660097"
El Taller de Beatrichell,arts_and_crafts,https://beatrichell.blogspot.com/,2,,Sevilla,"37,38327","−5,96537"
Hipermaquina,arts_and_crafts,http://www.hipermaquinas.es/,2,,Sevilla,"37,3988535","−5,9917089"
Manualidades y Hobby,arts_and_crafts,http://manualidadesyhobby.es/,2,,Sevilla,"37,4167313","−5,9711042"
Mundo Artesano,arts_and_crafts,http://www.mundo-artesano.com/,2,,Sevilla,"37,4067845","−5,9617143"
SVQ,arts_and_crafts,https://www.etsy.com/es/shop/SVQ2202,2,,Sevilla,"37,39264","−5,98497"
Albareda 11 - Espacio de Creación,arts_and_entertainment,Ingen webbplats,2,,Sevilla,"37,38943","−5,99533"
Andalucia Sevilla Espana,arts_and_entertainment,Ingen webbplats,2,,Sevilla,"37,3861061","−5,9424821"
Barrio De San Julián,arts_and_entertainment,Ingen webbplats,2,,Sevilla,"37,4000244","−5,9851566"
Barrio Santa Cruz Sevilla,arts_and_entertainment,Ingen webbplats,2,,Sevilla,"37,3862547","−5,9873933"
Bellavista Top,arts_and_entertainment,http://www.renfe.com/,2,,Sevilla,"37,3259238","−5,9672033"
Calle Dos de Mayo,arts_and_entertainment,Ingen webbplats,2,,Sevilla,"37,3847365","−5,9963753"
Canal 47,arts_and_entertainment,Ingen webbplats,2,,Sevilla,"37,3894001","−5,9927372"
"Caseta de Feria de Sevilla Azahar, Pepe Luis Vázquez 6",arts_and_entertainment,Ingen webbplats,2,,Sevilla,"37,40357","−5,95383"
Caseta del Ayuntamiento,arts_and_entertainment,Ingen webbplats,2,,Sevilla,"37,39931","−5,98836"
"Caseta feria Sevilla ""Los ventitantos""",arts_and_entertainment,Ingen webbplats,2,,Sevilla,"37,3708705","−5,9981239"
Centro Social Felipe II,arts_and_entertainment,http://centro-social-felipe-ii.placestars.com,2,,Sevilla,"37,371708","−5,974446"
Colegio Andaluz de Arbitros de Futbol,arts_and_entertainment,Ingen webbplats,2,,Sevilla,"37,393519","−5,998528"
Elite Sevilla GC,arts_and_entertainment,http://www.elitegamingcenter.com/sevilla/,2,,Sevilla,"37,3781882","−5,974462"
Espectáculos Circuito España,arts_and_entertainment,http://circuitoespana.es/,2,,Sevilla,"37,422509","−5,9855038"
Estadio Olimpico Sevilla,arts_and_entertainment,Ingen webbplats,2,,Sevilla,"37,377735","−5,9775723"
Federación Provincial de Sevilla de Entidades Flamencas,arts_and_entertainment,https://linktr.ee/sevillafederacionflamenca,2,,Sevilla,"37,3760332","−5,9583185"
Fiestamania,arts_and_entertainment,http://www.fiestamaniasevilla.es,2,,Sevilla,"37,3877018","−5,979572"
Fígaro Prints and Toys,arts_and_entertainment,http://www.figarosevilla.com/,2,,Sevilla,"37,3851668","−5,9886892"
Garfio Sevilla - Cumpleaños y Fiestas,arts_and_entertainment,https://garfio-sevilla-este.negocio.site/,2,,Sevilla,"37,4027778","−5,9124583"
Gran Soho Alameda,arts_and_entertainment,http://www.twitter.com/FESTIVALAMEDA,2,,Sevilla,"37,3953791","−5,9947526"
grupojye.es,arts_and_entertainment,,2,,Sevilla,"37,40103149","−5,947350025"
Ilusiónate Animación,arts_and_entertainment,,2,,Sevilla,"37,4057386","−5,9286371"
Jucho,arts_and_entertainment,Ingen webbplats,2,,Sevilla,"37,3835106","−5,9936299"
"La Alhambra, Granada",arts_and_entertainment,https://en.wikipedia.org/wiki/Alhambra,2,,Sevilla,"37,3829394","−5,9957777"
La Cartuja de Sevilla,arts_and_entertainment,Ingen webbplats,2,,Sevilla,"37,3856085","−5,9940005"
La Casa Del Panda,arts_and_entertainment,Ingen webbplats,2,,Sevilla,"37,3645771","−5,989421"
La lola,arts_and_entertainment,Ingen webbplats,2,,Sevilla,"37,38973","−6,0003"
LEKIM animaciones | Teatro & Animación para eventos,arts_and_entertainment,http://www.lekimanimaciones.es/,2,,Sevilla,"37,40077","−5,99298"
Link Escape Sevilla,arts_and_entertainment,http://www.linkescape.org/sevilla,2,,Sevilla,"37,40138","−5,98321"
"Lotería Sagasta ""Los Millones""",arts_and_entertainment,https://www.loteriasagastasevilla.com/,2,,Sevilla,"37,3899334","−5,9941862"
Pabellón de Brasil,arts_and_entertainment,http://www.us.es,2,,Sevilla,"37,3700806","−5,9878765"
Pandora Eventos,arts_and_entertainment,http://instagram.com/pandoraxxi/,2,,Sevilla,"37,3879","−6,00198"
Past View Experience,arts_and_entertainment,http://www.pastviewexperience.com/,2,,Sevilla,"37,3933284","−5,9918773"
RedWolf e-Sports Center,arts_and_entertainment,http://www.redwolfcenter.com/,2,,Sevilla,"37,39655","−6,00074"
SALA MAMBO,arts_and_entertainment,Ingen webbplats,2,,Sevilla,"37,4070538","−5,9542952"
Sevilla Capital,arts_and_entertainment,http://www.visitasevilla.es/,2,,Sevilla,"37,388614","−5,995627"
"Sevilla, Centro",arts_and_entertainment,Ingen webbplats,2,,Sevilla,"37,3827029","−6,0047742"
"Sevilla, La Seta Sevillana",arts_and_entertainment,Ingen webbplats,2,,Sevilla,"37,3926131","−5,9918707"
Seville Toro de Oro,arts_and_entertainment,Ingen webbplats,2,,Sevilla,"37,3828162","−5,9970062"
"The sun and the rainfall,the timeles photo gallery of Isi",arts_and_entertainment,http://www.limage.es/,2,,Sevilla,"37,3914577","−5,993903"
Toro del Oro,arts_and_entertainment,https://www.torodeloro.com/,2,,Sevilla,"37,34598","−5,98"
Triana,arts_and_entertainment,http://de-triana.placestars.com/,2,,Sevilla,"37,3845612","−6,0036081"
UOC - Sede de Sevilla,arts_and_entertainment,http://www.uoc.edu,2,,Sevilla,"37,4005271","−5,9983293"
VirarT3,arts_and_entertainment,Ingen webbplats,2,,Sevilla,"37,40687","−5,9710599"
Zoológico Club Sevilla,arts_and_entertainment,http://www.zoologicoclub.com,2,,Sevilla,"37,36956","−5,9382"
CSIF Sanidad Andalucía,asian_art_museum,https://www.csif.es/andalucia/sanidad,2,,Sevilla,"37,39372","−5,97957"
Calle Esperanza De Triana N 23,attractions_and_activities,Ingen webbplats,2,,Sevilla,"37,3804357","−6,005246"
Campo Olivar de Pilas,attractions_and_activities,Ingen webbplats,2,,Sevilla,"37,3823967","−5,9851928"
Glorieta de las Cigarreras,attractions_and_activities,Ingen webbplats,2,,Sevilla,"37,3783519","−5,9968321"
Glorieta de Ofelia Nieto,attractions_and_activities,Ingen webbplats,2,,Sevilla,"37,373179","−5,988569"
Jardin Santa Clara,attractions_and_activities,Ingen webbplats,2,,Sevilla,"37,4032737","−5,9558676"
Jardines de la Madrina,attractions_and_activities,Ingen webbplats,2,,Sevilla,"37,3792509","−5,9929012"
Jardines del Parlamento,attractions_and_activities,Ingen webbplats,2,,Sevilla,"37,4032195","−5,9873827"
Andalucia Economica,book_magazine_distribution,http://www.andaluciaeconomica.com,2,,Sevilla,"37,3803015","−5,9845484"
La Razon,book_magazine_distribution,http://www.larazon.es,2,,Sevilla,"37,3925576","−5,9816702"
Alfil.be Papelería & Hobby,bookstore,https://www.alfil.be/,2,,Sevilla,"37,3891709","−5,981238"
Carlin Los Remedios,bookstore,Ingen webbplats,2,,Sevilla,"37,37533","−5,99764"
Casa del búho,bookstore,Ingen webbplats,2,,Sevilla,"37,3781333","−5,9704349"
Culturanatura,bookstore,http://www.culturanatura.com,2,,Sevilla,"37,39904","−5,98827"
Minube Papelería y Regalos,bookstore,Ingen webbplats,2,,Sevilla,"37,38333","−6,00447"
Papeleria Nuevo Torneo,bookstore,Ingen webbplats,2,,Sevilla,"37,4064949","−5,9908102"
Pasaporte Semana Santa Sevilla,bookstore,Ingen webbplats,2,,Sevilla,"37,3986318","−5,9736996"
Prensa Triunfo,bookstore,Ingen webbplats,2,,Sevilla,"37,3872688","−5,9746036"
Tecnocopy,bookstore,Ingen webbplats,2,,Sevilla,"37,3596036","−5,9861509"
Toro del Oro,bookstore,Ingen webbplats,2,,Sevilla,"37,38599","−6,00404"
Treinta&seis,bookstore,http://treintayseisserviciosgraficos.com/,2,,Sevilla,"37,3735641","−5,9676143"
Virgen De Los Buenos Libros,bookstore,Ingen webbplats,2,,Sevilla,"37,3941985","−5,9983353"
Yerma,bookstore,http://www.libreriayerma.es,2,,Sevilla,"37,3796627","−5,9772327"
Blue House Films,cinema,http://www.thebluehousefilms.es/,2,,Sevilla,"37,38894","−5,92217"
Centro Comercial Plaza de Armas,cinema,http://www.centrocomercialplazadearmas.es/,2,,Sevilla,"37,3916733","−6,0025136"
Cine Casablanca,cinema,http://www.grouchomarx.com/,2,,Sevilla,"37,3863106","−5,9426098"
Cines,cinema,http://www.cineciudad.com,2,,Sevilla,"37,3924802","−6,0019362"
Cines Artesiete,cinema,http://www.artesiete.es/,2,,Sevilla,"37,4011679","−6,00934"
Cyan Animática,cinema,http://www.cyananimatica.com/,2,,Sevilla,"37,3719002","−5,9848172"
Sevilla,cinema,http://www.sevilla.org/,2,,Sevilla,"37,3916296","−6,0028788"
"Van Gogh ""Grandes Éxitos""",cinema,https://van-gogh.es/,2,,Sevilla,"37,39452","−6,00815"
Vidrio Apartments,community_center,Ingen webbplats,2,,Sevilla,"37,388717","−5,986547"
Palacio Real de Madrid,community_museum,http://www.patrimonionacional.es/,2,,Sevilla,"37,410224","−5,995341"
Ab Club del Barman de Sevilla,community_services_non_profits,http://www.federacionabe.com/fabe/,2,,Sevilla,"37,39764","−6,006"
Aeopas,community_services_non_profits,http://mtr.bio/aeopas,2,,Sevilla,"37,40072","−5,9244199"
AFA - Asociaciones y Fundaciones Andaluzas,community_services_non_profits,http://www.afandaluzas.org/,2,,Sevilla,"37,3781296","−6,0011804"
AMPA Las Naciones-CEIP Escritor Alfonso Grosso,community_services_non_profits,https://ampagrossosevilla.blogspot.com/,2,,Sevilla,"37,406055","−5,9661912"
ANCCE,community_services_non_profits,https://lgancce.com/,2,,Sevilla,"37,3262129","−5,9743825"
Andalucia esta de Lujo.com,community_services_non_profits,http://www.andaluciaestadelujo.com/,2,,Sevilla,"37,4221844","−5,9849569"
APIT Sevilla,community_services_non_profits,http://www.apitsevilla.com/,2,,Sevilla,"37,3897868","−5,9917054"
Asociación de Antiguos Alumnos de Don Bosco (Sevilla-Trinidad),community_services_non_profits,https://aaaadb-trinidad.blogspot.com/,2,,Sevilla,"37,3972411","−5,9811792"
Asociación de Jóvenes Empresarios de Sevilla - AJE Sevilla,community_services_non_profits,http://www.ajesevilla.es/,2,,Sevilla,"37,3856509","−5,9921633"
Asociación Entre Amigos de Sevilla,community_services_non_profits,http://www.asociacionentreamigos.com/,2,,Sevilla,"37,3592531","−5,9633471"
Centro de Orientación Familiar Diocesano de Triana,community_services_non_profits,http://www.coftriana.es/,2,,Sevilla,"37,3811286","−6,0114101"
CJA - Consejo de la Juventud de Andalucía,community_services_non_profits,http://www.cjandalucia.es/,2,,Sevilla,"37,380313","−5,973613"
Colegio Agentes Comerciales de Sevilla,community_services_non_profits,http://www.colegiodeagentescomerciales.es/contacto,2,,Sevilla,"37,3931299","−5,9936494"
Colegio Oficial de Arquitectos de Sevilla,community_services_non_profits,http://www.coasevilla.org/,2,,Sevilla,"37,3921956","−5,9899143"
Confederación Andaluza de Federaciones Deportivas,community_services_non_profits,http://cafd.es/,2,,Sevilla,"37,3893224","−6,0033524"
Consejo Andaluz de Cámaras de Comercio,community_services_non_profits,https://www.camarasandalucia.com/contactar/,2,,Sevilla,"37,3801291","−5,972961"
Consejo Andaluz de Colegios de Médicos,community_services_non_profits,http://www.cacm.es/,2,,Sevilla,"37,3731316","−5,9852829"
Corazón de Luz,community_services_non_profits,Ingen webbplats,2,,Sevilla,"37,32416","−5,9645"
"El Rincón de Kiko, Sevilla",community_services_non_profits,https://www.elrincondekiko.com/,2,,Sevilla,"37,3897587","−5,9916484"
El Salto,community_services_non_profits,https://elsaltoadelante.com/,2,,Sevilla,"37,4250851","−5,9746711"
Empresarias Sevillanas,community_services_non_profits,http://www.empresariassevillanas.es/,2,,Sevilla,"37,3853548","−5,9917838"
Enreda,community_services_non_profits,http://enreda.coop/,2,,Sevilla,"37,3782175","−6,001454"
Epyme | Asociación provincial de empresas instaladoras de Sevilla,community_services_non_profits,http://www.epyme.es/,2,,Sevilla,"37,4080709","−6,0074872"
Erasmus Club Sevilla,community_services_non_profits,http://www.erasmusclubsevilla.com/,2,,Sevilla,"37,3817762","−6,0010454"
ESN Sevilla - Erasmus Student Network,community_services_non_profits,http://esnsevilla.org/,2,,Sevilla,"37,3779079","−5,9767193"
Faisem,community_services_non_profits,http://www.faisem.es/,2,,Sevilla,"37,3976555","−5,9241384"
Fedeme - Federación de Empresarios del Metal,community_services_non_profits,http://www.fedeme.com/,2,,Sevilla,"37,407485","−5,932021"
Federación Andaluza de los Deportes Aéreos,community_services_non_profits,http://www.feada.org/,2,,Sevilla,"37,4153174","−6,0042778"
Federación Artesanal De Sevilla,community_services_non_profits,https://www.artesaniasevillana.es/,2,,Sevilla,"37,3857299","−5,9954911"
Federación Aspace Andalucía,community_services_non_profits,http://www.aspaceandalucia.org/,2,,Sevilla,"37,3729771","−5,9447216"
Federación de Comerciantes Macarena,community_services_non_profits,http://comerciantesmacarena.com/,2,,Sevilla,"37,3984304","−5,9821687"
FLACEMA,community_services_non_profits,http://www.flacema.org/,2,,Sevilla,"37,3905188","−5,9956125"
Forum Andalucía,community_services_non_profits,http://www.radioforum.caster.fm/,2,,Sevilla,"37,3700776","−5,9535602"
Fundación Andalucía Olímpica,community_services_non_profits,http://www.fundacionandaluciaolimpica.org/,2,,Sevilla,"37,3893091","−6,0033264"
Fundación Andalucía Territorio Empresa,community_services_non_profits,http://www.andaluciaterritorioempresa.es/,2,,Sevilla,"37,3858892","−5,9971742"
Fundacion Andanatura,community_services_non_profits,http://www.andanatura.org/,2,,Sevilla,"37,3497808","−5,9772767"
Fundación Audiovisual Pública Andaluza,community_services_non_profits,http://www.fundacionava.org/,2,,Sevilla,"37,4053479","−6,0014858"
Fundación Ayesa,community_services_non_profits,http://www.fundacionayesa.org/,2,,Sevilla,"37,4054941","−6,005632"
Fundación Bertín Osborne,community_services_non_profits,https://fundacionkikeosborne.org/,2,,Sevilla,"37,380065","−5,9744423"
Fundacion Centro de Orientacion Familiar Virgen de los Reyes,community_services_non_profits,http://www.cofvirgenreyes.com/,2,,Sevilla,"37,3879537","−5,9964038"
Fundacion Grupo Azvi,community_services_non_profits,https://fundaciongrupoazvi.org/,2,,Sevilla,"37,407309","−5,929336"
Fundación Laboral de la Construcción Andalucía,community_services_non_profits,https://andalucia.fundacionlaboral.org/,2,,Sevilla,"37,3788391","−5,9742818"
Galgo Libre ODV,community_services_non_profits,http://www.galgolibre.org/,2,,Sevilla,"37,3985793","−5,9935784"
GECI Sevilla,community_services_non_profits,http://www.gecinet.es/,2,,Sevilla,"37,38844","−5,92004"
IeanJesús Sevilla,community_services_non_profits,https://www.ieanjesus.org/,2,,Sevilla,"37,40344","−5,97888"
Ingenio Triana,community_services_non_profits,http://www.ingeniotriana.com/,2,,Sevilla,"37,3777024","−6,003681"
Lares Andalucía,community_services_non_profits,http://www.laresandalucia.com/,2,,Sevilla,"37,3876724","−5,9703652"
María Visión Sevilla,community_services_non_profits,https://www.mvsevilla.com/,2,,Sevilla,"37,3772","−5,98694"
Mineralia Sevilla,community_services_non_profits,Ingen webbplats,2,,Sevilla,"37,4183499","−5,98559"
Misión Urbana de Sevilla,community_services_non_profits,http://www.musevilla.org/,2,,Sevilla,"37,4076044","−5,9166873"
Movimiento Zoosanitario Sevilla,community_services_non_profits,https://proteccionanimales.com/,2,,Sevilla,"37,420132","−5,986791"
MuseoSur,community_services_non_profits,https://www.instagram.com/museosur/,2,,Sevilla,"37,39265","−5,99931"
New Health Foundation,community_services_non_profits,http://www.newhealthfoundation.org/,2,,Sevilla,"37,3923033","−5,9987408"
Oratorio Virgen De Consolación,community_services_non_profits,Ingen webbplats,2,,Sevilla,"37,4104846","−5,9813842"
Peña Atlética de Sevilla Coraje y Corazón,community_services_non_profits,https://atleticosensevilla.wordpress.com/,2,,Sevilla,"37,3435148","−5,978503"
Peña Sociocultural los Amigos,community_services_non_profits,Ingen webbplats,2,,Sevilla,"37,367464","−5,9487072"
Plantas en la vida,community_services_non_profits,Ingen webbplats,2,,Sevilla,"37,38251","−6,00885"
Plaza Encarnación Sevilla,community_services_non_profits,Ingen webbplats,2,,Sevilla,"37,3926703","−5,991979"
Proyecto Al alba Oblatas,community_services_non_profits,http://www.alalbaoblatas.org/,2,,Sevilla,"37,4003431","−5,9914835"
Sacsis,community_services_non_profits,http://www.sacsis.es/,2,,Sevilla,"37,382514","−5,9182981"
Sociedad Protectora de Animales y Plantas,community_services_non_profits,http://www.spaps.es/,2,,Sevilla,"37,4011504","−5,9660611"
Sociedad SEMAL,community_services_non_profits,http://www.semal.org/,2,,Sevilla,"37,3733024","−5,985267"
SPM Prevención Andalucía,community_services_non_profits,http://www.spmconstruccion.com/,2,,Sevilla,"37,3803765","−5,9735084"
Tablón Solidario de Bosco Global,community_services_non_profits,https://boscoglobal.org/tablon-solidario/,2,,Sevilla,"37,3957836","−5,9817713"
Teleperformance Sevilla,community_services_non_profits,http://www.teleperformance.com/es-es/,2,,Sevilla,"37,37552","−6,00692"
TOASTMASTERS Sevilla,community_services_non_profits,http://toastmasterssevilla.com/,2,,Sevilla,"37,4054737","−6,0071645"
Triana Riverside Guesthouse,community_services_non_profits,http://www.trianaguesthouse.com/,2,,Sevilla,"37,3813277","−6,0003635"
UED San Lucas SAMU,community_services_non_profits,http://www.samu.es/,2,,Sevilla,"37,3325031","−5,9666089"
Vela Cuadra,community_services_non_profits,https://www.velacuadra.es/,2,,Sevilla,"37,373934","−5,984939"
اشبيليه - الأندلس,community_services_non_profits,Ingen webbplats,2,,Sevilla,"37,387476","−5,9928966"
Centro Cultural Don Cecilio,cultural_center,Ingen webbplats,2,,Sevilla,"37,3869646","−6,0050345"
Colegio de gastronomía de Perú sede España,cultural_center,http://Colgaspe.com/,2,,Sevilla,"37,3726422","−5,9517496"
Estudio Ana Campos,cultural_center,Ingen webbplats,2,,Sevilla,"37,39806","−5,99932"
Intercomunidad Conjunto Residencial Almena,cultural_center,http://www.twitter.com/@CCulturalAlmena,2,,Sevilla,"37,4149476","−5,966539"
SPA Termas de Hispalis,cultural_center,http://www.termasdehispalis.com/,2,,Sevilla,"37,3864539","−5,9874557"
Acacia Liberales,dance_club,http://www.acacialiberales.com/datos-de-contacto/,2,,Sevilla,"37,4053368","−5,9155198"
Alegrías Flamenco Cabaret,dance_club,Ingen webbplats,2,,Sevilla,"37,3791779","−6,0002652"
Antiquarium Latino,dance_club,Ingen webbplats,2,,Sevilla,"37,42775","−5,97583"
Bronx Sevilla,dance_club,Ingen webbplats,2,,Sevilla,"37,3898","−6,0004"
Carambolo Loungebar,dance_club,https://carambolo-sevilla-alameda.business.site,2,,Sevilla,"37,4011055","−5,9938322"
Caramelo Sevilla,dance_club,http://caramelo-sevilla-es.placestars.com/,2,,Sevilla,"37,3776735","−5,9751616"
Dante Music Room,dance_club,Ingen webbplats,2,,Sevilla,"37,4012346","−5,9254003"
Discoteca Bulevar,dance_club,Ingen webbplats,2,,Sevilla,"37,3793016","−5,9781566"
Discoteca Centro's,dance_club,Ingen webbplats,2,,Sevilla,"37,3870505","−5,9927086"
Discoteca EM,dance_club,Ingen webbplats,2,,Sevilla,"37,36715","−6,00378"
Discoteca PK2 - Sevilla,dance_club,Ingen webbplats,2,,Sevilla,"37,42842","−5,97647"
El Ajolí,dance_club,Ingen webbplats,2,,Sevilla,"37,3818938","−5,9991855"
El Corazon de la Milonga Sevilla,dance_club,Ingen webbplats,2,,Sevilla,"37,3870979","−5,9811255"
El Jardin del Diablo,dance_club,http://eljardindeldiablo.placeweb.site,2,,Sevilla,"37,4134433","−5,9526983"
Elyxr Coctail Bar,dance_club,Ingen webbplats,2,,Sevilla,"37,3867804","−5,9725821"
Freeway Sevilla,dance_club,http://www.freewaysevilla.es/,2,,Sevilla,"37,379907","−5,973542"
Galaon,dance_club,http://www.galaon.com/,2,,Sevilla,"37,401269","−5,9254145"
Glorieta de los Marineros,dance_club,Ingen webbplats,2,,Sevilla,"37,375621","−5,9912188"
Karaoke Mikro,dance_club,http://karaoke-mikro.blogspot.com/,2,,Sevilla,"37,3999754","−5,9848615"
La Casita,dance_club,http://www.lacasitadesevilla.com,2,,Sevilla,"37,38687","−5,952673"
Lista De Espera,dance_club,http://www.listadeesperamodas.com/,2,,Sevilla,"37,3805726","−6,0053807"
Lux Huelva,dance_club,http://WWW.PUERTOSUR.NET/,2,,Sevilla,"37,373397","−5,962451"
LUXURIA,dance_club,Ingen webbplats,2,,Sevilla,"37,3783386","−5,977781"
Luxuria,dance_club,Ingen webbplats,2,,Sevilla,"37,398573","−6,000055"
Miercoles @ Bandalai,dance_club,http://www.salabandalai.com/,2,,Sevilla,"37,3779636","−5,9904842"
MUSSA By RiverPark,dance_club,http://www.instagram.com/mussa_riverpark_universitario,2,,Sevilla,"37,407278","−5,9976397"
Nexus,dance_club,Ingen webbplats,2,,Sevilla,"37,40629","−5,956"
Nexus Sevilla,dance_club,Ingen webbplats,2,,Sevilla,"37,406929","−5,9544601"
Occojavicardoso + INFO 615-571-987,dance_club,Ingen webbplats,2,,Sevilla,"37,39315","−5,9531"
Planet of Sound,dance_club,http://www.planetsevilla.com/,2,,Sevilla,"37,3749053","−6,007865"
Reggae Space,dance_club,Ingen webbplats,2,,Sevilla,"37,3984804","−6,0000955"
Roller Disco Club,dance_club,Ingen webbplats,2,,Sevilla,"37,39817","−5,99534"
ROSƧO by Antique Theatro,dance_club,https://antiquetheatro.com/contacto-rosso/,2,,Sevilla,"37,4051386","−6,0010229"
SALA Coliseo 100x100to Original,dance_club,Ingen webbplats,2,,Sevilla,"37,4299644","−5,9747486"
Sala Euphoria Sevilla,dance_club,Ingen webbplats,2,,Sevilla,"37,4063463","−5,9559266"
Sala Madrugá,dance_club,http://madrugasevilla.es/web/,2,,Sevilla,"37,3793411","−6,0003175"
Santos Club,dance_club,http://www.santosclub.es/,2,,Sevilla,"37,3745314","−6,0081938"
Santuario,dance_club,http://www.santuariosevilla.com/en/#!/contacto,2,,Sevilla,"37,38975","−5,991343"
Super Tuesdays Sevilla,dance_club,Ingen webbplats,2,,Sevilla,"37,3861","−5,99953"
Taberna Oroviejo,dance_club,Ingen webbplats,2,,Sevilla,"37,3634451","−5,9886495"
Terraza Libano / Uthopia Sevilla Fran Bautista,dance_club,http://Www.instagram.com/FranBautiista,2,,Sevilla,"37,39298","−6,00332"
TOKYO Sevilla,dance_club,http://www.puertodecubasevilla.com,2,,Sevilla,"37,3897793","−5,9912971"
VIPSevilla,dance_club,http://www.vipsevilla.es/,2,,Sevilla,"37,38791","−5,99512"
Danza A-scena,dance_school,http://a-scena.neocities.org/,2,,Sevilla,"37,3677006","−5,97531"
Estudio de Baile Silvia de Paz,dance_school,Ingen webbplats,2,,Sevilla,"37,3907672","−5,996559"
Estudio De Danza Vanessa Valero,dance_school,https://www.facebook.com/p/Estudio-De-Danza-Vanessa-Valero-100063441956467/?locale=es_ES,2,,Sevilla,"37,416718","−5,9725903"
Mitzy Noguez,dance_school,https://www.youtube.com/@MitzyNoguezBailaora,2,,Sevilla,"37,3772","−5,98694"
DIA,designer_clothing,http://www.dia.es/compra-online/,2,,Sevilla,"37,4023148","−5,9724689"
GUESS,designer_clothing,http://www.guess.eu/,2,,Sevilla,"37,39155768","−6,01031315"
Supermercados Dia,designer_clothing,https://www.dia.es/compra-online/,2,,Sevilla,"37,4023148","−5,9724689"
Real Betis Cantera,drive_in_theater,https://www.realbetisbalompie.es/cantera/portada/,2,,Sevilla,"37,3561958","−5,9824274"
El rincon de la costurera,fashion,Ingen webbplats,2,,Sevilla,"37,4081219","−5,967831"
MIA AMORE,fashion,Ingen webbplats,2,,Sevilla,"37,3941321","−5,9402897"
Optica Feria 136,fashion,Ingen webbplats,2,,Sevilla,"37,4012668","−5,9917452"
Personalizaciones Cristo Vive,fashion,Ingen webbplats,2,,Sevilla,"37,3687105","−5,9705406"
Petits Ro Ro,fashion,http://www.petitsroro.com/,2,,Sevilla,"37,4023633","−5,9230237"
Pluscuamperfecta,fashion,Ingen webbplats,2,,Sevilla,"37,3749972","−5,9981185"
Sandala,fashion,Ingen webbplats,2,,Sevilla,"37,38162","−5,95175"
ZÁLEZ,fashion,http://www.nuriagonzalez.com/,2,,Sevilla,"37,3953965","−5,9993347"
BUZONEO Sevilla | Publiponce,film_festivals_and_organizations,http://www.publiponce.com/,2,,Sevilla,"37,3827119","−5,9209451"
Tablao Flamenco en Sevilla,general_festivals,,2,,Sevilla,"37,387247","−5,9927475"
Grupo Habermas,graphic_designer,https://grupohabermas.com/,2,,Sevilla,"37,3962425","−5,9915639"
Al-Verde,landscaping,http://agrolimpiezaverdesl.com,2,,Sevilla,"37,3976","−5,919446"
Centro de Documentación de las Artes Escénicas de Andalucía,library,http://www.cdaea.es,2,,Sevilla,"37,397677","−5,98314"
Sala de estudio el Búnker,library,Ingen webbplats,2,,Sevilla,"37,359373","−5,988043"
Seville Public Library,library,http://www.juntadeandalucia.es/cultura/opencms/export/bibliotecas/bibsevilla/,2,,Sevilla,"37,377019","−5,9915369"
Everis Spain,mass_media,Ingen webbplats,2,,Sevilla,"37,402332","−6,009244"
Museo Romano Merida,museum,Ingen webbplats,2,,Sevilla,"37,3914907","−6,0038335"
Museo Sefardí,museum,Ingen webbplats,2,,Sevilla,"37,3862","−5,98898"
Museo Taurino,museum,http://www.mcu.es,2,,Sevilla,"37,385885","−5,999005"
Museos de Andalucía,museum,http://www.museosdeandalucia.es/,2,,Sevilla,"37,387989","−5,9867601"
Museum of Flamenco,museum,Ingen webbplats,2,,Sevilla,"37,39037","−5,98769"
Record Sevilla,music_and_dvd_store,http://www.recordstoreday.es/,2,,Sevilla,"37,3944988","−5,9947384"
Hero Sound Recs,music_production,http://www.herosound.es/,2,,Sevilla,"37,38194","−5,97324"
La Casa de los Pianistas,music_school,http://www.lacasadelospianistas.com/,2,,Sevilla,"37,3861491","−5,9864718"
Proaudio,music_school,http://www.proaudioescuela.com/,2,,Sevilla,"37,4002623","−5,992348"
Taller de Guitarra Jazz&Blues,music_school,http://www.tallerdeguitarra.es/,2,,Sevilla,"37,41224","−5,95549"
Buenshopping,music_venue,Ingen webbplats,2,,Sevilla,"37,40693","−5,95446"
FlamencoSalas,music_venue,http://www.flamencosalas.com/,2,,Sevilla,"37,388296","−5,999763"
La Caja Negra,music_venue,Ingen webbplats,2,,Sevilla,"37,3990176","−5,9915809"
La Estacion Sevilla 2.0,music_venue,http://laestaciondelasesperanzas.blogspot.com.es/,2,,Sevilla,"37,402092","−5,992676"
La Milonga Tablao,music_venue,http://www.lamilongatablao.com/,2,,Sevilla,"37,3887246","−5,9908093"
Noches en los Jardines del Real Alcázar - conciertos,music_venue,https://www.actidea.es/nochesalcazar2024/,2,,Sevilla,"37,3822639","−5,9896088"
Prisma,music_venue,https://entradium.com/organizers/prisma,2,,Sevilla,"37,4078891","−5,9562852"
Sala Flamenco,music_venue,http://salaflamenco.com/,2,,Sevilla,"37,3888409","−6,0091379"
Sevilla Urbano,music_venue,http://jerzysliwa.pl/,2,,Sevilla,"37,387878","−6,0021391"
Tablao Flamenco de Sevilla,music_venue,https://www.tablaoflamenco.net/,2,,Sevilla,"37,38847","−5,99275"
Kiosco Macide,newspaper_and_magazines_store,Ingen webbplats,2,,Sevilla,"37,3932106","−5,9864986"
Servi-Copy - Centro,newspaper_and_magazines_store,http://www.servi-copy.es/,2,,Sevilla,"37,382054","−5,9913016"
Supermercados DIA,newspaper_and_magazines_store,https://www.dia.es/,2,,Sevilla,"37,3816059","−5,9947443"
Proyectos y Topografía SUR 2001 ,photography_classes,https://sur2001.es/,2,,Sevilla,"37,3710662","−5,9550936"
Fotocasion Digital,photography_store_and_services,http://www.fotocasion.es/,2,,Sevilla,"37,388525","−5,9708038"
Melies Producciones,photography_store_and_services,http://www.produccionesmelies.es/,2,,Sevilla,"37,356272","−5,98566"
Mira al pajarito,photography_store_and_services,http://www.miraalpajarito.es/,2,,Sevilla,"37,38980103","−5,991556168"
Tras el objetivo,photography_store_and_services,Ingen webbplats,2,,Sevilla,"37,40073","−5,98392"
La Nubecita,print_media,Ingen webbplats,2,,Sevilla,"37,3976583","−5,9985067"
Mareva Books,print_media,https://www.marevabooks.com/,2,,Sevilla,"37,39976","−5,95718"
Camisetas Personalizadas Cerro del Águila,screen_printing_t_shirt_printing,Ingen webbplats,2,,Sevilla,"37,3718156","−5,9596545"
Crazy Shirt Sevilla Este,screen_printing_t_shirt_printing,https://www.instagram.com/p/BQvBmRHgxGe/,2,,Sevilla,"37,3910032","−5,9197505"
"RACE, Real Automóvil Club de España. Tienda de Sevilla",social_club,https://www.race.es/,2,,Sevilla,"37,3828699","−5,97464"
Toastmasters Sevilla,social_club,http://www.toastmasterssevilla.com/,2,,Sevilla,"37,40473263","−6,006946114"
BuenaVista Teatro,theatre,http://buenavistateatro.hubside.es/,2,,Sevilla,"37,42317","−5,98615"
Edificio Coliseo,theatre,Ingen webbplats,2,,Sevilla,"37,3833877","−5,9937889"
Espacio Puruñuela 7,theatre,http://www.espaciopurunuela7.com/,2,,Sevilla,"37,3856739","−6,008729"
La Ensamblá,theatre,http://lacasaensamblasevilla.wordpress.com/inicio/,2,,Sevilla,"37,3972865","−5,9892064"
Peter Godé Teatro,theatre,http://www.petergode.es/,2,,Sevilla,"37,3951412","−5,9652545"
Sala Pabellón,theatre,Ingen webbplats,2,,Sevilla,"37,4051506","−6,0004494"
Sala Theatre,theatre,http://www.newtheatre.es/,2,,Sevilla,"37,4039193","−5,9565875"
Teatro María Auxiliadora,theatre,http://www.teatromariaauxiliadora.es/,2,,Sevilla,"37,3970631","−5,9807791"
Teatro LaTralla Sevilla,theatrical_productions,Ingen webbplats,2,,Sevilla,"37,38599","−5,94608"
CaixaBank,venue_and_event_space,http://www.caixabank.es/,2,,Sevilla,"37,42634","−5,97464"
Sureventos,venue_and_event_space,https://sureventos.es/?utm_source=bing+&utm_medium=organic&utm_campaign=places&utm_content=svq,2,,Sevilla,"37,3821759","−5,9955199"
Consultoría Informática Acofi ,video_game_store,http://www.businessgo.es/,2,,Sevilla,"37,4074963","−6,006485"
E-Zone Reparaciones,video_game_store,https://www.ezonereparacion.es/,2,,Sevilla,"37,4104537","−5,9227926"
Eurekakids Torresevilla,video_game_store,,2,,Sevilla,"37,39154594","−6,01030731"
Servimoc Magconsolas,video_game_store,Ingen webbplats,2,,Sevilla,"37,385393","−5,974017"
Sala Prive,dance_club,https://salaprive.com/,2,,Sevilla,"37,4112815","−5,9510886"
CEIP El Manantial,library,https://blogsaverroes.juntadeandalucia.es/bibliotecaelmanantialsevillaeste,2,,Sevilla,"37,4010766","−5,9173393"
Sánchez de Lamadrid,art_gallery,http://www.sanchezdelamadrid.com/,2,,Sevilla,"37,388342","−5,999214"
Sala Pika Pika,arts_and_entertainment,http://www.salapikapika.com/,2,,Sevilla,"37,4023006","−5,99647"
"Sevilla, Andalusia, España",art_museum,Ingen webbplats,2,,Sevilla,"37,3926968","−5,9869626"
Tableros Sevilla,framing_store,http://tableros-sevilla.es/,2,,Sevilla,"37,3661629","−5,958419"
Apuestas Deportivas RETAbet Sevilla,arcade,https://andalucia.retabet.es/,2,,Sevilla,"37,37688","−6,00649"
Orenes Sevilla,arcade,https://www.orenesgrupo.com/,2,,Sevilla,"37,3912199","−5,95372"
Adepesca Sevilla,community_services_non_profits,https://adepescasevilla.com/,2,ASOCIACION DE EMPRESARIOS,Sevilla,"37,3914878","−5,9359692"
AEPS Sevilla,community_services_non_profits,http://www.aepsevilla.org/,2,ASOCIACION DE EMPRESARIOS,Sevilla,"37,38449","−5,99215"
Aje Andalucía,community_services_non_profits,http://ajeandalucia.org/,2,ASOCIACION DE EMPRESARIOS,Sevilla,"37,410978","−6,003527"
Aseigraf. Asociación Empresarial de Industrias Gráficas de Andalucía,community_services_non_profits,http://www.aseigraf.com/,2,ASOCIACION DE EMPRESARIOS,Sevilla,"37,4083836","−5,9446442"
Asociación Provincial de Empresas de Seguridad de Sevilla,community_services_non_profits,http://apess.es/,2,ASOCIACION DE EMPRESARIOS,Sevilla,"37,38404","−5,97822"
CEPES Andalucía,community_services_non_profits,http://www.cepes-andalucia.es/,2,ASOCIACION DE EMPRESARIOS,Sevilla,"37,4066416","−6,0040666"
FAECTA,community_services_non_profits,http://www.faecta.coop/,2,ASOCIACION DE EMPRESARIOS,Sevilla,"37,3986996","−5,9942521"
FENAMIX,community_services_non_profits,http://www.fenamix.org/,2,ASOCIACION DE EMPRESARIOS,Sevilla,"37,3746185","−6,00214"
"Aires De Sevilla, Baños",arts_and_entertainment,airedesevilla.com,2,,Sevilla,"37,3879631","−5,9899417"
Piratas. Los ladrones del mar,history_museum,https://www.pirataslaexposicion.com/,2,,Sevilla,"37,39452","−6,00815"
Gran Yifeng,fashion,http://Complementoszhux.es/,2,,Sevilla,"37,3901989","−5,9499364"
Alfares,arts_and_crafts,Ingen webbplats,2,,Sevilla,"37,3884254","−5,9848238"
Alfalfa 7,fashion,http://www.alfalfa7.es/,2,closed,Sevilla,"37,3904844","−5,9900245"
Cuarto Sector,community_services_non_profits,http://www.cuartosector.coop/,2,closed,Sevilla,"37,404378","−5,9851983"
Cuidem,community_services_non_profits,http://cuidem.com/,2,closed,Sevilla,"37,3741554","−5,9957331"
Koinonía Sevilla,community_services_non_profits,http://www.koinoniasevilla.es/,2,closed,Sevilla,"37,40082","−5,99262"
La Casa Despierta,community_services_non_profits,http://www.lacasadespierta.com/,2,closed,Sevilla,"37,3730624","−5,9623447"
La Cazuela Teatro,community_services_non_profits,Ingen webbplats,2,closed,Sevilla,"37,4194967","−5,9719304"
La SinMiedo - Fusión Género y Cultura,cultural_center,http://www.lasinmiedo.com/,2,closed,Sevilla,"37,4025527","−5,9813443"
Binoé,fashion,https://binoe.eu/tienda/,2,closed,Sevilla,"37,387391","−5,9622414"
Cruz Lozano,fashion,Ingen webbplats,2,closed,Sevilla,"37,3998091","−5,9709448"
Decoraciones Valiente Rosa,fashion,Ingen webbplats,2,closed,Sevilla,"37,40604","−5,97499"
Entrepicolinas,fashion,Ingen webbplats,2,closed,Sevilla,"37,3779107","−5,9698111"
La Ventana Shop,fashion,Ingen webbplats,2,closed,Sevilla,"37,3901625","−5,9911478"
Página: Carolina Bovet,fashion,Ingen webbplats,2,closed,Sevilla,"37,39416","−5,98384"
Musical Ortiz,music_and_dvd_store,http://www.musicalortiz.com/,2,closed,Sevilla,"37,3996954","−5,9778817"
El Callejón del Embrujo,music_venue,http://www.elcallejondelembrujo.com/,2,closed,Sevilla,"37,3878468","−5,9922408"
corral de comedia Hotel Triana,theatre,Ingen webbplats,2,closed,Sevilla,"37,387156","−6,007648"
Centro de Interpretación Judería de Sevilla,history_museum,http://www.juderiadesevilla.es/,2,closed,Sevilla,"37,3862322","−5,9888879"
Museo de Carruajes,history_museum,http://www.museodecarruajes.es/,2,closed,Sevilla,"37,3795463","−5,9970414"
Jazz Naima Sevilla,jazz_and_blues,http://www.naimacafejazz.com,2,closed,Sevilla,"37,3965385","−5,994624"
El Fotómata Galería,art_gallery,http://www.elfotomata.com/,2,closed,Sevilla,"37,399293","−5,992902"
La Caja China,art_gallery,https://www.lacajachina.net/,2,closed,Sevilla,"37,3847321","−5,9970688"
Mercaderes de Artes,art_gallery,http://www.mercaderesdeartes.com/,2,closed,Sevilla,"37,3852857","−5,9952151"
Metáforas,art_gallery,Ingen webbplats,2,closed,Sevilla,"37,39934","−5,99277"
Phtalo Azul Art & Gallery,art_gallery,http://www.phtaloazul.com/,2,closed,Sevilla,"37,3900963","−5,9962093"
Fundación Focus,art_museum,http://www.fundacionfocus.com/,2,closed,Sevilla,"37,3851168","−5,99003"
Hospital de los Venerables,art_museum,https://hospitalvenerables.es/,2,closed,Sevilla,"37,3851371","−5,9899354"
Ceramica Aracena,arts_and_crafts,http://ceramica-aracena.placestars.com/,2,closed,Sevilla,"37,39103","−5,99458"
Ceramica Luchana,arts_and_crafts,Ingen webbplats,2,closed,Sevilla,"37,38963","−5,991018"
Al Son De Alba,arts_and_entertainment,Ingen webbplats,2,closed,Sevilla,"37,4022413","−5,9799249"
Auditorio Cartuja,arts_and_entertainment,https://auditoriocartuja.com/,2,closed,Sevilla,"37,4044905","−6,0062677"
Covadonga Triana,arts_and_entertainment,https://covadonga9arte.wixsite.com/website,2,closed,Sevilla,"37,3845375","−6,0052084"
El Encuentro,arts_and_entertainment,http://www.elencuentroescuela.com/,2,closed,Sevilla,"37,3862012","−5,9864008"
Espacio Garapa,arts_and_entertainment,http://www.espaciogarapa.com/,2,closed,Sevilla,"37,4015289","−5,9908649"
Espacio Sur,arts_and_entertainment,http://tuespaciosur.blogspot.com.es/,2,closed,Sevilla,"37,38834","−5,9927301"
Estudio Gavira,arts_and_entertainment,http://www.manuelgavira.com/,2,closed,Sevilla,"37,385915","−5,997506"
La Casa de Max,arts_and_entertainment,http://www.lacasademax.es,2,closed,Sevilla,"37,40104","−5,99674"
La Ofisina,arts_and_entertainment,http://www.laofisina.com/,2,closed,Sevilla,"37,3829358","−6,0048711"
La Remolona | Espacio Creativo,arts_and_entertainment,http://www.laremolona.com/,2,closed,Sevilla,"37,3994324","−5,9882794"
La Silla Eléctrica,arts_and_entertainment,http://montsediaz.jimdo.com/,2,closed,Sevilla,"37,3959126","−5,9913282"
La TagManjar Gastrogaleria,arts_and_entertainment,Ingen webbplats,2,closed,Sevilla,"37,4255981","−5,9847564"
Medialuz Producciones,arts_and_entertainment,http://medialuzproducciones.es/,2,closed,Sevilla,"37,4037973","−5,9268882"
Monto Cultura,arts_and_entertainment,http://www.monto.es/,2,closed,Sevilla,"37,3882466","−5,9993359"
Travelling Bricks · Sevilla,arts_and_entertainment,http://www.travellingbricks.es/,2,closed,Sevilla,"37,39452","−6,00815"
Baker Streer Entertainment,bookstore,Ingen webbplats,2,closed,Sevilla,"37,402775","−5,92228"
Continente de los Libros,bookstore,http://continentedeloslibros.blogspot.com/,2,closed,Sevilla,"37,4065646","−5,9790238"
El libro viajero,bookstore,Ingen webbplats,2,closed,Sevilla,"37,3482495","−5,9771177"
La traviesa de Changay,bookstore,Ingen webbplats,2,closed,Sevilla,"37,4196546","−5,9857347"
Librería Anatma,bookstore,http://www.anatmalibros.com,2,closed,Sevilla,"37,393928","−5,993713"
Libreria Beta Sevilla Imperial,bookstore,http://www.libreriasbeta.com,2,closed,Sevilla,"37,391798","−5,9947213"
Libreria Panella S.L.,bookstore,http://www.libreriapanella.com/,2,closed,Sevilla,"37,3762312","−6,003115"
Librería Yerma,bookstore,Ingen webbplats,2,closed,Sevilla,"37,38502","−5,97848"
Librerías Verbo,bookstore,https://www.libreriaverbo.com/es/,2,closed,Sevilla,"37,3918178","−5,9947247"
Mekoides Juguetería,bookstore,https://www.jugueteriamekoides.com/,2,closed,Sevilla,"37,34612","−5,97911"
Papelería Pabé,bookstore,Ingen webbplats,2,closed,Sevilla,"37,40913","−5,92403"
Papelería Rosa y artículos de regalos,bookstore,Ingen webbplats,2,closed,Sevilla,"37,3772","−5,98694"
RM Librería,bookstore,Ingen webbplats,2,closed,Sevilla,"37,361967","−5,9859771"
Tarsis,bookstore,Ingen webbplats,2,closed,Sevilla,"37,3893772","−5,9960029"
Un gato en bicicleta,bookstore,http://www.ungatoenbicicleta.com,2,closed,Sevilla,"37,3909023","−5,9910828"
Alameda Multicines,cinema,http://www.cineciudad.com,2,closed,Sevilla,"37,3969366","−5,9947987"
Cinemateca Sevilla,cinema,https://lacinematecasevilla.wordpress.com/,2,closed,Sevilla,"37,3760199","−5,96782"
Producciones Ojeda,cinema,http://www.produccionesojeda.com/,2,closed,Sevilla,"37,4249417","−5,9738324"
La Nave - Sevilla,circus,Ingen webbplats,2,closed,Sevilla,"37,4266769","−5,9730407"
Intervida,community_center,Ingen webbplats,2,closed,Sevilla,"37,40202","−5,99191"
Aire Libre Claret Sevilla,community_services_non_profits,http://airelibresevilla.blogspot.com/,2,closed,Sevilla,"37,3569276","−5,9837666"
Asociacion Alternativa Abierta,community_services_non_profits,http://www.alternativa-abierta.org,2,closed,Sevilla,"37,3984178","−5,985413"
Asociación Cultolivar,community_services_non_profits,http://www.cultolivar.org/,2,closed,Sevilla,"37,3862177","−5,9958259"
Asociación de Vecinos Puerta Carmona,community_services_non_profits,http://www.avvpuertacarmona.es/,2,closed,Sevilla,"37,3893","−5,98562"
Arcadia Amarga,theatre,http://www.arcadiaamarga.es/,2,closed,Sevilla,"37,387604","−5,989329"
Auditorio Rocío Jurado,theatre,http://www.auditoriorociojurado.com,2,closed,Sevilla,"37,4001603","−6,0039831"
Teatro Duque-Imperdible,theatre,http://www.imperdible.org/sala_de_teatro,2,closed,Sevilla,"37,3937577","−5,9955693"
Ciudad Jardín C.F.,community_center,Ingen webbplats,2,,Sevilla,"37,3803814","−5,964241"
C.D.Buhoperegrino,community_services_non_profits,http://wordpress.buhoperegrino.com/,2,,Sevilla,"37,3967703","−5,9185876"
Consejo Andaluz de Colegios Oficiales de Arquitectos,architectural_designer,https://www.cacoa.es/,2,,Sevilla,"37,3925862","−5,9911076"
Chetoner,bookstore,Ingen webbplats,2,,Sevilla,"37,399806","−5,9708504"
Copiame Sevilla. Papelería & Imprenta,bookstore,http://www.copiamesevilla.com/,2,,Sevilla,"37,3751553","−5,9996884"
Copitrajano,bookstore,Ingen webbplats,2,,Sevilla,"37,3949799","−5,99509"
Diseñadero,bookstore,https://www.disenadero.com/,2,,Sevilla,"37,3762701","−5,9983037"
M&Ophoto,photography_store_and_services,http://www.myophoto.es/,2,,Sevilla,"37,3719138","−5,9975342"
Monestir de Santa María de las Cuevas,museum,http://ca.wikipedia.org/wiki/Monestir_de_Santa_Mar%EDa_de_las_Cuevas,2,,Sevilla,"37,398611","−6,008889"
CLUB De Mierda,arts_and_entertainment,http://www.comolasgrecas.com/,2,,Sevilla,"37,3821038","−5,9987618"
Flamenco Viejo,general_festivals,https://www.flamencoviejo.com/,2,,Sevilla,"37,3867539","−5,9931419"
Cenautica,arts_and_entertainment,http://www.cenautica.com,2,,Sevilla,"37,3690634","−5,9892849"
Alhambra Monkey Week,music_venue,http://www.monkeyweek.org/,2,,Sevilla,"37,399847","−5,9935865"
Arquitectos en Sevilla.com,architect,http://www.arquitectosensevilla.com/,2,,Sevilla,"37,3973507","−6,0004177"
atico33_,fashion,Ingen webbplats,2,,Sevilla,"37,38447","−5,98987"
By Vicol,fashion,https://anavicol.es/,2,offlimits,Sevilla,"37,3753182","−5,9973153"
Compañía Fantástica,fashion,Ingen webbplats,2,offlimits,Sevilla,"37,39335","−5,99612"
Caravasar,fashion,Ingen webbplats,2,offlimits,Sevilla,"37,3897432","−5,9867059"
Anna Moon,fashion,https://annamooncollection.com/,2,offlimits,Sevilla,"37,3911983","−5,993643"
TÜV SÜD,architect,https://www.tuvsud.com/es-es,2,,Sevilla,"37,3739363","−5,9199014"
EDDEA,architectural_designer,http://www.eddea.es/,2,,Sevilla,"37,36652","−5,99791"
Campo de concentración de Auschwitz,museum,http://www.auschwitz.org/,2,,Sevilla,"37,3754546","−5,9557981"
Contemporary Art Museum,art_museum,Ingen webbplats,2,,Sevilla,"37,41018","−6,00411"
"La Torre Del Oro, Sevilla",arts_and_entertainment,Ingen webbplats,2,monumento,Sevilla,"37,3825282","−5,9963075"
"Las Setas , Plaza De La Encarnación En Sevilla",arts_and_entertainment,Ingen webbplats,2,monumento,Sevilla,"37,3929939","−5,9918133"
Las Setas De Sevilla - Metropol Parasol,arts_and_entertainment,www.metropolsevilla.com/,2,monumento,Sevilla,"37,3930397","−5,9918997"
Las Tresmil Viviendas,arts_and_entertainment,http://www.chh.es/hotel-mariaelena-palace/4estrellas/,2,monumento,Sevilla,"37,3588792","−5,9686305"
Plaza de Chapina,arts_and_entertainment,Ingen webbplats,2,monumento,Sevilla,"37,3893837","−6,0075582"
Plaza de la Concordia,arts_and_entertainment,Ingen webbplats,2,monumento,Sevilla,"37,3939204","−5,9965609"
"Plaza del Cabildo, sevilla",arts_and_entertainment,Ingen webbplats,2,monumento,Sevilla,"37,3773793","−5,9866828"
सेबिया गिरजाघर,arts_and_entertainment,http://www.catedraldesevilla.es/,2,monumento,Sevilla,"37,385833","−5,993056"
西班牙广场 (塞维利亚),arts_and_entertainment,http://www.inspain.org/es/sitios/plazadeespanasevilla.asp,2,monumento,Sevilla,"37,37694","−5,98694"
Blanca Martín,fashion,https://blancamartin.com/,2,,Sevilla,"37,3822289","−5,9407501"
Miss Snare Sevilla Records Store,music_and_dvd_store,https://www.discogs.com/es/seller/SevillaRecords_/profile,2,no info,Sevilla,"37,403658","−5,9910921"
Sol Jazz,jazz_and_blues,Ingen webbplats,2,no info,Sevilla,"37,39485","−5,98608"
Radik-All.com - Underground Breaks,record_label,https://radik-all.com/,2,offlimits,Sevilla,"37,3765689","−5,9866905"
Espacio Espuny,art_gallery,http://www.espacioespuny.com/,2,offlimits,Sevilla,"37,3852997","−5,9660201"
LeBlue,graphic_designer,http://www.leblue.es/,2,,Sevilla,"37,3930078","−5,9904075"
Dearte aljarafe,art_school,http://rociomb.wix.com/dartealjarafe,2,off limits,Sevilla,"37,37948","−5,98015"
Artesania de Cuero - uno original,arts_and_crafts,http://www.unooriginal.es/,2,off limits,Sevilla,"37,39209","−5,9962799"
Artesania Santos Orfebreria,arts_and_crafts,Ingen webbplats,2,off limits,Sevilla,"37,37362","−5,99583"
El Corral de la Pacheca,arts_and_entertainment,Ingen webbplats,2,offlimits,Sevilla,"37,38568","−5,97708"
Entre Pinceles,arts_and_entertainment,http://www.entrepinceles.es/,2,offlimits,Sevilla,"37,3729746","−5,9984865"
7 Reinos,bookstore,Ingen webbplats,2,offlimits,Sevilla,"37,32543","−5,96812"
Centro Cultural de los Ejercitos,cultural_center,http://www.cculturalejercitos.com,2,offlimits,Sevilla,"37,390775","−5,994885"
Editorial MAD,bookstore,http://www.mad.es/,2,,Sevilla,"37,3802087","−5,9737207"
Hispalex Oposiciones,bookstore,https://hispalexoposiciones.com/,2,,Sevilla,"37,3820876","−5,9869282"
Comercial del Sur de Papeleria,bookstore,Ingen webbplats,2,,Sevilla,"37,4127798","−5,9537043"
firma el caballero,fashion,http://www.firmaelcaballero.com/,2,closed,Sevilla,"37,3931888","−5,9394256"
latiendadetuti,fashion,https://www.instagram.com/latiendadetuti/?hl=es,2,closed,Sevilla,"37,3644892","−5,9818704"
Azucren,arts_and_crafts,http://www.azucren.es/,2,,Sevilla,"37,3793525","−5,902732"
Metropol Parasol,arts_and_entertainment,http://zh.wikipedia.org/wiki/index.html?curid=1847616,2,,Sevilla,"37,3932349","−5,9918176"
CreaLo,graphic_designer,Ingen webbplats,2,,Sevilla,"37,40786","−5,93386"
Yoko Estudio,art_school,https://ceramicasevilla.com/,2,repeated,Sevilla,"37,3967265","−5,9899013"
Cine Cervantes,cinema,Ingen webbplats,2,repeated,Sevilla,"37,3693972","−5,9615618"
Nervion Plaza Sevilla,cinema,Ingen webbplats,2,repeated,Sevilla,"37,3840946","−5,9721382"
Plaza de Armas,cinema,http://www.cinesa.es,2,repeated,Sevilla,"37,3920595","−6,0024257"
Intercomunidad de la Oliva,community_services_non_profits,Ingen webbplats,2,repeated,Sevilla,"37,36517","−5,9709"
Fran Cisneros Paisajista,landscape_architect,http://www.francisneros.com/,2,repeated,Sevilla,"37,38880654","−5,97569791"
Biblioteca Publica Infanta Elena,library,Ingen webbplats,2,repeated,Sevilla,"37,366077","−5,983199"
Biblioteca Pública Provincial Infanta Elena de Sevillla,library,http://www.juntadeandalucia.es/cultura/opencms/export/bibliotecas/bibsevilla/,2,repeated,Sevilla,"37,3939078","−5,9938593"
Biblioteca Universidad de Sevilla,library,http://bib.us.es/,2,repeated,Sevilla,"37,3699957","−5,986452"
Casa Natal Velázquez Sevilla,museum,https://casanatalvelazquez.com/,2,repeated,Sevilla,"37,3911394","−5,990196"
La Catedral Del Toreo,museum,https://www.plazadetorosdelamaestranza.com/,2,repeated,Sevilla,"37,385589","−5,9986001"
Palacio de los Marqueses de la Algaba,museum,Ingen webbplats,2,repeated,Sevilla,"37,3995047","−5,9906646"
Conservatorio Elemental de Música Triana,music_school,http://www.conservatoriotriana.com,2,repeated,Sevilla,"37,3733429","−6,011964"
Tienda de fotografía Fotoprix Sevilla,photography_store_and_services,https://www.fotoprix.com/es/,2,repeated,Sevilla,"37,3891282","−5,970743"
Planta Baja,radio_station,http://www.neofm.es/,2,repeated,Sevilla,"37,4266093","−5,9758919"
Tablao Sevilla | Tablao Flamenco Almoraima,venue_and_event_space,https://salaflamenca-almoraima.com/,2,repeated,Sevilla,"37,3842575","−6,0055661"
Centro Cultural Flamenco,cultural_center,https://www.casadelamemoria.es,2,repeated,Sevilla,"37,3923548","−5,9937903"
Séptimo Secreto Sevilla,arcade,http://www.escaperoomseptimosecreto.com/,2,scape room,Sevilla,"37,39082","−5,97043"
Escape Room Sevilla - Coco Room,fair,https://cocoroom.es/sevilla/,2,scaperoom,Sevilla,"37,3878531","−5,9747164"
REDRUM ⊛ Mejor Escape Room de Terror,fair,http://www.redrumescaperoom.es/,2,scaperoom,Sevilla,"37,3858457","−6,0055095"
Bonilla Tattoo,arts_and_entertainment,Ingen webbplats,2,TATOOS,Sevilla,"37,4279","−5,97508"
Adrenaline Tattoo Sevilla,art_gallery,http://instagram.com/p/uZObh4oacY/,2,TATOOS,Sevilla,"37,3757278","−5,9527802"
Video Bazar Toñi,music_and_dvd_store,Ingen webbplats,2,closed,Sevilla,"37,35435","−5,9885"
La Canastilla,fashion,http://www.la-Canastilla.es/,2,off limits,Sevilla,"37,3847","−5,99"
La Tenería,fashion,Ingen webbplats,2,off limits,Sevilla,"37,3752691","−5,9974116"
ARJÉ Gallery Shop,art_gallery,http://www.arjedecoracion.com/,2,shop,Sevilla,"37,3856242","−5,9905179"
Espacio de arte Arjé,art_gallery,http://arjespaciodearte.blogspot.com/,2,shop,Sevilla,"37,392763","−5,998358"
Andaluza de arte y manualidades S.L.,arts_and_crafts,http://www.andaluzadearteymanualidades.es/,2,shop,Sevilla,"37,3891294","−5,9702099"
Delana,arts_and_crafts,http://www.delanasevilla.com/,2,shop,Sevilla,"37,3869921","−6,007343"
Casa Carreras,arts_and_entertainment,https://www.casa-carreras.es/,2,shop,Sevilla,"37,3949769","−5,9945716"
Lanas Esther,arts_and_crafts,Ingen webbplats,2,shop,Sevilla,"37,3750763","−5,9991434"
Manualia Craft,arts_and_crafts,http://manualiacraft.com/,2,shop,Sevilla,"37,4040317","−5,9841797"
Mercys mercería creativa Sevilla,arts_and_crafts,http://www.mercys.es/,2,shop,Sevilla,"37,3910277","−5,993367"
milbby,arts_and_crafts,http://www.milbby.com/,2,shop,Sevilla,"37,3430033","−5,9894691"
Sumiarte,arts_and_crafts,https://instagram.com/sumiartee?igshid=YmMyMTA2M2Y%3D,2,shop,Sevilla,"37,3664799","−5,9552218"
La Factoria del Arte,arts_and_crafts,http://www.factoriasevilla.com/,2,shop,Sevilla,"37,3939448","−5,993392"
Pinturas TrianaColor,arts_and_crafts,https://www.ventapinturasbarnicessevilla.es/es/,2,shop,Sevilla,"37,378225","−6,006586"
Julian Lopez 1953,arts_and_crafts,http://julianlopez.es,2,shop,Sevilla,"37,3915676","−5,9964204"
na D na,arts_and_crafts,Ingen webbplats,2,shop,Sevilla,"37,39987","−5,98841"
Tumulo De Cristóvão Colombo,history_museum,Ingen webbplats,2,,Sevilla,"37,3856027","−5,9931835"
Espacio Para El Yoga,arts_and_entertainment,http://www.espacioparaelyoga.com/,2,YOGA,Sevilla,"37,3927695","−5,9207263"
Polideportivo Espartinas,arts_and_entertainment,Ingen webbplats,2,,Sevilla,"37,37757","−6,00122"
Tartessos S.L.,bookstore,Ingen webbplats,2,,Sevilla,"37,38639","−5,97645"
FonRedess Fondo de Desarrollo de Redes de Economía Social y Solidaria.,community_services_non_profits,http://linkedin.com/in/fonredess,2,,Sevilla,"37,3975565","−5,9961748"
Centro de Investigación y Recursos de las Artes Escénicas de Andalucía (CIRAE),library,https://www.juntadeandalucia.es/cultura/redportales/cdaea/elcentro#navbar,2,,Sevilla,"37,3975099","−5,98313"
Puertas Benítez | Puertas de madera en Sevilla | Armarios,framing_store,https://puertasdemaderasevilla.com/,2,,Sevilla,"37,4222108","−5,9713792"
Arcadeplanet,arcade,http://www.arcadeplanet.es/,2,repeated,Sevilla,"37,3343377","−5,9698356"
A2R arquitectos,architect,http://www.adosrarquitectos.com/,2,,Sevilla,"37,3915757","−5,9706542"
Arquitectura Luis Albalá,architect,http://www.arquitecturaluisalbala.es/,2,,Sevilla,"37,3870846","−5,9957648"
ASEMAS Mutua de Seguros y Reaseguros a Prima Fija. Oficina Territorial.,architect,https://www.asemas.es/portal/,2,,Sevilla,"37,3923112","−5,9898074"
DOSP Consulting - Estudio de Arquitectura y Diseño,architect,https://dospconsulting.com/,2,,Sevilla,"37,3664124","−5,9737431"
DPYA arquitectura | Arquitectos Sevilla,architect,http://www.dpya.com/,2,,Sevilla,"37,3786006","−6,000241"
EOVASTUDIO,architect,https://www.eovastudio.com/,2,,Sevilla,"37,3929547","−5,9938904"
Estudio de arquitectura Restauro ,architect,http://www.restaurosl.es/,2,,Sevilla,"37,42571683","−5,974230766"
Estudio Duarte Asociados,architect,http://www.estudioduarteasociados.es/,2,,Sevilla,"37,38463369","−5,97849548"
Hominem Arquitectura Sevilla,architect,http://hominemarquitectura.es/,2,,Sevilla,"37,3776907","−5,9754083"
Ilion Arqueología,architect,http://www.ilionarqueologia.com/,2,,Sevilla,"37,40160499","−5,980807288"
MANUEL TORRES DESIGN - Estudio de interiorismo y arquitectura Sevilla,architect,https://manueltorresdesign.com/estudio-arquitectura-sevilla/,2,,Sevilla,"37,3879353","−5,9774112"
MEDIOMUNDO arquitectos,architect,https://www.mediomundo.es/,2,,Sevilla,"37,3673757","−5,9769036"
REONDO.,architect,https://reondo.com/,2,,Sevilla,"37,3905179","−5,9921909"
RPV Arquitectura,architect,http://rpv-arquitectura.business.site/,2,,Sevilla,"37,39231","−5,98362"
"Sollero Arquitectura, tu Arquitecto en Sevilla",architect,http://solleroarquitectura.com/,2,,Sevilla,"37,3776907","−5,9754083"
Ambito Arquitectura Sevilla,architectural_designer,http://www.ambitoarquitecturasevilla.com/,2,,Sevilla,"37,3838867","−5,9866569"
Arquitecto Miguel Lamas y Asociados,architectural_designer,http://www.arquitecturaluisalbala.com/,2,,Sevilla,"37,3878034","−5,9951917"
ARTECNICA,architectural_designer,http://www.artecnica.es/,2,,Sevilla,"37,3803113","−6,0055003"
ATRIO estudio de arquitectura,architectural_designer,http://www.arquiatrio.es/,2,,Sevilla,"37,3938652","−5,9858051"
Carlos Pedraza Arquitectos Asociados,architectural_designer,http://mamacloud.es/,2,,Sevilla,"37,3817388","−5,9621837"
castronavarro arquitectura,architectural_designer,http://www.castronavarro.es/,2,,Sevilla,"37,3813944","−6,0054714"
Chaparro Narbona Mario,architectural_designer,http://chaparro-narbona-mario.placestars.com,2,,Sevilla,"37,385464","−5,997674"
CM4arquitectos,architectural_designer,http://www.cm4arquitectos.com/,2,,Sevilla,"37,3862522","−5,9969953"
ddris_interiorismo,architectural_designer,Ingen webbplats,2,,Sevilla,"37,3781309","−5,9984656"
DOMOarq,architectural_designer,http://www.DOMOarq.com/,2,,Sevilla,"37,4003446","−5,9886143"
Estudio Carbajal,architectural_designer,http://www.estudiocarbajal.com/,2,,Sevilla,"37,3925781","−5,9906301"
Estudio Francos Cuarenta Arquitac y Asociado,architectural_designer,Ingen webbplats,2,,Sevilla,"37,388143","−5,992903"
Estudio Periferia,architectural_designer,http://www.estudioperiferia.com/,2,,Sevilla,"37,3953331","−6,0011719"
Exedra Architecture and Sustainable Design,architectural_designer,http://www.exedraasd.es/,2,,Sevilla,"37,3843579","−5,9939117"
Fabrica De Arquitectura,architectural_designer,http://fabricadearquitectura.es/,2,,Sevilla,"37,3824095","−5,9871258"
GDE Arquitectos Técnicos,architectural_designer,http://www.gdearquitectostecnicos.es/,2,,Sevilla,"37,4012662","−5,9253828"
Gubia Sevilla,architectural_designer,http://www.grupogubia.com/,2,,Sevilla,"37,3927747","−6,0011677"
Inercia Arquitectos,architectural_designer,http://www.inercia.es/,2,,Sevilla,"37,3773754","−6,0040794"
ITINERA,architectural_designer,http://www.itinera-arquitectos.com/,2,,Sevilla,"37,3664904","−5,9836191"
Jimenez & Linares,architectural_designer,https://jimenezlinares.com/,2,,Sevilla,"37,391558","−5,9892569"
Jmmeléndez arquitectos,architectural_designer,https://melendezarquitectos.es/,2,,Sevilla,"37,3801235","−5,9729504"
lacooperativa arquitectos,architectural_designer,http://www.lacooperativaarquitectos.com/,2,,Sevilla,"37,3927747","−5,9954628"
LSR Arquitectura+Urbanismo,architectural_designer,https://lsrarquitectura.com/,2,,Sevilla,"37,3768741","−5,9977238"
Manuel Gabaldón - Arquitecto,architectural_designer,http://gabaldonarquitecto.es/,2,,Sevilla,"37,4047376","−5,9408719"
Martín Juárez Arquitectura,architectural_designer,http://infoplus.qdq.com/jmartinjuarez,2,,Sevilla,"37,3676986","−5,9531819"
MEDIOMUNDO Arquitectos,architectural_designer,http://www.mediomundo.es/,2,,Sevilla,"37,3744203","−5,9813261"
Modo Obra,architectural_designer,Ingen webbplats,2,,Sevilla,"37,3972581","−5,9944582"
Peinado Arquitectos,architectural_designer,http://peinadoarquitectos.com/,2,,Sevilla,"37,3586699","−5,9791973"
PLANHO Consultores,architectural_designer,http://www.planho.com/,2,,Sevilla,"37,347885","−5,9767941"
QYQ Arquitectos,architectural_designer,http://www.qyqarquitectos.es/,2,,Sevilla,"37,3673669","−5,9794839"
román&canivell arquitectos S.L.,architectural_designer,http://www.romanycanivell.com/,2,,Sevilla,"37,3945655","−5,9924958"
"seccion B arquitectura, SLP",architectural_designer,http://www.seccionb.com/,2,,Sevilla,"37,4005811","−5,967292"
Studio Wet,architectural_designer,http://www.studiowet.com/,2,,Sevilla,"37,3953634","−6,0011633"
SV60 Cordón & Liñán Arquitectos,architectural_designer,http://www.sv60.es/,2,,Sevilla,"37,3966871","−5,9990394"
T10 Estudio de Arquitectura,architectural_designer,http://www.t10team.com/,2,,Sevilla,"37,3907034","−5,9972374"
Tousidonis Anisi,architectural_designer,http://tousidonisanisi.com/,2,,Sevilla,"37,3886211","−5,9929807"
Trahzo Architecture,architectural_designer,https://trahzo.es/,2,,Sevilla,"37,38905","−5,98387"
VAU Arquitectura,architectural_designer,http://www.vauarquitectura.com/,2,,Sevilla,"37,3693962","−5,9836838"
Curba Arquitectos ,architectural_tours,https://www.curba-arquitectos.com/,2,,Sevilla,"37,38613","−6,00422"
La Noche Más Hermosa en Canal Sur Radio,broadcasting_media_production,http://www.canalsurradio.es/,2,,Sevilla,"37,4060335","−5,9986358"
Mas Turismo Chino,broadcasting_media_production,http://www.masturismochino.com/,2,,Sevilla,"37,37814","−5,97091"
Radio Giralda,broadcasting_media_production,http://www.radiogiralda.net/,2,,Sevilla,"37,4230981","−5,9642787"
Radio Intereconomía Sevilla y El Toro TV,broadcasting_media_production,http://intereconomiasevilla.es/,2,,Sevilla,"37,4264724","−5,9733655"
Radio Sevilla,broadcasting_media_production,http://www.radiosevilla.es/,2,,Sevilla,"37,390786","−6,000285"
Serendipia Audiovisual,broadcasting_media_production,http://www.serendipiaaudiovisual.com/,2,,Sevilla,"37,3578181","−5,9782044"
Tres Gatos Sonido,broadcasting_media_production,http://www.tresgatossonido.com/,2,,Sevilla,"37,4252216","−5,9749048"
Andalucia Film Commission,cinema,http://www.andaluciafilm.com/,2,,Sevilla,"37,37947","−5,98889"
Alberto Vicente diseños,fashion,https://albertovicente.com/,2,,Sevilla,"37,3910259","−5,9935151"
Audrey,fashion,http://audrey.es/,2,,Sevilla,"37,3787572","−5,9979746"
Bambolea,fashion,http://www.bamboleatallasgrandes.es/,2,,Sevilla,"37,40775","−5,98551"
DETUL,fashion,https://www.instagram.com/detulsevilla/,2,,Sevilla,"37,3897322","−5,988645"
La Galería de Cuna,fashion,https://lagaleriade.com/,2,,Sevilla,"37,3905681","−5,9932882"
La tua corbata,fashion,https://latuacorbata.com/es/,2,,Sevilla,"37,387878","−6,0021391"
Los Caprichos de Manuela,fashion,https://www.facebook.com/profile.php?id=100084666153723#,2,,Sevilla,"37,4193249","−5,9729602"
Lourdes Mauri Shop,fashion,https://www.instagram.com/lourdesmaurishop/?hl=es,2,,Sevilla,"37,3693411","−5,9786124"
Luismiguelcomplementos Novias,fashion,http://www.luismiguelcomplementos.com/,2,,Sevilla,"37,4037285","−5,9850436"
Majestity,fashion,https://www.majestity.com/,2,,Sevilla,"37,3891613","−5,9963782"
Mercería  Mallely  Lencería,fashion,https://mallelylenceria.catalogst.com/,2,,Sevilla,"37,40877","−5,98429"
Mila Moda y Complementos,fashion,https://milamodaycomplementos.es/,2,,Sevilla,"37,40983","−5,96996"
Nicca,fashion,https://www.instagram.com/nicca_sevilla/,2,,Sevilla,"37,37688","−5,99836"
𝐍𝐎𝐀𝐌,fashion,https://instagram.com/noam_sevilla,2,,Sevilla,"37,3911142","−5,9922594"
Nonna’s Vintage,fashion,http://www.nonnasvintage.com/,2,,Sevilla,"37,3961473","−5,9911046"
Carmen Durán Nuneti,fashion,https://carmenduranmoda.es/,2,,Sevilla,"37,3940223","−5,98248"
Pecas Almacén de Bebé,fashion,http://www.delope.es/,2,,Sevilla,"37,393197","−5,939143"
Perpetua Woman,fashion,http://www.perpetuawoman.com/,2,,Sevilla,"37,3903762","−5,9963055"
Piel con Piel Showroom,fashion,Ingen webbplats,2,,Sevilla,"37,3831164","−5,9315443"
Presagio's,fashion,https://www.facebook.com/Betina1972/?locale=es_ES,2,,Sevilla,"37,4109455","−5,9261254"
Quiereteme,fashion,https://www.quieretemesevilla.com/,2,,Sevilla,"37,4020226","−5,989022"
Rilotta Brand,fashion,Ingen webbplats,2,,Sevilla,"37,3731291","−5,9493089"
Rosme Tienda Online,fashion,https://rosme.es/,2,,Sevilla,"37,3914646","−5,9977227"
Sevilla Glamour,fashion,http://www.sevillaglamour.es/,2,,Sevilla,"37,4048027","−5,9802542"
Show Off Clothing SHOP,fashion,https://instagram.com/0ff_clothing_?utm_medium=copy_link,2,,Sevilla,"37,3700199","−5,9544826"
Snoopi moda,fashion,https://www.instagram.com/snoopi_moda/,2,,Sevilla,"37,4220499","−5,9714884"
Sonvita Collection,fashion,https://sonvitacollection.com/,2,,Sevilla,"37,37253","−5,9818"
The Nook,fashion,https://www.thenookstore.com/,2,,Sevilla,"37,37012","−5,98453"
Valeria Savannah,fashion,http://www.valeriasavannah.com/,2,,Sevilla,"37,3867821","−5,9923339"
Veni Vidi Vesti,fashion,http://www.venividivesti.com/,2,,Sevilla,"37,3859736","−5,9474081"
MOLDUSEVILLA ,framing_store,http://www.moldura-cuadro-marco-sevilla.es/,2,,Sevilla,"37,4116157","−5,9542924"
Plan Ve | Consultoría y Formación en Arboricultura y Paisajismo,landscaping,https://www.plan-ve.org/,2,,Sevilla,"37,40739785","−6,005956419"
La Cuádriga,fashion,http://www.lacuadriga.com/,2,,Sevilla,"37,4121057","−5,9584065"
Sevilla Buenas Noticias,mass_media,http://sevillabuenasnoticias.com/,2,,Sevilla,"37,38856","−5,99386"
Pena Cultural Betica Nuestra Senora de las Mercedes,arts_and_entertainment,http://www.betisweb.com/enciclopedia/index.php?tit,2,,Sevilla,"37,3704041","−5,9749761"
Peña Sevillista Los Remedios,arts_and_entertainment,Ingen webbplats,2,,Sevilla,"37,3740171","−6,0004675"
Maestranza - Pagés,arts_and_entertainment,http://www.lamaestranza.es/,2,,Sevilla,"37,386","−5,9983"
Centro de Servicios Sociales Comunitarios Poligono Sur,community_center,Ingen webbplats,2,,Sevilla,"37,361596","−5,968364"
Anpe-Andalucía,community_services_non_profits,http://www.anpeandalucia.es/,2,sindicatos,Sevilla,"37,379669","−5,9996157"
CCOO de Andalucía,community_services_non_profits,http://andalucia.ccoo.es/,2,sindicatos,Sevilla,"37,3676899","−5,9890731"
CCOO Sevilla,community_services_non_profits,http://www.andalucia.ccoo.es/sevilla,2,sindicatos,Sevilla,"37,3937085","−5,9955041"
CCOO Sevilla Ericsson,community_services_non_profits,http://twitter.com/pastoracordero,2,sindicatos,Sevilla,"37,40672","−5,9318799"
CGT Foundever Sevilla,community_services_non_profits,https://instagram.com/cgtfoundeversevilla,2,sindicatos,Sevilla,"37,3776356","−6,001876"
Facua Sevilla,community_services_non_profits,http://www.facua.org,2,sindicatos,Sevilla,"37,40319","−5,989972"
FADEMUR-Andalucía,community_services_non_profits,http://www.fademur-andalucia.es/,2,sindicatos,Sevilla,"37,3728366","−5,9677786"
FeSMC UGT Andalucía,community_services_non_profits,http://www.ugt-andalucia.com/web/fes,2,sindicatos,Sevilla,"37,3757071","−6,0068356"
Fsc Ccoo Andalucía,community_services_non_profits,http://www2.fsc.ccoo.es/webfscandalucia/Inicio,2,sindicatos,Sevilla,"37,3941307","−5,9953499"
Iniciativa Sindical Andaluza,community_services_non_profits,http://isandaluza.es/,2,sindicatos,Sevilla,"37,3755809","−6,0069509"
SAT Sevilla,community_services_non_profits,http://www.satsevilla.org/,2,sindicatos,Sevilla,"37,4011","−5,98796"
Seccion Sindical CCOO Amaya,community_services_non_profits,https://naturalezapublica.es/,2,sindicatos,Sevilla,"37,4013029","−6,0054475"
Sección Sindical UGT AYESA AT,community_services_non_profits,http://www.UGT-AYESA.org/,2,sindicatos,Sevilla,"37,39111","−6,01033"
Sindicato Andaluz de Funcionarios,community_services_non_profits,http://www.sindicatosaf.es/,2,sindicatos,Sevilla,"37,390512","−5,9953273"
Sppme-A Sevilla,community_services_non_profits,https://www.sppme-a.es/,2,sindicatos,Sevilla,"37,38481","−5,95996"
Sppme-Andalucía,community_services_non_profits,https://sppme-a.es/,2,sindicatos,Sevilla,"37,38171","−5,98437"
Unión de Consumidores de Andalucía,community_services_non_profits,http://www.uniondeconsumidores.com/,2,sindicatos,Sevilla,"37,4002982","−5,9910134"
UP de la ONCE Sevilla,community_services_non_profits,Ingen webbplats,2,sindicatos,Sevilla,"37,40338","−5,99151"
UTO-UGT Sevilla,community_services_non_profits,http://www.utougt.com/,2,sindicatos,Sevilla,"37,40338","−5,99151"
Ghalia Moda,fashion,https://www.ghaliamoda.es/,2,,Sevilla,"37,4027843","−5,9229267"
Lolafussion,dance_club,https://www.facebook.com/lolafussion/?locale=es_ES,2,,Sevilla,"37,3750713","−6,0077557"
Pedalquivir,dance_club,http://www.pedalquivir.com,2,,Sevilla,"37,384318","−5,998648"
Pub Crawl Sevilla by Pancho Tours,dance_club,http://www.panchotours.com/,2,,Sevilla,"37,3927612","−5,9985299"
Escuela Andaluza de Arte Floral,designer_clothing,https://escuelaandaluzadeartefloral.com/,2,,Sevilla,"37,425808","−5,973975"
Union de Actores e Interpretes de Andalucia,theatre,http://www.uniondeactoresdeandalucia.com,2,,Sevilla,"37,4025312","−5,9927289"
Pedros Chantre & Pontiga Campos Arquitectos,attractions_and_activities,http://www.arqui.net,2,arquitectos,Sevilla,"37,32778","−5,96924"
Biblioteca de Babel,library,https://www.facebook.com/biblioteca.debabel/?locale=es_LA,2,Asociación,Sevilla,"37,369626","−5,9380421"
La Revuelta,art_gallery,http://www.redvuelta.com/,2,"Centro ""social"" patriota",Sevilla,"37,3904574","−5,9922555"
Impresiòna Copisteria,music_venue,http://www.impresionacopisteria.es/,2,graphic_designer,Sevilla,"37,3739351","−5,9672212"
Torre Schindler,museum,,2,monumento,Sevilla,"37,3933482","−6,0071649"
Luafix,graphic_designer,http://luafix.es/,2,Renders de arquitectura (arquitectural visualization),Sevilla,"37,397856","−5,9974228"
ASC Sevilla,community_services_non_profits,http://ascsevilla.blogspot.com.es/,2,sindicatos,Sevilla,"37,4205732","−5,9856298"
Factoría del Arte,arts_and_crafts,http://www.factoriasevilla.com/,2,tienda de material de arte,Sevilla,"37,3939438","−5,993392"
Algama S C A,architectural_designer,http://algama-sca.placestars.com,2,No info,Sevilla,"37,393095","−5,98588"
Arquitectura Campos Alcaide SLP,architectural_designer,http://www.traxslp.com/,2,No info,Sevilla,"37,3964888","−5,9979067"
"Arquitectura y Construcciones, S.C.",architectural_designer,http://davivdcm2.wix.com/arcosc,2,No info,Sevilla,"37,3884271","−6,0092758"
Bdz,architectural_designer,Ingen webbplats,2,No info,Sevilla,"37,390042","−5,99723"
𝙁𝙊𝙍𝙀𝙑𝙀𝙍 𝟮𝟭 𝙇𝘼𝙎𝙏 𝙃𝙐𝙍𝙍𝘼𝙃,architectural_designer,Ingen webbplats,2,No info,Sevilla,"37,36918","−5,96139"
Kriteria,architectural_designer,http://www.kriteria.net/,2,No info,Sevilla,"37,3971981","−6,0007083"
Kriteria Edificación,architectural_designer,http://www.kriteria.net,2,No info,Sevilla,"37,386041","−5,996497"
OOOA,architectural_designer,http://www.oooa.es/,2,No info,Sevilla,"37,3913484","−5,9903173"
Unia_Arquitectos,architectural_designer,Ingen webbplats,2,No info,Sevilla,"37,3868618","−5,9849405"
Arcos 21,art_gallery,Ingen webbplats,2,No info,Sevilla,"37,376743","−5,9994694"
Balcris,art_gallery,Ingen webbplats,2,No info,Sevilla,"37,387807","−5,992517"
Belleza Colateral y Vida ,art_gallery,Ingen webbplats,2,No info,Sevilla,"37,3772","−5,98694"
Bocaroja Contemporary Art Gallery,art_gallery,https://www.instagram.com/mellenthinsybille/,2,No info,Sevilla,"37,39115","−5,99277"
C42 espacio múltiple,art_gallery,Ingen webbplats,2,No info,Sevilla,"37,3978338","−5,9920799"
Container-Art,art_gallery,Ingen webbplats,2,No info,Sevilla,"37,3772","−5,98694"
Espacio Abierto,art_gallery,Ingen webbplats,2,No info,Sevilla,"37,3970498","−5,9857929"
Galería Espacio Olvera,art_gallery,http://www.espacioolvera.com/,2,No info,Sevilla,"37,3876755","−5,9741696"
Galería Félix Gómez,art_gallery,http://www.galeriafelixgomez.es,2,No info,Sevilla,"37,3914221","−5,9904631"
Galería Mana,art_gallery,http://www.galeriamana.es/,2,No info,Sevilla,"37,37164","−5,95962"
Escuela Especial de Música Amadeus,art_school,Ingen webbplats,2,No info,Sevilla,"37,36956","−5,98479"
Artesania Kalena,arts_and_crafts,Ingen webbplats,2,No info,Sevilla,"37,3855987","−5,9900716"
Love Supreme Musica,dance_club,http://www.lovesupreme.es/,2,No info,Sevilla,"37,3929332","−5,9605551"
The demon club ,dance_club,http://www.thedemonclub.es/,2,No info,Sevilla,"37,4088732","−5,9517831"
Gustos,fashion,Ingen webbplats,2,No info,Sevilla,"37,3939595","−5,9823021"
Instituto de Recursos Naturales y Agrobiologia de Sevilla,library,http://www.irnase.csic.es,2,No info,Sevilla,"37,35799","−5,98605"
zona cantantes,recording_and_rehearsal_studio,,2,No info,Sevilla,"37,38562329","−6,00720449"
La Fábrica - Sevilla,arts_and_entertainment,Ingen webbplats,2,No info,Sevilla,"37,396595","−5,9886793"
AJG Contemporary Art Gallery,art_gallery,http://www.ajggallery.com/,2,No info,Sevilla,"37,3908691","−5,997766"
ELBUTRON,art_gallery,https://www.elbutron.com/,2,No info,Sevilla,"37,3942865","−5,9849394"
Galerias Valenzuela Sevilla,art_gallery,http://twitter.com/Valenzuela_SVQ,2,No info,Sevilla,"37,3929318","−5,9987152"
Magasé Art Gallery,art_gallery,https://www.magaseartgallery.com/,2,No info,Sevilla,"37,3961891","−5,9969416"
Cabama,art_school,http://cabama.art/,2,No info,Sevilla,"37,3786514","−6,0049571"
parArte,art_school,http://www.parartesevilla.com/,2,No info,Sevilla,"37,3998513","−5,9835671"
2GR,graphic_designer,http://www.2grcolor.com/,2,No info,Sevilla,"37,380362","−5,973182"
Museo,arts_and_entertainment,Ingen webbplats,2,No info,Sevilla,"37,402406","−5,986138"
Codemedia,graphic_designer,https://codemedia.es/,2,No info,Sevilla,"37,3863869","−6,0047725"
Heartcore,graphic_designer,http://www.hccrea.com/,2,No info,Sevilla,"37,42076","−5,98716"
La Carboneria Alma Gitana,arts_and_entertainment,Ingen webbplats,1,,Sevilla,"37,40083","−5,99251"
Fundacion Maria Fulmen,art_gallery,https://fundacionmariafulmen.wordpress.com,2,,Sevilla,"37,388243","−5,997233"
Radio FÓRum,broadcasting_media_production,https://podcasters.spotify.com/pod/show/radio-forum-andalucia3,2,,Sevilla,"37,3701024","−5,9534965"