Adress,Hemsida,Kategori,Namn,NormalizedAdress,lat,lon,geocode_status,geocode_display_name,OSMWebsite,WebsiteFinal,OSMEmail,EmailFinal
Säbyhallsvägen 30,,Bibliotek,Salems bibliotek,"Säbyhallsvägen 30, Stockholm",59.2021815,17.7683573,ok,"Säbyhallsvägen, Salem Centrum, Salem, Salems kommun, Stockholms län, 144 30, Sverige",,,,
Gustavslundsvägen 26,,Bibliotek,Alviks bibliotek,"Gustavslundsvägen 26, Stockholm",59.3328103,17.9821701,ok,"Bastard Burgers, 26, Gustavslundsvägen, Alvik, Bromma stadsdelsområde, Stockholm, Stockholms kommun, Stockholms län, 167 51, Sverige",,,,
Hägerstensvägen 133,,Bibliotek,Aspuddens bibliotek,Hägerstensvägen 133,59.3067815,18.0197291,ok,"Hägerstensvägen, Nybohov, Liljeholmen, Hägersten-Älvsjö stadsdelsområde, Stockholm, Stockholms kommun, Stockholms län, 117 63, Sverige",,,,
Lagaplan 6,,Bibliotek,Bagarmossens bibliotek,"Lagaplan 6, Stockholm",59.2772904,18.1330737,ok,"Bagarmossens kyrka, 6, Lagaplan, Bagarmossen, Skarpnäcks stadsdelsområde, Stockholm, Stockholms kommun, Stockholms län, 128 45, Sverige",,,,
Björkhagsplan 6,,Bibliotek,Björkhagens bibliotek,"Björkhagsplan 6, Stockholm",59.2910762,18.1166967,ok,"Björkhagsplan, Björkhagen, Skarpnäcks stadsdelsområde, Stockholm, Stockholms kommun, Stockholms län, 121 52, Sverige",,,,
Blackebergsplan 5,,Bibliotek,Blackebergs bibliotek,"Blackebergsplan 5, Stockholm",59.3477785,17.8831336,ok,"Salong Klippnytt, 5, Blackebergsplan, Blackebergs centrum, Blackeberg, Bromma stadsdelsområde, Stockholms kommun, Stockholms län, 168 48, Sverige",,,,
Bredängstorget 20,,Bibliotek,Bredängs bibliotek,"Bredängstorget 20, Stockholm",59.2946414,17.9340005,ok,"Bredängs bibliotek, 20, Bredängstorget, Bredäng, Skärholmens stadsdelsområde, Stockholm, Stockholms kommun, Stockholms län, 127 32, Sverige",,,,
Klädesvägen 12,,Bibliotek,Brommaplans bibliotek,"Klädesvägen 12, Stockholm",59.3385721,17.9394968,ok,"Coop Brommaplan, 12, Klädesvägen, Bromma, Bromma stadsdelsområde, Stockholm, Stockholms kommun, Stockholms län, 168 76, Sverige",,,,
Dalens allé 10,,Bibliotek,Enskede bibliotek,"Dalens allé 10, Stockholm",59.2852323,18.0941551,ok,"Sandsborgsbadet, 10, Dalens allé, Dalen Centrum, Gamla Enskede, Enskede-Årsta-Vantörs stadsdelsområde, Stockholm, Stockholms kommun, Stockholms län, 121 31, Sverige",,,,
Farstagången 8,,Bibliotek,Farsta bibliotek,Farstagången 8,59.2426516,18.0897818,ok,"Kulturskolan, 8, Farstagången, Farsta centrum, Farsta, Farsta stadsdelsområde, Stockholm, Stockholms kommun, Stockholms län, 123 33, Sverige",,,,
Fruängsgången 1,,Bibliotek,Fruängens bibliotek,"Fruängsgången 1, Stockholm",59.285614,17.9635524,ok,"Fruängsgången, Fruängen, Hägersten-Älvsjö stadsdelsområde, Stockholm, Stockholms kommun, Stockholms län, 129 52, Sverige",,,,
Gröndalsvägen 36,,Bibliotek,Gröndals bibliotek,"Gröndalsvägen 36, Stockholm",59.3160868,18.0119397,ok,"36, Gröndalsvägen, Gröndal, Hägersten-Älvsjö stadsdelsområde, Stockholm, Stockholms kommun, Stockholms län, 117 67, Sverige",,,,
Gubbängstorget 108,,Bibliotek,Gubbängens bibliotek,"Gubbängstorget 108, Stockholm",59.2628191,18.084156,ok,"Gubbängstorget, Gubbängen, Farsta stadsdelsområde, Stockholm, Stockholms kommun, Stockholms län, Sverige",,,,
Hagsätra torg 32,,Bibliotek,Hagsätra bibliotek,"Hagsätra torg 32, Stockholm",59.2619518,18.0144566,ok,"Kamuchas, 32, Hagsätra Torg, Hagsätra, Enskede-Årsta-Vantörs stadsdelsområde, Stockholm, Stockholms kommun, Stockholms län, 124 73, Sverige",,,,
Sveavägen 73,,Bibliotek,Stadsbiblioteket,"Sveavägen 73, Stockholm",59.3434409,18.0551499,ok,"73, Sveavägen, Sibirien, Vasastaden, Norra innerstadens stadsdelsområde, Stockholm, Stockholms kommun, Stockholms län, 113 50, Sverige",,,,
Hässelby Torg 10,,Bibliotek,Hässelby Gårds bibliotek,Hässelby Torg 10,59.3676299,17.8437218,ok,"Hässelby gårds bibliotek, 10, Hässelby Torg, Hässelby gård, Hässelby-Vällingby stadsdelsområde, Stockholms kommun, Stockholms län, 165 55, Sverige",,,,
Lövkojsgränd 12,,Bibliotek,Hässelby villastads bibliotek,"Lövkojsgränd 12, Stockholm",59.3802396,17.8150408,ok,"Lövkojsgränd, Hässelby Villastad, Hässelby-Vällingby stadsdelsområde, Stockholms kommun, Stockholms län, 165 74, Sverige",,,,
Högdalsgången 10,,Bibliotek,Högdalens bibliotek,"Högdalsgången 10, Stockholm",59.2633614,18.0429868,ok,"Kaffein, 10, Högdalsgången, Högdalen, Enskede-Årsta-Vantörs stadsdelsområde, Stockholm, Stockholms kommun, Stockholms län, 124 54, Sverige",,,,
Sankt Eriksgatan 33,,Bibliotek,Internationella Biblioteket,"Sankt Eriksgatan 33, Stockholm",59.3328913,18.0313443,ok,"33, Sankt Eriksgatan, Kungsholmen, Kungsholmens stadsdelsområde, Stockholm, Stockholms kommun, Stockholms län, 112 42, Sverige",,,,
Kista Galleria,,Bibliotek,Kista bibliotek,"Kista Galleria, Stockholm",59.403178,17.9442909,ok,"Kista Galleria, 55F, Hanstavägen, Kista, Järva stadsdelsområde, Stockholm, Stockholms kommun, Stockholms län, 164 53, Sverige",,,,
Sankt Eriksgatan 33,,Bibliotek,Kungsholmen,"Sankt Eriksgatan 33, Stockholm",59.3328913,18.0313443,ok,"33, Sankt Eriksgatan, Kungsholmen, Kungsholmens stadsdelsområde, Stockholm, Stockholms kommun, Stockholms län, 112 42, Sverige",,,,
Ljusslingan 26,,Bibliotek,Luma bibliotek,"Ljusslingan 26, Stockholm",59.3060016,18.0968951,ok,"26, Ljusslingan, Danviksklippan, Södra Hammarbyhamnen, Södermalms stadsdelsområde, Stockholm, Stockholms kommun, Stockholms län, 120 31, Sverige",,,,
Bobergsgatan 81-83,,Bibliotek,Norra Djurgårdsstadens bibliotek,"Bobergsgatan 81-83, Stockholm",59.3529234,18.0853404,ok,"Bobergsgatan, Gasverket, Hjorthagen, Norra innerstadens stadsdelsområde, Stockholm, Stockholms kommun, Stockholms län, 115 44, Sverige",,,,
Skårbygränd 1,,Bibliotek,Rinkeby bibliotek,"Skårbygränd 1, Stockholm",59.3886785,17.9270575,ok,"1, Skårbygränd, Sörgården, Rinkeby, Järva stadsdelsområde, Stockholm, Stockholms kommun, Stockholms län, 163 72, Sverige",,,,
Skarpnäcks allé 25,,Bibliotek,Skarpnäcks bibliotek,Skarpnäcks allé 25,59.2679013,18.1289155,ok,"Skarpnäcks Kulturhus, 25, Skarpnäcks Allé, Skarpnäcks gård, Skarpnäcks stadsdelsområde, Stockholm, Stockholms kommun, Stockholms län, 128 33, Sverige",,,,
Bredholmsgatan 4,,Bibliotek,Skärholmens bibliotek,"Bredholmsgatan 4, Stockholm",59.2747598,17.9064915,ok,"Bredholmsgatan, Skärholmen, Skärholmens stadsdelsområde, Stockholm, Stockholms kommun, Stockholms län, 127 48, Sverige",,,,
Sköndalsvägen 91,,Bibliotek,Sköndals bibliotek,"Sköndalsvägen 91, Stockholm",59.2555,18.1142,ok,"Hemköp Sköndal C, 91, Sköndalsvägen, Sköndal, Farsta stadsdelsområde, Stockholm, Stockholms kommun, Stockholms län, 128 66, Sverige",,,,
Värsta Allé 12,,Bibliotek,Spånga bibliotek,"Värsta Allé 12, Stockholm",59.3819046,17.8967077,ok,"Värsta allé, Solhöjden, Solhem, Järva stadsdelsområde, Stockholm, Stockholms kommun, Stockholms län, 163 51, Sverige",,,,
Essingestråket 24,,Bibliotek,Stora Essingens bibliotek,"Essingestråket 24, Stockholm",59.3208091,17.9861386,ok,"Lycée Français Saint Louis de Stockholm, 24, Essingestråket, Stora Essingen, Kungsholmens stadsdelsområde, Stockholm, Stockholms kommun, Stockholms län, 112 66, Sverige",,,,
Grev Turegatan 6,,Bibliotek,Sture bibliotek,"Grev Turegatan 6, Stockholm",59.3351954,18.0748695,ok,"Grev Turegatan, Eriksberg, Östermalm, Norra innerstadens stadsdelsområde, Stockholm, Stockholms kommun, Stockholms län, 114 46, Sverige",,,,
Artemisgatan 30a,,Bibliotek,Hjorthagen,"Artemisgatan 30a, Stockholm",59.3564215,18.0985694,ok,"30A, Artemisgatan, Gasverket, Hjorthagen, Norra innerstadens stadsdelsområde, Stockholm, Stockholms kommun, Stockholms län, 115 40, Sverige",,,,
Hornsbruksgatan 25,,Bibliotek,Hornstulls bibliotek,"Hornsbruksgatan 25, Stockholm",59.3160198,18.0350751,ok,"25, Hornsbruksgatan, Hornstull, Södermalm, Södermalms stadsdelsområde, Stockholm, Stockholms kommun, Stockholms län, 117 34, Sverige",,,,
Edvard Griegsgången 9,,Bibliotek,Husby bibliotek,"Edvard Griegsgången 9, Stockholm",59.407809,17.9289927,ok,"Edvard Griegsgången, Husby, Järva stadsdelsområde, Stockholm, Stockholms kommun, Stockholms län, 164 34, Sverige",,,,
Telefonplan 1,,Bibliotek,Telefonplans bibliotek,"Telefonplan 1, Stockholm",59.298882,17.9964701,ok,"1, Telefonplan, Midsommarkransen, Hägersten-Älvsjö stadsdelsområde, Stockholm, Stockholms kommun, Stockholms län, 126 37, Sverige",,,,
Hagstråket 13,,Bibliotek,Tensta bibliotek,"Hagstråket 13, Stockholm",59.395534,17.8979108,ok,"Tensta träff, 13, Hagstråket, Tensta, Järva stadsdelsområde, Stockholm, Stockholms kommun, Stockholms län, 163 64, Sverige",,,,
Medborgarplatsen 2,,Bibliotek,Tranströmerbiblioteket,"Medborgarplatsen 2, Stockholm",59.3145466,18.0718565,ok,"2, Medborgarplatsen, Södermalm, Södermalms stadsdelsområde, Stockholm, Stockholms kommun, Stockholms län, 118 26, Sverige",,,,
Vittangigatan 24,,Bibliotek,Vällingby bibliotek,"Vittangigatan 24, Stockholm",59.3624519,17.870496,ok,"Vällingby bibliotek, 24, Vittangigatan, Vällingby, Hässelby-Vällingby stadsdelsområde, Stockholms kommun, Stockholms län, 162 61, Sverige",,,,
Årsta torg 5,,Bibliotek,Årsta bibliotek,Årsta torg 5,59.297274,18.0516471,ok,"5, Årsta Torg, Östberga, Årsta, Enskede-Årsta-Vantörs stadsdelsområde, Stockholm, Stockholms kommun, Stockholms län, 120 54, Sverige",,,,
Älvsjö stationsgata 21,,Bibliotek,Älvsjö bibliotek,"Älvsjö stationsgata 21, Stockholm",59.2782333,18.00808,ok,"Älvsjö Stationsgata, Älvsjö, Hägersten-Älvsjö stadsdelsområde, Stockholm, Stockholms kommun, Stockholms län, 125 31, Sverige",,,,
Gamla Huddingevägen 425,,Bibliotek,Örby bibliotek,Gamla Huddingevägen 425,59.2748688,18.0265722,ok,"425, Gamla Huddingevägen, Älvsjö, Enskede-Årsta-Vantörs stadsdelsområde, Stockholm, Stockholms kommun, Stockholms län, 125 42, Sverige",,,,
Östbergatorget 14,,Bibliotek,Östberga bibliotek,"Östbergatorget 14, Stockholm",59.2889218,18.0332425,ok,"Östberga Kulturhus, 14, Östbergatorget, Östberga, Älvsjö, Enskede-Årsta-Vantörs stadsdelsområde, Stockholm, Stockholms kommun, Stockholms län, 125 72, Sverige",,,,
Valhallavägen 146,,Bibliotek,Östermalms bibliotek,"Valhallavägen 146, Stockholm",59.3401054,18.0919707,ok,"146, Valhallavägen, Villastaden, Östermalm, Norra innerstadens stadsdelsområde, Stockholm, Stockholms kommun, Stockholms län, 115 24, Sverige",,,,
Bryggargatan 12A,,Bibliotek,,"Bryggargatan 12A, Stockholm",59.3329273,18.0587865,ok,"Goethe Institut, 12a, Bryggargatan, Klara, Norrmalm, Norra innerstadens stadsdelsområde, Stockholm, Stockholms kommun, Stockholms län, 111 21, Sverige",,,,
Drottninggatan 95B,,Bibliotek,,"Drottninggatan 95B, Stockholm",59.3403745,18.0545068,ok,"95B, Drottninggatan, Sibirien, Vasastaden, Norra innerstadens stadsdelsområde, Stockholm, Stockholms kommun, Stockholms län, 113 60, Sverige",,,,
Gustavslundsvägen 170,,Bibliotek,,"Gustavslundsvägen 170, Stockholm",59.3287786,17.985281,ok,"Gustavslundsvägen, Alviks Strand, Alvik, Bromma stadsdelsområde, Stockholm, Stockholms kommun, Stockholms län, 167 40, Sverige",,,,
Herbert Widmans väg 5A,,Bibliotek,,"Herbert Widmans väg 5A, Stockholm",59.250138,18.1195031,ok,"Herbert Widmans Väg, Sköndal, Farsta stadsdelsområde, Stockholm, Stockholms kommun, Stockholms län, 128 68, Sverige",,,,
Snickarbacken 2,,Bibliotek,,"Snickarbacken 2, Stockholm",59.3380666,18.0683159,ok,"2, Snickarbacken, Norrmalm, Norra innerstadens stadsdelsområde, Stockholm, Stockholms kommun, Stockholms län, 114 27, Sverige",,,,
Stigbergsgatan 30A,,Bibliotek,,"Stigbergsgatan 30A, Stockholm",59.3166882,18.0882469,ok,"Stigbergsgatan, Södermalm, Södermalms stadsdelsområde, Stockholm, Stockholms kommun, Stockholms län, 116 45, Sverige",,,,
Sveavägen 65,,Bibliotek,,"Sveavägen 65, Stockholm",59.3416984,18.0572597,ok,"65, Sveavägen, Sibirien, Vasastaden, Norra innerstadens stadsdelsområde, Stockholm, Stockholms kommun, Stockholms län, 113 59, Sverige",,,,
Tegelviksgatan 40,,Bibliotek,,"Tegelviksgatan 40, Stockholm",59.3093862,18.0968174,ok,"40, Tegelviksgatan, Danvikstull, Södermalm, Södermalms stadsdelsområde, Stockholm, Stockholms kommun, Stockholms län, 116 47, Sverige",,,,
Valhallavägen 91,,Bibliotek,,"Valhallavägen 91, Stockholm",59.3456217,18.0755612,ok,"91, Valhallavägen, Ruddammen, Norra Djurgården, Norra innerstadens stadsdelsområde, Stockholm, Stockholms kommun, Stockholms län, 115 28, Sverige",,,,
Wahrendorffsgatan 3B,,Bibliotek,,"Wahrendorffsgatan 3B, Stockholm",59.3318894,18.0742245,ok,"3B, Wahrendorffsgatan, Klara, Norrmalm, Norra innerstadens stadsdelsområde, Stockholm, Stockholms kommun, Stockholms län, 103 27, Sverige",,,,
Hantverkargatan 45,,Bibliotek,,"Hantverkargatan 45, Stockholm",59.3292665,18.0411914,ok,"Hantverkargatan, Kungsholmen, Kungsholmens stadsdelsområde, Stockholm, Stockholms kommun, Stockholms län, 112 23, Sverige",,,,
Banérgatan 62,,Bibliotek,,"Banérgatan 62, Stockholm",59.341303,18.0985922,ok,"62, Banérgatan, Gärdeshöjden, Ladugårdsgärdet, Norra innerstadens stadsdelsområde, Stockholm, Stockholms kommun, Stockholms län, 115 29, Sverige",,,,
Banérgatan 64,,Bibliotek,,"Banérgatan 64, Stockholm",59.3417551,18.0984073,ok,"64, Banérgatan, Gärdeshöjden, Ladugårdsgärdet, Norra innerstadens stadsdelsområde, Stockholm, Stockholms kommun, Stockholms län, 115 29, Sverige",,,,
Brinellvägen 58,,Bibliotek,,"Brinellvägen 58, Stockholm",59.3532315,18.0665556,ok,"58, Brinellvägen, Ruddammen, Norra Djurgården, Norra innerstadens stadsdelsområde, Stockholm, Stockholms kommun, Stockholms län, 100 44, Sverige",,,,
Djurgårdsbrunnsvägen 24,,Bibliotek,,"Djurgårdsbrunnsvägen 24, Stockholm",59.3326212,18.1157271,ok,"24, Djurgårdsbrunnsvägen, Lindarängen, Ladugårdsgärdet, Norra innerstadens stadsdelsområde, Stockholm, Stockholms kommun, Stockholms län, 115 27, Sverige",,,,
Djurgårdsvägen 10,,Bibliotek,,"Djurgårdsvägen 10, Stockholm",59.1937054,18.1862294,ok,"10, Djurgårdsvägen, Söderby, Handen, Haninge kommun, Stockholms län, 136 71, Sverige",,,,
Drottning Kristinas väg 37,,Bibliotek,,"Drottning Kristinas väg 37, Stockholm",59.3491458,18.0694968,ok,"37, Drottning Kristinas Väg, Ruddammen, Norra Djurgården, Norra innerstadens stadsdelsområde, Stockholm, Stockholms kommun, Stockholms län, 114 28, Sverige",,,,
Exercisplan 4,,Bibliotek,,"Exercisplan 4, Stockholm",59.325856,18.0843509,ok,"4, Exercisplan, Skeppsholmen, Norra innerstadens stadsdelsområde, Stockholm, Stockholms kommun, Stockholms län, 111 49, Sverige",,,,
Flaggmansvägen 1,,Bibliotek,,"Flaggmansvägen 1, Stockholm",59.3245737,18.0820912,ok,"Flaggmansvägen, Skeppsholmen, Norra innerstadens stadsdelsområde, Stockholm, Stockholms kommun, Stockholms län, 111 49, Sverige",,,,
Fredsgatan 12,,Bibliotek,,"Fredsgatan 12, Stockholm",59.3286831,18.0644249,ok,"12, Fredsgatan, Klara, Norrmalm, Norra innerstadens stadsdelsområde, Stockholm, Stockholms kommun, Stockholms län, 103 21, Sverige",,,,
Frescativägen 40,,Bibliotek,,"Frescativägen 40, Stockholm",59.3687947,18.0534787,ok,"40, Frescativägen, Frescati, Norra Djurgården, Norra innerstadens stadsdelsområde, Stockholm, Stockholms kommun, Stockholms län, 114 18, Sverige",,,,
Fyrverkarbacken 13,,Bibliotek,,"Fyrverkarbacken 13, Stockholm",59.3268258,18.0225657,ok,"13, Fyrverkarbacken, Marieberg, Kungsholmens stadsdelsområde, Stockholm, Stockholms kommun, Stockholms län, 100 26, Sverige",,,,
Holmamiralens väg 2,,Bibliotek,,"Holmamiralens väg 2, Stockholm",59.3246767,18.083498,ok,"Holmamiralens Väg, Skeppsholmen, Norra innerstadens stadsdelsområde, Stockholm, Stockholms kommun, Stockholms län, 111 49, Sverige",,,,
Humlegårdsgatan 26,,Bibliotek,,"Humlegårdsgatan 26, Stockholm",59.3380801,18.0720383,ok,"26, Humlegårdsgatan, Eriksberg, Östermalm, Norra innerstadens stadsdelsområde, Stockholm, Stockholms kommun, Stockholms län, 114 46, Sverige",,,,
Karlavägen 104,,Bibliotek,,"Karlavägen 104, Stockholm",59.3357493,18.0981976,ok,"104, Karlavägen, Östermalm, Norra innerstadens stadsdelsområde, Stockholm, Stockholms kommun, Stockholms län, 115 26, Sverige",,,,
Klara norra kyrkogata 34,,Bibliotek,,"Klara norra kyrkogata 34, Stockholm",59.3347646,18.0576208,ok,"34, Klara Norra Kyrkogata, Klara, Norrmalm, Norra innerstadens stadsdelsområde, Stockholm, Stockholms kommun, Stockholms län, 111 22, Sverige",,,,
Kräftriket 21A,,Bibliotek,,"Kräftriket 21A, Stockholm",59.3561365,18.053802,ok,"Kräftriket, Albano, Norra Djurgården, Norra innerstadens stadsdelsområde, Stockholm, Stockholms kommun, Stockholms län, 114 19, Sverige",,,,
Kräftriket 6B,,Bibliotek,,"Kräftriket 6B, Stockholm",59.3561365,18.053802,ok,"Kräftriket, Albano, Norra Djurgården, Norra innerstadens stadsdelsområde, Stockholm, Stockholms kommun, Stockholms län, 114 19, Sverige",,,,
"Alfred Nobels Allé 7, 141 89 Huddinge",,Bibliotek,Södertörns högskolebibliotek,"Alfred Nobels Allé 7, 141 89 Huddinge",59.219461,17.9430918,ok,"7, Alfred Nobels Allé, Visättra, Flemingsberg, Huddinge, Huddinge kommun, Stockholms län, 141 57, Sverige",,,,
Folkets hus väg 5,,Bibliotek,Herrängs bibliotek,"Folkets hus väg 5, Stockholm",,,not_found,,,,,
Norra uppsalavägen 15,,Bibliotek,Hallstaviks bibliotek,"Norra uppsalavägen 15, Stockholm",60.0500342,18.5958667,ok,"Hallstaviks bibliotek, 15, Norra Uppsalavägen, Skärsta, Hallstavik, Norrtälje kommun, Stockholms län, 763 40, Sverige",,,,
Lidingövägen 1,,Bibliotek,,Lidingövägen 1,59.3452111,18.078824,ok,"Stockholms Olympiastadion, 1, Lidingövägen, Ladugårdsgärdet, Norra innerstadens stadsdelsområde, Stockholm, Stockholms kommun, Stockholms län, 114 33, Sverige",,,,
LM Ericssons väg 14,,Bibliotek,,"LM Ericssons väg 14, Stockholm",59.2997731,17.9942096,ok,"Konstfack, 14, LM Ericssons Väg, Midsommarkransen, Hägersten-Älvsjö stadsdelsområde, Stockholm, Stockholms kommun, Stockholms län, 126 26, Sverige",,,,
Museivägen 7,,Bibliotek,,"Museivägen 7, Stockholm",59.3325056,18.1189933,ok,"7, Museivägen, Lindarängen, Ladugårdsgärdet, Norra innerstadens stadsdelsområde, Stockholm, Stockholms kommun, Stockholms län, 115 27, Sverige",,,,
Odengatan 61,,Bibliotek,,"Odengatan 61, Stockholm",59.3431901,18.0530572,ok,"61, Odengatan, Sibirien, Vasastaden, Norra innerstadens stadsdelsområde, Stockholm, Stockholms kommun, Stockholms län, 113 50, Sverige",,,,
Osquars backe 31,,Bibliotek,,"Osquars backe 31, Stockholm",59.3478558,18.0730189,ok,"31, Osquars Backe, Ruddammen, Norra Djurgården, Norra innerstadens stadsdelsområde, Stockholm, Stockholms kommun, Stockholms län, 100 44, Sverige",,,,
Roslagstullsbacken 21,,Bibliotek,,"Roslagstullsbacken 21, Stockholm",59.3534765,18.0579839,ok,"21, Roslagstullsbacken, Albano, Norra Djurgården, Norra innerstadens stadsdelsområde, Stockholm, Stockholms kommun, Stockholms län, 106 91, Sverige",,,,
Storgatan 41,,Bibliotek,,"Storgatan 41, Stockholm",59.334152,18.0901659,ok,"41, Storgatan, Östermalm, Norra innerstadens stadsdelsområde, Stockholm, Stockholms kommun, Stockholms län, 114 55, Sverige",,,,
Svante Arrhenius väg 12,,Bibliotek,,"Svante Arrhenius väg 12, Stockholm",59.3669138,18.0585166,ok,"Svante Arrhenius väg, Lappkärrsberget, Norra Djurgården, Norra innerstadens stadsdelsområde, Stockholm, Stockholms kommun, Stockholms län, 114 18, Sverige",,,,
Sveavägen 162,,Bibliotek,,"Sveavägen 162, Stockholm",59.3511533,18.0522022,ok,"162, Sveavägen, Sibirien, Vasastaden, Norra innerstadens stadsdelsområde, Stockholm, Stockholms kommun, Stockholms län, 113 46, Sverige",,,,
Torsgatan 19,,Bibliotek,,"Torsgatan 19, Stockholm",59.3371302,18.0425517,ok,"19, Torsgatan, Atlasområdet, Vasastaden, Norra innerstadens stadsdelsområde, Stockholm, Stockholms kommun, Stockholms län, 113 21, Sverige",,,,
Universitetvägen 10B,,Bibliotek,,"Universitetvägen 10B, Stockholm",,,not_found,,,,,
Universitetvägen 14D,,Bibliotek,,"Universitetvägen 14D, Stockholm",,,not_found,,,,,
Valhallavägen 136,,Bibliotek,,"Valhallavägen 136, Stockholm",59.3411153,18.0876617,ok,"136, Valhallavägen, Villastaden, Östermalm, Norra innerstadens stadsdelsområde, Stockholm, Stockholms kommun, Stockholms län, 115 20, Sverige",,,,
Valhallavägen 195,,Bibliotek,,"Valhallavägen 195, Stockholm",59.339381,18.102231,ok,"195, Valhallavägen, Ladugårdsgärdet, Norra innerstadens stadsdelsområde, Stockholm, Stockholms kommun, Stockholms län, 115 53, Sverige",,,,
Isafjordsgatan 26,,Bibliotek,,"Isafjordsgatan 26, Stockholm",59.4052481,17.9491163,ok,"26, Isafjordsgatan, Kista, Järva stadsdelsområde, Stockholm, Stockholms kommun, Stockholms län, 164 21, Sverige",,,,
"Kommunalvägen 28 A, 141 27 Huddinge",,Bibliotek,Huddinges huvudbibliotek,"Kommunalvägen 28 A, 141 27 Huddinge",59.2390141,17.9886017,ok,"Huddinge huvudbibliotek, 28A, Kommunalvägen, Kvarnbergsplan, Sjödalen, Huddinge, Huddinge kommun, Stockholms län, 141 61, Sverige",,,,
"Häradsvägen 252, 141 71 Segeltorp",,Bibliotek,Segeltorps bibliotek,"Häradsvägen 252, 141 71 Segeltorp",59.2785587,17.9433936,ok,"Häradsvägen, Jakobslund, Segeltorp, Huddinge kommun, Stockholms län, 141 71, Sverige",,,,
"Skogåstorget 7-9, 142 30 Skogås",,Bibliotek,Skogås bibliotek,"Skogåstorget 7-9, 142 30 Skogås",59.2175912,18.1522002,ok,"Skogåstorget, Lyckåsen, Skogås, Drevviksstrand, Huddinge kommun, Stockholms län, 142 30, Sverige",,,,
"Vårby allé 26, 143 40 Vårby",,Bibliotek,Vårby bibliotek med Barnkonsten,"Vårby allé 26, 143 40 Vårby",59.2549997,17.8751325,ok,"Vårby allé, Masmo, Vårby, Huddinge kommun, Stockholms län, 143 30, Sverige",,,,
"Ebba Bååts torg 20, 141 51 Huddinge",,Bibliotek,Flemingsbergs bibliotek,"Ebba Bååts torg 20, 141 51 Huddinge",59.2189231,17.9497146,ok,"Ebba Bååts torg, Visättra, Flemingsberg, Huddinge, Huddinge kommun, Stockholms län, 141 50, Sverige",,,,
Billborgsgatan 3,,Bibliotek,Norrtälje stadsbibliotek,"Billborgsgatan 3, Stockholm",59.7598544,18.7047857,ok,"Billborgsgatan, Gransäter, Fågelsången, Norrtälje, Norrtälje kommun, Stockholms län, 761 30, Sverige",,,,
Rimbo torg 13,,Bibliotek,Rimbo bibliotek,"Rimbo torg 13, Stockholm",,,not_found,,,,,
Sandviksvägen 4a,,Bibliotek,Väddö bibliotek,"Sandviksvägen 4a, Stockholm",59.496027,17.7282909,ok,"4A, Sandviksvägen, Lärksoppen, Brunna, Kungsängen, Upplands-Bro kommun, Stockholms län, 196 36, Sverige",,,,
Fasternavägen 24,,Bibliotek,Rånäs bibliotek,"Fasternavägen 24, Stockholm",59.7948701,18.2888339,ok,"Rånäs Skola, 24, Fasternavägen, Rånäs, Norrtälje kommun, Stockholms län, 762 96, Sverige",,,,
Skolbacken 7,,Bibliotek,Bergshamra bibliotek,"Skolbacken 7, Stockholm",59.6385007,18.6577061,ok,"Skolbacken, Hästängen, Solvik, Bergshamra, Norrtälje kommun, Stockholms län, 760 10, Sverige",,,,
Love Almqvists torg 1,,Bibliotek,Upplands Väsby bibliotek,"Love Almqvists torg 1, Stockholm",59.5208707,17.9016759,ok,"Upplands Väsby bibliotek, 1, Love Almqvists torg, Vilunda, Upplands Väsby, Upplands Väsby kommun, Stockholms län, 194 80, Sverige",,,,
Allévägen 1,bibliotek.vallentuna.se,Bibliotek,Vallentuna bibliotek,"Allévägen 1, Stockholm",59.3294707,17.9763549,ok,"1, Allévägen, Äppelviken, Bromma stadsdelsområde, Stockholm, Stockholms kommun, Stockholms län, 167 52, Sverige",,bibliotek.vallentuna.se,,
Vadavägen 1C,bibliotek.vallentuna.se,Bibliotek,Karby bibliotek,"Vadavägen 1C, Stockholm",59.5610075,18.2205292,ok,"Karby bibliotek, 1C, Vadavägen, Karby, Vallentuna kommun, Stockholms län, 186 70, Sverige",,bibliotek.vallentuna.se,,
Bergsjövägen 1,bibliotek.vallentuna.se,Bibliotek,Kårsta bibliotek,"Bergsjövägen 1, Stockholm",59.6540671,18.2744546,ok,"Bergsjövägen, Backa, Eriksdal, Kårsta, Vallentuna kommun, Stockholms län, 186 60, Sverige",,bibliotek.vallentuna.se,,
"Bro centrum 1, 19731 Bro",,Bibliotek,Biblioteket i Bro,"Bro centrum 1, 19731 Bro",60.1103253,24.4420062,ok,"1, Bronkuja, Bro, Kuntakeskus, Keskinen Kirkkonummi, Kirkkonummi, Helsingin seutukunta, Uusimaa, Manner-Suomi, 02480, Suomi / Finland",,,,
"Furuhällsplan 1, 19640 Kungsängen",,Bibliotek,Biblioteket i Kungsängen,"Furuhällsplan 1, 19640 Kungsängen",59.478449,17.7513474,ok,"1, Furuhällsplan, Kungsängen, Upplands-Bro kommun, Stockholms län, 196 40, Sverige",,,,
Hallonbergsplan 7,,Bibliotek,Hallonbergens bibliotek,"Hallonbergsplan 7, Stockholm",59.3754396,17.9683662,ok,"Hallonbergens bibliotek, 7, Hallonbergsplan, Hallonbergen, Sundbybergs kommun, Stockholms län, 174 52, Sverige",,,,
Esplanaden 10,,Bibliotek,Biblioteket i Signalfabriken,"Esplanaden 10, Stockholm",59.362532,17.965526,ok,"Sundbybergs bibliotek, 10, Esplanaden, Hästhagen, Centrala Sundbyberg, Sundbybergs kommun, Stockholms län, 172 67, Sverige",,,,
Östangränd 7,,Bibliotek,Huvudbiblioteket Tyresö C,"Östangränd 7, Stockholm",59.2451069,18.2288111,ok,"Biblioteket i Tyresö centrum, 7, Östangränd, Bollmora, Tyresö kommun, Stockholms län, 135 21, Sverige",,,,
"Kumla Allé 7, 135 51 Tyresö",,Bibliotek,Biblioteket Trollbäcken,"Kumla Allé 7, 135 51 Tyresö",59.2218566,18.2004269,ok,"7, Kumla Allé, Persudde, Kumla, Tyresö kommun, Stockholms län, 135 53, Sverige",,,,
130 39 Sandhamn,,Folkbibliotek,Sandhamn bibliotek,130 39 Sandhamn,60.1524761,25.049372,ok,"Santahamina, Kaakkoinen suurpiiri, Helsinki, Helsingin seutukunta, Uusimaa, Manner-Suomi, 00860, Suomi / Finland",,,,
130 36 Nämdö,,Folkbibliotek,Nämdö bibliotek,130 36 Nämdö,59.1721712,18.6067272,ok,"Nämdö, Värmdö kommun, Stockholms län, Sverige",,,,
"Motionsvägen 4, 139 32 Värmdö",,Folkbibliotek,Hemmesta bibliotek,"Motionsvägen 4, 139 32 Värmdö",59.3191714,18.4885063,ok,"Värmdö sporthall, 4B, Motionsvägen, Torshäll, Hagaberg, Hemmesta, Värmdö kommun, Stockholms län, 139 32, Sverige",,,,
"Lagergrens väg 15 / Strandtorget 15, 135 63 Tyresö",,Bibliotek,Biblioteket i Strand,"Lagergrens väg 15 / Strandtorget 15, 135 63 Tyresö",,,not_found,,,,,
"Norra Kronans gata 429, 136 76 Brandbergen",,Bibliotek,Biblioteket i Brandbergen,"Norra Kronans gata 429, 136 76 Brandbergen",59.1733521,18.1732989,ok,"Norra Kronans gata, Brandbergen, Handen, Haninge kommun, Stockholms län, 136 61, Sverige",,,,
"Poseidons torg 8, 139 46 Handen",,Bibliotek,Biblioteket i Handen,"Poseidons torg 8, 139 46 Handen",59.1672538,18.1393391,ok,"Poseidons Torg, Handen, Haninge kommun, Stockholms län, 136 43, Sverige",,,,
"Vega Allé 61, 136 57 Vega",,Bibliotek,Biblioteket i Vega,"Vega Allé 61, 136 57 Vega",59.1851633,18.1339744,ok,"Café Vega, 61, Vega Allé, Mellanberg, Vega, Haninge kommun, Stockholms län, 136 57, Sverige",,,,
"Centrumvägen 7, 137 38 Västerhaninge",,Bibliotek,Biblioteket i Västerhaninge,"Centrumvägen 7, 137 38 Västerhaninge",59.1224505,18.1044351,ok,"Biblioteket i Västerhaninge, 7, Centrumvägen, Västerhaninge, Haninge kommun, Stockholms län, 137 38, Sverige",,,,
"Hurtigs torg 2, 137 64 Jordbro",,Bibliotek,Biblioteket Jordbro,"Hurtigs torg 2, 137 64 Jordbro",59.1413976,18.1323709,ok,"Jordbro vårdcentral, 2, Hurtigs Torg, Jordbro, Haninge kommun, Stockholms län, 137 64, Sverige",,,,
Carl Bondes väg 12,,Bibliotek,Sorunda bibliotek,"Carl Bondes väg 12, Stockholm",59.3792982,17.8189829,ok,"12, Carl Bondes väg, Hässelby Villastad, Hässelby-Vällingby stadsdelsområde, Stockholms kommun, Stockholms län, 165 74, Sverige",,,,
Stadshusplatsen 3,,Bibliotek,Nynäshamns bibliotek,"Stadshusplatsen 3, Stockholm",58.9022005,17.946184,ok,"Nynäshamns bildarkiv, 3, Stadshusplatsen, Heimdal, Nynäshamn, Nynäshamns kommun, Stockholms län, 149 81, Sverige",,,,
Ösmo centrum 4,,Bibliotek,Ösmo bibliotek,"Ösmo centrum 4, Stockholm",,,not_found,,,,,
Eriksbergsvägen 9,,Bibliotek,Hölö bibliotek,"Eriksbergsvägen 9, Stockholm",59.4128117,17.9567788,ok,"Eriksbergsvägen, Helenelund, Sollentuna kommun, Sundbybergs kommun, Stockholms län, 191 41, Sverige",,,,
Gröndalsvägen 1,,Bibliotek,Hovsjö bibliotek,"Gröndalsvägen 1, Stockholm",59.3144388,18.0157508,ok,"1, Gröndalsvägen, Gröndal, Hägersten-Älvsjö stadsdelsområde, Stockholm, Stockholms kommun, Stockholms län, 117 66, Sverige",,,,
Lunagallerian 4,,Bibliotek,Stadsbiblioteket Södertälje,"Lunagallerian 4, Stockholm",,,not_found,,,,,
Sandviksvägen 60,,Bibliotek,Enhörna bibliotek,"Sandviksvägen 60, Stockholm",59.3722573,17.8208174,ok,"60, Sandviksvägen, Hässelby strand, Hässelby-Vällingby stadsdelsområde, Stockholms kommun, Stockholms län, 165 70, Sverige",,,,
Skolvägen 13,,Bibliotek,Mölnbo bibliotek,"Skolvägen 13, Stockholm",59.4557288,17.9225938,ok,"13, Skolvägen, Pommern, Norrviken, Sollentuna kommun, Stockholms län, 192 70, Sverige",,,,
Storgatan 4,,Bibliotek,Järna bibliotek,"Storgatan 4, Stockholm",59.3352467,18.0822257,ok,"4, Storgatan, Östermalm, Norra innerstadens stadsdelsområde, Stockholm, Stockholms kommun, Stockholms län, 114 45, Sverige",,,,
Bibliotekstorget 12,,Bibliotek,Solna stads Huvudbibliotek,"Bibliotekstorget 12, Stockholm",,,not_found,,,,,
Bällstaågatan 18,,Folkbibliotek,Bas Barkarby bibliotek,"Bällstaågatan 18, Stockholm",59.3633572,17.955135,ok,"18, Bällstaågatan, Annedal, Mariehäll, Bromma stadsdelsområde, Stockholm, Stockholms kommun, Stockholms län, 172 75, Sverige",,,,
Gjutarplan 8,,Folkbibliotek,Kallhälls bibliotek,"Gjutarplan 8, Stockholm",59.454321,17.8072933,ok,"Kallhälls bibliotek, 8, Gjutarplan, Kallhäll, Villastaden, Järfälla kommun, Stockholms län, 176 71, Sverige",,,,
Viksjöplan 6,,Folkbibliotek,Viksjö bibliotek,"Viksjöplan 6, Stockholm",59.411945,17.8038728,ok,"Viksjö bibliotek, 6, Viksjöplan, Viksjö, Järfälla kommun, Stockholms län, 175 45, Sverige",,,,
Väpnarstråket,,Folkbibliotek,Jakobsbergs bibliotek,"Väpnarstråket, Stockholm",,,not_found,,,,,
"Sollenkrokavägen 41, 139 73 Djurhamn",,Folkbibliotek,Djurö bibliotek,"Sollenkrokavägen 41, 139 73 Djurhamn",,,not_found,,,,,
"Tyra Lundgrensväg 19, 134 40 Gustavsberg",,Folkbibliotek,Värmdö kulturhus - Gustavsbergs bibliotek,"Tyra Lundgrensväg 19, 134 40 Gustavsberg",59.3234004,18.3816051,ok,"Tyra Lundgrens väg, Charlottendal, Gustavsberg, Värmdö kommun, Stockholms län, 134 52, Sverige",,,,
Säbyhallsvägen 34,,Allmän samlingslokal,Lilla Murgrönan,"Säbyhallsvägen 34, Stockholm",59.2037289,17.7650137,ok,"Säbyhallsvägen, Salem, Salems kommun, Stockholms län, 144 37, Sverige",,,,
Akalla by 12,,Allmän samlingslokal,Akalla by,"Akalla by 12, Stockholm",59.4123821,17.9121888,ok,"Akalla By, Akalla, Järva stadsdelsområde, Stockholm, Stockholms kommun, Stockholms län, 164 79, Sverige",,,,
Gustavslundsvägen 168A,,Allmän samlingslokal,Alviks Medborgarhus,"Gustavslundsvägen 168A, Stockholm",59.3287786,17.985281,ok,"Gustavslundsvägen, Alviks Strand, Alvik, Bromma stadsdelsområde, Stockholm, Stockholms kommun, Stockholms län, 167 40, Sverige",,,,
Lillåvägen 44,,Allmän samlingslokal,Bagarmossens Folkets Hus,"Lillåvägen 44, Stockholm",59.2763839,18.1361638,ok,"Lillåvägen, Bagarmossen, Skarpnäcks stadsdelsområde, Stockholm, Stockholms kommun, Stockholms län, 128 46, Sverige",,,,
Karlbergsvägen 86A,,Allmän samlingslokal,Birkagården,"Karlbergsvägen 86A, Stockholm",59.3433583,18.0281604,ok,"86A, Karlbergsvägen, Rörstrand, Vasastaden, Norra innerstadens stadsdelsområde, Stockholm, Stockholms kommun, Stockholms län, 113 35, Sverige",,,,
Götalandsvägen 181,,Allmän samlingslokal,Byggnadsföreningen Älvsjö med omnejd,"Götalandsvägen 181, Stockholm",59.2831429,18.0272702,ok,"Park Folkets Hus, 181, Götalandsvägen, Liseberg, Älvsjö, Hägersten-Älvsjö stadsdelsområde, Stockholm, Stockholms kommun, Stockholms län, 125 35, Sverige",,,,
Eggeby Gård 1,,Allmän samlingslokal,Eggeby gård,"Eggeby Gård 1, Stockholm",59.3984373,17.9189748,ok,"Eggeby Gård, Granby, Järva stadsdelsområde, Stockholm, Stockholms kommun, Stockholms län, 163 62, Sverige",,,,
Farsta Ängsvägen 22,,Allmän samlingslokal,Farsta gård,Farsta Ängsvägen 22,,,not_found,,,,,
Valhallavägen 152,,Allmän samlingslokal,Fältöversten,"Valhallavägen 152, Stockholm",59.346282,18.0679155,ok,"Valhallavägen, Lärkstaden, Östermalm, Norra innerstadens stadsdelsområde, Stockholm, Stockholms kommun, Stockholms län, 100 41, Sverige",,,,
Sankt Paulsgatan 39D,,Allmän samlingslokal,Hartwickska huset,"Sankt Paulsgatan 39D, Stockholm",59.3183608,18.0693249,ok,"Sankt Paulsgatan, Södermalm, Södermalms stadsdelsområde, Stockholm, Stockholms kommun, Stockholms län, 118 46, Sverige",,,,
Artemisgatan 19,,Allmän samlingslokal,Hjorthagens medborgarhus,"Artemisgatan 19, Stockholm",59.3556024,18.0993257,ok,"19, Artemisgatan, Gasverket, Hjorthagen, Norra innerstadens stadsdelsområde, Stockholm, Stockholms kommun, Stockholms län, 115 42, Sverige",,,,
Husby gård 8,,Allmän samlingslokal,Husby gård,"Husby gård 8, Stockholm",59.407209,17.9197006,ok,"Husby gård, Husby, Järva stadsdelsområde, Stockholm, Stockholms kommun, Stockholms län, 164 32, Sverige",,,,
Edvard Griegsgången,,Allmän samlingslokal,Husby träff,"Edvard Griegsgången, Stockholm",59.407809,17.9289927,ok,"Edvard Griegsgången, Husby, Järva stadsdelsområde, Stockholm, Stockholms kommun, Stockholms län, 164 34, Sverige",,,,
Riksdalervägen 2,,Allmän samlingslokal,Hägerstensåsens medborgarhus,"Riksdalervägen 2, Stockholm",59.2971036,17.9837373,ok,"Hägerstensåsens medborgarhus, 2, Riksdalervägen, Hägerstensåsen, Hägersten-Älvsjö stadsdelsområde, Stockholm, Stockholms kommun, Stockholms län, 129 32, Sverige",,,,
Odd Fellowvägen 18A,,Allmän samlingslokal,Jakobsbergs gård,"Odd Fellowvägen 18A, Stockholm",59.2991314,17.9383332,ok,"18A, Odd Fellowvägen, Bredäng, Skärholmens stadsdelsområde, Stockholm, Stockholms kommun, Stockholms län, 127 32, Sverige",,,,
Kristinehovsgatan 2,,Allmän samlingslokal,Kristinehovs malmgård,"Kristinehovsgatan 2, Stockholm",59.3182373,18.0413768,ok,"2, Kristinehovsgatan, Zinkensdamm, Södermalm, Södermalms stadsdelsområde, Stockholm, Stockholms kommun, Stockholms län, 117 28, Sverige",,,,
Telefonvägen 20,,Allmän samlingslokal,Midsommargården,"Telefonvägen 20, Stockholm",59.2989097,17.9967964,ok,"20, Telefonvägen, Midsommarkransen, Hägersten-Älvsjö stadsdelsområde, Stockholm, Stockholms kommun, Stockholms län, 126 36, Sverige",,,,
Svartmangatan 6,,Allmän samlingslokal,Mäster Olofsgården,"Svartmangatan 6, Stockholm",59.3247059,18.0712596,ok,"6A-E, Svartmangatan, Gamla stan, Södermalms stadsdelsområde, Stockholm, Stockholms kommun, Stockholms län, 111 29, Sverige",,,,
Färgargårdstorget 1,,Allmän samlingslokal,Pumpan,"Färgargårdstorget 1, Stockholm",59.3087083,18.0926865,ok,"1, Färgargårdstorget, Danvikstull, Södermalm, Södermalms stadsdelsområde, Stockholm, Stockholms kommun, Stockholms län, 116 38, Sverige",,,,
Skårbygränd 1,,Allmän samlingslokal,Rinkeby Folkets Hus,"Skårbygränd 1, Stockholm",59.3886785,17.9270575,ok,"1, Skårbygränd, Sörgården, Rinkeby, Järva stadsdelsområde, Stockholm, Stockholms kommun, Stockholms län, 163 72, Sverige",,,,
Rågsvedstorget 11,,Allmän samlingslokal,Rågsveds Folkets Hus,"Rågsvedstorget 11, Stockholm",59.2572671,18.0274713,ok,"Folkets hus, 11, Rågsvedstorget, Rågsved, Enskede-Årsta-Vantörs stadsdelsområde, Stockholm, Stockholms kommun, Stockholms län, 124 65, Sverige",,,,
Bredholmstorget 14,,Allmän samlingslokal,Röda korsets folkhögskola,"Bredholmstorget 14, Stockholm",59.2754551,17.9051873,ok,"Bredholmstorget, Skärholmen, Skärholmens stadsdelsområde, Stockholm, Stockholms kommun, Stockholms län, 127 48, Sverige",,,,
Östra Brobänken,,Allmän samlingslokal,Skeppsholmsgården,"Östra Brobänken, Stockholm",59.3270785,18.0853155,ok,"Östra brobänken, Skeppsholmen, Norra innerstadens stadsdelsområde, Stockholm, Stockholms kommun, Stockholms län, 111 49, Sverige",,,,
Bagarfruvägen 44,,Allmän samlingslokal,Sköndals allaktivitetshus,"Bagarfruvägen 44, Stockholm",59.2565612,18.114203,ok,"Bagarfruvägen, Sköndal, Farsta stadsdelsområde, Stockholm, Stockholms kommun, Stockholms län, 128 66, Sverige",,,,
Spångavägen 353,,Allmän samlingslokal,Spånga Folkan,Spångavägen 353,59.3729873,17.8997748,ok,"Spånga Folkan (Spånga Folkets Hus), 353, Spångavägen, Flysta, Järva stadsdelsområde, Stockholm, Stockholms kommun, Stockholms län, 163 55, Sverige",,,,
Götgatan 37,,Allmän samlingslokal,Södergården,"Götgatan 37, Stockholm",59.316064,18.0724738,ok,"37, Götgatan, Södermalm, Södermalms stadsdelsområde, Stockholm, Stockholms kommun, Stockholms län, 116 21, Sverige",,,,
Hagstråket 13,,Allmän samlingslokal,Tensta Träff,"Hagstråket 13, Stockholm",59.395534,17.8979108,ok,"Tensta träff, 13, Hagstråket, Tensta, Järva stadsdelsområde, Stockholm, Stockholms kommun, Stockholms län, 163 64, Sverige",,,,
Timmermansgatan 46,,Allmän samlingslokal,Timmermansgården,"Timmermansgatan 46, Stockholm",59.3142974,18.0612305,ok,"46-48, Timmermansgatan, Södermalm, Södermalms stadsdelsområde, Stockholm, Stockholms kommun, Stockholms län, 118 55, Sverige",,,,
Vällingby backe 13,,Allmän samlingslokal,Trappan,"Vällingby backe 13, Stockholm",,,not_found,,,,,
Hjälmarsvägen 26,,Allmän samlingslokal,Årsta Folkets Hus,"Hjälmarsvägen 26, Stockholm",59.2975284,18.0526946,ok,"Bio Kontrast, 26, Hjälmarsvägen, Östberga, Årsta, Enskede-Årsta-Vantörs stadsdelsområde, Stockholm, Stockholms kommun, Stockholms län, 120 53, Sverige",,,,
"Tjäderstigen 16, 142 63 Trångsund",,Allmän samlingslokal,Stortorpsparken,"Tjäderstigen 16, 142 63 Trångsund",59.2294083,18.1380529,ok,"Tjäderstigen, Hammartorp, Trångsund, Fållan, Huddinge kommun, Stockholms län, 142 60, Sverige",,,,
Bergby byaväg 3,,Allmän samlingslokal,Bergby Skolas bygdegård,"Bergby byaväg 3, Stockholm",60.0589918,18.7406278,ok,"Bergby Byaväg, Norrtälje kommun, Stockholms län, Sverige",,,,
Bygdegårdsvägen 2a,,Allmän samlingslokal,Bergshamra bygdegård,"Bygdegårdsvägen 2a, Stockholm",59.2332028,18.1386079,ok,"Bygdegårdsvägen, Hammartorp, Trångsund, Fållan, Huddinge kommun, Stockholms län, 142 60, Sverige",,,,
Skeppsmyravägen 10,,Allmän samlingslokal,Björkö-Arholma medborgarhus,"Skeppsmyravägen 10, Stockholm",59.829537,19.0516022,ok,"Skeppsmyravägen, Skeppsmyra, Skaten, Norrtälje kommun, Stockholms län, 764 53, Sverige",,,,
Roslagsbrovägen 147,,Allmän samlingslokal,Brogården,"Roslagsbrovägen 147, Stockholm",59.856277,18.7426291,ok,"Roslagsbrovägen, Ekeby, Norrtälje kommun, Stockholms län, Sverige",,,,
Stora ramviksvägen 233,,Allmän samlingslokal,Nyby bygdegård,"Stora ramviksvägen 233, Stockholm",59.910485,18.8846006,ok,"Stora Ramviksvägen, Strömsborg, Norrtälje kommun, Stockholms län, 761 75, Sverige",,,,
Rävsnäs bryggväg 6,,Allmän samlingslokal,Refsnäs bygdegård,"Rävsnäs bryggväg 6, Stockholm",,,not_found,,,,,
Edsbro bruksgata 27,,Allmän samlingslokal,Edsbro bygdegård,"Edsbro bruksgata 27, Stockholm",59.8877341,18.4934517,ok,"Edsbro Bruksgata, Sanddalen, Edsbro, Norrtälje kommun, Stockholms län, 762 97, Sverige",,,,
Flemmingsbergsvägen 38,,Allmän samlingslokal,Estuna bygdegård,"Flemmingsbergsvägen 38, Stockholm",,,not_found,,,,,
Norra uppsalavägen 15,,Allmän samlingslokal,Folkets Hus Hallstavik,"Norra uppsalavägen 15, Stockholm",60.0500342,18.5958667,ok,"Hallstaviks bibliotek, 15, Norra Uppsalavägen, Skärsta, Hallstavik, Norrtälje kommun, Stockholms län, 763 40, Sverige",,,,
Folkets hus väg 5,,Allmän samlingslokal,Folkets Hus – Herräng,"Folkets hus väg 5, Stockholm",,,not_found,,,,,
Hargs by 82,,Allmän samlingslokal,Vätö folkets hus,"Hargs by 82, Stockholm",59.8086244,18.9630632,ok,"Hargs by, Vätö, Harg, Norrtälje kommun, Stockholms län, 760 21, Sverige",,,,
Byhusvägen 20,,Allmän samlingslokal,Sättra Byhus,"Byhusvägen 20, Stockholm",59.6170783,18.4374266,ok,"Byhusvägen, Sättra, Norrtälje kommun, Stockholms län, Sverige",,,,
Galles gränd 5,,Allmän samlingslokal,Folkets Hus Norrtälje,"Galles gränd 5, Stockholm",59.7562689,18.7001166,ok,"5, Galles gränd, Grossgärdet, Grind, Norrtälje, Norrtälje kommun, Stockholms län, 761 30, Sverige",,,,
Stockholmsvägen 1a,,Allmän samlingslokal,IOGT-NTO gården i Norrtälje,Stockholmsvägen 1a,59.2788291,18.0809374,ok,"Stockholmsvägen, Gamla Enskede, Enskede-Årsta-Vantörs stadsdelsområde, Stockholm, Stockholms kommun, Stockholms län, 122 63, Sverige",,,,
Furusundsvägen 198,,Allmän samlingslokal,Lännagården,"Furusundsvägen 198, Stockholm",59.6791641,18.7366396,ok,"Furusundsvägen, Edsberg, Hysingsvik, Norrtälje kommun, Stockholms län, 761 83, Sverige",,,,
Lohäradsvägen 231a,,Allmän samlingslokal,Lohärad bygdegård,"Lohäradsvägen 231a, Stockholm",59.7718608,18.5450906,ok,"Lohäradsvägen, Sättralund, Norrtälje kommun, Stockholms län, 761 91, Sverige",,,,
Gräddö varvsväg 12,,Allmän samlingslokal,Rådmansö bygdegård,"Gräddö varvsväg 12, Stockholm",59.7664404,19.0319911,ok,"Gräddö varvsväg, Västerbyn, Gräddö, Norrtälje kommun, Stockholms län, 760 15, Sverige",,,,
Singö skolväg 10,,Allmän samlingslokal,Singö bygdegård,"Singö skolväg 10, Stockholm",60.1619214,18.744446,ok,"Singö skolväg, Söderby, Norrtälje kommun, Stockholms län, 764 57, Sverige",,,,
Sättrabyvägen 40,,Allmän samlingslokal,Sättraby bygdegård,"Sättrabyvägen 40, Stockholm",59.8435362,18.4371054,ok,"Sättraby Bygdegård, 40, Sättrabyvägen, Tallund, Edsbro, Norrtälje kommun, Stockholms län, 762 97, Sverige",,,,
Vagnsundavägen 318,,Allmän samlingslokal,Yxlan-Blidö Bygdegård,"Vagnsundavägen 318, Stockholm",59.6316559,18.880752,ok,"Vagnsundavägen, Yxlö-Edsviken, Norrtälje kommun, Stockholms län, 760 17, Sverige",,,,
Simpnäsvägen 138,,Allmän samlingslokal,Väddö IOGT-NTO,"Simpnäsvägen 138, Stockholm",59.8645257,19.0337167,ok,"Simpnäsvägen, Dragsviken, Norrtälje kommun, Stockholms län, 764 53, Sverige",,,,
,,Allmän samlingslokal,Tjockö bygård,,,,empty_address,,,,,
Gribby byväg 75,,Allmän samlingslokal,Gribby bystuga,"Gribby byväg 75, Stockholm",59.9934229,18.6099822,ok,"Gribby byväg, Gribby, Norrtälje kommun, Stockholms län, 763 43, Sverige",,,,
"Furuhällsplan 1, 196 40 Kungsängen",,Allmän samlingslokal,"Konferensrum, plan 6 kommunhuset","Furuhällsplan 1, 196 40 Kungsängen",59.478449,17.7513474,ok,"1, Furuhällsplan, Kungsängen, Upplands-Bro kommun, Stockholms län, 196 40, Sverige",,,,
"Kvistabergsvägen 4, 197 91 Bro",,Allmän samlingslokal,Kvistaberg samlingssal,"Kvistabergsvägen 4, 197 91 Bro",59.5016972,17.6039506,ok,"4, Kvistabergsvägen, Hammartorp, Bro, Upplands-Bro kommun, Stockholms län, 197 91, Sverige",,,,
"Torget 4, 196 30 Kungsängen",,Allmän samlingslokal,Dagcentralen i Kungsängen,"Torget 4, 196 30 Kungsängen",59.4794006,17.7484764,ok,"4, Torget, Kungsängen, Upplands-Bro kommun, Stockholms län, 196 30, Sverige",,,,
"Kyrkvägen 22, 169 39 Kungsängen",,Allmän samlingslokal,Stockholms-Näs Hembygdsförening,"Kyrkvägen 22, 169 39 Kungsängen",59.4816949,17.742185,ok,"Kungsängens Hembygdsgård, 22, Kyrkvägen, Kungsängen, Upplands-Bro kommun, Stockholms län, 196 30, Sverige",,,,
"Stora Sandhagenvägen 2, 197 36 Bro",,Allmän samlingslokal,Föreningen Kulturbojen,"Stora Sandhagenvägen 2, 197 36 Bro",59.5125867,17.6648175,ok,"2, Stora Sandhagenvägen, Österhagen, Bro, Upplands-Bro kommun, Stockholms län, 197 36, Sverige",,,,
"Prästvägen 8, 197 30 Bro",,Allmän samlingslokal,Bro-Lossa hembygdsförening,"Prästvägen 8, 197 30 Bro",59.5124448,17.6400876,ok,"8, Prästvägen, Finnsta, Bro, Upplands-Bro kommun, Stockholms län, 197 30, Sverige",,,,
"Kyrkbyvägen 23, 197 93 Bro",,Allmän samlingslokal,Tibblegården,"Kyrkbyvägen 23, 197 93 Bro",59.5874778,17.662541,ok,"23, Kyrkbyvägen, Ålsta, Håbo-Tibble kyrkby, Upplands-Bro kommun, Stockholms län, 197 92, Sverige",,,,
"Tjusta Skolväg 16, 197 93 Bro",,Allmän samlingslokal,Håtuna-Håbo-Tibble socknars hembygdsförening,"Tjusta Skolväg 16, 197 93 Bro",59.599686,17.6318261,ok,"16, Tjusta skolväg, Tjusta, Bro, Upplands-Bro kommun, Stockholms län, 197 93, Sverige",,,,
Sturegatan 12,,Allmän samlingslokal,Folkets hus,"Sturegatan 12, Stockholm",59.3374639,18.0741255,ok,"12, Sturegatan, Villastaden, Östermalm, Norra innerstadens stadsdelsområde, Stockholm, Stockholms kommun, Stockholms län, 114 37, Sverige",,,,
Pluggvägen 6B,,Allmän samlingslokal,"Kvarnhjulet, Nyfors","Pluggvägen 6B, Stockholm",59.2410294,18.2272193,ok,"Pluggvägen, Bollmora, Tyresö kommun, Stockholms län, 135 45, Sverige",,,,
Kyrkvägen 7,,Allmän samlingslokal,Tyresö Bygdegård,"Kyrkvägen 7, Stockholm",59.1224225,18.1096887,ok,"Västerhaninge församlingshem, 7, Kyrkvägen, Västerhaninge, Haninge kommun, Stockholms län, 137 41, Sverige",,,,
Kumla Allé 47,,Allmän samlingslokal,Kumla Herrgård,"Kumla Allé 47, Stockholm",59.2166454,18.1924587,ok,"Kumla herrgård, 47, Kumla Allé, Fornudden, Kumla, Tyresö kommun, Stockholms län, 135 52, Sverige",,,,
"Odinsvägen 6, Dalarö",,Allmän samlingslokal,Dalarö Tullhus,"Odinsvägen 6, Dalarö",59.1373153,18.4144357,ok,"Odinsvägen, Schweizerdalen, Dalarö, Haninge kommun, Stockholms län, 137 71, Sverige",,,,
Nynäsvägen 208,,Allmän samlingslokal,Västerhaninge tingshus,"Nynäsvägen 208, Stockholm",59.1202237,18.1080383,ok,"Västerhaninge Tingshus, 208, Nynäsvägen, Ribbyberg, Västerhaninge, Haninge kommun, Stockholms län, 137 41, Sverige",,,,
Kyrkgatan 8,,Allmän samlingslokal,Sorunda bygdegård,"Kyrkgatan 8, Stockholm",59.0096747,17.8122643,ok,"Kyrkgatan, Spångbro (fd. Sorunda), Sorunda, Nynäshamns kommun, Stockholms län, 148 70, Sverige",,,,
Sorunda folkets hus 1,,Allmän samlingslokal,Sorunda Folkets hus,"Sorunda folkets hus 1, Stockholm",,,not_found,,,,,
Stadshusplatsen 3,,Allmän samlingslokal,Folkets hus,"Stadshusplatsen 3, Stockholm",58.9022005,17.946184,ok,"Nynäshamns bildarkiv, 3, Stadshusplatsen, Heimdal, Nynäshamn, Nynäshamns kommun, Stockholms län, 149 81, Sverige",,,,
Svärdsögården 1,,Allmän samlingslokal,Svärdsögården,"Svärdsögården 1, Stockholm",,,not_found,,,,,
Västerby byväg 1,,Allmän samlingslokal,Västerby bygdegård,"Västerby byväg 1, Stockholm",59.0848425,17.9021597,ok,"Västerby byväg, Västerby, Nynäshamns kommun, Stockholms län, Sverige",,,,
Ösmo centrum 4,,Allmän samlingslokal,Moa-salen,"Ösmo centrum 4, Stockholm",,,not_found,,,,,
Furugatan 3,,Allmän samlingslokal,Olle Olsson Kvarteret,"Furugatan 3, Stockholm",59.3607953,18.0155867,ok,"Furugatan, Hagalund, Solna, Solna kommun, Stockholms län, 169 66, Sverige",,,,
Hagalundsgatan 33,,Allmän samlingslokal,Ankaret,"Hagalundsgatan 33, Stockholm",59.3615884,18.0160286,ok,"Hagalundsgatan, Hagalund, Solna kommun, Stockholms län, 169 67, Sverige",,,,
"Skärgårdsvägen 291, 139 33 Värmdö",,Allmän samlingslokal,Värmdö bygdegård,"Skärgårdsvägen 291, 139 33 Värmdö",59.3262294,18.4997991,ok,"Värmdö bygdegård, 291, Skärgårdsvägen, Hemmesta, Värmdö kommun, Stockholms län, 139 33, Sverige",,,,
GRÄSGATAN 3,,Galleri,EDITION ROBERT MALMKVIST AKTIEBOLAG,"GRÄSGATAN 3, Stockholm",59.3069597,18.0717097,ok,"3, Gräsgatan, Skanstull, Södermalm, Södermalms stadsdelsområde, Stockholm, Stockholms kommun, Stockholms län, 118 60, Sverige",,,,
LINNÉGATAN 31,,Galleri,ANDRÉHN - SCHIPTJENKO AKTIEBOLAG,"LINNÉGATAN 31, Stockholm",59.3370302,18.081651,ok,"31, Linnégatan, Villastaden, Östermalm, Norra innerstadens stadsdelsområde, Stockholm, Stockholms kommun, Stockholms län, 114 45, Sverige",,,,
UPPLANDSGATAN 46,,Galleri,MICKAEL STRÖMQUIST KONST & ANTIK AKTIEBOLAG,"UPPLANDSGATAN 46, Stockholm",59.3417444,18.0496093,ok,"46, Upplandsgatan, Sabbatsberg, Vasastaden, Norra innerstadens stadsdelsområde, Stockholm, Stockholms kommun, Stockholms län, 113 28, Sverige",,,,
LÜTZENGATAN 12,,Galleri,Galleri Futura AB,"LÜTZENGATAN 12, Stockholm",59.3381871,18.0929896,ok,"12, Lützengatan, Östermalm, Norra innerstadens stadsdelsområde, Stockholm, Stockholms kommun, Stockholms län, 115 20, Sverige",,,,
RAGVALDSGATAN 16,,Galleri,Galleri Gösta Bergman AB,"RAGVALDSGATAN 16, Stockholm",59.3178009,18.0685305,ok,"16, Ragvaldsgatan, Södermalm, Södermalms stadsdelsområde, Stockholm, Stockholms kommun, Stockholms län, 118 46, Sverige",,,,
SOLLERÖVÄGEN 33,,Galleri,FLACH ART PROJECTS AB,"SOLLERÖVÄGEN 33, Stockholm",59.3230937,17.9342481,ok,"Sollerövägen, Höglandet, Bromma stadsdelsområde, Stockholm, Stockholms kommun, Stockholms län, 167 71, Sverige",,,,
DROTTNINGGATAN 7,,Galleri,NORDIC DESIGNS & BRANDS AB,"DROTTNINGGATAN 7, Stockholm",59.3292389,18.0659346,ok,"7, Drottninggatan, Klara, Norrmalm, Norra innerstadens stadsdelsområde, Stockholm, Stockholms kommun, Stockholms län, 111 52, Sverige",,,,
STORGATAN 60,,Galleri,YODOI AB,"STORGATAN 60, Stockholm",59.3323894,18.0958884,ok,"60, Storgatan, Östermalm, Norra innerstadens stadsdelsområde, Stockholm, Stockholms kommun, Stockholms län, 115 23, Sverige",,,,
BARNHUSGATAN 8,,Galleri,FRAMELAND AKTIEBOLAG,"BARNHUSGATAN 8, Stockholm",59.3363409,18.0571061,ok,"8, Barnhusgatan, Klara, Norrmalm, Norra innerstadens stadsdelsområde, Stockholm, Stockholms kommun, Stockholms län, 111 23, Sverige",,,,
ÖSTERLÅNGGATAN 22,,Galleri,ORIGINAL GLOBAL ART AB,"ÖSTERLÅNGGATAN 22, Stockholm",59.324137,18.0737493,ok,"22, Österlånggatan, Gamla stan, Södermalms stadsdelsområde, Stockholm, Stockholms kommun, Stockholms län, 111 31, Sverige",,,,
ULRIKAGATAN 13,,Galleri,Galleri Niklas Belenius AB,"ULRIKAGATAN 13, Stockholm",59.3332072,18.0965737,ok,"13, Ulrikagatan, Östermalm, Norra innerstadens stadsdelsområde, Stockholm, Stockholms kommun, Stockholms län, 115 23, Sverige",,,,
KOCKSGATAN 52,,Galleri,AB Kocksgatan 52,"KOCKSGATAN 52, Stockholm",59.3146798,18.0833869,ok,"52, Kocksgatan, Södermalm, Södermalms stadsdelsområde, Stockholm, Stockholms kommun, Stockholms län, 116 31, Sverige",,,,
VÄRTAVÄGEN 16,,Galleri,Prospektiv AB,"VÄRTAVÄGEN 16, Stockholm",59.33936,18.0937638,ok,"16, Värtavägen, Östermalm, Norra innerstadens stadsdelsområde, Stockholm, Stockholms kommun, Stockholms län, 115 24, Sverige",,,,
FOLKUNGAGATAN 84,,Galleri,Zukkerschnut solutions Aktiebolag,"FOLKUNGAGATAN 84, Stockholm",59.314863,18.0794875,ok,"84, Folkungagatan, Södermalm, Södermalms stadsdelsområde, Stockholm, Stockholms kommun, Stockholms län, 116 22, Sverige",,,,
BRUNNSGATAN 21,,Galleri,Stene Projects AB,"BRUNNSGATAN 21, Stockholm",59.3365177,18.0666644,ok,"21, Brunnsgatan, Klara, Norrmalm, Norra innerstadens stadsdelsområde, Stockholm, Stockholms kommun, Stockholms län, 111 39, Sverige",,,,
HAMMARBY SLUSSVÄG 2,,Galleri,Huset under bron AB,"HAMMARBY SLUSSVÄG 2, Stockholm",59.3038016,18.0778812,ok,"Hammarby Slussväg, Skanstull, Södermalm, Södermalms stadsdelsområde, Stockholm, Stockholms kommun, Stockholms län, 116 67, Sverige",,,,
ODENGATAN 4,,Galleri,Erik Möller Arkitekter AB,"ODENGATAN 4, Stockholm",59.3466363,18.0655693,ok,"4, Odengatan, Lärkstaden, Östermalm, Norra innerstadens stadsdelsområde, Stockholm, Stockholms kommun, Stockholms län, 114 24, Sverige",,,,
NYBOHOVSBACKEN 45,,Galleri,Nordic Freedom AB,"NYBOHOVSBACKEN 45, Stockholm",59.3085949,18.0166195,ok,"45, Nybohovsbacken, Nybohov, Liljeholmen, Hägersten-Älvsjö stadsdelsområde, Stockholm, Stockholms kommun, Stockholms län, 117 64, Sverige",,,,
HAGAGATAN 14,,Galleri,ed. art svensk upplagekonst AB,"HAGAGATAN 14, Stockholm",59.3451334,18.0520188,ok,"14, Hagagatan, Sibirien, Vasastaden, Norra innerstadens stadsdelsområde, Stockholm, Stockholms kommun, Stockholms län, 113 49, Sverige",,,,
STAMGATAN 5,,Galleri,E&W Cultural Exchange AB,"STAMGATAN 5, Stockholm",59.2832484,18.0421799,ok,"Booran Thai Spa Massage, 5, Stamgatan, Östberga, Älvsjö, Enskede-Årsta-Vantörs stadsdelsområde, Stockholm, Stockholms kommun, Stockholms län, 125 74, Sverige",,,,
RÖDBODTORGET 2,,Galleri,Galleri Riis AB,"RÖDBODTORGET 2, Stockholm",,,not_found,,,,,
BECKOMBERGAVÄGEN 1,,Galleri,Manomino AB,"BECKOMBERGAVÄGEN 1, Stockholm",59.3427524,17.9237225,ok,"Beckombergavägen, Åkeshov, Bromma stadsdelsområde, Stockholm, Stockholms kommun, Stockholms län, 168 38, Sverige",,,,
BIRGER JARLSGATAN 67,,Galleri,Berg Gallery AB,"BIRGER JARLSGATAN 67, Stockholm",59.3433462,18.0626815,ok,"67, Birger Jarlsgatan, Sibirien, Vasastaden, Norra innerstadens stadsdelsområde, Stockholm, Stockholms kommun, Stockholms län, 113 56, Sverige",,,,
ARTILLERIGATAN 40,,Galleri,Paul Frank McCabe Fine Art AB,"ARTILLERIGATAN 40, Stockholm",59.3362274,18.0828319,ok,"40, Artillerigatan, Östermalm, Norra innerstadens stadsdelsområde, Stockholm, Stockholms kommun, Stockholms län, 114 45, Sverige",,,,
REGERINGSGATAN 80,,Galleri,Domeij Gallery AB,"REGERINGSGATAN 80, Stockholm",59.3377812,18.0673701,ok,"80, Regeringsgatan, Norrmalm, Norra innerstadens stadsdelsområde, Stockholm, Stockholms kommun, Stockholms län, 111 39, Sverige",,,,
RÖRSTRANDSGATAN 33,,Galleri,Arman Sultani Art AB,"RÖRSTRANDSGATAN 33, Stockholm",59.3405426,18.0289004,ok,"33, Rörstrandsgatan, Rörstrand, Vasastaden, Norra innerstadens stadsdelsområde, Stockholm, Stockholms kommun, Stockholms län, 113 38, Sverige",,,,
HEDINSGATAN 11,,Galleri,piqmo AB,"HEDINSGATAN 11, Stockholm",59.342819,18.0939186,ok,"11, Hedinsgatan, Gärdeshöjden, Ladugårdsgärdet, Norra innerstadens stadsdelsområde, Stockholm, Stockholms kommun, Stockholms län, 115 24, Sverige",,,,
REGERINGSGATAN 71,,Galleri,T8NG Regeringsgatan AB,"REGERINGSGATAN 71, Stockholm",59.3357719,18.0674827,ok,"71, Regeringsgatan, Klara, Norrmalm, Norra innerstadens stadsdelsområde, Stockholm, Stockholms kommun, Stockholms län, 111 56, Sverige",,,,
HÄLSINGEGATAN 18,,Galleri,Elisabeth Fagerstedt AB,"HÄLSINGEGATAN 18, Stockholm",59.3446596,18.0407522,ok,"18, Hälsingegatan, Röda bergen, Vasastaden, Norra innerstadens stadsdelsområde, Stockholm, Stockholms kommun, Stockholms län, 113 31, Sverige",,,,
HÄGERSTENSVÄGEN 145,,Galleri,Barklund & Co AB,HÄGERSTENSVÄGEN 145,59.3054307,17.9994786,ok,"145 A-B, Hägerstensvägen, Aspudden, Hägersten-Älvsjö stadsdelsområde, Stockholm, Stockholms kommun, Stockholms län, 126 36, Sverige",,,,
HÄSTHOLMSVÄGEN 17,,Galleri,Konstpunkt Stockholm AB,"HÄSTHOLMSVÄGEN 17, Stockholm",59.3127292,18.1047587,ok,"17, Hästholmsvägen, Danviksklippan, Södra Hammarbyhamnen, Södermalms stadsdelsområde, Stockholm, Stockholms kommun, Stockholms län, 116 44, Sverige",,,,
TANTOGATAN 75,,Galleri,Lilla Tanto Förvaltning AB,"TANTOGATAN 75, Stockholm",59.3103301,18.0446892,ok,"75, Tantogatan, Zinkensdamm, Södermalm, Södermalms stadsdelsområde, Stockholm, Stockholms kommun, Stockholms län, 118 42, Sverige",,,,
ÖSTERMALMSGATAN 61,,Galleri,Erik Nordenhake AB,ÖSTERMALMSGATAN 61,59.3415835,18.0795329,ok,"61, Östermalmsgatan, Villastaden, Östermalm, Norra innerstadens stadsdelsområde, Stockholm, Stockholms kommun, Stockholms län, 114 43, Sverige",,,,
KARLAVÄGEN 9,,Galleri,Globart Projects Sweden AB,"KARLAVÄGEN 9, Stockholm",59.3443603,18.0653945,ok,"9, Karlavägen, Lärkstaden, Östermalm, Norra innerstadens stadsdelsområde, Stockholm, Stockholms kommun, Stockholms län, 114 24, Sverige",,,,
NYBROGATAN 34,,Galleri,Forsberg & Bromberg Galleri Glas AB,"NYBROGATAN 34, Stockholm",59.3371277,18.0794237,ok,"34, Nybrogatan, Villastaden, Östermalm, Norra innerstadens stadsdelsområde, Stockholm, Stockholms kommun, Stockholms län, 102 44, Sverige",,,,
ÖSTERMALMSGATAN 26,,Galleri,Non Violence Art Project AB,ÖSTERMALMSGATAN 26,59.3435785,18.0697728,ok,"26A, Östermalmsgatan, Lärkstaden, Östermalm, Norra innerstadens stadsdelsområde, Stockholm, Stockholms kommun, Stockholms län, 100 41, Sverige",,,,
HORNSGATAN 73,,Galleri,Tuesday Company AB,"HORNSGATAN 73, Stockholm",59.3174949,18.0523595,ok,"73, Hornsgatan, Zinkensdamm, Södermalm, Södermalms stadsdelsområde, Stockholm, Stockholms kommun, Stockholms län, 118 23, Sverige",,,,
GREV TUREGATAN 65,,Galleri,Above Gallery AB,"GREV TUREGATAN 65, Stockholm",59.3411806,18.0799684,ok,"65, Grev Turegatan, Villastaden, Östermalm, Norra innerstadens stadsdelsområde, Stockholm, Stockholms kommun, Stockholms län, 114 49, Sverige",,,,
SMÅLANDSGATAN 7,,Galleri,SVENSKA KONSTNÄRERNAS FÖRENING U P A,"SMÅLANDSGATAN 7, Stockholm",59.3336656,18.0744036,ok,"7, Smålandsgatan, Klara, Norrmalm, Norra innerstadens stadsdelsområde, Stockholm, Stockholms kommun, Stockholms län, 111 46, Sverige",,,,
SÖDERMALMSTORG 4,,Galleri,Konsthantverkarna Stockholm ek. för.,SÖDERMALMSTORG 4,59.320341,18.0701354,ok,"4, Södermalmstorg, Södermalm, Södermalms stadsdelsområde, Stockholm, Stockholms kommun, Stockholms län, 118 46, Sverige",,,,
GÖTGATAN 63,,Galleri,GALLERI HANTVERKET STOCKHOLM EK. FÖR.,"GÖTGATAN 63, Stockholm",59.3077531,18.0765056,ok,"Götgatan, Skanstull, Södermalm, Södermalms stadsdelsområde, Stockholm, Stockholms kommun, Stockholms län, 116 63, Sverige",,,,
HORNSGATAN 6,,Galleri,GRAFISKA SÄLLSKAPET,"HORNSGATAN 6, Stockholm",59.3198907,18.0697014,ok,"6, Hornsgatan, Södermalm, Södermalms stadsdelsområde, Stockholm, Stockholms kommun, Stockholms län, 118 46, Sverige",,,,
SMÅLANDSGATAN 7,,Galleri,Cecilia Hillström Gallery Handelsbolag AB,"SMÅLANDSGATAN 7, Stockholm",59.3336656,18.0744036,ok,"7, Smålandsgatan, Klara, Norrmalm, Norra innerstadens stadsdelsområde, Stockholm, Stockholms kommun, Stockholms län, 111 46, Sverige",,,,
STRANDVÄGEN 15,,Galleri,Christina Knall Galleri AB,"STRANDVÄGEN 15, Stockholm",59.3317849,18.0828239,ok,"15, Strandvägen, Östermalm, Norra innerstadens stadsdelsområde, Stockholm, Stockholms kommun, Stockholms län, 115 23, Sverige",,,,
FREDSGATAN 12,,Galleri,,"FREDSGATAN 12, Stockholm",59.3286831,18.0644249,ok,"12, Fredsgatan, Klara, Norrmalm, Norra innerstadens stadsdelsområde, Stockholm, Stockholms kommun, Stockholms län, 103 21, Sverige",,,,
ARTILLERIGATAN 74,,Galleri,,"ARTILLERIGATAN 74, Stockholm",59.3428096,18.0888748,ok,"74, Artillerigatan, Gärdeshöjden, Ladugårdsgärdet, Norra innerstadens stadsdelsområde, Stockholm, Stockholms kommun, Stockholms län, 115 31, Sverige",,,,
BANÉRGATAN 42,,Galleri,,"BANÉRGATAN 42, Stockholm",59.3377255,18.0957272,ok,"42, Banérgatan, Östermalm, Norra innerstadens stadsdelsområde, Stockholm, Stockholms kommun, Stockholms län, 115 27, Sverige",,,,
Nybrogatan 48,,Galleri,Galleri Frendberg AB,"Nybrogatan 48, Stockholm",59.3390292,18.0809052,ok,"48, Nybrogatan, Villastaden, Östermalm, Norra innerstadens stadsdelsområde, Stockholm, Stockholms kommun, Stockholms län, 114 49, Sverige",,,,
STAMGATAN 63,,Galleri,,"STAMGATAN 63, Stockholm",59.2862798,18.038609,ok,"63, Stamgatan, Östberga, Älvsjö, Enskede-Årsta-Vantörs stadsdelsområde, Stockholm, Stockholms kommun, Stockholms län, 125 74, Sverige",,,,
SANKT PAULSGATAN 14,,Galleri,Seriegalleriet,"SANKT PAULSGATAN 14, Stockholm",59.3181434,18.0670639,ok,"Gyllstad, 14, Sankt Paulsgatan, Södermalm, Södermalms stadsdelsområde, Stockholm, Stockholms kommun, Stockholms län, 118 47, Sverige",,,,
KOCKSGATAN 56,,Galleri,,"KOCKSGATAN 56, Stockholm",59.3148826,18.0846822,ok,"56, Kocksgatan, Södermalm, Södermalms stadsdelsområde, Stockholm, Stockholms kommun, Stockholms län, 116 30, Sverige",,,,
ALADDINSVÄGEN 25,,Galleri,Stefan Otto AB,"ALADDINSVÄGEN 25, Stockholm",59.3222299,17.9703649,ok,"25, Aladdinsvägen, Smedslätten, Bromma stadsdelsområde, Stockholm, Stockholms kommun, Stockholms län, 167 53, Sverige",,,,
GÄVLEGATAN 10,,Galleri,Coulisse Gallery,"GÄVLEGATAN 10, Stockholm",59.3456136,18.0374935,ok,"10, Gävlegatan, Torsplan, Vasastaden, Norra innerstadens stadsdelsområde, Stockholm, Stockholms kommun, Stockholms län, 113 30, Sverige",,,,
DALAGATAN 52,,Galleri,,"DALAGATAN 52, Stockholm",59.3420845,18.0454098,ok,"52, Dalagatan, Sabbatsberg, Vasastaden, Norra innerstadens stadsdelsområde, Stockholm, Stockholms kommun, Stockholms län, 113 22, Sverige",,,,
DÖBELNSGATAN 24 BV,,Galleri,Charlotte Lund Art AB,"DÖBELNSGATAN 24 BV, Stockholm",59.3382469,18.0637552,ok,"Döbelnsgatan, Norrmalm, Norra innerstadens stadsdelsområde, Stockholm, Stockholms kommun, Stockholms län, 111 40, Sverige",,,,
ULRIKAGATAN 13 4TR,,Galleri,GALERIE BEL'ART AKTIEBOLAG,"ULRIKAGATAN 13 4TR, Stockholm",,,not_found,,,,,
STUREGATAN 38 LGH 1201,,Galleri,CERCON AKTIEBOLAG,"STUREGATAN 38 LGH 1201, Stockholm",59.3402112,18.0763249,ok,"38, Sturegatan, Villastaden, Östermalm, Norra innerstadens stadsdelsområde, Stockholm, Stockholms kommun, Stockholms län, 114 36, Sverige",,,,
KARLAPLAN 7 5 TR,,Galleri,CHRISTIAN LARSEN AB,"KARLAPLAN 7 5 TR, Stockholm",,,not_found,,,,,
ODENGATAN 106 6TR,,Galleri,LUNDGRENS ANTIKHANDEL AKTIEBOLAG,"ODENGATAN 106 6TR, Stockholm",,,not_found,,,,,
SANDELSGATAN 42 BV,,Galleri,SCG fastighetsutveckling AB,"SANDELSGATAN 42 BV, Stockholm",59.3443175,18.091736,ok,"Sandelsgatan, Gärdeshöjden, Ladugårdsgärdet, Norra innerstadens stadsdelsområde, Stockholm, Stockholms kommun, Stockholms län, 115 30, Sverige",,,,
DROTTNINGGATAN 110 1TR LGH 1102,,Galleri,ROGER BJÖRKHOLMEN AKTIEBOLAG,"DROTTNINGGATAN 110 1TR LGH 1102, Stockholm",,,not_found,,,,,
RÅDMANSGATAN 7 BV,,Galleri,GALLERI JAN WALLMARK AB,"RÅDMANSGATAN 7 BV, Stockholm",59.3389612,18.053255,ok,"Rådmansgatan, Sabbatsberg, Vasastaden, Norra innerstadens stadsdelsområde, Stockholm, Stockholms kommun, Stockholms län, 113 60, Sverige",,,,
VÄRTAVÄGEN 33 3TR,,Galleri,TORNBERG GALLERY AB,"VÄRTAVÄGEN 33 3TR, Stockholm",,,not_found,,,,,
HUDIKSVALLSGATAN 8 1TR,,Galleri,Rammakarna på Östermalm AB,"HUDIKSVALLSGATAN 8 1TR, Stockholm",,,not_found,,,,,
TULLGRÄND 4 6TR,,Galleri,Hammarling Consulting AB,"TULLGRÄND 4 6TR, Stockholm",,,not_found,,,,,
TEGNÉRLUNDEN 4 7TR.,,Galleri,ART PHOTO FOUNDATION SWEDEN AB,"TEGNÉRLUNDEN 4 7TR., Stockholm",,,not_found,,,,,
LINNÉGATAN 28-30,,Galleri,Bohem Interior AB,"LINNÉGATAN 28-30, Stockholm",59.3371283,18.0803362,ok,"28-30, Linnégatan, Villastaden, Östermalm, Norra innerstadens stadsdelsområde, Stockholm, Stockholms kommun, Stockholms län, 114 45, Sverige",,,,
GÖTGATAN 11 3 TR,,Galleri,Farago Publishing AB,"GÖTGATAN 11 3 TR, Stockholm",,,not_found,,,,,
HÅRDVALLSGATAN 34 4TR,,Galleri,White Gallery AB,"HÅRDVALLSGATAN 34 4TR, Stockholm",,,not_found,,,,,
PETREJUSVÄGEN 51 LGH 1201,,Galleri,Ingela S Gallery AB,"PETREJUSVÄGEN 51 LGH 1201, Stockholm",59.296602,18.1016401,ok,"51, Petrejusvägen, Hammarbyhöjden, Skarpnäcks stadsdelsområde, Stockholm, Stockholms kommun, Stockholms län, 121 38, Sverige",,,,
RINGVÄGEN 141 BV,,Galleri,Fritz Halvorsen Arkitektur AB,"RINGVÄGEN 141 BV, Stockholm",,,not_found,,,,,
FRIHAMNSGATAN 28 Frihamnen Magasin 3,,Galleri,"STOCKHOLMS KONSTHALL, MAGASIN 3 KOMMANDITBOLAG","FRIHAMNSGATAN 28 Frihamnen Magasin 3, Stockholm",,,not_found,,,,,
ODENGATAN 23 LGH 1402,,Galleri,,"ODENGATAN 23 LGH 1402, Stockholm",59.3457425,18.0631243,ok,"23, Odengatan, Lärkstaden, Östermalm, Norra innerstadens stadsdelsområde, Stockholm, Stockholms kommun, Stockholms län, 114 24, Sverige",,,,
SKÅNEGATAN 66 LGH 1101,,Galleri,,"SKÅNEGATAN 66 LGH 1101, Stockholm",59.3116372,18.0755848,ok,"66, Skånegatan, Skanstull, Södermalm, Södermalms stadsdelsområde, Stockholm, Stockholms kommun, Stockholms län, 116 23, Sverige",,,,
RUSTHÅLLARVÄGEN 99 BV,,Galleri,,"RUSTHÅLLARVÄGEN 99 BV, Stockholm",59.2790197,18.1271158,ok,"Rusthållarvägen, Bagarmossen, Skarpnäcks stadsdelsområde, Stockholm, Stockholms kommun, Stockholms län, 128 41, Sverige",,,,
RINGVÄGEN 82 LGH 1104,,Galleri,,"RINGVÄGEN 82 LGH 1104, Stockholm",59.3074339,18.0690469,ok,"82, Ringvägen, Skanstull, Södermalm, Södermalms stadsdelsområde, Stockholm, Stockholms kommun, Stockholms län, 118 60, Sverige",,,,
BJÖRNGÅRDSGATAN 8 LGH 1002,,Galleri,"By, Caroline","BJÖRNGÅRDSGATAN 8 LGH 1002, Stockholm",59.3166458,18.0654311,ok,"8, Björngårdsgatan, Södermalm, Södermalms stadsdelsområde, Stockholm, Stockholms kommun, Stockholms län, 118 47, Sverige",,,,
HÖGBERGSGATAN 24 LGH 1104,,Galleri,,"HÖGBERGSGATAN 24 LGH 1104, Stockholm",59.3171346,18.0763543,ok,"24, Högbergsgatan, Södermalm, Södermalms stadsdelsområde, Stockholm, Stockholms kommun, Stockholms län, 116 25, Sverige",,,,
BRAHEGATAN 3 LGH 1301,,Galleri,,"BRAHEGATAN 3 LGH 1301, Stockholm",59.3371696,18.0753794,ok,"Rosa, 3, Brahegatan, Villastaden, Östermalm, Norra innerstadens stadsdelsområde, Stockholm, Stockholms kommun, Stockholms län, 114 37, Sverige",,,,
HELENEBORGSGATAN 44 LGH 1301,,Galleri,,"HELENEBORGSGATAN 44 LGH 1301, Stockholm",59.3190165,18.0346729,ok,"44, Heleneborgsgatan, Hornstull, Södermalm, Södermalms stadsdelsområde, Stockholm, Stockholms kommun, Stockholms län, 117 32, Sverige",,,,
STORA GUNGANS VÄG 2 BV,,Galleri,Robin Delselius i Enskede AB,"STORA GUNGANS VÄG 2 BV, Stockholm",59.2847688,18.0918124,ok,"Stora Gungans väg, Gamla Enskede, Enskede-Årsta-Vantörs stadsdelsområde, Stockholm, Stockholms kommun, Stockholms län, 122 31, Sverige",,,,
"Kyrkhamnsvägen 20, 165 72 Hässelby",,Galleri,Bladverket galleri & Kulturcafé,"Kyrkhamnsvägen 20, 165 72 Hässelby",59.3886743,17.7805271,ok,"Lyckebo Trädgårdscafé, 20, Kyrkhamnsvägen, Lövsta, Hässelby-Vällingby stadsdelsområde, Stockholms kommun, Stockholms län, 165 72, Sverige",,,,
"Ekstigen 1, 167 51 Bromma",,Galleri,Galleraget,"Ekstigen 1, 167 51 Bromma",59.3324475,17.9768943,ok,"Alviks rättarbostad, 1, Ekstigen, Alvik, Bromma stadsdelsområde, Stockholm, Stockholms kommun, Stockholms län, 167 51, Sverige",,,,
"Vällingby torg 43, 162 65 Vällingby",,Galleri,Galleri 16X,"Vällingby torg 43, 162 65 Vällingby",,,not_found,,,,,
"Husby gård, 164 30 Kista",,Galleri,Husby konst och hantverksförening,"Husby gård, 164 30 Kista",59.407209,17.9197006,ok,"Husby gård, Husby, Järva stadsdelsområde, Stockholm, Stockholms kommun, Stockholms län, 164 32, Sverige",,,,
"Jämtlandsgatan 161, 162 60 Vällingby",,Galleri,Studio ABC,"Jämtlandsgatan 161, 162 60 Vällingby",59.3575976,17.8776807,ok,"Jämtlandsgatan, Råcksta, Hässelby-Vällingby stadsdelsområde, Stockholms kommun, Stockholms län, 162 60, Sverige",,,,
,,Galleri,Galleri,,,,empty_address,,,,,
,,Galleri,Galleri Bellman,,,,empty_address,,,,,
,,Galleri,Galleri Lorentzon,,,,empty_address,,,,,
,,Galleri,Galleri Kontrast,,,,empty_address,,,,,
,,Galleri,Galleri Movitz,,,,empty_address,,,,,
,,Galleri,Galleri Knall,,,,empty_address,,,,,
,,Galleri,Galleri Puckeln,,,,empty_address,,,,,
,,Galleri,Blås & knåda,,,,empty_address,,,,,
,,Galleri,Galleri Scandinavia,,,,empty_address,,,,,
,,Galleri,Galleri Momangen,,,,empty_address,,,,,
,,Galleri,Galleri Bergman,,,,empty_address,,,,,
,,Galleri,Ryan Photo Galleri,,,,empty_address,,,,,
,,Galleri,Galleri de Bernardo,,,,empty_address,,,,,
,bibliotek.vallentuna.se,Galleri,VK Ramar-Gallery,,,,empty_address,,,,,
,bibliotek.vallentuna.se,Galleri,Beeg Gallery,,,,empty_address,,,,,
,bibliotek.vallentuna.se,Galleri,Galleri Andersson/Sandström,,,,empty_address,,,,,
,,Galleri,Galerie Nordenhake,,,,empty_address,,,,,
,,Galleri,Galleri Hind,,,,empty_address,,,,,
,,Galleri,Kaolin,,,,empty_address,,,,,
,,Galleri,Galleri Greger,,,,empty_address,,,,,
,,Galleri,Abante,,,,empty_address,,,,,
,,Galleri,The Slab,,,,empty_address,,,,,
,,Galleri,Konst och folk,,,,empty_address,,,,,
,,Galleri,Ekvall & Törnblom,,,,empty_address,,,,,
,,Galleri,Rääf,,,,empty_address,,,,,
,,Galleri,Wetterling,,,,empty_address,,,,,
,,Galleri,Vantörs konstförening,,,,empty_address,,,,,
,,Galleri,Honey Gallery,,,,empty_address,,,,,
,,Galleri,Nordic Art,,,,empty_address,,,,,
,,Galleri,spg,,,,empty_address,,,,,
,,Galleri,Galleri,,,,empty_address,,,,,
,,Galleri,Index,,,,empty_address,,,,,
,,Galleri,Galleri Inuti,,,,empty_address,,,,,
,,Galleri,Nordens ljus,,,,empty_address,,,,,
,,Galleri,WBL,,,,empty_address,,,,,
,,Galleri,Flach,,,,empty_address,,,,,
,,Galleri,Anna Bohman,,,,empty_address,,,,,
Spetsgatan 2,,Galleri,Olle Olsson kvarteret,"Spetsgatan 2, Stockholm",59.3610244,18.0160446,ok,"Olle Olsson Hagalund-museet, 2, Spetsgatan, Hagalund, Solna kommun, Stockholms län, 169 67, Sverige",,,,
Björnstigen 137B,,Galleri,Bergagalleriet,"Björnstigen 137B, Stockholm",59.3698924,17.8091841,ok,"Björnstigen, Hässelby Villastad, Hässelby-Vällingby stadsdelsområde, Stockholms kommun, Stockholms län, 165 71, Sverige",,,,
Bergshamra torg 1,,Galleri,Galleri Mun&fot,"Bergshamra torg 1, Stockholm",,,not_found,,,,,
Posthusgatan 2,,Galleri,Galleri Ekman,"Posthusgatan 2, Stockholm",59.7567763,18.7030554,ok,"2, Posthusgatan, Grind, Norrtälje, Norrtälje kommun, Stockholms län, 761 30, Sverige",,,,
Billborgsgatan 3,,Galleri,Lilla K,"Billborgsgatan 3, Stockholm",59.7598544,18.7047857,ok,"Billborgsgatan, Gransäter, Fågelsången, Norrtälje, Norrtälje kommun, Stockholms län, 761 30, Sverige",,,,
,,Galleri,Häveröbygdens Konstförening (Hallstaviks konsthall),,,,empty_address,,,,,
Karby byväg 16,,Galleri,Stella Art Galleri,"Karby byväg 16, Stockholm",59.8072823,18.6202703,ok,"Karby byväg, Karby, Norrtälje kommun, Stockholms län, 761 71, Sverige",,,,
Torsåker Kvarnbacken,,Galleri,The Nut House,"Torsåker Kvarnbacken, Stockholm",,,not_found,,,,,
NYBROGATAN 3,,Galleri,SKAJS KONST- & ANTIKHANDEL AKTIEBOLAG,"NYBROGATAN 3, Stockholm",59.3336578,18.0764611,ok,"3, Nybrogatan, Östermalm, Norra innerstadens stadsdelsområde, Stockholm, Stockholms kommun, Stockholms län, 102 41, Sverige",,,,
BIRGER JARLSGATAN 14,,Galleri,ÅMELLS KONSTHANDEL AKTIEBOLAG,"BIRGER JARLSGATAN 14, Stockholm",59.3347827,18.0743739,ok,"14, Birger Jarlsgatan, Klara, Norrmalm, Norra innerstadens stadsdelsområde, Stockholm, Stockholms kommun, Stockholms län, 114 35, Sverige",,,,
KARLAVÄGEN 17,,Galleri,BÖRJE G ANDERSSON AKTIEBOLAG,"KARLAVÄGEN 17, Stockholm",59.3426251,18.0690257,ok,"17, Karlavägen, Eriksberg, Östermalm, Norra innerstadens stadsdelsområde, Stockholm, Stockholms kommun, Stockholms län, 114 31, Sverige",,,,
SANKT ERIKSGATAN 79,,Galleri,"KONST & RAM, GALLERI S:T ERIK AKTIEBOLAG","SANKT ERIKSGATAN 79, Stockholm",59.3399923,18.0366563,ok,"79, Sankt Eriksgatan, Atlasområdet, Vasastaden, Norra innerstadens stadsdelsområde, Stockholm, Stockholms kommun, Stockholms län, 113 32, Sverige",,,,
JAKOBSBERGSGATAN 2,,Galleri,Lars Bohman Fine Art AB,"JAKOBSBERGSGATAN 2, Stockholm",59.3349843,18.0730045,ok,"2, Jakobsbergsgatan, Klara, Norrmalm, Norra innerstadens stadsdelsområde, Stockholm, Stockholms kommun, Stockholms län, 114 34, Sverige",,,,
SIBYLLEGATAN 65,,Galleri,PROJECT MANAGEMENT I STOCKHOLM AKTIEBOLAG,"SIBYLLEGATAN 65, Stockholm",59.3401798,18.083159,ok,"65, Sibyllegatan, Villastaden, Östermalm, Norra innerstadens stadsdelsområde, Stockholm, Stockholms kommun, Stockholms län, 114 43, Sverige",,,,
VALHALLAVÄGEN 78,,Galleri,"Information, Communication, Technology Project Stockholm AB","VALHALLAVÄGEN 78, Stockholm",59.345119,18.0718513,ok,"78, Valhallavägen, Villastaden, Östermalm, Norra innerstadens stadsdelsområde, Stockholm, Stockholms kommun, Stockholms län, 114 26, Sverige",,,,
SVEAVÄGEN 82,,Galleri,Galleri Solin AB,"SVEAVÄGEN 82, Stockholm",59.340682,18.0590001,ok,"82, Sveavägen, Sibirien, Vasastaden, Norra innerstadens stadsdelsområde, Stockholm, Stockholms kommun, Stockholms län, 113 59, Sverige",,,,
BANÉRGATAN 10,,Galleri,Hansen Art AB,"BANÉRGATAN 10, Stockholm",59.3342877,18.0927227,ok,"10, Banérgatan, Östermalm, Norra innerstadens stadsdelsområde, Stockholm, Stockholms kommun, Stockholms län, 115 23, Sverige",,,,
LINNÉGATAN 42,,Galleri,L BERGVALL INRAMNINGAR AKTIEBOLAG,"LINNÉGATAN 42, Stockholm",59.3366528,18.0826476,ok,"42, Linnégatan, Villastaden, Östermalm, Norra innerstadens stadsdelsområde, Stockholm, Stockholms kommun, Stockholms län, 114 45, Sverige",,,,
"Klockarlötesvägen 24, 136 91 Österhaninge",,Galleri,Galleri Kyrkskolan,"Klockarlötesvägen 24, 136 91 Österhaninge",,,not_found,,,,,
Vikingavägen 39,,Galleri,Konstpoolen,"Vikingavägen 39, Stockholm",59.4213499,17.9705308,ok,"39, Vikingavägen, Edsviken, Tureberg, Sjöberg, Sollentuna kommun, Stockholms län, 191 33, Sverige",,,,
,,Galleri,Godsmagasinet,,,,empty_address,,,,,
Förvaltarvägen 53,,Galleri,Saltskog Gård,"Förvaltarvägen 53, Stockholm",59.252483,18.0756283,ok,"Förvaltarvägen, Yrkesgatsområdet, Hökarängen, Farsta stadsdelsområde, Stockholm, Stockholms kommun, Stockholms län, 123 54, Sverige",,,,
Gamla rådhuset,,Galleri,Gamla Rådhuset,"Gamla rådhuset, Stockholm",59.1978088,17.627225,ok,"Gamla Rådhuset, Köpmangatan, Tälje, Södertälje, Södertälje kommun, Stockholms län, 151 72, Sverige",,,,
Västra Kanalgatan 8,,Galleri,Galleri Kretsen,"Västra Kanalgatan 8, Stockholm",59.199698,17.6274227,ok,"Västra Kanalgatan, Tälje, Södertälje, Södertälje kommun, Stockholms län, 151 72, Sverige",,,,
Övre Torekällgatan 31,,Galleri,Galleri Zebra,"Övre Torekällgatan 31, Stockholm",59.1937908,17.6204056,ok,"Övre Torekällgatan, Blombacka, Tälje, Södertälje, Södertälje kommun, Stockholms län, 151 21, Sverige",,,,
"Tyra Lundgrensväg 19, 134 40 Gustavsberg",,Galleri,Värmdö kulturhus - Galleri i,"Tyra Lundgrensväg 19, 134 40 Gustavsberg",59.3234004,18.3816051,ok,"Tyra Lundgrens väg, Charlottendal, Gustavsberg, Värmdö kommun, Stockholms län, 134 52, Sverige",,,,
Skytteholmsvägen 2,,Konsthall,Solna Konsthall,"Skytteholmsvägen 2, Stockholm",59.3560532,18.0001212,ok,"Solna Folkets Hus, 2, Skytteholmsvägen, Skytteholm, Solna kommun, Stockholms län, 171 25, Sverige",,,,
"Fullersta Gårdsväg 18, 141 35 Huddinge",,Konsthall,Fullersta gård,"Fullersta Gårdsväg 18, 141 35 Huddinge",59.2388765,17.9748133,ok,"Fullersta gård, 18, Fullersta Gårdsväg, Fullersta, Huddinge, Huddinge kommun, Stockholms län, 141 35, Sverige",,,,
"Alfred Nobels allé 7, 141 52 Huddinge",,Konsthall,Art Space,"Alfred Nobels allé 7, 141 52 Huddinge",59.219461,17.9430918,ok,"7, Alfred Nobels Allé, Visättra, Flemingsberg, Huddinge, Huddinge kommun, Stockholms län, 141 57, Sverige",,,,
"Skogåstorget 7-9, 142 30 Skogås",,Konsthall,Galleri Lyktan,"Skogåstorget 7-9, 142 30 Skogås",59.2175912,18.1522002,ok,"Skogåstorget, Lyckåsen, Skogås, Drevviksstrand, Huddinge kommun, Stockholms län, 142 30, Sverige",,,,
"Fullersta Gårdsväg 18, 141 35 Huddinge",,Konsthall,Flygeln vid Fullersta gård,"Fullersta Gårdsväg 18, 141 35 Huddinge",59.2388765,17.9748133,ok,"Fullersta gård, 18, Fullersta Gårdsväg, Fullersta, Huddinge, Huddinge kommun, Stockholms län, 141 35, Sverige",,,,
"Vårby allé 26, 143 40 Vårby",,Konsthall,Barnkonsten på Vårby bibliotek,"Vårby allé 26, 143 40 Vårby",59.2549997,17.8751325,ok,"Vårby allé, Masmo, Vårby, Huddinge kommun, Stockholms län, 143 30, Sverige",,,,
Galles gränd 7,,Konsthall,Norrtälje konsthall,"Galles gränd 7, Stockholm",59.7562641,18.6993708,ok,"Galles gränd, Grossgärdet, Grind, Norrtälje, Norrtälje kommun, Stockholms län, 761 30, Sverige",,,,
Hammarbyvägen 16,,Konsthall,Väsby Konsthall,"Hammarbyvägen 16, Stockholm",59.525553,17.9153537,ok,"Eklunds Bowling, 16, Hammarbyvägen, Väsbyskogen, Vilunda, Upplands Väsby, Upplands Väsby kommun, Stockholms län, 194 36, Sverige",,,,
Allévägen 1,,Konsthall,Vallentuna kulturhus och bibliotek,"Allévägen 1, Stockholm",59.3294707,17.9763549,ok,"1, Allévägen, Äppelviken, Bromma stadsdelsområde, Stockholm, Stockholms kommun, Stockholms län, 167 52, Sverige",,,,
"Furuhällsplan 1, 196 40 Kungsängen",,Konsthall,Kungsängens Konsthall,"Furuhällsplan 1, 196 40 Kungsängen",59.478449,17.7513474,ok,"1, Furuhällsplan, Kungsängen, Upplands-Bro kommun, Stockholms län, 196 40, Sverige",,,,
,,Konsthall,Färgfabriken,,,,empty_address,,,,,
,,Konsthall,Konstakademien,,,,empty_address,,,,,
,,Konsthall,Tensta konsthall,,,,empty_address,,,,,
,,Konsthall,Fotografiska,,,,empty_address,,,,,
,,Konsthall,Bonniers konsthall,,,,empty_address,,,,,
,,Konsthall,Liljevalchs,,,,empty_address,,,,,
,,Konsthall,Konshall C,,,,empty_address,,,,,
Löfströmsvägen 8,,Konsthall,Marabouparkens konsthall,"Löfströmsvägen 8, Stockholm",59.3642539,17.9571212,ok,"Dolks Kök Restaurang & Café, 8, Löfströmsvägen, Hästhagen, Duvbo, Sundbybergs kommun, Stockholms län, 172 75, Sverige",,,,
Östangränd 7,,Konsthall,Tyresö konsthall,"Östangränd 7, Stockholm",59.2451069,18.2288111,ok,"Biblioteket i Tyresö centrum, 7, Östangränd, Bollmora, Tyresö kommun, Stockholms län, 135 21, Sverige",,,,
"Poseidons torg 8, 136 46 Handen",,Konsthall,Haninge konsthall,"Poseidons torg 8, 136 46 Handen",59.1672538,18.1393391,ok,"Poseidons Torg, Handen, Haninge kommun, Stockholms län, 136 43, Sverige",,,,
Stadshusplatsen 3,,Konsthall,Nynäshamns konsthall,"Stadshusplatsen 3, Stockholm",58.9022005,17.946184,ok,"Nynäshamns bildarkiv, 3, Stadshusplatsen, Heimdal, Nynäshamn, Nynäshamns kommun, Stockholms län, 149 81, Sverige",,,,
Storgatan 15,,Konsthall,Södertälje konsthall,"Storgatan 15, Stockholm",59.3536433,17.9990342,ok,"15, Storgatan, Västra skogen, Huvudsta, Solna kommun, Stockholms län, 171 63, Sverige",,,,
Veddestabron 10,,Konsthall,Bas konsthall,"Veddestabron 10, Stockholm",59.4079921,17.862131,ok,"10, Veddestabron, Barkarbystaden, Barkarby, Järfälla kommun, Sollentuna kommun, Stockholms län, 175 06, Sverige",,,,
Väpnarstråket,,Konsthall,Jakobsbergs konsthall,"Väpnarstråket, Stockholm",,,not_found,,,,,
"Artipelagstigen 1, 134 40 Gustavsberg",,Konsthall,Artipelag,"Artipelagstigen 1, 134 40 Gustavsberg",59.3073116,18.3558907,ok,"Artipelagstigen, Viktorsberg, Hålludden, Gustavsberg, Värmdö kommun, Stockholms län, 134 52, Sverige",,,,
Hagalundsgatan 38,,Konstnärlig produktionsplats/ateljé,Fabrik 38,"Hagalundsgatan 38, Stockholm",59.3615884,18.0160286,ok,"Hagalundsgatan, Hagalund, Solna kommun, Stockholms län, 169 67, Sverige",,,,
Spetsgatan 4,,Konstnärlig produktionsplats/ateljé,Villa Odin,"Spetsgatan 4, Stockholm",59.3611162,18.0163203,ok,"Spetsgatan, Hagalund, Solna kommun, Stockholms län, 169 67, Sverige",,,,
"Elektronvägen 30, 141 49 Huddinge","https://www.operan.se/, https://www.dramaten.se/",Konstnärlig produktionsplats/ateljé,Operan och Dramatens dekorateljéer,"Elektronvägen 30, 141 49 Huddinge",59.2219596,17.9564979,ok,"Elektronvägen, Visättra, Flemingsberg, Huddinge, Huddinge kommun, Stockholms län, 141 49, Sverige",,"https://www.operan.se/, https://www.dramaten.se/",,
"Kyrkogårdsvägen 6, 141 62 Huddinge",,Konstnärlig produktionsplats/ateljé,Tonsalen,"Kyrkogårdsvägen 6, 141 62 Huddinge",59.2383379,17.9860574,ok,"Tonsalen, 6, Kyrkogårdsvägen, Kvarnbergsplan, Sjödalen, Huddinge, Huddinge kommun, Stockholms län, 141 62, Sverige",,,,
"Sundby Gårdsväg 6, 141 91 Huddinge",,Konstnärlig produktionsplats/ateljé,Litografisk verkstad i Litografiska museet,"Sundby Gårdsväg 6, 141 91 Huddinge",59.2005622,18.0195925,ok,"Litografiska museet, 6, Sundby gårdsväg, Björklund, Huddinge kommun, Stockholms län, 141 91, Sverige",,,,
Drottninggatan 5,,Konstnärlig produktionsplats/ateljé,Lokalen Kulturverkstad,"Drottninggatan 5, Stockholm",59.3391214,18.0561952,ok,"Drottninggatan, Sabbatsberg, Vasastaden, Norra innerstadens stadsdelsområde, Stockholm, Stockholms kommun, Stockholms län, 111 60, Sverige",,,,
Knösgårdens väg 6,,Konstnärlig produktionsplats/ateljé,Skaparladan,"Knösgårdens väg 6, Stockholm",59.7586823,18.9225125,ok,"Knösgårdens väg, Mon, Södersvik, Norrtälje kommun, Stockholms län, 761 94, Sverige",,,,
Simpnäsvägen 739,,Konstnärlig produktionsplats/ateljé,Björkö Konstnod,"Simpnäsvägen 739, Stockholm",59.8645257,19.0337167,ok,"Simpnäsvägen, Dragsviken, Norrtälje kommun, Stockholms län, 764 53, Sverige",,,,
Vegagatan 1,,Konstnärlig produktionsplats/ateljé,Designfabriken,"Vegagatan 1, Stockholm",59.3409877,18.0513671,ok,"1, Vegagatan, Sabbatsberg, Vasastaden, Norra innerstadens stadsdelsområde, Stockholm, Stockholms kommun, Stockholms län, 114 30, Sverige",,,,
Baldersgatan 14,,Konstnärlig produktionsplats/ateljé,Aktivitetshuset magasinet,"Baldersgatan 14, Stockholm",59.3456945,18.0691001,ok,"14, Baldersgatan, Lärkstaden, Östermalm, Norra innerstadens stadsdelsområde, Stockholm, Stockholms kommun, Stockholms län, 100 41, Sverige",,,,
"Bro centrum 1, 19731 Bro",,Konstnärlig produktionsplats/ateljé,Verkstan,"Bro centrum 1, 19731 Bro",60.1103253,24.4420062,ok,"1, Bronkuja, Bro, Kuntakeskus, Keskinen Kirkkonummi, Kirkkonummi, Helsingin seutukunta, Uusimaa, Manner-Suomi, 02480, Suomi / Finland",,,,
"Båtvarvsgränd 28, 167 33 Bromma",,Konstnärlig produktionsplats/ateljé,Båtvarvets konstnärsateljéer,"Båtvarvsgränd 28, 167 33 Bromma",59.3414596,17.9743231,ok,"Stora Båtvarvsgränd, Ulvsunda, Bromma stadsdelsområde, Stockholm, Stockholms kommun, Stockholms län, 167 36, Sverige",,,,
"Uppköparvägen 7, 120 44 Årsta",,Konstnärlig produktionsplats/ateljé,Frukthusets ateljéförening,"Uppköparvägen 7, 120 44 Årsta",59.2942483,18.0287232,ok,"7, Uppköparvägen, Årsta Partihallar, Årsta, Enskede-Årsta-Vantörs stadsdelsområde, Stockholm, Stockholms kommun, Stockholms län, 120 44, Sverige",,,,
"Bredholmstorget 4, 127 48 Skärholmen",,Konstnärlig produktionsplats/ateljé,Föreningen Folk i Skärholmen,"Bredholmstorget 4, 127 48 Skärholmen",59.2754551,17.9051873,ok,"Bredholmstorget, Skärholmen, Skärholmens stadsdelsområde, Stockholm, Stockholms kommun, Stockholms län, 127 48, Sverige",,,,
"Ormkärrsvägen 78, 124 71 Bandhagen",,Konstnärlig produktionsplats/ateljé,Hagsätra collective,"Ormkärrsvägen 78, 124 71 Bandhagen",,,not_found,,,,,
"Fatbursparken, 118 26 Stockholm",,Konstnärlig produktionsplats/ateljé,Hammarbybacke musikförening,"Fatbursparken, 118 26 Stockholm",,,not_found,,,,,
"Östbergatorget 21, 125 73 Älvsjö",,Konstnärlig produktionsplats/ateljé,höjden,"Östbergatorget 21, 125 73 Älvsjö",59.2890455,18.0335272,ok,"Östbergatorget, Östberga, Älvsjö, Enskede-Årsta-Vantörs stadsdelsområde, Stockholm, Stockholms kommun, Stockholms län, 125 72, Sverige",,,,
"Jämtlandsgatan 161, 162 60 Vällingby",,Konstnärlig produktionsplats/ateljé,Kollektivet i Vällingby,"Jämtlandsgatan 161, 162 60 Vällingby",59.3575976,17.8776807,ok,"Jämtlandsgatan, Råcksta, Hässelby-Vällingby stadsdelsområde, Stockholms kommun, Stockholms län, 162 60, Sverige",,,,
Mårbackagatan 11 hus H 123 43 Farsta,,Konstnärlig produktionsplats/ateljé,Konstverket,Mårbackagatan 11 hus H 123 43 Farsta,,,not_found,,,,,
"Jämtlandsgatan 161, 162 60 Vällingby",,Konstnärlig produktionsplats/ateljé,Studio ABC,"Jämtlandsgatan 161, 162 60 Vällingby",59.3575976,17.8776807,ok,"Jämtlandsgatan, Råcksta, Hässelby-Vällingby stadsdelsområde, Stockholms kommun, Stockholms län, 162 60, Sverige",,,,
"Västbergavägen 26, 126 30 Hägersten",,Konstnärlig produktionsplats/ateljé,wip:sthlm,"Västbergavägen 26, 126 30 Hägersten",59.292338,18.0085745,ok,"Västbergavägen, Västberga industriområde, Västberga, Hägersten-Älvsjö stadsdelsområde, Stockholm, Stockholms kommun, Stockholms län, 126 30, Sverige",,,,
"Västberga allé 32, 126 30 Hägersten",,Konstnärlig produktionsplats/ateljé,Ateljéföreningen Turbinen,"Västberga allé 32, 126 30 Hägersten",59.2937429,18.0146558,ok,"Västberga Allé, Västberga industriområde, Västberga, Hägersten-Älvsjö stadsdelsområde, Stockholm, Stockholms kommun, Stockholms län, 126 30, Sverige",,,,
"LM Ericssons väg 14, 126 26 Hägersten",,Konstnärlig produktionsplats/ateljé,Telefonplan Studios,"LM Ericssons väg 14, 126 26 Hägersten",59.2997731,17.9942096,ok,"Konstfack, 14, LM Ericssons Väg, Midsommarkransen, Hägersten-Älvsjö stadsdelsområde, Stockholm, Stockholms kommun, Stockholms län, 126 26, Sverige",,,,
"Svärdlångsvägen 36, 120 60 Årsta",,Konstnärlig produktionsplats/ateljé,The Garage,"Svärdlångsvägen 36, 120 60 Årsta",59.3006871,18.033593,ok,"36, Svärdlångsvägen, Årsta, Enskede-Årsta-Vantörs stadsdelsområde, Stockholm, Stockholms kommun, Stockholms län, 120 60, Sverige",,,,
"Norrtullsgatan 45, 113 45 Stockholm",,Konstnärlig produktionsplats/ateljé,Enkehuset förening,"Norrtullsgatan 45, 113 45 Stockholm",59.3459743,18.0475577,ok,"45, Norrtullsgatan, Sabbatsberg, Vasastaden, Norra innerstadens stadsdelsområde, Stockholm, Stockholms kommun, Stockholms län, 113 27, Sverige",,,,
"Norrtullsgatan 45, 113 45 Stockholm",,Konstnärlig produktionsplats/ateljé,Ateljéföreningen Nortull,"Norrtullsgatan 45, 113 45 Stockholm",59.3459743,18.0475577,ok,"45, Norrtullsgatan, Sabbatsberg, Vasastaden, Norra innerstadens stadsdelsområde, Stockholm, Stockholms kommun, Stockholms län, 113 27, Sverige",,,,
"Midsommarslingan 1, 126 30 Hägersten",,Konstnärlig produktionsplats/ateljé,Ateljéföreningen Björken,"Midsommarslingan 1, 126 30 Hägersten",59.3015386,18.0189487,ok,"Midsommarslingan, Västberga, Hägersten-Älvsjö stadsdelsområde, Stockholm, Stockholms kommun, Stockholms län, 126 32, Sverige",,,,
"Högerudsbacken 22, 123 73 Farsta",,Konstnärlig produktionsplats/ateljé,Midsommarkransens skola,"Högerudsbacken 22, 123 73 Farsta",59.2305866,18.1019481,ok,"Russtorp, 22, Högerudsbacken, Farsta strand, Farsta stadsdelsområde, Stockholm, Stockholms kommun, Stockholms län, 123 71, Sverige",,,,
"Glasbruksgatan 25, 116 20 Stockholm",,Konstnärlig produktionsplats/ateljé,Bruna huset,"Glasbruksgatan 25, 116 20 Stockholm",59.3181236,18.0787713,ok,"25, Glasbruksgatan, Södermalm, Södermalms stadsdelsområde, Stockholm, Stockholms kommun, Stockholms län, 116 25, Sverige",,,,
"Glasbruksgatan 25, 116 20 Stockholm",,Konstnärlig produktionsplats/ateljé,Glasbruksgatan,"Glasbruksgatan 25, 116 20 Stockholm",59.3181236,18.0787713,ok,"25, Glasbruksgatan, Södermalm, Södermalms stadsdelsområde, Stockholm, Stockholms kommun, Stockholms län, 116 25, Sverige",,,,
"Kyrkhamnsvägen 36, 165 72 Hässelby",,Konstnärlig produktionsplats/ateljé,Kyrkhamn,"Kyrkhamnsvägen 36, 165 72 Hässelby",59.3884304,17.7860217,ok,"Kyrkhamnsvägen, Lövsta, Hässelby-Vällingby stadsdelsområde, Stockholms kommun, Stockholms län, 175 56, Sverige",,,,
"Nordmarksvägen 6, 123 72 Farsta",,Konstnärlig produktionsplats/ateljé,Ateljéhuset Farsta Strand,"Nordmarksvägen 6, 123 72 Farsta",59.2331738,18.1057837,ok,"6B, Nordmarksvägen, Farsta, Farsta stadsdelsområde, Stockholm, Stockholms kommun, Stockholms län, 123 72, Sverige",,,,
"Alstaviksvägen 11, 117 33 Stockholm",,Konstnärlig produktionsplats/ateljé,Grafikerna 1,"Alstaviksvägen 11, 117 33 Stockholm",59.3210882,18.0272194,ok,"11, Alstaviksvägen, Långholmen, Södermalms stadsdelsområde, Stockholm, Stockholms kommun, Stockholms län, 117 37, Sverige",,,,
"Alstaviksvägen 11, 117 33 Stockholm",,Konstnärlig produktionsplats/ateljé,Grafikerna 2,"Alstaviksvägen 11, 117 33 Stockholm",59.3210882,18.0272194,ok,"11, Alstaviksvägen, Långholmen, Södermalms stadsdelsområde, Stockholm, Stockholms kommun, Stockholms län, 117 37, Sverige",,,,
"Skarpnäcks gårdsväg 6D, 128 31 Skarpnäck",,Konstnärlig produktionsplats/ateljé,Hercules,"Skarpnäcks gårdsväg 6D, 128 31 Skarpnäck",59.2669554,18.143222,ok,"Skarpnäcks Gårdsväg, Bagarmossen, Skarpnäcks stadsdelsområde, Stockholm, Stockholms kommun, Stockholms län, 128 31, Sverige",,,,
"Sjöviksbacken 60, 117 43 Stockholm",,Konstnärlig produktionsplats/ateljé,Ateljéföreningen Skarpnäck,"Sjöviksbacken 60, 117 43 Stockholm",59.3044149,18.0292376,ok,"Sjöviksbacken, Liljeholmen, Hägersten-Älvsjö stadsdelsområde, Stockholm, Stockholms kommun, Stockholms län, 117 56, Sverige",,,,
Årsta gamla skola,,Konstnärlig produktionsplats/ateljé,Årsta gamla skola,Årsta gamla skola,59.3022874,18.0271194,ok,"Årsta gamla skola, Sjöviksbacken, Liljeholmen, Hägersten-Älvsjö stadsdelsområde, Stockholm, Stockholms kommun, Stockholms län, 117 62, Sverige",,,,
"Vinterviksvägen 61-63, 117 65 Stockholm",,Konstnärlig produktionsplats/ateljé,Ateljéföreningen Vinterviken,"Vinterviksvägen 61-63, 117 65 Stockholm",59.310961,18.0000432,ok,"Vinterviksvägen, Aspudden, Hägersten-Älvsjö stadsdelsområde, Stockholm, Stockholms kommun, Stockholms län, 117 71, Sverige",,,,
"Fiskargatan 1, 116 20 Stockholm",,Konstnärlig produktionsplats/ateljé,Mosebacke ateljéhus,"Fiskargatan 1, 116 20 Stockholm",59.3181303,18.0750829,ok,"1A, Fiskargatan, Södermalm, Södermalms stadsdelsområde, Stockholm, Stockholms kommun, Stockholms län, 116 25, Sverige",,,,
"Enskede gårdsväg 14, 120 47 Enskede Gård",,Konstnärlig produktionsplats/ateljé,Fyrkanten,"Enskede gårdsväg 14, 120 47 Enskede Gård",59.2880288,18.0665362,ok,"14C, Enskede Gårdsväg, Enskede gård, Enskede-Årsta-Vantörs stadsdelsområde, Stockholm, Stockholms kommun, Stockholms län, 122 37, Sverige",,,,
"Enskede Gårdsväg 10, 120 47 Enskede Gård",,Konstnärlig produktionsplats/ateljé,Enskede Gård,"Enskede Gårdsväg 10, 120 47 Enskede Gård",59.2883061,18.0673156,ok,"Enskede Gårdsväg, Enskede gård, Enskede-Årsta-Vantörs stadsdelsområde, Stockholm, Stockholms kommun, Stockholms län, 120 47, Sverige",,,,
"Fjällgatan 23, 116 28 Stockholm",,Konstnärlig produktionsplats/ateljé,Fjällgatan,"Fjällgatan 23, 116 28 Stockholm",59.3174768,18.0839108,ok,"23B, Fjällgatan, Södermalm, Södermalms stadsdelsområde, Stockholm, Stockholms kommun, Stockholms län, 116 28, Sverige",,,,
"Nytorget 15B, 116 40 Stockholm",,Konstnärlig produktionsplats/ateljé,Malongen,"Nytorget 15B, 116 40 Stockholm",59.3123345,18.0835258,ok,"Nytorget, Skanstull, Södermalm, Södermalms stadsdelsområde, Stockholm, Stockholms kommun, Stockholms län, 116 40, Sverige",,,,
"Bjurholmsgatan 3, 116 38 Stockholm",,Konstnärlig produktionsplats/ateljé,Tegen 2,"Bjurholmsgatan 3, 116 38 Stockholm",59.3087467,18.0811617,ok,"Bjurholmsgatan, Skanstull, Södermalm, Södermalms stadsdelsområde, Stockholm, Stockholms kommun, Stockholms län, 116 61, Sverige",,,,
Granängsvägen 7,,Konstnärlig produktionsplats/ateljé,konstVerket,"Granängsvägen 7, Stockholm",59.3239348,18.2453066,ok,"Granängsvägen, Björknäs, Boo, Nacka kommun, Stockholms län, 132 34, Sverige",,,,
Stadsparken 6,,Konstnärlig produktionsplats/ateljé,Ateljé & Galleri Ewa,"Stadsparken 6, Stockholm",,,not_found,,,,,
"Handenterminalen 2, 136 40 Handen",,Konstnärlig produktionsplats/ateljé,FreeZone,"Handenterminalen 2, 136 40 Handen",,,not_found,,,,,
"Handens Stationsväg 11, 136 40 Handen",,Konstnärlig produktionsplats/ateljé,Handenterminalen konst,"Handens Stationsväg 11, 136 40 Handen",59.1679367,18.1354864,ok,"Handens stationsväg, Rudans gård, Handen, Haninge kommun, Stockholms län, 136 81, Sverige",,,,
"Klockarlötsvägen 26, 137 95 Österhaninge",,Konstnärlig produktionsplats/ateljé,Haningekonstnärer,"Klockarlötsvägen 26, 137 95 Österhaninge",,,not_found,,,,,
"Kyrkvägen 1, 137 38 Västerhaninge",,Konstnärlig produktionsplats/ateljé,Västerhaninge hemslöjdsförening,"Kyrkvägen 1, 137 38 Västerhaninge",59.1230009,18.1072081,ok,"Kyrkvägen, Västerhaninge, Haninge kommun, Stockholms län, 137 41, Sverige",,,,
Åkerby 12,,Konstnärlig produktionsplats/ateljé,Åkerby konstsmedja,"Åkerby 12, Stockholm",58.98353,17.8199216,ok,"Åkerby, Nynäshamns kommun, Stockholms län, 148 70, Sverige",,,,
Åkerby 15,,Konstnärlig produktionsplats/ateljé,Åkerby gård,"Åkerby 15, Stockholm",58.98353,17.8199216,ok,"Åkerby, Nynäshamns kommun, Stockholms län, 148 70, Sverige",,,,
Gabrielstorp 112,,Konstnärlig produktionsplats/ateljé,Blå Boden,"Gabrielstorp 112, Stockholm",58.8259417,17.8366013,ok,"Gabrielstorp, Nynäshamns kommun, Stockholms län, 149 92, Sverige",,,,
Gabrielstorp 107,,Konstnärlig produktionsplats/ateljé,Torö skola,"Gabrielstorp 107, Stockholm",58.8259417,17.8366013,ok,"Gabrielstorp, Nynäshamns kommun, Stockholms län, 149 92, Sverige",,,,
Stenstrand 69,,Konstnärlig produktionsplats/ateljé,Stenstrand keramik,"Stenstrand 69, Stockholm",58.8089731,17.8232797,ok,"Stenstrand, Almvik, Nynäshamns kommun, Stockholms län, 149 92, Sverige",,,,
Vikingavägen 39,,Konstnärlig produktionsplats/ateljé,Konstpoolen,"Vikingavägen 39, Stockholm",59.4213499,17.9705308,ok,"39, Vikingavägen, Edsviken, Tureberg, Sjöberg, Sollentuna kommun, Stockholms län, 191 33, Sverige",,,,
Förvaltarvägen 53,,Konstnärlig produktionsplats/ateljé,Torö Svinhus,"Förvaltarvägen 53, Stockholm",59.252483,18.0756283,ok,"Förvaltarvägen, Yrkesgatsområdet, Hökarängen, Farsta stadsdelsområde, Stockholm, Stockholms kommun, Stockholms län, 123 54, Sverige",,,,
Västra Kanalgatan 8,,Konstnärlig produktionsplats/ateljé,Saltskog Gård,"Västra Kanalgatan 8, Stockholm",59.199698,17.6274227,ok,"Västra Kanalgatan, Tälje, Södertälje, Södertälje kommun, Stockholms län, 151 72, Sverige",,,,
Övre Torekällgatan 31,,Konstnärlig produktionsplats/ateljé,Galleri Kretsen,"Övre Torekällgatan 31, Stockholm",59.1937908,17.6204056,ok,"Övre Torekällgatan, Blombacka, Tälje, Södertälje, Södertälje kommun, Stockholms län, 151 21, Sverige",,,,
"Chamottevägen 6, 134 40 Gustavsberg",,Konstnärlig produktionsplats/ateljé,Galleri Zebra,"Chamottevägen 6, 134 40 Gustavsberg",59.3235309,18.3857706,ok,"Chamottevägen, Charlottendal, Gustavsberg, Värmdö kommun, Stockholms län, 134 52, Sverige",,,,
"Chamottevägen 6, 134 40 Gustavsberg",,Konstnärlig produktionsplats/ateljé,Chamottehuset,"Chamottevägen 6, 134 40 Gustavsberg",59.3235309,18.3857706,ok,"Chamottevägen, Charlottendal, Gustavsberg, Värmdö kommun, Stockholms län, 134 52, Sverige",,,,
Rönningevägen 7,,Kulturhus/aktivitets-/föreningshus,Villa Skönvik,"Rönningevägen 7, Stockholm",59.1951901,17.7466961,ok,"Villa Skönvik, 7, Rönningevägen, Fågelby, Rönninge, Salems kommun, Stockholms län, 144 61, Sverige",,,,
Skytteholmsvägen 2,,Kulturhus/aktivitets-/föreningshus,Folkets hus,"Skytteholmsvägen 2, Stockholm",59.3560532,18.0001212,ok,"Solna Folkets Hus, 2, Skytteholmsvägen, Skytteholm, Solna kommun, Stockholms län, 171 25, Sverige",,,,
"Sjödalstorget 1, 141 47 Huddinge",,Kulturhus/aktivitets-/föreningshus,Huddinge kulturhus,"Sjödalstorget 1, 141 47 Huddinge",59.2357021,17.9816118,ok,"Sjödalstorget, Solgård, Fullersta, Huddinge, Huddinge kommun, Stockholms län, 141 47, Sverige",,,,
"Sjödalsvägen 46, 141 46 Huddinge",,Kulturhus/aktivitets-/föreningshus,Kultopia,"Sjödalsvägen 46, 141 46 Huddinge",59.2308893,17.9929396,ok,"Huset, 46, Sjödalsvägen, Sörskogen, Sjödalen, Huddinge, Huddinge kommun, Stockholms län, 141 46, Sverige",,,,
Baldersgatan 14,,Kulturhus/aktivitets-/föreningshus,Aktivitetshus magasinet,"Baldersgatan 14, Stockholm",59.3456945,18.0691001,ok,"14, Baldersgatan, Lärkstaden, Östermalm, Norra innerstadens stadsdelsområde, Stockholm, Stockholms kommun, Stockholms län, 100 41, Sverige",,,,
Skolvägen 2,,Kulturhus/aktivitets-/föreningshus,Ungkulturhuset Vega,"Skolvägen 2, Stockholm",59.4765306,17.745402,ok,"2, Skolvägen, Kungsängen, Upplands-Bro kommun, Stockholms län, 196 30, Sverige",,,,
Hammarbyvägen 16,,Kulturhus/aktivitets-/föreningshus,Kultur i Sigma,"Hammarbyvägen 16, Stockholm",59.525553,17.9153537,ok,"Eklunds Bowling, 16, Hammarbyvägen, Väsbyskogen, Vilunda, Upplands Väsby, Upplands Väsby kommun, Stockholms län, 194 36, Sverige",,,,
Allévägen 1,,Kulturhus/aktivitets-/föreningshus,Vallentuna kulturhus och bibliotek,"Allévägen 1, Stockholm",59.3294707,17.9763549,ok,"1, Allévägen, Äppelviken, Bromma stadsdelsområde, Stockholm, Stockholms kommun, Stockholms län, 167 52, Sverige",,,,
Gamla Norrtäljevägen 791,,Kulturhus/aktivitets-/föreningshus,Kvarnstugan i Brottby,Gamla Norrtäljevägen 791,59.6868171,18.3700151,ok,"Gamla Norrtäljevägen, Hasselbacken, Norrtälje kommun, Stockholms län, 762 93, Sverige",,,,
Lindholmsvägen 245,,Kulturhus/aktivitets-/föreningshus,Orkesta hembygdsgård,"Lindholmsvägen 245, Stockholm",59.4616403,18.3131651,ok,"Lindholmsvägen, Margretelundsparken, Österskär, Österåkers kommun, Stockholms län, 184 52, Sverige",,,,
Gymnasievägen 4B,,Kulturhus/aktivitets-/föreningshus,Vallentuna teater,"Gymnasievägen 4B, Stockholm",59.2423137,17.999197,ok,"Gymnasievägen, Kvarnbergsplan, Sjödalen, Huddinge, Huddinge kommun, Stockholms län, 141 48, Sverige",,,,
Vadavägen 1C,,Kulturhus/aktivitets-/föreningshus,KUBen,"Vadavägen 1C, Stockholm",59.5610075,18.2205292,ok,"Karby bibliotek, 1C, Vadavägen, Karby, Vallentuna kommun, Stockholms län, 186 70, Sverige",,,,
Ekskogenvägen 32,,Kulturhus/aktivitets-/föreningshus,Kårsta-Ekskogens bygdegård,"Ekskogenvägen 32, Stockholm",59.6412864,18.2260554,ok,"Ekskogenvägen, Västanberga, Ekskogen, Vallentuna kommun, Stockholms län, 186 96, Sverige",,,,
"Furuhällsplan 1, 19640 Kungsängen",,Kulturhus/aktivitets-/föreningshus,Kulturhuset i Kungsängen,"Furuhällsplan 1, 19640 Kungsängen",59.478449,17.7513474,ok,"1, Furuhällsplan, Kungsängen, Upplands-Bro kommun, Stockholms län, 196 40, Sverige",,,,
,,Kulturhus/aktivitets-/föreningshus,Kulturhuset,,,,empty_address,,,,,
,,Kulturhus/aktivitets-/föreningshus,Skarpnäcks kulturhus,,,,empty_address,,,,,
,,Kulturhus/aktivitets-/föreningshus,Cyklopen,,,,empty_address,,,,,
,,Kulturhus/aktivitets-/föreningshus,Alviks medborgarhus,,,,empty_address,,,,,
,,Kulturhus/aktivitets-/föreningshus,Trappan Vällingby,,,,empty_address,,,,,
,,Kulturhus/aktivitets-/föreningshus,Skärholmens kulturhus,,,,empty_address,,,,,
,,Kulturhus/aktivitets-/föreningshus,Östberga kulturhus,,,,empty_address,,,,,
,,Kulturhus/aktivitets-/föreningshus,Husby kulturhus,,,,empty_address,,,,,
,,Kulturhus/aktivitets-/föreningshus,Kulturhuset Fanfaren,,,,empty_address,,,,,
,,Kulturhus/aktivitets-/föreningshus,Ahlby Säteri,,,,empty_address,,,,,
Sturegatan 10,,Kulturhus/aktivitets-/föreningshus,Allaktivitetshus,"Sturegatan 10, Stockholm",59.337239,18.0739453,ok,"10, Sturegatan, Villastaden, Östermalm, Norra innerstadens stadsdelsområde, Stockholm, Stockholms kommun, Stockholms län, 114 36, Sverige",,,,
Milstensvägen 52,,Kulturhus/aktivitets-/föreningshus,Aktivitetshus Milot,"Milstensvägen 52, Stockholm",59.3863896,17.9588085,ok,"Milot Aktivitetshuset, 52, Milstensvägen, Lilla Ursvik, Sundbybergs kommun, Stockholms län, 174 46, Sverige",,,,
Sturegatan 12,,Kulturhus/aktivitets-/föreningshus,Folkets hus,"Sturegatan 12, Stockholm",59.3374639,18.0741255,ok,"12, Sturegatan, Villastaden, Östermalm, Norra innerstadens stadsdelsområde, Stockholm, Stockholms kommun, Stockholms län, 114 37, Sverige",,,,
Pluggvägen 6 B–C,,Kulturhus/aktivitets-/föreningshus,Kulturcentrum Kvarnhjulet,"Pluggvägen 6 B–C, Stockholm",59.2410294,18.2272193,ok,"Pluggvägen, Bollmora, Tyresö kommun, Stockholms län, 135 45, Sverige",,,,
"Hurtigs torg 2, 137 64 Jordbro",,Kulturhus/aktivitets-/föreningshus,Aktivitetshuset Nästa Jordbro,"Hurtigs torg 2, 137 64 Jordbro",59.1413976,18.1323709,ok,"Jordbro vårdcentral, 2, Hurtigs Torg, Jordbro, Haninge kommun, Stockholms län, 137 64, Sverige",,,,
"Handenterminalen 2, plan 10, 136 40 Handen",,Kulturhus/aktivitets-/föreningshus,FreeZone,"Handenterminalen 2, plan 10, 136 40 Handen",,,not_found,,,,,
"Poseidons torg 8, 139 46 Handen",,Kulturhus/aktivitets-/föreningshus,Haninges kulturhus,"Poseidons torg 8, 139 46 Handen",59.1672538,18.1393391,ok,"Poseidons Torg, Handen, Haninge kommun, Stockholms län, 136 43, Sverige",,,,
"Vega Allé 61, 136 57 Vega",,Kulturhus/aktivitets-/föreningshus,Vega skola och aktivitetshus,"Vega Allé 61, 136 57 Vega",59.1851633,18.1339744,ok,"Café Vega, 61, Vega Allé, Mellanberg, Vega, Haninge kommun, Stockholms län, 136 57, Sverige",,,,
Vega Allé 61,,Kulturhus/aktivitets-/föreningshus,Vega skola och aktivitetshus,"Vega Allé 61, Stockholm",59.1852368,18.1340279,ok,"61, Vega Allé, Mellanberg, Vega, Haninge kommun, Stockholms län, 136 57, Sverige",,,,
Vega Allé 61,,Kulturhus/aktivitets-/föreningshus,Vega skola och aktivitetshus – Kulturrum Blackbox,"Vega Allé 61, Stockholm",59.1852368,18.1340279,ok,"61, Vega Allé, Mellanberg, Vega, Haninge kommun, Stockholms län, 136 57, Sverige",,,,
Runstensvägen 13,,Kulturhus/aktivitets-/föreningshus,"Träffpunkt Tallhöjden ""Samlingssalen""","Runstensvägen 13, Stockholm",59.1718953,18.1426759,ok,"13, Runstensvägen, Mellanberg, Handen, Haninge kommun, Stockholms län, 136 38, Sverige",,,,
"Rudansvägen 55, 136 50 Handen",,Kulturhus/aktivitets-/föreningshus,Rudans friluftsområde,"Rudansvägen 55, 136 50 Handen",,,not_found,,,,,
Jungfruns gata 419,,Kulturhus/aktivitets-/föreningshus,Träffpunkt Brandbergen,"Jungfruns gata 419, Stockholm",59.1722232,18.1685657,ok,"Jungfruns gata, Brandbergen, Handen, Haninge kommun, Stockholms län, 136 60, Sverige",,,,
Odinsvägen 20,,Kulturhus/aktivitets-/föreningshus,Träffpunkt Dalarö,"Odinsvägen 20, Stockholm",59.1373302,18.4145616,ok,"Odinsvägen, Schweizerdalen, Dalarö, Haninge kommun, Stockholms län, 137 71, Sverige",,,,
Vega Allé 61,,Kulturhus/aktivitets-/föreningshus,Vega skola och aktivitetshus – Kompassen,"Vega Allé 61, Stockholm",59.1852368,18.1340279,ok,"61, Vega Allé, Mellanberg, Vega, Haninge kommun, Stockholms län, 136 57, Sverige",,,,
Vega Allé 61,,Kulturhus/aktivitets-/föreningshus,Vega skola och aktivitetshus – Matsalen,"Vega Allé 61, Stockholm",59.1852368,18.1340279,ok,"61, Vega Allé, Mellanberg, Vega, Haninge kommun, Stockholms län, 136 57, Sverige",,,,
Vega Allé 61,,Kulturhus/aktivitets-/föreningshus,Vega skola och aktivitetshus – Matstudion,"Vega Allé 61, Stockholm",59.1852368,18.1340279,ok,"61, Vega Allé, Mellanberg, Vega, Haninge kommun, Stockholms län, 136 57, Sverige",,,,
Vega Allé 61,,Kulturhus/aktivitets-/föreningshus,Vega skola och aktivitetshus – Nordenskiöld Workshoprum,"Vega Allé 61, Stockholm",59.1852368,18.1340279,ok,"61, Vega Allé, Mellanberg, Vega, Haninge kommun, Stockholms län, 136 57, Sverige",,,,
Vendelsö Skolväg 124,,Kulturhus/aktivitets-/föreningshus,Träffpunkt Djurgårdsplan,"Vendelsö Skolväg 124, Stockholm",59.1925898,18.1861168,ok,"124, Vendelsö skolväg, Dalen, Söderby, Handen, Haninge kommun, Stockholms län, 136 71, Sverige",,,,
Vega Allé 61,,Kulturhus/aktivitets-/föreningshus,Vega skola och aktivitetshus – Tågrummet,"Vega Allé 61, Stockholm",59.1852368,18.1340279,ok,"61, Vega Allé, Mellanberg, Vega, Haninge kommun, Stockholms län, 136 57, Sverige",,,,
Södra Jordbrovägen 25,,Kulturhus/aktivitets-/föreningshus,Träffpunkt Jordbro,"Södra Jordbrovägen 25, Stockholm",59.1423913,18.1289387,ok,"25, Södra Jordbrovägen, Jordbro, Haninge kommun, Stockholms län, 137 64, Sverige",,,,
Runstensvägen 13,,Kulturhus/aktivitets-/föreningshus,"Träffpunkt Tallhöjden ""Höjden""","Runstensvägen 13, Stockholm",59.1718953,18.1426759,ok,"13, Runstensvägen, Mellanberg, Handen, Haninge kommun, Stockholms län, 136 38, Sverige",,,,
Vega Allé 61,,Kulturhus/aktivitets-/föreningshus,Vega skola och aktivitetshus – Segelkojen,"Vega Allé 61, Stockholm",59.1852368,18.1340279,ok,"61, Vega Allé, Mellanberg, Vega, Haninge kommun, Stockholms län, 136 57, Sverige",,,,
Gabrielstorp 107,,Kulturhus/aktivitets-/föreningshus,Torö Skola,"Gabrielstorp 107, Stockholm",58.8259417,17.8366013,ok,"Gabrielstorp, Nynäshamns kommun, Stockholms län, 149 92, Sverige",,,,
Storbygården 3,,Kulturhus/aktivitets-/föreningshus,Torö Hembygdsförening,"Storbygården 3, Stockholm",58.8446526,17.8205341,ok,"Storbygården, Nynäshamns kommun, Stockholms län, 149 92, Sverige",,,,
Villagatan 5,,Kulturhus/aktivitets-/föreningshus,Stockholm Nynäs Järnvägs Kamratförening,"Villagatan 5, Stockholm",59.3421909,18.07298,ok,"5, Villagatan, Villastaden, Östermalm, Norra innerstadens stadsdelsområde, Stockholm, Stockholms kommun, Stockholms län, 114 32, Sverige",,,,
,,Kulturhus/aktivitets-/föreningshus,Lisö Bygdegård,,,,empty_address,,,,,
Hantverksvägen 2,,Kulturhus/aktivitets-/föreningshus,Assyriska kulturhuset,"Hantverksvägen 2, Stockholm",59.1823562,17.5830508,ok,"Hantverksvägen, Hovsjö industriområde, Hovsjö, Södertälje, Södertälje kommun, Stockholms län, 151 65, Sverige",,,,
Turingevägen 9,,Kulturhus/aktivitets-/föreningshus,Gula Villan,"Turingevägen 9, Stockholm",59.2715397,18.0212498,ok,"Turingevägen, Älvsjö, Enskede-Årsta-Vantörs stadsdelsområde, Stockholm, Stockholms kommun, Stockholms län, 125 43, Sverige",,,,
Engelbrektsvägen 47,,Kulturhus/aktivitets-/föreningshus,Huset på höjden,"Engelbrektsvägen 47, Stockholm",59.5375953,18.0928498,ok,"47-51, Engelbrektsvägen, Ormsta, Vallentuna, Vallentuna kommun, Stockholms län, 186 46, Sverige",,,,
Wilhelm Boys väg 21,,Kulturhus/aktivitets-/föreningshus,Gamla Stäketskolan,"Wilhelm Boys väg 21, Stockholm",59.4726565,17.806717,ok,"21, Wilhelm Boys väg, Kolarängen, Nyboda, Stäket, Järfälla kommun, Stockholms län, 176 75, Sverige",,,,
Ulvsättra gård,,Kulturhus/aktivitets-/föreningshus,Ulvsättra gård,"Ulvsättra gård, Stockholm",,,not_found,,,,,
"Tyra Lundgrensväg 19, 134 40 Gustavsberg",,Kulturhus/aktivitets-/föreningshus,Värmdö kulturhus,"Tyra Lundgrensväg 19, 134 40 Gustavsberg",59.3234004,18.3816051,ok,"Tyra Lundgrens väg, Charlottendal, Gustavsberg, Värmdö kommun, Stockholms län, 134 52, Sverige",,,,
"Länsväg 694, 130 43 Möja",,Kulturhus/aktivitets-/föreningshus,Möja dansbana,"Länsväg 694, 130 43 Möja",59.4083315,18.886452,ok,"SAT Möja, Länsväg 694, Källa strand, Berg, Värmdö kommun, Stockholms län, 130 43, Sverige",,,,
"Sollenkrokavägen 41, 139 73 Djurhamn",,Kulturhus/aktivitets-/föreningshus,Djurö kulturhus,"Sollenkrokavägen 41, 139 73 Djurhamn",,,not_found,,,,,
"Blekängsvägen 14, Gustavsberg",,Kulturhus/aktivitets-/föreningshus,Centrumhuset,"Blekängsvägen 14, Gustavsberg",59.3281493,18.392444,ok,"Blekängsvägen, Gustavsbergs centrum, Gustavsberg, Värmdö kommun, Stockholms län, 134 30, Sverige",,,,
